43.807999 0.204216 0.000000 0.460000
124.952003 0.616096 0.000000 0.840000
150.703995 0.616096 0.000000 0.840000
150.735992 1.451725 0.000000 1.460000
178.072006 1.863764 0.000000 1.840000
193.376007 1.863764 0.000000 1.840000
193.408005 2.068244 0.000000 2.460000
199.936005 2.068244 0.000000 2.840000
211.223999 2.068244 0.000000 2.840000
248.352005 2.688860 0.000000 3.460000
256.615997 3.310950 0.000000 3.840000
266.895996 3.310950 0.000000 3.840000
285.944000 3.719206 0.000000 4.460000
295.312012 4.128536 0.000000 4.840000
297.920013 4.128536 0.000000 4.840000
306.335999 4.533494 104.357849 5.460000
314.679993 4.734232 104.357849 5.840000
317.488007 4.734232 104.357849 5.840000
319.567993 4.734232 104.357849 6.460000
326.615997 5.141563 104.357849 6.840000
331.656006 5.141563 104.357849 6.840000
332.944000 5.745782 104.357849 7.460000
337.847992 6.157040 104.357849 7.840000
343.144012 6.157040 104.357849 7.850000
345.287994 6.565891 104.357849 8.460000
348.855988 6.974629 104.357849 8.840000
353.320007 6.974629 104.357849 8.850000
355.088013 7.595115 104.357849 9.460000
358.888000 8.002427 104.357849 9.840000
363.295990 8.002427 104.357849 9.850000
364.112000 8.412372 104.357849 10.460000
366.936005 8.818792 104.357849 10.830000
371.295990 8.818792 104.357849 10.850000
372.144012 9.437657 104.357849 11.460000
375.015991 9.854733 104.357849 11.830000
379.079987 9.854733 104.357849 11.830000
380.144012 10.476485 104.357849 12.460000
383.096008 10.888550 104.357849 12.840000
387.256012 10.888550 104.357849 12.850000
388.328003 11.299413 104.357849 13.460000
391.295990 11.714044 104.357849 13.840000
394.687988 11.714044 104.357849 13.850000
396.000000 12.331139 104.357849 14.460000
398.864014 12.734368 104.357849 14.840000
402.023987 12.734368 104.357849 14.850000
403.511993 12.938838 52.783463 15.460000
405.735992 13.140401 52.783463 15.840000
408.903992 13.140401 52.783463 15.850000
409.984009 13.342808 52.783463 16.459999
411.976013 13.755554 52.783463 16.830000
414.735992 13.755554 52.783463 16.850000
415.768005 14.370522 52.783463 17.459999
418.183990 14.577400 52.783463 17.840000
420.911987 14.577400 52.783463 17.850000
423.488007 15.189500 52.783463 18.459999
426.119995 15.599457 52.783463 18.840000
429.559998 15.599457 52.783463 18.850000
430.679993 16.209784 52.783463 19.450001
432.600006 16.410437 52.783463 19.840000
437.608002 16.410437 52.783463 19.850000
438.799988 17.015985 52.783463 20.459999
440.855988 17.425997 52.783463 20.840000
448.911987 17.425997 52.783463 20.850000
449.847992 18.047379 52.783463 21.459999
451.824005 18.256496 52.783463 21.840000
458.743988 18.462063 52.783463 21.850000
459.471985 18.871696 52.783463 22.459999
461.608002 19.279217 52.783463 22.840000
465.112000 19.279217 52.783463 22.850000
465.519989 19.889189 52.783463 23.459999
467.536011 20.093018 52.783463 23.840000
470.440002 20.093018 52.783463 23.850000
470.936005 20.714317 52.783463 24.459999
472.992004 21.126883 52.783463 24.840000
475.247986 21.126883 52.783463 24.850000
475.768005 21.745045 52.783463 25.459999
477.720001 21.949013 49.373615 25.840000
479.735992 21.949013 49.373615 25.850000
480.567993 22.150290 49.373615 26.459999
482.519989 22.353535 49.373615 26.840000
485.023987 22.353535 49.373615 26.850000
485.808014 22.758221 49.373615 27.459999
487.407990 23.169209 49.373615 27.840000
489.071991 23.169209 49.373615 27.850000
489.976013 23.778730 49.373615 28.459999
491.712006 24.191093 49.373615 28.840000
493.351990 24.191093 49.373615 28.850000
494.407990 24.804955 49.373615 29.459999
495.640015 25.217449 49.373615 29.840000
497.584015 25.217449 49.373615 29.850000
497.808014 25.626966 49.373615 30.459999
499.544006 26.033188 49.373615 30.840000
501.200012 26.033188 49.373615 30.850000
501.440002 26.652891 49.373615 31.459999
503.496002 27.062078 49.373615 31.840000
505.071991 27.062078 49.373615 31.850000
505.432007 27.473406 49.373615 32.459999
507.320007 27.874027 49.373615 32.840000
508.791992 27.874027 49.373615 32.849998
509.048004 28.495535 49.373615 33.459999
510.808014 28.901945 49.373615 33.840000
512.736023 28.901945 49.373615 33.849998
513.064026 29.509626 49.373615 34.459999
514.848022 29.713875 49.373615 34.840000
516.664001 29.713875 49.373615 34.849998
517.000000 30.327021 49.373615 35.459999
519.064026 30.734861 49.373615 35.840000
520.184021 30.734861 49.373615 35.849998
520.495972 30.936285 38.768894 36.459999
522.239990 31.136871 38.768894 36.840000
523.799988 31.136871 38.768894 36.849998
524.607971 31.544174 38.768894 37.459999
526.208008 31.744270 38.768894 37.840000
527.255981 31.744270 38.768894 37.849998
528.007996 32.364140 38.768894 38.459999
530.031982 32.773956 38.768894 38.840000
531.960022 32.773956 38.768894 38.849998
532.271973 33.395451 38.768894 39.459999
534.455994 33.602623 38.768894 39.840000
535.776001 33.602623 38.768894 39.849998
536.039978 34.220966 38.768894 40.459999
538.159973 34.627323 38.768894 40.830002
539.176025 34.627323 38.768894 40.849998
539.383972 35.238525 38.768894 41.459999
540.984009 35.646942 38.768894 41.840000
542.559998 35.646942 38.768894 41.849998
542.815979 36.262276 38.768894 42.459999
544.984009 36.470940 38.768894 42.840000
546.943970 36.470940 38.768894 42.849998
547.239990 37.078060 38.768894 43.459999
549.552002 37.489479 38.768894 43.840000
551.392029 37.489479 38.768894 43.849998
551.895996 38.101967 38.768894 44.459999
554.104004 38.310284 38.768894 44.840000
555.864014 38.310284 38.768894 44.849998
556.247986 38.718929 50.851818 45.459999
559.168030 38.718929 50.851818 45.840000
561.359985 38.718929 50.851818 45.849998
561.783997 39.126041 50.851818 46.459999
563.911987 39.534142 50.851818 46.840000
566.184021 39.534142 50.851818 46.849998
567.104004 40.152409 50.851818 47.459999
570.343994 40.562790 50.851818 47.840000
573.583984 40.562790 50.851818 47.849998
574.408020 40.975063 50.851818 48.459999
577.752014 41.384167 50.851818 48.830002
581.903992 41.384167 50.851818 48.849998
584.159973 41.999527 50.851818 49.459999
587.888000 42.207203 50.851818 49.840000
592.504028 42.207203 50.851818 49.849998
595.080017 42.820976 50.851818 50.459999
601.247986 43.230782 50.851818 50.840000
604.056030 43.230782 50.851818 50.849998
606.112000 43.639538 50.851818 51.459999
614.848022 44.047417 50.851818 51.840000
618.088013 44.047417 50.851818 51.849998
618.799988 44.657738 50.851818 52.459999
625.656006 45.066872 50.851818 52.849998
628.312012 45.066872 50.851818 52.860001
628.552002 45.683331 50.851818 53.459999
638.359985 46.089821 50.851818 53.840000
641.351990 46.089821 50.851818 53.840000
641.375977 46.498180 50.851818 54.459999
648.216003 46.899273 89.399399 54.840000
650.664001 46.899273 89.399399 54.849998
651.127991 47.100262 89.399399 55.459999
654.296021 47.100262 89.399399 55.840000
658.424011 47.100262 89.399399 55.849998
658.848022 47.714645 89.399399 56.459999
661.799988 47.917160 89.399399 56.840000
664.583984 47.917160 89.399399 56.849998
664.695984 48.540504 89.399399 57.459999
667.968018 48.958141 89.399399 57.849998
669.880005 48.958141 89.399399 57.849998
670.088013 49.572720 89.399399 58.459999
673.231995 49.990257 89.399399 58.840000
675.096008 49.990257 89.399399 58.849998
675.192017 50.602303 89.399399 59.459999
678.512024 51.007507 89.399399 59.840000
680.263977 51.007507 89.399399 59.849998
680.416016 51.418358 89.399399 60.459999
683.104004 51.833340 89.399399 60.840000
684.935974 51.833340 89.399399 60.849998
685.135986 52.441086 89.399399 61.459999
688.072021 52.843483 89.399399 61.840000
690.119995 52.843483 89.399399 61.849998
690.304016 53.455681 89.399399 62.459999
692.575989 53.659428 89.399399 62.840000
695.080017 53.659428 89.399399 62.860001
695.184021 54.271797 89.399399 63.459999
697.104004 54.678982 89.399399 63.840000
699.400024 54.678982 89.399399 63.849998
699.552002 55.297981 89.399399 64.459999
701.919983 55.502415 89.399399 64.839996
703.624023 55.502415 89.399399 64.849998
703.856018 56.113762 89.399399 65.459999
707.312012 56.521667 89.399399 65.839996
709.776001 56.521667 89.399399 65.849998
710.231995 56.722610 78.017784 66.459999
712.567993 56.722610 78.017784 66.849998
715.455994 56.722610 78.017784 66.849998
716.056030 57.334812 78.017784 67.459999
718.807983 57.543465 78.017784 67.849998
722.168030 57.543465 78.017784 67.849998
722.351990 58.156605 78.017784 68.459999
728.455994 58.568310 78.017784 68.839996
735.455994 58.568310 78.017784 68.849998
735.607971 59.173611 78.017784 69.459999
741.416016 59.585354 78.017784 69.839996
756.015991 59.585354 78.017784 69.860001
756.216003 60.001904 78.017784 70.459999
761.567993 60.411980 78.017784 70.849998
776.143982 60.411980 78.017784 70.860001
776.255981 61.026638 78.017784 71.459999
778.679993 61.229271 78.017784 71.849998
788.096008 61.436089 78.017784 71.860001
788.343994 61.838612 78.017784 72.459999
796.031982 62.243603 78.017784 72.849998
805.815979 62.243603 78.017784 72.860001
805.831970 62.860783 78.017784 73.459999
817.711975 63.273914 78.017784 73.849998
825.495972 63.273914 78.017784 73.860001
825.544006 63.895245 78.017784 74.459999
833.687988 64.096336 78.017784 74.849998
840.400024 64.096336 78.017784 74.860001
840.479980 64.709930 78.017784 75.459999
845.151978 65.110977 78.017784 75.849998
852.648010 65.110977 78.017784 75.860001
853.296021 65.728470 78.017784 76.459999
857.711975 65.935005 73.594612 76.849998
861.247986 65.935005 73.594612 76.860001
861.432007 66.140678 73.594612 77.459999
864.831970 66.550316 73.594612 77.849998
867.976013 66.550316 73.594612 77.849998
868.015991 67.174911 73.594612 78.449997
870.216003 67.585602 73.594612 78.849998
873.223999 67.585602 73.594612 78.860001
873.375977 67.997444 73.594612 79.459999
875.375977 68.409027 73.594612 79.849998
880.567993 68.409027 73.594612 79.860001
880.648010 69.018700 73.594612 80.459999
882.367981 69.226357 73.594612 80.849998
887.919983 69.226357 73.594612 80.860001
887.952026 69.839752 73.594612 81.459999
888.640015 70.251442 73.594612 81.849998
895.119995 70.251442 73.594612 81.860001
895.192017 70.855576 73.594612 82.459999
895.823975 71.056313 73.594612 82.849998
901.223999 71.056313 73.594612 82.860001
901.375977 71.666977 73.594612 83.459999
901.640015 72.073334 73.594612 83.849998
905.023987 72.073334 73.594612 83.860001
905.104004 72.479179 73.594612 84.459999
905.184021 72.683235 73.594612 84.849998
910.664001 72.683235 73.594612 84.860001
911.440002 73.293076 73.594612 85.459999
911.512024 73.703751 73.594612 85.849998
920.840027 73.703751 73.594612 85.860001
921.271973 74.326912 73.594612 86.459999
921.343994 74.530418 73.594612 86.849998
932.328003 74.530418 73.594612 86.860001
932.383972 75.146011 73.594612 87.459999
932.583984 75.354134 91.547905 87.849998
943.408020 75.354134 91.547905 87.860001
943.471985 75.558746 91.547905 88.459999
944.776001 75.558746 91.547905 88.849998
952.711975 75.763748 91.547905 88.860001
952.791992 76.173973 91.547905 89.459999
954.056030 76.583237 91.547905 89.849998
959.351990 76.583237 91.547905 89.860001
959.383972 77.204765 91.547905 90.459999
960.687988 77.617241 91.547905 90.849998
965.328003 77.617241 91.547905 90.860001
965.471985 78.229622 91.547905 91.459999
966.911987 78.646660 91.547905 91.849998
972.504028 78.646660 91.547905 91.860001
972.599976 79.054321 91.547905 92.459999
973.776001 79.464928 91.547905 92.849998
977.591980 79.464928 91.547905 92.860001
977.840027 80.077675 91.547905 93.459999
979.520020 80.488472 91.547905 93.849998
982.695984 80.488472 91.547905 93.860001
982.783997 81.103241 91.547905 94.459999
983.927979 81.512283 91.547905 94.849998
986.367981 81.512283 91.547905 94.860001
987.143982 81.920425 91.547905 95.459999
987.591980 82.325745 91.547905 95.849998
991.919983 82.325745 91.547905 95.860001
992.104004 82.943665 91.547905 96.459999
992.168030 83.353249 91.547905 96.849998
997.919983 83.353249 91.547905 96.860001
998.080017 83.556084 65.059143 97.459999
998.328003 83.556084 65.059143 97.849998
1007.359985 83.556084 65.059143 97.860001
1007.424011 83.961349 65.059143 98.459999
1007.664001 84.377258 65.059143 98.849998
1019.648010 84.377258 65.059143 98.860001
1019.848022 84.997963 65.059143 99.459999
1020.255981 85.408478 65.059143 99.849998
1028.112061 85.408478 65.059143 99.860001
1028.384033 85.817253 69.020523 100.459999
1029.072021 85.817253 69.020523 100.849998
1035.271973 85.817253 69.020523 100.870003
1035.488037 86.018242 69.020523 101.459999
1035.807983 86.425285 69.020523 101.849998
1041.680054 86.425285 69.020523 101.860001
1041.887939 87.036697 69.020523 102.459999
1041.943970 87.448402 69.020523 102.849998
1047.943970 87.448402 69.020523 102.860001
1048.271973 88.065796 69.020523 103.459999
1048.520020 88.267349 69.020523 103.849998
1053.072021 88.267349 69.020523 103.860001
1053.287964 88.877121 69.020523 104.459999
1053.816040 89.283257 69.020523 104.849998
1056.423950 89.283257 69.020523 104.860001
1056.952026 89.687874 69.020523 105.459999
1057.192017 90.096100 69.020523 105.839996
1059.047974 90.096100 69.020523 105.860001
1059.520020 90.710602 69.020523 106.459999
1059.552002 91.118500 69.020523 106.849998
1061.199951 91.118500 69.020523 106.860001
1061.319946 91.524986 69.020523 107.459999
1061.328003 91.935654 69.020523 107.849998
1065.560059 91.935654 69.020523 107.860001
1065.696045 92.553040 69.020523 108.459999
1065.719971 92.969177 69.020523 108.849998
1070.280029 92.969177 69.020523 108.860001
1070.456055 93.370270 69.020523 109.459999
1070.567993 93.775742 69.020523 109.849998
1081.287964 93.775742 69.020523 109.860001
1081.543945 94.390732 69.020523 110.459999
1081.895996 94.390732 60.043571 110.849998
1090.223999 94.390732 60.043571 110.860001
1090.472046 94.591209 60.043571 111.459999
1090.728027 94.997238 60.043571 111.849998
1097.400024 94.997238 60.043571 111.860001
1097.871948 95.614273 60.043571 112.459999
1098.144043 96.016891 60.043571 112.860001
1101.887939 96.016891 60.043571 112.860001
1102.911987 96.628571 60.043571 113.459999
1103.079956 96.832214 60.043571 113.849998
1103.479980 96.832214 60.043571 113.860001
1106.128052 97.448578 60.043571 114.459999
1106.199951 97.853333 60.043571 114.849998
1106.696045 97.853333 60.043571 114.860001
1108.959961 98.475960 60.043571 115.459999
1109.144043 98.680069 60.043571 115.860001
1110.208008 98.680069 60.043571 115.860001
1113.303955 99.303291 60.043571 116.459999
1113.416016 99.711838 60.043571 116.849998
1114.303955 99.711838 60.043571 116.849998
1116.927979 100.318970 60.043571 117.449997
1117.008057 100.527771 60.043571 117.849998
1119.911987 100.527771 60.043571 117.860001
1122.183960 101.133026 60.043571 118.459999
1122.280029 101.543396 60.043571 118.849998
1133.128052 101.543396 60.043571 118.870003
1135.463989 102.165176 60.043571 119.459999
1135.680054 102.370056 57.434761 119.849998
1162.375977 102.370056 57.434761 119.860001
1163.160034 102.570251 57.434761 120.459999
1163.239990 102.774559 57.434761 120.860001
1179.000000 102.774559 57.434761 120.860001
1179.352051 103.181503 57.434761 121.459999
1179.479980 103.588158 57.434761 121.849998
1189.319946 103.588158 57.434761 121.849998
1189.784058 104.204964 57.434761 122.459999
1189.855957 104.620232 57.434761 122.860001
1193.047974 104.620232 57.434761 122.860001
1193.592041 105.026878 57.434761 123.459999
1193.696045 105.436234 57.434761 123.860001
1195.312012 105.436234 57.434761 123.860001
1196.416016 106.050682 57.434761 124.459999
1196.432007 106.459351 57.434761 124.860001
1198.631958 106.459351 57.434761 124.860001
1199.567993 106.870117 57.434761 125.459999
1199.592041 107.281593 57.434761 125.860001
1199.776001 107.281593 57.434761 125.860001
1200.791992 107.886482 57.434761 126.459999
1200.855957 108.300095 57.434761 126.860001
1201.439941 108.300095 57.434761 126.860001
1202.391968 108.921867 57.434761 127.459999
1202.432007 109.329826 57.434761 127.860001
1206.864014 109.329826 57.434761 127.870003
1207.712036 109.955399 57.434761 128.460007
1207.791992 110.157204 85.163559 128.860001
1211.407959 110.157204 85.163559 128.860001
1212.567993 110.358055 85.163559 129.460007
1212.583984 110.558807 85.163559 129.860001
1215.472046 110.558807 85.163559 129.860001
1217.319946 110.975349 85.163559 130.460007
1217.359985 111.387947 85.163559 130.860001
1220.015991 111.387947 85.163559 130.869995
1221.135986 112.003471 85.163559 131.460007
1221.176025 112.413223 85.163559 131.860001
1223.223999 112.413223 85.163559 131.860001
1224.040039 113.026680 85.163559 132.460007
1224.088013 113.232216 85.163559 132.860001
1225.560059 113.232216 85.163559 132.860001
1226.368042 113.841743 85.163559 133.460007
1226.391968 114.255089 85.163559 133.860001
1227.848022 114.255089 85.163559 133.860001
1228.495972 114.871895 85.163559 134.460007
1228.511963 115.280296 85.163559 134.860001
1230.192017 115.280296 85.163559 134.860001
1231.000000 115.693367 85.163559 135.460007
1231.047974 116.110077 85.163559 135.860001
1233.895996 116.110077 85.163559 135.869995
1234.352051 116.720123 85.163559 136.460007
1234.416016 117.128479 85.163559 136.860001
1240.520020 117.128479 85.163559 136.869995
1240.927979 117.542114 85.163559 137.460007
1241.088013 117.948997 85.163559 137.860001
1247.864014 117.948997 85.163559 137.860001
1248.599976 118.567780 85.163559 138.460007
1248.680054 118.970596 38.951962 138.860001
1251.047974 118.970596 38.951962 138.860001
1251.456055 118.970596 38.951962 139.460007
1251.504028 119.171143 38.951962 139.860001
1253.223999 119.171143 38.951962 139.869995
1253.663940 119.585045 38.951962 140.449997
1253.952026 119.986839 38.951962 140.860001
1255.336060 119.986839 38.951962 140.860001
1255.823975 120.592918 38.951962 141.460007
1256.719971 121.001434 38.951962 141.869995
1257.583984 121.001434 38.951962 141.869995
1259.776001 121.620949 38.951962 142.460007
1260.079956 122.027382 38.951962 142.860001
1260.640015 122.027382 38.951962 142.860001
1263.536011 122.439758 38.951962 143.460007
1263.567993 122.851425 38.951962 143.869995
1264.095947 122.851425 38.951962 143.869995
1265.712036 123.464500 38.951962 144.460007
1265.751953 123.871101 38.951962 144.860001
1266.319946 123.871101 38.951962 144.860001
1267.968018 124.278954 38.951962 145.460007
1268.000000 124.685356 38.951962 145.860001
1268.463989 124.685356 38.951962 145.860001
1270.239990 125.298080 38.951962 146.460007
1270.280029 125.709213 38.951962 146.860001
1270.719971 125.709213 38.951962 146.860001
1272.303955 126.324043 38.951962 147.460007
1272.312012 126.728767 38.951962 147.860001
1272.479980 126.728767 38.951962 147.860001
1273.312012 127.143562 44.582634 148.470001
1273.336060 127.143562 44.582634 148.860001
1273.447998 127.143562 44.582634 148.860001
1273.864014 127.344643 44.582634 149.460007
1273.920044 127.751175 44.582634 149.860001
1274.072021 127.751175 44.582634 149.860001
1274.287964 128.362320 44.582634 150.460007
1274.303955 128.774048 44.582634 150.860001
1274.416016 128.774048 44.582634 150.860001
1274.735962 129.387802 44.582634 151.470001
1274.839966 129.808044 44.582634 151.860001
1274.871948 129.808044 44.582634 151.860001
1275.855957 130.210464 44.582634 152.460007
1275.895996 130.630508 44.582634 152.860001
1276.024048 130.630508 44.582634 152.860001
1278.079956 131.244385 44.582634 153.460007
1278.112061 131.659378 44.582634 153.860001
1278.183960 131.659378 44.582634 153.860001
1280.671997 132.070831 44.582634 154.470001
1280.687988 132.480331 44.582634 154.860001
1280.952026 132.480331 44.582634 154.860001
1284.271973 133.094833 44.582634 155.460007
1284.271973 133.505142 44.582634 155.860001
1284.432007 133.505142 44.582634 155.860001
1287.656006 133.921677 44.582634 156.470001
1287.776001 134.340866 44.582634 156.860001
1287.864014 134.340866 44.582634 156.860001
1290.527954 134.959274 41.841274 157.470001
1290.696045 135.159302 41.841274 157.869995
1290.807983 135.159302 41.841274 157.869995
1292.887939 135.159302 41.841274 158.460007
1293.063965 135.570328 41.841274 158.860001
1293.328003 135.570328 41.841274 158.860001
1295.167969 136.184998 41.841274 159.460007
1295.615967 136.605469 41.841274 159.860001
1295.991943 136.605469 41.841274 159.860001
1297.416016 137.010635 41.841274 160.460007
1297.776001 137.420593 41.841274 160.860001
1298.199951 137.420593 41.841274 160.860001
1298.303955 138.035889 41.841274 161.460007
1298.472046 138.448807 41.841274 161.860001
1298.784058 138.448807 41.841274 161.860001
1298.904053 139.072418 41.841274 162.470001
1299.104004 139.279068 41.841274 162.860001
1299.319946 139.279068 41.841274 162.860001
1299.439941 139.898315 41.841274 163.460007
1299.527954 140.310379 41.841274 163.860001
1300.088013 140.310379 41.841274 163.860001
1300.248047 140.914917 41.841274 164.470001
1300.287964 141.123291 41.841274 164.860001
1300.567993 141.123291 41.841274 164.860001
1300.823975 141.732681 41.841274 165.470001
1300.823975 142.141495 41.841274 165.860001
1301.183960 142.141495 41.841274 165.860001
1301.943970 142.757019 41.841274 166.470001
1302.008057 143.165787 41.841274 166.869995
1302.375977 143.165787 41.841274 166.869995
1304.576050 143.578629 48.778641 167.460007
1304.647949 143.779495 48.778641 167.860001
1304.807983 143.779495 48.778641 167.860001
1307.119995 143.779495 48.778641 168.470001
1307.128052 144.187759 48.778641 168.860001
1307.215942 144.187759 48.778641 168.860001
1308.855957 144.800858 48.778641 169.470001
1308.943970 145.214661 48.778641 169.860001
1309.008057 145.214661 48.778641 169.860001
1309.079956 145.823944 48.778641 170.470001
1309.183960 146.032135 48.778641 170.860001
1309.271973 146.032135 48.778641 170.860001
1309.439941 146.636978 48.778641 171.479996
1309.479980 147.046204 48.778641 171.860001
1309.680054 147.046204 48.778641 171.860001
1309.760010 147.656494 48.778641 172.470001
1309.800049 148.069351 48.778641 172.860001
1310.208008 148.069351 48.778641 172.860001
1319.183960 148.679535 48.778641 173.479996
1319.280029 148.887115 48.778641 173.860001
1319.576050 148.887115 48.778641 173.860001
1330.400024 149.515900 48.778641 174.470001
1330.719971 149.927979 48.778641 174.860001
1330.975952 149.927979 48.778641 174.860001
1335.663940 150.540405 48.778641 175.479996
1336.255981 150.956131 48.778641 175.860001
1336.359985 150.956131 48.778641 175.860001
1339.271973 151.372101 48.778641 176.470001
1339.576050 151.781204 48.778641 176.860001
1339.671997 151.781204 48.778641 176.860001
1341.560059 152.398651 48.778641 177.479996
1341.816040 152.604477 77.421036 177.860001
1341.936035 152.604477 77.421036 177.860001
1343.183960 152.604477 77.421036 178.460007
1343.504028 152.805481 77.421036 178.860001
1343.592041 152.805481 77.421036 178.860001
1344.599976 153.420547 77.421036 179.470001
1344.959961 153.834961 77.421036 179.860001
1345.072021 153.834961 77.421036 179.860001
1346.031982 154.447174 77.421036 180.479996
1346.447998 154.852783 77.421036 180.860001
1346.488037 154.852783 77.421036 180.860001
1347.199951 155.253677 77.421036 181.470001
1347.504028 155.662109 77.421036 181.860001
1347.536011 155.662109 77.421036 181.860001
1348.223999 156.272476 77.421036 182.470001
1348.368042 156.475723 77.421036 182.860001
1348.456055 156.475723 77.421036 182.860001
1349.000000 157.093536 77.421036 183.470001
1349.112061 157.502274 77.421036 183.860001
1349.239990 157.502274 77.421036 183.860001
1349.527954 158.110886 77.421036 184.470001
1349.640015 158.317932 77.421036 184.860001
1349.800049 158.317932 77.421036 184.860001
1350.359985 158.933472 77.421036 185.470001
1350.407959 159.349411 77.421036 185.860001
1350.520020 159.349411 77.421036 185.860001
1350.807983 159.967361 77.421036 186.460007
1350.855957 160.171829 77.421036 186.860001
1350.991943 160.171829 77.421036 186.860001
1351.119995 160.784454 77.421036 187.470001
1351.271973 160.985977 115.991196 187.869995
1352.008057 160.985977 115.991196 187.869995
1352.271973 160.985977 115.991196 188.470001
1352.368042 161.190964 115.991196 188.860001
1352.647949 161.190964 115.991196 188.860001
1353.040039 161.800888 115.991196 189.470001
1353.095947 162.402847 115.991196 189.860001
1353.192017 162.402847 115.991196 189.860001
1353.495972 163.013809 115.991196 190.470001
1353.520020 163.218796 115.991196 190.860001
1353.680054 163.218796 115.991196 190.860001
1354.368042 163.833221 115.991196 191.470001
1354.375977 164.039719 115.991196 191.860001
1354.432007 164.039719 115.991196 191.860001
1354.760010 164.650726 115.991196 192.470001
1354.767944 164.854385 115.991196 192.860001
1354.807983 164.854385 115.991196 192.860001
1356.104004 165.469193 115.991196 193.479996
1356.119995 165.873535 115.991196 193.860001
1356.151978 165.873535 115.991196 193.860001
1357.504028 166.488358 115.991196 194.479996
1357.527954 166.693680 115.991196 194.860001
1357.567993 166.693680 115.991196 194.860001
1358.687988 167.308273 115.991196 195.479996
1358.728027 167.719345 115.991196 195.860001
1358.760010 167.719345 115.991196 195.860001
1359.312012 168.127960 115.991196 196.479996
1359.312012 168.534821 115.991196 196.860001
1359.416016 168.534821 115.991196 196.860001
1359.855957 169.156357 115.991196 197.479996
1359.864014 169.362976 102.367226 197.860001
1360.088013 169.362976 102.367226 197.860001
1360.447998 169.563324 102.367226 198.470001
1360.447998 169.765808 102.367226 198.860001
1360.463989 169.765808 102.367226 198.860001
1360.767944 170.178665 102.367226 199.479996
1360.767944 170.592651 102.367226 199.860001
1360.832031 170.592651 102.367226 199.860001
1360.952026 171.198334 102.367226 200.470001
1360.984009 171.608627 102.367226 200.860001
1361.072021 171.608627 102.367226 200.860001
1361.160034 172.222595 102.367226 201.479996
1361.192017 172.425323 102.367226 201.860001
1361.223999 172.425323 102.367226 201.860001
1361.328003 173.028168 102.367226 202.470001
1361.343994 173.441116 102.367226 202.860001
1361.368042 173.441116 102.367226 202.860001
1361.520020 173.843735 102.367226 203.460007
1361.520020 174.254211 102.367226 203.860001
1361.552002 174.254211 102.367226 203.860001
1361.864014 174.860062 102.367226 204.470001
1361.864014 175.268188 102.367226 204.860001
1361.927979 175.268188 102.367226 204.860001
1361.975952 175.880875 102.367226 205.479996
1361.975952 176.086578 102.367226 205.860001
1362.319946 176.086578 102.367226 205.860001
1362.391968 176.700943 102.367226 206.460007
1362.391968 177.113708 102.367226 206.860001
1362.447998 177.113708 102.367226 206.860001
1362.543945 177.722260 102.367226 207.479996
1362.543945 177.722260 104.767921 207.860001
1362.576050 177.722260 104.767921 207.860001
1362.680054 178.123734 104.767921 208.470001
1362.680054 178.536011 104.767921 208.860001
1362.767944 178.536011 104.767921 208.860001
1363.151978 179.147476 104.767921 209.470001
1363.215942 179.559357 104.767921 209.869995
1363.264038 179.559357 104.767921 209.869995
1363.696045 180.182007 104.767921 210.470001
1363.703979 180.387680 104.767921 210.860001
1363.744019 180.387680 104.767921 210.860001
1364.095947 180.996063 104.767921 211.479996
1364.176025 181.409653 104.767921 211.860001
1364.176025 181.409653 104.767921 211.860001
1364.904053 182.016434 104.767921 212.470001
1364.952026 182.425201 104.767921 212.869995
1365.031982 182.425201 104.767921 212.869995
1365.592041 182.838669 104.767921 213.479996
1365.647949 183.243484 104.767921 213.860001
1365.663940 183.243484 104.767921 213.860001
1365.776001 183.862915 104.767921 214.470001
1365.776001 184.063812 104.767921 214.860001
1365.807983 184.063812 104.767921 214.860001
1365.839966 184.675293 104.767921 215.479996
1365.839966 185.088913 104.767921 215.860001
1366.816040 185.088913 104.767921 215.860001
1366.871948 185.500107 104.767921 216.470001
1366.871948 185.703964 113.824539 216.860001
1367.112061 185.703964 113.824539 216.860001
1367.248047 185.703964 113.824539 217.479996
1367.248047 186.113159 113.824539 217.860001
1367.280029 186.113159 113.824539 217.860001
1367.511963 186.735077 113.824539 218.470001
1367.520020 186.938202 113.824539 218.869995
1367.583984 186.938202 113.824539 218.869995
1367.816040 187.549149 113.824539 219.479996
1367.823975 187.756195 113.824539 219.860001
1367.871948 187.756195 113.824539 219.860001
1368.088013 188.363556 113.824539 220.479996
1368.088013 188.572601 113.824539 220.860001
1368.151978 188.572601 113.824539 220.860001
1368.239990 189.181992 113.824539 221.479996
1368.239990 189.596054 113.824539 221.860001
1368.359985 189.596054 113.824539 221.860001
1368.504028 190.208267 113.824539 222.470001
1368.520020 190.615723 113.824539 222.860001
1368.615967 190.615723 113.824539 222.860001
1368.751953 191.025711 113.824539 223.479996
1368.784058 191.437073 113.824539 223.860001
1370.047974 191.437073 113.824539 223.860001
1370.232056 192.048553 113.824539 224.470001
1370.255981 192.457108 113.824539 224.869995
1370.839966 192.457108 113.824539 224.869995
1371.056030 192.865921 113.824539 225.479996
1371.056030 193.279037 113.824539 225.860001
1371.280029 193.279037 113.824539 225.860001
1371.336060 193.888214 113.824539 226.479996
1371.375977 193.888214 104.082909 226.869995
1371.504028 193.888214 104.082909 226.869995
1371.520020 193.888214 104.082909 227.479996
1371.527954 194.303848 104.082909 227.860001
1371.615967 194.303848 104.082909 227.860001
1371.680054 194.915314 104.082909 228.479996
1371.680054 195.326431 104.082909 228.869995
1372.000000 195.326431 104.082909 228.869995
1372.056030 195.936249 104.082909 229.470001
1372.063965 196.346359 104.082909 229.860001
1372.447998 196.346359 104.082909 229.860001
1372.511963 196.963196 104.082909 230.479996
1372.520020 197.167648 104.082909 230.860001
1372.943970 197.167648 104.082909 230.860001
1373.223999 197.783554 104.082909 231.479996
1373.223999 197.984863 104.082909 231.860001
1374.511963 197.984863 104.082909 231.860001
1374.640015 198.602356 104.082909 232.470001
1374.640015 199.010223 104.082909 232.869995
1375.767944 199.010223 104.082909 232.869995
1375.952026 199.618774 104.082909 233.490005
1375.952026 199.824203 104.082909 233.860001
1376.287964 199.824203 104.082909 233.860001
1376.439941 200.438416 104.082909 234.479996
1376.456055 200.844940 104.082909 234.869995
1376.760010 200.844940 104.082909 234.869995
1376.800049 201.465378 104.082909 235.479996
1376.800049 201.669693 104.082909 235.869995
1377.079956 201.669693 104.082909 235.869995
1377.104004 202.280273 104.082909 236.470001
1377.112061 202.686340 104.082909 236.860001
1377.328003 202.686340 104.082909 236.860001
1377.423950 203.091949 115.886086 237.470001
1377.423950 203.292282 115.886086 237.869995
1377.767944 203.292282 115.886086 237.869995
1377.823975 203.494751 115.886086 238.479996
1377.839966 203.700638 115.886086 238.860001
1378.391968 203.700638 115.886086 238.860001
1378.456055 204.312836 115.886086 239.490005
1378.456055 204.723755 115.886086 239.860001
1379.816040 204.723755 115.886086 239.860001
1379.952026 205.132080 115.886086 240.479996
1379.959961 205.536926 115.886086 240.860001
1382.223999 205.536926 115.886086 240.860001
1383.375977 206.154251 115.886086 241.490005
1383.375977 206.357574 115.886086 241.860001
1386.264038 206.357574 115.886086 241.860001
1386.592041 206.969788 115.886086 242.470001
1386.592041 207.379257 115.886086 242.860001
1390.504028 207.379257 115.886086 242.860001
1390.631958 207.992752 115.886086 243.479996
1390.631958 208.404816 115.886086 243.860001
1394.112061 208.404816 115.886086 243.860001
1394.144043 208.815155 115.886086 244.479996
1394.151978 209.218323 107.155350 244.860001
1397.319946 209.218323 107.155350 244.860001
1397.439941 209.419678 107.155350 245.470001
1397.447998 209.623138 107.155350 245.860001
1399.719971 209.623138 107.155350 245.860001
1399.751953 210.235168 107.155350 246.470001
1399.751953 210.644516 107.155350 246.860001
1400.823975 210.644516 107.155350 246.860001
1400.920044 211.261475 107.155350 247.470001
1400.920044 211.464767 107.155350 247.860001
1401.887939 211.464767 107.155350 247.860001
1401.904053 212.083435 107.155350 248.490005
1401.904053 212.491714 107.155350 248.869995
1402.336060 212.491714 107.155350 248.869995
1402.432007 212.897049 107.155350 249.479996
1402.432007 213.300766 107.155350 249.860001
1403.024048 213.300766 107.155350 249.860001
1403.336060 213.925873 107.155350 250.490005
1403.336060 214.132538 107.155350 250.860001
1403.687988 214.132538 107.155350 250.860001
1403.943970 214.752396 107.155350 251.470001
1403.943970 215.161285 107.155350 251.850006
1404.176025 215.161285 107.155350 251.850006
1404.199951 215.776611 107.155350 252.479996
1404.199951 215.977219 107.155350 252.860001
1404.504028 215.977219 107.155350 252.860001
1404.543945 216.589447 107.155350 253.460007
1404.543945 216.993927 107.155350 253.860001
1404.848022 216.993927 107.155350 253.860001
1405.088013 217.194946 101.960297 254.490005
1405.088013 217.194946 101.960297 254.860001
1405.248047 217.194946 101.960297 254.860001
1405.423950 217.599503 101.960297 255.479996
1405.423950 218.008987 101.960297 255.860001
1405.696045 218.008987 101.960297 255.860001
1405.816040 218.626694 101.960297 256.489990
1405.816040 218.829971 101.960297 256.859985
1405.959961 218.829971 101.960297 256.859985
1406.040039 219.432281 101.960297 257.480011
1406.040039 219.842560 101.960297 257.850006
1406.144043 219.842560 101.960297 257.850006
1406.160034 220.259827 101.960297 258.480011
1406.183960 220.672760 101.960297 258.869995
1406.287964 220.672760 101.960297 258.869995
1406.439941 221.287735 101.960297 259.480011
1406.439941 221.697815 101.960297 259.859985
1406.543945 221.697815 101.960297 259.859985
1406.904053 222.301834 101.960297 260.480011
1406.904053 222.503723 101.960297 260.859985
1406.927979 222.503723 101.960297 260.859985
1406.984009 222.910110 99.994774 261.480011
1406.984009 222.910110 99.994774 261.869995
1407.040039 222.910110 99.994774 261.869995
1407.135986 223.313934 99.994774 262.480011
1407.135986 223.520050 99.994774 262.859985
1407.248047 223.520050 99.994774 262.859985
1407.328003 224.141495 99.994774 263.480011
1407.328003 224.557373 99.994774 263.859985
1407.447998 224.557373 99.994774 263.859985
1407.504028 225.174240 99.994774 264.470001
1407.504028 225.579239 99.994774 264.859985
1407.624023 225.579239 99.994774 264.859985
1407.776001 225.990555 99.994774 265.470001
1407.776001 226.399109 99.994774 265.859985
1408.192017 226.399109 99.994774 265.859985
1408.328003 227.012665 99.994774 266.489990
1408.328003 227.217468 99.994774 266.859985
1408.776001 227.217468 99.994774 266.859985
1408.959961 227.834564 99.994774 267.489990
1408.959961 228.241409 99.994774 267.859985
1409.176025 228.241409 99.994774 267.859985
1409.375977 228.651001 99.994774 268.489990
1409.375977 229.068558 99.994774 268.859985
1409.576050 229.068558 99.994774 268.859985
1409.936035 229.682068 99.994774 269.480011
1409.936035 230.097214 99.994774 269.869995
1410.024048 230.097214 99.994774 269.869995
1410.232056 230.512360 99.994774 270.480011
1410.232056 230.924469 99.994774 270.859985
1410.359985 230.924469 99.994774 270.859985
1410.823975 231.531616 124.853867 271.480011
1410.839966 231.531616 124.853867 271.859985
1410.952026 231.531616 124.853867 271.859985
1411.472046 231.736084 124.853867 272.489990
1411.527954 231.939117 124.853867 272.869995
1411.631958 231.939117 124.853867 272.869995
1412.183960 232.558380 124.853867 273.480011
1412.199951 232.964493 124.853867 273.869995
1412.280029 232.964493 124.853867 273.869995
1412.640015 233.582352 124.853867 274.480011
1412.640015 233.989655 124.853867 274.869995
1412.735962 233.989655 124.853867 274.869995
1412.927979 234.395691 124.853867 275.480011
1412.936035 234.809311 124.853867 275.859985
1413.040039 234.809311 124.853867 275.859985
1413.280029 235.423126 124.853867 276.480011
1413.280029 235.829453 124.853867 276.859985
1413.352051 235.829453 124.853867 276.859985
1413.631958 236.443878 124.853867 277.480011
1413.640015 236.644730 115.421066 277.859985
1413.776001 236.644730 115.421066 277.859985
1414.391968 236.644730 115.421066 278.489990
1414.391968 236.844833 115.421066 278.859985
1414.472046 236.844833 115.421066 278.859985
1414.880005 237.472244 115.421066 279.489990
1414.880005 237.881653 115.421066 279.859985
1414.927979 237.881653 115.421066 279.859985
1415.592041 238.495239 115.421066 280.480011
1415.592041 238.898788 115.421066 280.859985
1415.624023 238.898788 115.421066 280.859985
1416.144043 239.502319 115.421066 281.480011
1416.144043 239.705978 115.421066 281.859985
1416.215942 239.705978 115.421066 281.859985
1416.647949 240.315155 115.421066 282.470001
1416.647949 240.719406 115.421066 282.859985
1416.680054 240.719406 115.421066 282.859985
1416.848022 241.129135 115.421066 283.470001
1416.848022 241.537903 115.421066 283.859985
1416.911987 241.537903 115.421066 283.869995
1417.319946 242.148911 115.421066 284.489990
1417.319946 242.549942 115.421066 284.859985
1417.328003 242.549942 115.421066 284.859985
1418.232056 243.163422 115.421066 285.480011
1418.232056 243.575500 115.421066 285.859985
1418.255981 243.575500 115.421066 285.859985
1418.984009 244.193375 115.421066 286.489990
1418.984009 244.399933 115.421066 286.869995
1418.984009 244.399933 115.421066 286.869995
1420.008057 245.024109 115.421066 287.489990
1420.008057 245.426910 115.421066 287.869995
1420.047974 245.426910 115.421066 287.869995
1420.791992 245.628006 110.793022 288.480011
1420.791992 245.628006 110.793022 288.859985
1420.816040 245.628006 110.793022 288.859985
1421.280029 246.029404 110.793022 289.489990
1421.287964 246.435486 110.793022 289.859985
1421.296021 246.435486 110.793022 289.859985
1421.592041 247.044876 110.793022 290.489990
1421.592041 247.461334 110.793022 290.859985
1421.599976 247.461334 110.793022 290.859985
1421.864014 247.873169 110.793022 291.489990
1421.864014 248.285339 110.793022 291.869995
1421.880005 248.285339 110.793022 291.869995
1421.904053 248.898315 110.793022 292.489990
1421.904053 249.299362 110.793022 292.859985
1421.936035 249.299362 110.793022 292.859985
1421.968018 249.707718 110.793022 293.480011
1421.968018 250.117081 110.793022 293.859985
1421.984009 250.117081 110.793022 293.859985
1422.047974 250.729492 110.793022 294.489990
1422.047974 250.933807 125.231407 294.859985
1422.095947 250.933807 125.231407 294.859985
1422.368042 250.933807 125.231407 295.480011
1422.368042 251.133926 125.231407 295.869995
1422.400024 251.133926 125.231407 295.880005
1423.663940 251.744659 125.231407 296.489990
1423.663940 252.152512 125.231407 296.859985
1423.703979 252.152512 125.231407 296.859985
1425.479980 252.765976 125.231407 297.489990
1425.479980 252.973969 125.231407 297.859985
1425.495972 252.973969 125.231407 297.859985
1427.911987 253.581940 125.231407 298.489990
1427.911987 253.782425 125.231407 298.859985
1427.936035 253.782425 125.231407 298.869995
1429.631958 254.394592 125.231407 299.480011
1429.631958 254.803970 125.231407 299.859985
1429.647949 254.803970 125.231407 299.859985
1430.927979 255.420380 125.231407 300.489990
1430.936035 255.624100 125.231407 300.869995
1430.943970 255.624100 125.231407 300.869995
1432.208008 256.231354 125.231407 301.480011
1432.208008 256.635895 125.231407 301.850006
1432.239990 256.635895 125.231407 301.850006
1433.095947 257.252838 125.231407 302.489990
1433.095947 257.453857 125.231407 302.859985
1433.128052 257.453857 125.231407 302.859985
1433.880005 258.058655 125.231407 303.480011
1433.880005 258.475098 125.231407 303.869995
1433.904053 258.475098 125.231407 303.869995
1434.192017 259.084900 125.231407 304.489990
1434.192017 259.287476 125.231407 304.859985
1434.208008 259.287476 125.231407 304.859985
1434.248047 259.694763 108.937607 305.470001
1434.248047 259.694763 108.937607 305.859985
1434.248047 259.694763 108.937607 305.859985
1434.264038 260.104248 108.937607 306.489990
1434.264038 260.510223 108.937607 306.859985
1434.264038 260.510223 108.937607 306.859985
1434.287964 261.131500 108.937607 307.480011
1434.296021 261.538971 108.937607 307.859985
1434.296021 261.538971 108.937607 307.859985
1434.319946 262.157562 108.937607 308.480011
1434.352051 262.363678 108.937607 308.859985
1434.368042 262.363678 108.937607 308.859985
1434.384033 262.972504 108.937607 309.480011
1434.423950 263.382141 108.937607 309.859985
1434.423950 263.382141 108.937607 309.859985
1434.624023 263.993896 108.937607 310.480011
1434.640015 264.195496 108.937607 310.869995
1434.640015 264.195496 108.937607 310.869995
1435.855957 264.808716 108.937607 311.489990
1435.864014 265.216431 108.937607 311.859985
1435.864014 265.216431 108.937607 311.859985
1436.968018 265.621246 108.937607 312.480011
1436.975952 266.032135 108.937607 312.859985
1436.975952 266.032135 108.937607 312.869995
1438.151978 266.647461 108.937607 313.489990
1438.151978 266.848663 108.937607 313.859985
1438.151978 266.848663 108.937607 313.859985
1438.215942 267.463867 108.937607 314.489990
1438.215942 267.874329 108.937607 314.859985
1438.215942 267.874329 108.937607 314.859985
1438.215942 268.489716 108.937607 315.489990
1438.215942 268.694885 108.937607 315.859985
1438.215942 268.694885 108.937607 315.859985
1438.215942 268.895935 107.753250 316.489990
1438.215942 269.096191 107.753250 316.859985
1438.296021 269.096191 107.753250 316.859985
1438.352051 269.500031 107.753250 317.480011
1438.368042 269.702301 107.753250 317.859985
1438.439941 269.702301 107.753250 317.859985
1438.488037 270.316650 107.753250 318.480011
1438.504028 270.734955 107.753250 318.859985
1438.527954 270.734955 107.753250 318.859985
1438.536011 271.347351 107.753250 319.480011
1438.536011 271.758270 107.753250 319.859985
1438.543945 271.758270 107.753250 319.859985
1438.543945 272.164948 107.753250 320.470001
1438.552002 272.575439 107.753250 320.859985
1438.552002 272.575439 107.753250 320.859985
1438.552002 273.191254 107.753250 321.470001
1438.576050 273.606995 107.753250 321.859985
1438.576050 273.606995 107.753250 321.859985
1438.608032 274.017822 107.753250 322.480011
1438.615967 274.424316 107.753250 322.869995
1438.615967 274.424316 107.753250 322.869995
1438.647949 275.028442 107.753250 323.470001
1438.647949 275.430420 107.753250 323.859985
1438.656006 275.430420 107.753250 323.859985
1438.663940 275.845703 107.753250 324.480011
1438.663940 276.257294 107.753250 324.859985
1438.663940 276.257294 107.753250 324.859985
1438.687988 276.863525 107.753250 325.489990
1438.696045 277.064941 107.753250 325.859985
1438.703979 277.064941 107.753250 325.859985
1438.744019 277.269165 99.081436 326.489990
1438.744019 277.269165 99.081436 326.859985
1438.744019 277.269165 99.081436 326.859985
1438.751953 277.887390 99.081436 327.489990
1438.751953 278.095093 99.081436 327.850006
1438.751953 278.095093 99.081436 327.850006
1438.767944 278.711700 99.081436 328.480011
1438.767944 279.123413 99.081436 328.859985
1438.767944 279.123413 99.081436 328.859985
1438.784058 279.738403 99.081436 329.459991
1438.784058 279.939941 99.081436 329.859985
1438.784058 279.939941 99.081436 329.859985
1438.784058 280.553925 99.081436 330.470001
1438.784058 280.963318 99.081436 330.859985
1438.784058 280.963318 99.081436 330.859985
1438.784058 281.585358 99.081436 331.480011
1438.784058 281.994415 99.081436 331.859985
1438.784058 281.994415 99.081436 331.859985
1438.791992 282.603943 99.081436 332.470001
1438.791992 282.808136 99.081436 332.859985
1438.791992 282.808136 99.081436 332.859985
1438.807983 283.430145 99.081436 333.470001
1438.816040 283.841064 99.081436 333.859985
1438.823975 283.841064 99.081436 333.859985
1438.823975 284.459534 99.081436 334.470001
1438.823975 284.663239 99.081436 334.859985
1438.895996 284.663239 99.081436 334.859985
1438.895996 285.275848 99.081436 335.480011
1438.895996 285.685638 99.081436 335.869995
1438.895996 285.685638 99.081436 335.869995
1438.943970 286.298828 99.081436 336.489990
1438.943970 286.502838 99.081436 336.869995
1438.943970 286.502838 99.081436 336.869995
1439.015991 286.706543 104.052498 337.480011
1439.015991 286.907715 104.052498 337.859985
1439.015991 286.907715 104.052498 337.859985
1439.015991 287.113770 104.052498 338.459991
1439.015991 287.519531 104.052498 338.869995
1439.015991 287.519531 104.052498 338.869995
1439.015991 288.140564 104.052498 339.480011
1439.015991 288.549011 104.052498 339.859985
1439.015991 288.549011 104.052498 339.859985
1439.015991 289.166809 104.052498 340.480011
1439.024048 289.368378 104.052498 340.859985
1439.024048 289.368378 104.052498 340.859985
1439.024048 289.985901 104.052498 341.480011
1439.024048 290.390930 104.052498 341.859985
1439.024048 290.390930 104.052498 341.859985
1439.024048 290.802551 104.052498 342.480011
1439.024048 291.207581 104.052498 342.859985
1439.119995 291.207581 104.052498 342.859985
1439.151978 291.615906 104.052498 343.480011
1439.151978 292.028381 104.052498 343.869995
1439.151978 292.028381 104.052498 343.869995
1439.192017 292.638763 104.052498 344.470001
1439.192017 293.051819 104.052498 344.869995
1439.192017 293.051819 104.052498 344.869995
1439.192017 293.455841 104.052498 345.480011
1439.232056 293.862518 104.052498 345.869995
1439.232056 293.862518 104.052498 345.869995
1439.232056 294.479034 104.052498 346.470001
1439.255981 294.679779 104.052498 346.859985
1439.255981 294.679779 104.052498 346.859985
1439.336060 295.085175 105.067627 347.480011
1439.368042 295.085175 105.067627 347.859985
1439.368042 295.085175 105.067627 347.859985
1439.391968 295.497131 105.067627 348.480011
1439.400024 295.912720 105.067627 348.859985
1439.400024 295.912720 105.067627 348.859985
1439.400024 296.529175 105.067627 349.470001
1439.400024 296.941925 105.067627 349.859985
1439.400024 296.941925 105.067627 349.859985
1439.400024 297.347992 105.067627 350.470001
1439.400024 297.755493 105.067627 350.859985
1439.400024 297.755493 105.067627 350.859985
1439.400024 298.367371 105.067627 351.480011
1439.400024 298.771698 105.067627 351.859985
1439.416016 298.771698 105.067627 351.859985
1439.423950 299.180359 105.067627 352.470001
1439.423950 299.384735 102.321747 352.869995
1439.592041 299.384735 102.321747 352.869995
1439.599976 299.384735 102.321747 353.470001
1439.631958 299.792358 102.321747 353.850006
1439.631958 299.792358 102.321747 353.850006
1439.631958 300.413300 102.321747 354.489990
1439.647949 300.615417 102.321747 354.859985
1439.647949 300.615417 102.321747 354.859985
1439.647949 301.227020 102.321747 355.470001
1439.712036 301.630676 102.321747 355.859985
1439.712036 301.630676 102.321747 355.859985
1439.712036 302.244873 102.321747 356.459991
1439.728027 302.445374 102.321747 356.859985
1439.728027 302.445374 102.321747 356.859985
1439.728027 303.067474 102.321747 357.470001
1439.728027 303.479950 102.321747 357.859985
1439.728027 303.479950 102.321747 357.859985
1439.728027 304.097046 102.321747 358.470001
1439.728027 304.505707 102.321747 358.859985
1439.728027 304.505707 102.321747 358.859985
1439.744019 304.914520 102.321747 359.480011
1439.744019 305.330353 102.321747 359.859985
1439.744019 305.330353 102.321747 359.859985
1439.751953 305.941345 102.321747 360.470001
1439.751953 306.355804 102.321747 360.859985
1439.751953 306.355804 102.321747 360.859985
1439.776001 306.763000 102.321747 361.480011
1439.776001 307.169800 82.117767 361.859985
1439.776001 307.169800 82.117767 361.859985
1439.776001 307.169800 82.117767 362.470001
1439.800049 307.371246 82.117767 362.869995
1439.807983 307.371246 82.117767 362.869995
1439.807983 307.984222 82.117767 363.489990
1439.832031 308.191681 82.117767 363.859985
1439.855957 308.191681 82.117767 363.859985
1439.855957 308.807709 82.117767 364.480011
1439.871948 309.216888 82.117767 364.869995
1439.887939 309.216888 82.117767 364.869995
1439.895996 309.834015 82.117767 365.470001
1439.936035 310.042603 82.117767 365.859985
1439.936035 310.042603 82.117767 365.859985
1439.943970 310.645142 82.117767 366.489990
1439.952026 311.046631 82.117767 366.869995
1439.959961 311.046631 82.117767 366.869995
1440.008057 311.656769 82.117767 367.489990
1440.008057 311.857910 82.117767 367.859985
1440.008057 311.857910 82.117767 367.859985
1440.015991 312.465515 82.117767 368.489990
1440.015991 312.875580 82.117767 368.859985
1440.015991 312.875580 82.117767 368.859985
1440.031982 313.282562 82.117767 369.480011
1440.031982 313.695343 82.117767 369.859985
1440.031982 313.695343 82.117767 369.859985
1440.072021 314.102966 49.016941 370.480011
1440.072021 314.304749 49.016941 370.859985
1440.375977 314.304749 49.016941 370.859985
1440.423950 314.507324 49.016941 371.480011
1440.479980 314.712006 49.016941 371.859985
1440.479980 314.712006 49.016941 371.859985
1440.488037 315.319427 49.016941 372.480011
1440.527954 315.732544 49.016941 372.859985
1440.527954 315.732544 49.016941 372.859985
1440.543945 316.343079 49.016941 373.459991
1440.543945 316.754059 49.016941 373.859985
1440.647949 316.754059 49.016941 373.859985
1440.671997 317.374512 49.016941 374.470001
1440.671997 317.576080 49.016941 374.869995
1440.767944 317.576080 49.016941 374.869995
1440.776001 318.184540 49.016941 375.480011
1440.791992 318.591553 49.016941 375.869995
1440.848022 318.591553 49.016941 375.869995
1440.904053 319.205841 49.016941 376.470001
1440.920044 319.407074 49.016941 376.859985
1440.975952 319.407074 49.016941 376.859985
1441.047974 320.023773 49.016941 377.489990
1441.063965 320.435242 49.016941 377.869995
1441.112061 320.435242 49.016941 377.869995
1441.183960 321.052612 49.016941 378.470001
1441.183960 321.456024 49.016941 378.859985
1441.303955 321.456024 49.016941 378.859985
1441.375977 321.864166 49.016941 379.470001
1441.400024 322.276764 39.563793 379.859985
1441.504028 322.276764 39.563793 379.859985
1441.615967 322.276764 39.563793 380.480011
1441.671997 322.477234 39.563793 380.859985
1441.864014 322.477234 39.563793 380.859985
1441.920044 323.091309 39.563793 381.480011
1441.984009 323.493134 39.563793 381.859985
1442.192017 323.493134 39.563793 381.859985
1442.375977 324.111633 39.563793 382.489990
1442.416016 324.318756 39.563793 382.859985
1442.631958 324.318756 39.563793 382.859985
1442.848022 324.937836 39.563793 383.470001
1442.848022 325.352570 39.563793 383.859985
1443.008057 325.352570 39.563793 383.859985
1443.328003 325.977356 39.563793 384.489990
1443.328003 326.385376 39.563793 384.859985
1443.359985 326.385376 39.563793 384.859985
1443.576050 326.794373 39.563793 385.480011
1443.576050 327.205353 39.563793 385.859985
1443.744019 327.205353 39.563793 385.859985
1443.952026 327.818756 39.563793 386.480011
1443.952026 328.228607 39.563793 386.869995
1444.072021 328.228607 39.563793 386.869995
1444.255981 328.841522 39.563793 387.470001
1444.255981 329.042999 39.563793 387.859985
1444.384033 329.042999 39.563793 387.859985
1444.567993 329.657776 39.563793 388.480011
1444.567993 330.062561 39.563793 388.859985
1444.671997 330.062561 39.563793 388.859985
1444.864014 330.678040 39.563793 389.480011
1444.864014 330.885590 61.118484 389.859985
1444.952026 330.885590 61.118484 389.859985
1445.072021 331.088531 61.118484 390.470001
1445.095947 331.289032 61.118484 390.869995
1445.112061 331.289032 61.118484 390.869995
1445.135986 331.705658 61.118484 391.480011
1445.176025 332.116364 61.118484 391.859985
1445.192017 332.116364 61.118484 391.859985
1445.223999 332.741333 61.118484 392.480011
1445.232056 333.153107 61.118484 392.859985
1445.255981 333.153107 61.118484 392.859985
1445.319946 333.774414 61.118484 393.470001
1445.319946 334.182617 61.118484 393.859985
1445.319946 334.182617 61.118484 393.859985
1445.359985 334.799072 61.118484 394.480011
1445.359985 335.218170 61.118484 394.869995
1445.375977 335.218170 61.118484 394.869995
1445.400024 335.627594 61.118484 395.480011
1445.416016 336.036652 61.118484 395.859985
1445.423950 336.036652 61.118484 395.859985
1445.439941 336.660919 61.118484 396.480011
1445.439941 336.865631 61.118484 396.859985
1445.495972 336.865631 61.118484 396.859985
1445.511963 337.478271 61.118484 397.470001
1445.511963 337.893158 61.118484 397.859985
1445.511963 337.893158 61.118484 397.859985
1445.511963 338.303528 61.118484 398.470001
1445.527954 338.706635 61.118484 398.859985
1445.527954 338.706635 61.118484 398.859985
1445.527954 339.314606 60.569942 399.480011
1445.536011 339.314606 60.569942 399.859985
1445.543945 339.314606 60.569942 399.859985
1445.552002 339.516296 60.569942 400.480011
1445.744019 339.723328 60.569942 400.859985
1445.816040 339.723328 60.569942 400.859985
1445.823975 340.343353 60.569942 401.480011
1446.192017 340.753296 60.569942 401.859985
1446.192017 340.753296 60.569942 401.859985
1446.192017 341.372925 60.569942 402.470001
1446.384033 341.787201 60.569942 402.859985
1446.384033 341.787201 60.569942 402.859985
1446.407959 342.196075 60.569942 403.480011
1446.536011 342.601379 60.569942 403.869995
1446.536011 342.601379 60.569942 403.869995
1446.592041 343.216461 60.569942 404.470001
1446.656006 343.423462 60.569942 404.859985
1446.656006 343.423462 60.569942 404.859985
1446.656006 344.044403 60.569942 405.480011
1446.728027 344.453247 60.569942 405.859985
1446.744019 344.453247 60.569942 405.859985
1446.751953 345.065918 60.569942 406.470001
1446.832031 345.272064 60.569942 406.859985
1446.839966 345.272064 60.569942 406.859985
1446.839966 345.884796 60.569942 407.459991
1446.943970 346.298035 60.569942 407.859985
1446.943970 346.298035 60.569942 407.859985
1446.959961 346.905792 60.569942 408.470001
1447.056030 347.314423 60.569942 408.859985
1447.079956 347.314423 60.569942 408.859985
1447.079956 347.721375 60.569942 409.470001
1447.287964 347.922272 48.945061 409.859985
1447.536011 347.922272 48.945061 409.859985
1447.543945 348.122925 48.945061 410.470001
1447.760010 348.322937 48.945061 410.869995
1447.952026 348.322937 48.945061 410.869995
1448.031982 348.938538 48.945061 411.480011
1448.719971 349.356140 48.945061 411.859985
1448.735962 349.356140 48.945061 411.859985
1448.735962 349.969452 48.945061 412.470001
1453.767944 350.176270 48.945061 412.859985
1453.816040 350.176270 48.945061 412.869995
1453.816040 350.783722 48.945061 413.470001
1469.871948 351.197205 48.945061 413.859985
1469.936035 351.197205 48.945061 413.859985
1469.936035 351.811829 48.945061 414.480011
1480.488037 352.012268 48.945061 414.859985
1481.112061 352.012268 48.945061 414.859985
1481.112061 352.622467 48.945061 415.470001
1487.176025 353.032471 48.945061 415.850006
1487.439941 353.032471 48.945061 415.850006
1487.447998 353.648224 48.945061 416.480011
1492.608032 353.851746 52.175007 416.859985
1492.624023 353.851746 52.175007 416.859985
1492.624023 353.851746 52.175007 417.470001
1496.359985 354.054901 52.175007 417.859985
1496.368042 354.054901 52.175007 417.869995
1496.391968 354.672821 52.175007 418.480011
1499.128052 355.079926 52.175007 418.859985
1499.128052 355.079926 52.175007 418.859985
1499.128052 355.686523 52.175007 419.470001
1501.264038 356.094727 52.175007 419.859985
1501.264038 356.094727 52.175007 419.859985
1501.264038 356.504120 52.175007 420.470001
1502.911987 356.913300 52.175007 420.859985
1502.911987 356.913300 52.175007 420.859985
1502.911987 357.526672 52.175007 421.459991
1502.920044 357.935608 52.175007 421.859985
1502.927979 357.935608 52.175007 421.880005
1502.927979 358.353729 52.175007 422.470001
1502.927979 358.768494 52.175007 422.859985
1502.927979 358.768494 52.175007 422.859985
1502.927979 359.382355 52.175007 423.459991
1502.936035 359.788239 52.175007 423.859985
1502.943970 359.788239 52.175007 423.869995
1502.943970 360.196075 52.175007 424.459991
1502.952026 360.601837 52.175007 424.859985
1502.959961 360.601837 52.175007 424.869995
1502.959961 361.207581 52.175007 425.459991
1502.991943 361.616913 52.175007 425.859985
1503.008057 361.616913 52.175007 425.859985
1503.008057 362.019928 49.259304 426.459991
1503.015991 362.221069 49.259304 426.859985
1503.015991 362.221069 49.259304 426.859985
1503.015991 362.422577 49.259304 427.480011
1503.015991 362.627106 49.259304 427.859985
1503.015991 362.627106 49.259304 427.859985
1503.015991 363.247345 49.259304 428.480011
1503.040039 363.657135 49.259304 428.859985
1503.040039 363.657135 49.259304 428.859985
1503.040039 364.271576 49.259304 429.480011
1503.088013 364.478119 49.259304 429.869995
1503.088013 364.478119 49.259304 429.869995
1503.088013 365.093842 49.259304 430.489990
1503.144043 365.497711 49.259304 430.859985
1503.144043 365.497711 49.259304 430.859985
1503.144043 365.900970 49.259304 431.470001
1503.144043 366.311951 49.259304 431.859985
1503.151978 366.311951 49.259304 431.859985
1503.151978 366.928345 49.259304 432.459991
1503.160034 367.331177 49.259304 432.859985
1503.160034 367.331177 49.259304 432.859985
1503.160034 367.933533 49.259304 433.470001
1503.167969 368.140930 49.259304 433.859985
1503.167969 368.140930 49.259304 433.859985
1503.232056 368.753265 49.259304 434.470001
1503.287964 369.160675 49.259304 434.859985
1503.287964 369.160675 49.259304 434.859985
1503.352051 369.574463 49.259304 435.470001
1503.400024 369.989685 49.259304 435.850006
1503.416016 369.989685 49.259304 435.869995
1503.495972 370.192535 51.786232 436.480011
1503.536011 370.393188 51.786232 436.859985
1503.536011 370.393188 51.786232 436.859985
1503.592041 370.805206 51.786232 437.480011
1503.671997 371.006500 51.786232 437.859985
1503.671997 371.006500 51.786232 437.859985
1503.791992 371.822174 51.786232 438.480011
1503.880005 372.028534 51.786232 438.859985
1503.880005 372.028534 51.786232 438.869995
1504.024048 372.641479 51.786232 439.489990
1504.167969 373.050903 51.786232 439.869995
1504.167969 373.050903 51.786232 439.869995
1504.319946 373.663483 51.786232 440.489990
1504.463989 374.080292 51.786232 440.859985
1504.463989 374.080292 51.786232 440.869995
1504.576050 374.692963 51.786232 441.489990
1504.631958 374.897980 51.786232 441.859985
1504.656006 374.897980 51.786232 441.859985
1504.712036 375.516235 51.786232 442.470001
1504.760010 375.925171 51.786232 442.869995
1504.776001 375.925171 51.786232 442.869995
1504.776001 376.330719 51.786232 443.480011
1504.800049 376.746796 51.786232 443.859985
1504.816040 376.746796 51.786232 443.859985
1504.816040 377.354340 51.786232 444.470001
1504.832031 377.561646 51.786232 444.859985
1504.880005 377.561646 51.786232 444.859985
1504.880005 378.172913 51.786232 445.480011
1504.895996 378.582367 51.786232 445.859985
1504.920044 378.582367 51.786232 445.859985
1504.920044 378.782715 42.939163 446.470001
1504.920044 378.983002 42.939163 446.859985
1504.920044 378.983002 42.939163 446.859985
1504.920044 379.395172 42.939163 447.470001
1504.920044 379.806335 42.939163 447.859985
1504.927979 379.806335 42.939163 447.859985
1504.927979 380.216980 42.939163 448.480011
1504.927979 380.624786 42.939163 448.869995
1504.927979 380.624786 42.939163 448.869995
1504.927979 381.234650 42.939163 449.470001
1504.927979 381.648743 42.939163 449.859985
1504.959961 381.648743 42.939163 449.859985
1505.000000 382.259277 42.939163 450.459991
1505.000000 382.465485 42.939163 450.859985
1505.015991 382.465485 42.939163 450.859985
1505.015991 383.080994 42.939163 451.470001
1505.015991 383.495544 42.939163 451.859985
1505.063965 383.495544 42.939163 451.859985
1505.063965 384.106903 42.939163 452.480011
1505.063965 384.509705 42.939163 452.859985
1505.128052 384.509705 42.939163 452.859985
1505.128052 384.925446 42.939163 453.470001
1505.128052 385.342041 42.939163 453.859985
1505.232056 385.342041 42.939163 453.869995
1505.232056 385.959778 42.939163 454.470001
1505.232056 386.377014 42.939163 454.859985
1505.280029 386.377014 42.939163 454.859985
1505.280029 386.990784 42.939163 455.480011
1505.280029 387.393799 42.939163 455.859985
1505.303955 387.393799 42.939163 455.859985
1505.303955 387.599365 68.714928 456.480011
1505.303955 387.800415 68.714928 456.859985
1505.359985 387.800415 68.714928 456.859985
1505.368042 388.001617 68.714928 457.470001
1505.375977 388.405212 68.714928 457.859985
1505.375977 388.405212 68.714928 457.859985
1505.391968 389.022034 68.714928 458.480011
1505.400024 389.429626 68.714928 458.859985
1505.400024 389.429626 68.714928 458.859985
1505.456055 390.044098 68.714928 459.470001
1505.456055 390.453369 68.714928 459.859985
1505.456055 390.453369 68.714928 459.859985
1505.472046 390.866699 68.714928 460.470001
1505.479980 391.275177 68.714928 460.869995
1505.479980 391.275177 68.714928 460.869995
1505.479980 391.885742 68.714928 461.480011
1505.504028 392.294373 68.714928 461.859985
1505.560059 392.294373 68.714928 461.869995
1505.560059 392.909241 68.714928 462.470001
1505.560059 393.111969 68.714928 462.859985
1505.560059 393.111969 68.714928 462.859985
1505.560059 393.730499 68.714928 463.480011
1505.624023 394.131989 68.714928 463.859985
1505.703979 394.131989 68.714928 463.859985
1505.703979 394.752411 68.714928 464.480011
1505.927979 394.961060 68.714928 464.859985
1506.056030 394.961060 68.714928 464.859985
1506.056030 395.586792 68.714928 465.470001
1506.199951 396.003357 68.714928 465.859985
1506.343994 396.003357 68.714928 465.859985
1506.343994 396.416199 68.714928 466.470001
1506.479980 396.621368 74.887642 466.859985
1506.599976 396.621368 74.887642 466.859985
1506.599976 396.822571 74.887642 467.459991
1506.703979 397.026733 74.887642 467.859985
1506.791992 397.026733 74.887642 467.869995
1506.807983 397.637512 74.887642 468.480011
1506.943970 398.042999 74.887642 468.869995
1507.151978 398.042999 74.887642 468.869995
1507.160034 398.661469 74.887642 469.480011
1507.352051 399.064209 74.887642 469.859985
1507.560059 399.064209 74.887642 469.869995
1507.560059 399.684204 74.887642 470.470001
1507.663940 400.095520 74.887642 470.859985
1507.823975 400.095520 74.887642 470.859985
1507.823975 400.498138 74.887642 471.459991
1507.887939 400.911011 74.887642 471.859985
1508.031982 400.911011 74.887642 471.859985
1508.031982 401.521362 74.887642 472.459991
1508.119995 401.931976 74.887642 472.859985
1508.280029 401.931976 74.887642 472.859985
1508.280029 402.347931 74.887642 473.470001
1508.375977 402.757660 74.887642 473.859985
1508.479980 402.757660 74.887642 473.859985
1508.488037 403.376129 74.887642 474.459991
1508.552002 403.781006 74.887642 474.859985
1508.687988 403.781006 74.887642 474.859985
1508.687988 404.391693 74.887642 475.480011
1508.751953 404.800659 74.887642 475.859985
1508.887939 404.800659 74.887642 475.859985
1508.887939 405.210846 74.887642 476.470001
1508.920044 405.619965 85.710579 476.859985
1508.991943 405.619965 85.710579 476.859985
1508.991943 405.619965 85.710579 477.489990
1509.072021 405.820374 85.710579 477.850006
1509.112061 405.820374 85.710579 477.850006
1509.119995 406.428986 85.710579 478.470001
1509.192017 406.835297 85.710579 478.859985
1509.319946 406.835297 85.710579 478.859985
1509.319946 407.439758 85.710579 479.470001
1509.416016 407.644379 85.710579 479.859985
1509.583984 407.644379 85.710579 479.859985
1509.583984 408.262848 85.710579 480.459991
1509.816040 408.674469 85.710579 480.859985
1509.855957 408.674469 85.710579 480.869995
1509.855957 409.089630 85.710579 481.459991
1510.128052 409.503540 85.710579 481.859985
1510.239990 409.503540 85.710579 481.859985
1510.239990 410.126648 85.710579 482.480011
1511.128052 410.531067 85.710579 482.859985
1511.264038 410.531067 85.710579 482.859985
1511.264038 411.150818 85.710579 483.480011
1512.696045 411.357880 85.710579 483.859985
1512.800049 411.357880 85.710579 483.859985
1512.800049 411.974091 85.710579 484.480011
1513.991943 412.377014 85.710579 484.859985
1514.056030 412.377014 85.710579 484.859985
1514.056030 412.993805 85.710579 485.470001
1515.328003 413.197174 102.385368 485.859985
1515.456055 413.197174 102.385368 485.859985
1515.463989 413.197174 102.385368 486.470001
1516.744019 413.400452 102.385368 486.859985
1517.287964 413.400452 102.385368 486.869995
1517.287964 414.018677 102.385368 487.470001
1518.608032 414.423431 102.385368 487.859985
1519.592041 414.423431 102.385368 487.859985
1519.592041 415.042267 102.385368 488.470001
1520.647949 415.248474 102.385368 488.850006
1521.391968 415.248474 102.385368 488.850006
1521.391968 415.870789 102.385368 489.480011
1521.751953 416.281708 102.385368 489.859985
1522.807983 416.281708 102.385368 489.859985
1522.807983 416.688202 102.385368 490.459991
1523.119995 417.092926 102.385368 490.859985
1524.119995 417.092926 102.385368 490.859985
1524.119995 417.703491 102.385368 491.480011
1524.511963 418.116119 102.385368 491.859985
1526.208008 418.116119 102.385368 491.869995
1526.208008 418.731873 102.385368 492.470001
1526.663940 418.937927 102.385368 492.859985
1527.656006 418.937927 102.385368 492.859985
1527.656006 419.545105 102.385368 493.459991
1528.112061 419.953796 102.385368 493.859985
1528.599976 419.953796 102.385368 493.859985
1528.599976 420.556702 102.385368 494.480011
1529.047974 420.764404 102.385368 494.859985
1529.287964 420.764404 102.385368 494.859985
1529.287964 421.166504 98.595787 495.470001
1529.687988 421.166504 98.595787 495.859985
1529.911987 421.166504 98.595787 495.859985
1529.911987 421.573425 98.595787 496.470001
1530.479980 421.780579 98.595787 496.859985
1530.784058 421.780579 98.595787 496.859985
1530.784058 422.394684 98.595787 497.470001
1531.167969 422.808289 98.595787 497.859985
1531.368042 422.808289 98.595787 497.869995
1531.368042 423.425507 98.595787 498.480011
1531.927979 423.832520 98.595787 498.859985
1532.192017 423.832520 98.595787 498.880005
1532.192017 424.445618 98.595787 499.470001
1532.624023 424.652832 98.595787 499.859985
1533.112061 424.652832 98.595787 499.859985
1533.112061 425.267853 98.595787 500.480011
1533.488037 425.670837 98.595787 500.859985
1534.095947 425.670837 98.595787 500.869995
1534.095947 426.273987 98.595787 501.470001
1534.343994 426.689850 98.595787 501.859985
1534.848022 426.689850 98.595787 501.859985
1534.848022 427.308380 98.595787 502.480011
1535.135986 427.718903 98.595787 502.859985
1535.576050 427.718903 98.595787 502.859985
1535.576050 428.128082 98.595787 503.480011
1535.887939 428.539337 98.595787 503.859985
1536.375977 428.539337 98.595787 503.859985
1536.375977 429.147552 98.595787 504.480011
1536.656006 429.561249 98.595787 504.859985
1537.232056 429.561249 98.595787 504.859985
1537.232056 429.761993 110.828522 505.489990
1537.479980 429.761993 110.828522 505.859985
1538.312012 429.761993 110.828522 505.859985
1538.312012 430.165802 110.828522 506.489990
1538.504028 430.573761 110.828522 506.859985
1539.432007 430.573761 110.828522 506.869995
1539.432007 431.186554 110.828522 507.470001
1539.719971 431.597595 110.828522 507.859985
1540.599976 431.597595 110.828522 507.859985
1540.599976 432.001404 110.828522 508.480011
1540.760010 432.403168 110.828522 508.859985
1541.232056 432.403168 110.828522 508.890015
1541.248047 433.019501 110.828522 509.489990
1541.479980 433.423309 110.828522 509.850006
1541.776001 433.423309 110.828522 509.880005
1541.776001 434.038452 110.828522 510.470001
1542.560059 434.450592 110.828522 510.859985
1542.791992 434.450592 110.828522 510.859985
1542.807983 434.864136 110.828522 511.480011
1543.687988 435.266876 110.828522 511.869995
1543.791992 435.266876 110.828522 511.869995
1543.791992 435.878906 110.828522 512.479980
1544.359985 436.285370 110.828522 512.859985
1544.384033 436.285370 110.828522 512.859985
1544.384033 436.694214 110.828522 513.479980
1544.943970 437.100311 110.828522 513.859985
1545.015991 437.100311 110.828522 513.880005
1545.015991 437.709198 110.828522 514.489990
1545.472046 438.119659 110.828522 514.859985
1545.624023 438.119659 110.828522 514.859985
1545.624023 438.530243 110.828522 515.489990
1546.287964 438.731659 82.019028 515.859985
1546.463989 438.731659 82.019028 515.869995
1546.463989 438.932983 82.019028 516.479980
1546.943970 439.133423 82.019028 516.859985
1546.975952 439.133423 82.019028 516.869995
1546.975952 439.744812 82.019028 517.479980
1547.047974 440.155701 82.019028 517.859985
1547.271973 440.155701 82.019028 517.859985
1547.271973 440.768463 82.019028 518.479980
1547.488037 440.970551 82.019028 518.859985
1547.560059 440.970551 82.019028 518.859985
1547.560059 441.585052 82.019028 519.469971
1547.751953 441.994293 82.019028 519.859985
1547.920044 441.994293 82.019028 519.859985
1547.920044 442.604492 82.019028 520.469971
1547.984009 442.805054 82.019028 520.859985
1548.416016 442.805054 82.019028 520.869995
1548.416016 443.420471 82.019028 521.469971
1548.592041 443.829803 82.019028 521.859985
1549.255981 443.829803 82.019028 521.869995
1549.255981 444.239502 82.019028 522.469971
1549.687988 444.642426 82.019028 522.859985
1550.223999 444.642426 82.019028 522.869995
1550.223999 445.255280 82.019028 523.479980
1551.271973 445.659271 82.019028 523.869995
1551.887939 445.659271 82.019028 523.880005
1551.887939 446.270142 82.019028 524.479980
1552.880005 446.471893 82.019028 524.859985
1553.119995 446.471893 82.019028 524.859985
1553.119995 447.082916 82.019028 525.479980
1553.823975 447.285126 74.664581 525.859985
1554.000000 447.285126 74.664581 525.859985
1554.000000 447.486877 74.664581 526.479980
1554.839966 447.906433 74.664581 526.859985
1554.880005 447.906433 74.664581 526.880005
1554.880005 448.520020 74.664581 527.479980
1555.760010 448.925873 74.664581 527.859985
1555.936035 448.925873 74.664581 527.859985
1555.936035 449.531403 74.664581 528.489990
1556.776001 449.734436 74.664581 528.849976
1557.095947 449.734436 74.664581 528.869995
1557.095947 450.138428 74.664581 529.469971
1557.751953 450.539185 74.664581 529.859985
1558.079956 450.539185 74.664581 529.890015
1558.079956 451.149261 74.664581 530.489990
1558.712036 451.556183 74.664581 530.859985
1559.056030 451.556183 74.664581 530.869995
1559.056030 452.175018 74.664581 531.489990
1559.439941 452.578796 74.664581 531.859985
1559.952026 452.578796 74.664581 531.859985
1559.952026 452.987152 74.664581 532.489990
1560.608032 453.393402 74.664581 532.880005
1561.135986 453.393402 74.664581 532.880005
1561.135986 454.003540 74.664581 533.469971
1561.504028 454.418060 74.664581 533.859985
1561.943970 454.418060 74.664581 533.859985
1561.943970 454.827881 74.664581 534.489990
1562.215942 455.237000 74.664581 534.849976
1562.287964 455.237000 74.664581 534.880005
1562.287964 455.638885 85.998878 535.479980
1562.439941 455.838928 85.998878 535.859985
1562.807983 455.838928 85.998878 535.859985
1562.807983 456.042603 85.998878 536.469971
1563.192017 456.458038 85.998878 536.859985
1563.296021 456.458038 85.998878 536.859985
1563.296021 457.067749 85.998878 537.479980
1563.352051 457.275238 85.998878 537.869995
1563.631958 457.275238 85.998878 537.869995
1563.663940 457.898163 85.998878 538.489990
1563.927979 458.307922 85.998878 538.859985
1563.927979 458.307922 85.998878 538.880005
1563.927979 458.925659 85.998878 539.489990
1564.160034 459.341003 85.998878 539.859985
1564.624023 459.341003 85.998878 539.869995
1564.624023 459.957489 85.998878 540.489990
1564.728027 460.163361 85.998878 540.880005
1565.479980 460.163361 85.998878 540.890015
1565.479980 460.783081 85.998878 541.489990
1565.712036 461.194305 85.998878 541.859985
1566.183960 461.194305 85.998878 541.880005
1566.183960 461.809082 85.998878 542.489990
1566.391968 462.014435 85.998878 542.859985
1567.008057 462.014435 85.998878 542.859985
1567.008057 462.639679 85.998878 543.489990
1567.832031 463.040131 85.998878 543.869995
1567.904053 463.040131 85.998878 543.869995
1567.904053 463.664001 85.998878 544.489990
1569.192017 463.864563 66.960114 544.859985
1569.208008 463.864563 66.960114 544.869995
1569.208008 464.067535 66.960114 545.469971
1570.128052 464.275055 66.960114 545.859985
1570.176025 464.275055 66.960114 545.880005
1570.176025 465.085327 66.960114 546.479980
1570.816040 465.288940 66.960114 546.859985
1570.895996 465.288940 66.960114 546.880005
1570.895996 465.906067 66.960114 547.479980
1571.319946 466.314880 66.960114 547.859985
1571.432007 466.314880 66.960114 547.859985
1571.432007 466.925659 66.960114 548.469971
1571.520020 467.329132 66.960114 548.859985
1572.056030 467.329132 66.960114 548.859985
1572.056030 467.740845 66.960114 549.479980
1572.303955 468.149200 66.960114 549.859985
1572.407959 468.149200 66.960114 549.859985
1572.407959 468.773773 66.960114 550.479980
1572.680054 468.973816 66.960114 550.859985
1572.719971 468.973816 66.960114 550.859985
1572.719971 469.594055 66.960114 551.479980
1573.056030 469.998749 66.960114 551.859985
1573.072021 469.998749 66.960114 551.859985
1573.072021 470.611115 66.960114 552.450012
1573.160034 471.028931 66.960114 552.859985
1573.167969 471.028931 66.960114 552.859985
1573.167969 471.436157 66.960114 553.469971
1573.328003 471.844147 66.960114 553.859985
1573.375977 471.844147 66.960114 553.880005
1573.375977 472.464508 66.960114 554.469971
1573.520020 472.869415 66.960114 554.859985
1573.656006 472.869415 66.960114 554.859985
1573.656006 473.280121 67.032059 555.469971
1574.040039 473.280121 67.032059 555.869995
1574.104004 473.280121 67.032059 555.869995
1574.119995 473.480865 67.032059 556.469971
1574.199951 473.889160 67.032059 556.859985
1574.488037 473.889160 67.032059 556.859985
1574.495972 474.505585 67.032059 557.479980
1574.624023 474.910492 67.032059 557.859985
1574.631958 474.910492 67.032059 557.859985
1574.640015 475.526123 67.032059 558.469971
1574.975952 475.931549 67.032059 558.859985
1574.991943 475.931549 67.032059 558.869995
1574.991943 476.345367 67.032059 559.469971
1575.359985 476.756256 67.032059 559.859985
1575.384033 476.756256 67.032059 559.859985
1575.384033 477.364532 67.032059 560.469971
1575.608032 477.768219 67.032059 560.859985
1575.624023 477.768219 67.032059 560.859985
1575.624023 478.387604 67.032059 561.469971
1575.631958 478.587799 67.032059 561.869995
1575.839966 478.587799 67.032059 561.869995
1575.839966 479.202179 67.032059 562.460022
1575.904053 479.617645 67.032059 562.859985
1575.904053 479.617645 67.032059 562.859985
1575.904053 480.026764 67.032059 563.469971
1575.936035 480.437714 67.032059 563.859985
1575.943970 480.437714 67.032059 563.859985
1575.943970 481.055267 67.032059 564.469971
1575.959961 481.260681 48.961060 564.859985
1575.959961 481.260681 48.961060 564.859985
1575.968018 481.461670 48.961060 565.469971
1575.984009 481.662994 48.961060 565.859985
1575.984009 481.662994 48.961060 565.869995
1575.984009 482.272186 48.961060 566.479980
1576.056030 482.476074 48.961060 566.869995
1576.063965 482.476074 48.961060 566.869995
1576.063965 483.090881 48.961060 567.489990
1576.151978 483.499725 48.961060 567.859985
1576.160034 483.499725 48.961060 567.880005
1576.160034 484.119690 48.961060 568.469971
1576.208008 484.529266 48.961060 568.859985
1576.208008 484.529266 48.961060 568.859985
1576.208008 484.937836 48.961060 569.469971
1576.208008 485.346741 48.961060 569.859985
1576.208008 485.346741 48.961060 569.869995
1576.208008 485.958862 48.961060 570.469971
1576.208008 486.363312 48.961060 570.859985
1576.223999 486.363312 48.961060 570.859985
1576.223999 486.773285 48.961060 571.479980
1576.232056 487.178436 48.961060 571.859985
1576.232056 487.178436 48.961060 571.859985
1576.232056 487.787140 48.961060 572.469971
1576.239990 487.990387 48.961060 572.859985
1576.239990 487.990387 48.961060 572.859985
1576.239990 488.602112 48.961060 573.469971
1576.239990 489.005646 48.961060 573.859985
1576.248047 489.005646 48.961060 573.859985
1576.248047 489.420074 48.961060 574.460022
1576.271973 489.834503 91.525818 574.859985
1576.271973 489.834503 91.525818 574.859985
1576.271973 490.034973 91.525818 575.469971
1576.271973 490.034973 91.525818 575.869995
1576.280029 490.034973 91.525818 575.880005
1576.287964 490.651764 91.525818 576.469971
1576.287964 491.058929 91.525818 576.859985
1576.343994 491.058929 91.525818 576.859985
1576.352051 491.675629 91.525818 577.479980
1576.375977 491.876312 91.525818 577.859985
1576.375977 491.876312 91.525818 577.859985
1576.400024 492.491852 91.525818 578.479980
1576.407959 492.899445 91.525818 578.859985
1576.407959 492.899445 91.525818 578.859985
1576.407959 493.307526 91.525818 579.469971
1576.416016 493.726440 91.525818 579.859985
1576.416016 493.726440 91.525818 579.869995
1576.416016 494.336670 91.525818 580.479980
1576.416016 494.738525 91.525818 580.859985
1576.488037 494.738525 91.525818 580.859985
1576.488037 495.362000 91.525818 581.479980
1576.511963 495.765717 91.525818 581.859985
1576.511963 495.765717 91.525818 581.859985
1576.511963 496.180359 91.525818 582.479980
1576.511963 496.593994 91.525818 582.859985
1576.520020 496.593994 91.525818 582.859985
1576.527954 497.207520 91.525818 583.479980
1576.543945 497.619537 91.525818 583.859985
1576.543945 497.619537 91.525818 583.859985
1576.543945 498.031342 91.525818 584.460022
1576.543945 498.443512 91.525818 584.849976
1576.583984 498.443512 91.525818 584.849976
1576.583984 498.644531 80.997650 585.479980
1576.671997 498.844727 80.997650 585.859985
1576.671997 498.844727 80.997650 585.869995
1576.671997 499.251709 80.997650 586.479980
1576.671997 499.457703 80.997650 586.869995
1576.784058 499.457703 80.997650 586.869995
1576.784058 500.072723 80.997650 587.469971
1576.880005 500.480316 80.997650 587.859985
1576.880005 500.480316 80.997650 587.859985
1576.880005 501.088776 80.997650 588.479980
1576.911987 501.497284 80.997650 588.859985
1576.911987 501.497284 80.997650 588.859985
1576.911987 501.903748 80.997650 589.479980
1576.984009 502.313751 80.997650 589.859985
1577.000000 502.313751 80.997650 589.869995
1577.000000 502.928040 80.997650 590.469971
1577.000000 503.133728 80.997650 590.859985
1577.095947 503.133728 80.997650 590.859985
1577.095947 503.747345 80.997650 591.469971
1577.199951 504.158905 80.997650 591.859985
1577.208008 504.158905 80.997650 591.869995
1577.208008 504.767578 80.997650 592.479980
1577.208008 505.175293 80.997650 592.859985
1577.239990 505.175293 80.997650 592.859985
1577.239990 505.584137 80.997650 593.469971
1577.287964 505.992340 80.997650 593.859985
1577.287964 505.992340 80.997650 593.859985
1577.303955 506.597839 78.515503 594.469971
1577.312012 506.597839 78.515503 594.859985
1577.359985 506.597839 78.515503 594.859985
1577.359985 506.798706 78.515503 595.469971
1577.384033 507.201599 78.515503 595.859985
1577.400024 507.201599 78.515503 595.859985
1577.400024 507.818237 78.515503 596.469971
1577.463989 508.027557 78.515503 596.859985
1577.463989 508.027557 78.515503 596.859985
1577.463989 508.637878 78.515503 597.479980
1577.488037 509.045197 78.515503 597.859985
1577.488037 509.045197 78.515503 597.869995
1577.488037 509.656952 78.515503 598.469971
1577.488037 509.863525 78.515503 598.869995
1577.511963 509.863525 78.515503 598.880005
1577.520020 510.480652 78.515503 599.460022
1577.520020 510.891449 78.515503 599.859985
1577.520020 510.891449 78.515503 599.859985
1577.520020 511.504730 78.515503 600.469971
1577.520020 511.708923 78.515503 600.859985
1577.520020 511.708923 78.515503 600.859985
1577.527954 512.324463 78.515503 601.479980
1577.560059 512.732544 78.515503 601.859985
1577.576050 512.732544 78.515503 601.880005
1577.599976 513.348145 78.515503 602.479980
1577.624023 513.548645 78.515503 602.859985
1577.647949 513.548645 78.515503 602.859985
1577.680054 514.156677 78.515503 603.479980
1577.703979 514.565186 98.543526 603.859985
1577.703979 514.565186 98.543526 603.859985
1577.703979 514.565186 98.543526 604.479980
1577.712036 514.767517 98.543526 604.859985
1577.735962 514.767517 98.543526 604.869995
1577.735962 515.175537 98.543526 605.479980
1577.784058 515.584290 98.543526 605.869995
1577.791992 515.584290 98.543526 605.869995
1577.791992 516.200439 98.543526 606.479980
1577.823975 516.610840 98.543526 606.869995
1577.848022 516.610840 98.543526 606.869995
1577.848022 517.224365 98.543526 607.479980
1577.848022 517.433167 98.543526 607.880005
1577.887939 517.433167 98.543526 607.880005
1577.887939 518.046082 98.543526 608.489990
1577.991943 518.456604 98.543526 608.869995
1578.015991 518.456604 98.543526 608.869995
1578.015991 519.071106 98.543526 609.479980
1578.104004 519.272156 98.543526 609.859985
1578.128052 519.272156 98.543526 609.859985
1578.144043 519.885742 98.543526 610.479980
1578.248047 520.299194 98.543526 610.859985
1578.264038 520.299194 98.543526 610.859985
1578.264038 520.904907 98.543526 611.479980
1578.343994 521.112122 98.543526 611.869995
1578.416016 521.112122 98.543526 611.880005
1578.423950 521.729126 98.543526 612.479980
1578.504028 522.134338 98.543526 612.869995
1578.583984 522.134338 98.543526 612.869995
1578.592041 522.751709 98.543526 613.479980
1578.599976 522.952637 84.595924 613.859985
1578.640015 522.952637 84.595924 613.880005
1578.640015 523.157837 84.595924 614.460022
1578.712036 523.566833 84.595924 614.880005
1578.776001 523.566833 84.595924 614.880005
1578.776001 524.182739 84.595924 615.469971
1578.887939 524.592773 84.595924 615.869995
1578.984009 524.592773 84.595924 615.869995
1578.984009 525.208374 84.595924 616.479980
1579.183960 525.410217 84.595924 616.869995
1579.183960 525.410217 84.595924 616.869995
1579.183960 526.016602 84.595924 617.479980
1579.280029 526.432861 84.595924 617.859985
1579.280029 526.432861 84.595924 617.869995
1579.280029 527.038025 84.595924 618.469971
1579.280029 527.445557 84.595924 618.859985
1579.463989 527.445557 84.595924 618.869995
1579.463989 528.064270 84.595924 619.469971
1579.640015 528.468079 84.595924 619.869995
1579.640015 528.468079 84.595924 619.880005
1579.640015 528.880188 84.595924 620.489990
1579.791992 529.292603 84.595924 620.859985
1579.791992 529.292603 84.595924 620.859985
1579.791992 529.896423 84.595924 621.489990
1579.895996 530.100769 84.595924 621.849976
1579.904053 530.100769 84.595924 621.849976
1579.904053 530.717407 84.595924 622.489990
1580.008057 530.922791 79.379883 622.859985
1580.008057 530.922791 79.379883 622.869995
1580.008057 531.123413 79.379883 623.479980
1580.072021 531.325378 79.379883 623.849976
1580.072021 531.325378 79.379883 623.849976
1580.072021 531.937439 79.379883 624.479980
1580.112061 532.346924 79.379883 624.859985
1580.119995 532.346924 79.379883 624.859985
1580.119995 532.761108 79.379883 625.489990
1580.119995 533.166077 79.379883 625.859985
1580.167969 533.166077 79.379883 625.859985
1580.167969 533.783630 79.379883 626.479980
1580.176025 534.190918 79.379883 626.859985
1580.176025 534.190918 79.379883 626.869995
1580.176025 534.604736 79.379883 627.489990
1580.176025 535.011536 79.379883 627.859985
1580.183960 535.011536 79.379883 627.859985
1580.183960 535.426636 79.379883 628.479980
1580.183960 535.843445 79.379883 628.859985
1580.183960 535.843445 79.379883 628.869995
1580.183960 536.457947 79.379883 629.469971
1580.215942 536.871521 79.379883 629.859985
1580.223999 536.871521 79.379883 629.859985
1580.239990 537.483948 79.379883 630.469971
1580.280029 537.693054 79.379883 630.859985
1580.280029 537.900513 79.379883 630.869995
1580.303955 538.304565 79.379883 631.469971
1580.328003 538.715393 79.379883 631.869995
1580.328003 538.715393 79.379883 631.869995
1580.328003 539.323608 79.379883 632.469971
1580.359985 539.731995 79.379883 632.859985
1580.359985 539.731995 79.379883 632.869995
1580.359985 540.345215 79.379883 633.479980
1580.359985 540.548889 79.379883 633.859985
1580.384033 540.548889 79.379883 633.859985
1580.384033 540.750610 79.340675 634.469971
1580.407959 540.750610 79.340675 634.859985
1580.416016 540.750610 79.340675 634.869995
1580.416016 541.364380 79.340675 635.469971
1580.416016 541.765808 79.340675 635.859985
1580.416016 541.765808 79.340675 635.869995
1580.416016 542.170227 79.340675 636.469971
1580.416016 542.580811 79.340675 636.859985
1580.423950 542.580811 79.340675 636.880005
1580.423950 543.200989 79.340675 637.469971
1580.432007 543.608826 79.340675 637.859985
1580.432007 543.608826 79.340675 637.869995
1580.432007 544.222717 79.340675 638.479980
1580.432007 544.428162 79.340675 638.859985
1580.432007 544.428162 79.340675 638.859985
1580.520020 545.041077 79.340675 639.479980
1580.520020 545.444885 79.340675 639.869995
1580.520020 545.444885 79.340675 639.880005
1580.520020 546.056641 79.340675 640.489990
1580.520020 546.473145 79.340675 640.859985
1580.520020 546.473145 79.340675 640.859985
1580.520020 547.092651 79.340675 641.479980
1580.520020 547.296082 79.340675 641.859985
1580.520020 547.296082 79.340675 641.859985
1580.520020 547.911194 79.340675 642.479980
1580.520020 548.317932 79.340675 642.859985
1580.520020 548.317932 79.340675 642.859985
1580.520020 548.930481 79.340675 643.469971
1580.520020 549.134888 82.019394 643.859985
1580.527954 549.134888 82.019394 643.880005
1580.527954 549.134888 82.019394 644.469971
1580.527954 549.336975 82.019394 644.859985
1580.527954 549.336975 82.019394 644.869995
1580.527954 549.948364 82.019394 645.469971
1580.536011 550.356506 82.019394 645.859985
1580.536011 550.356506 82.019394 645.859985
1580.536011 550.762756 82.019394 646.469971
1580.536011 551.175781 82.019394 646.869995
1580.536011 551.175781 82.019394 646.869995
1580.536011 551.793884 82.019394 647.479980
1580.536011 552.202942 82.019394 647.859985
1580.536011 552.202942 82.019394 647.859985
1580.536011 552.812988 82.019394 648.469971
1580.536011 553.019165 82.019394 648.869995
1580.536011 553.019165 82.019394 648.880005
1580.751953 553.628418 82.019394 649.479980
1580.751953 554.038879 82.019394 649.859985
1580.751953 554.038879 82.019394 649.859985
1580.791992 554.649109 82.019394 650.489990
1580.791992 555.060608 82.019394 650.859985
1580.791992 555.060608 82.019394 650.869995
1580.791992 555.674377 82.019394 651.489990
1580.791992 556.082031 82.019394 651.859985
1580.791992 556.082031 82.019394 651.859985
1580.807983 556.495850 82.019394 652.489990
1580.807983 556.899597 82.019394 652.859985
1580.807983 556.899597 82.019394 652.880005
1580.807983 557.307373 79.177063 653.479980
1580.807983 557.508484 79.177063 653.869995
1580.807983 557.508484 79.177063 653.869995
1580.807983 557.712830 79.177063 654.469971
1580.816040 557.919434 79.177063 654.869995
1580.816040 557.919434 79.177063 654.869995
1580.816040 558.536438 79.177063 655.460022
1580.816040 558.948547 79.177063 655.869995
1580.816040 558.948547 79.177063 655.869995
1580.832031 559.556702 79.177063 656.469971
1580.832031 559.763000 79.177063 656.859985
1580.832031 559.763000 79.177063 656.869995
1580.832031 560.382446 79.177063 657.469971
1580.832031 560.791321 79.177063 657.859985
1580.832031 560.791321 79.177063 657.859985
1580.895996 561.409790 79.177063 658.469971
1580.895996 561.618469 79.177063 658.859985
1580.895996 561.618469 79.177063 658.859985
1580.895996 562.237366 79.177063 659.479980
1580.895996 562.652771 79.177063 659.859985
1580.895996 562.652771 79.177063 659.859985
1580.895996 563.260193 79.177063 660.479980
1580.895996 563.468140 79.177063 660.869995
1580.895996 563.468140 79.177063 660.869995
1580.895996 564.080872 79.177063 661.489990
1580.895996 564.492615 79.177063 661.849976
1580.904053 564.492615 79.177063 661.849976
1580.904053 565.096924 79.177063 662.479980
1580.904053 565.297058 75.742661 662.859985
1580.904053 565.297058 75.742661 662.859985
1580.904053 565.297058 75.742661 663.469971
1580.904053 565.499146 75.742661 663.869995
1580.904053 565.499146 75.742661 663.869995
1580.911987 566.111633 75.742661 664.469971
1580.911987 566.523499 75.742661 664.869995
1580.911987 566.523499 75.742661 664.869995
1580.920044 567.131836 75.742661 665.479980
1580.920044 567.336121 75.742661 665.869995
1580.920044 567.336121 75.742661 665.869995
1580.927979 567.948853 75.742661 666.460022
1580.927979 568.355957 75.742661 666.869995
1580.927979 568.355957 75.742661 666.869995
1581.135986 568.963806 75.742661 667.469971
1581.135986 569.168091 75.742661 667.849976
1581.135986 569.168091 75.742661 667.880005
1581.176025 569.771851 75.742661 668.479980
1581.176025 570.188049 75.742661 668.869995
1581.176025 570.188049 75.742661 668.869995
1581.264038 570.802917 75.742661 669.500000
1581.264038 571.004822 75.742661 669.849976
1581.264038 571.213501 75.742661 669.880005
1582.135986 571.615845 75.742661 670.500000
1582.135986 572.028625 75.742661 670.869995
1582.135986 572.028625 75.742661 670.880005
1582.663940 572.442078 55.406605 671.489990
1582.663940 572.644226 55.406605 671.859985
1582.663940 572.644226 55.406605 671.869995
1583.696045 572.846130 55.406605 672.489990
1583.696045 573.052612 55.406605 672.869995
1583.696045 573.052612 55.406605 672.869995
1584.488037 573.657410 55.406605 673.500000
1584.488037 574.064209 55.406605 673.849976
1584.488037 574.064209 55.406605 673.880005
1585.072021 574.671631 55.406605 674.489990
1585.072021 575.074951 55.406605 674.859985
1585.072021 575.074951 55.406605 674.880005
1585.336060 575.687683 55.406605 675.489990
1585.336060 575.896057 55.406605 675.869995
1585.336060 575.896057 55.406605 675.869995
1585.368042 576.510132 55.406605 676.489990
1585.368042 576.915405 55.406605 676.869995
1585.368042 576.915405 55.406605 676.869995
1585.920044 577.517578 55.406605 677.479980
1585.920044 577.726440 55.406605 677.869995
1585.920044 577.726440 55.406605 677.869995
1586.024048 578.337524 55.406605 678.489990
1586.024048 578.742737 55.406605 678.869995
1586.024048 578.742737 55.406605 678.869995
1586.079956 579.157837 55.406605 679.489990
1586.095947 579.570068 55.406605 679.849976
1586.095947 579.570068 55.406605 679.880005
1586.248047 580.193909 55.406605 680.500000
1586.271973 580.596680 55.406605 680.869995
1586.271973 580.596680 55.406605 680.869995
1586.391968 580.998474 45.896736 681.479980
1586.391968 580.998474 45.896736 681.849976
1586.391968 580.998474 45.896736 681.869995
1586.463989 581.405029 45.896736 682.489990
1586.463989 581.607178 45.896736 682.869995
1586.463989 581.607178 45.896736 682.869995
1586.832031 582.223633 45.896736 683.489990
1586.832031 582.635742 45.896736 683.869995
1586.832031 582.635742 45.896736 683.869995
1587.215942 583.247437 45.896736 684.500000
1587.215942 583.655457 45.896736 684.869995
1587.239990 583.655457 45.896736 684.869995
1587.816040 584.064392 45.896736 685.479980
1587.816040 584.473083 45.896736 685.859985
1587.855957 584.473083 45.896736 685.880005
1588.160034 585.081299 45.896736 686.500000
1588.167969 585.496399 45.896736 686.869995
1588.183960 585.496399 45.896736 686.869995
1588.303955 585.902771 45.896736 687.489990
1588.312012 586.318298 45.896736 687.859985
1588.343994 586.318298 45.896736 687.869995
1588.696045 586.926941 45.896736 688.500000
1588.696045 587.341431 45.896736 688.859985
1588.728027 587.341431 45.896736 688.880005
1588.816040 587.952332 45.896736 689.479980
1588.816040 588.152527 45.896736 689.869995
1588.823975 588.152527 45.896736 689.869995
1588.895996 588.762512 45.896736 690.500000
1588.895996 589.167847 45.896736 690.859985
1588.911987 589.167847 45.896736 690.869995
1589.015991 589.571594 48.562809 691.500000
1589.015991 589.571594 48.562809 691.869995
1589.015991 589.571594 48.562809 691.869995
1589.144043 589.975220 48.562809 692.479980
1589.144043 590.179504 48.562809 692.869995
1589.151978 590.179504 48.562809 692.869995
1589.391968 591.003479 48.562809 693.500000
1589.391968 591.209900 48.562809 693.869995
1589.416016 591.209900 48.562809 693.869995
1589.456055 591.825439 48.562809 694.479980
1589.456055 592.236206 48.562809 694.869995
1589.456055 592.236206 48.562809 694.869995
1589.495972 592.649414 48.562809 695.500000
1589.495972 593.061768 48.562809 695.869995
1589.511963 593.061768 48.562809 695.869995
1589.527954 593.671631 48.562809 696.489990
1589.527954 594.084595 48.562809 696.869995
1589.552002 594.084595 48.562809 696.869995
1589.567993 594.490173 48.562809 697.500000
1589.567993 594.903748 48.562809 697.869995
1589.567993 594.903748 48.562809 697.869995
1589.640015 595.520874 48.562809 698.469971
1589.640015 595.727356 48.562809 698.869995
1589.647949 595.727356 48.562809 698.869995
1589.848022 596.343567 48.562809 699.479980
1589.848022 596.754150 48.562809 699.869995
1589.848022 596.754150 48.562809 699.869995
1590.192017 597.162842 82.701393 700.500000
1590.192017 597.363342 82.701393 700.869995
1590.192017 597.363342 82.701393 700.869995
1590.456055 597.363342 82.701393 701.500000
1590.456055 597.773010 82.701393 701.869995
1590.456055 597.773010 82.701393 701.869995
1591.024048 598.390808 82.701393 702.500000
1591.024048 598.598877 82.701393 702.869995
1591.024048 598.598877 82.701393 702.869995
1591.823975 599.207642 82.701393 703.489990
1591.823975 599.613647 82.701393 703.869995
1591.823975 599.613647 82.701393 703.869995
1592.128052 600.221680 82.701393 704.489990
1592.151978 600.628967 82.701393 704.869995
1592.151978 600.628967 82.701393 704.869995
1592.416016 601.034607 82.701393 705.500000
1592.439941 601.447876 82.701393 705.869995
1592.439941 601.447876 82.701393 705.869995
1592.567993 602.060547 82.701393 706.489990
1592.624023 602.265869 82.701393 706.869995
1592.624023 602.265869 82.701393 706.869995
1592.640015 602.880554 82.701393 707.500000
1592.767944 603.297974 82.701393 707.869995
1592.767944 603.297974 82.701393 707.869995
1592.800049 603.914246 82.701393 708.500000
1592.855957 604.114380 82.701393 708.869995
1592.855957 604.114380 82.701393 708.880005
1592.855957 604.726868 82.701393 709.489990
1592.911987 605.130981 82.701393 709.869995
1592.911987 605.130981 82.701393 709.869995
1592.943970 605.747742 82.701393 710.479980
1593.024048 605.949402 118.277855 710.869995
1593.024048 605.949402 118.277855 710.880005
1593.368042 606.150146 118.277855 711.489990
1593.663940 606.150146 118.277855 711.869995
1593.671997 606.150146 118.277855 711.869995
1593.864014 606.763855 118.277855 712.500000
1593.943970 607.180054 118.277855 712.869995
1593.952026 607.180054 118.277855 712.869995
1594.687988 607.791016 118.277855 713.489990
1594.712036 607.996216 118.277855 713.869995
1594.712036 607.996216 118.277855 713.869995
1595.479980 608.611816 118.277855 714.500000
1595.520020 609.016052 118.277855 714.869995
1595.520020 609.016052 118.277855 714.869995
1595.839966 609.628235 118.277855 715.500000
1595.911987 609.829163 118.277855 715.869995
1595.911987 609.829163 118.277855 715.869995
1596.271973 610.442200 118.277855 716.489990
1596.319946 610.848938 118.277855 716.869995
1596.328003 610.848938 118.277855 716.869995
1596.735962 611.464172 118.277855 717.500000
1596.791992 611.668091 118.277855 717.869995
1596.791992 611.668091 118.277855 717.869995
1597.319946 612.283630 118.277855 718.500000
1597.432007 612.695801 118.277855 718.869995
1597.432007 612.695801 118.277855 718.869995
1597.975952 613.099060 118.277855 719.500000
1598.040039 613.502258 118.277855 719.869995
1598.040039 613.502258 118.277855 719.880005
1598.615967 614.120300 118.277855 720.500000
1598.703979 614.323120 116.300217 720.869995
1598.712036 614.323120 116.300217 720.869995
1599.232056 614.323120 116.300217 721.500000
1599.352051 614.523804 116.300217 721.869995
1599.400024 614.523804 116.300217 721.869995
1600.024048 615.131409 116.300217 722.500000
1600.199951 615.542603 116.300217 722.869995
1600.255981 615.542603 116.300217 722.869995
1600.880005 616.159973 116.300217 723.489990
1601.088013 616.566956 116.300217 723.869995
1601.167969 616.566956 116.300217 723.869995
1602.423950 616.970947 116.300217 724.500000
1602.520020 617.177307 116.300217 724.869995
1602.576050 617.177307 116.300217 724.869995
1603.319946 617.789612 116.300217 725.489990
1603.400024 617.998230 116.300217 725.869995
1603.447998 617.998230 116.300217 725.890015
1604.400024 618.607422 116.300217 726.500000
1604.439941 619.013794 116.300217 726.869995
1604.439941 619.013794 116.300217 726.869995
1605.728027 619.628662 116.300217 727.500000
1605.776001 619.830688 116.300217 727.869995
1605.776001 619.830688 116.300217 727.869995
1606.920044 620.440369 116.300217 728.500000
1606.920044 620.845154 116.300217 728.869995
1607.008057 620.845154 116.300217 728.880005
1608.119995 621.461853 116.300217 729.500000
1608.167969 621.869141 116.300217 729.869995
1608.223999 621.869141 116.300217 729.880005
1609.543945 622.278320 116.300217 730.500000
1609.543945 622.686951 116.300217 730.869995
1609.608032 622.686951 116.300217 730.869995
1610.560059 623.297180 116.300217 731.500000
1610.576050 623.500793 116.300217 731.869995
1610.583984 623.500793 116.300217 731.869995
1612.063965 624.121399 116.300217 732.500000
1612.063965 624.323181 109.235062 732.869995
1612.063965 624.323181 109.235062 732.869995
1613.359985 624.323181 109.235062 733.500000
1613.375977 624.524109 109.235062 733.869995
1613.375977 624.524109 109.235062 733.869995
1614.943970 625.135010 109.235062 734.500000
1614.991943 625.538818 109.235062 734.869995
1614.991943 625.538818 109.235062 734.869995
1616.303955 626.147583 109.235062 735.489990
1616.343994 626.352722 109.235062 735.869995
1616.352051 626.352722 109.235062 735.880005
1618.151978 626.964844 109.235062 736.500000
1618.183960 627.372986 109.235062 736.869995
1618.199951 627.372986 109.235062 736.869995
1619.887939 627.979126 109.235062 737.489990
1619.895996 628.188538 109.235062 737.869995
1619.895996 628.188538 109.235062 737.880005
1621.952026 628.807617 109.235062 738.500000
1621.968018 629.211243 109.235062 738.869995
1621.984009 629.211243 109.235062 738.869995
1624.375977 629.624390 109.235062 739.489990
1624.391968 630.030090 109.235062 739.869995
1624.423950 630.030090 109.235062 739.869995
1627.800049 630.641418 109.235062 740.500000
1627.823975 631.051514 109.235062 740.869995
1627.855957 631.051514 109.235062 740.869995
1633.472046 631.461853 109.235062 741.500000
1633.472046 631.664185 99.054207 741.869995
1633.488037 631.864624 99.054207 741.880005
1640.447998 631.864624 99.054207 742.500000
1640.472046 632.065674 99.054207 742.859985
1640.527954 632.065674 99.054207 742.859985
1644.871948 632.889404 99.054207 743.500000
1644.943970 633.098755 99.054207 743.869995
1644.959961 633.098755 99.054207 743.869995
1650.287964 633.715393 99.054207 744.500000
1650.352051 634.123657 99.054207 744.869995
1650.400024 634.123657 99.054207 744.869995
1657.423950 634.732788 99.054207 745.500000
1657.511963 634.936401 99.054207 745.869995
1657.543945 634.936401 99.054207 745.869995
1664.328003 635.549072 99.054207 746.500000
1664.416016 635.959839 99.054207 746.869995
1664.495972 635.959839 99.054207 746.869995
1671.495972 636.565491 99.054207 747.489990
1671.624023 636.769592 99.054207 747.869995
1671.703979 636.769592 99.054207 747.869995
1675.472046 637.387207 99.054207 748.500000
1675.719971 637.793213 99.054207 748.869995
1675.800049 637.793213 99.054207 748.869995
1678.696045 638.410034 99.054207 749.489990
1678.816040 638.613586 99.054207 749.869995
1678.864014 638.613586 99.054207 749.869995
1681.287964 639.226013 99.054207 750.500000
1681.391968 639.636841 99.054207 750.869995
1681.447998 639.636841 99.054207 750.890015
1684.271973 640.257263 99.054207 751.500000
1684.368042 640.464539 99.054207 751.869995
1684.391968 640.464539 99.054207 751.869995
1687.968018 640.870239 104.821472 752.500000
1688.088013 640.870239 104.821472 752.869995
1688.135986 640.870239 104.821472 752.869995
1691.144043 641.276978 104.821472 753.500000
1691.248047 641.692932 104.821472 753.869995
1691.271973 641.692932 104.821472 753.869995
1695.183960 642.306458 104.821472 754.500000
1695.199951 642.508301 104.821472 754.869995
1695.215942 642.508301 104.821472 754.880005
1698.911987 643.119812 104.821472 755.500000
1698.911987 643.529236 104.821472 755.869995
1698.952026 643.529236 104.821472 755.869995
1703.479980 643.937317 104.821472 756.500000
1703.488037 644.345154 104.821472 756.869995
1703.520020 644.345154 104.821472 756.869995
1707.536011 644.759827 104.821472 757.500000
1707.552002 645.168884 104.821472 757.869995
1707.552002 645.168884 104.821472 757.869995
1710.495972 645.572876 104.821472 758.500000
1710.527954 645.984314 104.821472 758.869995
1710.527954 645.984314 104.821472 758.869995
1714.631958 646.601929 104.821472 759.500000
1714.671997 647.015015 104.821472 759.869995
1714.687988 647.015015 104.821472 759.869995
1718.439941 647.421753 104.821472 760.500000
1718.504028 647.828552 104.821472 760.869995
1718.511963 647.828552 104.821472 760.869995
1722.056030 648.435974 104.821472 761.500000
1722.088013 648.845764 104.821472 761.859985
1722.104004 648.845764 104.821472 761.859985
1724.015991 649.258301 104.821472 762.489990
1724.047974 649.670349 104.821472 762.869995
1724.063965 649.670349 104.821472 762.869995
1725.463989 650.289734 104.821472 763.500000
1725.488037 650.492554 110.342880 763.869995
1725.511963 650.492554 110.342880 763.869995
1726.088013 650.492554 110.342880 764.500000
1726.112061 650.692871 110.342880 764.869995
1726.135986 650.692871 110.342880 764.869995
1727.104004 651.308350 110.342880 765.500000
1727.112061 651.717468 110.342880 765.869995
1727.144043 651.717468 110.342880 765.869995
1742.384033 652.335999 110.342880 766.500000
1742.416016 652.541382 110.342880 766.869995
1742.432007 652.541382 110.342880 766.869995
1754.760010 653.156189 110.342880 767.500000
1754.767944 653.564392 110.342880 767.869995
1754.784058 653.564392 110.342880 767.869995
1769.567993 653.971802 110.342880 768.500000
1769.567993 654.379883 110.342880 768.869995
1769.567993 654.379883 110.342880 768.869995
1776.712036 654.992676 110.342880 769.500000
1776.719971 655.201355 110.342880 769.869995
1776.719971 655.201355 110.342880 769.869995
1782.192017 655.818787 110.342880 770.500000
1782.280029 656.224426 110.342880 770.869995
1782.280029 656.224426 110.342880 770.869995
1786.047974 656.630859 110.342880 771.500000
1786.047974 657.040100 110.342880 771.869995
1786.047974 657.040100 110.342880 771.869995
1789.920044 657.655090 110.342880 772.500000
1789.936035 657.863586 110.342880 772.869995
1789.936035 657.863586 110.342880 772.869995
1793.552002 658.475464 110.342880 773.500000
1793.552002 658.886536 110.342880 773.869995
1793.560059 658.886536 110.342880 773.869995
1796.264038 659.089661 99.606285 774.500000
1796.264038 659.089661 99.606285 774.869995
1796.264038 659.089661 99.606285 774.880005
1798.671997 659.708130 99.606285 775.500000
1798.671997 660.126282 99.606285 775.869995
1798.671997 660.126282 99.606285 775.869995
1801.192017 660.742676 99.606285 776.500000
1801.192017 661.153259 99.606285 776.869995
1801.199951 661.153259 99.606285 776.880005
1803.199951 661.562683 99.606285 777.500000
1803.232056 661.974365 99.606285 777.869995
1803.248047 661.974365 99.606285 777.890015
1805.671997 662.590515 99.606285 778.500000
1805.703979 662.795776 99.606285 778.869995
1805.712036 662.795776 99.606285 778.869995
1808.303955 663.409485 99.606285 779.489990
1808.328003 663.826416 99.606285 779.869995
1808.328003 663.826416 99.606285 779.869995
1811.128052 664.443848 99.606285 780.500000
1811.183960 664.849854 99.606285 780.869995
1811.183960 664.849854 99.606285 780.869995
1815.112061 665.457397 99.606285 781.500000
1815.248047 665.661804 99.606285 781.869995
1815.287964 665.661804 99.606285 781.880005
1822.264038 666.276001 99.606285 782.500000
1822.479980 666.479614 99.606285 782.869995
1822.536011 666.479614 99.606285 782.880005
1827.312012 667.098877 99.606285 783.500000
1827.560059 667.506470 99.606285 783.869995
1827.656006 667.506470 99.606285 783.869995
1833.056030 667.913208 99.606285 784.500000
1833.192017 668.320251 100.548729 784.869995
1833.232056 668.320251 100.548729 784.890015
1835.663940 668.320251 100.548729 785.489990
1835.728027 668.524170 100.548729 785.869995
1835.767944 668.524170 100.548729 785.890015
1836.816040 669.133728 100.548729 786.500000
1836.880005 669.551270 100.548729 786.869995
1836.887939 669.551270 100.548729 786.890015
1838.615967 669.955566 100.548729 787.500000
1838.680054 669.955566 100.548729 787.869995
1838.719971 669.955566 100.548729 787.869995
1841.063965 670.568359 100.548729 788.479980
1841.088013 670.976257 100.548729 788.869995
1841.095947 670.976257 100.548729 788.869995
1842.312012 671.598083 100.548729 789.500000
1842.336060 672.007385 100.548729 789.869995
1842.343994 672.007385 100.548729 789.869995
1843.887939 672.629272 100.548729 790.489990
1843.904053 673.031799 100.548729 790.880005
1843.904053 673.031799 100.548729 790.880005
1853.456055 673.647705 100.548729 791.500000
1853.472046 673.849731 100.548729 791.869995
1853.472046 673.849731 100.548729 791.869995
1860.599976 674.458435 100.548729 792.500000
1860.615967 674.861450 100.548729 792.880005
1860.615967 674.861450 100.548729 792.880005
1866.072021 675.477295 100.548729 793.500000
1866.072021 675.682251 100.548729 793.859985
1866.072021 675.682251 100.548729 793.880005
1870.608032 676.290283 100.548729 794.500000
1870.608032 676.493530 98.505524 794.869995
1870.608032 676.493530 98.505524 794.869995
1874.255981 676.695068 98.505524 795.500000
1874.255981 676.895447 98.505524 795.859985
1874.255981 676.895447 98.505524 795.880005
1877.656006 677.514893 98.505524 796.500000
1877.656006 677.724365 98.505524 796.869995
1877.848022 677.724365 98.505524 796.869995
1880.631958 678.345764 98.505524 797.500000
1880.631958 678.760376 98.505524 797.869995
1880.631958 678.760376 98.505524 797.869995
1883.239990 679.375549 98.505524 798.500000
1883.248047 679.584839 98.505524 798.869995
1883.248047 679.584839 98.505524 798.900024
1885.303955 680.203491 98.505524 799.500000
1885.303955 680.608093 98.505524 799.869995
1885.312012 680.608093 98.505524 799.869995
1887.527954 681.216919 98.505524 800.500000
1887.527954 681.630737 98.505524 800.869995
1887.527954 681.630737 98.505524 800.869995
1889.160034 682.032471 98.505524 801.510010
1889.160034 682.434204 98.505524 801.869995
1889.160034 682.434204 98.505524 801.869995
1891.319946 683.053833 98.505524 802.500000
1891.319946 683.467163 98.505524 802.869995
1891.319946 683.467163 98.505524 802.880005
1893.056030 684.083862 98.505524 803.500000
1893.056030 684.285278 98.505524 803.869995
1893.056030 684.285278 98.505524 803.869995
1894.560059 684.899902 98.505524 804.500000
1894.560059 685.302063 98.505524 804.869995
1894.560059 685.302063 98.505524 804.869995
1896.479980 685.703735 98.505524 805.489990
1896.479980 686.115417 98.505524 805.869995
1896.479980 686.115417 98.505524 805.869995
1897.952026 686.721130 124.324783 806.500000
1897.952026 686.721130 124.324783 806.869995
1897.952026 686.721130 124.324783 806.869995
1899.631958 687.129333 124.324783 807.500000
1899.631958 687.545776 124.324783 807.869995
1899.631958 687.545776 124.324783 807.869995
1901.504028 688.161316 124.324783 808.489990
1901.504028 688.577087 124.324783 808.869995
1901.504028 688.577087 124.324783 808.869995
1903.328003 688.983948 124.324783 809.500000
1903.328003 689.393921 124.324783 809.869995
1903.328003 689.393921 124.324783 809.869995
1905.776001 690.009949 124.324783 810.500000
1905.776001 690.414734 124.324783 810.869995
1905.776001 690.414734 124.324783 810.880005
1910.447998 691.018005 124.324783 811.500000
1910.447998 691.218872 124.324783 811.869995
1910.447998 691.218872 124.324783 811.869995
1914.791992 691.822205 124.324783 812.500000
1914.791992 692.233704 124.324783 812.869995
1914.791992 692.233704 124.324783 812.880005
1921.687988 692.853271 124.324783 813.500000
1921.687988 693.056580 124.324783 813.869995
1921.687988 693.056580 124.324783 813.890015
1925.560059 693.670471 124.324783 814.500000
1925.560059 694.084473 124.324783 814.869995
1925.560059 694.084473 124.324783 814.869995
1927.079956 694.498352 112.740067 815.500000
1927.079956 694.698608 112.740067 815.869995
1927.079956 694.698608 112.740067 815.869995
1929.352051 694.901794 112.740067 816.500000
1929.352051 695.102173 112.740067 816.869995
1929.359985 695.102173 112.740067 816.869995
1932.615967 695.719788 112.740067 817.500000
1932.615967 696.133484 112.740067 817.869995
1932.615967 696.133484 112.740067 817.869995
1937.088013 696.747192 112.740067 818.500000
1937.088013 697.152344 112.740067 818.869995
1937.088013 697.152344 112.740067 818.869995
1942.063965 697.555115 112.740067 819.500000
1942.063965 697.755432 112.740067 819.869995
1942.063965 697.755432 112.740067 819.869995
1945.015991 698.375488 112.740067 820.500000
1945.015991 698.791687 112.740067 820.869995
1945.015991 698.791687 112.740067 820.869995
1948.151978 699.401794 112.740067 821.500000
1948.160034 699.810364 112.740067 821.869995
1948.160034 699.810364 112.740067 821.869995
1951.248047 700.218506 112.740067 822.500000
1951.248047 700.627686 112.740067 822.880005
1951.248047 700.627686 112.740067 822.880005
1953.767944 701.241760 112.740067 823.500000
1953.767944 701.447937 112.740067 823.869995
1953.767944 701.650879 112.740067 823.890015
1955.735962 702.059631 112.740067 824.500000
1955.735962 702.477295 112.740067 824.869995
1955.735962 702.477295 112.740067 824.869995
1958.696045 703.089478 112.740067 825.500000
1958.696045 703.497559 112.740067 825.869995
1958.696045 703.497559 112.740067 825.869995
1961.215942 703.905518 112.740067 826.510010
1961.215942 704.317078 112.740067 826.869995
1961.319946 704.317078 112.740067 826.890015
1963.895996 704.721497 106.897621 827.489990
1963.895996 704.924805 106.897621 827.869995
1963.895996 704.924805 106.897621 827.880005
1965.952026 705.125854 106.897621 828.500000
1965.952026 705.332397 106.897621 828.869995
1965.952026 705.332397 106.897621 828.880005
1967.839966 705.948364 106.897621 829.500000
1967.839966 706.360657 106.897621 829.869995
1967.839966 706.360657 106.897621 829.869995
1970.656006 706.969543 106.897621 830.500000
1970.656006 707.171143 106.897621 830.869995
1970.656006 707.171143 106.897621 830.869995
1972.880005 707.786926 106.897621 831.500000
1972.880005 708.204590 106.897621 831.869995
1972.880005 708.204590 106.897621 831.869995
1975.215942 708.825073 106.897621 832.500000
1975.215942 709.027405 106.897621 832.869995
1975.215942 709.027405 106.897621 832.869995
1977.832031 709.634827 106.897621 833.500000
1977.832031 710.046753 106.897621 833.869995
1977.832031 710.046753 106.897621 833.869995
1981.472046 710.655823 106.897621 834.500000
1981.472046 710.862061 106.897621 834.869995
1981.472046 710.862061 106.897621 834.869995
1985.511963 711.466248 106.897621 835.500000
1985.511963 711.876160 106.897621 835.869995
1985.511963 711.876160 106.897621 835.890015
1990.839966 712.482971 106.897621 836.489990
1990.839966 712.683899 106.897621 836.869995
1990.848022 712.683899 106.897621 836.869995
2003.407959 713.294434 106.897621 837.510010
2003.407959 713.703552 106.897621 837.869995
2003.407959 713.703552 106.897621 837.869995
2021.823975 713.905579 95.294235 838.510010
2021.823975 713.905579 95.294235 838.869995
2021.823975 713.905579 95.294235 838.869995
2031.760010 714.518799 95.294235 839.500000
2031.760010 714.933655 95.294235 839.869995
2031.760010 714.933655 95.294235 839.869995
2040.936035 715.544373 95.294235 840.500000
2040.936035 715.748352 95.294235 840.869995
2040.936035 715.748352 95.294235 840.869995
2047.040039 716.363953 95.294235 841.510010
2047.040039 716.766663 95.294235 841.869995
2047.040039 716.766663 95.294235 841.880005
2052.743896 717.373596 95.294235 842.500000
2052.743896 717.581848 95.294235 842.869995
2052.743896 717.581848 95.294235 842.869995
2058.159912 718.195068 95.294235 843.500000
2058.159912 718.400452 95.294235 843.869995
2058.159912 718.400452 95.294235 843.880005
2062.560059 719.014038 95.294235 844.500000
2062.560059 719.417664 95.294235 844.869995
2062.560059 719.417664 95.294235 844.869995
2068.399902 720.034912 95.294235 845.500000
2068.399902 720.235168 95.294235 845.869995
2068.520020 720.235168 95.294235 845.869995
2074.687988 720.845947 95.294235 846.489990
2074.696045 721.046082 95.294235 846.869995
2074.696045 721.046082 95.294235 846.880005
2081.367920 721.655090 95.294235 847.500000
2081.375977 721.862183 107.949257 847.869995
2081.375977 721.862183 107.949257 847.890015
2085.976074 722.066223 107.949257 848.500000
2085.976074 722.267761 107.949257 848.869995
2085.976074 722.267761 107.949257 848.890015
2087.679932 722.675903 107.949257 849.510010
2087.704102 723.084351 107.949257 849.869995
2087.704102 723.084351 107.949257 849.869995
2090.936035 723.706665 107.949257 850.520020
2090.936035 724.116028 107.949257 850.869995
2090.936035 724.116028 107.949257 850.880005
2095.104004 724.730347 107.949257 851.500000
2095.104004 724.935364 107.949257 851.869995
2095.104004 724.935364 107.949257 851.869995
2096.479980 725.556519 107.949257 852.510010
2096.479980 725.962158 107.949257 852.869995
2096.479980 725.962158 107.949257 852.880005
2097.535889 726.580688 107.949257 853.510010
2097.535889 726.780945 107.949257 853.869995
2097.535889 726.780945 107.949257 853.869995
2098.416016 727.393555 107.949257 854.510010
2098.416016 727.804749 107.949257 854.869995
2098.416016 727.804749 107.949257 854.869995
2099.560059 728.209412 107.949257 855.500000
2099.560059 728.619629 107.949257 855.869995
2099.560059 728.619629 107.949257 855.880005
2100.800049 729.234863 107.949257 856.500000
2100.800049 729.435364 107.949257 856.869995
2100.800049 729.435364 107.949257 856.880005
2101.288086 730.057556 107.949257 857.500000
2101.288086 730.458618 107.949257 857.869995
2101.288086 730.458618 107.949257 857.880005
2101.615967 731.074097 107.949257 858.510010
2101.615967 731.276733 103.093086 858.869995
2101.615967 731.276733 103.093086 858.900024
2102.152100 731.276733 103.093086 859.510010
2102.152100 731.481567 103.093086 859.869995
2102.152100 731.481567 103.093086 859.869995
2102.471924 732.099426 103.093086 860.500000
2102.471924 732.299805 103.093086 860.869995
2102.471924 732.299805 103.093086 860.869995
2102.696045 732.923889 103.093086 861.500000
2102.704102 733.338562 103.093086 861.869995
2102.704102 733.338562 103.093086 861.880005
2103.040039 733.958862 103.093086 862.500000
2103.040039 734.166626 103.093086 862.869995
2103.040039 734.166626 103.093086 862.869995
2103.592041 734.780884 103.093086 863.500000
2103.592041 735.190796 103.093086 863.869995
2103.600098 735.190796 103.093086 863.869995
2104.152100 735.797485 103.093086 864.500000
2104.152100 735.998413 103.093086 864.869995
2104.152100 735.998413 103.093086 864.869995
2104.543945 736.607361 103.093086 865.500000
2104.543945 737.011047 103.093086 865.869995
2104.543945 737.011047 103.093086 865.869995
2104.919922 737.623779 103.093086 866.500000
2104.919922 738.028442 103.093086 866.869995
2104.919922 738.028442 103.093086 866.869995
2105.375977 738.648438 103.093086 867.500000
2105.375977 738.848694 103.093086 867.869995
2105.375977 738.848694 103.093086 867.890015
2105.760010 739.457458 103.093086 868.500000
2105.760010 739.869629 103.093086 868.869995
2105.760010 739.869629 103.093086 868.869995
2105.959961 740.073853 90.515877 869.500000
2105.959961 740.073853 90.515877 869.869995
2105.968018 740.073853 90.515877 869.869995
2106.375977 740.680054 90.515877 870.500000
2106.375977 741.086609 90.515877 870.869995
2106.416016 741.086609 90.515877 870.869995
2106.728027 741.704041 90.515877 871.500000
2106.728027 741.909180 90.515877 871.869995
2106.791992 741.909180 90.515877 871.869995
2107.312012 742.528320 90.515877 872.500000
2107.312012 742.935669 90.515877 872.869995
2107.352051 742.935669 90.515877 872.880005
2107.832031 743.537842 90.515877 873.500000
2107.832031 743.945496 90.515877 873.869995
2107.895996 743.945496 90.515877 873.869995
2108.936035 744.552979 90.515877 874.510010
2108.936035 744.961975 90.515877 874.869995
2108.968018 744.961975 90.515877 874.869995
2111.087891 745.371582 90.515877 875.500000
2111.087891 745.780762 90.515877 875.869995
2111.087891 745.780762 90.515877 875.869995
2115.176025 746.397827 90.515877 876.489990
2115.176025 746.601318 90.515877 876.869995
2115.224121 746.601318 90.515877 876.869995
2119.895996 747.207703 90.515877 877.500000
2119.895996 747.611755 90.515877 877.869995
2119.895996 747.611755 90.515877 877.869995
2122.208008 748.222961 90.515877 878.510010
2122.208008 748.431396 90.515877 878.869995
2122.288086 748.431396 90.515877 878.869995
2122.919922 749.051514 90.515877 879.500000
2122.919922 749.255920 124.906700 879.869995
2122.919922 749.255920 124.906700 879.869995
2123.656006 749.255920 124.906700 880.500000
2123.656006 749.457886 124.906700 880.869995
2123.656006 749.457886 124.906700 880.880005
2124.535889 750.071106 124.906700 881.520020
2124.535889 750.479553 124.906700 881.869995
2124.535889 750.479553 124.906700 881.869995
2125.528076 751.094727 124.906700 882.500000
2125.528076 751.499023 124.906700 882.869995
2125.528076 751.499023 124.906700 882.869995
2126.303955 752.113403 124.906700 883.500000
2126.303955 752.316711 124.906700 883.869995
2126.303955 752.316711 124.906700 883.869995
2126.760010 752.934387 124.906700 884.510010
2126.760010 753.347168 124.906700 884.859985
2126.760010 753.347168 124.906700 884.859985
2126.864014 753.956116 124.906700 885.510010
2126.864014 754.160095 124.906700 885.869995
2126.864014 754.160095 124.906700 885.869995
2127.008057 754.773132 124.906700 886.510010
2127.008057 755.186462 124.906700 886.869995
2127.008057 755.186462 124.906700 886.869995
2127.127930 755.810364 124.906700 887.510010
2127.127930 756.010437 124.906700 887.869995
2127.127930 756.010437 124.906700 887.869995
2127.208008 756.625122 124.906700 888.489990
2127.208008 757.027954 124.906700 888.869995
2127.208008 757.027954 124.906700 888.869995
2127.583984 757.649475 124.906700 889.510010
2127.583984 757.855591 124.906700 889.869995
2127.583984 757.855591 124.906700 889.869995
2128.127930 758.461731 116.652191 890.500000
2128.127930 758.461731 116.652191 890.859985
2128.127930 758.461731 116.652191 890.859985
2129.343994 758.662476 116.652191 891.500000
2129.343994 758.868774 116.652191 891.869995
2129.343994 758.868774 116.652191 891.869995
2134.919922 759.484253 116.652191 892.510010
2134.919922 759.909607 116.652191 892.859985
2134.919922 759.909607 116.652191 892.859985
2142.199951 760.527222 116.652191 893.500000
2142.199951 760.730347 116.652191 893.869995
2142.199951 760.730347 116.652191 893.869995
2149.944092 761.339905 116.652191 894.500000
2149.944092 761.746765 116.652191 894.869995
2149.944092 761.746765 116.652191 894.869995
2153.592041 762.160706 116.652191 895.500000
2153.592041 762.571716 116.652191 895.869995
2153.592041 762.571716 116.652191 895.869995
2156.231934 763.185852 116.652191 896.500000
2156.239990 763.591858 116.652191 896.869995
2156.239990 763.591858 116.652191 896.880005
2158.104004 764.211365 116.652191 897.510010
2158.112061 764.413696 116.652191 897.869995
2158.112061 764.413696 116.652191 897.869995
2159.496094 765.036377 116.652191 898.500000
2159.496094 765.447449 116.652191 898.869995
2159.503906 765.447449 116.652191 898.869995
2160.728027 765.852112 116.652191 899.510010
2160.728027 766.054260 101.855385 899.869995
2160.736084 766.054260 101.855385 899.869995
2162.263916 766.054260 101.855385 900.510010
2162.263916 766.467896 101.855385 900.869995
2162.263916 766.467896 101.855385 900.890015
2164.224121 767.081604 101.855385 901.500000
2164.224121 767.493958 101.855385 901.869995
2164.224121 767.493958 101.855385 901.869995
2168.023926 768.106384 101.855385 902.500000
2168.023926 768.312561 101.855385 902.869995
2168.031982 768.312561 101.855385 902.869995
2173.327881 768.925781 101.855385 903.520020
2173.327881 769.332581 101.855385 903.869995
2173.335938 769.332581 101.855385 903.900024
2178.672119 769.938538 101.855385 904.510010
2178.672119 770.141479 101.855385 904.869995
2178.679932 770.141479 101.855385 904.880005
2196.063965 770.762634 101.855385 905.510010
2196.063965 771.166260 101.855385 905.869995
2196.063965 771.166260 101.855385 905.869995
2203.087891 771.578003 101.855385 906.500000
2203.087891 771.985413 101.855385 906.859985
2203.087891 771.985413 101.855385 906.859985
2206.808105 772.602539 101.855385 907.510010
2206.840088 772.807373 101.855385 907.869995
2206.840088 772.807373 101.855385 907.869995
2208.775879 773.412170 101.855385 908.500000
2208.791992 773.819275 101.855385 908.869995
2208.791992 773.819275 101.855385 908.869995
2210.528076 774.023865 105.874115 909.500000
2210.528076 774.023865 105.874115 909.869995
2210.560059 774.023865 105.874115 909.890015
2214.679932 774.431335 105.874115 910.520020
2214.687988 774.834900 105.874115 910.869995
2214.687988 774.834900 105.874115 910.880005
2217.968018 775.449463 105.874115 911.500000
2217.983887 775.656494 105.874115 911.869995
2218.000000 775.656494 105.874115 911.869995
2218.407959 776.270935 105.874115 912.500000
2218.416016 776.685303 105.874115 912.869995
2218.416016 776.685303 105.874115 912.869995
2219.016113 777.297241 105.874115 913.510010
2219.023926 777.501099 105.874115 913.869995
2219.023926 777.501099 105.874115 913.869995
2219.543945 778.103333 105.874115 914.500000
2219.543945 778.308960 105.874115 914.880005
2219.543945 778.308960 105.874115 914.880005
2220.031982 778.919495 105.874115 915.510010
2220.031982 779.325073 105.874115 915.869995
2220.031982 779.325073 105.874115 915.869995
2220.479980 779.731934 105.874115 916.500000
2220.479980 780.138123 105.874115 916.869995
2220.479980 780.138123 105.874115 916.869995
2220.927979 780.753479 105.874115 917.500000
2220.927979 780.961060 105.874115 917.869995
2220.927979 780.961060 105.874115 917.890015
2221.320068 781.574341 105.874115 918.500000
2221.320068 781.982971 105.874115 918.869995
2221.392090 781.982971 105.874115 918.869995
2221.696045 782.395569 119.598816 919.510010
2221.696045 782.395569 119.598816 919.869995
2221.696045 782.395569 119.598816 919.869995
2222.016113 782.595825 119.598816 920.500000
2222.016113 783.005920 119.598816 920.869995
2222.016113 783.005920 119.598816 920.890015
2222.343994 783.626953 119.598816 921.510010
2222.343994 784.036072 119.598816 921.869995
2222.343994 784.036072 119.598816 921.869995
2222.768066 784.651733 119.598816 922.500000
2222.768066 785.056458 119.598816 922.869995
2222.768066 785.056458 119.598816 922.869995
2222.887939 785.671753 119.598816 923.510010
2222.887939 785.873962 119.598816 923.869995
2222.887939 785.873962 119.598816 923.869995
2222.968018 786.484802 119.598816 924.489990
2222.968018 786.899353 119.598816 924.869995
2222.968018 786.899353 119.598816 924.869995
2223.031982 787.502197 119.598816 925.510010
2223.031982 787.702209 119.598816 925.869995
2223.031982 787.702209 119.598816 925.869995
2223.135986 788.308655 119.598816 926.500000
2223.135986 788.513855 119.598816 926.869995
2223.135986 788.513855 119.598816 926.869995
2223.176025 789.124329 119.598816 927.489990
2223.176025 789.533386 119.598816 927.869995
2223.176025 789.533386 119.598816 927.880005
2223.239990 790.140381 119.598816 928.500000
2223.239990 790.340759 111.661842 928.869995
2223.239990 790.340759 111.661842 928.869995
2223.615967 790.545044 111.661842 929.500000
2223.615967 790.953491 111.661842 929.869995
2223.615967 790.953491 111.661842 929.869995
2223.775879 791.566833 111.661842 930.510010
2223.775879 791.977295 111.661842 930.869995
2223.775879 791.977295 111.661842 930.869995
2223.847900 792.591492 111.661842 931.510010
2223.847900 792.797058 111.661842 931.869995
2223.847900 792.797058 111.661842 931.869995
2223.919922 793.407654 111.661842 932.500000
2223.919922 793.812012 111.661842 932.880005
2223.919922 793.812012 111.661842 932.880005
2224.031982 794.226929 111.661842 933.500000
2224.031982 794.630249 111.661842 933.869995
2224.031982 794.630249 111.661842 933.890015
2224.095947 795.243225 111.661842 934.500000
2224.095947 795.657410 111.661842 934.869995
2224.095947 795.657410 111.661842 934.869995
2224.120117 796.268860 111.661842 935.500000
2224.120117 796.675659 111.661842 935.869995
2224.120117 796.675659 111.661842 935.869995
2224.208008 797.297729 111.661842 936.520020
2224.208008 797.506897 111.661842 936.869995
2224.208008 797.506897 111.661842 936.869995
2224.352051 798.118347 111.661842 937.500000
2224.352051 798.530762 111.661842 937.869995
2224.352051 798.530762 111.661842 937.869995
2224.583984 799.144287 111.661842 938.520020
2224.592041 799.346985 111.661842 938.869995
2224.592041 799.346985 111.661842 938.869995
2225.184082 799.953369 111.661842 939.500000
2225.184082 800.357666 119.094124 939.869995
2225.184082 800.357666 119.094124 939.900024
2225.704102 800.357666 119.094124 940.520020
2225.704102 800.357666 119.094124 940.869995
2225.704102 800.561829 119.094124 940.880005
2226.127930 800.977173 119.094124 941.500000
2226.127930 801.380676 119.094124 941.869995
2226.127930 801.380676 119.094124 941.869995
2226.471924 801.994202 119.094124 942.510010
2226.471924 802.200562 119.094124 942.869995
2226.471924 802.200562 119.094124 942.880005
2226.775879 802.816772 119.094124 943.500000
2226.775879 803.224731 119.094124 943.869995
2226.775879 803.224731 119.094124 943.869995
2228.976074 803.843933 119.094124 944.520020
2228.976074 804.048950 119.094124 944.869995
2228.976074 804.048950 119.094124 944.880005
2236.407959 804.663330 119.094124 945.510010
2236.407959 805.073486 119.094124 945.869995
2236.407959 805.073486 119.094124 945.869995
2247.535889 805.689209 119.094124 946.520020
2247.535889 805.903076 119.094124 946.869995
2247.543945 805.903076 119.094124 946.900024
2255.976074 806.526794 119.094124 947.520020
2255.976074 806.729126 119.094124 947.869995
2256.000000 806.729126 119.094124 947.869995
2262.424072 807.336792 119.094124 948.500000
2262.424072 807.742310 119.094124 948.869995
2262.424072 807.742310 119.094124 948.869995
2267.656006 808.356506 119.094124 949.520020
2267.656006 808.565552 119.094124 949.869995
2267.656006 808.565552 119.094124 949.869995
2273.104004 809.179932 119.094124 950.520020
2273.104004 809.582336 119.094124 950.869995
2273.104004 809.582336 119.094124 950.890015
2276.112061 809.783142 100.523888 951.510010
2276.112061 809.783142 100.523888 951.869995
2276.112061 809.783142 100.523888 951.869995
2280.239990 810.184448 100.523888 952.500000
2280.239990 810.601135 100.523888 952.869995
2280.263916 810.601135 100.523888 952.890015
2281.552002 811.227966 100.523888 953.520020
2281.568115 811.637756 100.523888 953.869995
2281.568115 811.637756 100.523888 953.869995
2282.327881 812.246948 100.523888 954.510010
2282.367920 812.448303 100.523888 954.859985
2282.375977 812.448303 100.523888 954.880005
2283.063965 813.064941 100.523888 955.510010
2283.104004 813.474548 100.523888 955.869995
2283.127930 813.474548 100.523888 955.869995
2284.375977 814.091064 100.523888 956.500000
2284.424072 814.294495 100.523888 956.869995
2284.511963 814.294495 100.523888 956.869995
2285.343994 815.109192 100.523888 957.510010
2285.384033 815.318115 100.523888 957.869995
2285.416016 815.318115 100.523888 957.890015
2287.431885 815.924316 100.523888 958.520020
2287.439941 816.333191 100.523888 958.869995
2287.479980 816.333191 100.523888 958.869995
2290.632080 816.533691 100.523888 959.510010
2290.632080 816.739075 100.523888 959.869995
2290.664062 816.739075 100.523888 959.869995
2296.280029 817.358948 100.523888 960.510010
2296.280029 817.766479 100.523888 960.869995
2296.288086 817.766479 100.523888 960.869995
2312.711914 818.177185 105.275986 961.510010
2312.711914 818.377319 105.275986 961.869995
2312.711914 818.377319 105.275986 961.869995
2321.375977 818.581787 105.275986 962.510010
2321.375977 818.783508 105.275986 962.869995
2321.407959 818.783508 105.275986 962.869995
2325.040039 819.391968 105.275986 963.500000
2325.040039 819.797485 105.275986 963.869995
2325.040039 819.797485 105.275986 963.880005
2328.159912 820.414307 105.275986 964.510010
2328.167969 820.827515 105.275986 964.869995
2328.167969 820.827515 105.275986 964.869995
2330.343994 821.237549 105.275986 965.500000
2330.343994 821.651489 105.275986 965.869995
2330.343994 821.651489 105.275986 965.869995
2332.072021 822.264038 105.275986 966.520020
2332.072021 822.468079 105.275986 966.869995
2332.072021 822.468079 105.275986 966.880005
2333.424072 823.077332 105.275986 967.510010
2333.431885 823.486938 105.275986 967.869995
2333.431885 823.486938 105.275986 967.890015
2334.392090 823.895874 105.275986 968.510010
2334.399902 824.300171 105.275986 968.869995
2334.399902 824.300171 105.275986 968.869995
2335.343994 824.702393 105.275986 969.510010
2335.343994 825.113098 105.275986 969.869995
2335.343994 825.113098 105.275986 969.880005
2336.191895 825.523621 105.275986 970.500000
2336.191895 825.937622 105.275986 970.869995
2336.191895 825.937622 105.275986 970.869995
2336.823975 826.555176 105.275986 971.510010
2336.823975 826.964600 102.338829 971.869995
2336.823975 826.964600 102.338829 971.890015
2337.552002 826.964600 102.338829 972.500000
2337.552002 827.166565 102.338829 972.869995
2337.552002 827.166565 102.338829 972.869995
2338.656006 827.781006 102.338829 973.500000
2338.656006 827.986145 102.338829 973.869995
2338.656006 827.986145 102.338829 973.869995
2339.360107 828.800110 102.338829 974.510010
2339.360107 829.004822 102.338829 974.869995
2339.360107 829.004822 102.338829 974.869995
2339.936035 829.612976 102.338829 975.510010
2339.936035 830.023376 102.338829 975.869995
2339.936035 830.023376 102.338829 975.869995
2340.719971 830.427307 102.338829 976.500000
2340.719971 830.837646 102.338829 976.869995
2340.719971 830.837646 102.338829 976.869995
2342.303955 831.447998 102.338829 977.520020
2342.327881 831.849487 102.338829 977.869995
2342.327881 831.849487 102.338829 977.880005
2343.439941 832.461914 102.338829 978.520020
2343.456055 832.670837 102.338829 978.869995
2343.456055 832.670837 102.338829 978.869995
2344.719971 833.278931 102.338829 979.500000
2344.719971 833.688721 102.338829 979.869995
2344.719971 833.688721 102.338829 979.869995
2345.687988 834.297852 102.338829 980.510010
2345.687988 834.501587 102.338829 980.869995
2345.687988 834.501587 102.338829 980.869995
2346.568115 835.119324 102.338829 981.510010
2346.568115 835.525879 102.338829 981.869995
2346.568115 835.525879 102.338829 981.869995
2347.288086 835.931396 102.338829 982.500000
2347.295898 836.333069 102.338829 982.869995
2347.303955 836.333069 102.338829 982.880005
2347.736084 836.533325 105.018799 983.510010
2347.751953 836.733704 105.018799 983.869995
2347.760010 836.733704 105.018799 983.869995
2348.471924 837.143494 105.018799 984.530029
2348.488037 837.360596 105.018799 984.869995
2348.488037 837.360596 105.018799 984.869995
2349.184082 837.973145 105.018799 985.520020
2349.199951 838.381714 105.018799 985.859985
2349.199951 838.381714 105.018799 985.859985
2350.664062 838.998291 105.018799 986.510010
2350.664062 839.202576 105.018799 986.869995
2350.664062 839.403992 105.018799 986.880005
2351.783936 839.809937 105.018799 987.500000
2351.832031 840.214417 105.018799 987.869995
2351.832031 840.214417 105.018799 987.869995
2354.263916 840.824829 105.018799 988.510010
2354.312012 841.232361 105.018799 988.869995
2354.312012 841.232361 105.018799 988.869995
2357.104004 841.845337 105.018799 989.500000
2357.184082 842.053162 105.018799 989.869995
2357.216064 842.053162 105.018799 989.869995
2362.312012 842.661987 105.018799 990.510010
2362.439941 843.069519 105.018799 990.869995
2362.560059 843.069519 105.018799 990.869995
2371.095947 843.679993 105.018799 991.500000
2371.144043 843.882751 105.018799 991.880005
2371.295898 843.882751 105.018799 991.880005
2386.568115 844.507202 105.018799 992.520020
2386.607910 844.920776 105.018799 992.869995
2386.704102 844.920776 105.018799 992.869995
2397.600098 845.532288 105.018799 993.510010
2397.600098 845.733948 86.924294 993.869995
2397.607910 845.733948 86.924294 993.880005
2405.271973 845.733948 86.924294 994.500000
2405.271973 845.937378 86.924294 994.869995
2405.280029 845.937378 86.924294 994.869995
2407.760010 846.549683 86.924294 995.520020
2407.775879 846.957520 86.924294 995.869995
2407.775879 846.957520 86.924294 995.890015
2409.063965 847.570251 86.924294 996.510010
2409.063965 847.981445 86.924294 996.869995
2409.063965 847.981445 86.924294 996.880005
2410.176025 848.592529 86.924294 997.520020
2410.184082 848.798218 86.924294 997.869995
2410.184082 848.798218 86.924294 997.869995
2411.120117 849.409424 86.924294 998.500000
2411.120117 849.817017 86.924294 998.869995
2411.120117 849.817017 86.924294 998.869995
2411.919922 850.431030 86.924294 999.530029
2411.919922 850.634399 86.924294 999.869995
2411.919922 850.634399 86.924294 999.869995
2412.496094 851.244995 86.924294 1000.510010
2412.496094 851.450134 86.924294 1000.869995
2412.496094 851.450134 86.924294 1000.869995
2412.936035 852.066406 86.924294 1001.510010
2412.936035 852.468506 86.924294 1001.869995
2412.936035 852.468506 86.924294 1001.869995
2413.392090 853.072205 86.924294 1002.510010
2413.392090 853.280273 86.924294 1002.869995
2413.392090 853.280273 86.924294 1002.869995
2413.791992 853.893921 86.924294 1003.530029
2413.791992 854.302734 86.924294 1003.869995
2413.791992 854.302734 86.924294 1003.880005
2414.144043 854.918579 86.924294 1004.520020
2414.144043 854.918579 107.916405 1004.869995
2414.144043 854.918579 107.916405 1004.880005
2414.488037 855.119751 107.916405 1005.510010
2414.488037 855.322876 107.916405 1005.869995
2414.511963 855.322876 107.916405 1005.869995
2414.847900 855.937927 107.916405 1006.510010
2414.847900 856.349426 107.916405 1006.880005
2414.847900 856.349426 107.916405 1006.880005
2415.568115 856.966370 107.916405 1007.510010
2415.568115 857.168884 107.916405 1007.869995
2415.568115 857.168884 107.916405 1007.869995
2416.008057 857.784119 107.916405 1008.520020
2416.008057 858.193115 107.916405 1008.869995
2416.008057 858.193115 107.916405 1008.869995
2416.639893 858.795776 107.916405 1009.489990
2416.647949 859.002502 107.916405 1009.869995
2416.647949 859.002502 107.916405 1009.880005
2417.832031 859.615356 107.916405 1010.510010
2417.832031 860.029724 107.916405 1010.869995
2417.832031 860.029724 107.916405 1010.890015
2418.959961 860.635803 107.916405 1011.500000
2418.959961 860.841675 107.916405 1011.869995
2418.959961 860.841675 107.916405 1011.869995
2419.991943 861.445374 107.916405 1012.520020
2419.991943 861.850342 107.916405 1012.869995
2419.991943 861.850342 107.916405 1012.869995
2420.855957 862.258911 107.916405 1013.500000
2420.855957 862.668701 107.916405 1013.869995
2420.855957 862.668701 107.916405 1013.869995
2421.263916 862.869812 100.238914 1014.510010
2421.263916 862.869812 100.238914 1014.869995
2421.288086 862.869812 100.238914 1014.880005
2421.503906 863.279541 100.238914 1015.510010
2421.503906 863.689758 100.238914 1015.869995
2421.511963 863.689758 100.238914 1015.869995
2422.399902 864.303284 100.238914 1016.510010
2422.399902 864.719727 100.238914 1016.869995
2422.399902 864.719727 100.238914 1016.900024
2427.719971 865.333252 100.238914 1017.500000
2427.751953 865.741455 100.238914 1017.869995
2427.751953 865.741455 100.238914 1017.869995
2435.488037 866.148560 100.238914 1018.500000
2435.488037 866.550232 100.238914 1018.869995
2435.488037 866.550232 100.238914 1018.890015
2439.583984 867.164307 100.238914 1019.520020
2439.583984 867.571655 100.238914 1019.869995
2439.583984 867.571655 100.238914 1019.869995
2441.959961 868.190979 100.238914 1020.510010
2441.959961 868.394958 100.238914 1020.869995
2441.959961 868.394958 100.238914 1020.890015
2444.656006 869.016113 100.238914 1021.500000
2444.656006 869.423462 100.238914 1021.869995
2444.656006 869.423462 100.238914 1021.869995
2446.271973 870.032227 100.238914 1022.520020
2446.271973 870.441284 100.238914 1022.869995
2446.280029 870.441284 100.238914 1022.869995
2447.343994 871.045593 100.238914 1023.520020
2447.343994 871.253906 100.238914 1023.869995
2447.352051 871.253906 100.238914 1023.880005
2448.199951 871.866089 100.238914 1024.520020
2448.199951 872.067627 110.133461 1024.869995
2448.199951 872.067627 110.133461 1024.869995
2449.080078 872.273560 110.133461 1025.500000
2449.080078 872.674683 110.133461 1025.869995
2449.080078 872.674683 110.133461 1025.869995
2449.840088 873.302429 110.133461 1026.510010
2449.840088 873.717224 110.133461 1026.869995
2449.840088 873.717224 110.133461 1026.880005
2450.847900 874.127991 110.133461 1027.510010
2450.847900 874.536255 110.133461 1027.859985
2450.847900 874.536255 110.133461 1027.880005
2451.575928 875.153137 110.133461 1028.520020
2451.575928 875.355957 110.133461 1028.869995
2451.575928 875.355957 110.133461 1028.869995
2451.840088 875.974304 110.133461 1029.520020
2451.840088 876.389648 110.133461 1029.869995
2451.840088 876.389648 110.133461 1029.869995
2452.191895 877.002747 110.133461 1030.510010
2452.191895 877.204224 110.133461 1030.869995
2452.191895 877.204224 110.133461 1030.869995
2452.528076 877.813843 110.133461 1031.510010
2452.528076 878.227478 110.133461 1031.869995
2452.528076 878.227478 110.133461 1031.869995
2452.800049 878.842163 110.133461 1032.510010
2452.800049 879.043518 110.133461 1032.869995
2452.800049 879.043518 110.133461 1032.869995
2452.959961 879.653137 110.133461 1033.510010
2452.959961 880.055359 110.133461 1033.869995
2452.959961 880.055359 110.133461 1033.869995
2453.104004 880.669373 110.133461 1034.510010
2453.104004 880.874817 110.133461 1034.869995
2453.104004 880.874817 110.133461 1034.869995
2453.159912 881.283691 100.245918 1035.500000
2453.159912 881.283691 100.245918 1035.869995
2453.159912 881.283691 100.245918 1035.869995
2453.176025 881.687805 100.245918 1036.500000
2453.176025 882.098877 100.245918 1036.869995
2453.176025 882.098877 100.245918 1036.869995
2453.184082 882.717712 100.245918 1037.520020
2453.184082 883.120483 100.245918 1037.869995
2453.184082 883.120483 100.245918 1037.869995
2453.184082 883.529419 100.245918 1038.500000
2453.184082 883.940308 100.245918 1038.869995
2453.184082 883.940308 100.245918 1038.869995
2453.208008 884.547546 100.245918 1039.500000
2453.208008 884.750610 100.245918 1039.869995
2453.208008 884.750610 100.245918 1039.869995
2453.216064 885.370361 100.245918 1040.510010
2453.216064 885.782959 100.245918 1040.869995
2453.216064 885.782959 100.245918 1040.869995
2453.239990 886.385437 100.245918 1041.500000
2453.239990 886.798340 100.245918 1041.869995
2453.239990 886.798340 100.245918 1041.869995
2453.431885 887.412231 100.245918 1042.500000
2453.431885 887.618591 100.245918 1042.869995
2453.431885 887.618591 100.245918 1042.869995
2453.511963 888.234558 100.245918 1043.500000
2453.511963 888.644165 100.245918 1043.869995
2453.511963 888.644165 100.245918 1043.869995
2453.800049 889.254883 100.245918 1044.510010
2453.800049 889.461060 100.245918 1044.869995
2453.800049 889.461060 100.245918 1044.880005
2454.063965 890.070312 100.245918 1045.530029
2454.087891 890.277405 100.245918 1045.859985
2454.127930 890.277405 100.245918 1045.859985
2454.439941 890.682251 107.913704 1046.530029
2454.456055 890.682251 107.913704 1046.869995
2454.511963 890.682251 107.913704 1046.869995
2454.959961 891.297974 107.913704 1047.520020
2454.983887 891.705261 107.913704 1047.869995
2455.016113 891.705261 107.913704 1047.890015
2455.216064 892.328003 107.913704 1048.500000
2455.216064 892.532043 107.913704 1048.869995
2455.239990 892.532043 107.913704 1048.869995
2455.456055 893.150879 107.913704 1049.520020
2455.456055 893.354370 107.913704 1049.869995
2455.479980 893.562683 107.913704 1049.880005
2455.968018 893.972839 107.913704 1050.500000
2455.968018 894.383545 107.913704 1050.869995
2455.983887 894.383545 107.913704 1050.869995
2456.679932 894.996887 107.913704 1051.520020
2456.679932 895.410217 107.913704 1051.869995
2456.704102 895.410217 107.913704 1051.869995
2457.815918 895.826538 107.913704 1052.510010
2457.815918 896.236755 107.913704 1052.869995
2457.815918 896.236755 107.913704 1052.880005
2459.479980 896.839417 107.913704 1053.500000
2459.496094 897.247314 107.913704 1053.869995
2459.552002 897.247314 107.913704 1053.869995
2468.872070 897.859131 107.913704 1054.500000
2468.912109 898.060669 107.913704 1054.869995
2468.976074 898.060669 107.913704 1054.869995
2483.696045 898.676270 107.913704 1055.530029
2483.768066 898.881470 107.913704 1055.869995
2483.768066 898.881470 107.913704 1055.869995
2492.055908 899.087646 97.529114 1056.520020
2492.055908 899.288879 97.529114 1056.869995
2492.120117 899.288879 97.529114 1056.869995
2496.639893 899.489502 97.529114 1057.510010
2496.687988 899.892151 97.529114 1057.869995
2496.719971 899.892151 97.529114 1057.890015
2497.823975 900.509338 97.529114 1058.510010
2497.855957 900.915344 97.529114 1058.869995
2497.855957 900.915344 97.529114 1058.869995
2498.263916 901.523926 97.529114 1059.530029
2498.312012 901.725464 97.529114 1059.869995
2498.312012 901.725464 97.529114 1059.869995
2498.615967 902.332153 97.529114 1060.500000
2498.624023 902.534607 97.529114 1060.869995
2498.624023 902.534607 97.529114 1060.869995
2498.832031 903.151123 97.529114 1061.530029
2498.895996 903.556946 97.529114 1061.869995
2498.895996 903.556946 97.529114 1061.869995
2499.208008 904.185120 97.529114 1062.530029
2499.248047 904.393188 97.529114 1062.869995
2499.248047 904.393188 97.529114 1062.869995
2499.399902 905.013550 97.529114 1063.500000
2499.407959 905.419617 97.529114 1063.869995
2499.407959 905.419617 97.529114 1063.890015
2499.511963 906.028625 97.529114 1064.520020
2499.543945 906.229858 97.529114 1064.869995
2499.543945 906.229858 97.529114 1064.869995
2499.664062 906.840210 97.529114 1065.520020
2499.687988 907.252258 97.529114 1065.869995
2499.687988 907.252258 97.529114 1065.869995
2499.791992 907.657898 97.529114 1066.520020
2499.808105 908.063904 97.529114 1066.869995
2499.808105 908.063904 97.529114 1066.869995
2499.976074 908.469299 97.529114 1067.500000
2500.023926 908.673035 108.965088 1067.869995
2500.031982 908.673035 108.965088 1067.880005
2500.256104 908.874634 108.965088 1068.510010
2500.256104 909.080688 108.965088 1068.869995
2500.303955 909.080688 108.965088 1068.900024
2500.600098 909.697815 108.965088 1069.530029
2500.607910 910.104248 108.965088 1069.869995
2500.632080 910.104248 108.965088 1069.869995
2500.887939 910.515320 108.965088 1070.520020
2500.927979 910.921143 108.965088 1070.869995
2500.959961 910.921143 108.965088 1070.880005
2501.127930 911.121704 108.965088 1071.500000
2501.127930 911.534058 108.965088 1071.859985
2501.127930 911.534058 108.965088 1071.890015
2501.343994 912.154724 108.965088 1072.500000
2501.343994 913.218384 108.965088 1072.869995
2501.464111 913.218384 108.965088 1072.869995
2501.535889 915.154053 108.965088 1073.510010
2501.855957 916.249634 108.965088 1073.869995
2501.864014 916.249634 108.965088 1073.890015
2501.919922 917.728882 108.965088 1074.500000
2502.023926 918.371582 108.965088 1074.869995
2502.023926 918.371582 108.965088 1074.869995
2502.112061 918.974792 88.828896 1075.500000
2502.184082 918.974792 88.828896 1075.869995
2502.248047 918.974792 88.828896 1075.869995
2502.295898 919.382996 88.828896 1076.500000
2502.320068 919.790649 88.828896 1076.869995
2502.327881 919.790649 88.828896 1076.869995
2502.384033 920.399353 88.828896 1077.500000
2502.407959 920.604248 88.828896 1077.869995
2502.416016 920.604248 88.828896 1077.880005
2502.600098 921.215515 88.828896 1078.520020
2502.600098 921.621887 88.828896 1078.869995
2502.600098 921.621887 88.828896 1078.880005
2503.008057 922.239014 88.828896 1079.520020
2503.008057 922.442932 88.828896 1079.869995
2503.008057 922.442932 88.828896 1079.869995
2503.656006 923.068787 88.828896 1080.520020
2503.656006 923.485718 88.828896 1080.869995
2503.656006 923.485718 88.828896 1080.869995
2504.191895 924.099487 88.828896 1081.520020
2504.191895 924.308960 88.828896 1081.869995
2504.191895 924.308960 88.828896 1081.869995
2504.639893 924.921265 88.828896 1082.500000
2504.639893 925.334900 88.828896 1082.869995
2504.639893 925.334900 88.828896 1082.869995
2509.416016 925.939148 88.828896 1083.530029
2509.416016 926.139954 88.828896 1083.869995
2509.416016 926.139954 88.828896 1083.869995
2516.479980 926.747009 88.828896 1084.510010
2516.479980 926.952942 111.781174 1084.869995
2516.479980 926.952942 111.781174 1084.869995
2517.568115 927.156433 111.781174 1085.530029
2517.568115 927.361450 111.781174 1085.869995
2517.568115 927.361450 111.781174 1085.880005
2517.775879 927.768616 111.781174 1086.530029
2517.775879 928.183350 111.781174 1086.869995
2517.775879 928.183350 111.781174 1086.869995
2518.031982 928.803162 111.781174 1087.530029
2518.031982 929.217285 111.781174 1087.869995
2518.031982 929.217285 111.781174 1087.869995
2518.592041 929.629150 111.781174 1088.500000
2518.592041 930.045227 111.781174 1088.869995
2518.592041 930.045227 111.781174 1088.869995
2518.736084 930.661987 111.781174 1089.500000
2518.736084 931.071838 111.781174 1089.859985
2518.736084 931.071838 111.781174 1089.859985
2518.936035 931.480896 111.781174 1090.520020
2518.936035 931.889526 111.781174 1090.869995
2518.936035 931.889526 111.781174 1090.869995
2519.087891 932.506287 111.781174 1091.520020
2519.087891 932.715149 111.781174 1091.869995
2519.087891 932.715149 111.781174 1091.869995
2519.176025 933.327881 111.781174 1092.510010
2519.176025 933.530029 111.781174 1092.869995
2519.176025 933.530029 111.781174 1092.869995
2519.375977 934.143799 111.781174 1093.520020
2519.375977 934.548828 111.781174 1093.869995
2519.375977 934.548828 111.781174 1093.869995
2519.535889 935.161682 111.781174 1094.520020
2519.535889 935.570374 111.781174 1094.859985
2519.535889 935.570374 111.781174 1094.859985
2519.728027 935.977905 111.781174 1095.489990
2519.728027 936.382080 111.781174 1095.869995
2519.728027 936.382080 111.781174 1095.869995
2519.847900 936.795166 118.662964 1096.500000
2519.847900 936.998108 118.662964 1096.869995
2519.847900 936.998108 118.662964 1096.869995
2519.927979 937.203735 118.662964 1097.520020
2519.927979 937.412415 118.662964 1097.869995
2519.927979 937.412415 118.662964 1097.869995
2520.263916 938.027283 118.662964 1098.500000
2520.263916 938.433777 118.662964 1098.869995
2520.263916 938.433777 118.662964 1098.869995
2520.535889 939.046936 118.662964 1099.520020
2520.535889 939.255981 118.662964 1099.869995
2520.535889 939.255981 118.662964 1099.880005
2520.936035 940.080933 118.662964 1100.530029
2520.936035 940.283997 118.662964 1100.869995
2520.944092 940.283997 118.662964 1100.869995
2521.048096 940.897400 118.662964 1101.530029
2521.048096 941.104797 118.662964 1101.869995
2521.048096 941.104797 118.662964 1101.869995
2521.104004 941.720703 118.662964 1102.510010
2521.104004 942.137573 118.662964 1102.869995
2521.104004 942.137573 118.662964 1102.869995
2521.112061 942.751465 118.662964 1103.530029
2521.112061 943.165039 118.662964 1103.869995
2521.112061 943.165039 118.662964 1103.869995
2521.120117 943.782837 118.662964 1104.500000
2521.120117 943.992737 118.662964 1104.869995
2521.120117 943.992737 118.662964 1104.869995
2521.127930 944.609924 118.662964 1105.530029
2521.127930 945.012878 118.662964 1105.869995
2521.127930 945.012878 118.662964 1105.869995
2521.127930 945.420349 118.662964 1106.500000
2521.127930 945.420349 118.662964 1106.869995
2521.127930 945.420349 118.662964 1106.880005
2521.144043 946.022827 118.662964 1107.530029
2521.144043 946.438904 118.662964 1107.869995
2521.144043 946.438904 118.662964 1107.869995
2521.144043 946.645386 109.716385 1108.500000
2521.144043 946.645386 109.716385 1108.869995
2521.144043 946.645386 109.716385 1108.869995
2521.144043 947.252197 109.716385 1109.520020
2521.144043 947.662415 109.716385 1109.869995
2521.144043 947.662415 109.716385 1109.869995
2521.231934 948.276062 109.716385 1110.520020
2521.231934 948.480347 109.716385 1110.869995
2521.231934 948.480347 109.716385 1110.869995
2521.503906 949.093567 109.716385 1111.520020
2521.503906 949.500610 109.716385 1111.869995
2521.503906 949.500610 109.716385 1111.869995
2521.760010 950.110779 109.716385 1112.520020
2521.760010 950.515015 109.716385 1112.869995
2521.760010 950.515015 109.716385 1112.869995
2521.832031 951.126648 109.716385 1113.520020
2521.832031 951.327271 109.716385 1113.869995
2521.832031 951.327271 109.716385 1113.890015
2521.840088 951.949036 109.716385 1114.520020
2521.840088 952.156921 109.716385 1114.869995
2521.840088 952.156921 109.716385 1114.869995
2521.840088 952.759155 109.716385 1115.510010
2521.840088 953.176331 109.716385 1115.869995
2521.840088 953.176331 109.716385 1115.869995
2521.855957 953.795105 109.716385 1116.520020
2521.855957 954.001648 109.716385 1116.859985
2521.855957 954.001648 109.716385 1116.890015
2521.855957 954.612671 109.716385 1117.520020
2521.855957 955.021851 109.716385 1117.869995
2521.855957 955.021851 109.716385 1117.880005
2521.864014 955.647095 109.716385 1118.520020
2521.864014 955.853943 93.363640 1118.869995
2521.864014 955.853943 93.363640 1118.869995
2521.864014 956.054321 93.363640 1119.520020
2521.864014 956.464966 93.363640 1119.869995
2521.864014 956.464966 93.363640 1119.869995
2521.879883 957.071716 93.363640 1120.500000
2521.879883 957.478516 93.363640 1120.869995
2522.112061 957.478516 93.363640 1120.890015
2522.112061 958.092957 93.363640 1121.530029
2522.112061 958.298523 93.363640 1121.869995
2522.112061 958.298523 93.363640 1121.869995
2522.112061 958.915222 93.363640 1122.510010
2522.112061 959.323669 93.363640 1122.869995
2522.112061 959.323669 93.363640 1122.869995
2522.120117 959.942993 93.363640 1123.500000
2522.120117 960.145813 93.363640 1123.869995
2522.120117 960.145813 93.363640 1123.869995
2522.120117 960.761658 93.363640 1124.520020
2522.120117 961.176331 93.363640 1124.869995
2522.120117 961.176331 93.363640 1124.869995
2522.135986 961.583618 93.363640 1125.510010
2522.135986 961.993530 93.363640 1125.869995
2522.135986 961.993530 93.363640 1125.880005
2522.135986 962.604614 93.363640 1126.510010
2522.135986 963.011658 93.363640 1126.869995
2522.135986 963.011658 93.363640 1126.869995
2522.135986 963.424133 93.363640 1127.530029
2522.135986 963.830078 93.363640 1127.869995
2522.135986 963.830078 93.363640 1127.869995
2522.167969 964.030518 109.089905 1128.500000
2522.167969 964.030518 109.089905 1128.859985
2522.167969 964.030518 109.089905 1128.890015
2522.191895 964.434875 109.089905 1129.520020
2522.191895 964.843567 109.089905 1129.869995
2522.399902 964.843567 109.089905 1129.869995
2522.399902 965.454285 109.089905 1130.530029
2522.399902 965.863525 109.089905 1130.869995
2522.399902 965.863525 109.089905 1130.869995
2522.447998 966.269714 109.089905 1131.500000
2522.447998 966.683838 109.089905 1131.869995
2522.447998 966.683838 109.089905 1131.869995
2522.511963 967.295837 109.089905 1132.489990
2522.511963 967.708130 109.089905 1132.869995
2522.511963 967.708130 109.089905 1132.880005
2522.600098 968.320435 109.089905 1133.520020
2522.600098 968.521912 109.089905 1133.869995
2522.600098 968.521912 109.089905 1133.890015
2522.639893 969.143799 109.089905 1134.520020
2522.639893 969.344604 109.089905 1134.869995
2522.639893 969.344604 109.089905 1134.869995
2522.664062 969.958313 109.089905 1135.510010
2522.664062 970.370300 109.089905 1135.869995
2522.664062 970.370300 109.089905 1135.880005
2522.696045 970.977539 109.089905 1136.530029
2522.696045 971.381470 109.089905 1136.869995
2522.696045 971.381470 109.089905 1136.869995
2522.775879 971.797546 109.089905 1137.510010
2522.775879 972.206177 109.089905 1137.869995
2522.775879 972.206177 109.089905 1137.900024
2522.808105 972.826965 109.089905 1138.530029
2522.808105 973.033386 109.089905 1138.869995
2522.808105 973.033386 109.089905 1138.869995
2522.823975 973.446106 108.050919 1139.520020
2522.823975 973.646179 108.050919 1139.869995
2522.823975 973.646179 108.050919 1139.880005
2522.847900 973.851929 108.050919 1140.520020
2522.847900 974.263855 108.050919 1140.869995
2522.847900 974.263855 108.050919 1140.890015
2522.912109 974.877197 108.050919 1141.520020
2522.919922 975.081787 108.050919 1141.869995
2522.936035 975.081787 108.050919 1141.880005
2522.968018 975.701233 108.050919 1142.520020
2522.976074 975.906372 108.050919 1142.880005
2523.000000 975.906372 108.050919 1142.880005
2523.016113 976.518188 108.050919 1143.500000
2523.016113 976.925293 108.050919 1143.869995
2523.023926 976.925293 108.050919 1143.880005
2523.055908 977.528931 108.050919 1144.500000
2523.055908 977.937317 108.050919 1144.869995
2523.080078 977.937317 108.050919 1144.869995
2523.104004 978.341797 108.050919 1145.510010
2523.104004 978.753296 108.050919 1145.869995
2523.112061 978.753296 108.050919 1145.869995
2523.112061 979.377441 108.050919 1146.500000
2523.112061 979.789429 108.050919 1146.869995
2523.112061 979.789429 108.050919 1146.890015
2523.112061 980.400879 108.050919 1147.530029
2523.112061 980.609070 108.050919 1147.869995
2523.120117 980.609070 108.050919 1147.869995
2523.120117 981.215759 108.050919 1148.510010
2523.120117 981.417969 108.050919 1148.869995
2523.127930 981.417969 108.050919 1148.869995
2523.152100 981.619019 96.905319 1149.500000
2523.152100 981.619019 96.905319 1149.869995
2523.191895 981.619019 96.905319 1149.869995
2523.191895 982.227600 96.905319 1150.500000
2523.191895 982.636963 96.905319 1150.869995
2523.199951 982.636963 96.905319 1150.890015
2523.199951 983.253967 96.905319 1151.510010
2523.199951 983.460876 96.905319 1151.869995
2523.199951 983.460876 96.905319 1151.869995
2523.208008 984.078613 96.905319 1152.500000
2523.208008 984.492798 96.905319 1152.869995
2523.208008 984.492798 96.905319 1152.869995
2523.216064 985.102234 96.905319 1153.500000
2523.216064 985.303162 96.905319 1153.869995
2523.216064 985.303162 96.905319 1153.869995
2523.216064 985.917725 96.905319 1154.500000
2523.216064 986.323486 96.905319 1154.869995
2523.224121 986.323486 96.905319 1154.880005
2523.224121 986.939209 96.905319 1155.500000
2523.224121 987.141541 96.905319 1155.869995
2523.256104 987.141541 96.905319 1155.869995
2523.256104 987.750732 96.905319 1156.530029
2523.256104 988.161926 96.905319 1156.869995
2523.375977 988.161926 96.905319 1156.869995
2523.392090 988.764832 96.905319 1157.500000
2523.392090 988.967407 96.905319 1157.869995
2523.456055 988.967407 96.905319 1157.869995
2523.479980 989.586792 96.905319 1158.500000
2523.479980 989.999939 96.905319 1158.869995
2523.647949 989.999939 96.905319 1158.869995
2523.656006 990.615112 96.905319 1159.500000
2523.656006 990.821167 96.905319 1159.869995
2523.728027 990.821167 96.905319 1159.869995
2523.743896 991.227478 103.988358 1160.520020
2523.760010 991.227478 103.988358 1160.869995
2523.808105 991.227478 103.988358 1160.869995
2523.808105 991.635559 103.988358 1161.510010
2523.840088 991.842651 103.988358 1161.869995
2523.855957 991.842651 103.988358 1161.869995
2523.855957 992.671570 103.988358 1162.530029
2523.855957 992.878845 103.988358 1162.869995
2523.855957 992.878845 103.988358 1162.900024
2523.855957 993.496582 103.988358 1163.510010
2523.855957 993.905151 103.988358 1163.869995
2523.855957 993.905151 103.988358 1163.869995
2523.855957 994.315552 103.988358 1164.500000
2523.872070 994.728882 103.988358 1164.869995
2523.872070 994.728882 103.988358 1164.890015
2523.872070 995.341675 103.988358 1165.510010
2523.872070 995.541931 103.988358 1165.880005
2523.872070 995.541931 103.988358 1165.880005
2523.879883 996.164734 103.988358 1166.530029
2523.879883 996.366272 103.988358 1166.869995
2523.895996 996.366272 103.988358 1166.869995
2523.904053 996.986023 103.988358 1167.510010
2523.904053 997.397339 103.988358 1167.869995
2523.927979 997.397339 103.988358 1167.869995
2523.927979 998.009216 103.988358 1168.500000
2523.927979 998.217590 103.988358 1168.869995
2523.936035 998.217590 103.988358 1168.880005
2523.936035 998.838318 103.988358 1169.520020
2523.936035 999.255432 103.988358 1169.869995
2523.991943 999.255432 103.988358 1169.890015
2523.991943 999.862671 103.988358 1170.530029
2523.991943 1000.270020 103.988358 1170.869995
2524.008057 1000.270020 103.988358 1170.869995
2524.008057 1000.671326 102.165154 1171.520020
2524.008057 1000.671326 102.165154 1171.869995
2524.008057 1000.671326 102.165154 1171.890015
2524.008057 1000.876343 102.165154 1172.500000
2524.008057 1001.284790 102.165154 1172.869995
2524.008057 1001.284790 102.165154 1172.869995
2524.008057 1001.904663 102.165154 1173.520020
2524.008057 1002.314087 102.165154 1173.869995
2524.008057 1002.314087 102.165154 1173.869995
2524.016113 1002.719849 102.165154 1174.530029
2524.016113 1003.128479 102.165154 1174.880005
2524.016113 1003.128479 102.165154 1174.880005
2524.055908 1003.739746 102.165154 1175.520020
2524.055908 1003.943359 102.165154 1175.869995
2524.063965 1003.943359 102.165154 1175.869995
2524.072021 1004.553040 102.165154 1176.500000
2524.072021 1004.760254 102.165154 1176.869995
2524.072021 1004.760254 102.165154 1176.869995
2524.087891 1005.370667 102.165154 1177.520020
2524.087891 1005.577576 102.165154 1177.869995
2524.095947 1005.577576 102.165154 1177.869995
2524.127930 1006.188171 102.165154 1178.520020
2524.127930 1006.600098 102.165154 1178.869995
2524.127930 1006.600098 102.165154 1178.869995
2524.135986 1007.218811 102.165154 1179.510010
2524.135986 1007.423706 102.165154 1179.869995
2524.135986 1007.423706 102.165154 1179.869995
2524.144043 1007.623962 97.427567 1180.530029
2524.144043 1007.623962 97.427567 1180.869995
2524.144043 1007.623962 97.427567 1180.869995
2524.144043 1008.032410 97.427567 1181.520020
2524.144043 1008.439575 97.427567 1181.869995
2524.152100 1008.439575 97.427567 1181.869995
2524.552002 1009.054321 97.427567 1182.500000
2524.552002 1009.260559 97.427567 1182.869995
2524.552002 1009.260559 97.427567 1182.869995
2525.048096 1009.884460 97.427567 1183.520020
2525.048096 1010.292419 97.427567 1183.859985
2525.055908 1010.292419 97.427567 1183.890015
2525.312012 1010.906921 97.427567 1184.530029
2525.312012 1011.109741 97.427567 1184.869995
2525.320068 1011.109741 97.427567 1184.880005
2525.656006 1011.719482 97.427567 1185.500000
2525.656006 1012.131042 97.427567 1185.880005
2525.656006 1012.131042 97.427567 1185.880005
2526.080078 1012.746338 97.427567 1186.510010
2526.080078 1012.948120 97.427567 1186.869995
2526.080078 1012.948120 97.427567 1186.869995
2526.144043 1013.552490 97.427567 1187.520020
2526.144043 1013.962891 97.427567 1187.869995
2526.152100 1013.962891 97.427567 1187.869995
2526.159912 1014.568665 97.427567 1188.520020
2526.159912 1014.769470 97.427567 1188.869995
2526.167969 1014.769470 97.427567 1188.880005
2526.167969 1015.385559 97.427567 1189.500000
2526.167969 1015.789062 97.427567 1189.869995
2526.167969 1015.789062 97.427567 1189.869995
2526.167969 1016.396790 97.427567 1190.520020
2526.167969 1016.601746 97.427567 1190.869995
2526.167969 1016.601746 97.427567 1190.869995
2526.167969 1017.006348 108.432533 1191.500000
2526.167969 1017.006348 108.432533 1191.869995
2526.167969 1017.006348 108.432533 1191.880005
2526.191895 1017.408020 108.432533 1192.520020
2526.191895 1017.611511 108.432533 1192.869995
2526.199951 1017.611511 108.432533 1192.869995
2526.216064 1018.442261 108.432533 1193.500000
2526.216064 1018.650513 108.432533 1193.869995
2526.216064 1018.650513 108.432533 1193.869995
2526.239990 1019.259766 108.432533 1194.520020
2526.239990 1019.665833 108.432533 1194.869995
2526.239990 1019.665833 108.432533 1194.869995
2526.303955 1020.077393 108.432533 1195.500000
2526.303955 1020.481812 108.432533 1195.869995
2526.303955 1020.481812 108.432533 1195.869995
2526.320068 1020.894958 108.432533 1196.530029
2526.320068 1021.308594 108.432533 1196.869995
2526.320068 1021.308594 108.432533 1196.890015
2526.335938 1021.923828 108.432533 1197.530029
2526.335938 1022.126526 108.432533 1197.869995
2526.367920 1022.126526 108.432533 1197.880005
2526.375977 1022.732849 108.432533 1198.520020
2526.375977 1023.137512 108.432533 1198.869995
2526.375977 1023.137512 108.432533 1198.869995
2526.375977 1023.746765 108.432533 1199.520020
2526.375977 1024.160400 108.432533 1199.869995
2526.375977 1024.160400 108.432533 1199.880005
2526.384033 1024.571167 108.432533 1200.500000
2526.384033 1024.776489 114.615555 1200.869995
2526.384033 1024.776489 114.615555 1200.880005
2526.399902 1024.976562 114.615555 1201.520020
2526.399902 1025.177490 114.615555 1201.869995
2526.399902 1025.177490 114.615555 1201.869995
2526.407959 1025.588013 114.615555 1202.520020
2526.407959 1026.005127 114.615555 1202.869995
2526.407959 1026.005127 114.615555 1202.869995
2526.431885 1026.632568 114.615555 1203.500000
2526.431885 1027.046509 114.615555 1203.869995
2526.431885 1027.046509 114.615555 1203.869995
2526.488037 1027.663452 114.615555 1204.500000
2526.488037 1027.871826 114.615555 1204.869995
2526.488037 1027.871826 114.615555 1204.869995
2526.496094 1028.488892 114.615555 1205.500000
2526.496094 1028.899536 114.615555 1205.869995
2526.496094 1028.899536 114.615555 1205.869995
2526.503906 1029.512695 114.615555 1206.500000
2526.503906 1029.925903 114.615555 1206.869995
2526.503906 1029.925903 114.615555 1206.890015
2526.528076 1030.539307 114.615555 1207.530029
2526.528076 1030.746460 114.615555 1207.869995
2526.528076 1030.746460 114.615555 1207.869995
2526.575928 1031.367065 114.615555 1208.520020
2526.575928 1031.774780 114.615555 1208.869995
2526.575928 1031.774780 114.615555 1208.869995
2526.615967 1032.192749 114.615555 1209.500000
2526.615967 1032.594238 114.615555 1209.869995
2526.615967 1032.594238 114.615555 1209.869995
2526.672119 1033.216675 114.615555 1210.520020
2526.672119 1033.627197 114.615555 1210.869995
2526.672119 1033.627197 114.615555 1210.869995
2526.872070 1034.238770 114.615555 1211.500000
2526.872070 1034.447754 114.615555 1211.869995
2526.872070 1034.447754 114.615555 1211.869995
2527.000000 1035.058838 130.206802 1212.520020
2527.000000 1035.058838 130.206802 1212.869995
2527.000000 1035.058838 130.206802 1212.869995
2527.152100 1035.260986 130.206802 1213.510010
2527.152100 1035.669556 130.206802 1213.869995
2527.152100 1035.669556 130.206802 1213.869995
2527.352051 1036.288086 130.206802 1214.510010
2527.352051 1036.697144 130.206802 1214.869995
2527.352051 1036.697144 130.206802 1214.869995
2527.704102 1037.108154 130.206802 1215.500000
2527.704102 1037.516602 130.206802 1215.869995
2527.704102 1037.516602 130.206802 1215.869995
2527.800049 1038.130981 130.206802 1216.520020
2527.800049 1038.539185 130.206802 1216.869995
2527.832031 1038.539185 130.206802 1216.869995
2528.040039 1039.147705 130.206802 1217.500000
2528.040039 1039.350708 130.206802 1217.859985
2528.040039 1039.350708 130.206802 1217.859985
2528.120117 1039.968750 130.206802 1218.510010
2528.120117 1040.378662 130.206802 1218.869995
2528.120117 1040.378662 130.206802 1218.869995
2528.416016 1040.991577 130.206802 1219.500000
2528.416016 1041.193115 130.206802 1219.869995
2528.416016 1041.193115 130.206802 1219.869995
2528.543945 1041.808960 130.206802 1220.520020
2528.543945 1042.217773 130.206802 1220.869995
2528.543945 1042.217773 130.206802 1220.869995
2528.679932 1042.835327 130.206802 1221.510010
2528.679932 1043.039551 130.206802 1221.869995
2528.679932 1043.039551 130.206802 1221.869995
2528.823975 1043.651733 130.206802 1222.530029
2528.823975 1043.853516 107.793381 1222.869995
2528.823975 1043.853516 107.793381 1222.869995
2528.976074 1044.054199 107.793381 1223.510010
2528.976074 1044.259155 107.793381 1223.869995
2528.976074 1044.259155 107.793381 1223.869995
2529.407959 1044.866089 107.793381 1224.510010
2529.407959 1045.275757 107.793381 1224.869995
2529.407959 1045.275757 107.793381 1224.869995
2529.503906 1045.889160 107.793381 1225.530029
2529.503906 1046.090820 107.793381 1225.869995
2529.503906 1046.090820 107.793381 1225.880005
2529.600098 1046.707764 107.793381 1226.530029
2529.600098 1047.116577 107.793381 1226.869995
2529.607910 1047.116577 107.793381 1226.869995
2529.672119 1047.728638 107.793381 1227.500000
2529.672119 1047.936157 107.793381 1227.869995
2529.672119 1047.936157 107.793381 1227.869995
2529.808105 1048.555054 107.793381 1228.520020
2529.808105 1048.964844 107.793381 1228.869995
2529.808105 1048.964844 107.793381 1228.869995
2529.968018 1049.582642 107.793381 1229.530029
2529.968018 1049.789185 107.793381 1229.869995
2529.968018 1049.789185 107.793381 1229.869995
2530.216064 1050.413452 107.793381 1230.530029
2530.216064 1050.830444 107.793381 1230.869995
2530.216064 1050.830444 107.793381 1230.869995
2530.335938 1051.238770 107.793381 1231.500000
2530.335938 1051.644531 107.793381 1231.869995
2530.335938 1051.644531 107.793381 1231.890015
2530.632080 1051.847534 99.790878 1232.530029
2530.632080 1051.847534 99.790878 1232.869995
2530.632080 1051.847534 99.790878 1232.869995
2531.208008 1052.252808 99.790878 1233.530029
2531.208008 1052.666626 99.790878 1233.869995
2531.208008 1052.666626 99.790878 1233.869995
2531.879883 1053.279541 99.790878 1234.530029
2531.879883 1053.687988 99.790878 1234.869995
2531.879883 1053.687988 99.790878 1234.869995
2532.535889 1054.299316 99.790878 1235.520020
2532.535889 1054.505127 99.790878 1235.869995
2532.535889 1054.505127 99.790878 1235.869995
2532.855957 1055.124146 99.790878 1236.500000
2532.855957 1055.526123 99.790878 1236.869995
2532.855957 1055.526123 99.790878 1236.869995
2533.000000 1056.148560 99.790878 1237.500000
2533.000000 1056.354858 99.790878 1237.880005
2533.000000 1056.354858 99.790878 1237.880005
2533.303955 1056.973633 99.790878 1238.510010
2533.303955 1057.383423 99.790878 1238.869995
2533.303955 1057.383423 99.790878 1238.869995
2533.552002 1057.989014 99.790878 1239.530029
2533.552002 1058.193970 99.790878 1239.869995
2533.552002 1058.193970 99.790878 1239.869995
2533.823975 1058.811890 99.790878 1240.520020
2533.823975 1059.017822 99.790878 1240.869995
2533.823975 1059.017822 99.790878 1240.869995
2533.904053 1059.421631 112.014664 1241.520020
2533.904053 1059.421631 112.014664 1241.869995
2533.904053 1059.421631 112.014664 1241.869995
2533.944092 1059.829712 112.014664 1242.520020
2533.944092 1060.236328 112.014664 1242.869995
2533.944092 1060.236328 112.014664 1242.869995
2534.063965 1060.846680 112.014664 1243.500000
2534.063965 1061.055054 112.014664 1243.869995
2534.072021 1061.055054 112.014664 1243.869995
2534.208008 1061.670532 112.014664 1244.520020
2534.208008 1062.080322 112.014664 1244.869995
2534.208008 1062.080322 112.014664 1244.869995
2534.239990 1062.699829 112.014664 1245.520020
2534.239990 1062.909302 112.014664 1245.869995
2534.239990 1062.909302 112.014664 1245.890015
2534.295898 1063.527100 112.014664 1246.500000
2534.295898 1063.933838 112.014664 1246.869995
2534.312012 1063.933838 112.014664 1246.869995
2534.320068 1064.550293 112.014664 1247.500000
2534.320068 1064.752197 112.014664 1247.869995
2534.320068 1064.752197 112.014664 1247.900024
2534.392090 1065.363281 112.014664 1248.510010
2534.392090 1065.568115 112.014664 1248.869995
2534.399902 1065.568115 112.014664 1248.869995
2534.424072 1066.187256 112.014664 1249.500000
2534.424072 1066.389160 107.687943 1249.869995
2534.439941 1066.389160 107.687943 1249.869995
2534.456055 1066.596436 107.687943 1250.500000
2534.456055 1066.804810 107.687943 1250.869995
2534.471924 1066.804810 107.687943 1250.869995
2534.520020 1067.619019 107.687943 1251.500000
2534.528076 1068.023071 107.687943 1251.869995
2534.600098 1068.023071 107.687943 1251.869995
2534.768066 1068.431763 107.687943 1252.520020
2534.783936 1068.842041 107.687943 1252.869995
2534.847900 1068.842041 107.687943 1252.869995
2535.087891 1069.457764 107.687943 1253.520020
2535.095947 1069.664795 107.687943 1253.869995
2535.112061 1069.664795 107.687943 1253.869995
2535.384033 1070.275269 107.687943 1254.530029
2535.456055 1070.676270 107.687943 1254.869995
2535.471924 1070.676270 107.687943 1254.869995
2535.760010 1071.287476 107.687943 1255.500000
2535.768066 1071.490356 107.687943 1255.869995
2535.775879 1071.490356 107.687943 1255.869995
2535.983887 1072.102905 107.687943 1256.530029
2536.000000 1072.303467 107.687943 1256.869995
2536.031982 1072.303467 107.687943 1256.880005
2536.159912 1072.910645 107.687943 1257.530029
2536.159912 1073.319946 107.687943 1257.869995
2536.208008 1073.319946 107.687943 1257.880005
2536.256104 1073.934937 107.687943 1258.520020
2536.288086 1074.141968 107.687943 1258.869995
2536.320068 1074.141968 107.687943 1258.869995
2536.479980 1074.748779 107.687943 1259.500000
2536.488037 1074.953979 107.687943 1259.869995
2536.488037 1074.953979 107.687943 1259.880005
2536.575928 1075.571899 103.434273 1260.520020
2536.575928 1075.571899 103.434273 1260.869995
2536.575928 1075.571899 103.434273 1260.869995
2536.719971 1075.772339 103.434273 1261.530029
2536.719971 1075.974121 103.434273 1261.859985
2536.719971 1076.179932 103.434273 1261.869995
2536.847900 1076.791748 103.434273 1262.520020
2536.847900 1077.198242 103.434273 1262.869995
2536.847900 1077.198242 103.434273 1262.880005
2537.016113 1077.810913 103.434273 1263.500000
2537.055908 1078.015625 103.434273 1263.869995
2537.063965 1078.015625 103.434273 1263.869995
2537.248047 1078.621704 103.434273 1264.489990
2537.288086 1079.029175 103.434273 1264.869995
2537.320068 1079.029175 103.434273 1264.869995
2537.672119 1079.637207 103.434273 1265.520020
2537.672119 1079.845459 103.434273 1265.869995
2537.672119 1079.845459 103.434273 1265.869995
2537.991943 1080.462891 103.434273 1266.530029
2537.991943 1080.869751 103.434273 1266.869995
2537.991943 1080.869751 103.434273 1266.890015
2538.072021 1081.479614 103.434273 1267.520020
2538.072021 1081.681763 116.023048 1267.869995
2538.120117 1081.681763 116.023048 1267.890015
2538.184082 1081.681763 116.023048 1268.500000
2538.199951 1081.883545 116.023048 1268.869995
2538.248047 1081.883545 116.023048 1268.869995
2538.312012 1082.287476 116.023048 1269.510010
2538.360107 1082.697876 116.023048 1269.869995
2538.375977 1082.697876 116.023048 1269.869995
2538.447998 1083.314941 116.023048 1270.510010
2538.456055 1083.720337 116.023048 1270.869995
2538.471924 1083.720337 116.023048 1270.869995
2539.016113 1084.332886 116.023048 1271.489990
2539.023926 1084.534912 116.023048 1271.869995
2539.055908 1084.534912 116.023048 1271.869995
2543.256104 1085.143433 116.023048 1272.510010
2543.263916 1085.550171 116.023048 1272.869995
2543.263916 1085.550171 116.023048 1272.869995
2549.600098 1086.166748 116.023048 1273.520020
2549.600098 1086.367065 116.023048 1273.869995
2549.607910 1086.367065 116.023048 1273.890015
2552.560059 1086.983032 116.023048 1274.530029
2552.600098 1087.394653 116.023048 1274.869995
2552.664062 1087.394653 116.023048 1274.869995
2553.864014 1087.798828 116.023048 1275.520020
2553.864014 1088.210938 116.023048 1275.869995
2553.936035 1088.210938 116.023048 1275.869995
2554.679932 1088.823853 116.023048 1276.510010
2554.679932 1089.029053 116.023048 1276.869995
2554.728027 1089.029053 116.023048 1276.869995
2555.135986 1089.644287 116.023048 1277.520020
2555.135986 1089.848267 111.295738 1277.869995
2555.152100 1089.848267 111.295738 1277.869995
2555.520020 1090.050903 111.295738 1278.500000
2555.535889 1090.253296 111.295738 1278.869995
2555.592041 1090.253296 111.295738 1278.869995
2555.912109 1090.866577 111.295738 1279.510010
2555.912109 1091.072388 111.295738 1279.869995
2555.927979 1091.072388 111.295738 1279.880005
2556.439941 1091.689209 111.295738 1280.530029
2556.439941 1092.097412 111.295738 1280.869995
2556.447998 1092.097412 111.295738 1280.880005
2556.904053 1092.709351 111.295738 1281.510010
2556.904053 1093.119995 111.295738 1281.869995
2556.904053 1093.119995 111.295738 1281.869995
2557.248047 1093.524048 111.295738 1282.500000
2557.248047 1093.933228 111.295738 1282.869995
2557.263916 1093.933228 111.295738 1282.869995
2557.560059 1094.548706 111.295738 1283.500000
2557.600098 1094.750977 111.295738 1283.869995
2557.719971 1094.750977 111.295738 1283.869995
2558.048096 1095.363403 111.295738 1284.500000
2558.072021 1095.772095 111.295738 1284.869995
2558.072021 1095.772095 111.295738 1284.869995
2558.424072 1096.180908 99.101723 1285.530029
2558.447998 1096.180908 99.101723 1285.869995
2558.511963 1096.180908 99.101723 1285.890015
2560.783936 1096.807007 99.101723 1286.530029
2560.832031 1097.223511 99.101723 1286.869995
2560.864014 1097.223511 99.101723 1286.869995
2561.815918 1097.838501 99.101723 1287.530029
2561.823975 1098.044922 99.101723 1287.869995
2561.832031 1098.044922 99.101723 1287.890015
2562.112061 1098.662476 99.101723 1288.500000
2562.112061 1099.071167 99.101723 1288.869995
2562.112061 1099.071167 99.101723 1288.880005
2562.639893 1099.477661 99.101723 1289.530029
2562.639893 1099.882446 99.101723 1289.869995
2562.639893 1099.882446 99.101723 1289.869995
2563.407959 1100.498779 99.101723 1290.530029
2563.407959 1100.705566 99.101723 1290.869995
2563.407959 1100.705566 99.101723 1290.869995
2565.800049 1101.317383 99.101723 1291.530029
2565.800049 1101.523926 99.101723 1291.869995
2565.800049 1101.523926 99.101723 1291.869995
2568.983887 1102.137939 99.101723 1292.500000
2568.983887 1102.542480 99.101723 1292.859985
2568.983887 1102.542480 99.101723 1292.859985
2572.375977 1103.154663 99.101723 1293.500000
2572.375977 1103.356934 99.101723 1293.869995
2572.375977 1103.356934 99.101723 1293.869995
2575.783936 1103.969360 99.101723 1294.530029
2575.783936 1104.385132 99.101723 1294.869995
2575.783936 1104.385132 99.101723 1294.869995
2578.639893 1104.989136 99.101723 1295.520020
2578.639893 1105.197388 99.101723 1295.859985
2578.639893 1105.197388 99.101723 1295.859985
2580.951904 1105.401245 99.687111 1296.500000
2580.951904 1105.602051 99.687111 1296.869995
2580.951904 1105.602051 99.687111 1296.890015
2583.271973 1106.009399 99.687111 1297.530029
2583.271973 1106.215820 99.687111 1297.869995
2583.280029 1106.215820 99.687111 1297.869995
2585.424072 1106.833618 99.687111 1298.510010
2585.424072 1107.239868 99.687111 1298.869995
2585.424072 1107.239868 99.687111 1298.890015
2586.672119 1107.852783 99.687111 1299.530029
2586.679932 1108.260742 99.687111 1299.869995
2586.679932 1108.260742 99.687111 1299.869995
2587.919922 1108.877075 99.687111 1300.510010
2587.927979 1109.082031 99.687111 1300.869995
2587.927979 1109.082031 99.687111 1300.869995
2589.063965 1109.695923 99.687111 1301.500000
2589.063965 1110.100708 99.687111 1301.869995
2589.063965 1110.100708 99.687111 1301.869995
2589.775879 1110.715698 99.687111 1302.520020
2589.775879 1110.915771 99.687111 1302.869995
2589.775879 1111.119751 99.687111 1302.880005
2590.704102 1111.523193 99.687111 1303.530029
2590.704102 1111.936768 99.687111 1303.869995
2590.704102 1111.936768 99.687111 1303.869995
2591.144043 1112.556641 99.687111 1304.530029
2591.144043 1112.966553 99.687111 1304.869995
2591.144043 1112.966553 99.687111 1304.869995
2591.823975 1113.578491 99.687111 1305.530029
2591.823975 1113.779907 99.687111 1305.869995
2591.823975 1113.779907 99.687111 1305.869995
2592.280029 1114.398315 99.687111 1306.510010
2592.280029 1114.603149 125.697296 1306.869995
2592.280029 1114.603149 125.697296 1306.890015
2592.656006 1114.803711 125.697296 1307.530029
2592.656006 1115.008179 125.697296 1307.869995
2592.656006 1115.008179 125.697296 1307.869995
2592.912109 1115.637573 125.697296 1308.510010
2592.912109 1116.052246 125.697296 1308.869995
2592.912109 1116.052246 125.697296 1308.869995
2593.224121 1116.669922 125.697296 1309.510010
2593.224121 1117.077637 125.697296 1309.869995
2593.224121 1117.077637 125.697296 1309.869995
2593.456055 1117.691406 125.697296 1310.530029
2593.456055 1117.895264 125.697296 1310.869995
2593.456055 1117.895264 125.697296 1310.869995
2593.528076 1118.507080 125.697296 1311.530029
2593.528076 1118.918945 125.697296 1311.869995
2593.528076 1118.918945 125.697296 1311.869995
2593.719971 1119.536133 125.697296 1312.530029
2593.719971 1119.738159 125.697296 1312.869995
2593.719971 1119.738159 125.697296 1312.869995
2594.087891 1120.355469 125.697296 1313.510010
2594.087891 1120.762695 125.697296 1313.869995
2594.087891 1120.762695 125.697296 1313.869995
2594.320068 1121.379761 125.697296 1314.530029
2594.320068 1121.582764 125.697296 1314.869995
2594.320068 1121.582764 125.697296 1314.869995
2594.399902 1122.192261 125.697296 1315.520020
2594.399902 1122.602417 125.697296 1315.869995
2594.399902 1122.602417 125.697296 1315.880005
2594.520020 1123.214600 125.697296 1316.520020
2594.520020 1123.420654 125.697296 1316.869995
2594.520020 1123.420654 125.697296 1316.869995
2594.639893 1123.620972 110.277779 1317.510010
2594.639893 1123.620972 110.277779 1317.869995
2594.647949 1123.620972 110.277779 1317.869995
2594.823975 1124.026245 110.277779 1318.510010
2594.823975 1124.440796 110.277779 1318.869995
2594.823975 1124.440796 110.277779 1318.869995
2594.968018 1125.056274 110.277779 1319.520020
2594.968018 1125.464844 110.277779 1319.869995
2594.968018 1125.464844 110.277779 1319.869995
2595.104004 1126.080811 110.277779 1320.520020
2595.104004 1126.281006 110.277779 1320.869995
2595.104004 1126.281006 110.277779 1320.869995
2595.135986 1126.900269 110.277779 1321.510010
2595.135986 1127.311157 110.277779 1321.859985
2595.144043 1127.311157 110.277779 1321.880005
2595.704102 1127.721191 110.277779 1322.500000
2595.704102 1128.128662 110.277779 1322.869995
2595.704102 1128.128662 110.277779 1322.869995
2596.000000 1128.737549 110.277779 1323.520020
2596.000000 1128.942017 110.277779 1323.869995
2596.000000 1128.942017 110.277779 1323.869995
2596.199951 1129.557617 110.277779 1324.500000
2596.199951 1129.962402 110.277779 1324.869995
2596.199951 1129.962402 110.277779 1324.869995
2596.352051 1130.574707 110.277779 1325.500000
2596.352051 1130.774902 110.277779 1325.849976
2596.352051 1130.980347 110.277779 1325.880005
2596.560059 1131.396729 110.277779 1326.500000
2596.560059 1131.805786 110.277779 1326.869995
2596.583984 1131.805786 110.277779 1326.869995
2596.687988 1132.419434 110.277779 1327.530029
2596.687988 1132.620361 110.277779 1327.869995
2596.687988 1132.620361 110.277779 1327.869995
2596.840088 1133.233276 110.277779 1328.510010
2596.840088 1133.436157 117.031693 1328.869995
2596.840088 1133.436157 117.031693 1328.869995
2596.840088 1133.638916 117.031693 1329.520020
2596.840088 1133.638916 117.031693 1329.859985
2596.840088 1133.638916 117.031693 1329.869995
2596.840088 1134.255249 117.031693 1330.500000
2596.840088 1134.667603 117.031693 1330.869995
2596.840088 1134.667603 117.031693 1330.869995
2596.840088 1135.289062 117.031693 1331.500000
2596.840088 1135.701782 117.031693 1331.869995
2596.840088 1135.701782 117.031693 1331.880005
2596.855957 1136.315186 117.031693 1332.500000
2596.855957 1136.519409 117.031693 1332.859985
2596.855957 1136.519409 117.031693 1332.859985
2596.855957 1137.129150 117.031693 1333.520020
2596.855957 1137.543579 117.031693 1333.859985
2596.855957 1137.543579 117.031693 1333.869995
2596.872070 1137.949585 117.031693 1334.500000
2596.895996 1138.355347 117.031693 1334.859985
2596.904053 1138.355347 117.031693 1334.859985
2596.927979 1138.972778 117.031693 1335.510010
2596.927979 1139.375366 117.031693 1335.869995
2596.944092 1139.375366 117.031693 1335.869995
2597.000000 1139.991333 117.031693 1336.510010
2597.000000 1140.191528 99.474091 1336.869995
2597.000000 1140.191528 99.474091 1336.869995
2597.023926 1140.393188 99.474091 1337.530029
2597.023926 1140.393188 99.474091 1337.869995
2597.023926 1140.393188 99.474091 1337.869995
2597.031982 1141.005493 99.474091 1338.520020
2597.031982 1141.413208 99.474091 1338.859985
2597.031982 1141.413208 99.474091 1338.880005
2597.040039 1142.028442 99.474091 1339.510010
2597.040039 1142.231567 99.474091 1339.869995
2597.040039 1142.231567 99.474091 1339.869995
2597.080078 1142.849609 99.474091 1340.500000
2597.080078 1143.255371 99.474091 1340.849976
2597.080078 1143.255371 99.474091 1340.880005
2597.104004 1143.871948 99.474091 1341.510010
2597.104004 1144.073975 99.474091 1341.869995
2597.112061 1144.073975 99.474091 1341.869995
2597.120117 1144.685669 99.474091 1342.500000
2597.120117 1145.087036 99.474091 1342.839966
2597.135986 1145.087036 99.474091 1342.890015
2597.135986 1145.696289 99.474091 1343.510010
2597.135986 1145.899536 99.474091 1343.869995
2597.135986 1145.899536 99.474091 1343.869995
2597.135986 1146.515991 99.474091 1344.530029
2597.135986 1146.924316 99.474091 1344.859985
2597.135986 1146.924316 99.474091 1344.890015
2597.152100 1147.531616 99.474091 1345.500000
2597.152100 1147.739502 99.474091 1345.869995
2597.152100 1147.739502 99.474091 1345.869995
2597.184082 1148.355347 99.474091 1346.530029
2597.184082 1148.765137 99.474091 1346.859985
2597.184082 1148.765137 99.474091 1346.880005
2597.191895 1149.168335 104.801125 1347.520020
2597.191895 1149.168335 104.801125 1347.869995
2597.191895 1149.168335 104.801125 1347.869995
2597.199951 1149.373169 104.801125 1348.510010
2597.199951 1149.785400 104.801125 1348.869995
2597.199951 1149.785400 104.801125 1348.869995
2597.248047 1150.393311 104.801125 1349.510010
2597.248047 1150.801514 104.801125 1349.869995
2597.248047 1150.801514 104.801125 1349.869995
2597.280029 1151.414551 104.801125 1350.530029
2597.280029 1151.616455 104.801125 1350.869995
2597.280029 1151.616455 104.801125 1350.869995
2597.327881 1152.225220 104.801125 1351.500000
2597.327881 1152.631104 104.801125 1351.869995
2597.367920 1152.631104 104.801125 1351.890015
2597.375977 1153.041870 104.801125 1352.520020
2597.375977 1153.454956 104.801125 1352.869995
2597.375977 1153.454956 104.801125 1352.869995
2597.407959 1154.065674 104.801125 1353.520020
2597.407959 1154.265869 104.801125 1353.869995
2597.407959 1154.265869 104.801125 1353.869995
2597.407959 1154.876831 104.801125 1354.510010
2597.407959 1155.283081 104.801125 1354.859985
2597.407959 1155.283081 104.801125 1354.890015
2597.488037 1155.896118 104.801125 1355.510010
2597.488037 1156.099609 104.801125 1355.869995
2597.488037 1156.099609 104.801125 1355.869995
2597.511963 1156.709351 104.801125 1356.520020
2597.511963 1157.119019 104.801125 1356.869995
2597.511963 1157.119019 104.801125 1356.869995
2597.511963 1157.527466 96.898979 1357.510010
2597.511963 1157.729370 96.898979 1357.869995
2597.511963 1157.729370 96.898979 1357.869995
2597.511963 1157.729370 96.898979 1358.530029
2597.511963 1158.140381 96.898979 1358.869995
2597.511963 1158.140381 96.898979 1358.869995
2597.511963 1158.758911 96.898979 1359.520020
2597.511963 1158.967529 96.898979 1359.859985
2597.535889 1159.171021 96.898979 1359.880005
2597.535889 1159.585205 96.898979 1360.500000
2597.535889 1159.993042 96.898979 1360.869995
2597.535889 1159.993042 96.898979 1360.869995
2597.535889 1160.609253 96.898979 1361.510010
2597.535889 1161.012573 96.898979 1361.859985
2597.535889 1161.012573 96.898979 1361.880005
2597.560059 1161.422852 96.898979 1362.500000
2597.560059 1161.835449 96.898979 1362.869995
2597.560059 1161.835449 96.898979 1362.890015
2597.560059 1162.445312 96.898979 1363.510010
2597.560059 1162.859863 96.898979 1363.859985
2597.560059 1162.859863 96.898979 1363.859985
2597.568115 1163.481567 96.898979 1364.510010
2597.575928 1163.683350 96.898979 1364.859985
2597.575928 1163.683350 96.898979 1364.880005
2597.600098 1164.296875 96.898979 1365.500000
2597.600098 1164.702637 96.898979 1365.869995
2597.600098 1164.702637 96.898979 1365.869995
2597.600098 1165.321655 96.898979 1366.520020
2597.600098 1165.525635 114.614304 1366.859985
2597.600098 1165.525635 114.614304 1366.880005
2597.600098 1165.729736 114.614304 1367.520020
2597.600098 1165.935669 114.614304 1367.869995
2597.600098 1165.935669 114.614304 1367.869995
2597.600098 1166.556763 114.614304 1368.500000
2597.600098 1166.965942 114.614304 1368.849976
2597.600098 1166.965942 114.614304 1368.880005
2597.600098 1167.578613 114.614304 1369.510010
2597.600098 1167.781006 114.614304 1369.859985
2597.672119 1167.781006 114.614304 1369.859985
2597.672119 1168.401001 114.614304 1370.489990
2597.687988 1168.814209 114.614304 1370.859985
2597.687988 1168.814209 114.614304 1370.859985
2597.687988 1169.432739 114.614304 1371.520020
2597.719971 1169.639893 114.614304 1371.859985
2597.719971 1169.639893 114.614304 1371.880005
2597.719971 1170.246704 114.614304 1372.530029
2597.719971 1170.658447 114.614304 1372.869995
2597.719971 1170.658447 114.614304 1372.869995
2597.736084 1171.273682 114.614304 1373.520020
2597.736084 1171.476440 114.614304 1373.869995
2597.736084 1171.476440 114.614304 1373.880005
2597.743896 1172.083130 114.614304 1374.530029
2597.743896 1172.488037 114.614304 1374.849976
2597.743896 1172.488037 114.614304 1374.880005
2597.743896 1173.103149 114.614304 1375.520020
2597.743896 1173.306641 114.614304 1375.869995
2597.743896 1173.306641 114.614304 1375.869995
2597.743896 1173.917847 114.614304 1376.520020
2597.743896 1174.323120 114.614304 1376.859985
2597.743896 1174.323120 114.614304 1376.869995
2597.751953 1174.728516 107.926544 1377.520020
2597.751953 1174.728516 107.926544 1377.869995
2597.751953 1174.728516 107.926544 1377.880005
2597.768066 1175.342896 107.926544 1378.520020
2597.768066 1175.552734 107.926544 1378.869995
2597.832031 1175.552734 107.926544 1378.869995
2597.887939 1176.161865 107.926544 1379.530029
2597.887939 1176.567261 107.926544 1379.869995
2598.112061 1176.567261 107.926544 1379.880005
2598.120117 1177.182373 107.926544 1380.520020
2598.120117 1177.390381 107.926544 1380.869995
2598.120117 1177.390381 107.926544 1380.869995
2598.120117 1177.996094 107.926544 1381.500000
2598.120117 1178.406372 107.926544 1381.869995
2598.120117 1178.406372 107.926544 1381.869995
2598.120117 1179.018921 107.926544 1382.520020
2598.120117 1179.222534 107.926544 1382.869995
2598.120117 1179.222534 107.926544 1382.869995
2598.127930 1179.833496 107.926544 1383.520020
2598.127930 1180.240845 107.926544 1383.869995
2598.127930 1180.240845 107.926544 1383.880005
2598.167969 1180.857788 107.926544 1384.500000
2598.176025 1181.060425 107.926544 1384.859985
2598.176025 1181.060425 107.926544 1384.880005
2598.176025 1181.676025 107.926544 1385.520020
2598.176025 1182.081543 107.926544 1385.869995
2598.176025 1182.081543 107.926544 1385.869995
2598.176025 1182.692505 107.926544 1386.530029
2598.176025 1182.894043 107.926544 1386.859985
2598.176025 1182.894043 107.926544 1386.880005
2598.176025 1183.508423 107.926544 1387.500000
2598.176025 1183.709717 110.382378 1387.869995
2598.176025 1183.709717 110.382378 1387.869995
2598.176025 1183.709717 110.382378 1388.500000
2598.176025 1183.915161 110.382378 1388.859985
2598.176025 1183.915161 110.382378 1388.880005
2598.176025 1184.526001 110.382378 1389.520020
2598.176025 1184.941772 110.382378 1389.869995
2598.176025 1184.941772 110.382378 1389.880005
2598.184082 1185.557861 110.382378 1390.530029
2598.184082 1185.761475 110.382378 1390.869995
2598.184082 1185.761475 110.382378 1390.869995
2598.216064 1186.577271 110.382378 1391.530029
2598.216064 1186.783813 110.382378 1391.869995
2598.216064 1186.783813 110.382378 1391.869995
2598.216064 1187.401733 110.382378 1392.500000
2598.216064 1187.603271 110.382378 1392.869995
2598.216064 1187.603271 110.382378 1392.869995
2598.231934 1188.220825 110.382378 1393.520020
2598.231934 1188.635498 110.382378 1393.869995
2598.231934 1188.635498 110.382378 1393.869995
2598.256104 1189.245117 110.382378 1394.530029
2598.256104 1189.445801 110.382378 1394.859985
2598.256104 1189.650513 110.382378 1394.880005
2598.256104 1190.062988 110.382378 1395.500000
2598.256104 1190.467285 110.382378 1395.869995
2598.263916 1190.467285 110.382378 1395.890015
2598.263916 1190.874146 110.382378 1396.500000
2598.263916 1191.078857 107.702629 1396.869995
2598.327881 1191.078857 107.702629 1396.869995
2598.327881 1191.078857 107.702629 1397.520020
2598.327881 1191.488647 107.702629 1397.859985
2598.335938 1191.488647 107.702629 1397.869995
2598.335938 1192.113647 107.702629 1398.500000
2598.335938 1192.529175 107.702629 1398.869995
2598.335938 1192.529175 107.702629 1398.869995
2598.335938 1193.145752 107.702629 1399.500000
2598.335938 1193.351562 107.702629 1399.869995
2598.343994 1193.351562 107.702629 1399.880005
2598.343994 1193.961426 107.702629 1400.510010
2598.343994 1194.375122 107.702629 1400.869995
2598.343994 1194.375122 107.702629 1400.869995
2598.352051 1194.991455 107.702629 1401.510010
2598.352051 1195.194336 107.702629 1401.869995
2598.352051 1195.194336 107.702629 1401.869995
2598.352051 1195.807129 107.702629 1402.510010
2598.352051 1196.213257 107.702629 1402.869995
2598.367920 1196.213257 107.702629 1402.869995
2598.367920 1196.620239 107.702629 1403.520020
2598.367920 1197.033203 107.702629 1403.869995
2598.367920 1197.033203 107.702629 1403.869995
2598.367920 1197.648071 107.702629 1404.510010
2598.367920 1198.053345 107.702629 1404.869995
2598.367920 1198.053345 107.702629 1404.869995
2598.367920 1198.461426 122.277222 1405.510010
2598.367920 1198.461426 122.277222 1405.869995
2598.375977 1198.461426 122.277222 1405.869995
2598.375977 1198.662354 122.277222 1406.510010
2598.375977 1198.867798 122.277222 1406.859985
2598.375977 1198.867798 122.277222 1406.880005
2598.375977 1199.475098 122.277222 1407.500000
2598.375977 1199.884277 122.277222 1407.869995
2598.375977 1199.884277 122.277222 1407.869995
2598.375977 1200.500366 122.277222 1408.510010
2598.375977 1200.705078 122.277222 1408.869995
2598.375977 1200.705078 122.277222 1408.869995
2598.375977 1201.319214 122.277222 1409.500000
2598.375977 1201.720337 122.277222 1409.869995
2598.375977 1201.720337 122.277222 1409.869995
2598.375977 1202.348389 122.277222 1410.500000
2598.375977 1202.762695 122.277222 1410.859985
2598.384033 1202.762695 122.277222 1410.869995
2598.399902 1203.379761 122.277222 1411.520020
2598.399902 1203.586792 122.277222 1411.869995
2598.399902 1203.586792 122.277222 1411.880005
2598.399902 1204.205688 122.277222 1412.510010
2598.399902 1204.616089 122.277222 1412.869995
2598.399902 1204.616089 122.277222 1412.880005
2598.399902 1205.223267 122.277222 1413.500000
2598.399902 1205.424927 122.277222 1413.849976
2598.399902 1205.424927 122.277222 1413.880005
2598.399902 1206.037109 122.277222 1414.520020
2598.399902 1206.439697 117.632286 1414.869995
2598.399902 1206.439697 117.632286 1414.869995
2598.416016 1206.439697 117.632286 1415.500000
2598.416016 1206.643677 117.632286 1415.869995
2598.416016 1206.643677 117.632286 1415.869995
2598.416016 1207.066528 117.632286 1416.520020
2598.416016 1207.473145 117.632286 1416.869995
2598.416016 1207.473145 117.632286 1416.869995
2598.416016 1208.089722 117.632286 1417.510010
2598.416016 1208.499268 117.632286 1417.869995
2598.416016 1208.499268 117.632286 1417.869995
2598.416016 1208.912354 117.632286 1418.500000
2598.416016 1209.325684 117.632286 1418.859985
2598.416016 1209.325684 117.632286 1418.880005
2598.424072 1209.939941 117.632286 1419.500000
2598.424072 1210.145264 117.632286 1419.869995
2598.424072 1210.145264 117.632286 1419.869995
2598.424072 1210.762207 117.632286 1420.500000
2598.424072 1210.968262 117.632286 1420.869995
2598.456055 1210.968262 117.632286 1420.869995
2598.456055 1211.582520 117.632286 1421.500000
2598.456055 1211.986206 117.632286 1421.869995
2598.456055 1211.986206 117.632286 1421.869995
2598.464111 1212.393311 117.632286 1422.500000
2598.464111 1212.806396 117.632286 1422.859985
2598.471924 1212.806396 117.632286 1422.880005
2598.471924 1213.420288 117.632286 1423.500000
2598.471924 1213.832642 117.632286 1423.869995
2598.471924 1213.832642 117.632286 1423.869995
2598.511963 1214.235229 108.006996 1424.500000
2598.511963 1214.437866 108.006996 1424.869995
2598.511963 1214.437866 108.006996 1424.869995
2598.552002 1214.849854 108.006996 1425.500000
2598.552002 1215.255493 108.006996 1425.859985
2598.560059 1215.255493 108.006996 1425.880005
2598.560059 1215.875244 108.006996 1426.500000
2598.560059 1216.080811 108.006996 1426.869995
2598.560059 1216.080811 108.006996 1426.869995
2598.568115 1216.698120 108.006996 1427.530029
2598.568115 1217.105347 108.006996 1427.869995
2598.568115 1217.105347 108.006996 1427.869995
2598.568115 1217.721802 108.006996 1428.510010
2598.568115 1218.134888 108.006996 1428.869995
2598.575928 1218.134888 108.006996 1428.869995
2598.583984 1218.740845 108.006996 1429.520020
2598.583984 1218.941406 108.006996 1429.869995
2598.583984 1218.941406 108.006996 1429.869995
2598.583984 1219.556519 108.006996 1430.500000
2598.583984 1219.763794 108.006996 1430.869995
2598.592041 1219.763794 108.006996 1430.869995
2598.600098 1220.378174 108.006996 1431.500000
2598.600098 1220.790283 108.006996 1431.869995
2598.647949 1220.790283 108.006996 1431.869995
2598.647949 1221.411621 108.006996 1432.500000
2598.647949 1221.816650 108.006996 1432.869995
2598.719971 1221.816650 108.006996 1432.869995
2598.728027 1222.421387 108.006996 1433.500000
2598.728027 1222.626343 108.006996 1433.869995
2598.728027 1222.626343 108.006996 1433.869995
2598.728027 1223.244629 108.006996 1434.500000
2598.728027 1223.444824 110.343475 1434.869995
2598.728027 1223.444824 110.343475 1434.869995
2598.728027 1223.645630 110.343475 1435.510010
2598.728027 1223.851074 110.343475 1435.869995
2598.728027 1223.851074 110.343475 1435.869995
2598.728027 1224.266968 110.343475 1436.510010
2598.728027 1224.676514 110.343475 1436.869995
2598.728027 1224.676514 110.343475 1436.869995
2598.728027 1225.293457 110.343475 1437.500000
2598.728027 1225.695801 110.343475 1437.869995
2598.728027 1225.695801 110.343475 1437.869995
2598.728027 1226.314453 110.343475 1438.520020
2598.728027 1226.725586 110.343475 1438.869995
2598.728027 1226.725586 110.343475 1438.869995
2598.728027 1227.128784 110.343475 1439.500000
2598.728027 1227.530640 110.343475 1439.869995
2598.728027 1227.530640 110.343475 1439.869995
2598.728027 1228.144897 110.343475 1440.510010
2598.728027 1228.345825 110.343475 1440.869995
2598.728027 1228.345825 110.343475 1440.869995
2598.728027 1228.956055 110.343475 1441.520020
2598.728027 1229.372314 110.343475 1441.869995
2598.728027 1229.372314 110.343475 1441.869995
2598.728027 1229.785522 110.343475 1442.510010
2598.728027 1230.193237 110.343475 1442.859985
2598.743896 1230.193237 110.343475 1442.880005
2598.751953 1230.809204 110.343475 1443.500000
2598.751953 1231.224854 110.343475 1443.880005
2598.751953 1231.224854 110.343475 1443.880005
2598.751953 1231.838989 110.343475 1444.520020
2598.751953 1232.043579 117.736397 1444.859985
2598.760010 1232.043579 117.736397 1444.880005
2598.768066 1232.043579 117.736397 1445.500000
2598.768066 1232.247192 117.736397 1445.869995
2598.768066 1232.247192 117.736397 1445.869995
2598.768066 1232.863647 117.736397 1446.500000
2598.768066 1233.269531 117.736397 1446.880005
2598.768066 1233.269531 117.736397 1446.880005
2598.768066 1233.881226 117.736397 1447.510010
2598.768066 1234.086182 117.736397 1447.859985
2598.768066 1234.086182 117.736397 1447.859985
2598.768066 1234.705078 117.736397 1448.500000
2598.768066 1235.121948 117.736397 1448.869995
2598.768066 1235.121948 117.736397 1448.869995
2598.768066 1235.732910 117.736397 1449.500000
2598.768066 1235.937622 117.736397 1449.869995
2598.823975 1235.937622 117.736397 1449.880005
2598.832031 1236.552368 117.736397 1450.500000
2598.832031 1236.959351 117.736397 1450.869995
2598.832031 1236.959351 117.736397 1450.869995
2598.832031 1237.572144 117.736397 1451.500000
2598.832031 1237.780273 117.736397 1451.859985
2598.832031 1237.780273 117.736397 1451.880005
2598.832031 1238.391724 117.736397 1452.510010
2598.832031 1238.807739 117.736397 1452.869995
2598.832031 1238.807739 117.736397 1452.869995
2598.832031 1239.412598 117.736397 1453.520020
2598.832031 1239.622070 117.736397 1453.869995
2598.832031 1239.622070 117.736397 1453.869995
2598.855957 1240.236572 102.290428 1454.500000
2598.879883 1240.236572 102.290428 1454.869995
2598.879883 1240.236572 102.290428 1454.869995
2598.879883 1240.439209 102.290428 1455.500000
2598.887939 1240.851929 102.290428 1455.869995
2598.968018 1240.851929 102.290428 1455.869995
2598.968018 1241.475830 102.290428 1456.520020
2598.968018 1241.883301 102.290428 1456.869995
2599.231934 1241.883301 102.290428 1456.869995
2599.231934 1242.283813 102.290428 1457.500000
2599.231934 1242.692505 102.290428 1457.869995
2599.471924 1242.692505 102.290428 1457.869995
2599.471924 1243.309692 102.290428 1458.500000
2599.471924 1243.720215 102.290428 1458.869995
2600.424072 1243.720215 102.290428 1458.869995
2600.431885 1244.343994 102.290428 1459.520020
2600.439941 1244.548340 102.290428 1459.869995
2600.864014 1244.548340 102.290428 1459.869995
2600.872070 1245.159668 102.290428 1460.510010
2600.872070 1245.362183 102.290428 1460.859985
2601.456055 1245.562988 102.290428 1460.880005
2601.456055 1246.177124 102.290428 1461.520020
2601.456055 1246.383423 102.290428 1461.869995
2601.743896 1246.383423 102.290428 1461.869995
2601.760010 1246.996826 102.290428 1462.520020
2601.760010 1247.408691 102.290428 1462.869995
2601.823975 1247.408691 102.290428 1462.869995
2602.055908 1247.818115 102.290428 1463.520020
2602.055908 1248.231934 102.290428 1463.869995
2602.055908 1248.231934 102.290428 1463.869995
2602.127930 1248.641235 123.859550 1464.500000
2602.127930 1248.846558 123.859550 1464.869995
2602.127930 1248.846558 123.859550 1464.869995
2602.127930 1249.048828 123.859550 1465.500000
2602.127930 1249.459351 123.859550 1465.869995
2602.127930 1249.459351 123.859550 1465.869995
2602.127930 1250.074951 123.859550 1466.500000
2602.127930 1250.478027 123.859550 1466.869995
2602.184082 1250.478027 123.859550 1466.880005
2602.184082 1251.096924 123.859550 1467.510010
2602.184082 1251.305542 123.859550 1467.869995
2602.360107 1251.305542 123.859550 1467.869995
2602.360107 1251.921021 123.859550 1468.520020
2602.360107 1252.325073 123.859550 1468.869995
2602.624023 1252.325073 123.859550 1468.869995
2602.624023 1252.935547 123.859550 1469.500000
2602.624023 1253.139160 123.859550 1469.869995
2602.647949 1253.139160 123.859550 1469.869995
2602.647949 1253.762817 123.859550 1470.500000
2602.647949 1254.173584 123.859550 1470.869995
2602.647949 1254.173584 123.859550 1470.869995
2602.647949 1254.788696 123.859550 1471.520020
2602.647949 1254.996460 123.859550 1471.869995
2602.687988 1254.996460 123.859550 1471.869995
2602.687988 1255.608887 123.859550 1472.520020
2602.687988 1256.020264 123.859550 1472.869995
2602.751953 1256.020264 123.859550 1472.869995
2602.783936 1256.626709 123.859550 1473.520020
2602.783936 1256.832886 123.859550 1473.869995
2602.887939 1256.832886 123.859550 1473.869995
2602.887939 1257.453735 123.859550 1474.500000
2602.887939 1257.865845 123.859550 1474.869995
2602.976074 1257.865845 123.859550 1474.869995
2602.976074 1258.275391 123.859550 1475.500000
2602.976074 1258.682007 123.859550 1475.869995
2603.159912 1258.682007 123.859550 1475.869995
2603.159912 1259.090942 97.416519 1476.500000
2603.159912 1259.090942 97.416519 1476.869995
2603.392090 1259.090942 97.416519 1476.869995
2603.392090 1259.493408 97.416519 1477.500000
2603.392090 1259.694580 97.416519 1477.859985
2603.583984 1259.694580 97.416519 1477.880005
2603.583984 1260.316406 97.416519 1478.500000
2603.583984 1260.727051 97.416519 1478.869995
2603.783936 1260.727051 97.416519 1478.869995
2603.783936 1261.141235 97.416519 1479.520020
2603.783936 1261.553345 97.416519 1479.869995
2603.864014 1261.553345 97.416519 1479.869995
2603.864014 1262.160522 97.416519 1480.489990
2603.864014 1262.567017 97.416519 1480.869995
2603.968018 1262.567017 97.416519 1480.869995
2603.968018 1263.177856 97.416519 1481.500000
2603.968018 1263.382446 97.416519 1481.869995
2604.031982 1263.382446 97.416519 1481.869995
2604.031982 1263.998535 97.416519 1482.500000
2604.031982 1264.203979 97.416519 1482.869995
2604.104004 1264.203979 97.416519 1482.869995
2604.104004 1264.816528 97.416519 1483.500000
2604.104004 1265.224121 97.416519 1483.859985
2604.152100 1265.224121 97.416519 1483.880005
2604.152100 1265.836548 97.416519 1484.500000
2604.152100 1266.045410 97.416519 1484.869995
2604.343994 1266.045410 97.416519 1484.869995
2604.343994 1266.654419 97.416519 1485.500000
2604.343994 1267.063965 97.416519 1485.869995
2604.424072 1267.063965 97.416519 1485.869995
2604.424072 1267.470337 82.872925 1486.510010
2604.424072 1267.671509 82.872925 1486.859985
2605.008057 1267.671509 82.872925 1486.880005
2605.008057 1268.082642 82.872925 1487.500000
2605.016113 1268.498779 82.872925 1487.869995
2605.327881 1268.498779 82.872925 1487.869995
2605.335938 1269.110474 82.872925 1488.510010
2605.343994 1269.519531 82.872925 1488.869995
2605.624023 1269.519531 82.872925 1488.869995
2605.624023 1269.929199 82.872925 1489.500000
2605.632080 1270.339600 82.872925 1489.869995
2605.895996 1270.339600 82.872925 1489.869995
2605.895996 1270.955200 82.872925 1490.510010
2605.895996 1271.369019 82.872925 1490.869995
2606.352051 1271.369019 82.872925 1490.869995
2606.367920 1271.977783 82.872925 1491.500000
2606.367920 1272.184082 82.872925 1491.859985
2606.632080 1272.184082 82.872925 1491.880005
2606.647949 1272.794922 82.872925 1492.530029
2606.647949 1273.197876 82.872925 1492.869995
2606.887939 1273.197876 82.872925 1492.869995
2606.895996 1273.809570 82.872925 1493.520020
2606.895996 1274.009644 82.872925 1493.849976
2607.104004 1274.009644 82.872925 1493.880005
2607.104004 1274.618042 82.872925 1494.530029
2607.104004 1275.024536 82.872925 1494.869995
2607.303955 1275.024536 82.872925 1494.869995
2607.312012 1275.629639 82.872925 1495.530029
2607.312012 1275.832764 82.872925 1495.869995
2607.783936 1275.832764 82.872925 1495.869995
2607.783936 1276.450684 82.872925 1496.530029
2607.783936 1276.861816 82.872925 1496.859985
2609.176025 1276.861816 82.872925 1496.880005
2609.176025 1277.279053 82.872925 1497.500000
2609.176025 1277.480835 114.159767 1497.869995
2609.736084 1277.480835 114.159767 1497.869995
2609.736084 1277.681152 114.159767 1498.510010
2609.736084 1277.886719 114.159767 1498.869995
2610.295898 1277.886719 114.159767 1498.869995
2610.303955 1278.500244 114.159767 1499.530029
2610.303955 1278.910645 114.159767 1499.849976
2610.976074 1278.910645 114.159767 1499.880005
2610.976074 1279.520752 114.159767 1500.510010
2610.976074 1279.728027 114.159767 1500.859985
2611.600098 1279.728027 114.159767 1500.890015
2611.600098 1280.356812 114.159767 1501.520020
2611.600098 1280.759521 114.159767 1501.859985
2612.575928 1280.759521 114.159767 1501.869995
2612.575928 1281.369629 114.159767 1502.530029
2612.575928 1281.570068 114.159767 1502.869995
2613.248047 1281.570068 114.159767 1502.890015
2613.263916 1282.182129 114.159767 1503.520020
2613.263916 1282.590454 114.159767 1503.849976
2614.055908 1282.590454 114.159767 1503.880005
2614.072021 1283.208130 114.159767 1504.500000
2614.072021 1283.411743 114.159767 1504.869995
2614.672119 1283.411743 114.159767 1504.869995
2614.775879 1284.031128 114.159767 1505.530029
2614.775879 1284.443726 114.159767 1505.859985
2616.295898 1284.443726 114.159767 1505.890015
2616.543945 1285.053101 114.159767 1506.530029
2616.543945 1285.458862 114.159767 1506.859985
2617.167969 1285.458862 114.159767 1506.880005
2617.360107 1286.071411 114.159767 1507.520020
2617.360107 1286.275879 114.159767 1507.849976
2618.568115 1286.478394 114.159767 1507.900024
2618.879883 1286.893921 125.139435 1508.530029
2618.879883 1286.893921 125.139435 1508.869995
2619.431885 1286.893921 125.139435 1508.869995
2619.760010 1287.094360 125.139435 1509.500000
2619.760010 1287.301147 125.139435 1509.869995
2619.864014 1287.301147 125.139435 1509.869995
2620.000000 1287.923218 125.139435 1510.520020
2620.000000 1288.326782 125.139435 1510.869995
2620.040039 1288.326782 125.139435 1510.869995
2620.167969 1288.940430 125.139435 1511.500000
2620.167969 1289.345093 125.139435 1511.859985
2620.256104 1289.345093 125.139435 1511.869995
2620.256104 1289.966187 125.139435 1512.520020
2620.256104 1290.368774 125.139435 1512.859985
2620.288086 1290.368774 125.139435 1512.880005
2620.288086 1290.974487 125.139435 1513.520020
2620.288086 1291.182251 125.139435 1513.849976
2620.399902 1291.387939 125.139435 1513.890015
2620.399902 1291.798462 125.139435 1514.530029
2620.399902 1292.205078 125.139435 1514.869995
2620.607910 1292.205078 125.139435 1514.869995
2620.607910 1292.818237 125.139435 1515.530029
2620.607910 1293.230225 125.139435 1515.869995
2620.711914 1293.230225 125.139435 1515.880005
2620.719971 1293.838135 125.139435 1516.530029
2620.719971 1294.044556 125.139435 1516.869995
2620.872070 1294.044556 125.139435 1516.890015
2620.872070 1294.659546 125.139435 1517.510010
2620.872070 1294.863647 125.139435 1517.869995
2621.000000 1294.863647 125.139435 1517.880005
2621.000000 1295.269409 125.139435 1518.530029
2621.000000 1295.682861 125.139435 1518.869995
2621.239990 1295.682861 125.139435 1518.890015
2621.239990 1296.296997 125.139435 1519.520020
2621.239990 1296.500244 115.149071 1519.869995
2621.431885 1296.500244 115.149071 1519.869995
2621.632080 1296.704346 115.149071 1520.530029
2621.632080 1296.906006 115.149071 1520.869995
2621.847900 1296.906006 115.149071 1520.900024
2621.864014 1297.729736 115.149071 1521.530029
2621.864014 1297.938599 115.149071 1521.869995
2622.000000 1297.938599 115.149071 1521.890015
2622.144043 1298.545166 115.149071 1522.500000
2622.144043 1298.958740 115.149071 1522.869995
2622.312012 1298.958740 115.149071 1522.890015
2622.343994 1299.575806 115.149071 1523.530029
2622.343994 1299.783203 115.149071 1523.869995
2622.808105 1299.783203 115.149071 1523.890015
2622.919922 1300.394775 115.149071 1524.530029
2622.919922 1300.809692 115.149071 1524.859985
2623.231934 1300.809692 115.149071 1524.890015
2623.511963 1301.212769 115.149071 1525.510010
2623.511963 1301.620483 115.149071 1525.869995
2623.656006 1301.620483 115.149071 1525.880005
2623.728027 1302.245728 115.149071 1526.500000
2623.728027 1302.449219 115.149071 1526.859985
2624.904053 1302.652222 115.149071 1526.900024
2624.904053 1303.058228 115.149071 1527.510010
2624.904053 1303.463989 115.149071 1527.869995
2625.104004 1303.463989 115.149071 1527.890015
2625.104004 1304.073730 115.149071 1528.530029
2625.104004 1304.274292 115.149071 1528.859985
2625.248047 1304.274292 115.149071 1528.890015
2625.256104 1304.896729 115.149071 1529.530029
2625.256104 1305.312744 115.149071 1529.869995
2625.520020 1305.312744 115.149071 1529.900024
2625.520020 1305.717529 106.727501 1530.510010
2625.520020 1305.717529 106.727501 1530.869995
2626.000000 1305.717529 106.727501 1530.890015
2626.112061 1305.917725 106.727501 1531.530029
2626.112061 1306.322998 106.727501 1531.869995
2626.263916 1306.322998 106.727501 1531.880005
2626.303955 1306.937012 106.727501 1532.530029
2626.303955 1307.141724 106.727501 1532.869995
2626.360107 1307.141724 106.727501 1532.890015
2626.407959 1307.753540 106.727501 1533.510010
2626.407959 1308.160400 106.727501 1533.869995
2626.488037 1308.160400 106.727501 1533.890015
2626.496094 1308.775269 106.727501 1534.510010
2626.496094 1308.980957 106.727501 1534.869995
2626.736084 1308.980957 106.727501 1534.900024
2626.760010 1309.603882 106.727501 1535.530029
2626.760010 1310.008545 106.727501 1535.859985
2626.968018 1310.008545 106.727501 1535.890015
2626.968018 1310.612793 106.727501 1536.500000
2626.968018 1310.814819 106.727501 1536.869995
2627.208008 1310.814819 106.727501 1536.869995
2627.248047 1311.425415 106.727501 1537.500000
2627.248047 1311.830688 106.727501 1537.859985
2627.375977 1311.830688 106.727501 1537.890015
2627.392090 1312.238892 106.727501 1538.500000
2627.392090 1312.643555 106.727501 1538.869995
2627.791992 1312.643555 106.727501 1538.900024
2627.864014 1313.258423 106.727501 1539.530029
2627.864014 1313.667358 106.727501 1539.869995
2628.040039 1313.667358 106.727501 1539.890015
2628.407959 1314.277588 106.727501 1540.520020
2628.407959 1314.481079 102.584274 1540.869995
2628.503906 1314.481079 102.584274 1540.869995
2628.568115 1314.681885 102.584274 1541.530029
2628.568115 1314.681885 102.584274 1541.869995
2628.647949 1314.681885 102.584274 1541.890015
2628.719971 1315.296387 102.584274 1542.530029
2628.719971 1315.501709 102.584274 1542.869995
2628.872070 1315.501709 102.584274 1542.869995
2628.887939 1316.112549 102.584274 1543.500000
2628.887939 1316.518311 102.584274 1543.869995
2628.991943 1316.518311 102.584274 1543.890015
2629.008057 1317.134277 102.584274 1544.530029
2629.008057 1317.338501 102.584274 1544.859985
2629.072021 1317.338501 102.584274 1544.869995
2629.216064 1317.950562 102.584274 1545.500000
2629.216064 1318.367798 102.584274 1545.869995
2629.256104 1318.367798 102.584274 1545.880005
2629.288086 1318.984619 102.584274 1546.530029
2629.288086 1319.190186 102.584274 1546.869995
2629.496094 1319.190186 102.584274 1546.900024
2629.632080 1319.797363 102.584274 1547.530029
2629.632080 1320.004639 102.584274 1547.859985
2629.991943 1320.208008 102.584274 1547.900024
2630.127930 1320.613892 102.584274 1548.500000
2630.127930 1321.019409 102.584274 1548.869995
2630.407959 1321.019409 102.584274 1548.890015
2630.823975 1321.621826 102.584274 1549.500000
2630.823975 1321.830444 102.584274 1549.869995
2630.936035 1321.830444 102.584274 1549.880005
2631.879883 1322.446777 102.584274 1550.500000
2631.879883 1322.854492 102.584274 1550.869995
2632.040039 1322.854492 102.584274 1550.880005
2632.352051 1323.269165 89.308006 1551.520020
2632.352051 1323.471680 89.308006 1551.869995
2632.384033 1323.471680 89.308006 1551.890015
2632.711914 1323.882568 89.308006 1552.500000
2632.711914 1324.298462 89.308006 1552.869995
2633.424072 1324.298462 89.308006 1552.880005
2633.696045 1324.905518 89.308006 1553.520020
2633.696045 1325.318604 89.308006 1553.869995
2633.968018 1325.318604 89.308006 1553.890015
2634.248047 1325.930664 89.308006 1554.530029
2634.263916 1326.138184 89.308006 1554.869995
2634.335938 1326.138184 89.308006 1554.900024
2634.664062 1326.743408 89.308006 1555.530029
2634.664062 1327.155884 89.308006 1555.869995
2634.704102 1327.155884 89.308006 1555.900024
2634.815918 1327.772705 89.308006 1556.530029
2634.815918 1327.977783 89.308006 1556.869995
2634.840088 1327.977783 89.308006 1556.869995
2634.879883 1328.593140 89.308006 1557.530029
2634.879883 1329.006714 89.308006 1557.869995
2634.904053 1329.006714 89.308006 1557.900024
2634.936035 1329.622314 89.308006 1558.530029
2634.936035 1329.824219 89.308006 1558.869995
2635.031982 1329.824219 89.308006 1558.900024
2635.112061 1330.429932 89.308006 1559.530029
2635.112061 1330.831421 89.308006 1559.869995
2635.191895 1330.831421 89.308006 1559.890015
2635.208008 1331.445068 89.308006 1560.530029
2635.208008 1331.651245 89.308006 1560.869995
2635.224121 1331.651245 89.308006 1560.880005
2635.248047 1332.259155 89.308006 1561.520020
2635.248047 1332.664429 89.308006 1561.869995
2635.375977 1332.664429 89.308006 1561.900024
2635.375977 1333.271362 89.308006 1562.530029
2635.375977 1333.474243 107.518250 1562.869995
2636.095947 1333.474243 107.518250 1562.900024
2636.144043 1333.474243 107.518250 1563.500000
2636.144043 1333.678955 107.518250 1563.869995
2636.520020 1333.678955 107.518250 1563.900024
2636.543945 1334.293213 107.518250 1564.510010
2636.543945 1334.702759 107.518250 1564.869995
2636.919922 1334.702759 107.518250 1564.900024
2636.944092 1335.307495 107.518250 1565.520020
2636.944092 1335.515015 107.518250 1565.869995
2637.399902 1335.515015 107.518250 1565.890015
2637.416016 1336.125977 107.518250 1566.520020
2637.416016 1336.539307 107.518250 1566.869995
2637.711914 1336.539307 107.518250 1566.880005
2637.711914 1337.151123 107.518250 1567.530029
2637.711914 1337.353516 107.518250 1567.869995
2637.919922 1337.353516 107.518250 1567.900024
2637.919922 1337.969971 107.518250 1568.500000
2637.919922 1338.174683 107.518250 1568.869995
2638.080078 1338.377441 107.518250 1568.890015
2638.080078 1338.781128 107.518250 1569.500000
2638.080078 1339.194214 107.518250 1569.869995
2638.208008 1339.194214 107.518250 1569.900024
2638.208008 1339.809326 107.518250 1570.530029
2638.208008 1340.013672 107.518250 1570.869995
2638.288086 1340.013672 107.518250 1570.890015
2638.288086 1340.631104 107.518250 1571.520020
2638.288086 1341.044556 107.518250 1571.869995
2638.575928 1341.044556 107.518250 1571.900024
2638.575928 1341.655396 107.518250 1572.530029
2638.575928 1341.863892 107.518250 1572.859985
2638.919922 1341.863892 107.518250 1572.900024
2638.919922 1342.269287 113.230499 1573.520020
2638.919922 1342.269287 113.230499 1573.869995
2638.983887 1342.269287 113.230499 1573.900024
2638.983887 1342.675415 113.230499 1574.520020
2638.983887 1342.882812 113.230499 1574.859985
2639.072021 1343.089966 113.230499 1574.910034
2639.072021 1343.499390 113.230499 1575.510010
2639.072021 1343.908203 113.230499 1575.859985
2640.263916 1343.908203 113.230499 1575.900024
2640.263916 1344.518799 113.230499 1576.530029
2640.263916 1344.931396 113.230499 1576.859985
2644.263916 1344.931396 113.230499 1576.900024
2644.263916 1345.553345 113.230499 1577.500000
2644.263916 1345.759277 113.230499 1577.869995
2648.031982 1345.759277 113.230499 1577.900024
2648.040039 1346.369385 113.230499 1578.520020
2648.040039 1346.777710 113.230499 1578.869995
2651.520020 1346.777710 113.230499 1578.900024
2651.520020 1347.379639 113.230499 1579.530029
2651.520020 1347.581055 113.230499 1579.869995
2652.568115 1347.581055 113.230499 1579.900024
2652.568115 1348.195190 113.230499 1580.510010
2652.568115 1348.612793 113.230499 1580.859985
2652.976074 1348.612793 113.230499 1580.910034
2652.976074 1349.225098 113.230499 1581.530029
2652.976074 1349.427368 113.230499 1581.869995
2653.104004 1349.427368 113.230499 1581.890015
2653.104004 1350.038574 113.230499 1582.510010
2653.104004 1350.452881 113.230499 1582.869995
2653.295898 1350.452881 113.230499 1582.890015
2653.295898 1350.656372 110.874756 1583.510010
2653.295898 1350.656372 110.874756 1583.869995
2653.392090 1350.656372 110.874756 1583.900024
2653.392090 1351.266113 110.874756 1584.500000
2653.392090 1351.471680 110.874756 1584.869995
2653.464111 1351.672119 110.874756 1584.900024
2653.464111 1352.083496 110.874756 1585.530029
2653.464111 1352.489624 110.874756 1585.869995
2653.503906 1352.489624 110.874756 1585.890015
2653.503906 1353.101807 110.874756 1586.500000
2653.503906 1353.515015 110.874756 1586.869995
2653.535889 1353.515015 110.874756 1586.900024
2653.543945 1354.126221 110.874756 1587.530029
2653.543945 1354.332764 110.874756 1587.869995
2653.543945 1354.332764 110.874756 1587.900024
2653.543945 1354.945312 110.874756 1588.500000
2653.543945 1355.346558 110.874756 1588.859985
2653.624023 1355.346558 110.874756 1588.900024
2653.639893 1355.961914 110.874756 1589.520020
2653.639893 1356.162964 110.874756 1589.869995
2654.343994 1356.162964 110.874756 1589.890015
2654.343994 1356.776489 110.874756 1590.530029
2654.343994 1357.194824 110.874756 1590.869995
2654.568115 1357.194824 110.874756 1590.900024
2654.568115 1357.804443 110.874756 1591.530029
2654.568115 1358.008301 122.705330 1591.869995
2654.823975 1358.008301 122.705330 1591.900024
2654.840088 1358.212769 122.705330 1592.500000
2654.840088 1358.413452 122.705330 1592.869995
2654.887939 1358.413452 122.705330 1592.900024
2654.887939 1359.034302 122.705330 1593.530029
2654.887939 1359.445679 122.705330 1593.869995
2655.711914 1359.445679 122.705330 1593.900024
2655.711914 1360.056519 122.705330 1594.530029
2655.711914 1360.263916 122.705330 1594.869995
2656.375977 1360.468018 122.705330 1594.900024
2656.384033 1360.876221 122.705330 1595.500000
2656.384033 1361.287964 122.705330 1595.859985
2656.503906 1361.287964 122.705330 1595.900024
2656.503906 1361.899658 122.705330 1596.520020
2656.503906 1362.311157 122.705330 1596.869995
2656.632080 1362.311157 122.705330 1596.900024
2656.639893 1362.922729 122.705330 1597.530029
2656.639893 1363.129028 122.705330 1597.859985
2656.760010 1363.129028 122.705330 1597.880005
2656.800049 1363.747314 122.705330 1598.530029
2656.800049 1363.952026 122.705330 1598.869995
2656.872070 1363.952026 122.705330 1598.890015
2656.872070 1364.562988 122.705330 1599.530029
2656.872070 1364.975342 122.705330 1599.849976
2657.343994 1364.975342 122.705330 1599.910034
2657.343994 1365.591797 122.705330 1600.530029
2657.343994 1365.591797 116.274063 1600.869995
2657.543945 1365.591797 116.274063 1600.890015
2657.543945 1365.793701 116.274063 1601.530029
2657.543945 1365.999512 116.274063 1601.869995
2657.704102 1365.999512 116.274063 1601.900024
2657.704102 1366.814697 116.274063 1602.750000
2657.704102 1366.814697 116.274063 1602.849976
2657.887939 1367.015137 116.274063 1602.880005
2657.912109 1367.421753 116.274063 1603.520020
2657.912109 1367.826050 116.274063 1603.859985
2658.072021 1367.826050 116.274063 1603.900024
2658.072021 1368.442017 116.274063 1604.530029
2658.072021 1368.848511 116.274063 1604.869995
2658.112061 1368.848511 116.274063 1604.900024
2658.112061 1369.457397 116.274063 1605.530029
2658.112061 1369.658691 116.274063 1605.869995
2658.167969 1369.658691 116.274063 1605.900024
2658.191895 1370.272095 116.274063 1606.530029
2658.191895 1370.681519 116.274063 1606.869995
2658.216064 1370.681519 116.274063 1606.900024
2658.216064 1371.289185 116.274063 1607.520020
2658.216064 1371.695190 116.274063 1607.869995
2658.256104 1371.695190 116.274063 1607.890015
2658.256104 1372.316528 116.274063 1608.530029
2658.256104 1372.522583 116.274063 1608.869995
2658.288086 1372.522583 116.274063 1608.880005
2658.288086 1373.137817 116.274063 1609.500000
2658.288086 1373.549194 116.274063 1609.869995
2658.303955 1373.549194 116.274063 1609.900024
2658.320068 1374.165283 116.274063 1610.500000
2658.320068 1374.165283 112.993568 1610.869995
2658.343994 1374.165283 112.993568 1610.880005
2658.343994 1374.365723 112.993568 1611.500000
2658.343994 1374.567749 112.993568 1611.869995
2658.360107 1374.567749 112.993568 1611.900024
2658.360107 1375.179077 112.993568 1612.530029
2658.360107 1375.586914 112.993568 1612.869995
2658.367920 1375.586914 112.993568 1612.890015
2658.367920 1376.205566 112.993568 1613.530029
2658.367920 1376.410034 112.993568 1613.869995
2658.367920 1376.410034 112.993568 1613.890015
2658.375977 1377.021240 112.993568 1614.530029
2658.375977 1377.427734 112.993568 1614.869995
2658.384033 1377.427734 112.993568 1614.900024
2658.384033 1378.038208 112.993568 1615.520020
2658.384033 1378.452881 112.993568 1615.869995
2658.424072 1378.452881 112.993568 1615.900024
2658.431885 1378.864990 112.993568 1616.520020
2658.431885 1379.275879 109.273308 1616.869995
2658.488037 1379.275879 109.273308 1616.900024
2658.488037 1379.275879 109.273308 1617.500000
2658.488037 1379.476929 109.273308 1617.869995
2658.552002 1379.476929 109.273308 1617.900024
2658.560059 1380.299072 109.273308 1618.520020
2658.560059 1380.507202 109.273308 1618.869995
2659.063965 1380.507202 109.273308 1618.880005
2659.063965 1381.316528 109.273308 1619.530029
2659.063965 1381.516479 109.273308 1619.869995
2661.320068 1381.516479 109.273308 1619.900024
2661.320068 1382.128906 109.273308 1620.530029
2661.320068 1382.534790 109.273308 1620.859985
2663.679932 1382.534790 109.273308 1620.890015
2663.679932 1382.947144 109.273308 1621.500000
2663.679932 1383.359375 109.273308 1621.869995
2665.464111 1383.359375 109.273308 1621.900024
2665.464111 1383.966431 109.273308 1622.530029
2665.464111 1384.372314 109.273308 1622.869995
2665.639893 1384.372314 109.273308 1622.890015
2665.639893 1384.772949 109.273308 1623.500000
2665.639893 1385.186279 109.273308 1623.869995
2665.647949 1385.186279 109.273308 1623.900024
2665.647949 1385.797852 109.273308 1624.530029
2665.647949 1386.004150 109.273308 1624.869995
2665.656006 1386.004150 109.273308 1624.880005
2665.656006 1386.619873 109.273308 1625.500000
2665.656006 1386.820312 109.273308 1625.869995
2665.656006 1387.020874 109.273308 1625.900024
2665.656006 1387.428223 109.273308 1626.530029
2665.656006 1387.629883 129.494736 1626.869995
2665.664062 1387.629883 129.494736 1626.890015
2665.664062 1387.629883 129.494736 1627.500000
2665.664062 1387.833374 129.494736 1627.869995
2665.672119 1387.833374 129.494736 1627.900024
2665.672119 1388.440918 129.494736 1628.530029
2665.672119 1388.851929 129.494736 1628.869995
2665.696045 1388.851929 129.494736 1628.900024
2665.711914 1389.463623 129.494736 1629.500000
2665.711914 1389.667725 129.494736 1629.869995
2665.719971 1389.869385 129.494736 1629.890015
2665.760010 1390.286743 129.494736 1630.530029
2665.760010 1390.696289 129.494736 1630.869995
2665.768066 1390.696289 129.494736 1630.900024
2665.783936 1391.105103 129.494736 1631.520020
2665.783936 1391.510742 129.494736 1631.869995
2665.800049 1391.510742 129.494736 1631.890015
2665.808105 1392.129761 129.494736 1632.530029
2665.823975 1392.537109 129.494736 1632.869995
2665.832031 1392.537109 129.494736 1632.880005
2665.864014 1393.149658 129.494736 1633.530029
2665.864014 1393.352783 129.494736 1633.859985
2665.872070 1393.352783 129.494736 1633.900024
2665.895996 1393.968750 129.494736 1634.520020
2665.895996 1394.379639 129.494736 1634.859985
2665.895996 1394.379639 129.494736 1634.910034
2665.919922 1394.997681 129.494736 1635.500000
2665.919922 1395.202881 129.494736 1635.859985
2665.919922 1395.408081 129.494736 1635.890015
2665.936035 1395.819458 129.494736 1636.500000
2665.936035 1396.021851 120.123138 1636.869995
2665.936035 1396.021851 120.123138 1636.900024
2665.936035 1396.222168 120.123138 1637.520020
2665.936035 1396.423706 120.123138 1637.869995
2665.936035 1396.423706 120.123138 1637.900024
2665.976074 1397.038330 120.123138 1638.530029
2665.976074 1397.246582 120.123138 1638.869995
2665.976074 1397.450684 120.123138 1638.900024
2666.016113 1397.860474 120.123138 1639.520020
2666.016113 1398.264404 120.123138 1639.869995
2666.016113 1398.264404 120.123138 1639.900024
2666.040039 1398.869629 120.123138 1640.520020
2666.040039 1399.075317 120.123138 1640.869995
2666.063965 1399.282104 120.123138 1640.900024
2666.112061 1399.698853 120.123138 1641.500000
2666.112061 1400.110962 120.123138 1641.869995
2666.127930 1400.110962 120.123138 1641.880005
2666.208008 1400.722656 120.123138 1642.500000
2666.208008 1401.126343 120.123138 1642.869995
2666.216064 1401.126343 120.123138 1642.900024
2666.352051 1401.745605 120.123138 1643.530029
2666.352051 1401.949463 120.123138 1643.869995
2666.360107 1401.949463 120.123138 1643.900024
2666.503906 1402.569458 120.123138 1644.530029
2666.503906 1402.774048 120.123138 1644.869995
2666.520020 1402.774048 120.123138 1644.900024
2666.679932 1403.391602 120.123138 1645.530029
2666.679932 1403.795776 120.123138 1645.869995
2666.711914 1403.795776 120.123138 1645.880005
2666.768066 1404.407227 120.123138 1646.530029
2666.768066 1404.611694 120.123138 1646.869995
2666.791992 1404.813965 120.123138 1646.900024
2666.840088 1405.217041 120.123138 1647.500000
2666.840088 1405.617310 120.123138 1647.869995
2666.879883 1405.617310 120.123138 1647.900024
2666.879883 1406.231934 103.041138 1648.520020
2666.879883 1406.231934 103.041138 1648.869995
2666.879883 1406.231934 103.041138 1648.900024
2666.879883 1406.432983 103.041138 1649.530029
2666.879883 1406.638550 103.041138 1649.869995
2666.895996 1406.638550 103.041138 1649.900024
2666.895996 1407.254150 103.041138 1650.530029
2666.895996 1407.668823 103.041138 1650.869995
2666.895996 1407.668823 103.041138 1650.900024
2666.895996 1408.273315 103.041138 1651.530029
2666.895996 1408.480591 103.041138 1651.869995
2666.904053 1408.480591 103.041138 1651.900024
2666.904053 1409.094238 103.041138 1652.530029
2666.912109 1409.295288 103.041138 1652.869995
2666.951904 1409.295288 103.041138 1652.900024
2666.951904 1409.911499 103.041138 1653.510010
2666.951904 1410.325684 103.041138 1653.869995
2666.959961 1410.325684 103.041138 1653.900024
2666.959961 1410.727905 103.041138 1654.500000
2666.959961 1411.135498 103.041138 1654.869995
2666.976074 1411.135498 103.041138 1654.900024
2666.976074 1411.745117 103.041138 1655.530029
2666.976074 1412.153564 103.041138 1655.869995
2666.976074 1412.153564 103.041138 1655.869995
2666.976074 1412.566650 103.041138 1656.500000
2666.976074 1412.975464 103.041138 1656.869995
2666.991943 1412.975464 103.041138 1656.900024
2666.991943 1413.592529 103.041138 1657.530029
2666.991943 1413.995972 103.041138 1657.869995
2666.991943 1413.995972 103.041138 1657.900024
2667.000000 1414.610229 103.041138 1658.530029
2667.000000 1414.812744 103.041138 1658.859985
2667.000000 1414.812744 103.041138 1658.880005
2667.000000 1415.221313 110.764954 1659.520020
2667.000000 1415.221313 110.764954 1659.859985
2667.000000 1415.421387 110.764954 1659.900024
2667.000000 1415.628418 110.764954 1660.510010
2667.000000 1415.837036 110.764954 1660.869995
2667.000000 1416.043579 110.764954 1660.900024
2667.016113 1416.660767 110.764954 1661.500000
2667.016113 1416.864624 110.764954 1661.869995
2667.023926 1417.066406 110.764954 1661.900024
2667.023926 1417.684570 110.764954 1662.530029
2667.023926 1417.888550 110.764954 1662.859985
2667.023926 1417.888550 110.764954 1662.880005
2667.023926 1418.509644 110.764954 1663.530029
2667.023926 1418.710571 110.764954 1663.869995
2667.023926 1418.710571 110.764954 1663.890015
2667.023926 1419.322632 110.764954 1664.510010
2667.023926 1419.729370 110.764954 1664.869995
2667.023926 1419.729370 110.764954 1664.869995
2667.040039 1420.137329 110.764954 1665.500000
2667.040039 1420.544067 110.764954 1665.859985
2667.040039 1420.544067 110.764954 1665.900024
2667.040039 1421.151367 110.764954 1666.520020
2667.040039 1421.559692 110.764954 1666.859985
2667.040039 1421.559692 110.764954 1666.890015
2667.040039 1422.171021 110.764954 1667.510010
2667.040039 1422.377808 110.764954 1667.869995
2667.040039 1422.377808 110.764954 1667.900024
2667.040039 1422.993042 110.764954 1668.500000
2667.040039 1423.396362 110.764954 1668.859985
2667.040039 1423.396362 110.764954 1668.900024
2667.048096 1424.008667 110.764954 1669.520020
2667.048096 1424.214600 110.764954 1669.859985
2667.048096 1424.214600 110.764954 1669.880005
2667.120117 1424.420288 111.351540 1670.500000
2667.120117 1424.420288 111.351540 1670.869995
2667.120117 1424.420288 111.351540 1670.880005
2667.152100 1425.027344 111.351540 1671.500000
2667.152100 1425.235352 111.351540 1671.869995
2667.167969 1425.235352 111.351540 1671.890015
2667.239990 1425.852417 111.351540 1672.510010
2667.239990 1426.256104 111.351540 1672.869995
2667.256104 1426.256104 111.351540 1672.869995
2667.295898 1426.859253 111.351540 1673.510010
2667.295898 1427.261230 111.351540 1673.869995
2667.295898 1427.261230 111.351540 1673.890015
2667.456055 1427.668701 111.351540 1674.510010
2667.456055 1428.082031 111.351540 1674.869995
2667.456055 1428.082031 111.351540 1674.900024
2667.568115 1428.694702 111.351540 1675.500000
2667.568115 1428.902344 111.351540 1675.859985
2667.575928 1428.902344 111.351540 1675.890015
2667.624023 1429.514526 111.351540 1676.510010
2667.624023 1429.925415 111.351540 1676.869995
2667.632080 1429.925415 111.351540 1676.869995
2667.823975 1430.534912 111.351540 1677.500000
2667.832031 1430.743652 111.351540 1677.869995
2667.840088 1430.743652 111.351540 1677.900024
2667.879883 1431.358032 111.351540 1678.510010
2667.895996 1431.560669 111.351540 1678.869995
2667.936035 1431.761108 111.351540 1678.900024
2668.000000 1432.169067 111.351540 1679.510010
2668.008057 1432.575073 111.351540 1679.869995
2668.008057 1432.575073 111.351540 1679.880005
2668.048096 1432.980225 122.710579 1680.500000
2668.048096 1432.980225 122.710579 1680.859985
2668.112061 1432.980225 122.710579 1680.890015
2668.159912 1433.182739 122.710579 1681.500000
2668.159912 1433.590088 122.710579 1681.869995
2668.439941 1433.590088 122.710579 1681.880005
2668.456055 1434.200195 122.710579 1682.510010
2668.471924 1434.617310 122.710579 1682.849976
2668.760010 1434.617310 122.710579 1682.890015
2668.855957 1435.228638 122.710579 1683.510010
2668.855957 1435.431030 122.710579 1683.869995
2668.968018 1435.431030 122.710579 1683.900024
2668.976074 1436.041138 122.710579 1684.500000
2668.976074 1436.242432 122.710579 1684.869995
2669.072021 1436.443604 122.710579 1684.890015
2669.080078 1436.850464 122.710579 1685.500000
2669.080078 1437.265381 122.710579 1685.869995
2669.120117 1437.265381 122.710579 1685.869995
2669.120117 1437.673096 122.710579 1686.500000
2669.120117 1438.085571 122.710579 1686.869995
2669.176025 1438.085571 122.710579 1686.900024
2669.176025 1438.702393 122.710579 1687.500000
2669.176025 1439.114380 122.710579 1687.869995
2669.239990 1439.114380 122.710579 1687.900024
2669.256104 1439.736328 122.710579 1688.510010
2669.256104 1439.937866 122.710579 1688.869995
2669.312012 1439.937866 122.710579 1688.890015
2669.312012 1440.551025 122.710579 1689.510010
2669.312012 1440.956177 122.710579 1689.859985
2669.320068 1440.956177 122.710579 1689.890015
2669.327881 1441.366699 122.710579 1690.500000
2669.327881 1441.779663 122.710579 1690.869995
2669.343994 1441.779663 122.710579 1690.869995
2669.352051 1442.392334 122.710579 1691.520020
2669.352051 1442.592773 112.390663 1691.869995
2669.384033 1442.592773 112.390663 1691.890015
2669.384033 1442.798218 112.390663 1692.500000
2669.384033 1443.208496 112.390663 1692.869995
2669.456055 1443.208496 112.390663 1692.900024
2669.456055 1443.829224 112.390663 1693.500000
2669.456055 1444.239990 112.390663 1693.869995
2669.479980 1444.239990 112.390663 1693.880005
2669.479980 1444.847656 112.390663 1694.520020
2669.479980 1445.054688 112.390663 1694.859985
2669.479980 1445.054688 112.390663 1694.880005
2669.479980 1445.664307 112.390663 1695.510010
2669.479980 1446.071411 112.390663 1695.869995
2669.488037 1446.071411 112.390663 1695.890015
2669.488037 1446.686157 112.390663 1696.510010
2669.488037 1446.886597 112.390663 1696.869995
2669.488037 1446.886597 112.390663 1696.900024
2669.488037 1447.503540 112.390663 1697.520020
2669.488037 1447.910278 112.390663 1697.869995
2669.496094 1447.910278 112.390663 1697.890015
2669.496094 1448.531738 112.390663 1698.500000
2669.496094 1448.734131 112.390663 1698.869995
2669.496094 1448.734131 112.390663 1698.890015
2669.496094 1449.348999 112.390663 1699.500000
2669.496094 1449.556641 112.390663 1699.869995
2669.503906 1449.761353 112.390663 1699.890015
2669.503906 1450.175415 112.390663 1700.520020
2669.503906 1450.578247 112.390663 1700.869995
2669.511963 1450.578247 112.390663 1700.869995
2669.511963 1451.196289 112.390663 1701.510010
2669.520020 1451.401611 114.527039 1701.869995
2669.528076 1451.401611 114.527039 1701.880005
2669.528076 1451.604614 114.527039 1702.510010
2669.528076 1451.604614 114.527039 1702.869995
2669.552002 1451.604614 114.527039 1702.869995
2669.552002 1452.218262 114.527039 1703.520020
2669.552002 1452.630005 114.527039 1703.859985
2669.552002 1452.630005 114.527039 1703.890015
2669.552002 1453.246582 114.527039 1704.510010
2669.552002 1453.451172 114.527039 1704.869995
2669.600098 1453.451172 114.527039 1704.900024
2669.600098 1454.063599 114.527039 1705.510010
2669.600098 1454.466797 114.527039 1705.859985
2669.632080 1454.466797 114.527039 1705.900024
2669.632080 1455.088623 114.527039 1706.510010
2669.632080 1455.492920 114.527039 1706.869995
2669.647949 1455.492920 114.527039 1706.869995
2669.647949 1456.104004 114.527039 1707.510010
2669.647949 1456.304443 114.527039 1707.869995
2669.672119 1456.304443 114.527039 1707.890015
2669.672119 1456.924194 114.527039 1708.510010
2669.672119 1457.329346 114.527039 1708.869995
2669.672119 1457.329346 114.527039 1708.869995
2669.672119 1457.950073 114.527039 1709.500000
2669.672119 1458.361694 114.527039 1709.869995
2669.672119 1458.361694 114.527039 1709.890015
2669.672119 1458.768799 114.527039 1710.489990
2669.672119 1459.176636 114.527039 1710.869995
2669.672119 1459.176636 114.527039 1710.900024
2669.672119 1459.796021 114.527039 1711.500000
2669.672119 1460.202271 114.527039 1711.869995
2669.672119 1460.202271 114.527039 1711.900024
2669.672119 1460.819824 114.527039 1712.500000
2669.672119 1461.025513 114.527039 1712.869995
2669.672119 1461.025513 114.527039 1712.880005
2669.672119 1461.229004 109.734581 1713.500000
2669.672119 1461.229004 109.734581 1713.859985
2669.672119 1461.229004 109.734581 1713.880005
2669.672119 1461.639771 109.734581 1714.500000
2669.672119 1462.050903 109.734581 1714.869995
2669.672119 1462.050903 109.734581 1714.890015
2669.672119 1462.663574 109.734581 1715.500000
2669.679932 1463.074341 109.734581 1715.869995
2669.679932 1463.074341 109.734581 1715.900024
2669.679932 1463.485474 109.734581 1716.500000
2669.679932 1463.892456 109.734581 1716.869995
2669.711914 1463.892456 109.734581 1716.890015
2669.711914 1464.514282 109.734581 1717.500000
2669.711914 1464.923584 109.734581 1717.869995
2669.791992 1464.923584 109.734581 1717.900024
2669.791992 1465.538452 109.734581 1718.500000
2669.791992 1465.746704 109.734581 1718.869995
2669.968018 1465.746704 109.734581 1718.880005
2669.968018 1466.354126 109.734581 1719.510010
2669.968018 1466.561035 109.734581 1719.869995
2670.135986 1466.561035 109.734581 1719.869995
2670.135986 1467.178467 109.734581 1720.510010
2670.135986 1467.580200 109.734581 1720.869995
2670.167969 1467.580200 109.734581 1720.880005
2670.167969 1468.192383 109.734581 1721.510010
2670.167969 1468.600708 109.734581 1721.869995
2670.208008 1468.600708 109.734581 1721.869995
2670.208008 1469.206055 109.734581 1722.510010
2670.208008 1469.408447 109.734581 1722.869995
2670.239990 1469.408447 109.734581 1722.890015
2670.239990 1470.019531 109.734581 1723.500000
2670.239990 1470.223267 109.734581 1723.869995
2670.239990 1470.223267 109.734581 1723.869995
2670.239990 1470.630249 111.095734 1724.500000
2670.239990 1470.630249 111.095734 1724.859985
2670.248047 1470.630249 111.095734 1724.890015
2670.248047 1471.034546 111.095734 1725.500000
2670.248047 1471.236816 111.095734 1725.869995
2670.248047 1471.236816 111.095734 1725.869995
2670.248047 1471.847290 111.095734 1726.510010
2670.248047 1472.256958 111.095734 1726.869995
2670.248047 1472.256958 111.095734 1726.900024
2670.248047 1472.867798 111.095734 1727.510010
2670.248047 1473.076294 111.095734 1727.869995
2670.248047 1473.076294 111.095734 1727.869995
2670.248047 1473.681763 111.095734 1728.510010
2670.248047 1474.093140 111.095734 1728.869995
2670.248047 1474.093140 111.095734 1728.880005
2670.256104 1474.713135 111.095734 1729.520020
2670.256104 1474.916504 111.095734 1729.869995
2670.256104 1474.916504 111.095734 1729.869995
2670.256104 1475.524170 111.095734 1730.500000
2670.256104 1475.927246 111.095734 1730.869995
2670.303955 1475.927246 111.095734 1730.880005
2670.303955 1476.537598 111.095734 1731.510010
2670.303955 1476.738403 111.095734 1731.869995
2670.327881 1476.738403 111.095734 1731.869995
2670.327881 1477.349365 111.095734 1732.510010
2670.327881 1477.758179 111.095734 1732.869995
2670.327881 1477.758179 111.095734 1732.869995
2670.327881 1478.370239 111.095734 1733.500000
2670.327881 1478.577271 111.095734 1733.869995
2670.327881 1478.577271 111.095734 1733.869995
2670.327881 1478.981689 104.696129 1734.520020
2670.327881 1478.981689 104.696129 1734.869995
2670.327881 1478.981689 104.696129 1734.900024
2670.335938 1479.382324 104.696129 1735.510010
2670.335938 1479.591064 104.696129 1735.869995
2670.335938 1479.591064 104.696129 1735.869995
2670.335938 1480.204102 104.696129 1736.520020
2670.335938 1480.614746 104.696129 1736.869995
2670.335938 1480.614746 104.696129 1736.869995
2670.335938 1481.230347 104.696129 1737.500000
2670.335938 1481.433228 104.696129 1737.869995
2670.335938 1481.634521 104.696129 1737.900024
2670.335938 1482.046997 104.696129 1738.500000
2670.335938 1482.456421 104.696129 1738.849976
2670.335938 1482.456421 104.696129 1738.880005
2670.335938 1483.072510 104.696129 1739.500000
2670.335938 1483.482666 104.696129 1739.869995
2670.335938 1483.482666 104.696129 1739.890015
2670.343994 1484.097290 104.696129 1740.510010
2670.343994 1484.300903 104.696129 1740.859985
2670.343994 1484.300903 104.696129 1740.890015
2670.352051 1484.904663 104.696129 1741.500000
2670.352051 1485.313232 104.696129 1741.869995
2670.352051 1485.313232 104.696129 1741.890015
2670.352051 1485.924683 104.696129 1742.510010
2670.352051 1486.334106 104.696129 1742.869995
2670.352051 1486.334106 104.696129 1742.880005
2670.352051 1486.742920 104.696129 1743.500000
2670.352051 1487.156128 104.696129 1743.869995
2670.352051 1487.156128 104.696129 1743.869995
2670.352051 1487.568359 104.696129 1744.500000
2670.352051 1487.772583 109.719009 1744.869995
2670.352051 1487.772583 109.719009 1744.880005
2670.352051 1487.772583 109.719009 1745.510010
2670.352051 1488.184814 109.719009 1745.869995
2670.352051 1488.184814 109.719009 1745.869995
2670.352051 1488.807617 109.719009 1746.520020
2670.352051 1489.219238 109.719009 1746.869995
2670.352051 1489.219238 109.719009 1746.869995
2670.352051 1489.826782 109.719009 1747.510010
2670.352051 1490.029175 109.719009 1747.869995
2670.352051 1490.029175 109.719009 1747.890015
2670.352051 1490.644409 109.719009 1748.500000
2670.352051 1490.845215 109.719009 1748.869995
2670.352051 1491.053101 109.719009 1748.890015
2670.352051 1491.660034 109.719009 1749.510010
2670.352051 1491.867065 109.719009 1749.869995
2670.352051 1491.867065 109.719009 1749.880005
2670.352051 1492.484009 109.719009 1750.510010
2670.352051 1492.900757 109.719009 1750.869995
2670.352051 1492.900757 109.719009 1750.869995
2670.352051 1493.521240 109.719009 1751.530029
2670.352051 1493.721680 109.719009 1751.869995
2670.352051 1493.926758 109.719009 1751.900024
2670.352051 1494.333374 109.719009 1752.510010
2670.352051 1494.748535 109.719009 1752.869995
2670.352051 1494.748535 109.719009 1752.890015
2670.352051 1495.360474 109.719009 1753.530029
2670.352051 1495.562012 109.719009 1753.869995
2670.352051 1495.562012 109.719009 1753.900024
2670.352051 1496.171875 109.719009 1754.520020
2670.352051 1496.582397 109.719009 1754.869995
2670.360107 1496.582397 109.719009 1754.880005
2670.360107 1496.988159 109.719009 1755.500000
2670.360107 1497.191162 110.494766 1755.869995
2670.360107 1497.191162 110.494766 1755.900024
2670.360107 1497.191162 110.494766 1756.500000
2670.360107 1497.602173 110.494766 1756.869995
2670.384033 1497.602173 110.494766 1756.869995
2670.384033 1498.210449 110.494766 1757.510010
2670.384033 1498.419312 110.494766 1757.869995
2670.384033 1498.419312 110.494766 1757.869995
2670.384033 1499.033203 110.494766 1758.510010
2670.384033 1499.442139 110.494766 1758.849976
2670.384033 1499.442139 110.494766 1758.890015
2670.384033 1500.053711 110.494766 1759.500000
2670.384033 1500.255493 110.494766 1759.869995
2670.384033 1500.255493 110.494766 1759.880005
2670.384033 1500.865234 110.494766 1760.500000
2670.384033 1501.277710 110.494766 1760.859985
2670.503906 1501.277710 110.494766 1760.880005
2670.511963 1501.683105 110.494766 1761.530029
2670.511963 1502.089233 110.494766 1761.859985
2670.535889 1502.089233 110.494766 1761.880005
2670.543945 1502.707520 110.494766 1762.520020
2670.543945 1502.916016 110.494766 1762.869995
2670.543945 1502.916016 110.494766 1762.900024
2670.543945 1503.520996 110.494766 1763.500000
2670.543945 1503.722534 110.494766 1763.859985
2670.552002 1503.926514 110.494766 1763.890015
2670.552002 1504.333496 110.494766 1764.500000
2670.552002 1504.742188 110.494766 1764.869995
2670.568115 1504.742188 110.494766 1764.880005
2670.568115 1505.147217 110.494766 1765.500000
2670.568115 1505.555664 110.494766 1765.859985
2670.583984 1505.555664 110.494766 1765.880005
2670.583984 1506.167603 110.494766 1766.500000
2670.583984 1506.583374 110.494766 1766.869995
2670.583984 1506.583374 110.494766 1766.869995
2670.583984 1506.994141 110.494766 1767.500000
2670.583984 1507.397705 110.494766 1767.859985
2670.583984 1507.397705 110.494766 1767.890015
2670.583984 1508.008301 110.494766 1768.500000
2670.583984 1508.413086 110.494766 1768.869995
2670.583984 1508.413086 110.494766 1768.880005
2670.583984 1508.818848 110.494766 1769.510010
2670.583984 1509.025635 110.494766 1769.880005
2670.607910 1509.025635 110.494766 1769.880005
2670.607910 1509.226929 110.494766 1770.500000
2670.607910 1509.226929 110.494766 1770.869995
2670.632080 1509.226929 110.494766 1770.890015
2670.632080 1509.226929 110.494766 1771.500000
2670.632080 1509.226929 110.494766 1771.869995
2670.632080 1509.226929 110.494766 1771.869995
2670.632080 1509.226929 110.494766 1772.500000
2670.632080 1509.226929 110.494766 1772.869995
2670.632080 1509.226929 110.494766 1772.880005
2670.632080 1509.226929 110.494766 1773.520020
2670.632080 1509.226929 110.494766 1773.869995
2670.632080 1509.226929 110.494766 1773.869995
2670.632080 1509.226929 110.494766 1774.510010
2670.632080 1509.226929 110.494766 1774.869995
2670.656006 1509.226929 110.494766 1774.880005
2670.656006 1509.226929 110.494766 1775.530029
2670.656006 1509.226929 110.494766 1775.869995
2670.656006 1509.226929 110.494766 1775.869995
2670.656006 1509.226929 110.494766 1776.500000
2670.656006 1509.226929 110.494766 1776.859985
2670.656006 1509.226929 110.494766 1776.880005
2670.656006 1509.226929 110.494766 1777.500000
2670.656006 1509.226929 110.494766 1777.869995
2670.672119 1509.226929 110.494766 1777.880005
2670.672119 1509.226929 110.494766 1778.489990
2670.672119 1509.226929 110.494766 1778.869995
2670.672119 1509.226929 110.494766 1778.900024
2670.672119 1509.226929 110.494766 1779.500000
2670.672119 1509.226929 110.494766 1779.869995
2670.672119 1509.226929 110.494766 1779.900024
2670.672119 1509.226929 110.494766 1780.500000
2670.672119 1509.226929 110.494766 1780.859985
2670.679932 1509.226929 110.494766 1780.880005
2670.679932 1509.226929 110.494766 1781.500000
2670.679932 1509.226929 110.494766 1781.869995
2670.719971 1509.226929 110.494766 1781.890015
2670.719971 1509.226929 110.494766 1782.500000
2670.728027 1509.226929 110.494766 1782.859985
2670.768066 1509.226929 110.494766 1782.869995
2670.775879 1509.226929 110.494766 1783.489990
2670.775879 1509.226929 110.494766 1783.869995
2670.808105 1509.226929 110.494766 1783.900024
2670.808105 1509.226929 110.494766 1784.520020
2670.808105 1509.226929 110.494766 1784.859985
2670.832031 1509.226929 110.494766 1784.890015
2670.832031 1509.226929 110.494766 1785.520020
2670.832031 1509.226929 110.494766 1785.869995
2670.864014 1509.226929 110.494766 1785.880005
2670.872070 1509.226929 110.494766 1786.500000
2670.872070 1509.226929 110.494766 1786.859985
2670.895996 1509.226929 110.494766 1786.880005
2670.895996 1509.226929 110.494766 1787.500000
2670.895996 1509.226929 110.494766 1787.869995
2670.919922 1509.226929 110.494766 1787.869995
2670.919922 1509.226929 110.494766 1788.500000
2670.919922 1509.226929 110.494766 1788.869995
2670.927979 1509.226929 110.494766 1788.890015
2670.936035 1509.226929 110.494766 1789.510010
2670.936035 1509.226929 110.494766 1789.859985
2670.936035 1509.226929 110.494766 1789.880005
2670.936035 1509.226929 110.494766 1790.530029
2670.936035 1509.226929 110.494766 1790.869995
2670.976074 1509.226929 110.494766 1790.869995
2670.976074 1509.226929 110.494766 1791.510010
2670.983887 1509.226929 110.494766 1791.869995
2671.000000 1509.226929 110.494766 1791.880005
2671.000000 1509.226929 110.494766 1792.500000
2671.000000 1509.226929 110.494766 1792.869995
2671.000000 1509.226929 110.494766 1792.880005
2671.008057 1509.226929 110.494766 1793.500000
2671.008057 1509.226929 110.494766 1793.869995
2671.008057 1509.226929 110.494766 1793.880005
2671.016113 1509.226929 110.494766 1794.500000
2671.023926 1509.226929 110.494766 1794.869995
2671.023926 1509.226929 110.494766 1794.869995
2671.023926 1509.226929 110.494766 1795.510010
2671.023926 1509.226929 110.494766 1795.869995
2671.031982 1509.226929 110.494766 1795.869995
2671.040039 1509.226929 110.494766 1796.510010
2671.048096 1509.226929 110.494766 1796.869995
2671.055908 1509.226929 110.494766 1796.880005
2671.087891 1509.226929 110.494766 1797.500000
2671.087891 1509.226929 110.494766 1797.869995
2671.104004 1509.226929 110.494766 1797.869995
2671.112061 1509.226929 110.494766 1798.510010
2671.112061 1509.226929 110.494766 1798.869995
2671.120117 1509.226929 110.494766 1798.900024
2671.120117 1509.226929 110.494766 1799.500000
2671.120117 1509.226929 110.494766 1799.869995
2671.127930 1509.226929 110.494766 1799.890015
2671.127930 1509.226929 110.494766 1800.489990
2671.135986 1509.226929 110.494766 1800.859985
2671.135986 1509.226929 110.494766 1800.869995
2671.144043 1509.226929 110.494766 1801.500000
2671.159912 1509.226929 110.494766 1801.859985
2671.159912 1509.226929 110.494766 1801.880005
2671.159912 1509.226929 110.494766 1802.500000
2671.159912 1509.226929 110.494766 1802.859985
2671.159912 1509.226929 110.494766 1802.900024
2671.159912 1509.226929 110.494766 1803.510010
2671.159912 1509.226929 110.494766 1803.839966
2671.167969 1509.226929 110.494766 1803.890015
2671.176025 1509.226929 110.494766 1804.510010
2671.176025 1509.226929 110.494766 1804.869995
2671.184082 1509.226929 110.494766 1804.869995
2671.191895 1509.226929 110.494766 1805.500000
2671.191895 1509.226929 110.494766 1805.859985
2671.208008 1509.226929 110.494766 1805.880005
2671.208008 1509.226929 110.494766 1806.500000
2671.208008 1509.226929 110.494766 1806.869995
2671.208008 1509.226929 110.494766 1806.880005
2671.248047 1509.226929 110.494766 1807.500000
2671.248047 1509.226929 110.494766 1807.869995
2671.248047 1509.226929 110.494766 1807.890015
2671.256104 1509.226929 110.494766 1808.500000
2671.256104 1509.226929 110.494766 1808.869995
2671.256104 1509.226929 110.494766 1808.880005
2671.256104 1509.226929 110.494766 1809.500000
2671.256104 1509.226929 110.494766 1809.869995
2671.263916 1509.226929 110.494766 1809.890015
2671.263916 1509.226929 110.494766 1810.510010
2671.263916 1509.226929 110.494766 1810.869995
2671.263916 1509.226929 110.494766 1810.869995
2671.263916 1509.226929 110.494766 1811.510010
2671.263916 1509.226929 110.494766 1811.869995
2671.263916 1509.226929 110.494766 1811.900024
2671.271973 1509.226929 110.494766 1812.500000
2671.271973 1509.226929 110.494766 1812.869995
2671.271973 1509.226929 110.494766 1812.880005
2671.288086 1509.226929 110.494766 1813.500000
2671.288086 1509.226929 110.494766 1813.869995
2671.303955 1509.226929 110.494766 1813.880005
2671.320068 1509.226929 110.494766 1814.489990
2671.320068 1509.226929 110.494766 1814.869995
2671.320068 1509.226929 110.494766 1814.880005
2671.360107 1509.226929 110.494766 1815.500000
2671.360107 1509.226929 110.494766 1815.869995
2671.367920 1509.226929 110.494766 1815.900024
2671.375977 1509.226929 110.494766 1816.500000
2671.375977 1509.226929 110.494766 1816.869995
2671.375977 1509.226929 110.494766 1816.869995
2671.392090 1509.226929 110.494766 1817.500000
2671.392090 1509.226929 110.494766 1817.869995
2671.392090 1509.226929 110.494766 1817.900024
2671.399902 1509.226929 110.494766 1818.510010
2671.399902 1509.226929 110.494766 1818.869995
2671.399902 1509.226929 110.494766 1818.900024
2671.407959 1509.226929 110.494766 1819.500000
2671.407959 1509.226929 110.494766 1819.869995
2671.407959 1509.226929 110.494766 1819.890015
2671.424072 1509.226929 110.494766 1820.500000
2671.424072 1509.226929 110.494766 1820.869995
2671.424072 1509.226929 110.494766 1820.869995
2671.424072 1509.226929 110.494766 1821.510010
2671.424072 1509.226929 110.494766 1821.869995
2671.424072 1509.226929 110.494766 1821.880005
2671.431885 1509.226929 110.494766 1822.500000
2671.431885 1509.226929 110.494766 1822.869995
2671.431885 1509.226929 110.494766 1822.869995
2671.431885 1509.226929 110.494766 1823.510010
2671.431885 1509.226929 110.494766 1823.859985
2671.431885 1509.226929 110.494766 1823.890015
2671.439941 1509.226929 110.494766 1824.500000
2671.439941 1509.226929 110.494766 1824.869995
2671.447998 1509.226929 110.494766 1824.880005
2671.456055 1509.226929 110.494766 1825.500000
2671.456055 1509.226929 110.494766 1825.869995
2671.456055 1509.226929 110.494766 1825.869995
2671.456055 1509.226929 110.494766 1826.510010
2671.464111 1509.226929 110.494766 1826.869995
2671.464111 1509.226929 110.494766 1826.869995
2671.464111 1509.226929 110.494766 1827.500000
2671.464111 1509.226929 110.494766 1827.869995
2671.464111 1509.226929 110.494766 1827.880005
2671.464111 1509.226929 110.494766 1828.500000
2671.464111 1509.226929 110.494766 1828.869995
2671.464111 1509.226929 110.494766 1828.880005
2671.464111 1509.226929 110.494766 1829.500000
2671.464111 1509.226929 110.494766 1829.869995
2671.464111 1509.226929 110.494766 1829.869995
2671.464111 1509.226929 110.494766 1830.520020
2671.464111 1509.226929 110.494766 1830.869995
2671.464111 1509.226929 110.494766 1830.900024
2671.464111 1509.226929 110.494766 1831.500000
2671.464111 1509.226929 110.494766 1831.869995
2671.464111 1509.226929 110.494766 1831.880005
2671.464111 1509.226929 110.494766 1832.500000
2671.464111 1509.226929 110.494766 1832.869995
2671.464111 1509.226929 110.494766 1832.869995
2671.464111 1509.226929 110.494766 1833.500000
2671.464111 1509.226929 110.494766 1833.869995
2671.464111 1509.226929 110.494766 1833.880005
2671.471924 1509.226929 110.494766 1834.510010
2671.471924 1509.226929 110.494766 1834.869995
2671.471924 1509.226929 110.494766 1834.900024
2671.479980 1509.226929 110.494766 1835.500000
2671.479980 1509.226929 110.494766 1835.869995
2671.479980 1509.226929 110.494766 1835.880005
2671.488037 1509.226929 110.494766 1836.500000
2671.488037 1509.226929 110.494766 1836.859985
2671.488037 1509.226929 110.494766 1836.869995
2671.488037 1509.226929 110.494766 1837.510010
2671.488037 1509.226929 110.494766 1837.869995
2671.488037 1509.226929 110.494766 1837.869995
2671.488037 1509.226929 110.494766 1838.510010
2671.488037 1509.226929 110.494766 1838.869995
2671.496094 1509.226929 110.494766 1838.890015
2671.496094 1509.226929 110.494766 1839.500000
2671.496094 1509.226929 110.494766 1839.869995
2671.496094 1509.226929 110.494766 1839.869995
2671.496094 1509.226929 110.494766 1840.500000
2671.503906 1509.226929 110.494766 1840.859985
2671.503906 1509.226929 110.494766 1840.890015
2671.503906 1509.226929 110.494766 1841.500000
2671.503906 1509.226929 110.494766 1841.869995
2671.503906 1509.226929 110.494766 1841.869995
2671.503906 1509.226929 110.494766 1842.500000
2671.503906 1509.226929 110.494766 1842.859985
2671.503906 1509.226929 110.494766 1842.890015
2671.503906 1509.226929 110.494766 1843.510010
2671.503906 1509.226929 110.494766 1843.869995
2671.503906 1509.226929 110.494766 1843.900024
2671.503906 1509.226929 110.494766 1844.500000
2671.503906 1509.226929 110.494766 1844.859985
2671.503906 1509.226929 110.494766 1844.880005
2671.503906 1509.226929 110.494766 1845.510010
2671.503906 1509.226929 110.494766 1845.869995
2671.503906 1509.226929 110.494766 1845.880005
2671.503906 1509.226929 110.494766 1846.510010
2671.503906 1509.226929 110.494766 1846.859985
2671.503906 1509.226929 110.494766 1846.890015
2671.503906 1509.226929 110.494766 1847.510010
2671.503906 1509.226929 110.494766 1847.869995
2671.503906 1509.226929 110.494766 1847.869995
2671.503906 1509.226929 110.494766 1848.500000
2671.503906 1509.226929 110.494766 1848.859985
2671.503906 1509.226929 110.494766 1848.890015
2671.503906 1509.226929 110.494766 1849.510010
2671.511963 1509.226929 110.494766 1849.869995
2671.511963 1509.226929 110.494766 1849.890015
2671.511963 1509.226929 110.494766 1850.520020
2671.511963 1509.226929 110.494766 1850.859985
2671.511963 1509.226929 110.494766 1850.880005
2671.511963 1509.226929 110.494766 1851.510010
2671.511963 1509.226929 110.494766 1851.869995
2671.511963 1509.226929 110.494766 1851.890015
2671.528076 1509.226929 110.494766 1852.500000
2671.528076 1509.226929 110.494766 1852.859985
2671.528076 1509.226929 110.494766 1852.890015
2671.528076 1509.226929 110.494766 1853.500000
2671.528076 1509.226929 110.494766 1853.869995
2671.528076 1509.226929 110.494766 1853.869995
2671.528076 1509.226929 110.494766 1854.500000
2671.528076 1509.226929 110.494766 1854.869995
2671.528076 1509.226929 110.494766 1854.869995
2671.543945 1509.226929 110.494766 1855.520020
2671.543945 1509.226929 110.494766 1855.859985
2671.543945 1509.226929 110.494766 1855.890015
2671.543945 1509.226929 110.494766 1856.500000
2671.543945 1509.226929 110.494766 1856.869995
2671.543945 1509.226929 110.494766 1856.869995
2671.543945 1509.226929 110.494766 1857.510010
2671.543945 1509.226929 110.494766 1857.869995
2671.543945 1509.226929 110.494766 1857.869995
2671.543945 1509.226929 110.494766 1858.510010
2671.543945 1509.226929 110.494766 1858.869995
2671.543945 1509.226929 110.494766 1858.869995
2671.543945 1509.226929 110.494766 1859.510010
2671.543945 1509.226929 110.494766 1859.859985
2671.552002 1509.226929 110.494766 1859.890015
2671.552002 1509.226929 110.494766 1860.500000
2671.552002 1509.226929 110.494766 1860.869995
2671.552002 1509.226929 110.494766 1860.869995
2671.552002 1509.226929 110.494766 1861.530029
2671.552002 1509.226929 110.494766 1861.849976
2671.552002 1509.226929 110.494766 1861.890015
2671.560059 1509.226929 110.494766 1862.500000
2671.560059 1509.226929 110.494766 1862.869995
2671.560059 1509.226929 110.494766 1862.900024
2671.568115 1509.226929 110.494766 1863.510010
2671.568115 1509.226929 110.494766 1863.869995
2671.568115 1509.226929 110.494766 1863.880005
2671.568115 1509.226929 110.494766 1864.510010
2671.568115 1509.226929 110.494766 1864.869995
2671.568115 1509.226929 110.494766 1864.869995
2671.568115 1509.226929 110.494766 1865.520020
2671.568115 1509.226929 110.494766 1865.869995
2671.568115 1509.226929 110.494766 1865.890015
2671.568115 1509.226929 110.494766 1866.500000
2671.568115 1509.226929 110.494766 1866.869995
2671.568115 1509.226929 110.494766 1866.869995
2671.568115 1509.226929 110.494766 1867.500000
2671.568115 1509.226929 110.494766 1867.869995
2671.568115 1509.226929 110.494766 1867.869995
2671.568115 1509.226929 110.494766 1868.510010
2671.568115 1509.226929 110.494766 1868.869995
2671.568115 1509.226929 110.494766 1868.890015
2671.568115 1509.226929 110.494766 1869.500000
2671.568115 1509.226929 110.494766 1869.869995
2671.568115 1509.226929 110.494766 1869.880005
2671.568115 1509.226929 110.494766 1870.510010
2671.568115 1509.226929 110.494766 1870.859985
2671.568115 1509.226929 110.494766 1870.869995
2671.568115 1509.226929 110.494766 1871.500000
2671.568115 1509.226929 110.494766 1871.859985
2671.568115 1509.226929 110.494766 1871.869995
2671.568115 1509.226929 110.494766 1872.500000
2671.568115 1509.226929 110.494766 1872.869995
2671.568115 1509.226929 110.494766 1872.869995
2671.568115 1509.226929 110.494766 1873.500000
2671.568115 1509.226929 110.494766 1873.859985
2671.568115 1509.226929 110.494766 1873.890015
2671.568115 1509.226929 110.494766 1874.500000
2671.568115 1509.226929 110.494766 1874.849976
2671.568115 1509.226929 110.494766 1874.880005
2671.568115 1509.226929 110.494766 1875.500000
2671.568115 1509.226929 110.494766 1875.859985
2671.568115 1509.226929 110.494766 1875.880005
2671.568115 1509.226929 110.494766 1876.510010
2671.568115 1509.226929 110.494766 1876.859985
2671.568115 1509.226929 110.494766 1876.869995
2671.568115 1509.226929 110.494766 1877.500000
2671.568115 1509.226929 110.494766 1877.869995
2671.568115 1509.226929 110.494766 1877.900024
2671.568115 1509.226929 110.494766 1878.500000
2671.568115 1509.226929 110.494766 1878.869995
2671.568115 1509.226929 110.494766 1878.880005
2671.568115 1509.226929 110.494766 1879.500000
2671.568115 1509.226929 110.494766 1879.869995
2671.568115 1509.226929 110.494766 1879.880005
2671.568115 1509.226929 110.494766 1880.500000
2671.568115 1509.226929 110.494766 1880.859985
2671.568115 1509.226929 110.494766 1880.890015
2671.568115 1509.226929 110.494766 1881.500000
2671.575928 1509.226929 110.494766 1881.849976
2671.575928 1509.226929 110.494766 1881.890015
2671.575928 1509.226929 110.494766 1882.500000
2671.575928 1509.226929 110.494766 1882.869995
2671.575928 1509.226929 110.494766 1882.869995
2671.575928 1509.226929 110.494766 1883.500000
2671.575928 1509.226929 110.494766 1883.859985
2671.575928 1509.226929 110.494766 1883.859985
2671.575928 1509.226929 110.494766 1884.510010
2671.575928 1509.226929 110.494766 1884.869995
2671.575928 1509.226929 110.494766 1884.880005
2671.575928 1509.226929 110.494766 1885.500000
2671.575928 1509.226929 110.494766 1885.869995
2671.575928 1509.226929 110.494766 1885.880005
2671.575928 1509.226929 110.494766 1886.500000
2671.575928 1509.226929 110.494766 1886.859985
2671.575928 1509.226929 110.494766 1886.880005
2671.575928 1509.226929 110.494766 1887.520020
2671.575928 1509.226929 110.494766 1887.859985
2671.575928 1509.226929 110.494766 1887.880005
2671.575928 1509.226929 110.494766 1888.500000
2671.575928 1509.226929 110.494766 1888.869995
2671.583984 1509.226929 110.494766 1888.890015
2671.583984 1509.226929 110.494766 1889.520020
2671.583984 1509.226929 110.494766 1889.869995
2671.583984 1509.226929 110.494766 1889.869995
2671.583984 1509.226929 110.494766 1890.510010
2671.583984 1509.226929 110.494766 1890.869995
2671.583984 1509.226929 110.494766 1890.890015
2671.583984 1509.226929 110.494766 1891.500000
2671.583984 1509.226929 110.494766 1891.859985
2671.583984 1509.226929 110.494766 1891.880005
2671.583984 1509.226929 110.494766 1892.520020
2671.583984 1509.226929 110.494766 1892.869995
2671.583984 1509.226929 110.494766 1892.869995
2671.583984 1509.226929 110.494766 1893.500000
2671.583984 1509.226929 110.494766 1893.869995
2671.583984 1509.226929 110.494766 1893.869995
2671.583984 1509.226929 110.494766 1894.510010
2671.583984 1509.226929 110.494766 1894.859985
2671.583984 1509.226929 110.494766 1894.890015
2671.592041 1509.226929 110.494766 1895.520020
2671.592041 1509.226929 110.494766 1895.869995
2671.592041 1509.226929 110.494766 1895.869995
2671.592041 1509.226929 110.494766 1896.510010
2671.592041 1509.226929 110.494766 1896.859985
2671.592041 1509.226929 110.494766 1896.890015
2671.592041 1509.226929 110.494766 1897.500000
2671.592041 1509.226929 110.494766 1897.869995
2671.592041 1509.226929 110.494766 1897.880005
2671.592041 1509.226929 110.494766 1898.500000
2671.592041 1509.226929 110.494766 1898.859985
2671.592041 1509.226929 110.494766 1898.880005
2671.592041 1509.226929 110.494766 1899.500000
2671.592041 1509.226929 110.494766 1899.869995
2671.592041 1509.226929 110.494766 1899.869995
2671.592041 1509.226929 110.494766 1900.500000
2671.592041 1509.226929 110.494766 1900.869995
2671.592041 1509.226929 110.494766 1900.869995
2671.592041 1509.226929 110.494766 1901.500000
2671.592041 1509.226929 110.494766 1901.859985
2671.592041 1509.226929 110.494766 1901.900024
2671.592041 1509.226929 110.494766 1902.510010
2671.592041 1509.226929 110.494766 1902.869995
2671.592041 1509.226929 110.494766 1902.880005
2671.592041 1509.226929 110.494766 1903.520020
2671.592041 1509.226929 110.494766 1903.869995
2671.592041 1509.226929 110.494766 1903.869995
2671.592041 1509.226929 110.494766 1904.510010
2671.592041 1509.226929 110.494766 1904.859985
2671.592041 1509.226929 110.494766 1904.880005
2671.592041 1509.226929 110.494766 1905.510010
2671.592041 1509.226929 110.494766 1905.869995
2671.592041 1509.226929 110.494766 1905.880005
2671.592041 1509.226929 110.494766 1906.510010
2671.592041 1509.226929 110.494766 1906.869995
2671.592041 1509.226929 110.494766 1906.900024
2671.592041 1509.226929 110.494766 1907.530029
2671.592041 1509.226929 110.494766 1907.869995
2671.592041 1509.226929 110.494766 1907.869995
2671.592041 1509.226929 110.494766 1908.510010
2671.592041 1509.226929 110.494766 1908.869995
2671.592041 1509.226929 110.494766 1908.869995
2671.592041 1509.226929 110.494766 1909.500000
2671.592041 1509.226929 110.494766 1909.869995
2671.592041 1509.226929 110.494766 1909.880005
2671.592041 1509.226929 110.494766 1910.500000
2671.592041 1509.226929 110.494766 1910.869995
2671.592041 1509.226929 110.494766 1910.869995
2671.592041 1509.226929 110.494766 1911.520020
2671.592041 1509.226929 110.494766 1911.869995
2671.592041 1509.226929 110.494766 1911.890015
2671.592041 1509.226929 110.494766 1912.520020
2671.592041 1509.226929 110.494766 1912.869995
2671.592041 1509.226929 110.494766 1912.880005
2671.592041 1509.226929 110.494766 1913.520020
2671.592041 1509.226929 110.494766 1913.869995
2671.592041 1509.226929 110.494766 1913.869995
2671.592041 1509.226929 110.494766 1914.500000
2671.592041 1509.226929 110.494766 1914.869995
2671.592041 1509.226929 110.494766 1914.869995
2671.592041 1509.226929 110.494766 1915.500000
2671.592041 1509.226929 110.494766 1915.869995
2671.592041 1509.226929 110.494766 1915.890015
2671.592041 1509.226929 110.494766 1916.500000
2671.592041 1509.226929 110.494766 1916.869995
2671.592041 1509.226929 110.494766 1916.880005
2671.592041 1509.226929 110.494766 1917.500000
2671.592041 1509.226929 110.494766 1917.859985
2671.592041 1509.226929 110.494766 1917.890015
2671.592041 1509.226929 110.494766 1918.500000
2671.592041 1509.226929 110.494766 1918.859985
2671.592041 1509.226929 110.494766 1918.880005
2671.592041 1509.226929 110.494766 1919.500000
2671.592041 1509.226929 110.494766 1919.869995
2671.592041 1509.226929 110.494766 1919.880005
2671.592041 1509.226929 110.494766 1920.510010
2671.592041 1509.226929 110.494766 1920.869995
2671.592041 1509.226929 110.494766 1920.869995
2671.600098 1509.226929 110.494766 1921.500000
2671.600098 1509.226929 110.494766 1921.869995
2671.600098 1509.226929 110.494766 1921.880005
2671.600098 1509.226929 110.494766 1922.500000
2671.600098 1509.226929 110.494766 1922.869995
2671.600098 1509.226929 110.494766 1922.869995
2671.600098 1509.226929 110.494766 1923.510010
2671.600098 1509.226929 110.494766 1923.869995
2671.600098 1509.226929 110.494766 1923.869995
2671.600098 1509.226929 110.494766 1924.510010
2671.600098 1509.226929 110.494766 1924.859985
2671.600098 1509.226929 110.494766 1924.859985
2671.600098 1509.226929 110.494766 1925.500000
2671.600098 1509.226929 110.494766 1925.859985
2671.600098 1509.226929 110.494766 1925.880005
2671.600098 1509.226929 110.494766 1926.500000
2671.600098 1509.226929 110.494766 1926.869995
2671.600098 1509.226929 110.494766 1926.869995
2671.600098 1509.226929 110.494766 1927.500000
2671.600098 1509.226929 110.494766 1927.869995
2671.600098 1509.226929 110.494766 1927.890015
2671.600098 1509.226929 110.494766 1928.510010
2671.600098 1509.226929 110.494766 1928.869995
2671.600098 1509.226929 110.494766 1928.869995
2671.600098 1509.226929 110.494766 1929.520020
2671.600098 1509.226929 110.494766 1929.869995
2671.600098 1509.226929 110.494766 1929.900024
2671.600098 1509.226929 110.494766 1930.510010
2671.600098 1509.226929 110.494766 1930.859985
2671.600098 1509.226929 110.494766 1930.880005
2671.600098 1509.226929 110.494766 1931.500000
2671.600098 1509.226929 110.494766 1931.869995
2671.607910 1509.226929 110.494766 1931.880005
2671.607910 1509.226929 110.494766 1932.510010
2671.607910 1509.226929 110.494766 1932.869995
2671.607910 1509.226929 110.494766 1932.880005
2671.607910 1509.226929 110.494766 1933.500000
2671.607910 1509.226929 110.494766 1933.869995
2671.607910 1509.226929 110.494766 1933.869995
2671.607910 1509.226929 110.494766 1934.500000
2671.607910 1509.226929 110.494766 1934.869995
2671.607910 1509.226929 110.494766 1934.880005
2671.607910 1509.226929 110.494766 1935.520020
2671.607910 1509.226929 110.494766 1935.869995
2671.607910 1509.226929 110.494766 1935.890015
2671.607910 1509.226929 110.494766 1936.510010
2671.607910 1509.226929 110.494766 1936.869995
2671.607910 1509.226929 110.494766 1936.890015
2671.607910 1509.226929 110.494766 1937.500000
2671.607910 1509.226929 110.494766 1937.839966
2671.607910 1509.226929 110.494766 1937.910034
2671.615967 1509.226929 110.494766 1938.530029
2671.615967 1509.226929 110.494766 1938.869995
2671.615967 1509.226929 110.494766 1938.869995
2671.615967 1509.226929 110.494766 1939.510010
2671.615967 1509.226929 110.494766 1939.869995
2671.615967 1509.226929 110.494766 1939.869995
2671.615967 1509.226929 110.494766 1940.500000
2671.615967 1509.226929 110.494766 1940.869995
2671.615967 1509.226929 110.494766 1940.869995
2671.615967 1509.226929 110.494766 1941.510010
2671.615967 1509.226929 110.494766 1941.869995
2671.615967 1509.226929 110.494766 1941.880005
2671.615967 1509.226929 110.494766 1942.510010
2671.615967 1509.226929 110.494766 1942.869995
2671.615967 1509.226929 110.494766 1942.890015
2671.615967 1509.226929 110.494766 1943.510010
2671.615967 1509.226929 110.494766 1943.869995
2671.615967 1509.226929 110.494766 1943.869995
2671.615967 1509.226929 110.494766 1944.500000
2671.615967 1509.226929 110.494766 1944.869995
2671.615967 1509.226929 110.494766 1944.869995
2671.615967 1509.226929 110.494766 1945.500000
2671.615967 1509.226929 110.494766 1945.869995
2671.624023 1509.226929 110.494766 1945.869995
2671.624023 1509.226929 110.494766 1946.500000
2671.624023 1509.226929 110.494766 1946.869995
2671.624023 1509.226929 110.494766 1946.869995
2671.624023 1509.226929 110.494766 1947.510010
2671.624023 1509.226929 110.494766 1947.869995
2671.624023 1509.226929 110.494766 1947.869995
2671.624023 1509.226929 110.494766 1948.489990
2671.624023 1509.226929 110.494766 1948.869995
2671.624023 1509.226929 110.494766 1948.880005
2671.624023 1509.226929 110.494766 1949.500000
2671.624023 1509.226929 110.494766 1949.859985
2671.624023 1509.226929 110.494766 1949.880005
2671.624023 1509.226929 110.494766 1950.500000
2671.624023 1509.226929 110.494766 1950.859985
2671.624023 1509.226929 110.494766 1950.900024
2671.624023 1509.226929 110.494766 1951.520020
2671.624023 1509.226929 110.494766 1951.869995
2671.624023 1509.226929 110.494766 1951.890015
2671.624023 1509.226929 110.494766 1952.510010
2671.624023 1509.226929 110.494766 1952.869995
2671.624023 1509.226929 110.494766 1952.880005
2671.624023 1509.226929 110.494766 1953.500000
2671.624023 1509.226929 110.494766 1953.869995
2671.624023 1509.226929 110.494766 1953.869995
2671.624023 1509.226929 110.494766 1954.510010
2671.624023 1509.226929 110.494766 1954.869995
2671.624023 1509.226929 110.494766 1954.869995
2671.624023 1509.226929 110.494766 1955.500000
2671.624023 1509.226929 110.494766 1955.869995
2671.624023 1509.226929 110.494766 1955.880005
2671.624023 1509.226929 110.494766 1956.500000
2671.624023 1509.226929 110.494766 1956.869995
2671.624023 1509.226929 110.494766 1956.880005
2671.624023 1509.226929 110.494766 1957.500000
2671.624023 1509.226929 110.494766 1957.849976
2671.624023 1509.226929 110.494766 1957.900024
2671.624023 1509.226929 110.494766 1958.500000
2671.624023 1509.226929 110.494766 1958.869995
2671.624023 1509.226929 110.494766 1958.880005
2671.624023 1509.226929 110.494766 1959.500000
2671.624023 1509.226929 110.494766 1959.869995
2671.624023 1509.226929 110.494766 1959.869995
2671.624023 1509.226929 110.494766 1960.500000
2671.624023 1509.226929 110.494766 1960.869995
2671.624023 1509.226929 110.494766 1960.890015
2671.624023 1509.226929 110.494766 1961.510010
2671.624023 1509.226929 110.494766 1961.869995
2671.624023 1509.226929 110.494766 1961.900024
2671.624023 1509.226929 110.494766 1962.489990
2671.624023 1509.226929 110.494766 1962.869995
2671.624023 1509.226929 110.494766 1962.900024
2671.624023 1509.226929 110.494766 1963.510010
2671.624023 1509.226929 110.494766 1963.869995
2671.624023 1509.226929 110.494766 1963.890015
2671.624023 1509.226929 110.494766 1964.500000
2671.624023 1509.226929 110.494766 1964.869995
2671.624023 1509.226929 110.494766 1964.869995
2671.624023 1509.226929 110.494766 1965.520020
2671.624023 1509.226929 110.494766 1965.869995
2671.624023 1509.226929 110.494766 1965.900024
2671.624023 1509.226929 110.494766 1966.500000
2671.624023 1509.226929 110.494766 1966.869995
2671.624023 1509.226929 110.494766 1966.880005
2671.624023 1509.226929 110.494766 1967.510010
2671.624023 1509.226929 110.494766 1967.869995
2671.624023 1509.226929 110.494766 1967.880005
2671.624023 1509.226929 110.494766 1968.510010
2671.624023 1509.226929 110.494766 1968.869995
2671.624023 1509.226929 110.494766 1968.869995
2671.624023 1509.226929 110.494766 1969.510010
2671.624023 1509.226929 110.494766 1969.869995
2671.624023 1509.226929 110.494766 1969.869995
2671.624023 1509.226929 110.494766 1970.500000
2671.624023 1509.226929 110.494766 1970.869995
2671.624023 1509.226929 110.494766 1970.880005
2671.624023 1509.226929 110.494766 1971.500000
2671.624023 1509.226929 110.494766 1971.859985
2671.624023 1509.226929 110.494766 1971.890015
2671.624023 1509.226929 110.494766 1972.500000
2671.624023 1509.226929 110.494766 1972.869995
2671.624023 1509.226929 110.494766 1972.869995
2671.624023 1509.226929 110.494766 1973.510010
2671.624023 1509.226929 110.494766 1973.869995
2671.624023 1509.226929 110.494766 1973.900024
2671.624023 1509.226929 110.494766 1974.510010
2671.624023 1509.226929 110.494766 1974.869995
2671.624023 1509.226929 110.494766 1974.869995
2671.624023 1509.226929 110.494766 1975.500000
2671.624023 1509.226929 110.494766 1975.869995
2671.624023 1509.226929 110.494766 1975.869995
2671.624023 1509.226929 110.494766 1976.520020
2671.624023 1509.226929 110.494766 1976.869995
2671.624023 1509.226929 110.494766 1976.869995
2671.624023 1509.226929 110.494766 1977.510010
2671.624023 1509.226929 110.494766 1977.869995
2671.624023 1509.226929 110.494766 1977.890015
2671.624023 1509.226929 110.494766 1978.500000
2671.624023 1509.226929 110.494766 1978.869995
2671.624023 1509.226929 110.494766 1978.869995
2671.624023 1509.226929 110.494766 1979.520020
2671.624023 1509.226929 110.494766 1979.869995
2671.624023 1509.226929 110.494766 1979.900024
2671.624023 1509.226929 110.494766 1980.500000
2671.624023 1509.226929 110.494766 1980.869995
2671.624023 1509.226929 110.494766 1980.869995
2671.624023 1509.226929 110.494766 1981.500000
2671.624023 1509.226929 110.494766 1981.869995
2671.624023 1509.226929 110.494766 1981.869995
2671.624023 1509.226929 110.494766 1982.500000
2671.624023 1509.226929 110.494766 1982.869995
2671.624023 1509.226929 110.494766 1982.869995
2671.624023 1509.226929 110.494766 1983.530029
2671.624023 1509.226929 110.494766 1983.869995
2671.624023 1509.226929 110.494766 1983.880005
2671.624023 1509.226929 110.494766 1984.500000
2671.624023 1509.226929 110.494766 1984.859985
2671.624023 1509.226929 110.494766 1984.880005
2671.624023 1509.226929 110.494766 1985.520020
2671.624023 1509.226929 110.494766 1985.869995
2671.624023 1509.226929 110.494766 1985.900024
2671.624023 1509.226929 110.494766 1986.510010
2671.624023 1509.226929 110.494766 1986.869995
2671.624023 1509.226929 110.494766 1986.869995
2671.624023 1509.226929 110.494766 1987.500000
2671.624023 1509.226929 110.494766 1987.869995
2671.624023 1509.226929 110.494766 1987.880005
2671.624023 1509.226929 110.494766 1988.510010
2671.624023 1509.226929 110.494766 1988.869995
2671.624023 1509.226929 110.494766 1988.869995
2671.624023 1509.226929 110.494766 1989.500000
2671.624023 1509.226929 110.494766 1989.869995
2671.624023 1509.226929 110.494766 1989.890015
2671.624023 1509.226929 110.494766 1990.510010
2671.624023 1509.226929 110.494766 1990.869995
2671.624023 1509.226929 110.494766 1990.869995
2671.624023 1509.226929 110.494766 1991.500000
2671.624023 1509.226929 110.494766 1991.869995
2671.624023 1509.226929 110.494766 1991.880005
2671.624023 1509.226929 110.494766 1992.500000
2671.624023 1509.226929 110.494766 1992.869995
2671.624023 1509.226929 110.494766 1992.900024
2671.624023 1509.226929 110.494766 1993.500000
2671.624023 1509.226929 110.494766 1993.869995
2671.624023 1509.226929 110.494766 1993.890015
2671.624023 1509.226929 110.494766 1994.500000
2671.624023 1509.226929 110.494766 1994.859985
2671.624023 1509.226929 110.494766 1994.880005
2671.624023 1509.226929 110.494766 1995.500000
2671.624023 1509.226929 110.494766 1995.859985
2671.624023 1509.226929 110.494766 1995.880005
2671.624023 1509.226929 110.494766 1996.510010
2671.624023 1509.226929 110.494766 1996.869995
2671.624023 1509.226929 110.494766 1996.869995
2671.624023 1509.226929 110.494766 1997.500000
2671.624023 1509.226929 110.494766 1997.869995
2671.624023 1509.226929 110.494766 1997.880005
2671.624023 1509.226929 110.494766 1998.510010
2671.624023 1509.226929 110.494766 1998.869995
2671.624023 1509.226929 110.494766 1998.880005
2671.624023 1509.226929 110.494766 1999.500000
2671.624023 1509.226929 110.494766 1999.869995
2671.624023 1509.226929 110.494766 1999.900024
2671.624023 1509.226929 110.494766 2000.510010
2671.624023 1509.226929 110.494766 2000.869995
2671.624023 1509.226929 110.494766 2000.880005
2671.624023 1509.226929 110.494766 2001.500000
2671.624023 1509.226929 110.494766 2001.859985
2671.624023 1509.226929 110.494766 2001.859985
2671.624023 1509.226929 110.494766 2002.489990
2671.624023 1509.226929 110.494766 2002.859985
2671.624023 1509.226929 110.494766 2002.869995
2671.624023 1509.226929 110.494766 2003.520020
2671.624023 1509.226929 110.494766 2003.869995
2671.624023 1509.226929 110.494766 2003.869995
2671.624023 1509.226929 110.494766 2004.500000
2671.624023 1509.226929 110.494766 2004.869995
2671.624023 1509.226929 110.494766 2004.880005
2671.624023 1509.226929 110.494766 2005.520020
2671.624023 1509.226929 110.494766 2005.869995
2671.624023 1509.226929 110.494766 2005.880005
2671.624023 1509.226929 110.494766 2006.510010
2671.624023 1509.226929 110.494766 2006.859985
2671.624023 1509.226929 110.494766 2006.880005
2671.624023 1509.226929 110.494766 2007.510010
2671.624023 1509.226929 110.494766 2007.869995
2671.624023 1509.226929 110.494766 2007.890015
2671.624023 1509.226929 110.494766 2008.520020
2671.624023 1509.226929 110.494766 2008.869995
2671.624023 1509.226929 110.494766 2008.900024
2671.624023 1509.226929 110.494766 2009.510010
2671.624023 1509.226929 110.494766 2009.869995
2671.624023 1509.226929 110.494766 2009.890015
2671.624023 1509.226929 110.494766 2010.530029
2671.624023 1509.226929 110.494766 2010.869995
2671.624023 1509.226929 110.494766 2010.880005
2671.624023 1509.226929 110.494766 2011.520020
2671.624023 1509.226929 110.494766 2011.869995
2671.624023 1509.226929 110.494766 2011.869995
2671.624023 1509.226929 110.494766 2012.510010
2671.624023 1509.226929 110.494766 2012.869995
2671.624023 1509.226929 110.494766 2012.880005
2671.624023 1509.226929 110.494766 2013.530029
2671.624023 1509.226929 110.494766 2013.869995
2671.624023 1509.226929 110.494766 2013.900024
2671.624023 1509.226929 110.494766 2014.510010
2671.624023 1509.226929 110.494766 2014.869995
2671.624023 1509.226929 110.494766 2014.880005
2671.624023 1509.226929 110.494766 2015.520020
2671.624023 1509.226929 110.494766 2015.869995
2671.624023 1509.226929 110.494766 2015.869995
2671.624023 1509.226929 110.494766 2016.520020
2671.624023 1509.226929 110.494766 2016.859985
2671.624023 1509.226929 110.494766 2016.859985
2671.624023 1509.226929 110.494766 2017.510010
2671.624023 1509.226929 110.494766 2017.869995
2671.624023 1509.226929 110.494766 2017.900024
2671.624023 1509.226929 110.494766 2018.510010
2671.624023 1509.226929 110.494766 2018.869995
2671.624023 1509.226929 110.494766 2018.900024
2671.624023 1509.226929 110.494766 2019.520020
2671.624023 1509.226929 110.494766 2019.869995
2671.624023 1509.226929 110.494766 2019.869995
2671.624023 1509.226929 110.494766 2020.520020
2671.624023 1509.226929 110.494766 2020.869995
2671.624023 1509.226929 110.494766 2020.900024
2671.624023 1509.226929 110.494766 2021.510010
2671.624023 1509.226929 110.494766 2021.869995
2671.624023 1509.226929 110.494766 2021.890015
2671.624023 1509.226929 110.494766 2022.500000
2671.624023 1509.226929 110.494766 2022.859985
2671.624023 1509.226929 110.494766 2022.910034
2671.624023 1509.226929 110.494766 2023.500000
2671.624023 1509.226929 110.494766 2023.869995
2671.624023 1509.226929 110.494766 2023.869995
