20.200001 13.000000 0.252060 -0.000000 0.000000 -0.000000 0.000000
20.200005 12.999998 0.457079 -0.000000 -0.000000 0.000000 15.070000
20.200006 12.999997 0.661535 -0.000000 -0.000001 0.000000 15.330000
20.200006 12.999997 0.870895 -0.000001 -0.000001 0.000000 15.550000
20.200006 12.999996 1.079626 -0.000000 -0.000001 0.000000 15.750000
20.200006 12.999996 1.286954 -0.000000 -0.000001 0.000000 15.940000
20.200006 12.999997 1.497857 -0.000000 -0.000000 0.000000 16.129999
20.200006 12.999997 1.708835 -0.000000 -0.000000 0.000000 16.320000
20.200006 12.999997 1.917132 0.000000 0.000000 0.000000 16.510000
20.200006 12.999997 2.120901 0.000000 0.000000 0.000000 16.700001
20.200006 12.999997 2.326828 0.000000 0.000000 0.000000 16.900000
20.200005 12.999997 2.529707 -0.000000 -0.000001 0.000000 17.170000
20.200005 12.999998 2.325908 0.000000 0.000001 0.000000 17.930000
20.200005 12.999998 2.125222 0.000000 0.000001 0.000000 18.129999
20.200005 12.999998 1.919520 0.000000 0.000001 0.000000 18.309999
20.200005 12.999998 1.713809 0.000000 0.000000 0.000000 18.480000
20.200005 12.999998 1.504372 0.000000 0.000000 0.000000 18.650000
20.200006 12.999998 1.296286 -0.000000 0.001332 0.000000 18.820000
20.201588 12.999998 1.090444 -0.000048 0.041249 -0.000001 19.000000
20.224569 13.000036 0.883831 -0.000366 0.104478 -0.000010 19.219999
20.328409 13.000382 0.709459 -0.000817 0.123291 -0.000010 19.500000
20.516138 13.001302 0.628381 -0.000799 0.102446 0.000066 19.770000
20.715261 13.002446 0.609081 -0.000389 0.020688 0.000228 19.990000
20.922300 13.003769 0.617504 0.000321 -0.075005 0.000424 20.219999
21.122417 13.005067 0.651071 0.001184 -0.114411 0.000627 20.530001
21.247948 13.006643 0.809173 -0.000595 0.084734 0.002422 21.370001
21.377426 13.008273 0.969638 -0.001036 0.083852 0.004379 21.709999
21.526001 13.010329 1.112599 -0.000378 0.050810 0.005279 21.959999
21.684589 13.012433 1.237477 0.001321 0.061570 0.004862 22.190001
21.864456 13.013948 1.335260 0.002635 0.065389 0.003528 22.420000
22.055658 13.014306 1.396548 0.002549 0.041104 0.001623 22.639999
22.256327 13.013584 1.427546 0.001890 0.039616 -0.000490 22.860001
22.463551 13.012064 1.433954 0.001077 0.022065 -0.002487 23.080000
22.671127 13.010100 1.422984 0.000701 0.017415 -0.002709 23.299999
22.876402 13.007918 1.401450 -0.002669 0.021537 0.000436 23.520000
23.080996 13.007652 1.373120 -0.018377 0.023654 0.007984 23.740000
23.286100 13.015604 1.340408 -0.027315 0.024322 0.020624 23.959999
23.490528 13.035395 1.306324 -0.023827 0.009643 0.037454 24.180000
23.689684 13.065118 1.276694 -0.012468 0.019655 0.054979 24.400000
23.887402 13.099770 1.258010 -0.002066 0.029033 0.072276 24.620001
24.087065 13.134645 1.251965 0.004050 0.016050 0.088255 24.840000
24.285278 13.166726 1.257578 0.006222 0.022000 0.102244 25.059999
24.483757 13.195371 1.272455 0.006968 0.020798 0.113681 25.280001
24.682295 13.219938 1.290456 0.017447 0.021187 0.121323 25.500000
24.881676 13.236683 1.305460 0.024944 0.031207 0.123475 25.719999
25.085997 13.243271 1.314205 0.023981 0.031677 0.118967 25.940001
25.295467 13.240526 1.315738 0.018404 0.030719 0.107833 26.160000
25.498877 13.231619 1.311189 0.010919 0.015956 0.091295 26.370001
25.700302 13.219218 1.302163 0.005881 0.013416 0.070042 26.580000
25.907125 13.204093 1.292017 0.013374 0.018252 0.043327 26.799999
26.112108 13.183938 1.285820 0.020556 0.023064 0.012627 27.020000
26.317446 13.155573 1.285717 0.020415 0.024729 -0.019862 27.240000
26.523407 13.119591 1.290430 0.004769 0.023786 -0.049925 27.459999
26.720507 13.084229 1.296405 -0.011638 0.027372 -0.072973 27.670000
26.919872 13.054321 1.301768 -0.019198 0.030707 -0.088840 27.879999
27.122868 13.032554 1.305334 -0.019567 0.029254 -0.097593 28.090000
27.328947 13.018706 1.306669 -0.015426 0.018564 -0.099939 28.299999
27.532497 13.011445 1.306771 -0.014595 -0.007087 -0.096414 28.510000
27.734274 13.011112 1.307621 -0.018003 0.007656 -0.087035 28.730000
27.938263 13.019235 1.311123 -0.016733 0.010481 -0.070401 28.959999
28.138014 13.034920 1.317646 -0.012788 0.019626 -0.047925 29.190001
28.345314 13.056894 1.326226 -0.011081 0.025121 -0.019202 29.430000
28.546551 13.082360 1.332448 -0.011643 0.033739 0.012146 29.660000
28.752785 13.112346 1.334750 -0.007651 0.001493 0.046211 29.889999
28.953995 13.145418 1.333249 0.001487 -0.080846 0.081431 30.129999
29.152618 13.182073 1.329647 0.007533 -0.133474 0.126001 30.500000
29.354910 13.193423 1.339450 0.018730 0.112132 0.131166 31.340000
29.558413 13.191136 1.358742 0.010078 0.093534 0.108462 31.629999
29.763119 13.189057 1.376148 0.007486 0.047534 0.087002 31.860001
29.963614 13.185663 1.390683 0.014246 0.033959 0.065207 32.070000
30.169092 13.177545 1.402058 0.017329 0.022669 0.041067 32.279999
30.373957 13.163186 1.409341 0.015243 0.008213 0.016599 32.490002
30.573221 13.143204 1.412788 0.012811 0.015181 -0.004507 32.700001
30.778606 13.118181 1.413796 -0.005729 0.024035 -0.020842 32.919998
30.984459 13.097024 1.414749 -0.029901 0.027725 -0.029481 33.139999
31.192852 13.089817 1.417400 -0.038287 0.028018 -0.029356 33.360001
31.394335 13.099148 1.422217 -0.034853 0.027448 -0.021191 33.570000
31.597902 13.122415 1.429326 -0.025430 0.019934 -0.005628 33.779999
31.799095 13.155565 1.437088 -0.025812 -0.005013 0.016269 33.990002
31.998392 13.200860 1.443428 -0.040835 0.002808 0.043884 34.209999
32.196556 13.265495 1.446592 -0.045973 0.016224 0.077054 34.439999
32.381706 13.345716 1.445930 -0.039614 0.022597 0.109147 34.660000
32.566021 13.440349 1.442221 -0.007261 0.028317 0.137118 34.880001
32.744949 13.530440 1.437146 0.045852 0.031033 0.157201 35.090000
32.939880 13.602688 1.431636 0.070449 0.023561 0.168519 35.310001
33.140846 13.641874 1.426438 0.066512 0.013600 0.170105 35.529999
33.343586 13.650199 1.421992 0.051366 0.018045 0.163526 35.750000
33.547657 13.635189 1.417873 0.052531 0.010897 0.148107 35.970001
33.750214 13.597212 1.412726 0.067120 0.007836 0.125265 36.189999
33.940701 13.535287 1.405805 0.064424 0.006335 0.097221 36.400002
34.127388 13.449983 1.396650 0.051662 0.008459 0.064621 36.610001
34.309933 13.347523 1.385504 0.032962 0.006937 0.028499 36.820000
34.486549 13.236419 1.373109 0.010972 -0.003218 -0.009682 37.029999
34.653988 13.126433 1.361221 -0.016522 0.006480 -0.048295 37.240002
34.832211 13.019785 1.351010 -0.035170 0.029206 -0.090498 37.470001
35.017002 12.934502 1.344835 -0.035167 0.044014 -0.130863 37.700001
35.206791 12.870905 1.342573 -0.026816 0.044410 -0.165450 37.919998
35.409088 12.819483 1.343316 -0.016970 0.036627 -0.194827 38.139999
35.609478 12.777498 1.345823 -0.016021 0.024687 -0.216198 38.349998
35.812180 12.741915 1.349144 -0.017271 0.022750 -0.229560 38.560001
36.015495 12.712951 1.352565 -0.014057 0.009199 -0.234098 38.770000
36.214874 12.690073 1.355500 -0.009780 0.011160 -0.230943 38.980000
36.419407 12.670430 1.358027 -0.005792 0.009864 -0.220336 39.200001
36.623600 12.653266 1.359416 0.002529 -0.061532 -0.203422 39.430000
36.826057 12.639218 1.358716 0.011471 -0.108388 -0.177307 39.730000
37.028713 12.625597 1.361948 -0.009529 0.130540 -0.124339 40.580002
37.235622 12.613601 1.375398 -0.008742 0.113179 -0.105955 40.919998
37.438053 12.603781 1.385554 -0.006456 0.059917 -0.092129 41.150002
37.642273 12.595668 1.392985 -0.009156 0.038650 -0.078168 41.360001
37.843105 12.590578 1.396634 -0.010259 0.027194 -0.062922 41.560001
38.044479 12.588900 1.396331 -0.008641 0.001282 -0.045628 41.759998
38.247299 12.590684 1.392273 -0.007370 -0.002385 -0.026372 41.970001
38.449219 12.595830 1.385491 -0.007065 0.017153 -0.006184 42.189999
38.656666 12.604324 1.377343 -0.005575 0.014709 0.013978 42.419998
38.861347 12.615283 1.369161 -0.003584 0.022306 0.031091 42.650002
39.066166 12.627824 1.361608 -0.001387 0.024071 0.043780 42.880001
39.271870 12.640809 1.354168 0.002436 0.020123 0.051860 43.110001
39.477673 12.652511 1.345880 0.005010 0.031836 0.055918 43.340000
39.679028 12.661671 1.336653 0.005392 0.036791 0.055947 43.560001
39.886921 12.668829 1.325956 0.005974 0.035012 0.051382 43.779999
40.090626 12.673437 1.313934 0.008992 0.032575 0.043351 43.990002
40.298019 12.674727 1.300097 0.009532 0.022919 0.032578 44.200001
40.504456 12.672379 1.285473 0.005962 0.004004 0.020783 44.410000
40.713207 12.667597 1.273039 -0.001229 0.014942 0.010081 44.630001
40.918007 12.663561 1.266481 -0.005443 0.020478 0.002608 44.849998
41.120918 12.662184 1.266137 -0.006387 0.013401 -0.001176 45.070000
41.329414 12.663934 1.271830 -0.005555 0.024451 -0.002034 45.299999
41.538082 12.668367 1.281579 -0.003905 0.017815 -0.000286 45.529999
41.745544 12.674536 1.289808 -0.002229 0.024273 0.003170 45.759998
41.953957 12.681557 1.292888 -0.000974 0.023317 0.007648 45.990002
42.153912 12.688481 1.290052 -0.000230 0.018080 0.011274 46.209999
42.360970 12.695437 1.282922 0.003162 0.020968 0.012613 46.439999
42.567734 12.700528 1.277520 0.007534 0.028587 0.011135 46.669998
42.768742 12.701838 1.277664 0.008538 0.032090 0.007470 46.889999
42.973774 12.699342 1.282959 0.005957 0.022940 0.002951 47.110001
43.179714 12.694249 1.291919 0.002449 0.027100 -0.001585 47.330002
43.387745 12.688209 1.302932 0.000092 0.032097 -0.005731 47.549999
43.590187 12.682561 1.314300 -0.001068 0.033883 -0.008659 47.759998
43.796642 12.677500 1.325536 -0.001647 0.020540 -0.010105 47.970001
44.001755 12.673323 1.334838 -0.002783 0.009096 -0.010142 48.180000
44.210892 12.670349 1.340566 -0.003497 0.020238 -0.009076 48.400002
44.417526 12.669017 1.341897 -0.003156 0.010448 -0.007112 48.619999
44.619411 12.669139 1.338949 -0.002259 0.016314 -0.004700 48.840000
44.827389 12.670327 1.332396 -0.001219 0.006334 -0.001942 49.070000
45.031906 12.672122 1.323624 0.000016 -0.072522 0.000950 49.310001
45.231808 12.674265 1.313587 0.000467 -0.135197 0.004454 49.650002
45.436184 12.675617 1.306998 -0.002750 0.132564 0.016558 50.500000
45.642494 12.680541 1.313392 -0.002370 0.103406 0.020686 50.790001
45.846008 12.686485 1.318372 -0.001715 0.062184 0.023567 51.009998
46.047989 12.692928 1.321661 -0.001186 0.041111 0.025974 51.209999
46.256397 12.699931 1.323021 -0.000568 0.018409 0.028209 51.410000
46.462444 12.707031 1.322107 -0.000033 0.002855 0.030214 51.610001
46.670269 12.714202 1.318736 0.000332 0.009282 0.032002 51.820000
46.871132 12.720993 1.313930 0.000387 -0.006525 0.033444 52.029999
47.078003 12.727839 1.308789 -0.000287 0.000197 0.034813 52.259998
47.282791 12.734760 1.305340 -0.000706 0.022171 0.036205 52.500000
47.486763 12.742056 1.304712 -0.000788 0.021071 0.037627 52.740002
47.691933 12.749846 1.307062 -0.000672 0.034084 0.038956 52.980000
47.893661 12.757847 1.311436 0.000827 0.013639 0.039904 53.209999
48.101704 12.765396 1.316722 0.006366 0.017038 0.038939 53.450001
48.308121 12.769566 1.322026 0.008800 0.027023 0.034184 53.689999
48.508595 12.769403 1.326606 0.007867 0.024461 0.026246 53.919998
48.711231 12.765656 1.330452 0.005724 0.032816 0.016557 54.150002
48.918709 12.759485 1.333243 0.003595 0.026431 0.005964 54.380001
49.119957 12.752230 1.334240 0.002375 0.030760 -0.004250 54.599998
49.325169 12.744171 1.333438 0.001469 0.035651 -0.014073 54.820000
49.526337 12.736012 1.331020 0.000726 0.034188 -0.022710 55.029999
49.732101 12.727612 1.327287 0.000145 0.029854 -0.030361 55.240002
49.939526 12.719200 1.322765 -0.000010 0.010986 -0.036849 55.450001
50.142570 12.710983 1.318493 0.000180 0.014910 -0.042076 55.660000
50.351482 12.702437 1.315064 0.000287 0.013051 -0.046202 55.880001
50.555843 12.693918 1.312844 0.000292 0.012862 -0.049016 56.099998
50.755993 12.685397 1.311906 0.000139 0.023216 -0.050665 56.320000
50.964367 12.676394 1.311844 -0.001508 0.014150 -0.050814 56.549999
51.169922 12.668587 1.309631 -0.010160 0.024249 -0.047704 56.779999
51.376831 12.665522 1.302644 -0.015157 0.029114 -0.039911 57.009998
51.577328 12.669050 1.291063 -0.013716 0.017763 -0.028067 57.230000
51.776653 12.678357 1.274961 -0.010347 0.025362 -0.013508 57.450001
51.976582 12.691766 1.255592 -0.005715 0.000209 0.003147 57.669998
52.179684 12.708323 1.234521 0.001179 -0.078919 0.021794 57.910000
52.379215 12.727357 1.212193 0.006130 -0.128795 0.045708 58.270000
52.578754 12.726998 1.192648 0.015075 0.132497 0.045795 59.060001
52.778603 12.715450 1.190365 0.008944 0.103761 0.029683 59.340000
52.982121 12.703721 1.188246 0.002637 0.063378 0.015333 59.560001
53.184803 12.692815 1.187678 -0.001064 0.042355 0.002516 59.759998
53.394356 12.682807 1.188978 -0.002398 0.018534 -0.009434 59.959999
53.601578 12.674091 1.191854 -0.002193 0.001798 -0.020113 60.160000
53.810318 12.666226 1.196422 -0.001174 0.008876 -0.029725 60.369999
54.011944 12.659157 1.202279 -0.000267 0.002852 -0.037281 60.580002
54.214806 12.652155 1.209272 0.000612 0.011673 -0.041629 60.799999
54.421856 12.644803 1.216629 -0.001819 0.026474 -0.041561 61.029999
54.621902 12.638508 1.222117 -0.005694 0.034210 -0.038024 61.250000
54.827583 12.634457 1.225173 -0.006967 0.038479 -0.032240 61.470001
55.030396 12.633180 1.225605 -0.006105 0.033962 -0.025933 61.680000
55.237629 12.634125 1.223796 -0.003969 0.025665 -0.019994 61.889999
55.445774 12.636416 1.220936 -0.000501 0.020814 -0.014915 62.099998
55.652843 12.638711 1.218302 0.002025 0.022795 -0.010813 62.310001
55.859512 12.639986 1.216651 0.002999 0.027012 -0.007683 62.520000
56.067257 12.639879 1.216282 0.002882 0.026084 -0.005496 62.730000
56.275978 12.638515 1.217181 0.001855 0.018989 -0.003963 62.939999
56.482227 12.636601 1.218615 -0.003792 0.006520 -0.001895 63.150002
56.691540 12.636399 1.219978 -0.008943 0.017438 0.002450 63.369999
56.898087 12.640222 1.220915 -0.010300 0.025775 0.009272 63.590000
57.105854 12.648635 1.221310 -0.009230 0.030412 0.015947 63.810001
57.306839 12.660316 1.221178 -0.000455 0.021467 0.020052 64.019997
57.507515 12.670999 1.221183 0.027480 0.018429 0.020353 64.230003
57.715958 12.669759 1.222211 0.044286 0.022596 0.015297 64.449997
57.924347 12.648815 1.224495 0.044255 0.024166 0.004183 64.669998
58.123749 12.610963 1.227715 0.035031 0.023038 -0.011900 64.879997
58.322361 12.560216 1.231760 0.021206 0.010222 -0.032916 65.089996
58.516106 12.502621 1.236371 0.011636 0.013820 -0.057468 65.300003
58.715115 12.439531 1.241884 0.005432 0.018697 -0.086754 65.519997
58.911503 12.376485 1.247737 0.000453 0.009617 -0.118538 65.739998
59.103260 12.315640 1.253767 -0.000688 0.023195 -0.151640 65.959999
59.295486 12.256577 1.259988 -0.001930 0.027345 -0.184466 66.180000
59.490795 12.199726 1.266603 -0.016475 0.028733 -0.213478 66.400002
59.690876 12.150189 1.273901 -0.026890 0.029972 -0.235497 66.620003
59.895706 12.111867 1.281776 -0.024680 0.011388 -0.248436 66.839996
60.099224 12.084935 1.289961 -0.019736 0.018696 -0.252837 67.059998
60.302502 12.066141 1.298367 -0.012025 0.006102 -0.247899 67.279999
60.504871 12.052915 1.305680 0.003870 -0.069906 -0.235083 67.510002
60.706390 12.045262 1.315863 0.028687 -0.165694 -0.214904 67.839996
60.901001 12.097970 1.311657 -0.061111 0.098297 -0.171091 68.709999
61.089447 12.171954 1.309283 -0.048502 0.083382 -0.149313 69.000000
61.280769 12.247309 1.306884 -0.025035 0.056308 -0.128023 69.230003
61.473877 12.320597 1.304714 -0.002350 0.047097 -0.106501 69.440002
61.667583 12.386446 1.302765 0.011111 0.033128 -0.083833 69.639999
61.864246 12.444115 1.300700 0.017522 0.012762 -0.059474 69.839996
62.066566 12.494528 1.298344 0.014328 0.015445 -0.031670 70.050003
62.264973 12.536301 1.296008 0.009321 0.008643 -0.002687 70.260002
62.467030 12.573763 1.293656 0.002810 0.011583 0.026012 70.480003
62.664482 12.608162 1.291445 -0.001837 0.020160 0.049542 70.699997
62.869736 12.642778 1.289732 0.010024 0.020646 0.066592 70.930000
63.075176 12.671351 1.289397 0.020594 0.030684 0.075048 71.160004
63.276150 12.688947 1.290598 0.022145 0.035283 0.074651 71.379997
63.483665 12.696790 1.293022 0.018049 0.034947 0.065970 71.599998
63.687370 12.696989 1.296152 0.017661 0.029448 0.050490 71.809998
63.894009 12.689966 1.300219 0.026716 0.023119 0.028787 72.019997
64.100868 12.672513 1.305212 0.029804 0.023107 0.001878 72.230003
64.307175 12.643702 1.310501 0.018436 0.016647 -0.027458 72.440002
64.510727 12.609173 1.313675 -0.013788 0.016960 -0.054898 72.650002
64.712082 12.581204 1.313299 -0.034169 0.019239 -0.077133 72.860001
64.920929 12.567347 1.309037 -0.035535 0.004064 -0.092525 73.080002
65.123459 12.569953 1.300566 -0.030929 0.013806 -0.100317 73.300003
65.323006 12.585776 1.289034 -0.019401 0.013660 -0.099322 73.519997
65.528969 12.609787 1.276991 0.000033 0.022254 -0.091770 73.750000
65.735344 12.631869 1.267953 0.010936 0.030211 -0.080632 73.980003
65.935356 12.645938 1.262928 0.013745 0.019724 -0.068679 74.199997
66.143806 12.652505 1.261526 0.011623 0.028386 -0.055510 74.430000
66.345551 12.652271 1.263004 0.007317 0.030894 -0.043476 74.650002
66.551338 12.648011 1.266221 0.003164 0.034220 -0.032561 74.870003
66.752586 12.642227 1.270025 0.000403 0.032906 -0.023591 75.080002
66.957710 12.636184 1.273798 -0.001089 0.028258 -0.016224 75.290001
67.164948 12.630660 1.277220 -0.001577 0.018761 -0.010507 75.500000
67.368820 12.625981 1.280395 -0.001800 -0.009074 -0.006308 75.709999
67.569969 12.622135 1.284202 -0.001597 0.011915 -0.003431 75.930000
67.774719 12.619074 1.289776 -0.000839 0.023776 -0.001448 76.160004
67.980148 12.616858 1.295844 -0.006014 0.027773 0.001318 76.389999
68.188789 12.617854 1.299465 -0.013093 0.035034 0.006864 76.620003
68.393066 12.624708 1.299233 -0.012652 -0.000255 0.016189 76.839996
68.592842 12.637297 1.295774 -0.005013 -0.081452 0.028636 77.070000
68.792580 12.655853 1.288471 0.004291 -0.124739 0.046690 77.410004
68.993988 12.649205 1.289345 0.021517 0.114393 0.041440 78.269997
69.201614 12.621970 1.302810 0.012304 0.095074 0.016217 78.580002
69.402100 12.596463 1.314143 -0.000564 0.051315 -0.006691 78.809998
69.609810 12.573590 1.322688 -0.017463 0.035670 -0.027080 79.029999
69.813980 12.559443 1.326785 -0.023020 0.023135 -0.042409 79.239998
70.018120 12.554937 1.326437 -0.020210 0.009477 -0.052276 79.449997
70.226913 12.559128 1.321549 -0.014943 0.017594 -0.056155 79.669998
70.432693 12.569510 1.313263 -0.008655 0.010369 -0.052808 79.889999
70.634003 12.583136 1.302637 -0.004163 0.016989 -0.045751 80.110001
70.841965 12.597749 1.290993 0.011681 0.027761 -0.037985 80.339996
71.043060 12.605131 1.282188 0.028321 0.033681 -0.033089 80.559998
71.248161 12.599051 1.276991 0.029942 0.016691 -0.032776 80.779999
71.451134 12.579215 1.275235 0.023924 0.013654 -0.033814 81.000000
71.650002 12.550302 1.276441 -0.008624 0.022041 -0.033861 81.220001
71.848907 12.526316 1.280019 -0.039737 0.028422 -0.030988 81.440002
72.059219 12.520799 1.285327 -0.045044 0.011727 -0.022648 81.669998
72.266151 12.537861 1.291184 -0.038826 0.015637 -0.010469 81.900002
72.469467 12.573256 1.297904 -0.025870 0.015983 0.006581 82.129997
72.670624 12.620089 1.307314 -0.014596 0.026390 0.027948 82.360001
72.864677 12.669979 1.319374 -0.005470 0.020142 0.052327 82.580002
73.058685 12.720553 1.334016 -0.000046 0.021661 0.079207 82.800003
73.252991 12.769526 1.351063 0.001927 0.025168 0.107645 83.019997
73.447716 12.816308 1.368621 -0.003638 0.004643 0.136702 83.239998
73.644173 12.866200 1.384198 -0.031482 0.014549 0.167638 83.470001
73.834511 12.929437 1.394892 -0.043401 0.018695 0.199693 83.699997
74.019150 13.011547 1.400091 -0.037489 0.013644 0.232556 83.930000
74.197166 13.109315 1.400402 -0.029223 0.025902 0.264987 84.160004
74.373131 13.218745 1.397170 -0.015711 0.016904 0.297101 84.389999
74.545815 13.331309 1.391771 0.023482 0.010370 0.324463 84.620003
74.726562 13.431982 1.385832 0.070564 0.020944 0.344866 84.860001
74.919456 13.495975 1.380866 0.074771 0.013394 0.353340 85.099998
75.123581 13.521198 1.377109 0.061326 0.020163 0.352073 85.339996
75.328743 13.517880 1.374933 0.041015 0.018788 0.340848 85.570000
75.529724 13.498578 1.374258 0.036878 0.010309 0.322151 85.790001
75.730881 13.465530 1.375251 0.039309 0.014766 0.297188 86.010002
75.932205 13.419230 1.377669 0.026561 0.002366 0.266236 86.230003
76.128845 13.363553 1.381036 0.021668 0.011950 0.231983 86.449997
76.322990 13.302153 1.384987 0.012875 0.009540 0.194870 86.669998
76.517502 13.236955 1.388486 -0.023441 -0.057573 0.156261 86.900002
76.708473 13.169119 1.391783 -0.058067 -0.120309 0.112930 87.199997
76.905937 13.125352 1.383719 0.012719 0.119194 0.041073 88.050003
77.106422 13.110253 1.374305 0.011762 0.103203 0.024868 88.370003
77.312225 13.094007 1.364813 0.006201 0.054985 0.011695 88.610001
77.519402 13.077580 1.355800 -0.006974 0.031848 0.001617 88.830002
77.721672 13.065478 1.348739 -0.016073 0.029981 -0.004109 89.040001
77.925896 13.060451 1.343623 -0.017165 0.013509 -0.004928 89.250000
78.126701 13.062781 1.340186 -0.014110 0.014780 -0.002119 89.459999
78.333382 13.071429 1.338278 -0.009423 0.022235 0.003887 89.680000
78.539200 13.083679 1.337278 0.003383 0.020164 0.011151 89.900002
78.744308 13.093878 1.336008 0.016571 0.027433 0.016733 90.120003
78.950768 13.096523 1.333934 0.019366 0.015160 0.018336 90.339996
79.154976 13.090384 1.330564 0.017071 0.019113 0.015571 90.559998
79.357697 13.076885 1.325935 0.013363 0.026982 0.007479 90.779999
79.562454 13.057732 1.321505 0.014451 0.029627 -0.006278 91.000000
79.770576 13.032779 1.319173 0.015117 0.032406 -0.025526 91.220001
79.971931 13.003456 1.319412 0.011390 0.013080 -0.048287 91.430000
80.169762 12.970433 1.321841 0.007319 0.015470 -0.072741 91.639999
80.373711 12.933653 1.326573 0.006214 0.024322 -0.098673 91.860001
80.577385 12.893751 1.331771 0.028623 0.019697 -0.124697 92.080002
80.778160 12.841871 1.335132 0.049039 0.017641 -0.151495 92.300003
80.972565 12.770307 1.335576 0.045401 0.001969 -0.179838 92.519997
81.155701 12.681345 1.332773 0.038541 0.011874 -0.207618 92.739998
81.331055 12.578609 1.327232 0.026586 0.015809 -0.236190 92.959999
81.501587 12.467518 1.319683 0.014268 0.014359 -0.263244 93.180000
81.668556 12.353591 1.310597 0.008282 0.023520 -0.285012 93.400002
81.835503 12.240222 1.302825 -0.023767 0.015441 -0.299837 93.620003
82.012726 12.137033 1.301737 -0.059941 0.024303 -0.306412 93.849998
82.200462 12.063982 1.309964 -0.064481 0.017106 -0.302161 94.080002
82.396828 12.023134 1.326863 -0.051843 0.018901 -0.289421 94.309998
82.599541 12.007067 1.351375 -0.033516 0.020698 -0.268786 94.540001
82.804581 12.006101 1.377853 -0.022458 0.002928 -0.241281 94.769997
83.004547 12.015903 1.397577 -0.025142 0.018709 -0.209527 95.000000
83.205383 12.035227 1.406392 -0.010798 0.029579 -0.174381 95.230003
83.410027 12.053493 1.405595 0.057860 0.024790 -0.140799 95.459999
83.612442 12.041867 1.398556 0.097094 0.020470 -0.114055 95.690002
83.808762 11.982939 1.387962 0.095322 0.015985 -0.096857 95.919998
83.990044 11.884529 1.376452 0.073679 0.013328 -0.089948 96.139999
84.156586 11.763558 1.365633 0.036415 -0.001970 -0.091772 96.349998
84.313904 11.634120 1.357346 -0.024318 0.007727 -0.096890 96.559998
84.475655 11.515652 1.354730 -0.070695 0.033543 -0.104025 96.779999
84.662651 11.427812 1.359654 -0.077607 0.030115 -0.107875 97.019997
84.861298 11.385053 1.371151 -0.061336 0.034556 -0.108203 97.260002
85.062332 11.376123 1.386989 -0.037343 0.021241 -0.102682 97.489998
85.261765 11.385564 1.403072 -0.009756 -0.060341 -0.091738 97.720001
85.460342 11.407428 1.419218 0.013252 -0.106357 -0.076902 98.019997
85.523582 11.218997 1.450129 0.130336 -0.000349 -0.069803 99.110001
85.489128 11.019184 1.459248 0.088825 0.007588 -0.090486 99.349998
85.460114 10.812934 1.467112 0.032407 0.013662 -0.114360 99.559998
85.438629 10.611350 1.474400 -0.001638 0.046947 -0.141203 99.760002
85.436165 10.406956 1.481716 -0.009962 0.075050 -0.173414 99.970001
85.467026 10.201741 1.488570 -0.005425 0.077751 -0.209630 100.190002
85.527824 10.011118 1.494225 -0.000089 0.062916 -0.245812 100.400002
85.611267 9.823524 1.499127 -0.000008 0.038693 -0.283075 100.610001
85.706665 9.640256 1.501935 0.001923 0.022026 -0.320615 100.820000
85.806313 9.461818 1.501228 0.011849 0.020074 -0.358110 101.029999
85.907188 9.284747 1.496626 0.017171 0.017333 -0.395165 101.239998
86.007217 9.106894 1.488434 0.020980 0.018862 -0.431431 101.449997
86.105736 8.926761 1.477500 0.017756 0.008927 -0.466956 101.660004
86.198868 8.746593 1.464716 0.028374 -0.011343 -0.501210 101.870003
86.281410 8.558046 1.449916 0.044796 -0.012843 -0.535637 102.089996
86.344582 8.364586 1.434238 0.050000 -0.004764 -0.568944 102.309998
86.390465 8.163018 1.418197 0.044592 0.004526 -0.601524 102.529999
86.422661 7.963912 1.403100 0.024139 0.000023 -0.632418 102.739998
86.447258 7.765504 1.390226 0.014182 0.001364 -0.662296 102.949997
86.468292 7.561926 1.381264 0.018505 0.014290 -0.692789 103.169998
86.487724 7.358038 1.377731 0.021733 0.022998 -0.722997 103.389999
86.507416 7.150158 1.379179 0.020849 0.025339 -0.753200 103.610001
86.527054 6.947839 1.384151 0.008958 0.016521 -0.782148 103.820000
86.548859 6.747369 1.391242 -0.012453 0.022912 -0.810844 104.029999
86.581673 6.543675 1.399846 -0.020634 0.038057 -0.840866 104.250000
86.631134 6.343632 1.408605 -0.018376 0.042354 -0.870684 104.470001
86.693604 6.153519 1.416456 -0.012239 0.038704 -0.899118 104.680000
86.767136 5.963152 1.423475 -0.002765 0.030210 -0.927807 104.889999
86.845291 5.772306 1.427998 0.017089 0.021011 -0.956883 105.099998
86.919205 5.579459 1.428922 0.029337 0.014637 -0.986642 105.309998
86.982826 5.385083 1.426248 0.026465 -0.001225 -1.016912 105.519997
87.036316 5.184761 1.419813 0.024118 0.008671 -1.047909 105.739998
87.079445 4.985956 1.410738 0.015869 0.004972 -1.079068 105.959999
87.116379 4.783375 1.400686 0.007720 -0.001958 -1.111055 106.190002
87.148987 4.580794 1.391554 0.008926 0.023830 -1.143645 106.430000
87.180450 4.376164 1.385032 0.009526 0.034337 -1.176124 106.669998
87.210014 4.172958 1.381326 0.028172 0.027752 -1.207303 106.900002
87.229378 3.971716 1.379843 0.044299 0.023392 -1.237625 107.120003
87.232559 3.765047 1.379798 0.038360 0.005172 -1.268941 107.339996
87.219543 3.560044 1.380237 0.032241 0.009853 -1.299297 107.559998
87.194084 3.357024 1.380966 0.021530 0.009157 -1.329758 107.779999
87.160149 3.152836 1.381197 -0.012475 -0.058196 -1.360483 108.010002
87.120758 2.954584 1.380081 -0.035896 -0.103111 -1.392698 108.300003
87.061012 2.762825 1.391593 0.050366 0.110227 -1.449549 109.169998
86.993538 2.571559 1.417159 0.040344 0.097523 -1.469533 109.519997
86.929359 2.379768 1.440115 0.029613 0.075525 -1.486483 109.760002
86.865448 2.184931 1.462345 0.019624 0.052412 -1.503929 109.970001
86.801079 1.986893 1.484121 0.008824 0.024623 -1.522865 110.169998
86.737129 1.788666 1.503100 -0.010942 -0.004223 -1.543223 110.370003
86.677452 1.590798 1.514593 -0.025723 0.004231 -1.565661 110.580002
86.628899 1.391689 1.514682 -0.027577 0.012104 -1.589214 110.800003
86.593613 1.188360 1.502440 -0.021064 0.013933 -1.611172 111.029999
86.570274 0.988238 1.479893 -0.021464 0.014291 -1.627729 111.260002
86.562248 0.784306 1.452030 -0.084662 -0.020809 -1.635757 111.500000
86.606483 0.584702 1.423408 -0.124501 -0.035316 -1.633156 111.760002
86.721024 0.420248 1.399828 -0.112603 -0.028971 -1.621204 112.010002
86.880447 0.289692 1.382432 -0.077829 -0.017568 -1.601976 112.239998
87.053139 0.184024 1.369872 -0.030682 -0.019925 -1.577811 112.449997
87.232193 0.091336 1.357567 -0.022869 -0.014135 -1.549901 112.660004
87.420898 0.005513 1.341221 -0.027073 -0.004839 -1.517101 112.879997
87.612122 -0.072993 1.319449 -0.028781 0.002791 -1.481432 113.099998
87.797768 -0.144541 1.294357 -0.022478 0.018233 -1.445612 113.309998
87.984451 -0.219313 1.269047 -0.007525 0.040253 -1.408447 113.519997
88.167953 -0.306109 1.246524 0.007667 0.040941 -1.370618 113.730003
88.342552 -0.406088 1.228732 0.028396 0.033670 -1.333289 113.940002
88.507263 -0.524820 1.217849 0.049886 0.049963 -1.294334 114.160004
88.653755 -0.672764 1.215546 0.053024 0.047928 -1.255912 114.389999
88.769676 -0.836097 1.220524 0.042334 0.035987 -1.221828 114.610001
88.866989 -1.013897 1.231112 0.026215 0.035901 -1.189660 114.830002
88.953400 -1.201190 1.244899 0.014154 0.007864 -1.161502 115.050003
89.031052 -1.386610 1.259458 0.011895 0.011046 -1.138744 115.269997
89.105194 -1.578223 1.274192 0.010270 0.023409 -1.123599 115.500000
89.175308 -1.771252 1.287295 0.006822 0.016887 -1.118360 115.730003
89.242599 -1.963804 1.298232 0.004853 0.023628 -1.122813 115.959999
89.308907 -2.158189 1.306257 0.010772 0.030541 -1.136452 116.190002
89.370506 -2.349304 1.310718 0.014608 0.033172 -1.157305 116.410004
89.428680 -2.546064 1.312067 0.012378 0.015738 -1.184026 116.629997
89.481850 -2.742805 1.310794 0.008837 0.022813 -1.213041 116.849998
89.532013 -2.940464 1.307860 0.005302 0.015839 -1.242151 117.070000
89.580391 -3.135250 1.305103 -0.018804 0.002014 -1.268167 117.290001
89.638245 -3.327215 1.306534 -0.050087 0.011867 -1.288937 117.519997
89.721992 -3.514939 1.314865 -0.052684 0.007935 -1.300441 117.760002
89.830544 -3.689711 1.329809 -0.044522 0.016939 -1.302346 118.000000
89.953377 -3.850024 1.349603 -0.029575 0.016312 -1.294340 118.230003
90.084167 -4.002548 1.370019 0.009037 -0.051932 -1.278450 118.459999
90.220688 -4.149158 1.390410 0.040963 -0.098041 -1.254986 118.750000
90.302879 -4.334054 1.372214 0.048722 0.110221 -1.225751 119.660004
90.286751 -4.530944 1.320571 0.030417 0.100708 -1.253252 119.989998
90.276413 -4.730947 1.271235 0.013788 0.062562 -1.282859 120.230003
90.269852 -4.926789 1.223387 0.003814 0.038790 -1.312875 120.440002
90.266144 -5.129770 1.173215 -0.000034 0.027547 -1.345989 120.650002
90.265076 -5.333417 1.122990 -0.001696 0.009287 -1.381176 120.860001
90.265343 -5.531824 1.075865 0.005531 0.013993 -1.417717 121.070000
90.263939 -5.736069 1.035680 0.015124 0.021950 -1.456696 121.290001
90.256935 -5.940241 1.007565 0.016610 0.014691 -1.496000 121.510002
90.243172 -6.142056 0.990974 0.014041 0.017496 -1.534473 121.730003
90.223808 -6.342231 0.984024 0.010543 0.029613 -1.571942 121.949997
90.200470 -6.545717 0.983928 0.006617 0.032612 -1.608201 122.169998
90.174690 -6.753460 0.987909 0.003189 0.021013 -1.642517 122.389999
90.147865 -6.960957 0.993633 0.003167 0.018162 -1.673426 122.610001
90.120018 -7.166585 0.999491 0.003350 0.023594 -1.699827 122.830002
90.090881 -7.371071 1.004573 0.002700 0.012375 -1.721195 123.050003
90.061005 -7.571559 1.008291 0.001684 0.022112 -1.737287 123.269997
90.030258 -7.771415 1.010642 0.000463 0.017540 -1.748308 123.489998
89.999367 -7.969350 1.011680 -0.000037 0.016316 -1.753427 123.709999
89.967644 -8.172744 1.011938 -0.006244 0.014560 -1.751694 123.940002
89.939377 -8.374160 1.011552 -0.016491 0.029025 -1.742464 124.169998
89.918144 -8.579616 1.010955 -0.018254 0.020165 -1.725707 124.400002
89.905235 -8.786628 1.010346 -0.014622 0.021536 -1.704193 124.629997
89.898849 -8.994473 1.009784 -0.009720 0.025343 -1.680213 124.860001
89.896370 -9.203424 1.009382 -0.004818 0.017575 -1.656586 125.089996
89.895706 -9.411221 1.009073 -0.001592 0.026718 -1.637325 125.320000
89.894623 -9.611743 1.008908 0.010623 0.026976 -1.625159 125.540001
89.888115 -9.814279 1.008859 0.021578 0.029664 -1.620604 125.760002
89.871727 -10.018867 1.008820 0.022311 0.016102 -1.624216 125.980003
89.845535 -10.221122 1.008819 0.018128 0.020641 -1.633991 126.199997
89.811745 -10.421955 1.008925 0.012415 0.021786 -1.648874 126.419998
89.773232 -10.621548 1.009085 0.006496 0.014686 -1.666213 126.639999
89.732880 -10.818135 1.009121 0.003076 0.026658 -1.682081 126.860001
89.691887 -11.016447 1.009167 -0.001989 0.032104 -1.694373 127.080002
89.652138 -11.219415 1.009257 -0.008614 0.033459 -1.702882 127.300003
89.617714 -11.418143 1.009381 -0.010728 0.023529 -1.707644 127.510002
89.588005 -11.617451 1.009248 -0.009277 0.011362 -1.709675 127.720001
89.561707 -11.822362 1.009102 -0.006493 0.021757 -1.709727 127.940002
89.538628 -12.024972 1.008722 -0.003130 -0.021751 -1.707748 128.160004
89.517464 -12.228135 1.007622 0.001115 -0.094871 -1.704170 128.410004
89.496956 -12.427670 1.009359 0.026814 0.023565 -1.699641 129.039993
89.390816 -12.591354 1.060136 0.048143 0.118457 -1.725069 129.619995
89.284912 -12.759107 1.101697 0.029532 0.081531 -1.750322 129.869995
89.179649 -12.928582 1.140904 0.012706 0.044148 -1.775400 130.080002
89.075172 -13.099239 1.180755 0.005129 0.030827 -1.801669 130.279999
88.970726 -13.273259 1.221833 -0.000803 0.022264 -1.829682 130.479996
88.870361 -13.447895 1.261424 -0.036175 0.014103 -1.856452 130.679993
88.782455 -13.632652 1.298613 -0.068744 0.013227 -1.879957 130.889999
88.723602 -13.821602 1.329648 -0.069547 0.000626 -1.895695 131.100006
88.693817 -14.020652 1.355423 -0.057064 0.002410 -1.905005 131.320007
88.689827 -14.219580 1.375826 -0.044014 0.015801 -1.906045 131.539993
88.702835 -14.421569 1.392686 -0.029537 0.022271 -1.897931 131.759995
88.724892 -14.626267 1.407080 -0.012519 0.012759 -1.882699 131.979996
88.749489 -14.828823 1.419754 0.006315 0.022109 -1.865550 132.199997
88.765984 -15.029572 1.429219 0.050272 0.031059 -1.849826 132.419998
88.755211 -15.236681 1.434251 0.072306 0.036853 -1.838406 132.649994
88.709221 -15.432164 1.434061 0.067564 0.036674 -1.834356 132.869995
88.631599 -15.626006 1.429671 0.050303 0.034637 -1.837479 133.089996
88.537079 -15.810485 1.423048 0.006147 0.024809 -1.846068 133.300003
88.442673 -15.995743 1.417323 -0.061766 0.016218 -1.855668 133.509995
88.374733 -16.185549 1.414724 -0.087871 0.002430 -1.862346 133.720001
88.344101 -16.386543 1.415427 -0.080028 -0.009708 -1.865879 133.940002
88.352875 -16.593990 1.420249 -0.066411 0.006028 -1.866751 134.169998
88.390038 -16.792366 1.428154 -0.037895 0.000764 -1.860660 134.389999
88.442421 -16.987106 1.438518 -0.021834 0.014582 -1.849763 134.610001
88.500328 -17.181166 1.450759 -0.013139 0.027554 -1.833267 134.830002
88.557457 -17.378891 1.463478 0.005905 0.035918 -1.811490 135.050003
88.605118 -17.582069 1.474645 0.025389 0.043599 -1.785174 135.270004
88.634323 -17.782270 1.482655 0.030297 0.043952 -1.757036 135.479996
88.646523 -17.988268 1.487761 0.025940 0.038349 -1.727857 135.690002
88.645287 -18.188301 1.490152 0.018328 0.026400 -1.700656 135.889999
88.635254 -18.397615 1.490586 0.010328 0.009786 -1.674737 136.100006
88.620789 -18.600832 1.489780 0.005402 0.013075 -1.653432 136.309998
88.603333 -18.808880 1.489096 0.004611 0.021172 -1.637122 136.529999
88.583984 -19.016068 1.489744 0.004084 0.028237 -1.627214 136.750000
88.563980 -19.216097 1.491969 0.003362 0.029151 -1.624429 136.960007
88.541931 -19.417200 1.495647 0.032136 0.002341 -1.628533 137.169998
88.504166 -19.618147 1.501390 0.082950 -0.010740 -1.640639 137.389999
88.427734 -19.809107 1.508796 0.088140 -0.024117 -1.662229 137.619995
88.312469 -19.974775 1.516663 0.073084 -0.017317 -1.688773 137.850006
88.167603 -20.118982 1.525334 0.054381 0.000506 -1.719801 138.080002
88.005966 -20.248911 1.533225 -0.006905 -0.042601 -1.755551 138.309998
87.838081 -20.366308 1.539760 -0.061655 -0.082703 -1.793938 138.580002
87.897972 -20.167650 1.536888 -0.034112 -0.115664 -1.820444 139.509995
88.010323 -19.992558 1.528591 -0.022392 -0.068965 -1.806298 139.710007
88.119858 -19.820898 1.520849 -0.015720 -0.037814 -1.790594 139.889999
88.231842 -19.646164 1.513328 0.004148 -0.005752 -1.774722 140.070007
88.337875 -19.475920 1.505910 0.044204 0.003958 -1.760094 140.250000
88.434586 -19.293079 1.497590 0.071331 -0.004188 -1.747722 140.449997
88.503426 -19.104376 1.488876 0.070458 0.000173 -1.738803 140.660004
88.542068 -18.901514 1.479189 0.055945 -0.013501 -1.737513 140.889999
88.552391 -18.699272 1.469684 0.027799 -0.016306 -1.743427 141.119995
88.549652 -18.496508 1.460684 0.003024 -0.031447 -1.757434 141.350006
88.547951 -18.289606 1.452497 -0.012488 -0.023481 -1.778484 141.580002
88.554314 -18.083899 1.444978 -0.013887 -0.008216 -1.805240 141.809998
88.568596 -17.876749 1.437940 -0.001005 -0.024707 -1.837447 142.050003
88.586418 -17.669159 1.432088 0.003078 -0.022358 -1.873145 142.289993
88.604507 -17.468756 1.427165 0.008142 -0.024913 -1.909491 142.520004
88.622032 -17.265697 1.422719 0.010504 -0.025485 -1.947032 142.750000
88.638290 -17.061035 1.418449 0.007373 -0.006580 -1.984415 142.979996
88.651588 -16.861319 1.413640 0.018361 -0.017852 -2.021682 143.210007
88.660034 -16.660393 1.408083 0.023830 -0.028462 -2.058448 143.440002
88.664169 -16.452063 1.401827 0.024493 -0.023359 -2.094450 143.669998
88.660530 -16.250021 1.395429 0.049991 0.053876 -2.126940 143.889999
88.619164 -16.051147 1.388385 0.072721 0.114455 -2.161160 144.130005
88.504257 -15.880927 1.379911 0.053186 0.110928 -2.200892 144.389999
88.333885 -15.761023 1.370960 0.046559 0.083390 -2.239490 144.639999
88.149330 -15.680129 1.363270 0.019872 0.047389 -2.272891 144.860001
87.951370 -15.614449 1.358279 0.012888 0.033806 -2.304951 145.080002
87.757278 -15.562032 1.357919 0.018758 0.029583 -2.335354 145.289993
87.558456 -15.515795 1.361996 0.020329 0.022301 -2.365791 145.500000
87.356506 -15.472371 1.369966 0.021742 0.017295 -2.396260 145.710007
87.152740 -15.429342 1.380938 0.022334 0.014435 -2.426839 145.919998
86.949005 -15.385787 1.392901 0.002856 0.011707 -2.457504 146.130005
86.749710 -15.346935 1.401754 -0.013799 0.031875 -2.488171 146.339996
86.543831 -15.321252 1.405094 -0.018494 0.043149 -2.520081 146.559998
86.337288 -15.314728 1.401664 -0.013450 0.045328 -2.551732 146.779999
86.137154 -15.324156 1.393119 -0.003838 0.039513 -2.581872 146.990005
85.933723 -15.343038 1.383162 0.009668 0.026747 -2.612074 147.199997
85.728073 -15.363440 1.375474 0.020962 0.022435 -2.642515 147.410004
85.520027 -15.379825 1.371964 0.024308 0.019069 -2.673214 147.619995
85.320183 -15.389670 1.372886 0.023011 0.018093 -2.702558 147.820007
85.111572 -15.394081 1.377109 0.000006 -0.029445 -2.733351 148.029999
84.909409 -15.393226 1.382929 -0.031318 -0.095442 -2.762885 148.259995
84.708130 -15.386605 1.391956 -0.043403 -0.115808 -2.803291 148.660004
84.505104 -15.372650 1.395267 0.034086 0.110544 -2.851334 149.490005
84.301636 -15.366339 1.395511 0.025268 0.086851 -2.868301 149.770004
84.094681 -15.361084 1.393780 0.007180 0.041939 -2.884798 150.000000
83.885185 -15.358184 1.389117 -0.004801 0.033721 -2.902271 150.220001
83.681229 -15.360710 1.380998 -0.008295 0.033450 -2.921488 150.429993
83.474297 -15.369402 1.369223 -0.007461 0.030138 -2.943315 150.639999
83.266052 -15.383111 1.354753 -0.004531 0.014087 -2.967486 150.850006
83.061836 -15.398953 1.339818 0.003439 0.007521 -2.993640 151.059998
82.854294 -15.413800 1.325877 0.010080 0.019613 -3.022720 151.279999
82.648132 -15.424420 1.314858 0.012268 0.026888 -3.052475 151.500000
82.439461 -15.430057 1.306944 0.010709 0.031669 -3.080909 151.720001
82.236969 -15.431387 1.302209 0.006791 0.018493 -3.105494 151.929993
82.035591 -15.430104 1.301201 0.002475 0.017764 -3.126228 152.139999
81.826729 -15.427791 1.304831 -0.000629 0.023424 3.139900 152.360001
81.608177 -15.425745 1.313442 -0.002324 0.027415 3.127199 152.589996
81.406693 -15.424787 1.325000 -0.002874 0.030773 3.119817 152.800003
81.202026 -15.424795 1.338949 -0.002794 0.030081 3.115417 153.009995
80.994896 -15.425632 1.353836 -0.001093 0.020325 3.112089 153.220001
80.788780 -15.426471 1.367209 0.004288 0.020299 3.108909 153.429993
80.583984 -15.425272 1.377328 0.007551 0.022676 3.105388 153.639999
80.380821 -15.420780 1.383702 0.007593 0.006751 3.101360 153.850006
80.174629 -15.412805 1.386263 0.005967 0.016981 3.097286 154.070007
79.971771 -15.402186 1.385623 0.003785 0.013136 3.093303 154.289993
79.765175 -15.389524 1.382517 0.002190 -0.001818 3.089047 154.520004
79.560188 -15.375750 1.378299 0.001577 0.023489 3.084724 154.759995
79.355309 -15.361230 1.374535 0.000932 0.022552 3.080784 155.000000
79.148399 -15.346162 1.371643 0.000718 0.030388 3.079406 155.240005
78.945404 -15.331180 1.369827 -0.001141 0.030267 3.082361 155.470001
78.738228 -15.317494 1.369926 -0.017416 0.020738 3.090322 155.699997
78.530128 -15.312551 1.373616 -0.029141 0.029979 3.103765 155.929993
78.327072 -15.320976 1.380828 -0.029473 0.032518 3.122110 156.149994
78.118988 -15.342201 1.391231 -0.023292 0.031917 -3.137832 156.369995
77.918442 -15.371406 1.402270 -0.011274 -0.021237 -3.111532 156.580002
77.714516 -15.407852 1.413239 0.004190 -0.097620 -3.080980 156.820007
77.518402 -15.449593 1.427058 0.010425 -0.081102 -3.038289 157.279999
77.328178 -15.382866 1.403097 0.052260 0.104113 -3.057426 158.050003
77.139389 -15.306063 1.383137 0.034402 0.086542 -3.090677 158.320007
76.948593 -15.231964 1.364925 0.002754 0.064464 -3.121772 158.539993
76.757034 -15.166846 1.350274 -0.025628 0.047913 3.134970 158.740005
76.556038 -15.114028 1.339153 -0.036790 0.023183 3.113187 158.940002
76.354561 -15.077271 1.331803 -0.034656 0.009535 3.096524 159.139999
76.147957 -15.054460 1.328026 -0.025303 0.013389 3.085202 159.350006
75.945923 -15.043272 1.327624 -0.016787 0.005158 3.081218 159.559998
75.741058 -15.039676 1.329155 -0.012067 0.015563 3.082919 159.779999
75.539261 -15.041467 1.331422 -0.008398 0.027171 3.089346 160.000000
75.335350 -15.046428 1.333463 -0.005180 0.032096 3.098992 160.220001
75.126968 -15.052926 1.334715 -0.002508 0.033410 3.110417 160.440002
74.924530 -15.059525 1.334813 -0.001297 0.018004 3.122149 160.649994
74.723480 -15.066241 1.333410 -0.001825 0.021634 3.134282 160.860001
74.523277 -15.073325 1.330642 -0.001971 0.017200 -3.136680 161.070007
74.316376 -15.081265 1.326433 -0.000877 0.009523 -3.125438 161.289993
74.114998 -15.089048 1.321259 0.005207 0.020701 -3.117820 161.509995
73.914291 -15.094335 1.315718 0.010084 0.032545 -3.115052 161.729996
73.709038 -15.095226 1.310144 0.011047 0.035795 -3.116391 161.949997
73.507645 -15.091742 1.304870 0.009246 0.031985 -3.118774 162.160004
73.302780 -15.084907 1.300091 0.003588 0.018259 -3.120137 162.369995
73.099480 -15.077346 1.298633 -0.008544 0.014837 -3.119150 162.580002
72.899559 -15.073747 1.302893 -0.015342 0.019490 -3.115019 162.789993
72.692612 -15.077172 1.312971 -0.014966 0.010775 -3.107759 163.009995
72.490570 -15.087392 1.324209 -0.009811 0.018918 -3.099631 163.229996
72.290237 -15.102006 1.333086 -0.004751 0.030909 -3.091710 163.449997
72.086227 -15.118809 1.337824 -0.000961 0.035577 -3.084211 163.669998
71.886108 -15.135399 1.338032 0.001206 0.034088 -3.077267 163.880005
71.682541 -15.151597 1.334788 0.001128 0.015221 -3.070584 164.089996
71.481575 -15.167089 1.329402 -0.000244 0.017343 -3.064396 164.300003
71.273537 -15.183226 1.322928 -0.001174 0.025763 -3.058879 164.520004
71.074158 -15.199232 1.316994 -0.000563 0.027498 -3.055921 164.729996
70.872917 -15.215317 1.313428 0.008300 0.025977 -3.056689 164.940002
70.670006 -15.228113 1.314347 0.015788 0.026711 -3.062173 165.149994
70.466148 -15.234667 1.320015 0.016029 0.009795 -3.072652 165.360001
70.257271 -15.234374 1.330433 0.012922 0.012831 -3.087096 165.580002
70.052612 -15.228404 1.344767 0.008944 0.014608 -3.104118 165.800003
69.846474 -15.218396 1.360521 0.002102 -0.057150 -3.123453 166.029999
69.644440 -15.204815 1.376235 -0.004492 -0.111492 3.136672 166.320007
69.440971 -15.191152 1.377905 -0.007959 0.118061 3.109051 167.149994
69.238487 -15.192893 1.359328 -0.006799 0.106569 3.113277 167.500000
69.038521 -15.196617 1.341899 -0.002881 0.055124 3.118973 167.740005
68.836151 -15.200401 1.328283 0.005216 0.026437 3.123725 167.960007
68.630882 -15.201476 1.322353 0.009626 0.027228 3.125818 168.179993
68.424561 -15.197958 1.324979 0.009419 0.013033 3.124882 168.399994
68.221611 -15.190101 1.335663 0.007867 0.020994 3.123812 168.619995
68.020119 -15.179008 1.352101 -0.000083 0.020232 3.124432 168.839996
67.819016 -15.168540 1.369470 -0.013216 0.028605 3.128420 169.059998
67.615044 -15.164227 1.384389 -0.019085 0.034702 3.136529 169.279999
67.405884 -15.168577 1.395122 -0.018269 0.033344 -3.136704 169.500000
67.201828 -15.180328 1.401182 -0.013787 0.029084 -3.128485 169.710007
66.996452 -15.197087 1.403136 -0.001021 0.010199 -3.122959 169.919998
66.795639 -15.213593 1.400739 0.011682 0.017470 -3.121299 170.130005
66.587761 -15.225180 1.394081 0.017102 0.024734 -3.123618 170.350006
66.379333 -15.228774 1.384638 0.014832 0.025624 -3.127984 170.570007
66.178993 -15.225946 1.375429 0.007318 0.030729 -3.132384 170.779999
65.975533 -15.220222 1.367614 0.000973 0.025475 -3.136248 170.990005
65.771683 -15.214331 1.361822 -0.002663 0.010333 -3.138779 171.199997
65.563133 -15.209607 1.357898 -0.003648 0.018699 -3.139170 171.419998
65.357430 -15.206824 1.356001 -0.004470 0.011635 -3.136804 171.639999
65.155960 -15.206341 1.354829 -0.006486 0.018084 -3.132439 171.860001
64.947319 -15.209083 1.353392 -0.006699 0.023633 -3.126496 172.089996
64.738800 -15.215144 1.351191 -0.005096 0.016165 -3.119830 172.320007
64.532249 -15.223641 1.347912 -0.003109 0.028647 -3.113274 172.550003
64.331818 -15.233218 1.343791 -0.001513 0.032240 -3.107476 172.770004
64.127388 -15.243494 1.339628 -0.000142 0.025706 -3.102536 172.990005
63.921131 -15.253808 1.337391 0.000758 0.028234 -3.098590 173.210007
63.712971 -15.263798 1.337817 0.001071 0.014024 -3.095658 173.429993
63.507904 -15.273135 1.340792 0.001002 0.016662 -3.093649 173.649994
63.305405 -15.281912 1.346234 0.000840 0.022811 -3.092485 173.869995
63.103672 -15.290319 1.353320 0.000532 0.013052 -3.092752 174.089996
62.896103 -15.298792 1.361902 -0.000167 0.025445 -3.096276 174.320007
62.696369 -15.306857 1.371181 0.003919 0.031337 -3.103249 174.539993
62.492298 -15.313222 1.381927 0.009083 0.035879 -3.112884 174.759995
62.292435 -15.315668 1.393344 0.009661 0.019088 -3.123715 174.970001
62.084133 -15.313993 1.405779 0.006671 0.008824 -3.134094 175.190002
61.881611 -15.309736 1.416314 -0.004070 0.016142 -3.141109 175.410004
61.672722 -15.307430 1.422960 -0.012495 0.029140 3.140139 175.639999
61.470043 -15.310906 1.424350 -0.014581 0.033697 -3.139356 175.860001
61.262299 -15.320787 1.421250 -0.012593 0.033613 -3.131449 176.080002
61.061729 -15.335146 1.415023 -0.006849 -0.022565 -3.120749 176.289993
60.858231 -15.353611 1.406165 0.001379 -0.097869 -3.107274 176.529999
60.659546 -15.375998 1.394746 0.004696 -0.011831 -3.088582 177.080002
60.458458 -15.370602 1.402009 0.011477 0.130131 -3.105954 177.729996
60.250271 -15.361095 1.414072 0.005360 0.094653 -3.120512 177.990005
60.045498 -15.352225 1.424844 -0.001869 0.059839 -3.131604 178.199997
59.835793 -15.345086 1.434208 -0.007765 0.036658 -3.139801 178.399994
59.632202 -15.341256 1.441313 -0.009449 0.024517 3.138360 178.589996
59.428936 -15.340760 1.446239 -0.008569 0.019187 3.135250 178.779999
59.228279 -15.343150 1.448772 -0.005685 0.008841 3.133188 178.970001
59.023048 -15.347560 1.448506 -0.001087 0.006547 3.131778 179.169998
58.814545 -15.352416 1.445310 0.002187 0.014382 3.131023 179.380005
58.611176 -15.356133 1.439662 0.003465 0.004617 3.130857 179.589996
58.405632 -15.358290 1.431719 0.003299 0.016704 3.131284 179.809998
58.203590 -15.358771 1.422692 0.002318 0.008472 3.132053 180.029999
57.999279 -15.358104 1.415646 0.000565 0.000878 3.133335 180.259995
57.795586 -15.357115 1.415726 -0.000910 0.025646 3.135299 180.500000
57.589401 -15.356575 1.425368 -0.001617 0.040024 3.137762 180.740005
57.382320 -15.356824 1.442915 -0.001628 0.042196 3.140348 180.970001
57.174767 -15.357793 1.465479 -0.001325 0.037243 -3.139847 181.190002
56.970711 -15.359500 1.488138 -0.007004 0.025720 -3.135179 181.399994
56.765224 -15.364219 1.505700 -0.016162 0.022965 -3.127542 181.610001
56.560638 -15.376105 1.516841 -0.038609 0.013206 -3.116094 181.820007
56.360809 -15.403562 1.524276 -0.059428 0.007733 -3.100435 182.029999
56.159859 -15.456894 1.530069 -0.050063 -0.017598 -3.078592 182.250000
55.973137 -15.531865 1.533451 -0.006156 -0.085576 -3.052870 182.479996
55.797558 -15.627599 1.537173 0.050852 -0.142966 -3.021929 182.820007
55.723774 -15.813658 1.524702 -0.115276 0.063118 -2.976069 183.649994
55.669109 -16.009520 1.515538 -0.089627 0.054912 -2.956810 183.929993
55.609547 -16.205441 1.506078 -0.041606 0.023105 -2.937644 184.149994
55.549080 -16.404720 1.495265 -0.031430 0.001096 -2.918302 184.360001
55.496117 -16.597898 1.482891 -0.028321 -0.009430 -2.897781 184.559998
55.449623 -16.800541 1.467988 -0.011936 -0.017871 -2.874043 184.770004
55.413563 -16.997244 1.451121 -0.019298 -0.008953 -2.848453 184.979996
55.384102 -17.199890 1.432107 -0.017826 -0.010280 -2.819590 185.199997
55.364964 -17.398684 1.411924 -0.026867 -0.046551 -2.789342 185.419998
55.371384 -17.600489 1.388882 -0.037170 -0.064466 -2.756560 185.649994
55.413067 -17.795816 1.364060 -0.026640 -0.057565 -2.723573 185.880005
55.484444 -17.982487 1.337748 -0.035307 -0.038496 -2.690455 186.110001
55.576782 -18.166180 1.310944 -0.025604 -0.010372 -2.657246 186.339996
55.673820 -18.349892 1.288363 -0.013943 0.040614 -2.623584 186.570007
55.752369 -18.540257 1.273847 -0.013909 0.068508 -2.589163 186.800003
55.799995 -18.735212 1.267820 -0.014810 0.068971 -2.555892 187.020004
55.822422 -18.943411 1.268410 -0.013886 0.054838 -2.522343 187.240005
55.826805 -19.149729 1.273252 0.005515 0.021737 -2.490662 187.449997
55.822105 -19.351059 1.281466 0.001821 0.007097 -2.459779 187.660004
55.814312 -19.553684 1.293454 -0.016089 0.009202 -2.427585 187.880005
55.808414 -19.754171 1.308203 -0.027066 0.012468 -2.395627 188.100006
55.806934 -19.957584 1.325028 -0.032710 0.017658 -2.363745 188.320007
55.810268 -20.166086 1.342634 -0.019199 0.006349 -2.331538 188.539993
55.818001 -20.373283 1.358788 -0.019345 0.004018 -2.300098 188.759995
55.830711 -20.577734 1.372202 -0.025945 0.010451 -2.269030 188.979996
55.848640 -20.781626 1.382493 -0.015568 0.002701 -2.237881 189.199997
55.870525 -20.981609 1.389836 -0.019548 0.013092 -2.207359 189.419998
55.894989 -21.181419 1.395045 -0.023510 0.022902 -2.176970 189.639999
55.921104 -21.385393 1.398858 -0.021379 0.024166 -2.146428 189.860001
55.947964 -21.593168 1.401614 -0.011214 0.020350 -2.115881 190.080002
55.971836 -21.792074 1.403110 -0.003876 0.027231 -2.086869 190.289993
55.990536 -21.991898 1.403471 0.002062 0.024313 -2.057862 190.500000
56.003338 -22.199924 1.402752 0.004769 0.017588 -2.027669 190.720001
56.009998 -22.404236 1.401032 -0.001529 0.025308 -1.997453 190.940002
56.012173 -22.608925 1.398702 -0.007273 0.029586 -1.967159 191.160004
56.012028 -22.817104 1.396139 -0.011739 0.029183 -1.936622 191.380005
56.012657 -23.019392 1.394785 -0.026696 0.020608 -1.907151 191.589996
56.020878 -23.223820 1.396216 -0.038392 0.014596 -1.877128 191.800003
56.041992 -23.429111 1.401033 -0.038849 0.012091 -1.846678 192.009995
56.076347 -23.633873 1.409016 -0.033701 0.014744 -1.816072 192.220001
56.121239 -23.837780 1.419420 -0.018113 0.000522 -1.784962 192.429993
56.170853 -24.031364 1.429709 0.019235 -0.064948 -1.755556 192.639999
56.225910 -24.223858 1.439978 0.046118 -0.108821 -1.723756 192.910004
56.401558 -24.324339 1.444496 -0.137167 -0.012204 -1.661560 193.880005
56.601635 -24.308813 1.436713 -0.108450 -0.000949 -1.646464 194.160004
56.806202 -24.300726 1.428132 -0.056891 0.003963 -1.631472 194.380005
57.007301 -24.296715 1.419478 -0.032851 0.006143 -1.615255 194.580002
57.212009 -24.295761 1.410610 -0.020668 0.006031 -1.596520 194.779999
57.414665 -24.297297 1.401785 -0.003329 0.003985 -1.575558 194.979996
57.619717 -24.300552 1.392482 -0.010754 0.003366 -1.551220 195.190002
57.819557 -24.304909 1.382586 -0.023577 0.000336 -1.524581 195.399994
58.019123 -24.308535 1.368938 -0.028085 -0.007887 -1.495836 195.610001
58.220360 -24.308018 1.349404 -0.024433 -0.012216 -1.465442 195.820007
58.420841 -24.301611 1.324209 -0.009844 -0.012284 -1.434059 196.029999
58.625050 -24.289326 1.292064 -0.019086 -0.006515 -1.400419 196.250000
58.826256 -24.273216 1.255541 -0.012341 -0.003879 -1.366318 196.470001
59.023277 -24.255028 1.216437 -0.016385 0.000718 -1.332230 196.690002
59.226727 -24.235382 1.173733 -0.024079 0.005023 -1.296700 196.919998
59.430256 -24.215935 1.131220 -0.013755 0.003660 -1.261616 197.149994
59.631294 -24.197130 1.089002 -0.026652 0.008114 -1.227161 197.380005
59.835251 -24.178293 1.050972 -0.034877 0.004337 -1.193049 197.610001
60.036278 -24.157135 1.022892 -0.037525 0.000884 -1.160680 197.830002
60.242062 -24.130743 1.003907 -0.020242 -0.004121 -1.128707 198.050003
60.446228 -24.099861 0.993331 -0.022993 0.000309 -1.097338 198.270004
60.649384 -24.065781 0.989544 -0.017010 0.001354 -1.066165 198.490005
60.849636 -24.030157 0.990186 -0.011420 0.003322 -1.035446 198.710007
61.054585 -23.993357 0.993496 -0.020962 0.013122 -1.003687 198.940002
61.260605 -23.958326 0.997953 -0.018410 0.013593 -0.971937 199.169998
61.458252 -23.926931 1.002065 -0.014569 0.011927 -0.941780 199.389999
61.664349 -23.896229 1.005655 -0.026040 0.018744 -0.910331 199.619995
61.865891 -23.867847 1.008175 -0.028133 0.018962 -0.879892 199.839996
62.072876 -23.839405 1.009734 -0.028751 0.019221 -0.849142 200.059998
62.275181 -23.811682 1.010432 -0.026849 0.018354 -0.819369 200.270004
62.480949 -23.783255 1.010456 -0.021414 0.014565 -0.789207 200.479996
62.687675 -23.754200 1.010012 -0.020809 0.014907 -0.758817 200.690002
62.894581 -23.724556 1.009386 -0.010809 0.006854 -0.727984 200.899994
63.097206 -23.694849 1.008608 -0.006391 0.004418 -0.697247 201.110001
63.302841 -23.664280 1.007741 -0.014318 0.013971 -0.665151 201.330002
63.506943 -23.634018 1.007140 -0.020606 0.021014 -0.632985 201.550003
63.713737 -23.603405 1.006873 -0.021454 0.022617 -0.600692 201.770004
63.913647 -23.573633 1.006692 -0.000016 -0.002415 -0.569901 201.979996
64.117546 -23.542549 1.006030 0.051544 -0.064781 -0.540313 202.210007
64.318459 -23.511061 1.003827 0.071336 -0.090608 -0.505291 202.539993
64.487709 -23.605234 1.054535 0.027981 0.127004 -0.484836 203.470001
64.629723 -23.743532 1.107626 0.013827 0.099649 -0.512360 203.750000
64.777580 -23.878805 1.156154 0.001844 0.053732 -0.539965 203.970001
64.925003 -24.008684 1.203658 -0.003573 0.036484 -0.564971 204.169998
65.077797 -24.138123 1.251197 -0.027396 0.005792 -0.587109 204.369995
65.240028 -24.258698 1.295955 -0.081369 -0.013267 -0.604575 204.580002
65.417183 -24.346746 1.333719 -0.100351 -0.020395 -0.614788 204.800003
65.612206 -24.389650 1.361971 -0.084878 -0.020083 -0.616703 205.029999
65.813583 -24.390539 1.380650 -0.065058 -0.001467 -0.610765 205.259995
66.012871 -24.365738 1.392438 -0.043274 0.009468 -0.596384 205.479996
66.216614 -24.327333 1.399119 -0.034950 0.005861 -0.574472 205.699997
66.412010 -24.281212 1.400812 -0.035329 0.007286 -0.548082 205.910004
66.607048 -24.226700 1.398525 -0.018524 -0.004276 -0.517037 206.119995
66.805099 -24.164034 1.392941 -0.018208 0.005168 -0.481654 206.339996
66.999077 -24.098133 1.385413 -0.020334 0.016344 -0.443965 206.559998
67.193848 -24.030718 1.378697 -0.013561 0.027559 -0.404865 206.779999
67.392815 -23.965929 1.375911 -0.005401 0.034502 -0.365115 207.000000
67.587173 -23.910196 1.377700 0.004921 0.021711 -0.327448 207.210007
67.789970 -23.859838 1.383897 0.005880 0.017946 -0.288909 207.429993
67.989479 -23.816862 1.391432 0.000320 0.016411 -0.251638 207.649994
68.186653 -23.777981 1.395090 -0.010511 0.025250 -0.215563 207.869995
68.385048 -23.739140 1.392531 -0.010162 0.014029 -0.180623 208.089996
68.581490 -23.698826 1.383137 -0.011638 0.017179 -0.147239 208.309998
68.776649 -23.656464 1.367476 -0.012268 0.023045 -0.115070 208.529999
68.972336 -23.612249 1.350471 -0.003866 0.017616 -0.083970 208.750000
69.176140 -23.567179 1.339330 0.001390 0.028434 -0.052529 208.979996
69.373360 -23.527613 1.338522 0.004622 0.019498 -0.023297 209.199997
69.570259 -23.492348 1.347551 0.004255 0.021067 0.005382 209.419998
69.775093 -23.459316 1.364433 -0.002326 0.016046 0.034886 209.649994
69.977806 -23.426338 1.381162 -0.014436 0.024476 0.064218 209.880005
70.181084 -23.387491 1.392903 -0.017664 0.019632 0.093934 210.110001
70.383247 -23.341108 1.397616 -0.015595 0.021481 0.123624 210.339996
70.584595 -23.288170 1.395175 -0.011526 0.026910 0.153528 210.570007
70.777855 -23.233124 1.387432 -0.006383 0.016821 0.180933 210.789993
70.977913 -23.173744 1.375159 -0.003112 0.023712 0.204348 211.020004
71.169395 -23.116512 1.361502 0.004340 0.021813 0.220314 211.240005
71.362061 -23.061771 1.348660 0.011464 0.032335 0.230221 211.460007
71.560303 -23.011475 1.338058 0.013389 0.034273 0.235011 211.679993
71.764732 -22.966049 1.330178 0.009193 0.024121 0.237069 211.899994
71.961754 -22.925993 1.326144 -0.000281 0.025022 0.238595 212.110001
72.159439 -22.885414 1.325870 -0.006422 0.022336 0.240971 212.320007
72.362328 -22.840691 1.327991 -0.007524 -0.045137 0.245080 212.539993
72.560211 -22.793562 1.331416 -0.004738 -0.108815 0.250573 212.800003
72.755035 -22.742979 1.343102 0.005891 0.112138 0.250843 213.580002
72.953751 -22.699841 1.359588 0.003631 0.107938 0.241270 213.990005
73.149818 -22.658045 1.372805 0.001221 0.082743 0.234459 214.240005
73.352859 -22.614422 1.383337 0.000176 0.047917 0.228393 214.460007
73.558037 -22.570070 1.389739 0.000078 0.034787 0.222906 214.669998
73.757179 -22.526920 1.391508 0.000265 0.015197 0.218171 214.869995
73.953232 -22.484509 1.388967 0.000513 0.005804 0.214063 215.070007
74.152336 -22.441647 1.382182 0.000674 0.015209 0.210517 215.279999
74.356819 -22.397840 1.372489 -0.002263 0.017825 0.208296 215.500000
74.558983 -22.353384 1.364127 -0.007605 0.024266 0.209150 215.720001
74.760780 -22.305611 1.359485 -0.009199 0.018317 0.214056 215.940002
74.959946 -22.254326 1.359069 -0.007965 0.014037 0.220914 216.160004
75.154907 -22.200600 1.362935 -0.003442 0.020286 0.226940 216.380005
75.348930 -22.146034 1.370874 0.004534 0.028031 0.231003 216.600006
75.546089 -22.093191 1.382406 0.008617 0.026816 0.232388 216.820007
75.745773 -22.044039 1.395917 0.008668 0.017277 0.231360 217.039993
75.944717 -21.999235 1.410677 0.006838 0.025494 0.228801 217.259995
76.143837 -21.957571 1.425294 0.006788 -0.001103 0.224722 217.479996
76.343452 -21.919645 1.435969 0.015286 0.006320 0.218285 217.710007
76.546074 -21.889103 1.439409 0.018917 0.023183 0.207653 217.949997
76.750732 -21.867603 1.435222 0.015824 0.023205 0.194491 218.190002
76.958374 -21.853041 1.424783 0.002288 0.028733 0.183323 218.429993
77.169647 -21.835890 1.414194 -0.041615 0.027112 0.177053 218.669998
77.371338 -21.797884 1.409196 -0.062809 0.027056 0.177878 218.899994
77.561836 -21.732306 1.411105 -0.061402 0.028973 0.185415 219.119995
77.741936 -21.644428 1.418854 -0.047661 0.025336 0.199060 219.330002
77.918564 -21.539536 1.430526 -0.021562 -0.003309 0.218596 219.539993
78.092621 -21.425751 1.443113 0.007062 0.004004 0.241642 219.759995
78.268364 -21.315203 1.453177 0.021736 0.024798 0.267779 219.990005
78.447929 -21.217678 1.458617 0.023166 0.021601 0.292945 220.220001
78.632118 -21.132874 1.458966 0.018338 0.026290 0.314139 220.449997
78.821724 -21.058311 1.455201 0.031020 0.024756 0.328486 220.679993
79.018257 -20.998196 1.448703 0.041416 0.026365 0.334302 220.910004
79.219879 -20.956533 1.440566 0.022976 -0.039395 0.329666 221.139999
79.421822 -20.931856 1.430943 -0.006882 -0.103409 0.318992 221.410004
79.624763 -20.927935 1.424951 0.012522 0.121539 0.282797 222.259995
79.822571 -20.901468 1.438724 0.009436 0.106273 0.259804 222.639999
80.023560 -20.871420 1.451672 0.005632 0.082016 0.240238 222.889999
80.221390 -20.840996 1.462120 0.004121 0.058120 0.221624 223.100006
80.423653 -20.809917 1.468412 0.003813 0.040197 0.203266 223.300003
80.621445 -20.780125 1.469660 0.003569 0.027750 0.186132 223.490005
80.820259 -20.751041 1.465998 0.003239 0.020249 0.170052 223.679993
81.027786 -20.721689 1.457314 0.002742 0.016512 0.154858 223.880005
81.232109 -20.693739 1.444703 0.002019 0.014857 0.141225 224.080002
81.432785 -20.667025 1.429386 0.001071 0.017099 0.128013 224.279999
81.630783 -20.641182 1.413480 0.002605 0.020994 0.114571 224.479996
81.837631 -20.615557 1.400593 0.007353 0.024772 0.100683 224.690002
82.044868 -20.593168 1.394237 0.009043 0.015230 0.087450 224.899994
82.248695 -20.575066 1.394729 0.007917 0.005473 0.075968 225.110001
82.455269 -20.560383 1.402110 0.005858 0.016561 0.067244 225.330002
82.658783 -20.548599 1.413634 0.001541 0.023284 0.062031 225.550003
82.862961 -20.537455 1.425123 -0.002903 0.034102 0.059903 225.770004
83.071854 -20.524727 1.433722 -0.004934 0.033695 0.060333 225.990005
83.275520 -20.510281 1.438028 -0.004890 0.030906 0.062740 226.199997
83.482071 -20.493713 1.438522 -0.003812 0.022625 0.066720 226.410004
83.687698 -20.475735 1.435842 -0.002847 0.009845 0.071741 226.619995
83.888084 -20.457085 1.431117 -0.002072 0.017449 0.077189 226.830002
84.095490 -20.436956 1.425097 -0.001550 0.027215 0.082429 227.050003
84.294846 -20.417099 1.419164 -0.001066 0.028706 0.085144 227.259995
84.496208 -20.396973 1.413807 0.005054 0.025365 0.084300 227.470001
84.698906 -20.379101 1.410020 0.013415 0.027104 0.079187 227.679993
84.903374 -20.366673 1.408222 0.016123 0.026198 0.069491 227.889999
85.109482 -20.360750 1.408484 0.014390 0.027624 0.055178 228.100006
85.317513 -20.360502 1.410387 0.010617 0.023708 0.036314 228.309998
85.524826 -20.364809 1.414813 0.016658 0.007509 0.013448 228.520004
85.725952 -20.376038 1.424322 0.026406 0.010684 -0.012653 228.729996
85.930824 -20.399128 1.440903 0.027113 0.007871 -0.043108 228.949997
86.127815 -20.433214 1.461187 0.007835 -0.005882 -0.073463 229.169998
86.330009 -20.470984 1.480529 -0.033657 0.016189 -0.101426 229.410004
86.530762 -20.490648 1.492483 -0.047776 0.019403 -0.120187 229.649994
86.734413 -20.485464 1.495542 -0.043277 0.020384 -0.128753 229.889999
86.941162 -20.458988 1.490187 -0.032376 0.026010 -0.126997 230.130005
87.139687 -20.420725 1.479588 -0.001965 -0.041853 -0.115564 230.360001
87.337509 -20.373390 1.464432 0.028175 -0.098575 -0.096945 230.639999
87.520203 -20.291595 1.441106 -0.087588 0.080058 -0.046936 231.509995
87.661217 -20.144176 1.449238 -0.075266 0.082028 -0.024326 231.910004
87.806557 -20.002041 1.457126 -0.046036 0.053873 -0.004717 232.160004
87.955643 -19.859873 1.464421 -0.027638 0.036026 0.014580 232.380005
88.106346 -19.718409 1.471392 -0.025941 0.018121 0.035254 232.589996
88.255981 -19.571676 1.476752 -0.048435 -0.022762 0.058990 232.800003
88.388298 -19.412876 1.479257 -0.057335 -0.047823 0.085433 233.009995
88.492577 -19.241173 1.478377 -0.031155 -0.061938 0.113324 233.220001
88.570244 -19.049564 1.474272 -0.034364 -0.057498 0.144180 233.449997
88.614388 -18.846313 1.467564 -0.040548 -0.038956 0.177179 233.690002
88.630905 -18.646118 1.459935 -0.031118 -0.020889 0.209623 233.919998
88.632935 -18.442747 1.452037 -0.035709 -0.000567 0.242532 234.149994
88.629990 -18.234133 1.444490 -0.019279 0.011137 0.276049 234.380005
88.630013 -18.033669 1.438140 -0.016640 0.029204 0.308306 234.600006
88.640068 -17.832184 1.433063 -0.010894 0.031989 0.340789 234.820007
88.661613 -17.631388 1.429066 -0.006646 0.026908 0.373045 235.039993
88.692162 -17.433533 1.426162 -0.013677 0.011089 0.404855 235.259995
88.723625 -17.228651 1.424204 -0.037485 -0.020941 0.437795 235.490005
88.736824 -17.022402 1.423179 -0.041732 -0.035884 0.470657 235.720001
88.724434 -16.816725 1.422510 -0.034978 -0.033456 0.502555 235.949997
88.689606 -16.614037 1.422102 -0.039818 -0.017767 0.533799 236.179993
88.639076 -16.411446 1.421777 -0.016322 -0.013307 0.565040 236.410004
88.580223 -16.214750 1.420537 -0.024198 -0.010266 0.595714 236.639999
88.513359 -16.021206 1.417579 -0.036471 -0.005547 0.626266 236.869995
88.440971 -15.833579 1.413167 -0.027557 0.011902 0.655330 237.089996
88.371307 -15.642213 1.409607 0.018189 0.066611 0.685389 237.309998
88.332466 -15.438558 1.409247 0.045955 0.094412 0.718432 237.539993
88.345703 -15.231912 1.412640 0.047656 0.089241 0.750889 237.770004
88.403755 -15.032318 1.419093 0.036622 0.067708 0.781775 237.990005
88.487907 -14.843022 1.426806 0.025553 0.016558 0.810385 238.199997
88.580605 -14.663521 1.434381 -0.014667 -0.006458 0.840091 238.410004
88.666595 -14.482124 1.440956 -0.049874 -0.003951 0.871910 238.630005
88.732338 -14.289998 1.445640 -0.050564 -0.011503 0.905856 238.860001
88.772926 -14.087504 1.447562 -0.044758 -0.000209 0.939878 239.100006
88.791550 -13.881630 1.445371 -0.038785 0.016525 0.973182 239.339996
88.796623 -13.677122 1.439055 -0.032328 0.030883 1.004951 239.570007
88.795967 -13.471738 1.429647 -0.022787 0.032982 1.035714 239.789993
88.794037 -13.268340 1.418243 -0.013102 0.027373 1.065223 240.000000
88.792732 -13.064351 1.405626 0.015830 -0.027845 1.093793 240.210007
88.792053 -12.861542 1.392129 0.046082 -0.092015 1.121643 240.449997
88.793381 -12.660971 1.375354 0.034050 -0.073135 1.165666 240.929993
88.836884 -12.464409 1.368637 -0.025250 0.111993 1.206856 241.699997
88.873772 -12.267409 1.369359 -0.020649 0.087457 1.223169 241.970001
88.907173 -12.069597 1.368698 -0.022724 0.051424 1.239398 242.190002
88.935715 -11.865190 1.366745 -0.027123 0.034424 1.257468 242.399994
88.955910 -11.663934 1.363377 -0.022568 0.010945 1.277451 242.600006
88.968750 -11.455074 1.358246 -0.017049 0.004606 1.300318 242.809998
88.974648 -11.252004 1.351849 -0.013876 0.016282 1.325194 243.020004
88.976280 -11.051149 1.345290 -0.006899 0.021793 1.351969 243.229996
88.977043 -10.850518 1.340795 0.002326 0.026064 1.379308 243.440002
88.980682 -10.648930 1.339659 0.007110 0.031468 1.406068 243.649994
88.989136 -10.444860 1.342126 0.008005 0.030960 1.430980 243.860001
89.002319 -10.238173 1.347694 0.006699 0.028198 1.453045 244.070007
89.018867 -10.031689 1.355103 0.002091 -0.003395 1.471817 244.279999
89.036011 -9.825845 1.362273 -0.008799 0.004391 1.489523 244.500000
89.049065 -9.618913 1.367586 -0.014066 0.018312 1.507315 244.729996
89.055153 -9.414236 1.370175 -0.013019 0.015670 1.525008 244.960007
89.054848 -9.211381 1.370075 -0.009707 0.030592 1.542149 245.190002
89.050041 -9.004597 1.368553 -0.008310 0.034181 1.559390 245.419998
89.041771 -8.800808 1.369280 -0.010272 0.034989 1.576683 245.639999
89.029800 -8.600718 1.373896 -0.009949 0.034410 1.594328 245.850006
89.013893 -8.395912 1.382870 -0.007860 0.031511 1.612271 246.059998
88.994873 -8.187826 1.395794 -0.005138 0.028154 1.629344 246.270004
88.975288 -7.988837 1.410623 0.014672 0.002810 1.643635 246.470001
88.963646 -7.788327 1.427343 0.076984 -0.027846 1.653654 246.679993
88.989159 -7.589600 1.445856 0.113629 -0.035002 1.657588 246.910004
89.075180 -7.406578 1.463920 0.107680 -0.026056 1.654024 247.149994
89.209305 -7.249177 1.479841 0.084390 -0.008492 1.642833 247.380005
89.363152 -7.114239 1.493241 0.050800 0.001520 1.625256 247.589996
89.522217 -6.989625 1.503732 0.003826 0.024928 1.603431 247.789993
89.675545 -6.861337 1.510587 -0.030806 0.049612 1.576818 247.990005
89.816719 -6.713776 1.513209 -0.047015 0.045134 1.546298 248.199997
89.937469 -6.545911 1.511012 -0.042981 0.040425 1.511784 248.419998
90.033836 -6.366976 1.504692 -0.028218 0.035542 1.475335 248.639999
90.113800 -6.181877 1.495746 0.002262 -0.009003 1.439061 248.860001
90.199539 -5.994913 1.484552 0.068437 -0.028262 1.398003 249.100006
90.318710 -5.833137 1.472479 0.097655 -0.021350 1.356215 249.350006
90.475891 -5.709426 1.460750 0.079000 -0.009245 1.321369 249.589996
90.653282 -5.610020 1.450798 -0.020231 0.021938 1.296123 249.820007
90.821838 -5.497270 1.446420 -0.097814 0.054024 1.279083 250.059998
90.946732 -5.336126 1.448835 -0.108754 0.042402 1.277922 250.320007
91.006180 -5.137102 1.457154 -0.083060 0.044033 1.288800 250.580002
91.018402 -4.930665 1.466995 -0.036908 -0.026497 1.312646 250.820007
91.005264 -4.730466 1.476567 0.009174 -0.094229 1.340762 251.080002
90.967522 -4.533755 1.487999 0.032884 -0.006609 1.396579 251.679993
91.064934 -4.357931 1.497236 0.036122 0.111323 1.385063 252.330002
91.168480 -4.179033 1.501670 0.021053 0.088386 1.356289 252.600006
91.269508 -3.999995 1.504579 0.033951 0.042636 1.325760 252.820007
91.380341 -3.822769 1.506922 0.065609 0.006011 1.291482 253.029999
91.505661 -3.665918 1.508744 0.076701 -0.011233 1.255922 253.229996
91.651535 -3.528932 1.510085 0.072380 -0.013126 1.221655 253.429993
91.814697 -3.412236 1.510926 0.051312 -0.006430 1.191729 253.630005
91.986298 -3.309234 1.510786 -0.015591 0.015474 1.168191 253.830002
92.154701 -3.197772 1.509978 -0.074513 0.035656 1.151084 254.039993
92.299164 -3.059178 1.508304 -0.093706 0.044153 1.144008 254.259995
92.410019 -2.883811 1.505237 -0.081168 0.040539 1.148981 254.490005
92.483467 -2.692069 1.501267 -0.059761 0.022603 1.164305 254.710007
92.530899 -2.488846 1.497493 -0.061367 0.006841 1.187351 254.929993
92.551147 -2.281919 1.494596 -0.059066 0.006221 1.216509 255.149994
92.546097 -2.074339 1.492559 -0.042405 -0.002187 1.251267 255.369995
92.522392 -1.871038 1.491454 -0.030877 0.012901 1.288608 255.589996
92.487709 -1.669202 1.491398 -0.015722 0.009274 1.328474 255.809998
92.448578 -1.470802 1.492082 -0.007892 0.016362 1.366308 256.029999
92.409294 -1.274380 1.493394 0.004337 0.027308 1.398105 256.250000
92.378189 -1.068267 1.495979 0.080312 0.018117 1.421722 256.480011
92.390587 -0.861699 1.500598 0.124597 0.001488 1.431974 256.720001
92.467621 -0.675293 1.505747 0.110136 -0.011928 1.429090 256.959991
92.599327 -0.513225 1.511521 0.083637 -0.000461 1.417252 257.200012
92.752678 -0.380430 1.516867 0.028698 -0.024848 1.395893 257.420013
92.921684 -0.260033 1.521405 -0.043931 -0.074936 1.369052 257.660004
93.096199 -0.155798 1.525115 -0.086637 -0.090095 1.328433 258.019989
92.935242 -0.280310 1.544750 -0.082008 -0.104242 1.313847 258.760010
92.773170 -0.397860 1.552747 -0.056085 -0.067324 1.326306 258.970001
92.606987 -0.518597 1.561214 -0.035113 -0.037194 1.344584 259.160004
92.442261 -0.637485 1.570033 -0.021820 -0.017819 1.367191 259.339996
92.276596 -0.755558 1.579306 -0.007878 -0.001271 1.393574 259.519989
92.106499 -0.874511 1.588248 0.000054 0.019083 1.424613 259.709991
91.935654 -0.987449 1.595280 -0.015351 0.023075 1.459717 259.910004
91.760040 -1.090585 1.599487 -0.014409 0.021970 1.497917 260.119995
91.579071 -1.183296 1.600522 -0.016996 0.013552 1.538604 260.339996
91.391258 -1.268513 1.598578 -0.026043 0.001150 1.581250 260.570007
91.201874 -1.348136 1.594614 -0.010496 -0.000692 1.622742 260.799988
91.015846 -1.424140 1.591305 -0.020653 -0.000451 1.662929 261.029999
90.829369 -1.497361 1.591753 -0.033047 -0.000928 1.701706 261.260010
90.637886 -1.568931 1.596478 -0.020737 0.000495 1.738701 261.489990
90.444832 -1.638561 1.605316 -0.026958 -0.000249 1.774212 261.720001
90.249222 -1.707240 1.615086 -0.026605 -0.000701 1.808310 261.950012
90.059357 -1.772876 1.621361 -0.034016 -0.001107 1.839994 262.170013
89.865646 -1.839398 1.623043 -0.017006 -0.001151 1.870790 262.390015
89.673225 -1.905661 1.619588 -0.021531 -0.000072 1.900915 262.609985
89.481232 -1.971827 1.611616 -0.021387 0.000328 1.930682 262.829987
89.290131 -2.037769 1.600340 -0.008946 0.007273 1.959965 263.049988
89.095810 -2.097801 1.584473 0.034340 0.072825 1.991756 263.279999
88.897026 -2.114423 1.561779 0.068140 0.114603 2.027768 263.529999
88.709351 -2.051389 1.532367 0.066137 0.098046 2.061796 263.790009
88.552544 -1.929897 1.501034 0.044597 0.080307 2.093458 264.029999
88.416908 -1.781086 1.470663 0.025084 0.042347 2.121288 264.250000
88.293495 -1.623956 1.442121 0.017803 0.020223 2.145129 264.459991
88.178261 -1.462196 1.418317 0.032958 0.014433 2.163372 264.670013
88.071983 -1.287030 1.401526 0.040594 0.016734 2.174364 264.890015
87.982521 -1.104820 1.393526 0.033802 0.006548 2.175951 265.109985
87.905235 -0.910838 1.393419 0.026618 0.021993 2.169117 265.339996
87.840370 -0.720197 1.399360 0.015663 0.013501 2.153798 265.559998
87.781029 -0.528993 1.408861 0.007959 0.020250 2.131832 265.779999
87.722984 -0.337518 1.420311 0.003912 0.026663 2.104075 266.000000
87.663620 -0.145024 1.432193 0.000608 0.018579 2.072242 266.220001
87.603111 0.046069 1.443807 -0.000000 0.027816 2.038139 266.440002
87.540092 0.238654 1.454736 0.000683 0.032520 2.003521 266.660004
87.474312 0.435108 1.464895 0.001231 0.034738 1.970544 266.880005
87.409363 0.627039 1.473805 0.000890 0.023352 1.942233 267.089996
87.344345 0.818843 1.481708 -0.000822 0.005363 1.918906 267.299988
87.276703 1.010368 1.489792 -0.050018 -0.023244 1.901855 267.519989
87.184242 1.188078 1.500571 -0.111624 -0.037952 1.894481 267.760010
87.033936 1.326453 1.514194 -0.101863 -0.033015 1.896932 268.019989
86.850754 1.418079 1.521583 0.014014 0.022775 1.902458 268.269989
86.673355 1.522775 1.519683 0.091645 0.057450 1.911157 268.529999
86.542885 1.678364 1.506548 0.100486 0.057680 1.914094 268.799988
86.474052 1.866631 1.484163 0.076122 0.050695 1.910225 269.049988
86.443527 2.064610 1.458325 0.031484 -0.029997 1.897990 269.279999
86.434395 2.263933 1.431054 -0.009069 -0.095438 1.885146 269.540009
86.458847 2.462225 1.402333 0.048932 0.090715 1.851862 270.320007
86.510109 2.655774 1.422703 0.051972 0.113339 1.827338 270.760010
86.555206 2.858599 1.441802 0.031304 0.073483 1.805490 271.010010
86.597519 3.057900 1.458520 0.012685 0.036886 1.784715 271.220001
86.637856 3.255077 1.472558 0.005198 0.030414 1.763170 271.420013
86.676170 3.454757 1.482787 0.001118 0.022127 1.739379 271.619995
86.711708 3.652928 1.488615 -0.003128 0.004721 1.713793 271.820007
86.745827 3.853895 1.490079 -0.000692 0.011533 1.685172 272.029999
86.778999 4.059326 1.487434 0.003690 0.022473 1.653974 272.250000
86.810837 4.263359 1.482591 -0.005851 0.015166 1.624422 272.470001
86.837723 4.464696 1.478527 -0.021399 0.024609 1.600067 272.690002
86.853394 4.666799 1.477357 -0.026222 0.031485 1.583340 272.910004
86.856125 4.872901 1.479713 -0.023302 0.032651 1.574297 273.130005
86.848480 5.073924 1.485103 -0.016862 0.028458 1.571900 273.339996
86.834084 5.276192 1.492133 -0.009331 0.006371 1.574976 273.549988
86.815453 5.481599 1.498151 -0.003999 0.012395 1.582324 273.769989
86.795738 5.682513 1.500496 -0.001738 0.027058 1.592713 273.989990
86.775902 5.885275 1.498271 -0.000858 0.033985 1.605031 274.209991
86.756149 6.092971 1.491650 -0.000293 0.032877 1.618421 274.429993
86.736565 6.304533 1.481185 -0.000498 0.021567 1.632005 274.649994
86.717972 6.506236 1.468287 -0.001159 0.022990 1.644331 274.859985
86.699097 6.707834 1.453170 -0.001424 0.027723 1.655693 275.070007
86.679581 6.911027 1.436510 -0.001147 0.028570 1.667109 275.279999
86.659409 7.116011 1.419089 -0.001788 0.024456 1.679667 275.489990
86.637894 7.321336 1.403809 -0.011980 0.024442 1.694177 275.700012
86.611221 7.526095 1.393833 -0.020346 0.021163 1.711322 275.910004
86.576363 7.728033 1.390218 -0.020350 0.008495 1.730790 276.119995
86.531830 7.932254 1.392936 -0.016582 0.012822 1.749850 276.339996
86.480904 8.130543 1.401136 -0.010434 0.016308 1.764918 276.559998
86.427223 8.324674 1.412418 0.012081 0.010617 1.774345 276.779999
86.378632 8.524795 1.425035 0.034194 0.026610 1.776676 277.010010
86.346222 8.729071 1.436677 0.035862 0.014995 1.770580 277.239990
86.331093 8.934382 1.446007 0.018004 0.018237 1.761430 277.470001
86.322243 9.139531 1.451288 -0.032203 0.028604 1.752740 277.700012
86.296776 9.344543 1.452000 -0.055816 0.022248 1.748365 277.929993
86.244148 9.544796 1.448481 -0.054278 0.014909 1.749260 278.160004
86.166374 9.737621 1.441645 -0.044364 0.024468 1.755285 278.390015
86.073402 9.919483 1.433035 -0.029562 0.022924 1.767386 278.609985
85.969414 10.099816 1.424971 -0.019752 0.021185 1.784954 278.829987
85.864594 10.270609 1.420051 -0.014479 0.025254 1.806385 279.040009
85.756386 10.441921 1.418686 -0.010569 0.027976 1.831983 279.250000
85.646004 10.615185 1.420917 -0.007747 0.029350 1.861119 279.459991
85.534492 10.790538 1.425891 -0.003189 0.015061 1.892962 279.670013
85.424850 10.963512 1.432698 -0.000617 0.011824 1.926487 279.880005
85.318352 11.132938 1.440845 -0.000635 0.018405 1.961159 280.089996
85.209930 11.307182 1.449340 0.002911 -0.029290 1.997333 280.309998
85.103050 11.478371 1.456908 0.008795 -0.098569 2.035387 280.559998
84.962242 11.620892 1.471285 -0.120414 0.042239 2.104271 281.450012
84.764633 11.578205 1.482665 -0.096705 0.047518 2.122972 281.839996
84.564003 11.543700 1.492659 -0.064284 0.035348 2.138595 282.089996
84.360146 11.512494 1.502205 -0.024420 0.021316 2.154642 282.309998
84.160263 11.486998 1.511663 0.008510 0.037954 2.171901 282.519989
83.954063 11.477698 1.521899 0.020704 0.057192 2.193167 282.739990
83.751823 11.494710 1.531984 0.027070 0.045382 2.216450 282.959991
83.556160 11.535240 1.541641 0.015012 0.043685 2.242445 283.179993
83.363228 11.593789 1.551259 -0.001096 0.042556 2.270854 283.399994
83.167679 11.663953 1.560581 -0.008083 0.029424 2.301232 283.619995
82.979225 11.735047 1.566688 -0.010378 0.020806 2.331574 283.829987
82.790321 11.806314 1.567791 -0.013852 0.023374 2.362888 284.040009
82.599739 11.876851 1.563095 -0.014152 0.022871 2.394980 284.250000
82.407333 11.946192 1.552883 -0.013865 0.025357 2.427504 284.459991
82.212753 12.014634 1.538613 -0.009335 0.017871 2.460395 284.670013
82.019135 12.081647 1.523497 -0.003014 0.013006 2.493061 284.880005
81.829445 12.147789 1.510453 -0.001011 0.020234 2.525364 285.089996
81.633942 12.217985 1.500706 0.001639 0.010440 2.558601 285.309998
81.443718 12.288370 1.495170 0.000261 0.019779 2.591203 285.529999
81.255493 12.359994 1.493569 -0.000927 0.023090 2.623184 285.750000
81.067635 12.432912 1.494158 0.000850 0.021644 2.653718 285.970001
80.880241 12.507335 1.495259 0.001945 0.030783 2.681892 286.190002
80.690178 12.584956 1.495658 0.001952 0.034429 2.706895 286.410004
80.504799 12.662316 1.494783 0.001602 0.034904 2.727086 286.619995
80.315567 12.742290 1.492391 -0.001953 0.023828 2.743537 286.829987
80.125587 12.821052 1.487744 -0.019523 0.016657 2.757564 287.040009
79.935211 12.891373 1.480444 -0.030684 0.017652 2.770886 287.250000
79.743614 12.949118 1.470881 -0.029088 0.004703 2.784921 287.459991
79.545555 12.994863 1.458819 -0.037344 0.008423 2.800129 287.679993
79.347870 13.023451 1.445340 -0.046237 0.019318 2.817153 287.899994
79.145645 13.033577 1.431038 -0.041494 0.021482 2.837131 288.119995
78.938416 13.028056 1.416387 -0.032145 0.026780 2.859693 288.339996
78.735947 13.012874 1.402510 -0.018057 0.016949 2.883884 288.549988
78.534302 12.993342 1.390635 0.006099 0.010167 2.908411 288.760010
78.328712 12.977795 1.383365 0.024561 0.025131 2.932681 288.980011
78.125366 12.975999 1.382373 0.028797 0.016554 2.953750 289.200012
77.917542 12.989735 1.387089 0.022860 0.016924 2.974041 289.429993
77.713943 13.014441 1.394399 -0.006023 0.023098 2.993803 289.660004
77.509102 13.036808 1.399965 -0.031269 0.030013 3.014218 289.890015
77.307831 13.045069 1.401472 -0.038104 0.031978 3.035319 290.109985
77.100334 13.037466 1.398460 -0.033925 0.033272 3.058243 290.329987
76.897614 13.017461 1.391734 -0.019816 -0.000026 3.082485 290.540009
76.697609 12.989082 1.382376 0.002681 -0.079247 3.107642 290.760010
76.500755 12.953773 1.369383 0.018389 -0.118501 3.137325 291.059998
76.298347 12.952981 1.363759 0.027163 0.113450 -3.130546 291.940002
76.100685 12.994749 1.376604 0.015959 0.101777 3.124802 292.260010
75.897942 13.035814 1.388091 0.009085 0.053782 3.096402 292.500000
75.694756 13.078525 1.399002 0.033988 0.021741 3.066479 292.720001
75.501442 13.132209 1.410264 0.055242 0.011577 3.034725 292.929993
75.314934 13.206456 1.422100 0.059528 0.010170 3.000917 293.140015
75.136681 13.302211 1.434341 0.051459 0.013036 2.965737 293.350006
74.965584 13.415440 1.446645 0.034367 0.008362 2.929624 293.559998
74.802193 13.538225 1.458645 0.018688 0.007153 2.895999 293.769989
74.645538 13.663727 1.470493 0.004281 0.008949 2.867998 293.980011
74.486206 13.788335 1.481070 -0.072429 -0.007365 2.846837 294.200012
74.305855 13.881949 1.488399 -0.140231 -0.005467 2.834891 294.450012
74.099464 13.890723 1.488561 -0.134822 -0.002146 2.838017 294.720001
73.904762 13.823941 1.482549 -0.095897 0.003500 2.853011 294.959991
73.721687 13.722087 1.473865 -0.046599 -0.001737 2.876168 295.179993
73.550842 13.609259 1.464031 -0.019254 -0.005046 2.903653 295.390015
73.387634 13.492614 1.452249 -0.021827 0.005370 2.935249 295.600006
73.221100 13.367479 1.437624 -0.024114 0.011868 2.972170 295.820007
73.063400 13.244706 1.421639 -0.024062 0.016029 3.009897 296.029999
72.905365 13.118771 1.404135 -0.023604 0.020452 3.049008 296.239990
72.745903 12.990147 1.385845 -0.010314 0.015913 3.087079 296.450012
72.586555 12.865262 1.369778 0.035883 0.026537 3.121496 296.660004
72.415787 12.757083 1.358473 0.066104 0.045473 -3.130859 296.880005
72.225624 12.681738 1.353368 0.066926 0.031053 -3.108282 297.109985
72.028343 12.643504 1.354117 0.052209 0.021774 -3.094153 297.339996
71.828407 12.633366 1.359610 0.036065 0.030277 -3.087812 297.570007
71.622818 12.641331 1.368635 0.020815 0.039339 -3.089344 297.799988
71.417770 12.657703 1.378993 0.008414 0.033747 -3.095415 298.019989
71.217041 12.675608 1.389086 -0.002474 0.026438 -3.103045 298.230011
71.014542 12.691336 1.398733 -0.008372 0.030351 -3.111375 298.440002
70.809448 12.702554 1.407476 -0.009440 0.028837 -3.119612 298.649994
70.602272 12.709064 1.415106 -0.007811 0.027191 -3.127331 298.859985
70.394142 12.711832 1.421678 -0.005429 0.007893 -3.134084 299.070007
70.192459 12.711999 1.426307 -0.006124 -0.006417 -3.139151 299.279999
69.984375 12.709241 1.427772 -0.006862 0.013332 -3.141546 299.510010
69.782021 12.703269 1.425783 -0.005759 0.011769 -3.139802 299.739990
69.574692 12.694302 1.420613 -0.004173 0.028280 -3.134846 299.980011
69.374069 12.683942 1.413604 -0.002139 0.001602 -3.128028 300.209991
69.170990 12.672292 1.405198 0.001466 -0.079193 -3.119617 300.459991
68.970863 12.659405 1.397503 0.002196 -0.015371 -3.109461 301.000000
68.768715 12.663615 1.387237 0.006364 0.112139 -3.124002 301.660004
68.563751 12.670503 1.384455 0.002205 0.088293 -3.134139 301.929993
68.360909 12.676427 1.381924 -0.006741 0.049100 -3.141579 302.149994
68.154312 12.678909 1.380430 -0.016169 0.036417 3.137494 302.359985
67.952461 12.675115 1.380119 -0.018367 0.028084 3.137314 302.559998
67.749046 12.664603 1.380774 -0.016332 0.023778 3.139689 302.760010
67.545876 12.648375 1.382238 -0.012219 0.019962 -3.139914 302.959991
67.345345 12.628369 1.384319 -0.003313 0.002109 -3.135825 303.160004
67.142853 12.607033 1.386901 0.005934 0.010932 -3.131685 303.369995
66.936508 12.588265 1.389966 0.010049 0.011984 -3.127765 303.589996
66.735054 12.574869 1.393082 0.009909 0.007953 -3.125208 303.809998
66.530655 12.566397 1.396189 0.008795 0.019446 -3.124192 304.040009
66.327217 12.562604 1.399452 0.006670 0.028234 -3.124679 304.269989
66.121696 12.562137 1.402836 0.003852 0.019119 -3.126344 304.500000
65.916634 12.563504 1.406152 0.001555 0.028342 -3.128590 304.730011
65.709145 12.565447 1.409159 0.000095 0.014027 -3.131249 304.959991
65.504662 12.567298 1.409493 -0.000283 0.012426 -3.134183 305.190002
65.303993 12.568882 1.404871 -0.000240 0.032882 -3.137196 305.420013
65.098366 12.570214 1.394748 0.000094 0.039155 -3.140043 305.649994
64.893661 12.571419 1.380354 0.000206 0.040605 3.140641 305.869995
64.690933 12.572608 1.363218 0.000094 0.034424 3.138564 306.079987
64.483818 12.573820 1.345101 -0.000002 0.024971 3.136850 306.290009
64.275932 12.575026 1.332247 -0.000033 0.021532 3.135518 306.500000
64.068871 12.576218 1.328634 0.000001 0.022849 3.134474 306.709991
63.862255 12.577416 1.335184 0.000383 0.018297 3.132638 306.920013
63.658154 12.579033 1.348557 0.006428 0.010578 3.128791 307.130005
63.449490 12.583650 1.365209 0.012415 0.019956 3.121496 307.350006
63.242462 12.593782 1.381103 0.013708 0.028475 3.110568 307.570007
63.042965 12.609130 1.393746 0.011713 0.031635 3.097920 307.779999
62.840195 12.629171 1.403215 0.007710 0.028036 3.084503 307.989990
62.636372 12.651641 1.409471 -0.008004 0.013151 3.072378 308.200012
62.435905 12.670060 1.413338 -0.025783 0.016611 3.063923 308.410004
62.228176 12.677802 1.415674 -0.029744 0.008912 3.060881 308.630005
62.025928 12.671701 1.416324 -0.034445 -0.001781 3.063943 308.850006
61.823761 12.648493 1.415136 -0.044007 0.014804 3.073100 309.079987
61.624702 12.605651 1.412237 -0.036307 0.009880 3.089945 309.309998
61.429443 12.547092 1.407868 -0.026519 0.017519 3.112278 309.540009
61.235695 12.478558 1.402751 -0.012857 0.007839 3.139842 309.769989
61.044159 12.405199 1.396950 0.017121 -0.067772 -3.112473 310.010010
60.858635 12.329369 1.389177 0.033106 -0.100869 -3.072350 310.339996
60.715935 12.190441 1.418440 -0.096053 0.091487 -3.014036 311.220001
60.606583 12.026639 1.459372 -0.073309 0.077462 -2.995114 311.510010
60.487450 11.856220 1.497472 -0.035353 0.041134 -2.976828 311.739990
60.367931 11.688788 1.533519 -0.017931 0.012137 -2.959330 311.950012
60.251480 11.519916 1.562956 -0.035510 -0.033101 -2.939992 312.160004
60.152180 11.338998 1.579870 -0.056057 -0.055991 -2.916909 312.380005
60.084888 11.141430 1.580668 -0.041439 -0.058558 -2.890573 312.609985
60.053169 10.940355 1.565298 -0.044824 -0.036525 -2.862865 312.839996
60.046566 10.734758 1.538403 -0.019652 -0.027460 -2.832914 313.070007
60.058285 10.533921 1.509009 -0.017666 -0.050301 -2.801993 313.299988
60.098240 10.335107 1.482878 -0.032130 -0.057850 -2.769043 313.540009
60.170933 10.143759 1.464468 -0.024539 -0.046106 -2.735942 313.779999
60.268764 9.959604 1.454522 -0.034669 -0.028667 -2.702624 314.019989
60.378723 9.783117 1.451950 -0.039243 -0.013583 -2.670367 314.250000
60.492878 9.609848 1.452934 -0.036301 -0.006534 -2.638975 314.470001
60.606617 9.440347 1.452861 -0.033286 -0.004795 -2.608558 314.679993
60.723400 9.268484 1.449522 -0.017076 -0.003367 -2.577955 314.890015
60.839851 9.099076 1.442023 -0.010909 -0.001573 -2.547357 315.100006
60.953979 8.934142 1.430233 -0.017734 0.000329 -2.516755 315.309998
61.072063 8.763385 1.414759 -0.023957 0.007076 -2.484629 315.529999
61.187748 8.590527 1.401371 -0.022742 0.023781 -2.452370 315.750000
61.295975 8.411488 1.394116 -0.015395 0.029680 -2.419802 315.970001
61.393059 8.227643 1.393928 -0.004078 0.024657 -2.387349 316.190002
61.478497 8.043051 1.400749 -0.016448 0.025322 -2.355076 316.410004
61.556313 7.854798 1.412760 -0.013282 0.026148 -2.322830 316.630005
61.625343 7.662435 1.423693 0.001224 0.050205 -2.290529 316.850006
61.676025 7.463330 1.428721 0.012512 0.054390 -2.258203 317.070007
61.704556 7.259367 1.426221 0.018582 0.040126 -2.226449 317.290009
61.713978 7.055651 1.416006 0.007082 0.039760 -2.194637 317.510010
61.709873 6.850646 1.399717 0.004588 0.020259 -2.163179 317.730011
61.698826 6.648385 1.379115 -0.004688 0.018453 -2.132043 317.950012
61.685596 6.448229 1.356083 -0.013564 0.017869 -2.101191 318.170013
61.674473 6.247676 1.334926 -0.026404 0.017552 -2.070571 318.390015
61.670532 6.044290 1.318849 -0.033295 0.021079 -2.039965 318.609985
61.675991 5.835636 1.308880 -0.031594 0.022649 -2.009127 318.829987
61.689156 5.631701 1.304668 -0.025117 0.021610 -1.979459 319.040009
61.707821 5.424961 1.304636 -0.018792 0.022357 -1.949678 319.250000
61.729523 5.216461 1.307633 -0.013732 0.023397 -1.919682 319.459991
61.751129 5.017056 1.311983 -0.005996 0.021140 -1.890945 319.660004
61.772205 4.808342 1.316795 0.002115 0.025517 -1.860656 319.869995
61.788544 4.600054 1.320878 0.007492 0.018915 -1.830398 320.079987
61.799118 4.395322 1.323612 0.009707 0.007247 -1.800471 320.290009
61.804668 4.188259 1.325007 0.005428 0.018673 -1.769063 320.510010
61.805965 3.986580 1.325024 0.008366 -0.029318 -1.738907 320.730011
61.805298 3.782262 1.323340 0.014805 -0.098463 -1.706997 320.989990
61.805313 3.581819 1.321737 -0.023262 0.114851 -1.648879 321.820007
61.828178 3.378485 1.330367 -0.023712 0.122031 -1.627231 322.230011
61.852955 3.175803 1.338068 -0.014918 0.076167 -1.610457 322.470001
61.879021 2.971280 1.345453 -0.007176 0.041243 -1.593676 322.679993
61.905205 2.768752 1.352901 -0.002568 0.027380 -1.575613 322.880005
61.931118 2.565742 1.360492 0.000715 0.005273 -1.555918 323.079987
61.956852 2.359563 1.368141 0.003508 0.003352 -1.536311 323.290009
61.979824 2.152637 1.378111 0.028042 0.009087 -1.519696 323.510010
61.989048 1.951318 1.393264 0.047423 0.016508 -1.509567 323.730011
61.976665 1.751166 1.414712 0.049241 0.022518 -1.507214 323.950012
61.942863 1.549397 1.442094 0.040256 0.025591 -1.513043 324.170013
61.895401 1.354887 1.471842 0.026343 0.004676 -1.526274 324.380005
61.833939 1.160092 1.501583 0.061113 -0.048440 -1.547048 324.600006
61.737556 0.982481 1.527031 0.100871 -0.071702 -1.576404 324.839996
61.586468 0.847943 1.542572 0.102481 -0.060866 -1.610962 325.089996
61.403507 0.764160 1.547325 0.084513 -0.034778 -1.645736 325.320007
61.210266 0.710149 1.545409 0.036404 -0.022689 -1.680911 325.529999
61.011269 0.669498 1.539853 0.008343 -0.003629 -1.717281 325.739990
60.808632 0.631107 1.532460 0.011212 0.020434 -1.755756 325.959991
60.610443 0.587294 1.525124 0.001838 0.020445 -1.793966 326.179993
60.409615 0.533905 1.518211 0.009504 0.025002 -1.833041 326.410004
60.211800 0.472684 1.512421 0.016416 0.022927 -1.871039 326.640015
60.021629 0.409277 1.507865 0.025806 0.015450 -1.906249 326.859985
59.827469 0.346064 1.503985 0.031739 0.011156 -1.940548 327.079987
59.629139 0.286752 1.500512 0.018098 -0.000811 -1.974028 327.299988
59.432297 0.233630 1.497015 0.022977 0.006986 -2.006125 327.519989
59.235146 0.184954 1.493386 0.017164 0.006281 -2.037605 327.739990
59.039249 0.139616 1.488729 0.016322 0.009665 -2.068166 327.959991
58.835484 0.094314 1.480048 0.022472 0.018114 -2.099579 328.190002
58.637661 0.051327 1.466709 0.017480 0.014709 -2.129572 328.410004
58.439320 0.008969 1.448739 0.012878 0.012290 -2.159152 328.630005
58.242626 -0.032732 1.426589 0.017801 0.020183 -2.188443 328.850006
58.044056 -0.075051 1.401466 0.017944 0.020311 -2.217942 329.070007
57.843708 -0.116999 1.378715 0.021758 0.005344 -2.247534 329.290009
57.643803 -0.152555 1.364799 0.032539 0.001422 -2.277111 329.510010
57.441944 -0.177148 1.362539 0.038896 0.006487 -2.306883 329.730011
57.234940 -0.190563 1.371916 0.038207 0.013004 -2.337157 329.950012
57.031734 -0.195161 1.389620 0.023123 0.006479 -2.366909 330.160004
56.829060 -0.194440 1.412832 0.011950 0.004438 -2.396605 330.369995
56.621845 -0.191425 1.440257 0.003248 0.016689 -2.427547 330.589996
56.418106 -0.192551 1.467924 -0.004444 0.033299 -2.458537 330.809998
56.214413 -0.204424 1.493892 -0.006058 0.039558 -2.489473 331.029999
56.008438 -0.228705 1.517337 -0.002901 0.040040 -2.520482 331.250000
55.808666 -0.261641 1.536902 -0.005495 0.018151 -2.550025 331.459991
55.607471 -0.300363 1.552516 -0.029596 -0.063201 -2.578181 331.679993
55.409019 -0.341845 1.566736 -0.057748 -0.160544 -2.607329 331.970001
55.208809 -0.369650 1.567491 0.054505 0.128711 -2.665526 332.890015
55.005638 -0.383843 1.569134 0.040985 0.102182 -2.684178 333.179993
54.801594 -0.398381 1.570858 0.020246 0.052162 -2.701402 333.399994
54.600674 -0.412730 1.573307 0.011855 0.035454 -2.718180 333.600006
54.394756 -0.427806 1.576406 0.005109 0.020673 -2.737120 333.799988
54.191219 -0.444597 1.579790 -0.037276 0.000254 -2.756577 334.000000
53.992683 -0.476501 1.583836 -0.088587 0.003690 -2.774802 334.209991
53.799957 -0.548772 1.588528 -0.094675 -0.002935 -2.787505 334.440002
53.628071 -0.666744 1.593128 -0.076289 0.001663 -2.793816 334.679993
53.484653 -0.811184 1.598012 -0.055829 0.019379 -2.792401 334.910004
53.355671 -0.970000 1.603355 -0.034474 0.026750 -2.782539 335.130005
53.233349 -1.132321 1.609122 -0.018626 0.030058 -2.766248 335.339996
53.109058 -1.297928 1.614053 0.004935 0.011694 -2.744279 335.549988
52.984581 -1.455882 1.611751 0.029494 0.016447 -2.718289 335.760010
52.848431 -1.605124 1.596150 0.038053 0.029352 -2.687917 335.980011
52.694530 -1.742557 1.565548 0.033035 0.016163 -2.656771 336.209991
52.533031 -1.862288 1.523809 0.035909 0.025056 -2.628670 336.440002
52.360245 -1.965871 1.479230 0.046825 0.033496 -2.607975 336.670013
52.179344 -2.049021 1.439353 0.044284 0.033966 -2.597397 336.890015
51.992950 -2.115646 1.406157 0.034877 0.032112 -2.596065 337.100006
51.796127 -2.173488 1.378410 0.022451 0.023643 -2.603182 337.309998
51.596695 -2.224311 1.357454 0.024429 -0.015685 -2.618016 337.519989
51.396786 -2.261149 1.345444 0.056353 -0.016000 -2.639783 337.739990
51.192596 -2.269607 1.344182 0.068393 -0.007814 -2.669229 337.970001
50.987381 -2.245153 1.352604 0.056693 -0.003713 -2.704402 338.200012
50.791294 -2.197610 1.366246 0.040641 0.001251 -2.741456 338.420013
50.596718 -2.135097 1.382516 0.033661 0.017978 -2.780255 338.640015
50.408283 -2.067376 1.398476 0.025117 0.024869 -2.818761 338.850006
50.215919 -1.996170 1.413527 0.016745 0.025991 -2.857786 339.059998
50.020679 -1.924678 1.426946 0.006003 0.016206 -2.896616 339.269989
49.828224 -1.855945 1.437712 -0.007220 -0.005058 -2.934066 339.480011
49.637760 -1.789676 1.445344 -0.000365 0.007683 -2.971822 339.700012
49.444984 -1.724588 1.449474 0.007281 0.018603 -3.009604 339.929993
49.253464 -1.660832 1.450356 0.007685 0.016027 -3.045133 340.160004
49.055534 -1.595516 1.448609 -0.008143 0.023209 -3.078718 340.399994
48.855309 -1.539225 1.445188 -0.029284 0.040956 -3.107324 340.640015
48.653893 -1.503176 1.441184 -0.033482 0.045310 -3.128720 340.869995
48.450439 -1.486268 1.437011 -0.027856 0.040827 3.139611 341.089996
48.249073 -1.482884 1.432822 -0.018375 0.003783 3.130671 341.299988
48.049110 -1.487751 1.428306 -0.006784 -0.077871 3.125762 341.519989
47.847675 -1.499643 1.427312 0.011270 -0.178068 3.122239 341.839996
47.642067 -1.505818 1.432888 -0.002322 0.119028 3.128838 342.760010
47.441013 -1.505710 1.445281 -0.002074 0.095083 3.132086 343.040009
47.232185 -1.506335 1.457587 -0.003275 0.059350 3.135211 343.269989
47.023960 -1.508180 1.470319 -0.006031 0.037440 3.139388 343.480011
46.819744 -1.512120 1.483800 -0.006755 0.028588 -3.138079 343.679993
46.613850 -1.518476 1.498342 -0.005996 0.024755 -3.130999 343.880005
46.408016 -1.526923 1.513611 -0.004525 0.021178 -3.123235 344.079987
46.204575 -1.536854 1.528671 -0.006216 -0.003653 -3.115066 344.279999
46.001648 -1.550219 1.542445 -0.027815 -0.005274 -3.105439 344.489990
45.801918 -1.575748 1.553365 -0.043872 0.010630 -3.093217 344.709991
45.599960 -1.622225 1.560784 -0.044305 0.022902 -3.076823 344.940002
45.407627 -1.685561 1.564480 -0.035369 0.029249 -3.057324 345.160004
45.213165 -1.762952 1.565672 -0.022891 0.028455 -3.034178 345.380005
45.026058 -1.844166 1.565486 -0.008190 0.020570 -3.009220 345.589996
44.839527 -1.926179 1.565684 0.002961 0.024787 -2.982067 345.799988
44.651836 -2.004792 1.567319 0.008384 0.017978 -2.953138 346.010010
44.464989 -2.077677 1.570475 0.009383 0.011904 -2.923771 346.220001
44.272205 -2.147510 1.575437 0.006940 0.022097 -2.893954 346.440002
44.079952 -2.212763 1.581551 0.010388 -0.001259 -2.867075 346.660004
43.880257 -2.270306 1.586172 0.081612 -0.039524 -2.844693 346.899994
43.676682 -2.274030 1.584558 0.122322 -0.050521 -2.831287 347.170013
43.493565 -2.191087 1.573807 0.100313 -0.040201 -2.829694 347.440002
43.344162 -2.058984 1.557513 0.081091 -0.013502 -2.837761 347.679993
43.209671 -1.905097 1.538765 0.056280 0.004138 -2.854405 347.899994
43.079357 -1.742362 1.518813 0.038189 0.009286 -2.877356 348.109985
42.954353 -1.580702 1.499297 0.032022 -0.006762 -2.904402 348.309998
42.834621 -1.414058 1.480111 0.028895 -0.019126 -2.935023 348.510010
42.725433 -1.243572 1.461859 0.011797 -0.026272 -2.968178 348.709991
42.625385 -1.065713 1.443787 0.015174 -0.018809 -3.004658 348.920013
42.533073 -0.880443 1.426049 0.024759 -0.006724 -3.043978 349.140015
42.447552 -0.692986 1.409358 0.029387 0.002850 -3.082428 349.359985
42.364307 -0.502535 1.393928 0.001186 0.019965 -3.117692 349.579987
42.274391 -0.323191 1.381866 -0.067773 0.066657 3.133025 349.799988
42.139935 -0.167546 1.373742 -0.099777 0.091158 3.102809 350.049988
41.957642 -0.076995 1.370539 -0.087697 0.085208 3.082897 350.299988
41.752239 -0.042074 1.370864 -0.059122 0.054234 3.072762 350.529999
41.549057 -0.036730 1.372900 -0.027534 0.010516 3.067822 350.739990
41.348598 -0.043021 1.375665 -0.000949 0.014961 3.062417 350.950012
41.143196 -0.049615 1.378319 0.013202 -0.011170 3.056612 351.170013
40.940632 -0.050682 1.380020 0.016447 -0.086041 3.049675 351.410004
40.740337 -0.044051 1.378600 0.010980 -0.101069 3.041902 351.790009
40.537548 -0.046608 1.371892 -0.025227 0.113654 3.052452 352.709991
40.331047 -0.067933 1.369500 -0.017805 0.092359 3.070869 353.010010
40.128273 -0.089720 1.366967 -0.004333 0.055516 3.087599 353.239990
39.926575 -0.109371 1.366024 0.005877 0.044501 3.102784 353.450012
39.726631 -0.124426 1.366795 0.010081 0.020387 3.116298 353.649994
39.517784 -0.135192 1.369079 0.009988 0.009038 3.128213 353.859985
39.314754 -0.141234 1.372796 0.007107 0.015342 3.136259 354.070007
39.106781 -0.143910 1.377579 0.006649 0.008190 3.139656 354.290009
38.904694 -0.143287 1.381188 0.008525 0.020392 3.138975 354.510010
38.703884 -0.138824 1.382557 0.008285 0.019856 3.135023 354.730011
38.495178 -0.130353 1.381165 0.006004 0.017260 3.128607 354.959991
38.288349 -0.119186 1.377038 0.003647 0.027773 3.120999 355.190002
38.081112 -0.106578 1.371144 0.000685 0.001357 3.113014 355.420013
37.881516 -0.094195 1.365095 -0.002087 0.019376 3.105953 355.649994
37.674194 -0.082640 1.359828 -0.002980 0.036706 3.100575 355.890015
37.468033 -0.072916 1.356326 -0.002702 0.039285 3.099129 356.119995
37.262856 -0.064647 1.354330 -0.004712 0.033792 3.102510 356.339996
37.061874 -0.058850 1.353849 -0.012883 0.029803 3.110487 356.549988
36.857914 -0.058218 1.354637 -0.016739 0.026882 3.123025 356.760010
36.652214 -0.064340 1.356567 -0.015999 0.027837 3.138077 356.970001
36.444889 -0.076777 1.359364 -0.010660 0.025283 -3.130642 357.179993
36.236946 -0.092953 1.362888 0.001517 0.025556 -3.119012 357.390015
36.028431 -0.108101 1.367216 0.010037 0.025954 -3.111691 357.600006
35.819111 -0.118787 1.372056 0.012781 0.024277 -3.108816 357.809998
35.609470 -0.124015 1.377316 0.011664 0.024760 -3.109482 358.019989
35.389969 -0.124387 1.382851 0.007421 0.015036 -3.112948 358.239990
35.183628 -0.121779 1.387171 0.001215 0.014867 -3.117136 358.450012
34.980896 -0.118853 1.389946 -0.002734 0.020393 -3.120934 358.660004
34.779819 -0.117251 1.391332 -0.002049 0.020203 -3.124535 358.869995
34.579762 -0.116568 1.392044 0.003277 0.024177 -3.129268 359.079987
34.379242 -0.114745 1.392750 0.006413 0.022525 -3.136135 359.290009
34.170265 -0.110201 1.393615 0.006529 0.010022 3.138756 359.510010
33.966255 -0.102859 1.394884 0.005975 0.021867 3.132344 359.730011
33.763691 -0.093185 1.396662 0.000292 0.012386 3.129384 359.950012
33.555702 -0.083769 1.398824 -0.012444 0.020251 3.131342 360.179993
33.348507 -0.080719 1.401409 -0.017814 0.031323 3.139095 360.410004
33.146130 -0.085763 1.404078 -0.009508 0.034704 -3.133510 360.630005
32.938038 -0.095013 1.406899 0.001903 0.036863 -3.123585 360.850006
32.735203 -0.103135 1.409149 0.006103 -0.010583 -3.116914 361.059998
32.531624 -0.108656 1.410391 0.003942 -0.090737 -3.112582 361.290009
32.330761 -0.110666 1.410426 -0.001934 -0.130002 -3.109613 361.640015
32.128773 -0.122311 1.395943 -0.011297 0.114184 -3.088102 362.489990
31.926575 -0.147541 1.385564 -0.007521 0.098507 -3.076832 362.790009
31.725315 -0.173248 1.375463 0.008081 0.054121 -3.072583 363.019989
31.525024 -0.193877 1.366072 0.025666 0.041271 -3.073889 363.230011
31.316702 -0.204299 1.357132 0.029975 0.019884 -3.081031 363.440002
31.109083 -0.202382 1.348629 0.025587 0.005769 -3.093106 363.649994
30.907684 -0.189963 1.340814 0.019526 0.017101 -3.109517 363.859985
30.701036 -0.169141 1.333813 0.008760 -0.003494 -3.131301 364.079987
30.495977 -0.144522 1.330038 -0.007064 0.009956 3.129120 364.309998
30.296999 -0.124303 1.331904 -0.014157 0.027094 3.110037 364.540009
30.094627 -0.111704 1.339606 -0.014809 0.037994 3.096756 364.769989
29.893137 -0.106453 1.351605 -0.012160 0.037981 3.090154 364.989990
29.686012 -0.106221 1.365644 -0.006655 0.007522 3.089139 365.209991
29.483957 -0.108808 1.378232 -0.001144 0.012857 3.091520 365.429993
29.276829 -0.111710 1.387698 0.001469 0.020493 3.096366 365.660004
29.071041 -0.113351 1.392811 0.002249 0.016480 3.102538 365.890015
28.866982 -0.113472 1.393796 0.001826 0.031592 3.109308 366.119995
28.660645 -0.112238 1.391820 0.001303 0.006039 3.115904 366.350006
28.460001 -0.110270 1.388289 0.000851 0.015430 3.121947 366.579987
28.253408 -0.107717 1.384255 0.000379 0.033756 3.127343 366.820007
28.049446 -0.104959 1.381151 0.000164 0.041248 3.132227 367.049988
27.845358 -0.102196 1.379202 -0.000031 0.037671 3.137479 367.269989
27.644659 -0.099718 1.378301 -0.002155 0.021399 -3.140094 367.480011
27.444149 -0.098268 1.378639 -0.004132 0.021340 -3.134343 367.690002
27.244089 -0.098654 1.380383 -0.004502 0.027742 -3.128619 367.899994
27.042221 -0.101040 1.383445 -0.003634 0.029636 -3.121851 368.109985
26.837875 -0.105081 1.387546 -0.002489 0.024921 -3.113032 368.320007
26.633776 -0.110403 1.391694 -0.004981 0.008487 -3.102333 368.529999
26.440254 -0.164976 1.433905 -0.171716 0.210167 2.197958 369.019989
26.236820 -0.157563 1.434790 -0.238717 0.034815 1.901332 369.250000
26.030933 -0.162358 1.423051 -0.158177 -0.081297 1.790129 369.410004
25.828938 -0.188479 1.407168 -0.030724 -0.133207 1.730069 369.549988
25.631493 -0.239008 1.388976 0.099409 -0.107790 1.705518 369.690002
25.440123 -0.314751 1.367138 0.190827 0.001260 1.731856 369.850006
25.254591 -0.395812 1.334486 0.152131 0.185577 1.840489 370.079987
25.062378 -0.327235 1.290365 -0.119417 0.203628 2.030223 370.399994
24.882975 -0.217702 1.271570 -0.201128 0.048054 2.189883 370.589996
24.686853 -0.146558 1.261548 -0.153520 -0.116020 2.342656 370.750000
24.479170 -0.124118 1.257785 -0.037651 -0.218126 2.489250 370.920013
24.280682 -0.161391 1.262512 0.082189 -0.201104 2.669153 371.149994
24.102236 -0.239897 1.314135 0.003315 0.129091 3.064171 372.059998
23.900999 -0.225902 1.345234 -0.002106 0.113703 3.071106 372.390015
23.700062 -0.212760 1.362401 -0.009951 0.072553 3.056522 372.619995
23.492624 -0.202949 1.375328 -0.020416 0.047810 3.036492 372.829987
23.284763 -0.199702 1.386087 -0.022753 0.031534 3.015797 373.029999
23.083950 -0.203179 1.394933 -0.016733 0.020989 2.997334 373.220001
22.883734 -0.210774 1.400315 0.000614 0.018977 2.981799 373.410004
22.665298 -0.217285 1.400334 0.015843 0.017851 2.969539 373.619995
22.462132 -0.216480 1.394569 0.021164 0.002009 2.962790 373.820007
22.258591 -0.207112 1.382678 0.019450 0.008782 2.960940 374.029999
22.053457 -0.188691 1.365148 0.012544 0.018157 2.963248 374.250000
21.851774 -0.164524 1.346668 -0.003691 0.019534 2.969694 374.470001
21.650913 -0.141572 1.332841 -0.017745 0.026352 2.981080 374.690002
21.448059 -0.125739 1.326026 -0.020212 0.013448 2.997746 374.910004
21.247046 -0.118902 1.326313 -0.017471 0.017128 3.018520 375.130005
21.047024 -0.119504 1.333206 -0.013420 0.030045 3.042979 375.350006
20.843092 -0.125003 1.345243 -0.009273 0.034504 3.068409 375.570007
20.643143 -0.132847 1.359605 -0.001448 0.033297 3.090007 375.779999
20.438745 -0.140048 1.374071 0.010122 0.032957 3.106634 375.989990
20.230844 -0.142386 1.386807 0.015537 0.022200 3.116808 376.200012
20.024225 -0.138070 1.396662 0.014614 0.005877 3.121768 376.410004
19.824387 -0.127837 1.403473 0.009967 0.014661 3.124642 376.619995
19.619106 -0.113411 1.407416 -0.001586 0.023167 3.127039 376.839996
19.413584 -0.100128 1.408352 -0.009622 0.029884 3.130486 377.059998
19.204786 -0.091582 1.406904 -0.011741 0.032772 3.136403 377.279999
19.001528 -0.088694 1.403873 -0.010184 0.030761 -3.137802 377.489990
18.795822 -0.090357 1.400054 -0.010557 0.019329 -3.125519 377.700012
18.591507 -0.096597 1.396582 -0.012861 0.020665 -3.111178 377.910004
18.388742 -0.108125 1.394335 -0.012016 0.015052 -3.095589 378.119995
18.180313 -0.125256 1.393412 -0.008883 0.009956 -3.079892 378.339996
17.977329 -0.145985 1.393962 -0.005814 0.023844 -3.067152 378.559998
17.775509 -0.168961 1.395611 -0.000726 0.011852 -3.058108 378.779999
17.568287 -0.192647 1.396654 0.004773 0.022906 -3.052518 379.010010
17.361008 -0.213797 1.395907 0.006886 0.020827 -3.050423 379.239990
17.153793 -0.231459 1.393097 0.005971 0.018233 -3.052346 379.470001
16.947378 -0.246129 1.388443 0.003860 0.030337 -3.059376 379.700012
16.747475 -0.258405 1.382940 0.007075 0.016485 -3.070798 379.920013
16.539627 -0.267694 1.376933 0.011596 0.026559 -3.086061 380.149994
16.339399 -0.271470 1.371471 0.011078 0.004052 -3.103063 380.369995
16.134020 -0.269869 1.365948 0.005067 -0.076622 -3.122537 380.609985
15.932721 -0.262484 1.361227 -0.003515 -0.135675 3.136085 380.959991
15.733215 -0.242243 1.346602 0.003253 0.135437 3.098579 381.809998
15.533879 -0.225720 1.337636 0.000589 0.107216 3.092198 382.089996
15.330184 -0.210513 1.329334 -0.004809 0.056801 3.092210 382.309998
15.129597 -0.197994 1.324176 -0.008871 0.033947 3.095388 382.510010
14.924694 -0.188768 1.322826 -0.009839 0.025445 3.100695 382.709991
14.719275 -0.183314 1.325585 -0.008766 0.021579 3.107391 382.910004
14.514963 -0.181187 1.331998 -0.006588 0.018586 3.114806 383.109985
14.313660 -0.181467 1.341134 -0.001829 0.004367 3.122103 383.309998
14.109586 -0.182309 1.352178 0.005741 0.012563 3.127602 383.519989
13.900810 -0.180596 1.364410 0.009458 0.016851 3.129303 383.739990
13.695453 -0.174650 1.376163 0.009093 0.009697 3.126947 383.959991
13.495191 -0.164775 1.387038 0.007116 0.022858 3.121937 384.179993
13.287045 -0.151355 1.397196 0.002778 0.012018 3.114928 384.410004
13.082774 -0.137290 1.404174 -0.005995 0.019248 3.109048 384.640015
12.879276 -0.126454 1.406909 -0.010649 0.028306 3.106768 384.869995
12.673479 -0.120874 1.405642 -0.010261 0.018800 3.108868 385.100006
12.468275 -0.120324 1.401195 -0.007847 0.024592 3.114390 385.329987
12.261552 -0.123443 1.395593 -0.005675 0.031182 3.122343 385.559998
12.059537 -0.128698 1.391083 -0.003717 0.036483 3.131146 385.779999
11.851205 -0.135243 1.388120 -0.001963 0.035744 3.140269 386.000000
11.646846 -0.142031 1.386971 -0.000671 0.033809 -3.134539 386.209991
11.439264 -0.148939 1.387030 -0.002488 0.014930 -3.126461 386.420013
11.234671 -0.156769 1.387119 -0.007393 0.015686 -3.117451 386.630005
11.033241 -0.167397 1.386550 -0.009529 0.023864 -3.106625 386.839996
10.832006 -0.181783 1.385021 -0.009021 0.023211 -3.095458 387.049988
10.631696 -0.199391 1.382392 -0.001171 0.011238 -3.086189 387.260010
10.426293 -0.217661 1.378197 0.008982 0.021319 -3.080693 387.480011
10.221283 -0.231696 1.372767 0.013359 0.031943 -3.080751 387.700012
10.012090 -0.239902 1.366402 0.012886 0.032927 -3.086648 387.920013
9.807982 -0.242644 1.359690 0.009889 0.025575 -3.097297 388.130005
9.603329 -0.241464 1.352824 0.008586 0.009083 -3.111525 388.339996
9.394301 -0.236547 1.346286 0.007972 0.017773 -3.128210 388.559998
9.187841 -0.228301 1.341027 0.006779 0.025592 3.137770 388.779999
8.979941 -0.217301 1.337128 0.004858 0.032056 3.121281 389.000000
8.778481 -0.204972 1.334397 0.002319 0.002328 3.106928 389.209991
8.571157 -0.191217 1.331829 -0.000086 -0.079856 3.093523 389.440002
8.370158 -0.176903 1.330666 -0.001837 -0.149935 3.079707 389.760010
8.167059 -0.164967 1.335464 -0.009995 0.131832 3.081785 390.600006
7.962672 -0.162707 1.345307 -0.007601 0.109892 3.091799 390.890015
7.756974 -0.162202 1.353105 -0.003159 0.072380 3.099969 391.109985
7.549201 -0.161833 1.358669 0.000842 0.046745 3.106656 391.309998
7.344100 -0.160679 1.361779 0.002983 0.020645 3.111929 391.500000
7.140854 -0.158360 1.362492 0.003862 -0.005390 3.115449 391.690002
6.938130 -0.154533 1.361164 0.006996 -0.009759 3.116600 391.890015
6.729612 -0.147500 1.358686 0.010302 0.006909 3.114347 392.109985
6.529381 -0.136129 1.356613 0.010115 0.008816 3.108293 392.329987
6.325927 -0.119740 1.355423 0.008126 0.018717 3.100947 392.559998
6.123806 -0.099716 1.355554 0.005124 0.026288 3.095519 392.790009
5.919998 -0.078029 1.356339 -0.005957 0.023104 3.093555 393.019989
5.714900 -0.059759 1.356650 -0.014563 0.032502 3.095913 393.250000
5.514829 -0.049096 1.356073 -0.015395 0.018250 3.102315 393.470001
5.306100 -0.045560 1.353992 -0.012341 0.023920 3.110589 393.700012
5.105714 -0.047821 1.350916 -0.007725 0.025996 3.118543 393.920013
4.903366 -0.053193 1.347717 -0.001698 0.027176 3.125772 394.140015
4.698472 -0.058964 1.345334 0.002319 0.034614 3.131940 394.359985
4.498102 -0.063152 1.344141 0.003842 0.033352 3.136707 394.570007
4.293436 -0.065490 1.344002 0.003806 0.031009 3.140373 394.779999
4.086361 -0.066151 1.344739 0.000431 0.014377 -3.139997 394.989990
3.882412 -0.066874 1.345496 -0.009281 0.012669 -3.136450 395.200012
3.673179 -0.071695 1.345827 -0.014567 0.017454 -3.130379 395.420013
3.467577 -0.082813 1.345604 -0.013585 0.009305 -3.122408 395.640015
3.267392 -0.099715 1.344575 -0.010734 0.020345 -3.115856 395.859985
3.059470 -0.121443 1.342474 0.002600 0.028156 -3.111937 396.089996
2.857871 -0.140543 1.339418 0.013416 0.033792 -3.111880 396.309998
2.652154 -0.153229 1.335358 0.015869 0.016654 -3.115603 396.529999
2.447862 -0.158340 1.330394 0.013551 0.021199 -3.121255 396.750000
2.244310 -0.157179 1.324839 0.009348 0.019643 -3.128102 396.970001
2.042112 -0.151912 1.318315 0.004523 0.015330 -3.135308 397.190002
1.833392 -0.144486 1.309807 0.000865 0.029250 3.140676 397.420013
1.630995 -0.137246 1.299929 -0.001010 0.035069 3.134598 397.640015
1.423271 -0.130704 1.289128 -0.002134 0.027700 3.129999 397.859985
1.222480 -0.125545 1.281639 -0.002935 0.026724 3.127006 398.070007
1.020218 -0.121697 1.279519 -0.002865 0.023248 3.125251 398.279999
0.818672 -0.119090 1.282852 -0.002106 0.008693 3.124571 398.489990
0.612992 -0.117366 1.292019 -0.001225 0.019794 3.124686 398.709991
0.409607 -0.116172 1.305497 -0.000443 -0.003706 3.125499 398.929993
0.205019 -0.115228 1.320504 0.000669 -0.082755 3.126886 399.170013
0.003311 -0.114349 1.338170 0.000935 -0.138247 3.129357 399.540009
-0.184919 -0.183398 1.351611 -0.048100 0.106866 -3.127851 400.410004
-0.365621 -0.269034 1.356114 -0.034732 0.087450 -3.103889 400.690002
-0.552892 -0.356446 1.359747 -0.016682 0.048570 -3.080263 400.920013
-0.737554 -0.441484 1.363225 -0.008720 0.035829 -3.060501 401.130005
-0.928345 -0.526601 1.367373 0.014586 0.031591 -3.044652 401.339996
-1.114548 -0.599447 1.372618 0.039489 0.030353 -3.035022 401.540009
-1.314679 -0.657850 1.379698 0.046889 0.016263 -3.032299 401.750000
-1.514447 -0.694890 1.387658 0.040707 0.005479 -3.036193 401.959991
-1.718474 -0.713929 1.395926 0.030238 0.014650 -3.045164 402.179993
-1.920198 -0.718721 1.403491 0.019423 0.025025 -3.058078 402.399994
-2.122423 -0.715170 1.409913 0.009023 0.014362 -3.073567 402.619995
-2.322582 -0.708046 1.414795 0.001915 0.027406 -3.089442 402.839996
-2.524282 -0.700886 1.418425 -0.001865 0.015580 -3.104891 403.059998
-2.731717 -0.693714 1.420123 0.022619 0.000798 -3.121026 403.290009
-2.938259 -0.674073 1.418760 0.056744 0.013194 -3.138986 403.529999
-3.139030 -0.626445 1.414386 0.055231 0.005605 3.122662 403.769989
-3.332692 -0.551203 1.407170 0.045848 0.016626 3.099737 404.010010
-3.515392 -0.459257 1.398490 0.029788 0.018052 3.075208 404.239990
-3.696654 -0.356434 1.388760 0.016616 0.020372 3.051474 404.470001
-3.869623 -0.254712 1.379212 -0.009883 0.022099 3.033069 404.690002
-4.052799 -0.160238 1.370793 -0.082984 0.022671 3.020720 404.920013
-4.250540 -0.108318 1.364983 -0.110834 0.013462 3.019003 405.160004
-4.451796 -0.117297 1.361461 -0.093708 0.003574 3.027272 405.399994
-4.650813 -0.176665 1.360304 -0.069282 0.017981 3.042125 405.640015
-4.835194 -0.261183 1.361373 -0.044103 0.026952 3.061540 405.859985
-5.014830 -0.354538 1.364035 0.022367 0.022693 3.081356 406.070007
-5.203674 -0.435943 1.369517 0.098347 0.024167 3.098896 406.290009
-5.408978 -0.469207 1.378254 0.116763 0.013877 3.109796 406.529999
-5.609336 -0.437077 1.388513 0.098588 0.013889 3.113636 406.769989
-5.796657 -0.356937 1.399607 0.067167 0.016316 3.109549 407.000000
-5.972845 -0.252029 1.410887 0.035309 0.013694 3.100011 407.220001
-6.146151 -0.135310 1.422587 0.008746 0.018448 3.089709 407.440002
-6.319217 -0.022017 1.430213 -0.057705 0.024553 3.080782 407.660004
-6.504602 0.063985 1.428898 -0.099600 0.034425 3.075939 407.890015
-6.707010 0.099666 1.416009 -0.092948 0.020160 3.079811 408.130005
-6.913375 0.084719 1.392589 -0.066906 0.026834 3.088659 408.369995
-7.115716 0.037975 1.366849 -0.031034 0.031111 3.103856 408.600006
-7.314550 -0.019187 1.345195 -0.004958 0.030571 3.123960 408.820007
-7.514297 -0.075670 1.328524 0.015097 -0.035780 -3.135884 409.040009
-7.707651 -0.127505 1.315834 0.027593 -0.100374 -3.108647 409.290009
-7.907500 -0.148642 1.330238 0.052061 0.103136 -3.065407 410.130005
-8.086328 -0.068724 1.392008 0.040521 0.100246 -3.096872 410.540009
-8.269467 0.006370 1.444877 0.023220 0.070395 -3.129244 410.790009
-8.457926 0.080309 1.495048 0.005486 0.034679 3.121843 411.010010
-8.645141 0.149980 1.539918 -0.013600 0.029071 3.091426 411.220001
-8.835987 0.211640 1.575765 -0.023629 0.034242 3.062645 411.429993
-9.032368 0.262067 1.600065 -0.023313 0.035858 3.036944 411.640015
-9.234736 0.302170 1.613123 -0.017929 0.031017 3.015179 411.850006
-9.440740 0.334587 1.616875 -0.011122 0.014426 2.997773 412.059998
-9.643639 0.361681 1.613446 -0.008939 0.000444 2.985570 412.269989
-9.847395 0.383657 1.602949 -0.032701 0.007272 2.979559 412.489990
-10.055311 0.390588 1.585015 -0.048922 0.012435 2.982140 412.720001
-10.260740 0.374973 1.561962 -0.042071 0.002780 2.994005 412.950012
-10.460999 0.339743 1.536306 -0.029769 0.018757 3.012511 413.179993
-10.661613 0.293032 1.515082 -0.008126 0.030197 3.037904 413.410004
-10.858088 0.247822 1.503469 0.005846 0.028706 3.067245 413.630005
-11.057421 0.208404 1.501007 0.012239 0.020428 3.099266 413.850006
-11.256660 0.176938 1.507139 0.011476 0.031021 3.132032 414.070007
-11.459322 0.152537 1.519809 0.010236 0.023964 -3.120399 414.290009
-11.663473 0.134328 1.534767 0.017111 0.022108 -3.094590 414.510010
-11.868034 0.124266 1.548649 0.019842 0.024484 -3.076314 414.730011
-12.072984 0.122915 1.559550 0.016178 0.012178 -3.066856 414.950012
-12.274708 0.128546 1.566844 0.011720 0.023019 -3.065629 415.170013
-12.477043 0.138515 1.570898 0.008193 0.032664 -3.072406 415.390015
-12.684182 0.150747 1.572336 0.005256 0.034623 -3.085123 415.609985
-12.886847 0.163295 1.571913 0.002366 0.025134 -3.100659 415.820007
-13.089983 0.175718 1.568307 -0.002420 0.010800 -3.117108 416.029999
-13.297935 0.186874 1.556234 -0.006742 0.018603 -3.132857 416.250000
-13.503707 0.194500 1.533314 -0.007477 0.026815 3.138104 416.470001
-13.709896 0.198305 1.502417 -0.011437 0.012326 3.131180 416.690002
-13.912293 0.196463 1.471948 -0.020846 0.016267 3.130334 416.910004
-14.111957 0.185354 1.447733 -0.022676 0.017285 3.136428 417.130005
-14.318198 0.163273 1.431650 -0.018111 0.014769 -3.133465 417.359985
-14.521426 0.133026 1.425132 -0.012734 0.026296 -3.114183 417.589996
-14.725626 0.097589 1.426562 -0.006721 0.016828 -3.090453 417.820007
-14.927793 0.061195 1.432264 0.024075 0.014907 -3.067032 418.049988
-15.128023 0.038573 1.437153 0.065473 0.021477 -3.047974 418.279999
-15.330204 0.047184 1.438235 0.065889 0.005698 -3.037721 418.510010
-15.529026 0.086892 1.434959 0.040850 0.008114 -3.034243 418.739990
-15.724011 0.144488 1.428870 0.017191 0.027691 -3.038329 418.970001
-15.920979 0.206404 1.421428 -0.007664 -0.009226 -3.050311 419.200012
-16.114969 0.265796 1.413384 -0.034515 -0.084391 -3.067092 419.450012
-16.314917 0.292373 1.415879 -0.068798 0.101720 -3.089004 420.290009
-16.477596 0.174576 1.450987 -0.057723 0.088932 -3.055048 420.690002
-16.639561 0.053601 1.484626 -0.040745 0.071900 -3.022850 420.940002
-16.799833 -0.065934 1.517564 -0.024685 0.051165 -2.990969 421.149994
-16.964037 -0.186957 1.549797 -0.004912 0.035892 -2.957919 421.350006
-17.134048 -0.306961 1.579987 0.009367 0.030746 -2.923041 421.549988
-17.307938 -0.420573 1.606273 0.016605 0.012851 -2.887265 421.750000
-17.480509 -0.524383 1.627652 0.016480 0.005508 -2.851027 421.950012
-17.657784 -0.622809 1.645532 0.010592 0.017370 -2.812732 422.160004
-17.843048 -0.718888 1.660492 0.003360 0.025136 -2.774674 422.380005
-18.030066 -0.812598 1.672167 0.000554 0.022894 -2.742300 422.600006
-18.217560 -0.905000 1.675491 0.007567 0.019648 -2.717818 422.820007
-18.405315 -0.993517 1.665813 0.012559 0.024451 -2.702361 423.040009
-18.595364 -1.077214 1.643117 0.001046 0.016058 -2.694895 423.260010
-18.781397 -1.161271 1.614200 -0.055515 -0.000561 -2.691516 423.480011
-18.954395 -1.268650 1.584710 -0.087878 -0.006291 -2.688592 423.709991
-19.101683 -1.413956 1.558939 -0.078806 -0.010699 -2.683982 423.950012
-19.212761 -1.580542 1.540980 -0.065063 0.004245 -2.678180 424.179993
-19.301125 -1.760129 1.530198 -0.046816 0.015876 -2.668613 424.399994
-19.381016 -1.952868 1.524663 -0.026673 0.014244 -2.654408 424.619995
-19.453512 -2.141464 1.523124 -0.019342 0.019098 -2.637172 424.829987
-19.525324 -2.331691 1.523963 -0.009093 0.013276 -2.616169 425.040009
-19.596689 -2.519199 1.525924 -0.004402 0.011614 -2.592153 425.250000
-19.671261 -2.710639 1.528339 -0.005443 0.014936 -2.564135 425.470001
-19.748198 -2.903219 1.530258 0.027730 -0.042010 -2.534090 425.700012
-19.823009 -3.089556 1.532996 0.080857 -0.130630 -2.503948 425.980011
-19.718279 -3.265745 1.537107 -0.130964 -0.034900 -2.433265 426.989990
-19.544439 -3.380978 1.540678 -0.094910 -0.024073 -2.418555 427.260010
-19.377308 -3.492619 1.543483 -0.048440 -0.011664 -2.404857 427.470001
-19.208570 -3.605622 1.546372 -0.027431 -0.003264 -2.388958 427.670013
-19.039766 -3.720958 1.551080 -0.017803 0.021058 -2.370458 427.869995
-18.879583 -3.841604 1.559685 -0.015671 0.042085 -2.349155 428.070007
-18.726589 -3.979235 1.573801 -0.018603 0.047538 -2.324047 428.279999
-18.589098 -4.129857 1.591527 -0.013583 0.042502 -2.296485 428.489990
-18.465960 -4.290596 1.604543 -0.008269 0.042803 -2.266822 428.700012
-18.357119 -4.459449 1.605957 -0.008757 0.039504 -2.235393 428.910004
-18.256636 -4.642378 1.593303 0.002598 0.022607 -2.201352 429.130005
-18.167652 -4.824795 1.566240 -0.008986 0.019536 -2.166649 429.350006
-18.084852 -5.007398 1.529204 -0.019044 0.017509 -2.131477 429.570007
-18.003246 -5.192230 1.490940 -0.024598 0.016758 -2.096121 429.790009
-17.919939 -5.380068 1.457342 -0.027782 0.017989 -2.060884 430.010010
-17.837564 -5.562759 1.432283 -0.027700 0.018762 -2.027336 430.220001
-17.752176 -5.748885 1.414456 -0.021847 0.015324 -1.993918 430.429993
-17.665897 -5.934486 1.403327 0.005383 0.000910 -1.961128 430.640015
-17.582216 -6.120450 1.398059 0.010610 0.020585 -1.927754 430.859985
-17.507442 -6.312149 1.398219 0.009734 0.028192 -1.894086 431.089996
-17.445686 -6.505383 1.402164 0.005728 0.027016 -1.861715 431.320007
-17.393791 -6.700904 1.408253 -0.004623 0.033383 -1.830085 431.549988
-17.347094 -6.901205 1.415159 -0.005189 0.020448 -1.799118 431.779999
-17.302568 -7.102633 1.421718 -0.012139 0.028043 -1.768762 432.010010
-17.259270 -7.298975 1.427108 -0.017924 0.031520 -1.739833 432.230011
-17.212471 -7.500673 1.430610 -0.022454 0.027164 -1.710635 432.450012
-17.162233 -7.696778 1.431724 -0.023718 0.026703 -1.682499 432.660004
-17.105951 -7.895410 1.430707 -0.021114 0.025731 -1.653914 432.869995
-17.044548 -8.095761 1.427878 -0.016222 0.022845 -1.624852 433.079987
-16.982918 -8.287032 1.423942 -0.009995 0.021900 -1.597983 433.279999
-16.921312 -8.477817 1.420176 0.015354 0.020398 -1.574465 433.480011
-16.866045 -8.677435 1.418171 0.037603 0.026244 -1.555853 433.690002
-16.828688 -8.877812 1.418839 0.042265 0.012964 -1.545454 433.899994
-16.810167 -9.084492 1.422305 0.035204 0.015551 -1.540827 434.119995
-16.808626 -9.288373 1.428475 0.023962 0.025108 -1.541519 434.339996
-16.818016 -9.493932 1.436898 0.013442 0.033738 -1.545249 434.559998
-16.831623 -9.693737 1.446470 -0.020064 0.009255 -1.549217 434.769989
-16.833807 -9.896215 1.458098 -0.094141 -0.023729 -1.549628 434.989990
-16.787663 -10.092581 1.472294 -0.126121 -0.034220 -1.545366 435.230011
-16.673729 -10.265131 1.485170 -0.050045 -0.012133 -1.541062 435.480011
-16.539440 -10.421049 1.492002 0.079645 0.032893 -1.536854 435.730011
-16.449640 -10.607241 1.493815 0.122951 0.036296 -1.539586 436.010010
-16.452648 -10.812059 1.488133 0.105693 0.041984 -1.549785 436.290009
-16.519115 -11.007380 1.477409 0.044602 -0.018277 -1.569956 436.540009
-16.611742 -11.186817 1.464751 -0.017789 -0.084193 -1.590164 436.799988
-16.612009 -10.983191 1.497072 -0.029907 -0.107144 -1.597879 437.799988
-16.553238 -10.784635 1.515380 -0.019595 -0.057661 -1.583796 437.989990
-16.492779 -10.586302 1.532585 -0.031164 0.002720 -1.565988 438.170013
-16.424677 -10.396558 1.544789 -0.065274 0.051486 -1.545242 438.350006
-16.329016 -10.212214 1.549114 -0.076433 0.075043 -1.518801 438.549988
-16.202085 -10.055647 1.542034 -0.062553 0.073278 -1.486910 438.760010
-16.045256 -9.928745 1.522380 -0.055225 0.050340 -1.450093 438.980011
-15.869455 -9.828002 1.493637 -0.020946 0.024971 -1.412391 439.200012
-15.684660 -9.736306 1.462021 0.031037 -0.042030 -1.374842 439.429993
-15.516037 -9.621548 1.434346 0.043791 -0.098528 -1.335292 439.679993
-15.391771 -9.457228 1.416274 0.034945 -0.097187 -1.291641 439.940002
-15.316119 -9.268736 1.406716 -0.008317 -0.021334 -1.249835 440.179993
-15.243444 -9.077340 1.400349 -0.062458 0.055657 -1.212221 440.420013
-15.128728 -8.905249 1.394411 -0.078282 0.081670 -1.173885 440.670013
-14.960727 -8.768724 1.385970 -0.066470 0.071577 -1.134303 440.920013
-14.777035 -8.673284 1.376289 -0.043146 0.046994 -1.099665 441.140015
-14.584060 -8.596355 1.367102 -0.031973 0.023477 -1.067448 441.350006
-14.393294 -8.528866 1.359496 -0.017504 0.005671 -1.037392 441.549988
-14.204206 -8.463106 1.353263 -0.006897 -0.005052 -1.008102 441.750000
-14.012951 -8.393888 1.348200 -0.017550 -0.006048 -0.977719 441.959991
-13.818780 -8.318383 1.345380 -0.009201 -0.027039 -0.946411 442.179993
-13.631174 -8.228601 1.348772 -0.008754 -0.073840 -0.914801 442.410004
-13.465890 -8.105785 1.361809 -0.020115 -0.089869 -0.882055 442.649994
-13.337533 -7.952359 1.383049 -0.024100 -0.076007 -0.850886 442.880005
-13.236526 -7.779066 1.407008 -0.019394 -0.046333 -0.821291 443.100006
-13.148346 -7.592267 1.427835 -0.026694 -0.019716 -0.791600 443.320007
-13.066508 -7.408437 1.441356 -0.031823 -0.003085 -0.763063 443.529999
-12.980693 -7.222928 1.447482 -0.034259 0.005152 -0.734079 443.739990
-12.888159 -7.037256 1.446665 -0.028080 0.008015 -0.704622 443.950012
-12.790510 -6.854486 1.440362 -0.001540 0.011691 -0.675081 444.160004
-12.687451 -6.674630 1.430975 -0.004119 0.026251 -0.643781 444.380005
-12.573575 -6.501866 1.421788 -0.022158 0.034313 -0.611007 444.609985
-12.445933 -6.339335 1.415428 -0.030259 0.030402 -0.578004 444.839996
-12.310238 -6.187810 1.412779 -0.036871 0.023945 -0.546054 445.059998
-12.170202 -6.042463 1.413208 -0.034921 0.016344 -0.515167 445.269989
-12.023821 -5.894993 1.415742 -0.022341 0.004486 -0.484058 445.480011
-11.880381 -5.746455 1.417486 -0.007074 -0.055011 -0.453593 445.690002
-11.757971 -5.584614 1.414779 -0.007542 -0.106629 -0.422415 445.910004
-11.678944 -5.392897 1.404411 0.003721 -0.104123 -0.388609 446.149994
-11.656065 -5.192513 1.388751 0.003268 -0.069500 -0.355195 446.390015
-11.670805 -4.990247 1.376006 -0.023374 -0.037367 -0.322784 446.630005
-11.699615 -4.790379 1.370901 -0.023489 -0.011181 -0.292670 446.859985
-11.729313 -4.587118 1.373397 -0.029915 0.001676 -0.262503 447.089996
-11.753024 -4.380105 1.382804 -0.028445 0.006475 -0.232246 447.320007
-11.769174 -4.174813 1.395073 0.047664 0.021015 -0.202863 447.549988
-11.780060 -3.975161 1.408508 0.103358 0.028910 -0.170049 447.829987
-11.746964 -3.778780 1.438381 -0.121368 0.024783 -0.113602 448.739990
-11.675224 -3.590959 1.461385 -0.105516 0.017395 -0.094362 449.089996
-11.610537 -3.400865 1.480610 -0.062168 0.008698 -0.078021 449.329987
-11.547061 -3.205421 1.497669 -0.023201 0.013050 -0.061151 449.549988
-11.479562 -3.008210 1.512312 -0.018597 0.030201 -0.041553 449.769989
-11.405888 -2.822262 1.522928 -0.005701 0.027871 -0.019893 449.980011
-11.319906 -2.634219 1.530134 -0.000024 0.013679 0.005044 450.200012
-11.230990 -2.446717 1.532591 -0.018121 -0.053103 0.032560 450.429993
-11.170820 -2.253178 1.529689 -0.032663 -0.094414 0.064161 450.670013
-11.164953 -2.049388 1.521288 -0.025191 -0.086933 0.097959 450.920013
-11.208771 -1.854462 1.509309 -0.037274 -0.062753 0.131194 451.160004
-11.282566 -1.664658 1.495821 -0.019367 -0.027945 0.163524 451.390015
-11.365940 -1.476476 1.482117 -0.009071 0.044348 0.197103 451.619995
-11.426620 -1.280512 1.470013 -0.011741 0.092560 0.233063 451.859985
-11.438257 -1.079191 1.460405 -0.001706 0.085715 0.269238 452.100006
-11.404285 -0.874691 1.452857 -0.010664 0.071381 0.305311 452.339996
-11.343661 -0.682871 1.447449 -0.009834 0.038725 0.338288 452.559998
-11.270639 -0.489812 1.443219 -0.023748 0.010658 0.370681 452.779999
-11.200166 -0.294678 1.440092 -0.032321 -0.004090 0.403058 453.000000
-11.140536 -0.097233 1.437509 -0.023518 -0.014924 0.434960 453.220001
-11.093224 0.105951 1.434759 -0.027648 -0.021723 0.467185 453.450012
-11.064335 0.306223 1.431105 -0.042291 -0.020135 0.498599 453.679993
-11.055633 0.508940 1.426414 -0.035696 -0.017546 0.529711 453.910004
-11.064038 0.712901 1.422495 -0.036621 -0.005751 0.560193 454.140015
-11.084334 0.919992 1.420974 -0.031001 0.002995 0.590754 454.369995
-11.109861 1.120527 1.421865 -0.019056 0.005595 0.620092 454.589996
-11.137250 1.320186 1.424960 -0.022463 0.014866 0.649359 454.809998
-11.164742 1.520611 1.429912 -0.016674 -0.017727 0.678801 455.029999
-11.206129 1.719584 1.436492 -0.030027 -0.088214 0.709452 455.260010
-11.296350 1.904615 1.444241 -0.027584 -0.107955 0.742370 455.510010
-11.439308 2.049261 1.451276 -0.029566 -0.088529 0.774299 455.760010
-11.615929 2.157714 1.457752 -0.037258 -0.058489 0.804758 456.000000
-11.802038 2.243459 1.463665 -0.038727 -0.031956 0.833048 456.220001
-11.992591 2.321859 1.469416 -0.034695 -0.012352 0.860743 456.429993
-12.177835 2.397213 1.474323 0.014740 0.007430 0.887334 456.630005
-12.363035 2.473697 1.478198 0.090444 0.026284 0.916372 456.850006
-12.550337 2.553104 1.481007 0.139249 0.026378 0.953355 457.190002
-12.548820 2.352265 1.498638 0.063860 -0.109880 0.944380 457.920013
-12.529514 2.145057 1.509463 0.040633 -0.077751 0.930086 458.160004
-12.520811 1.943758 1.520068 -0.003378 -0.058251 0.913219 458.359985
-12.528082 1.734974 1.530642 -0.071048 -0.054543 0.895285 458.559998
-12.568208 1.536056 1.540009 -0.102549 -0.042415 0.877993 458.760010
-12.650739 1.350293 1.547133 -0.098157 -0.024455 0.863151 458.970001
-12.773843 1.184658 1.551756 -0.076206 -0.028433 0.856368 459.190002
-12.925700 1.040465 1.554200 -0.047217 -0.030920 0.856141 459.410004
-13.086674 0.912723 1.554954 0.011097 -0.019799 0.858825 459.619995
-13.241151 0.781698 1.554475 0.085588 -0.001606 0.863284 459.829987
-13.367266 0.626480 1.552775 0.109677 0.015090 0.868309 460.049988
-13.449808 0.435473 1.549099 0.096673 0.016923 0.869106 460.290009
-13.481442 0.236486 1.544482 0.075473 0.001495 0.863235 460.519989
-13.482553 0.035099 1.539416 0.025518 0.003480 0.854102 460.739990
-13.474955 -0.172873 1.531974 -0.029560 -0.031966 0.838925 460.970001
-13.488235 -0.372370 1.521031 -0.055636 -0.054012 0.818570 461.200012
-13.540879 -0.569341 1.505540 -0.054984 -0.047198 0.790847 461.440002
-13.629795 -0.753772 1.485721 -0.032601 -0.052065 0.759577 461.679993
-13.741204 -0.926117 1.464867 -0.024491 -0.042474 0.726123 461.910004
-13.865793 -1.087061 1.448829 -0.030024 -0.041555 0.692197 462.130005
-14.000766 -1.234529 1.440026 -0.028456 -0.038760 0.658170 462.339996
-14.149740 -1.375549 1.438230 -0.021037 -0.036820 0.623180 462.549988
-14.309252 -1.511409 1.442696 -0.012618 -0.028171 0.587641 462.760010
-14.465577 -1.636168 1.451270 -0.007051 -0.009660 0.553937 462.959991
-14.627475 -1.761109 1.463245 0.000263 -0.005680 0.519310 463.170013
-14.790314 -1.887283 1.475100 0.019560 0.000322 0.484081 463.390015
-14.947690 -2.021107 1.482257 0.039963 -0.009037 0.448292 463.619995
-15.092065 -2.166945 1.482866 0.049696 0.002251 0.414206 463.850006
-15.214604 -2.327620 1.482716 0.078260 0.067481 0.383525 464.079987
-15.288795 -2.519933 1.487462 0.081319 0.097261 0.349215 464.329987
-15.289122 -2.726536 1.498119 0.056181 0.083872 0.312719 464.579987
-15.239376 -2.921228 1.509946 0.035197 0.023993 0.278442 464.809998
-15.176162 -3.119659 1.515359 0.022829 -0.050078 0.245279 465.040009
-15.135604 -3.323524 1.510834 0.001567 -0.074140 0.213696 465.269989
-15.131784 -3.526356 1.495350 0.005234 -0.073183 0.182612 465.500000
-15.162681 -3.727434 1.469887 0.006062 -0.053705 0.151709 465.730011
-15.216880 -3.921366 1.439745 -0.056340 -0.004558 0.120874 465.959991
-15.287597 -4.110262 1.405166 -0.098058 0.034087 0.084472 466.250000
-15.347795 -4.302542 1.386687 0.122822 0.003814 0.026486 467.190002
-15.337726 -4.502432 1.421763 0.107362 0.000362 0.008415 467.540009
-15.330098 -4.703027 1.452469 0.062196 0.000350 -0.006958 467.779999
-15.321825 -4.908176 1.478828 0.016941 0.036401 -0.023148 468.000000
-15.297631 -5.112072 1.498640 -0.001325 0.076421 -0.043594 468.220001
-15.241730 -5.306324 1.509500 -0.016652 0.073760 -0.067173 468.440002
-15.150147 -5.494209 1.511068 -0.011360 0.063446 -0.094496 468.670013
-15.037471 -5.662117 1.504811 0.003646 0.041781 -0.122958 468.890015
-14.913966 -5.826289 1.492447 0.040519 -0.022977 -0.153684 469.109985
-14.808951 -5.998087 1.475702 0.061775 -0.067407 -0.187180 469.329987
-14.741498 -6.190481 1.455203 0.051519 -0.075186 -0.221981 469.559998
-14.719262 -6.390414 1.432702 0.051469 -0.055600 -0.256061 469.790009
-14.731632 -6.596985 1.409968 0.030472 -0.037078 -0.290305 470.019989
-14.765789 -6.793569 1.393161 0.018909 -0.053006 -0.323030 470.239990
-14.827928 -6.989573 1.385754 0.024863 -0.062782 -0.356464 470.470001
-14.920958 -7.176014 1.389742 0.030000 -0.055179 -0.389324 470.700012
-15.035108 -7.348123 1.403129 0.030776 -0.039422 -0.420411 470.920013
-15.159438 -7.509303 1.421136 0.024993 -0.008917 -0.449900 471.130005
-15.285482 -7.671051 1.437637 0.024784 0.033751 -0.479621 471.339996
-15.398456 -7.840272 1.448410 0.016887 0.052320 -0.509894 471.549988
-15.490950 -8.017613 1.451699 0.005829 0.050180 -0.540380 471.760010
-15.565767 -8.208379 1.446852 0.012835 0.042546 -0.572283 471.980011
-15.623404 -8.403580 1.435831 -0.011239 0.027503 -0.604004 472.200012
-15.663811 -8.601344 1.424982 -0.043049 0.058512 -0.637954 472.429993
-15.664240 -8.805360 1.420767 -0.046970 0.074963 -0.673920 472.679993
-15.613253 -9.002728 1.426135 -0.036251 0.059746 -0.707498 472.929993
-15.528269 -9.188344 1.439826 0.003732 0.037575 -0.739301 473.170013
-15.439667 -9.370963 1.455438 0.071283 -0.011949 -0.771303 473.399994
-15.382920 -9.564337 1.469368 0.089676 -0.042118 -0.805179 473.630005
-15.375515 -9.772469 1.479011 0.080744 -0.042265 -0.838457 473.869995
-15.416024 -9.982154 1.483024 0.069361 -0.020649 -0.870353 474.109985
-15.483396 -10.177505 1.482776 0.052351 -0.010741 -0.900471 474.329987
-15.565618 -10.365211 1.480863 0.043393 -0.010637 -0.929738 474.540009
-15.661156 -10.551314 1.478502 0.031064 -0.009849 -0.959159 474.750000
-15.764984 -10.732307 1.476155 0.015538 -0.008801 -0.988560 474.959991
-15.871625 -10.905572 1.474434 0.013584 -0.000188 -1.017854 475.170013
-15.980784 -11.080948 1.473795 -0.030222 0.031944 -1.048974 475.390015
-16.067816 -11.261738 1.474898 -0.070315 0.076090 -1.083306 475.619995
-16.103045 -11.466383 1.477558 -0.073781 0.083545 -1.118284 475.869995
-16.080128 -11.666349 1.480607 -0.056352 0.069928 -1.147987 476.100006
-16.022154 -11.864758 1.483264 -0.036196 0.001377 -1.172361 476.320007
-15.948287 -12.053839 1.485177 -0.017998 -0.087414 -1.195417 476.549988
-15.861922 -12.234443 1.485661 0.003134 -0.112373 -1.225608 476.890015
-16.033422 -12.341792 1.508948 0.128156 0.021024 -1.268164 477.859985
-16.222530 -12.408051 1.523217 0.086863 0.022495 -1.284560 478.100006
-16.414724 -12.483847 1.536359 0.038281 0.016018 -1.302151 478.309998
-16.602982 -12.562943 1.548689 0.019149 0.007584 -1.321055 478.510010
-16.789417 -12.643177 1.559939 0.019453 0.000059 -1.342276 478.709991
-16.974474 -12.721510 1.569501 0.021126 -0.004443 -1.365875 478.910004
-17.168407 -12.799932 1.577605 0.022989 -0.005222 -1.392980 479.119995
-17.362782 -12.874168 1.584041 0.021619 -0.003945 -1.422206 479.329987
-17.556047 -12.944160 1.588746 0.001119 -0.008988 -1.452827 479.540009
-17.750729 -13.009332 1.588538 0.006504 -0.028407 -1.485257 479.760010
-17.948702 -13.060779 1.579138 0.024581 -0.040457 -1.519924 479.989990
-18.147781 -13.090635 1.560317 0.019705 -0.037023 -1.554770 480.220001
-18.347441 -13.101091 1.533168 0.031406 -0.024823 -1.589446 480.450012
-18.551756 -13.097542 1.504237 0.037789 -0.024954 -1.624157 480.679993
-18.753979 -13.081470 1.484034 0.035555 -0.027088 -1.657215 480.899994
-18.960438 -13.052452 1.474940 0.016559 -0.021872 -1.689744 481.119995
-19.164051 -13.013644 1.477536 0.018415 -0.014526 -1.721863 481.339996
-19.364750 -12.968678 1.490657 0.018127 -0.007879 -1.753581 481.559998
-19.562271 -12.921089 1.510824 -0.007691 0.012009 -1.784689 481.779999
-19.761948 -12.883871 1.533662 -0.073763 0.095739 -1.820814 482.019989
-19.960382 -12.925130 1.553911 -0.101256 0.124659 -1.859960 482.320007
-20.091644 -13.077699 1.559378 -0.076541 0.098624 -1.883972 482.609985
-20.167185 -13.266842 1.555192 -0.053475 0.061897 -1.893617 482.850006
-20.216423 -13.469019 1.547058 -0.064645 0.032602 -1.893862 483.070007
-20.239824 -13.675049 1.536795 -0.066195 0.019377 -1.886254 483.279999
-20.239159 -13.877291 1.525570 -0.055451 0.011837 -1.872100 483.480011
-20.219776 -14.080852 1.513681 -0.040328 0.010224 -1.852116 483.679993
-20.187582 -14.282617 1.501868 -0.020982 -0.000753 -1.826800 483.880005
-20.146906 -14.487043 1.490001 -0.008235 0.002470 -1.796320 484.089996
-20.104824 -14.683688 1.478979 -0.002043 0.008885 -1.762592 484.299988
-20.063036 -14.880117 1.468845 0.018965 -0.051908 -1.726525 484.519989
-20.020855 -15.077504 1.458708 0.035534 -0.102154 -1.683587 484.799988
-19.972527 -15.272347 1.464801 -0.047497 0.121821 -1.608010 485.679993
-19.905722 -15.462915 1.493703 -0.042126 0.112562 -1.589835 486.029999
-19.839090 -15.652517 1.517359 -0.024278 0.064379 -1.575052 486.260010
-19.770184 -15.847121 1.540265 -0.013611 0.039267 -1.560591 486.470001
-19.702000 -16.039446 1.562856 -0.007464 0.025744 -1.544865 486.670013
-19.634048 -16.232071 1.584579 0.003809 0.002281 -1.528035 486.869995
-19.567991 -16.427145 1.603080 0.023673 0.010262 -1.511563 487.079987
-19.512125 -16.626793 1.614898 0.034157 0.025475 -1.497683 487.299988
-19.473318 -16.828478 1.618346 0.031982 0.030225 -1.488632 487.519989
-19.449648 -17.034990 1.614385 0.023487 0.034150 -1.483612 487.739990
-19.437000 -17.236687 1.605384 0.013559 0.015268 -1.482128 487.950012
-19.429567 -17.445196 1.592231 -0.002160 0.006996 -1.481298 488.170013
-19.421169 -17.647066 1.576838 -0.018055 0.021033 -1.479146 488.390015
-19.404457 -17.847301 1.560421 -0.023331 0.028166 -1.474012 488.609985
-19.376892 -18.049135 1.543838 -0.021118 0.031779 -1.465159 488.829987
-19.339596 -18.254192 1.527606 -0.014010 0.030884 -1.452429 489.049988
-19.299753 -18.452169 1.513850 0.031296 0.013109 -1.438597 489.260010
-19.273777 -18.657293 1.503951 0.081621 0.002075 -1.426798 489.480011
-19.285179 -18.858259 1.499230 0.092568 -0.002396 -1.419784 489.700012
-19.338270 -19.054653 1.499226 0.081527 0.001947 -1.418139 489.920013
-19.421204 -19.238874 1.502772 0.055592 0.000572 -1.423169 490.130005
-19.523401 -19.417761 1.508583 0.028604 -0.000622 -1.434021 490.339996
-19.632971 -19.589891 1.514447 0.013808 0.013778 -1.449943 490.549988
-19.742542 -19.760117 1.516709 0.005380 0.027019 -1.471035 490.760010
-19.848110 -19.933237 1.513813 0.001418 0.030838 -1.496604 490.970001
-19.948349 -20.110716 1.507857 0.002175 0.030282 -1.525824 491.179993
-20.044140 -20.292379 1.501806 0.005335 0.029328 -1.558011 491.390015
-20.137310 -20.477531 1.497366 0.007688 0.026490 -1.592361 491.600006
-20.229441 -20.664923 1.495457 0.009916 0.026247 -1.628218 491.809998
-20.321171 -20.852421 1.495690 -0.004463 -0.019828 -1.664503 492.019989
-20.412415 -21.036257 1.497007 -0.028859 -0.092079 -1.700791 492.250000
-20.503073 -21.214758 1.499899 -0.044808 -0.156977 -1.746142 492.609985
-20.451630 -21.016346 1.513146 -0.003595 -0.130931 -1.761022 493.260010
-20.398315 -20.816885 1.517961 -0.003519 -0.084756 -1.746425 493.480011
-20.347404 -20.620819 1.523118 -0.005031 -0.051657 -1.727099 493.670013
-20.296867 -20.426544 1.529028 -0.010754 -0.028533 -1.703968 493.850006
-20.243925 -20.231806 1.536102 -0.015984 -0.014117 -1.677035 494.029999
-20.184654 -20.030828 1.544831 -0.017380 -0.006836 -1.645336 494.220001
-20.121914 -19.836767 1.554567 -0.015037 -0.003405 -1.611162 494.410004
-20.053297 -19.640902 1.565332 -0.011751 0.006449 -1.573681 494.609985
-19.979042 -19.447548 1.575279 -0.026173 0.013296 -1.533536 494.820007
-19.893269 -19.260153 1.582782 -0.037567 0.008941 -1.491656 495.040009
-19.795362 -19.085667 1.586957 -0.030135 0.008726 -1.451243 495.260010
-19.682608 -18.914326 1.587961 -0.033294 -0.006549 -1.409960 495.489990
-19.560459 -18.746769 1.586276 -0.019674 -0.012425 -1.370772 495.720001
-19.436348 -18.579348 1.580989 -0.005642 -0.028613 -1.333407 495.950012
-19.319019 -18.406551 1.571645 0.000464 -0.035451 -1.297714 496.179993
-19.217186 -18.234570 1.559449 0.005419 -0.027986 -1.265143 496.399994
-19.122189 -18.050920 1.543881 -0.009149 -0.031913 -1.232369 496.630005
-19.037210 -17.869112 1.527207 -0.017612 -0.030046 -1.201873 496.850006
-18.954643 -17.681067 1.510867 -0.010655 -0.028131 -1.172017 497.070007
-18.876802 -17.488316 1.497969 -0.006099 -0.034497 -1.142337 497.290009
-18.809778 -17.298822 1.490278 -0.007114 -0.036780 -1.114021 497.500000
-18.750135 -17.103411 1.487168 -0.009638 -0.033767 -1.085542 497.709991
-18.696436 -16.902967 1.488020 -0.013014 -0.028759 -1.056746 497.920013
-18.646301 -16.699942 1.491270 -0.016507 0.002253 -1.027538 498.130005
-18.591099 -16.503687 1.494180 -0.042278 0.043954 -0.998102 498.339996
-18.510345 -16.314159 1.494729 -0.055722 0.060299 -0.966679 498.559998
-18.397806 -16.142170 1.491477 -0.053497 0.054387 -0.934007 498.779999
-18.263567 -15.991109 1.484784 -0.042061 0.039168 -0.902124 498.989990
-18.113224 -15.850157 1.475857 -0.000928 0.009363 -0.870945 499.200012
-17.960224 -15.710923 1.468350 0.005086 -0.044046 -0.839919 499.420013
-17.824320 -15.558763 1.465884 0.001537 -0.068678 -0.807279 499.649994
-17.715992 -15.383388 1.469602 -0.001554 -0.063144 -0.773317 499.890015
-17.637575 -15.192420 1.479342 -0.019898 -0.050110 -0.739599 500.130005
-17.579073 -14.994322 1.493491 -0.032156 -0.034432 -0.707479 500.359985
-17.528921 -14.792966 1.509492 -0.031218 -0.012073 -0.676813 500.579987
-17.478653 -14.596468 1.522955 -0.032845 0.020022 -0.647363 500.790009
-17.416227 -14.403111 1.531698 -0.035552 0.037597 -0.617315 501.000000
-17.335974 -14.215877 1.534490 -0.034593 0.039039 -0.586621 501.209991
-17.238352 -14.034595 1.531470 -0.032907 0.031460 -0.555419 501.420013
-17.127851 -13.858289 1.523797 0.007287 0.016825 -0.524354 501.630005
-17.014008 -13.691072 1.513229 0.086324 -0.001410 -0.494580 501.850006
-16.894415 -13.526107 1.498982 0.137897 -0.019329 -0.458588 502.170013
-16.852047 -13.327775 1.504710 -0.111534 -0.039370 -0.400594 503.119995
-16.845703 -13.123472 1.525301 -0.091639 -0.029452 -0.385683 503.410004
-16.836988 -12.916677 1.544103 -0.041968 -0.016691 -0.371608 503.640015
-16.830009 -12.715375 1.560961 -0.020746 -0.029780 -0.355531 503.850006
-16.831774 -12.510975 1.576078 -0.012519 -0.040010 -0.337032 504.059998
-16.847025 -12.306896 1.588420 0.004997 -0.031993 -0.316213 504.269989
-16.876476 -12.100063 1.598328 -0.003455 -0.028068 -0.291807 504.489990
-16.916277 -11.898816 1.605592 -0.000047 -0.016563 -0.265196 504.709991
-16.963066 -11.697252 1.607152 0.001048 0.002673 -0.235455 504.940002
-17.008326 -11.497566 1.595831 -0.025850 0.008059 -0.202631 505.179993
-17.044556 -11.297997 1.570948 -0.024878 0.009096 -0.168787 505.420013
-17.071913 -11.096101 1.534121 -0.034367 0.004390 -0.133926 505.660004
-17.092194 -10.896616 1.491186 -0.032476 0.002439 -0.099919 505.890015
-17.107430 -10.700324 1.454095 -0.033315 0.009908 -0.067135 506.109985
-17.116331 -10.498919 1.430009 -0.030648 0.013783 -0.033947 506.329987
-17.117945 -10.294379 1.421327 -0.017094 0.012366 -0.000740 506.549988
-17.113552 -10.091552 1.427548 -0.022372 0.010909 0.032320 506.769989
-17.104605 -9.888422 1.446369 -0.029429 0.008632 0.065313 506.989990
-17.092957 -9.681860 1.474324 -0.027787 0.006449 0.098286 507.209991
-17.079910 -9.482805 1.503342 -0.010412 0.023735 0.129586 507.420013
-17.056681 -9.278086 1.529416 -0.004793 0.048506 0.162644 507.640015
-17.014212 -9.078416 1.547409 0.005367 0.046008 0.195576 507.859985
-16.952847 -8.886304 1.556198 0.001493 0.040743 0.228092 508.079987
-16.876398 -8.700070 1.556676 -0.011693 0.037557 0.260412 508.299988
-16.788816 -8.514091 1.550653 -0.018939 0.028201 0.292665 508.519989
-16.700911 -8.334173 1.537483 -0.033109 0.001466 0.323381 508.730011
-16.620834 -8.149905 1.513317 -0.048151 -0.023018 0.354247 508.940002
-16.559654 -7.960163 1.477900 -0.035890 -0.037460 0.384938 509.149994
-16.519602 -7.762434 1.434059 -0.026278 -0.035508 0.415862 509.369995
-16.500988 -7.560529 1.392633 -0.036992 -0.016668 0.447307 509.600006
-16.499374 -7.357030 1.363358 -0.027661 -0.007147 0.478757 509.829987
-16.507748 -7.152946 1.348300 -0.023069 0.003732 0.509907 510.059998
-16.519976 -6.947916 1.346720 -0.026706 0.015261 0.540951 510.290009
-16.531616 -6.748275 1.354909 -0.017708 0.013294 0.570821 510.510010
-16.541958 -6.547566 1.369614 -0.023839 0.018794 0.600607 510.730011
-16.550886 -6.343914 1.387858 -0.013470 0.010881 0.630707 510.950012
-16.559172 -6.141672 1.406867 -0.016069 0.006222 0.660565 511.170013
-16.569355 -5.941631 1.424745 -0.029274 0.008632 0.690467 511.390015
-16.584305 -5.739972 1.440346 -0.021260 0.001209 0.720832 511.609985
-16.604452 -5.539975 1.453153 -0.021817 0.005005 0.750951 511.829987
-16.628731 -5.341249 1.463562 -0.014253 0.003369 0.781266 512.049988
-16.656109 -5.141976 1.470981 0.047062 -0.043511 0.810682 512.280029
-16.686390 -4.943175 1.476729 0.112236 -0.093120 0.841172 512.590027
-16.768185 -4.759130 1.495531 -0.125538 0.046982 0.899523 513.489990
-16.875278 -4.587651 1.520682 -0.098966 0.039235 0.917771 513.780029
-16.981544 -4.415717 1.543338 -0.047522 0.019757 0.934919 514.000000
-17.089745 -4.239462 1.565088 -0.013522 0.015126 0.952432 514.210022
-17.194172 -4.062449 1.585075 -0.008319 0.023213 0.972246 514.419983
-17.290998 -3.884609 1.602121 0.000595 0.018521 0.994621 514.630005
-17.382992 -3.700183 1.616200 -0.002440 0.017377 1.020361 514.849976
-17.467283 -3.517429 1.627099 -0.013778 0.020310 1.048413 515.070007
-17.547350 -3.334078 1.634916 -0.000551 0.016524 1.078286 515.289978
-17.622694 -3.143780 1.638101 0.008593 0.038549 1.110978 515.520020
-17.682312 -2.948372 1.635363 0.007110 0.051148 1.144611 515.750000
-17.725332 -2.742044 1.627256 0.001397 0.050713 1.178894 515.979980
-17.753510 -2.543423 1.616255 -0.001316 0.037877 1.210709 516.190002
-17.775484 -2.339801 1.605096 -0.008243 0.014936 1.242671 516.400024
-17.797636 -2.138318 1.598517 -0.022493 0.010212 1.274640 516.609985
-17.826220 -1.940116 1.598851 -0.022341 0.001533 1.306765 516.820007
-17.863356 -1.738782 1.602398 -0.003854 0.010016 1.339635 517.039978
-17.900877 -1.533663 1.602916 0.012739 0.026949 1.373321 517.270020
-17.928192 -1.328933 1.597074 0.019665 0.019255 1.405786 517.500000
-17.943069 -1.125934 1.583520 0.016649 0.031041 1.437886 517.729980
-17.947130 -0.920217 1.563051 0.011756 0.021852 1.468993 517.960022
-17.942961 -0.715099 1.542083 0.024695 0.011100 1.496710 518.190002
-17.926109 -0.515193 1.528215 0.035799 0.024422 1.517922 518.419983
-17.891666 -0.314834 1.524745 0.034484 0.031562 1.529890 518.650024
-17.843328 -0.118759 1.531548 0.027814 0.036023 1.531928 518.869995
-17.786852 0.073346 1.544930 0.013613 0.003877 1.525009 519.080017
-17.725018 0.263779 1.561002 -0.010675 -0.074575 1.511956 519.299988
-17.658403 0.451510 1.580647 -0.039536 -0.150679 1.491560 519.599976
-17.466839 0.521446 1.595331 0.132322 0.036791 1.444775 520.549988
-17.260099 0.537987 1.590600 0.099721 0.032777 1.425184 520.820007
-17.057526 0.558265 1.584831 0.060072 -0.002028 1.404708 521.030029
-16.850716 0.570670 1.578531 0.020422 -0.083209 1.382428 521.229980
-16.651274 0.551066 1.572314 -0.007244 -0.126356 1.360466 521.429993
-16.456795 0.477582 1.565302 -0.015449 -0.128096 1.333907 521.650024
-16.292501 0.352645 1.557886 -0.010918 -0.094546 1.304282 521.869995
-16.157652 0.202211 1.549149 0.009618 -0.022140 1.273838 522.080017
-16.028202 0.048165 1.538717 0.034099 0.033389 1.243398 522.289978
-15.881923 -0.096323 1.526508 0.026441 0.056203 1.210690 522.510010
-15.714342 -0.219333 1.511605 0.033465 0.056206 1.175212 522.739990
-15.530192 -0.316498 1.494737 0.024940 0.041233 1.139121 522.969971
-15.343704 -0.391766 1.479566 0.021019 0.028216 1.104795 523.190002
-15.151760 -0.455903 1.467847 0.027169 0.018588 1.070571 523.409973
-14.955769 -0.514750 1.460450 0.014696 0.006654 1.036671 523.630005
-14.761380 -0.571481 1.456855 0.021016 0.003967 1.003422 523.849976
-14.567788 -0.628909 1.456516 0.018879 0.001112 0.970564 524.070007
-14.376483 -0.687846 1.458374 0.008131 -0.002577 0.938458 524.289978
-14.183239 -0.749957 1.462140 0.018585 0.002759 0.905806 524.520020
-13.992064 -0.813489 1.467782 0.026912 0.007408 0.873674 524.750000
-13.799460 -0.879118 1.474618 0.018275 0.005315 0.841988 524.979980
-13.607307 -0.945712 1.482176 0.030483 0.013773 0.810847 525.210022
-13.411146 -1.013889 1.489977 0.018366 0.008529 0.779649 525.440002
-13.214611 -1.082321 1.497655 0.021758 0.012238 0.748839 525.669983
-13.025936 -1.148528 1.503206 0.031666 -0.003048 0.719280 525.890015
-12.838562 -1.223424 1.502406 0.045427 -0.028320 0.689358 526.109985
-12.657269 -1.317796 1.492890 0.049152 -0.035808 0.659465 526.330017
-12.484280 -1.434318 1.475255 0.038880 -0.029282 0.629600 526.549988
-12.327121 -1.560866 1.456143 0.031532 -0.010012 0.600984 526.760010
-12.173771 -1.694726 1.440058 0.023288 0.004949 0.571756 526.969971
-12.021564 -1.829002 1.429202 0.006581 0.008402 0.542102 527.179993
-11.864431 -1.963953 1.424176 0.013512 0.016810 0.510946 527.400024
-11.705949 -2.093524 1.425328 0.010032 0.014364 0.479590 527.619995
-11.547344 -2.217193 1.430035 -0.006593 0.019734 0.448407 527.840027
-11.381482 -2.331872 1.432837 -0.023106 0.055101 0.415275 528.070007
-11.196401 -2.422995 1.428867 -0.028789 0.062692 0.381368 528.309998
-11.004789 -2.480752 1.417488 -0.025585 0.046878 0.349968 528.539978
-10.806515 -2.516998 1.402404 0.011170 0.012819 0.319328 528.770020
-10.602011 -2.556747 1.391222 0.058559 -0.009888 0.286179 529.010010
-10.405980 -2.624504 1.388678 0.058778 -0.024966 0.252124 529.250000
-10.224504 -2.723764 1.395285 0.057762 -0.011897 0.219670 529.489990
-10.060041 -2.844072 1.409045 0.033809 -0.010278 0.188040 529.719971
-9.902897 -2.979181 1.425617 -0.040434 -0.054685 0.156979 529.960022
-9.757806 -3.119661 1.443807 -0.079036 -0.072219 0.123578 530.280029
-9.604107 -3.249757 1.477395 0.064984 0.098960 0.065884 531.219971
-9.425596 -3.352319 1.500345 0.057902 0.086597 0.047032 531.549988
-9.246839 -3.456594 1.519135 0.031344 0.038453 0.028873 531.789978
-9.071325 -3.563892 1.535857 0.040477 -0.002019 0.010749 532.010010
-8.904369 -3.684664 1.551326 0.057412 -0.014968 -0.009757 532.229980
-8.753383 -3.824097 1.564554 0.044913 -0.025489 -0.033326 532.450012
-8.621531 -3.977303 1.575398 0.041400 -0.012931 -0.058369 532.669983
-8.503498 -4.141292 1.584453 0.029209 -0.003632 -0.085895 532.890015
-8.393833 -4.309884 1.589245 0.005804 0.010589 -0.115277 533.109985
-8.279900 -4.481031 1.585643 -0.002688 0.036280 -0.147461 533.340027
-8.154667 -4.644807 1.571782 -0.002355 0.046704 -0.180737 533.570007
-8.019958 -4.796236 1.549798 0.000698 0.044933 -0.213288 533.789978
-7.879644 -4.937576 1.522985 -0.003066 0.020992 -0.244708 534.000000
-7.731367 -5.080062 1.494576 0.017469 -0.013500 -0.277228 534.219971
-7.592311 -5.228797 1.470631 0.053070 -0.015271 -0.311355 534.450012
-7.472038 -5.398122 1.454804 0.050413 -0.019610 -0.347400 534.690002
-7.377286 -5.581496 1.448340 0.048467 -0.002537 -0.381984 534.929993
-7.302247 -5.770339 1.450178 0.040910 0.014756 -0.414827 535.159973
-7.235936 -5.962224 1.458376 0.031329 0.026222 -0.446310 535.380005
-7.172004 -6.152762 1.470349 0.012312 0.017532 -0.476574 535.590027
-7.106444 -6.342343 1.484319 -0.010714 0.020045 -0.506155 535.799988
-7.030066 -6.531650 1.499245 -0.031547 0.041372 -0.537075 536.020020
-6.935289 -6.708138 1.512576 -0.043310 0.014413 -0.565494 536.239990
-6.821602 -6.873302 1.522966 -0.051883 -0.067887 -0.590935 536.479980
-6.690602 -7.025597 1.531947 -0.020005 -0.156935 -0.624232 536.859985
-6.892406 -7.058539 1.528024 0.102319 -0.074007 -0.655914 537.530029
-7.097385 -7.088596 1.521898 0.070338 -0.043812 -0.667467 537.770020
-7.303471 -7.126339 1.516037 0.036376 -0.018396 -0.679807 537.979980
-7.506053 -7.167393 1.510672 0.024381 -0.011547 -0.694584 538.179993
-7.708351 -7.210795 1.505749 0.006472 -0.001964 -0.711369 538.380005
-7.903754 -7.253702 1.501275 -0.008784 0.008561 -0.730236 538.580017
-8.104045 -7.299229 1.497343 0.009093 0.011865 -0.753467 538.799988
-8.301624 -7.351440 1.495017 0.026877 0.007782 -0.780269 539.030029
-8.494035 -7.412409 1.494530 0.020307 0.006771 -0.809028 539.260010
-8.682302 -7.480165 1.495623 0.033353 -0.001807 -0.839919 539.489990
-8.872435 -7.554257 1.497893 0.020146 -0.003044 -0.872042 539.719971
-9.061462 -7.630186 1.499539 0.012582 -0.000361 -0.904973 539.950012
-9.246515 -7.706383 1.498437 0.029130 -0.000797 -0.938640 540.179993
-9.432797 -7.786183 1.493801 0.022137 -0.000335 -0.972552 540.409973
-9.619435 -7.868419 1.485666 0.028807 -0.001007 -1.006565 540.640015
-9.808335 -7.953374 1.474505 0.028045 -0.001595 -1.040613 540.869995
-9.990614 -8.036060 1.462116 0.009549 -0.002094 -1.072733 541.090027
-10.177301 -8.120013 1.450272 0.022122 -0.004272 -1.105901 541.320007
-10.364663 -8.202415 1.441580 0.023347 -0.005323 -1.138750 541.549988
-10.553872 -8.283017 1.436297 0.021302 -0.004193 -1.171103 541.780029
-10.744142 -8.361766 1.434188 0.029518 -0.001652 -1.203192 542.010010
-10.936727 -8.440233 1.434454 -0.004456 0.011407 -1.234934 542.239990
-11.120202 -8.525996 1.437778 -0.056674 0.083407 -1.270527 542.479980
-11.268173 -8.664281 1.446218 -0.068935 0.123593 -1.311765 542.760010
-11.333992 -8.858732 1.457438 -0.050600 0.109058 -1.348018 543.030029
-11.345970 -9.066188 1.467915 -0.014843 0.055142 -1.377385 543.260010
-11.346429 -9.268673 1.474994 0.064877 -0.020499 -1.406597 543.469971
-11.376002 -9.466681 1.478936 0.116478 -0.061752 -1.440680 543.690002
-11.469432 -9.648251 1.477290 0.120480 -0.064700 -1.475927 543.929993
-11.617913 -9.786745 1.469388 0.097228 -0.044714 -1.507858 544.159973
-11.789470 -9.889308 1.458245 0.047005 -0.026042 -1.537732 544.369995
-11.973603 -9.977490 1.445838 0.014591 0.011545 -1.567470 544.580017
-12.155713 -10.065964 1.434253 0.000198 0.037604 -1.597800 544.789978
-12.337030 -10.169725 1.423960 -0.014397 0.035298 -1.629334 545.010010
-12.504352 -10.285284 1.415440 -0.006988 0.038868 -1.660585 545.229980
-12.661693 -10.413063 1.408627 0.005247 0.039206 -1.691647 545.450012
-12.815398 -10.551863 1.403247 0.014208 0.035098 -1.722775 545.669983
-12.962894 -10.691774 1.399081 0.011834 0.020306 -1.752731 545.880005
-13.108759 -10.832129 1.397443 -0.008219 -0.001524 -1.782151 546.090027
-13.251160 -10.973387 1.402128 -0.009866 0.015879 -1.812457 546.309998
-13.389199 -11.121489 1.415691 -0.007966 0.014564 -1.843367 546.539978
-13.525654 -11.275421 1.436193 0.032877 0.001712 -1.875034 546.780029
-13.671620 -11.416719 1.459184 0.065428 -0.003337 -1.907299 547.020020
-13.840204 -11.536633 1.481154 0.057589 -0.011347 -1.940386 547.260010
-14.019295 -11.630049 1.499789 0.051956 0.002212 -1.971034 547.489990
-14.210672 -11.708261 1.514737 0.002250 -0.028167 -2.002586 547.719971
-14.400065 -11.773215 1.525235 -0.058572 -0.073952 -2.031621 547.969971
-14.591352 -11.832048 1.531694 -0.017374 0.074535 -2.091444 548.669983
-14.681331 -12.011598 1.530470 -0.002711 0.114330 -2.106621 549.200012
-14.774941 -12.191209 1.530770 0.000277 0.091137 -2.108484 549.460022
-14.873507 -12.373652 1.531060 0.023477 0.041659 -2.109375 549.679993
-14.982355 -12.549232 1.532239 0.084199 -0.003864 -2.113218 549.890015
-15.121900 -12.703951 1.534807 0.107673 -0.029118 -2.121328 550.109985
-15.288742 -12.814263 1.537898 0.092508 -0.037157 -2.132164 550.330017
-15.483686 -12.884525 1.541872 0.075138 -0.018619 -2.145655 550.559998
-15.684656 -12.921161 1.546321 0.038211 -0.009901 -2.163092 550.780029
-15.886752 -12.944574 1.550515 -0.041845 0.024986 -2.180897 551.000000
-16.085186 -12.992270 1.554547 -0.104572 0.059077 -2.198071 551.239990
-16.258009 -13.106114 1.556976 -0.109670 0.063785 -2.206191 551.500000
-16.380129 -13.270820 1.556699 -0.082384 0.054164 -2.203384 551.739990
-16.468819 -13.457525 1.554642 -0.045557 0.023420 -2.193070 551.960022
-16.540245 -13.647155 1.551382 0.006854 0.013156 -2.182327 552.169983
-16.617750 -13.839734 1.546990 0.052511 0.022360 -2.172293 552.390015
-16.715506 -14.017375 1.541665 0.062504 0.013305 -2.166676 552.609985
-16.841562 -14.182536 1.534986 0.054677 0.016471 -2.165086 552.840027
-16.988270 -14.330647 1.527417 0.040081 0.028361 -2.169270 553.070007
-17.144188 -14.464832 1.519601 0.025567 0.026961 -2.179952 553.289978
-17.301857 -14.588902 1.512750 0.031744 0.015171 -2.195752 553.500000
-17.466688 -14.704470 1.507845 0.042170 0.013069 -2.216477 553.710022
-17.640079 -14.807945 1.505221 0.034363 -0.002565 -2.242134 553.919983
-17.823507 -14.901145 1.503408 0.003996 -0.006955 -2.270975 554.140015
-18.005608 -14.990767 1.499880 -0.024105 0.021737 -2.300904 554.369995
-18.183918 -15.095670 1.492678 -0.032416 0.042918 -2.329408 554.609985
-18.348274 -15.217048 1.481904 -0.028247 0.045449 -2.350160 554.840027
-18.502697 -15.351376 1.468508 -0.025305 0.031550 -2.361986 555.059998
-18.650057 -15.498402 1.455207 -0.054591 0.010111 -2.365196 555.280029
-18.776266 -15.659254 1.444763 -0.072461 0.004341 -2.359691 555.500000
-18.873962 -15.835631 1.438070 -0.060519 -0.009821 -2.345126 555.719971
-18.946665 -16.028831 1.434858 -0.046735 0.001593 -2.323994 555.950012
-18.998732 -16.228720 1.435071 -0.034264 0.018327 -2.296512 556.179993
-19.038912 -16.426199 1.437480 -0.017389 0.014718 -2.264862 556.400024
-19.075312 -16.624746 1.441048 -0.008897 0.022237 -2.230117 556.619995
-19.112776 -16.824171 1.445123 -0.006735 0.031682 -2.193036 556.840027
-19.153446 -17.024719 1.448692 0.010336 -0.018473 -2.155311 557.059998
-19.195879 -17.226036 1.451209 0.033323 -0.090729 -2.116160 557.309998
-19.068321 -17.087881 1.526655 -0.005549 -0.094261 -2.070574 558.429993
-18.971451 -16.911926 1.559214 -0.000225 -0.058857 -2.088998 558.630005
-18.873161 -16.733501 1.589225 0.016090 -0.033357 -2.111877 558.820007
-18.777750 -16.550154 1.613477 0.027890 -0.015714 -2.138873 559.010010
-18.691385 -16.365608 1.629776 0.026470 0.004121 -2.168864 559.200012
-18.613077 -16.175333 1.637725 0.023937 0.005805 -2.203521 559.400024
-18.543663 -15.980993 1.636993 0.018012 0.001824 -2.241859 559.609985
-18.481552 -15.783269 1.629233 0.015702 0.000732 -2.282716 559.830017
-18.428165 -15.590526 1.617699 0.022637 -0.012988 -2.323873 560.049988
-18.379072 -15.388545 1.604702 0.014138 -0.008462 -2.365639 560.280029
-18.334440 -15.187918 1.592503 0.017486 -0.017107 -2.406301 560.510010
-18.291735 -14.985912 1.582167 0.012168 -0.015600 -2.445180 560.739990
-18.248463 -14.785689 1.571301 -0.014481 -0.017134 -2.481797 560.969971
-18.193617 -14.587279 1.553642 -0.020157 -0.042051 -2.518004 561.210022
-18.118870 -14.395823 1.529094 0.001565 -0.025469 -2.553912 561.450012
-18.038971 -14.205874 1.507196 0.051002 0.019994 -2.587961 561.690002
-17.986017 -14.008759 1.494926 0.060365 0.041773 -2.620205 561.929993
-17.972136 -13.804386 1.493575 0.058047 0.039490 -2.652786 562.169983
-17.991772 -13.602180 1.501919 0.048099 0.026647 -2.684184 562.400024
-18.031090 -13.404663 1.515917 0.019254 0.011717 -2.713448 562.619995
-18.076555 -13.210057 1.531065 0.013511 -0.025078 -2.742237 562.840027
-18.113277 -13.006337 1.544061 0.012786 -0.049008 -2.772235 563.070007
-18.128416 -12.800101 1.552088 0.003754 -0.046282 -2.802060 563.299988
-18.121264 -12.585526 1.554347 0.016025 -0.039389 -2.833454 563.539978
-18.099321 -12.386356 1.551552 0.027172 -0.030205 -2.862593 563.760010
-18.068451 -12.181877 1.545017 0.029018 -0.024368 -2.892230 563.979980
-18.033024 -11.981851 1.535381 0.025369 -0.027751 -2.921169 564.190002
-17.990482 -11.778768 1.522792 0.015783 -0.024958 -2.950510 564.400024
-17.941271 -11.577569 1.508168 0.000171 -0.015020 -2.980024 564.609985
-17.888042 -11.383925 1.492027 0.013013 -0.014758 -3.009885 564.820007
-17.829401 -11.185384 1.474602 0.003422 -0.007920 -3.041063 565.039978
-17.769470 -10.994918 1.457419 -0.009064 -0.019236 -3.071515 565.260010
-17.696440 -10.801151 1.439474 0.003622 -0.043785 -3.104357 565.500000
-17.604992 -10.616511 1.422966 0.000853 -0.040353 -3.137144 565.739990
-17.495726 -10.440863 1.409959 0.003135 -0.045096 3.113520 565.979980
-17.373131 -10.281100 1.406447 0.001993 -0.053641 3.082439 566.210022
-17.230312 -10.130651 1.413560 -0.004936 -0.041479 3.051310 566.440002
-17.080431 -9.997555 1.429510 0.002126 -0.033802 3.021638 566.659973
-16.922178 -9.872106 1.453152 0.011378 -0.027591 2.992033 566.880005
-16.760977 -9.752006 1.479515 -0.034288 0.021223 2.962728 567.099976
-16.598471 -9.636361 1.506674 -0.079814 0.067922 2.928517 567.359985
-16.436689 -9.519329 1.536634 0.108799 -0.057370 2.870346 568.239990
-16.296242 -9.372280 1.534496 0.097494 -0.052678 2.851771 568.659973
-16.155613 -9.227307 1.531051 0.064520 -0.034866 2.838520 568.909973
-16.012743 -9.081190 1.526637 0.024589 -0.008456 2.824120 569.130005
-15.868484 -8.931113 1.521041 0.031202 0.001271 2.805912 569.349976
-15.733706 -8.782710 1.514191 0.023091 0.006107 2.785842 569.559998
-15.598318 -8.624235 1.505395 0.015028 0.006843 2.762123 569.780029
-15.469800 -8.466158 1.495373 0.016203 -0.005019 2.735866 570.000000
-15.342148 -8.310288 1.485893 0.019889 -0.030135 2.707360 570.219971
-15.205311 -8.160001 1.478223 0.010855 -0.036765 2.677172 570.440002
-15.058288 -8.020203 1.472552 0.006240 -0.031927 2.645796 570.659973
-14.896890 -7.885901 1.468756 0.020588 -0.027935 2.611885 570.890015
-14.734095 -7.763695 1.466765 0.003886 -0.045712 2.578434 571.109985
-14.560502 -7.659181 1.465070 -0.044660 -0.088973 2.545523 571.330017
-14.365216 -7.596945 1.462114 -0.064246 -0.101481 2.510201 571.559998
-14.158200 -7.592962 1.456959 -0.053404 -0.091884 2.473385 571.789978
-13.961672 -7.632906 1.450413 -0.034866 -0.063467 2.439202 572.000000
-13.765240 -7.696925 1.442945 0.007959 0.031014 2.404295 572.210022
-13.568943 -7.748905 1.437330 0.067736 0.118206 2.371088 572.440002
-13.369382 -7.722437 1.435249 0.067239 0.128279 2.330212 572.719971
-13.209266 -7.595326 1.434186 0.064187 0.078961 2.287472 573.000000
-13.084037 -7.431923 1.431469 0.054466 0.031393 2.251442 573.239990
-12.965912 -7.261627 1.426839 0.029577 -0.000205 2.220111 573.460022
-12.848333 -7.098277 1.420183 0.029073 -0.011994 2.191334 573.669983
-12.723791 -6.939633 1.411370 0.027235 -0.017368 2.162673 573.880005
-12.591061 -6.789793 1.402954 0.020051 -0.055961 2.134129 574.090027
-12.437628 -6.657024 1.398144 0.020023 -0.084955 2.104606 574.309998
-12.256901 -6.556141 1.398504 0.007149 -0.078163 2.074215 574.539978
-12.062301 -6.492958 1.404386 0.016230 -0.059547 2.043942 574.770020
-11.856844 -6.456376 1.415421 0.019984 -0.036266 2.013833 575.000000
-11.654436 -6.435036 1.429441 0.018320 -0.016421 1.984952 575.219971
-11.450916 -6.418489 1.445850 0.027080 -0.005144 1.955811 575.440002
-11.246602 -6.400812 1.463144 0.009826 0.006051 1.926627 575.659973
-11.041182 -6.376529 1.479445 -0.002812 0.059837 1.895126 575.890015
-10.841929 -6.319359 1.492764 -0.000762 0.108396 1.859823 576.140015
-10.671930 -6.206389 1.499980 0.005255 0.106521 1.824225 576.390015
-10.535542 -6.054223 1.501652 0.009142 0.081170 1.790929 576.619995
-10.421473 -5.886471 1.500270 0.012425 0.054743 1.760009 576.830017
-10.317456 -5.712152 1.497478 0.014923 0.033581 1.730133 577.030029
-10.214850 -5.532290 1.493936 0.008699 0.008999 1.699992 577.229980
-10.115354 -5.358514 1.489840 -0.031935 -0.052312 1.671818 577.429993
-10.012712 -5.183348 1.484773 -0.065441 -0.099548 1.641912 577.679993
-9.879653 -5.030611 1.491458 0.104826 0.071274 1.578403 578.570007
-9.709613 -4.924587 1.519935 0.083602 0.064733 1.558260 578.929993
-9.544521 -4.814469 1.545726 0.054919 0.044843 1.541398 579.169983
-9.373527 -4.697460 1.570180 0.022776 0.025231 1.523987 579.390015
-9.207140 -4.580210 1.591708 0.013564 0.025064 1.505592 579.599976
-9.042061 -4.458413 1.609977 0.014083 0.027438 1.484542 579.809998
-8.878154 -4.331730 1.624578 0.014904 0.025988 1.460783 580.020020
-8.714888 -4.201257 1.635547 0.018240 0.014526 1.434604 580.229980
-8.550471 -4.073426 1.640363 0.042953 -0.025135 1.406041 580.440002
-8.378671 -3.964373 1.636890 0.056753 -0.052653 1.375287 580.650024
-8.188728 -3.882789 1.624392 0.042781 -0.059246 1.342391 580.869995
-7.994421 -3.835169 1.603913 0.043166 -0.040932 1.309692 581.090027
-7.795834 -3.812983 1.577679 0.034599 -0.021445 1.276458 581.309998
-7.595055 -3.805998 1.549172 0.019984 -0.004745 1.242897 581.530029
-7.395685 -3.804369 1.525377 0.021824 0.018679 1.209440 581.750000
-7.194268 -3.798745 1.511083 0.017191 0.026322 1.175902 581.969971
-6.991402 -3.785403 1.506874 0.008031 0.022373 1.142715 582.190002
-6.790412 -3.764711 1.512002 0.013800 0.024393 1.110042 582.409973
-6.590237 -3.737175 1.523601 -0.011438 0.032135 1.077811 582.630005
-6.389002 -3.691922 1.537005 -0.043913 0.061859 1.043902 582.859985
-6.201853 -3.612944 1.547492 -0.053471 0.055419 1.012070 583.090027
-6.031716 -3.500391 1.553040 -0.043717 0.047693 0.980998 583.320007
-5.875186 -3.361815 1.553545 -0.026278 0.039094 0.950086 583.549988
-5.733489 -3.214860 1.549878 -0.009361 0.011536 0.921405 583.770020
-5.598292 -3.067386 1.542229 0.008470 0.018954 0.892416 583.989990
-5.455623 -2.916637 1.530857 0.016891 0.018575 0.862050 584.219971
-5.308211 -2.772039 1.517003 0.016922 0.018167 0.831862 584.450012
-5.155938 -2.633659 1.501555 0.013605 0.030973 0.801873 584.679993
-5.003350 -2.502421 1.485915 0.009439 0.038196 0.774639 584.900024
-4.843292 -2.369013 1.469987 0.004333 0.033665 0.751647 585.119995
-4.686254 -2.239398 1.456106 -0.002211 0.027253 0.734673 585.330017
-4.528658 -2.107538 1.445049 -0.006302 0.026819 0.722465 585.539978
-4.372025 -1.972750 1.437146 -0.007284 0.025373 0.714614 585.750000
-4.216813 -1.835120 1.432297 -0.006403 0.026823 0.710510 585.960022
-4.062545 -1.694953 1.429947 -0.004425 0.014045 0.709489 586.169983
-3.912483 -1.556481 1.429888 0.003889 -0.000054 0.709761 586.380005
-3.760924 -1.419750 1.436075 0.020953 0.010095 0.709092 586.599976
-3.600377 -1.288759 1.451463 0.027138 0.013058 0.705269 586.830017
-3.434653 -1.170873 1.475258 0.023860 0.014862 0.697407 587.059998
-3.263778 -1.063431 1.506485 0.018134 0.027788 0.685082 587.289978
-3.087602 -0.961526 1.540749 0.006078 -0.022236 0.667756 587.520020
-2.910196 -0.865032 1.574185 -0.009193 -0.094888 0.646475 587.780029
-3.108906 -0.880273 1.592510 -0.039069 -0.097542 0.628127 588.809998
-3.309896 -0.933907 1.579191 -0.019679 -0.040730 0.642209 589.010010
-3.509382 -0.985952 1.565882 -0.014314 -0.017780 0.658286 589.200012
-3.708137 -1.035829 1.552628 -0.001267 -0.009877 0.673488 589.390015
-3.910630 -1.089193 1.538969 0.043029 -0.017017 0.686197 589.590027
-4.098548 -1.156370 1.525712 0.071879 -0.022204 0.694594 589.789978
-4.274407 -1.250843 1.512305 0.071659 -0.010538 0.699170 590.000000
-4.433201 -1.373039 1.498633 0.058685 -0.018194 0.695692 590.219971
-4.578969 -1.521690 1.484954 0.035664 -0.015944 0.684973 590.450012
-4.711854 -1.681266 1.473526 0.007880 -0.011820 0.667485 590.679993
-4.840322 -1.840170 1.466670 -0.008500 -0.030773 0.643347 590.909973
-4.976388 -1.996460 1.464931 -0.014704 -0.039486 0.613825 591.140015
-5.118758 -2.143347 1.467495 -0.012549 -0.041391 0.581412 591.359985
-5.265409 -2.281537 1.472667 -0.010353 -0.024659 0.547844 591.570007
-5.416502 -2.415186 1.479345 -0.004611 -0.016890 0.515335 591.780029
-5.574927 -2.550424 1.487180 0.001257 -0.019209 0.486175 592.000000
-5.733268 -2.681964 1.495715 -0.025429 -0.016570 0.464359 592.219971
-5.895977 -2.799873 1.505503 -0.054456 -0.023566 0.451381 592.440002
-6.078110 -2.898131 1.516937 -0.054962 -0.014233 0.446043 592.669983
-6.270017 -2.969824 1.529356 -0.043647 -0.016415 0.447480 592.900024
-6.467279 -3.022975 1.541582 0.008760 -0.014084 0.451207 593.130005
-6.659113 -3.080245 1.552606 0.058629 -0.025049 0.454621 593.359985
-6.847153 -3.169662 1.562421 0.073042 -0.032673 0.455295 593.599976
-7.016205 -3.290796 1.569880 0.061995 -0.031834 0.451789 593.830017
-7.163211 -3.426352 1.575240 0.044693 -0.021318 0.444221 594.039978
-7.302905 -3.577018 1.579751 0.043483 -0.010869 0.431751 594.250000
-7.432435 -3.738723 1.583719 0.038687 -0.004005 0.414670 594.460022
-7.550490 -3.907454 1.587139 0.019518 0.007923 0.393769 594.669983
-7.662629 -4.081895 1.589569 -0.013059 -0.007710 0.367860 594.890015
-7.780120 -4.250692 1.590254 -0.033952 -0.039560 0.337723 595.119995
-7.913803 -4.400671 1.588997 -0.040049 -0.038601 0.303798 595.349976
-8.072104 -4.535503 1.585300 -0.025324 -0.043730 0.266592 595.590027
-8.240379 -4.650858 1.579960 -0.009070 -0.041835 0.229620 595.820007
-8.413156 -4.755538 1.573433 0.001818 -0.034804 0.193741 596.039978
-8.593000 -4.858843 1.565834 0.010778 -0.031533 0.157827 596.260010
-8.767927 -4.958444 1.558004 0.007186 -0.012360 0.124223 596.469971
-8.948146 -5.061524 1.548773 -0.000980 -0.017730 0.089462 596.690002
-9.127605 -5.159403 1.537525 -0.014886 -0.032082 0.055268 596.909973
-9.312335 -5.246528 1.524110 -0.022314 -0.026819 0.021325 597.130005
-9.500764 -5.319802 1.508717 -0.017749 -0.026044 -0.011747 597.349976
-9.691904 -5.381308 1.491474 -0.007192 -0.030300 -0.044003 597.570007
-9.884186 -5.434781 1.473729 -0.021199 0.027387 -0.075598 597.789978
-10.079348 -5.482872 1.455475 -0.039098 0.091610 -0.110372 598.049988
-10.255809 -5.580806 1.442128 0.125859 -0.030124 -0.175171 598.989990
-10.330593 -5.767773 1.451467 0.105422 -0.029486 -0.192316 599.340027
-10.411449 -5.954331 1.459599 0.066226 -0.019865 -0.206017 599.580017
-10.493912 -6.137779 1.466798 0.032692 -0.012661 -0.220655 599.789978
-10.581699 -6.324518 1.474762 0.009565 -0.033149 -0.238013 600.000000
-10.679830 -6.503184 1.484784 0.000769 -0.055791 -0.257561 600.210022
-10.795684 -6.667849 1.497196 0.000665 -0.060620 -0.279795 600.419983
-10.930307 -6.817815 1.511762 0.004122 -0.052128 -0.304651 600.630005
-11.079878 -6.955592 1.528072 0.004308 -0.035629 -0.331648 600.840027
-11.236884 -7.083283 1.542868 -0.001391 -0.019773 -0.360249 601.049988
-11.401995 -7.207151 1.545816 0.007013 -0.019734 -0.391558 601.270020
-11.567929 -7.324168 1.529309 0.007288 -0.016059 -0.423939 601.489990
-11.732695 -7.434883 1.495683 -0.007713 -0.003199 -0.456786 601.710022
-11.897326 -7.541774 1.453690 0.010309 -0.007582 -0.491166 601.940002
-12.066254 -7.650216 1.413220 0.032467 -0.016208 -0.527216 602.179993
-12.234447 -7.758305 1.383221 0.040093 -0.018614 -0.561788 602.409973
-12.404259 -7.867517 1.363914 0.035866 -0.015361 -0.594743 602.630005
-12.579415 -7.981049 1.354200 0.020172 0.011941 -0.627322 602.849976
-12.747219 -8.100661 1.355679 0.025771 0.041248 -0.660113 603.070007
-12.898915 -8.234797 1.367556 0.017767 0.046979 -0.692920 603.289978
-13.037452 -8.389909 1.388251 0.016987 0.040041 -0.726941 603.520020
-13.159510 -8.556315 1.413688 0.019302 0.010736 -0.760616 603.750000
-13.279075 -8.723911 1.436305 0.024734 -0.047532 -0.793930 603.979980
-13.416535 -8.875317 1.451139 0.030456 -0.074165 -0.826752 604.210022
-13.581654 -9.002501 1.456170 0.031330 -0.070067 -0.859100 604.440002
-13.763533 -9.103057 1.452258 0.025546 -0.050738 -0.889777 604.659973
-13.949547 -9.183558 1.443766 -0.005357 -0.029944 -0.918725 604.869995
-14.142935 -9.252061 1.435432 0.003862 -0.026261 -0.948703 605.090027
-14.335087 -9.308174 1.431366 0.019564 -0.023787 -0.978411 605.309998
-14.531002 -9.357195 1.433379 0.029232 -0.019382 -1.008130 605.530029
-14.733166 -9.403252 1.441390 0.033970 -0.014158 -1.038118 605.750000
-14.931996 -9.446733 1.453158 0.025962 -0.018466 -1.067209 605.960022
-15.134727 -9.486018 1.466104 0.014005 -0.037794 -1.096653 606.169983
-15.340151 -9.512407 1.478186 0.010110 -0.047052 -1.126276 606.380005
-15.547999 -9.521873 1.488240 0.011298 -0.044974 -1.156308 606.590027
-15.757636 -9.515710 1.495791 0.012085 -0.035126 -1.186701 606.799988
-15.965494 -9.498217 1.500597 -0.030723 -0.004396 -1.217062 607.010010
-16.166830 -9.473302 1.502730 -0.093916 0.034109 -1.250489 607.239990
-16.366201 -9.440148 1.501305 -0.115493 0.053463 -1.294767 607.619995
-16.566912 -9.445081 1.523554 0.133173 -0.019752 -1.342152 608.500000
-16.770720 -9.463733 1.548242 0.092621 -0.014495 -1.357198 608.770020
-16.976727 -9.480790 1.569700 0.044342 -0.015455 -1.372144 608.989990
-17.185040 -9.493635 1.588011 0.029085 -0.023212 -1.389068 609.200012
-17.386782 -9.498715 1.601722 0.011177 -0.023288 -1.407351 609.400024
-17.594961 -9.495347 1.611444 0.003280 -0.019363 -1.428885 609.609985
-17.796041 -9.484389 1.616723 0.014194 -0.015794 -1.452823 609.820007
-18.001801 -9.467273 1.618755 -0.005662 -0.005631 -1.479903 610.039978
-18.204943 -9.447844 1.617330 0.004231 0.010861 -1.510204 610.270020
-18.408001 -9.434208 1.612978 0.025231 0.017873 -1.543204 610.510010
-18.612103 -9.431005 1.606925 0.024287 0.015683 -1.577321 610.750000
-18.819092 -9.436513 1.600049 0.034720 0.013223 -1.612319 610.989990
-19.022348 -9.448421 1.593039 -0.004339 0.038214 -1.646191 611.219971
-19.222031 -9.483127 1.583893 -0.052340 0.099578 -1.684199 611.460022
-19.402382 -9.581178 1.570145 -0.062176 0.114871 -1.724634 611.719971
-19.534763 -9.734775 1.553335 -0.048757 0.093929 -1.759889 611.960022
-19.634300 -9.915433 1.535599 -0.037659 0.022864 -1.789644 612.179993
-19.713371 -10.100153 1.518849 -0.032621 -0.073603 -1.816503 612.400024
-19.778309 -10.288659 1.501182 -0.017203 -0.115303 -1.850721 612.700012
-19.590570 -10.215777 1.513961 -0.077084 -0.085559 -1.874119 613.549988
-19.421040 -10.095610 1.525820 -0.057339 -0.056764 -1.857549 613.780029
-19.250900 -9.980011 1.537685 -0.038984 -0.034558 -1.836169 613.979980
-19.080275 -9.866850 1.549223 -0.001499 -0.016162 -1.810998 614.169983
-18.915747 -9.752319 1.558952 0.058935 -0.028145 -1.782342 614.359985
-18.762598 -9.615392 1.566089 0.095171 -0.047415 -1.747944 614.570007
-18.647360 -9.451369 1.568294 0.094024 -0.053248 -1.708103 614.789978
-18.574284 -9.256901 1.565066 0.067516 -0.054748 -1.664414 615.020020
-18.537472 -9.053121 1.558150 0.039111 -0.031170 -1.621100 615.239990
-18.520304 -8.853024 1.549561 0.013847 -0.021632 -1.581344 615.450012
-18.509970 -8.653262 1.540194 -0.004435 -0.019704 -1.543065 615.659973
-18.498034 -8.445238 1.531335 -0.016949 -0.021549 -1.504389 615.880005
-18.479834 -8.237391 1.524801 -0.020673 -0.020691 -1.467316 616.099976
-18.454342 -8.030380 1.520782 -0.015530 -0.009286 -1.432188 616.320007
-18.423452 -7.827816 1.519154 -0.015875 -0.017462 -1.398269 616.539978
-18.388483 -7.627078 1.519570 -0.009161 -0.011545 -1.366059 616.760010
-18.352119 -7.429964 1.521246 -0.003851 -0.012663 -1.335194 616.979980
-18.315693 -7.227247 1.524009 -0.003919 -0.030031 -1.303867 617.210022
-18.283251 -7.021008 1.527415 0.000551 -0.026197 -1.273278 617.440002
-18.257462 -6.821835 1.530714 -0.000030 -0.022375 -1.244579 617.659973
-18.236200 -6.622817 1.533705 -0.005990 -0.020342 -1.216206 617.880005
-18.214573 -6.415224 1.533581 -0.030262 -0.006262 -1.186748 618.109985
-18.181681 -6.209613 1.527262 -0.047348 0.000414 -1.157474 618.340027
-18.132685 -6.015412 1.515202 -0.037792 0.009248 -1.129902 618.559998
-18.065426 -5.818283 1.496802 -0.037126 0.001372 -1.100163 618.789978
-17.988895 -5.632550 1.475286 -0.025448 -0.003998 -1.071517 619.010010
-17.906849 -5.448490 1.454397 -0.015968 -0.017524 -1.042485 619.229980
-17.826401 -5.263081 1.437848 -0.012177 -0.026736 -1.013021 619.450012
-17.751877 -5.074467 1.427067 -0.003738 -0.022496 -0.983428 619.669983
-17.685131 -4.885204 1.421925 -0.011761 -0.024051 -0.953402 619.890015
-17.623775 -4.693206 1.421670 -0.021986 -0.025466 -0.922886 620.109985
-17.564680 -4.495635 1.425160 -0.020775 -0.022375 -0.892001 620.330017
-17.510813 -4.303023 1.432339 -0.007361 -0.029890 -0.862223 620.539978
-17.465242 -4.107971 1.444036 -0.001133 -0.037449 -0.832189 620.750000
-17.432041 -3.911284 1.459536 0.009704 -0.027724 -0.802099 620.960022
-17.410597 -3.708345 1.479229 -0.000076 -0.026787 -0.770713 621.179993
-17.399172 -3.507010 1.501757 -0.006897 -0.021893 -0.739505 621.400024
-17.393686 -3.307523 1.524649 -0.001802 0.000565 -0.708506 621.619995
-17.385656 -3.108177 1.542642 -0.033896 0.033577 -0.676125 621.849976
-17.353945 -2.908526 1.550015 -0.054563 0.045819 -0.642633 622.090027
-17.287838 -2.711255 1.544481 -0.057057 0.038957 -0.608391 622.330017
-17.200171 -2.528692 1.529555 -0.037203 0.026198 -0.576654 622.549988
-17.099300 -2.350455 1.509238 0.048885 0.013707 -0.546605 622.770020
-16.995041 -2.181122 1.485161 0.109235 0.003545 -0.515217 623.030029
-16.850084 -2.043339 1.453763 -0.101761 0.075850 -0.452971 623.929993
-16.660704 -1.959834 1.460282 -0.089390 0.058771 -0.431436 624.309998
-16.475811 -1.866402 1.467405 -0.058595 0.036773 -0.413825 624.559998
-16.292307 -1.768789 1.474009 -0.031676 0.020019 -0.396363 624.780029
-16.112106 -1.671213 1.480938 -0.007762 0.021113 -0.377820 624.989990
-15.930857 -1.578397 1.489507 0.005688 0.031657 -0.356794 625.200012
-15.746611 -1.496594 1.500046 0.007050 0.037976 -0.333273 625.409973
-15.557277 -1.426655 1.512509 0.003235 0.037495 -0.307482 625.619995
-15.362419 -1.366156 1.526687 -0.000866 0.030964 -0.279551 625.830017
-15.165137 -1.312074 1.541667 0.000944 0.013674 -0.250110 626.039978
-14.971192 -1.262388 1.556948 -0.002510 0.016820 -0.219461 626.250000
-14.770104 -1.214262 1.570675 0.008760 0.030725 -0.186354 626.469971
-14.566514 -1.174895 1.579420 0.018265 0.036095 -0.152790 626.690002
-14.367745 -1.148896 1.582196 0.018902 0.037734 -0.120801 626.900024
-14.163921 -1.133724 1.579879 0.014666 0.036647 -0.089425 627.109985
-13.956031 -1.126707 1.573291 0.010300 0.013656 -0.059697 627.320007
-13.752079 -1.124949 1.563584 0.010222 0.004185 -0.033489 627.530029
-13.546505 -1.127841 1.551116 0.009835 0.017418 -0.012363 627.750000
-13.343448 -1.135154 1.537308 0.008307 0.029901 0.001568 627.969971
-13.138895 -1.144843 1.523800 -0.026755 0.001526 0.010450 628.190002
-12.935364 -1.138909 1.513070 -0.099277 -0.023689 0.018770 628.419983
-12.740768 -1.078325 1.506447 -0.109046 -0.035922 0.029324 628.669983
-12.579309 -0.956877 1.504448 -0.093296 -0.022949 0.039785 628.919983
-12.442806 -0.787317 1.506866 -0.070711 -0.000312 0.053271 629.169983
-12.332229 -0.611329 1.511556 -0.033123 0.009895 0.069674 629.390015
-12.227832 -0.436589 1.516502 0.001554 0.036494 0.088506 629.599976
-12.113689 -0.269076 1.520540 0.021072 0.048801 0.110642 629.809998
-11.978417 -0.109388 1.522726 0.029897 0.038312 0.135967 630.030029
-11.830014 0.031837 1.522486 0.018630 0.042768 0.164218 630.250000
-11.669216 0.160248 1.520144 0.011318 0.025990 0.193824 630.469971
-11.503243 0.279571 1.516222 0.002944 0.016111 0.221887 630.690002
-11.330901 0.396168 1.511526 0.036587 0.008519 0.246093 630.919983
-11.150264 0.492641 1.507093 0.086776 0.019859 0.262821 631.159973
-10.948868 0.543187 1.503429 0.094946 0.028092 0.268301 631.409973
-10.747034 0.543489 1.500795 0.076171 0.029581 0.262107 631.640015
-10.541836 0.512606 1.498894 0.045202 0.015515 0.246617 631.859985
-10.343412 0.466927 1.497586 0.022296 0.015666 0.225856 632.070007
-10.145841 0.415479 1.496580 0.010034 0.025126 0.199736 632.280029
-9.947020 0.364261 1.495408 0.002751 0.025518 0.169006 632.489990
-9.746840 0.316033 1.493795 0.001007 0.028912 0.136349 632.700012
-9.544559 0.271794 1.492483 -0.020907 0.025280 0.105789 632.909973
-9.342749 0.241176 1.494215 -0.079119 0.013056 0.081174 633.119995
-9.138654 0.246268 1.501005 -0.105929 0.004340 0.064401 633.340027
-8.945806 0.299698 1.512860 -0.099267 0.004018 0.056833 633.559998
-8.763648 0.396284 1.529214 -0.073959 0.005391 0.058997 633.780029
-8.599677 0.515171 1.546622 -0.021231 -0.034777 0.070914 633.989990
-8.447665 0.646685 1.563840 0.040119 -0.088168 0.087412 634.219971
-8.306177 0.790551 1.582034 0.082709 -0.097222 0.117913 634.590027
-8.161980 0.648423 1.575278 0.081440 0.083190 0.138649 635.369995
-8.025516 0.498196 1.563024 0.059838 0.068682 0.113578 635.630005
-7.878190 0.351492 1.550141 0.039898 0.049118 0.084749 635.849976
-7.729327 0.210279 1.538862 0.018164 0.034747 0.054273 636.049988
-7.573443 0.069249 1.531288 0.002222 0.027726 0.020819 636.250000
-7.413787 -0.066243 1.529107 -0.001902 0.026378 -0.014980 636.450012
-7.251536 -0.194867 1.532481 -0.002598 0.020661 -0.052281 636.650024
-7.088500 -0.317117 1.540936 0.000833 0.018845 -0.090422 636.849976
-6.918663 -0.439567 1.553254 -0.018426 0.001833 -0.129450 637.059998
-6.745808 -0.551822 1.564819 -0.071316 0.014624 -0.165876 637.280029
-6.561878 -0.631012 1.571178 -0.093001 0.020461 -0.194183 637.510010
-6.361520 -0.664140 1.569674 -0.078912 0.013489 -0.210666 637.750000
-6.155373 -0.655574 1.560324 -0.056945 0.026614 -0.216138 637.989990
-5.949651 -0.621983 1.546579 -0.037602 0.030367 -0.209289 638.219971
-5.745505 -0.576671 1.533946 -0.026442 0.028721 -0.192939 638.440002
-5.545834 -0.526560 1.525173 -0.018157 0.027756 -0.169728 638.650024
-5.343052 -0.473210 1.520669 -0.011931 0.026739 -0.140374 638.859985
-5.148024 -0.421543 1.520317 -0.007332 0.023208 -0.107931 639.059998
-4.953757 -0.370692 1.522433 0.008071 0.003578 -0.073398 639.260010
-4.757282 -0.323892 1.523579 0.035203 0.009334 -0.038772 639.469971
-4.557599 -0.292703 1.520545 0.047710 0.026287 -0.007969 639.690002
-4.356802 -0.284369 1.511842 0.043788 0.032928 0.013841 639.909973
-4.151442 -0.296061 1.497814 0.038841 0.026259 0.025284 640.130005
-3.953696 -0.324668 1.484196 0.066538 0.008307 0.026120 640.340027
-3.761168 -0.379592 1.474720 0.081523 -0.006090 0.017272 640.549988
-3.580530 -0.465396 1.470663 0.065055 -0.022548 -0.000341 640.760010
-3.409985 -0.580767 1.472750 0.050916 -0.011569 -0.024319 640.979980
-3.254061 -0.714014 1.481114 0.030002 0.003195 -0.054142 641.200012
-3.104822 -0.851858 1.492008 -0.045983 0.021340 -0.086465 641.419983
-2.936924 -0.971597 1.502391 -0.100627 0.040656 -0.118927 641.659973
-2.744172 -1.036467 1.508353 -0.099610 0.031690 -0.141940 641.909973
-2.543584 -1.043597 1.508317 -0.077406 0.035759 -0.155231 642.150024
-2.338302 -1.013725 1.504003 -0.046666 0.023004 -0.156823 642.380005
-2.137260 -0.965847 1.498653 -0.029165 0.017696 -0.149888 642.599976
-1.936105 -0.908070 1.494597 -0.018641 0.019834 -0.134998 642.820007
-1.745081 -0.848850 1.492700 -0.006791 0.007353 -0.114003 643.030029
-1.549993 -0.786935 1.493167 -0.005160 0.020307 -0.086441 643.250000
-1.356224 -0.726687 1.495704 0.001038 0.017781 -0.054351 643.469971
-1.163412 -0.670675 1.497105 0.012839 0.025595 -0.020053 643.690002
-0.968914 -0.623299 1.495413 0.017070 0.028597 0.014247 643.909973
-0.771765 -0.585809 1.489998 0.015441 0.020189 0.046535 644.130005
-0.565538 -0.555578 1.480414 0.010479 0.026759 0.076885 644.359985
-0.367179 -0.532294 1.468503 0.005775 -0.009592 0.101014 644.580017
-0.162480 -0.511459 1.454489 0.000988 -0.087542 0.122485 644.830017
0.036236 -0.494133 1.437288 -0.008970 0.091391 0.159342 645.590027
0.233109 -0.444652 1.440616 -0.011616 0.111417 0.185560 646.090027
0.430609 -0.390860 1.446736 -0.007226 0.082025 0.202349 646.349976
0.628404 -0.335966 1.452446 -0.000112 0.037826 0.216383 646.570007
0.825238 -0.282868 1.457664 0.019757 0.023903 0.226802 646.780029
1.024554 -0.237840 1.462188 0.033350 0.023388 0.232518 646.989990
1.226891 -0.206004 1.465544 0.034120 0.022310 0.232427 647.200012
1.431634 -0.187198 1.467727 0.024272 0.019989 0.226186 647.409973
1.637069 -0.177330 1.468981 0.012913 0.022580 0.214058 647.619995
1.842000 -0.171491 1.469707 0.003327 0.009071 0.196616 647.830017
2.051215 -0.166293 1.469872 -0.002068 0.014200 0.174940 648.049988
2.256193 -0.159437 1.469900 -0.003375 0.019053 0.151677 648.270020
2.458617 -0.150177 1.469895 -0.003128 0.014691 0.128721 648.489990
2.666814 -0.138508 1.470083 -0.001896 0.025433 0.106659 648.719971
2.866974 -0.125786 1.470326 -0.001058 0.029607 0.088551 648.940002
3.070408 -0.112000 1.470375 -0.000908 0.032896 0.073840 649.159973
3.278462 -0.097382 1.470202 -0.000796 0.032932 0.062382 649.380005
3.481395 -0.083066 1.469854 0.004079 0.031246 0.052907 649.590027
3.687787 -0.070540 1.469803 0.011190 0.029132 0.043150 649.799988
3.896442 -0.062644 1.470340 0.013137 0.014867 0.031882 650.010010
4.101977 -0.060342 1.471344 0.011380 0.008866 0.019833 650.219971
4.311172 -0.063057 1.472826 0.008242 0.017072 0.007251 650.440002
4.515752 -0.069348 1.474514 0.003214 -0.005148 -0.004781 650.659973
4.718060 -0.077013 1.473738 -0.003900 0.007348 -0.014458 650.890015
4.922489 -0.082717 1.468163 -0.007680 0.032790 -0.019959 651.130005
5.123608 -0.084404 1.458209 -0.008556 0.040737 -0.022229 651.359985
5.324813 -0.082422 1.445095 -0.006973 0.038058 -0.024346 651.580017
5.532221 -0.078055 1.430041 0.001910 0.019139 -0.027736 651.799988
5.738969 -0.075038 1.415097 0.010842 0.022860 -0.033086 652.020020
5.945756 -0.077328 1.401482 0.013920 0.031396 -0.040012 652.239990
6.146155 -0.085804 1.390318 0.012200 0.027669 -0.046206 652.450012
6.348329 -0.099396 1.383141 0.005443 0.022067 -0.050850 652.659973
6.550113 -0.115178 1.382288 -0.000671 0.024922 -0.053766 652.869995
6.751648 -0.130525 1.388085 -0.003800 0.011608 -0.055102 653.080017
6.958369 -0.144467 1.399970 -0.004600 0.014776 -0.055213 653.299988
7.161223 -0.155963 1.416422 -0.003869 0.002292 -0.054241 653.520020
7.367976 -0.165724 1.434626 -0.001756 -0.075239 -0.052201 653.760010
7.568780 -0.173379 1.457620 0.001247 -0.151465 -0.049236 654.130005
7.772870 -0.184390 1.460722 -0.000365 0.116353 -0.045886 654.989990
7.978834 -0.195102 1.456406 -0.000703 0.092875 -0.041119 655.270020
8.179481 -0.204464 1.451770 -0.006338 0.048998 -0.033297 655.489990
8.384357 -0.210945 1.447488 -0.014627 0.036676 -0.022132 655.700012
8.584614 -0.211623 1.443830 -0.016801 0.020205 -0.008004 655.900024
8.793234 -0.205603 1.440467 -0.014351 0.005658 0.009076 656.109985
8.994914 -0.193820 1.437681 -0.010534 0.015257 0.026564 656.320007
9.201967 -0.177193 1.435405 -0.005066 0.016883 0.044138 656.539978
9.406616 -0.158823 1.434054 0.003052 0.025009 0.058517 656.760010
9.612267 -0.141984 1.433749 0.007654 0.025134 0.067892 656.979980
9.818315 -0.128669 1.434189 0.008100 0.012504 0.072119 657.200012
10.020893 -0.119229 1.435232 0.006827 0.023985 0.072453 657.419983
10.223726 -0.112675 1.436365 0.006279 0.022766 0.069323 657.640015
10.427413 -0.108730 1.436461 0.008667 0.027885 0.062586 657.859985
10.633725 -0.108099 1.434758 0.008988 0.026564 0.051987 658.080017
10.841342 -0.110924 1.431058 0.006807 0.014111 0.038941 658.299988
11.045458 -0.116438 1.425456 0.003731 0.018065 0.025843 658.520020
11.247530 -0.123171 1.418306 0.000429 0.025760 0.013617 658.739990
11.450981 -0.129657 1.409951 -0.001602 0.022282 0.002846 658.960022
11.654349 -0.135084 1.400934 -0.002323 0.017247 -0.006124 659.179993
11.855719 -0.139247 1.391447 -0.002133 0.025409 -0.013194 659.400024
12.057941 -0.142342 1.382961 -0.002502 0.022229 -0.018087 659.619995
12.260886 -0.144253 1.380975 -0.003949 0.027735 -0.020383 659.840027
12.466096 -0.144512 1.388269 -0.004015 0.018244 -0.019850 660.059998
12.668942 -0.143102 1.401401 -0.002498 0.003340 -0.017190 660.280029
12.873229 -0.140517 1.415009 -0.001166 0.022369 -0.013113 660.510010
13.077432 -0.137586 1.424517 -0.000597 0.034724 -0.008115 660.739990
13.278576 -0.134766 1.428333 -0.000247 0.041888 -0.002230 660.960022
13.487972 -0.132003 1.427126 -0.000487 0.026794 0.004884 661.179993
13.689884 -0.129175 1.423751 -0.002299 0.014816 0.012336 661.390015
13.898425 -0.125243 1.421165 -0.003472 0.022622 0.020170 661.609985
14.106565 -0.119727 1.421382 -0.003517 0.026381 0.027254 661.830017
14.306435 -0.112929 1.424301 -0.002347 0.025092 0.032439 662.039978
14.507179 -0.105169 1.427207 -0.000024 0.024926 0.035972 662.250000
14.708927 -0.097362 1.427823 0.001626 0.030209 0.038021 662.460022
14.913347 -0.090106 1.425097 0.002261 0.030028 0.038812 662.669983
15.120257 -0.083645 1.418793 0.002117 0.026780 0.038614 662.880005
15.327177 -0.077976 1.409707 0.001297 -0.013926 0.037610 663.090027
15.533147 -0.073015 1.398723 0.000020 -0.091569 0.035958 663.320007
15.734277 -0.069021 1.388316 -0.002026 -0.148811 0.032834 663.679993
15.935641 -0.081145 1.382263 0.009428 0.116598 0.002933 664.549988
16.136242 -0.096448 1.389389 0.004378 0.096012 -0.014695 664.830017
16.344736 -0.111467 1.396130 -0.004793 0.054672 -0.028233 665.059998
16.551184 -0.122933 1.402727 -0.019603 0.034951 -0.037076 665.270020
16.752764 -0.126514 1.409263 -0.024762 0.021288 -0.040841 665.469971
16.953205 -0.121013 1.415758 -0.021620 0.003888 -0.039547 665.669983
17.156424 -0.106770 1.422359 -0.016560 0.010034 -0.033113 665.880005
17.363529 -0.085304 1.428990 -0.008671 0.013064 -0.020540 666.099976
17.566660 -0.061546 1.433394 0.009128 0.020856 -0.005322 666.320007
17.768703 -0.042878 1.433975 0.019700 0.025324 0.008661 666.539978
17.971064 -0.033712 1.430497 0.020276 0.014955 0.018750 666.760010
18.171083 -0.034035 1.423236 0.016818 0.025452 0.023918 666.979980
18.372089 -0.041736 1.413296 0.011356 0.018233 0.022634 667.200012
18.572117 -0.054168 1.404467 0.007057 0.019391 0.016200 667.419983
18.780378 -0.069891 1.400198 0.004304 0.030925 0.005463 667.650024
18.983139 -0.086139 1.401564 0.000216 0.022677 -0.006434 667.869995
19.186726 -0.101419 1.404445 -0.010273 0.022718 -0.016859 668.090027
19.390749 -0.111602 1.405390 -0.015767 0.030584 -0.023404 668.309998
19.598473 -0.114547 1.402674 -0.015715 0.033745 -0.025826 668.530029
19.801329 -0.110951 1.396213 -0.012534 0.031623 -0.025638 668.739990
20.006815 -0.102706 1.387178 -0.005900 0.013908 -0.023955 668.950012
20.209055 -0.092559 1.379242 0.001631 0.014342 -0.021590 669.159973
20.417265 -0.083244 1.375111 0.005640 0.022495 -0.018613 669.380005
20.624222 -0.077098 1.375855 0.006332 0.015991 -0.015501 669.599976
20.828680 -0.074278 1.380360 0.005123 0.024715 -0.012319 669.820007
21.033987 -0.074101 1.387397 0.003199 0.031627 -0.009385 670.039978
21.243410 -0.075562 1.395704 0.001391 0.034011 -0.006937 670.260010
21.447763 -0.077621 1.403969 0.000200 0.025711 -0.005200 670.469971
21.652510 -0.079752 1.409527 -0.000155 0.010709 -0.004054 670.679993
21.852715 -0.081752 1.407764 -0.000042 0.018051 -0.003445 670.890015
22.059513 -0.083753 1.396822 0.000271 0.009296 -0.003395 671.109985
22.260862 -0.085868 1.380859 0.002008 0.011578 -0.004370 671.330017
22.466400 -0.088968 1.364956 0.003351 0.025083 -0.006771 671.559998
22.673643 -0.093650 1.353751 0.003533 0.036709 -0.010509 671.789978
22.878555 -0.099732 1.348704 0.002842 0.037132 -0.014841 672.010010
23.079533 -0.106696 1.348361 0.001541 0.000650 -0.019269 672.219971
23.285852 -0.114577 1.350544 -0.000067 -0.081245 -0.023962 672.450012
23.489359 -0.123194 1.355673 -0.001795 -0.140938 -0.029795 672.780029
23.690212 -0.141188 1.371498 0.006222 0.136639 -0.052093 673.650024
23.894985 -0.162144 1.382866 0.002692 0.107548 -0.063858 673.940002
24.099684 -0.182030 1.390809 -0.008586 0.068824 -0.071523 674.159973
24.305231 -0.197937 1.395345 -0.021181 0.042509 -0.075201 674.359985
24.507401 -0.206367 1.396384 -0.024181 0.017825 -0.074746 674.549988
24.707518 -0.206784 1.394089 -0.020372 -0.003794 -0.070981 674.739990
24.907974 -0.199792 1.389342 -0.010784 -0.009007 -0.064622 674.940002
25.114931 -0.187681 1.384511 0.000211 0.008043 -0.055784 675.159973
25.314627 -0.176241 1.382560 0.005760 0.012770 -0.045882 675.380005
25.518867 -0.167926 1.384321 0.007182 0.017159 -0.035351 675.609985
25.721350 -0.163917 1.390253 0.005868 0.030511 -0.025349 675.840027
25.925674 -0.163388 1.398673 0.002787 0.004789 -0.016502 676.070007
26.132614 -0.164364 1.406550 -0.001563 0.022128 -0.007621 676.309998
26.339777 -0.164613 1.411379 -0.003699 0.036934 0.001130 676.549988
26.546076 -0.162998 1.412649 -0.003949 0.042015 0.009105 676.780029
26.752680 -0.159540 1.410833 -0.003068 0.039849 0.015923 677.000000
26.957157 -0.154818 1.406859 -0.001909 0.036274 0.021182 677.210022
27.166637 -0.149209 1.401369 -0.000725 0.026149 0.024839 677.419983
27.367222 -0.143590 1.395923 0.000845 0.020729 0.026831 677.619995
27.576466 -0.138080 1.391233 0.002024 0.019650 0.027595 677.830017
27.783197 -0.133449 1.388223 0.002229 0.006934 0.027337 678.039978
27.983568 -0.129873 1.386910 0.001824 0.010468 0.026865 678.250000
28.188093 -0.126955 1.387162 0.000414 0.023303 0.026440 678.469971
28.392780 -0.124112 1.388577 -0.000782 0.027569 0.026091 678.690002
28.598570 -0.120777 1.390513 -0.001267 0.013182 0.025762 678.909973
28.801062 -0.116857 1.392451 -0.001274 0.023184 0.025125 679.130005
29.003197 -0.112314 1.394292 -0.000725 0.018008 0.024043 679.349976
29.203871 -0.107485 1.396047 0.000504 0.017739 0.022607 679.570007
29.412172 -0.102723 1.398126 0.001306 0.031313 0.020891 679.799988
29.615271 -0.098695 1.400475 0.001322 0.034924 0.018514 680.020020
29.824272 -0.095165 1.403119 0.001011 0.034592 0.014378 680.239990
30.028580 -0.092302 1.404294 0.003312 0.029371 0.008748 680.450012
30.235476 -0.090845 1.401783 0.005693 0.029739 0.002149 680.659973
30.443834 -0.091723 1.394987 0.005690 0.009512 -0.004789 680.869995
30.647251 -0.094932 1.383927 0.004856 0.010834 -0.010000 681.080017
30.854744 -0.100335 1.368396 0.003096 0.013889 -0.011985 681.299988
31.057716 -0.106745 1.352153 -0.003007 0.009950 -0.010495 681.520020
31.264790 -0.111721 1.338034 -0.007491 0.025065 -0.006202 681.750000
31.470655 -0.112878 1.328227 -0.007285 -0.021119 0.000379 681.979980
31.674557 -0.109983 1.321461 -0.003086 -0.093814 0.008925 682.239990
31.874430 -0.102610 1.321879 0.006108 0.069566 0.018697 682.950012
32.074345 -0.111129 1.349630 0.007665 0.126595 0.004840 683.460022
32.277012 -0.121356 1.370047 0.002797 0.084988 -0.005532 683.710022
32.478897 -0.130878 1.386238 -0.006043 0.047882 -0.013118 683.919983
32.681644 -0.137570 1.398225 -0.011599 0.034924 -0.017376 684.119995
32.888428 -0.139926 1.405589 -0.012309 0.026406 -0.017928 684.320007
33.095974 -0.137762 1.408179 -0.010329 0.022877 -0.015182 684.520020
33.302525 -0.131940 1.406618 -0.007106 0.012323 -0.009619 684.719971
33.504044 -0.123726 1.402028 -0.004012 -0.000734 -0.002090 684.919983
33.706203 -0.113843 1.395032 -0.001978 0.010617 0.006885 685.130005
33.911705 -0.103055 1.386823 -0.000736 0.009405 0.016726 685.349976
34.111832 -0.092366 1.378587 -0.000081 0.017924 0.026267 685.570007
34.319199 -0.081472 1.370652 0.000203 0.024825 0.035331 685.799988
34.525677 -0.070991 1.364115 0.002562 0.000799 0.042645 686.030029
34.732357 -0.061989 1.359876 0.006259 0.021303 0.046846 686.270020
34.939156 -0.056272 1.358747 0.007293 0.039703 0.046170 686.510010
35.146229 -0.053892 1.360427 0.006715 0.039118 0.040115 686.739990
35.352867 -0.054261 1.364291 0.007455 0.036068 0.030399 686.960022
35.556065 -0.057305 1.369797 0.007149 0.031354 0.018976 687.169983
35.761700 -0.062919 1.376449 0.005200 0.012003 0.006574 687.380005
35.963348 -0.070418 1.383806 0.003294 0.015400 -0.005649 687.590027
36.170910 -0.079431 1.391990 0.001576 0.009281 -0.017621 687.809998
36.371849 -0.088491 1.398374 -0.006108 -0.000976 -0.027287 688.030029
36.571922 -0.094529 1.399268 -0.013578 0.021249 -0.032772 688.260010
36.779156 -0.093921 1.393219 -0.013853 0.016189 -0.032046 688.500000
36.985371 -0.086241 1.380913 -0.010664 0.026816 -0.027332 688.739990
37.185738 -0.074339 1.367824 -0.003663 0.034257 -0.020543 688.969971
37.392887 -0.061468 1.358428 0.001542 0.036056 -0.012651 689.200012
37.596855 -0.050628 1.354378 0.003943 0.020405 -0.004899 689.419983
37.800934 -0.042161 1.355624 0.004192 0.024233 0.002600 689.640015
38.005268 -0.036025 1.361397 0.004288 0.006183 0.009214 689.859985
38.211727 -0.032542 1.369695 0.013018 0.003445 0.013821 690.090027
38.418579 -0.035930 1.378441 0.018842 0.025938 0.014015 690.330017
38.618195 -0.048047 1.385752 0.011270 0.026138 0.009764 690.559998
38.820892 -0.064640 1.391817 -0.006381 0.033830 0.005006 690.789978
39.029377 -0.077458 1.396791 -0.014872 0.018932 0.002805 691.020020
39.232777 -0.082562 1.399671 -0.012115 -0.064389 0.004165 691.250000
39.436668 -0.080446 1.401474 -0.002680 -0.137939 0.007377 691.559998
39.641216 -0.087866 1.393107 0.017990 0.118608 -0.013657 692.479980
39.843506 -0.116673 1.387111 0.010796 0.101487 -0.036787 692.789978
40.043560 -0.145359 1.381473 -0.001420 0.060011 -0.056286 693.020020
40.244862 -0.171064 1.375972 -0.018975 0.039757 -0.072030 693.229980
40.453800 -0.189135 1.370546 -0.025408 0.023072 -0.083408 693.440002
40.662983 -0.196742 1.365195 -0.022224 0.005637 -0.089402 693.650024
40.866150 -0.194975 1.359944 -0.017132 0.013159 -0.089832 693.859985
41.074501 -0.186077 1.355003 -0.009010 0.007983 -0.083636 694.080017
41.277035 -0.174246 1.352300 0.007440 0.013662 -0.074089 694.299988
41.484581 -0.166566 1.354178 0.018577 0.026097 -0.064336 694.530029
41.692070 -0.169048 1.361236 0.019190 0.016001 -0.057708 694.760010
41.897297 -0.181558 1.372931 0.015431 0.026447 -0.054606 694.989990
42.104092 -0.201901 1.388271 0.009867 0.021438 -0.056274 695.219971
42.309940 -0.226942 1.404100 0.009756 0.006632 -0.062921 695.450012
42.509346 -0.256137 1.416838 0.016124 0.021990 -0.074719 695.679993
42.708092 -0.292416 1.424758 0.016854 0.022061 -0.092257 695.909973
42.907040 -0.336095 1.427456 0.013183 0.023126 -0.114102 696.140015
43.106339 -0.385341 1.425502 0.008652 0.027466 -0.138933 696.369995
43.306004 -0.438424 1.420934 0.022419 0.003763 -0.165967 696.599976
43.496258 -0.501140 1.417660 0.053574 0.007792 -0.194593 696.830017
43.682526 -0.591285 1.418390 0.056732 0.004481 -0.227158 697.070007
43.854786 -0.707486 1.423566 0.046713 0.011567 -0.260519 697.309998
44.010628 -0.837966 1.432795 0.033931 0.021433 -0.293255 697.539978
44.162251 -0.980335 1.444017 0.020574 0.005829 -0.327023 697.770020
44.305962 -1.127416 1.453171 0.032802 0.013016 -0.360370 698.000000
44.442181 -1.283737 1.457587 0.032674 0.010918 -0.394232 698.229980
44.570126 -1.448731 1.456571 0.025605 0.009839 -0.427833 698.460022
44.690884 -1.619139 1.450674 0.020898 0.018752 -0.460918 698.690002
44.803917 -1.785473 1.442257 -0.001418 0.021434 -0.492316 698.909973
44.920647 -1.948065 1.433552 -0.017823 0.035658 -0.523336 699.130005
45.048702 -2.103240 1.425875 -0.023750 0.024725 -0.553338 699.349976
45.192829 -2.254297 1.419690 -0.019791 0.027570 -0.584532 699.580017
45.339634 -2.390801 1.415757 -0.010792 0.028826 -0.614242 699.799988
45.491032 -2.524508 1.413941 0.029531 0.009087 -0.643633 700.020020
45.636314 -2.671530 1.414644 0.064505 0.002915 -0.675169 700.250000
45.754425 -2.833275 1.416785 0.038470 -0.049290 -0.709169 700.479980
45.847790 -3.012785 1.420213 -0.028463 -0.128332 -0.743672 700.760010
45.930168 -3.196752 1.436914 -0.019604 0.125593 -0.777274 701.669983
46.081070 -3.334388 1.457329 -0.015713 0.101905 -0.763908 702.000000
46.239941 -3.467318 1.476240 -0.009188 0.077002 -0.750845 702.239990
46.400600 -3.598518 1.493923 -0.010630 0.051912 -0.737002 702.450012
46.564644 -3.727751 1.507237 -0.030396 0.027105 -0.720953 702.650024
46.727768 -3.843863 1.513737 -0.043189 0.013879 -0.702806 702.840027
46.904907 -3.951745 1.513367 -0.039392 -0.008350 -0.680526 703.039978
47.090347 -4.045918 1.504912 -0.032560 -0.003155 -0.655838 703.250000
47.274155 -4.124161 1.489689 -0.023157 0.004227 -0.629084 703.460022
47.463955 -4.193975 1.470216 -0.029285 -0.012461 -0.599046 703.679993
47.664494 -4.247570 1.452915 -0.073221 -0.024769 -0.564614 703.919983
47.872215 -4.257124 1.444931 -0.088782 -0.021277 -0.527381 704.169983
48.074642 -4.217750 1.446688 -0.057439 -0.000232 -0.491595 704.409973
48.272549 -4.156771 1.451319 -0.000277 0.040574 -0.456831 704.640015
48.468624 -4.108002 1.454895 0.034105 0.047346 -0.422862 704.859985
48.668514 -4.084092 1.455348 0.043877 0.043929 -0.392077 705.080017
48.869637 -4.087205 1.451479 0.036030 0.044622 -0.367353 705.299988
49.071918 -4.113384 1.444361 0.053853 0.020872 -0.351731 705.520020
49.264809 -4.165753 1.436377 0.089700 0.010955 -0.345224 705.739990
49.446381 -4.259953 1.428467 0.089260 -0.000480 -0.349451 705.969971
49.603451 -4.391221 1.421550 0.068522 0.000150 -0.359454 706.200012
49.741703 -4.546292 1.415951 0.001789 0.024070 -0.370264 706.429993
49.883202 -4.698362 1.411869 -0.067717 0.038963 -0.379692 706.659973
50.047108 -4.819408 1.409088 -0.090941 0.042623 -0.383885 706.890015
50.238483 -4.900381 1.406623 -0.081158 0.038741 -0.381066 707.119995
50.442734 -4.945164 1.404343 -0.053491 0.020843 -0.371270 707.340027
50.645607 -4.967620 1.404928 -0.021982 0.015882 -0.357401 707.549988
50.848560 -4.982276 1.410888 -0.000481 0.019968 -0.339055 707.760010
51.048965 -4.998270 1.422237 0.010938 0.011306 -0.316973 707.969971
51.252571 -5.020524 1.439265 0.013649 0.019500 -0.291744 708.190002
51.452572 -5.050128 1.460473 0.011911 0.012799 -0.266631 708.409973
51.654774 -5.087552 1.483058 0.025140 0.001670 -0.243114 708.640015
51.853703 -5.138153 1.502991 0.037293 0.024433 -0.224429 708.880005
52.049400 -5.207823 1.517348 0.027633 0.026630 -0.213872 709.119995
52.237759 -5.285433 1.522552 -0.027417 0.026858 -0.207721 709.349976
52.431862 -5.349409 1.517380 -0.063992 0.030107 -0.201821 709.580017
52.636433 -5.383115 1.502138 -0.068994 0.030886 -0.193982 709.809998
52.842007 -5.385524 1.479832 -0.054863 0.024907 -0.183256 710.030029
53.040665 -5.366936 1.454872 -0.018986 -0.037844 -0.168763 710.239990
53.237057 -5.334495 1.427953 0.018165 -0.100074 -0.153840 710.479980
53.428604 -5.286914 1.395127 0.032884 -0.075645 -0.129219 710.960022
53.615711 -5.361948 1.437585 0.030190 0.124651 -0.146390 711.729980
53.797150 -5.441365 1.476303 0.015925 0.085102 -0.172877 711.979980
53.980350 -5.519189 1.511676 0.005198 0.037878 -0.199768 712.190002
54.170586 -5.599518 1.542326 0.015179 0.013293 -0.229640 712.400024
54.356342 -5.683541 1.561785 0.029245 0.014371 -0.262236 712.609985
54.534924 -5.775759 1.568201 0.028623 -0.001440 -0.297324 712.820007
54.709774 -5.879836 1.561304 0.025766 0.009056 -0.334404 713.039978
54.875851 -5.990926 1.542831 0.021089 0.020498 -0.371962 713.260010
55.037964 -6.108952 1.518197 0.026833 0.019464 -0.409631 713.479980
55.195164 -6.235837 1.493523 0.033331 0.022063 -0.446901 713.700012
55.346344 -6.373715 1.472528 0.027333 0.011597 -0.483895 713.919983
55.489395 -6.518840 1.456591 0.020901 0.014468 -0.519406 714.140015
55.626186 -6.668523 1.446093 0.016229 0.019563 -0.553716 714.359985
55.759792 -6.821918 1.440645 0.013741 0.027831 -0.586949 714.580017
55.893623 -6.979832 1.439324 0.010850 0.032265 -0.619448 714.799988
56.023487 -7.134880 1.440618 0.007589 0.031040 -0.649921 715.010010
56.155510 -7.292881 1.443416 0.003832 0.021559 -0.679880 715.219971
56.286972 -7.449813 1.446373 -0.009049 0.000619 -0.707389 715.429993
56.422718 -7.602606 1.446905 -0.054035 0.005103 -0.730670 715.650024
56.576221 -7.735918 1.444104 -0.089939 0.000401 -0.745347 715.880005
56.760120 -7.832365 1.440590 -0.105595 -0.008604 -0.749073 716.119995
56.960190 -7.877824 1.438454 -0.091421 -0.007815 -0.742719 716.349976
57.168430 -7.884760 1.438591 -0.067359 0.000249 -0.728198 716.570007
57.376724 -7.869094 1.441037 -0.037172 0.000980 -0.706727 716.780029
57.575909 -7.843735 1.444511 -0.014421 0.003014 -0.681010 716.979980
57.780437 -7.814413 1.448075 -0.008426 0.016534 -0.649831 717.190002
57.981808 -7.787608 1.450922 0.001536 0.011041 -0.615330 717.400024
58.186745 -7.764277 1.452601 -0.000199 0.016007 -0.577034 717.619995
58.387608 -7.745945 1.453049 -0.005766 0.021260 -0.537403 717.840027
58.587296 -7.731269 1.452462 -0.005178 0.014847 -0.497525 718.059998
58.793655 -7.718002 1.450902 -0.011183 0.022891 -0.456360 718.289978
59.000961 -7.705668 1.448522 -0.006551 0.021926 -0.416221 718.520020
59.209351 -7.695621 1.445101 -0.001653 0.030942 -0.377540 718.750000
59.412048 -7.690922 1.440781 -0.000158 0.034633 -0.341910 718.969971
59.619286 -7.691660 1.435168 0.000580 0.032610 -0.307565 719.190002
59.820606 -7.696805 1.428030 0.000324 0.031455 -0.275814 719.400024
60.024773 -7.705399 1.418977 -0.000773 0.030066 -0.244878 719.609985
60.231464 -7.716334 1.408142 -0.002213 0.030626 -0.214516 719.820007
60.440727 -7.728570 1.395956 -0.002498 0.023169 -0.184553 720.030029
60.646873 -7.740771 1.383337 0.002530 -0.045339 -0.155858 720.239990
60.852768 -7.752185 1.369903 0.007562 -0.110240 -0.125466 720.489990
61.051472 -7.763824 1.350200 -0.002966 0.061295 -0.070727 721.210022
61.251831 -7.769717 1.353900 -0.005227 0.132139 -0.044184 721.750000
61.456661 -7.773336 1.356495 -0.004217 0.081807 -0.028557 722.000000
61.659466 -7.775359 1.357505 -0.005680 0.048061 -0.014360 722.210022
61.862946 -7.775308 1.357231 -0.006477 0.032885 -0.000935 722.409973
62.068882 -7.772865 1.355456 -0.005841 0.007483 0.011757 722.609985
62.269157 -7.768284 1.352171 -0.004657 0.008794 0.022804 722.809998
62.473106 -7.761717 1.347506 -0.003096 0.012429 0.032282 723.020020
62.680786 -7.753668 1.342146 -0.001013 0.005203 0.039766 723.239990
62.881248 -7.745409 1.337262 0.000753 0.021014 0.044804 723.460022
63.090096 -7.737113 1.333467 0.001792 0.031111 0.047782 723.690002
63.294048 -7.729709 1.331336 0.001974 0.036170 0.048792 723.909973
63.494297 -7.723088 1.330445 0.001631 0.029596 0.048390 724.119995
63.697224 -7.716879 1.329689 0.001229 0.019801 0.046906 724.330017
63.899059 -7.711082 1.328185 0.000958 0.023394 0.044674 724.539978
64.100899 -7.705535 1.325518 0.000707 0.027251 0.041499 724.750000
64.304283 -7.700081 1.321628 0.000430 0.025717 0.036187 724.960022
64.507835 -7.694931 1.317736 0.005734 0.013110 0.028078 725.169983
64.717003 -7.692286 1.316038 0.012365 0.016375 0.016343 725.390015
64.923119 -7.695229 1.318410 0.013625 0.012300 0.001377 725.609985
65.125107 -7.704258 1.324646 0.011559 0.014195 -0.013850 725.830017
65.332199 -7.718697 1.333324 -0.000186 0.022884 -0.026745 726.059998
65.539635 -7.732394 1.339035 -0.017606 0.030230 -0.034122 726.289978
65.742180 -7.737552 1.338725 -0.024675 0.036221 -0.034562 726.510010
65.950813 -7.732065 1.331852 -0.023025 0.032234 -0.027994 726.729980
66.154373 -7.717756 1.319846 -0.016898 0.025914 -0.015740 726.940002
66.358559 -7.697522 1.305614 -0.003686 0.013162 0.000054 727.150024
66.559158 -7.676618 1.293083 0.007525 0.021213 0.015527 727.359985
66.767532 -7.658869 1.284177 0.011512 0.009551 0.028768 727.580017
66.970848 -7.647105 1.280226 0.011036 0.014443 0.038477 727.799988
67.170807 -7.640756 1.281190 0.008603 0.026210 0.044269 728.020020
67.372864 -7.638194 1.286266 0.005738 0.033607 0.046347 728.239990
67.580040 -7.637735 1.294291 0.003045 0.031579 0.045471 728.460022
67.788162 -7.638158 1.302908 -0.000289 -0.036377 0.042418 728.679993
67.990265 -7.639267 1.310844 -0.003651 -0.105031 0.037501 728.929993
68.190834 -7.643435 1.318542 0.011380 0.094193 0.018561 729.729980
68.390388 -7.664768 1.319348 0.010144 0.113294 -0.006105 730.219971
68.593987 -7.685413 1.319476 0.004404 0.081355 -0.023817 730.479980
68.798706 -7.704925 1.320004 -0.006108 0.050235 -0.038224 730.700012
69.006882 -7.721024 1.322229 -0.012771 0.036656 -0.048588 730.909973
69.209702 -7.731479 1.325972 -0.012850 0.011673 -0.053920 731.109985
69.418633 -7.737021 1.331352 -0.009871 0.008940 -0.054453 731.320007
69.621307 -7.738328 1.337640 -0.007050 0.008498 -0.049276 731.530029
69.827759 -7.736490 1.342919 -0.008099 0.018251 -0.038898 731.750000
70.032104 -7.731380 1.344811 -0.008539 0.027539 -0.025019 731.969971
70.238541 -7.722971 1.342568 -0.007435 0.031880 -0.010214 732.190002
70.439278 -7.712326 1.336699 -0.005415 0.031690 0.001838 732.400024
70.642731 -7.700007 1.328582 0.000167 0.014509 0.010117 732.609985
70.843292 -7.688445 1.321741 0.009448 0.014192 0.014062 732.820007
71.049797 -7.681004 1.319142 0.013990 0.019555 0.013473 733.039978
71.254036 -7.680168 1.321829 0.013120 0.013004 0.008683 733.260010
71.454613 -7.685380 1.329881 0.009972 0.023640 0.001384 733.479980
71.655830 -7.694973 1.342486 0.006144 0.025528 -0.007182 733.700012
71.857841 -7.706697 1.355099 -0.004156 0.015595 -0.014701 733.919983
72.057808 -7.716126 1.361468 -0.013469 0.028883 -0.018789 734.140015
72.260437 -7.719457 1.358820 -0.016071 0.032676 -0.018729 734.359985
72.467522 -7.715768 1.347082 -0.013706 0.026782 -0.016989 734.580017
72.675789 -7.706531 1.330488 -0.003867 0.014332 -0.015382 734.799988
72.881027 -7.696046 1.316059 0.005498 0.022403 -0.014678 735.020020
73.085403 -7.688595 1.307713 0.009237 0.013093 -0.015121 735.239990
73.286392 -7.685822 1.306439 0.008923 0.017121 -0.016578 735.460022
73.494278 -7.687613 1.312531 0.006622 0.024737 -0.019361 735.690002
73.702843 -7.692955 1.322145 0.004948 0.019453 -0.023280 735.919983
73.910767 -7.700756 1.329300 0.003560 0.028023 -0.027654 736.150024
74.111259 -7.709827 1.331113 0.001990 0.017147 -0.031722 736.369995
74.319176 -7.720067 1.327377 -0.001116 0.018505 -0.033812 736.599976
74.525703 -7.729261 1.322524 -0.009064 0.028543 -0.032202 736.830017
74.726265 -7.733941 1.320866 -0.012449 0.027565 -0.026314 737.049988
74.928963 -7.733083 1.323394 -0.011084 0.017347 -0.017072 737.270020
75.129967 -7.727299 1.330173 -0.007896 0.023045 -0.006641 737.489990
75.331650 -7.718235 1.338218 -0.003975 0.032129 0.003967 737.710022
75.537811 -7.707694 1.344409 -0.000896 0.036795 0.014056 737.929993
75.740280 -7.697476 1.347088 0.000895 0.033379 0.022707 738.140015
75.946907 -7.687782 1.346146 0.001663 0.030686 0.030107 738.349976
76.154984 -7.678896 1.342016 0.001725 -0.013236 0.036047 738.559998
76.362587 -7.670806 1.335330 0.001004 -0.092796 0.040918 738.789978
76.563850 -7.664006 1.324358 -0.000630 -0.121054 0.045353 739.130005
76.766647 -7.688374 1.304311 0.022921 0.134761 0.026632 740.049988
76.966225 -7.719981 1.296979 0.014504 0.102872 0.003471 740.330017
77.167557 -7.750613 1.290513 -0.003114 0.042984 -0.018382 740.549988
77.370880 -7.777455 1.288565 -0.021415 0.027180 -0.037655 740.760010
77.576630 -7.794725 1.292941 -0.026875 0.024518 -0.053164 740.969971
77.783440 -7.800469 1.303743 -0.023571 0.020664 -0.063056 741.179993
77.989204 -7.796631 1.317585 -0.014768 0.013349 -0.066851 741.390015
78.191399 -7.787171 1.328305 -0.006043 0.019751 -0.065451 741.599976
78.392036 -7.776068 1.332471 -0.000580 0.025802 -0.059530 741.809998
78.593628 -7.765788 1.329038 0.001845 0.029286 -0.050751 742.020020
78.797455 -7.757350 1.319835 0.003108 0.029285 -0.040643 742.229980
79.003311 -7.751099 1.309317 0.003670 0.026826 -0.030157 742.440002
79.210205 -7.747014 1.300819 0.003346 0.014592 -0.020041 742.650024
79.413727 -7.744675 1.295766 0.002461 0.009935 -0.010928 742.859985
79.621246 -7.743506 1.294708 0.001301 0.019068 -0.003093 743.080017
79.825699 -7.743064 1.297468 0.000953 0.010208 0.002645 743.299988
80.034645 -7.743109 1.302697 0.001255 0.022863 0.006566 743.530029
80.243401 -7.743702 1.308996 0.001268 0.020525 0.008693 743.760010
80.451591 -7.744806 1.315100 0.001189 0.020184 0.010776 743.989990
80.659264 -7.746347 1.320650 0.000601 0.024187 0.014976 744.219971
80.867950 -7.747511 1.324708 -0.007560 0.021746 0.022054 744.450012
81.076759 -7.744706 1.326436 -0.013399 0.030309 0.032084 744.679993
81.279984 -7.735608 1.325961 -0.013962 0.035658 0.043266 744.900024
81.488770 -7.719963 1.323637 -0.011257 0.034603 0.053045 745.119995
81.692299 -7.700240 1.320417 -0.004621 0.018944 0.059095 745.330017
81.894333 -7.679277 1.318282 0.007875 0.011677 0.060908 745.539978
82.101669 -7.661481 1.319572 0.015541 0.022555 0.057858 745.760010
82.309029 -7.651021 1.325471 0.016763 0.028694 0.050007 745.979980
82.509720 -7.648090 1.334955 0.013864 0.026142 0.038979 746.190002
82.711998 -7.650729 1.344881 0.010321 0.023951 0.025922 746.400024
82.914658 -7.657307 1.351510 0.006866 0.027866 0.012145 746.609985
83.118874 -7.666307 1.353017 0.003721 0.026900 -0.001444 746.820007
83.324593 -7.676466 1.349010 0.001334 0.029673 -0.014047 747.030029
83.532295 -7.686878 1.340391 -0.000698 0.018877 -0.025101 747.239990
83.738014 -7.696582 1.330885 -0.004664 0.008672 -0.033580 747.450012
83.938042 -7.704043 1.324564 -0.007071 0.016670 -0.038471 747.659973
84.143661 -7.708589 1.323279 -0.006688 0.006534 -0.039279 747.880005
84.352119 -7.709974 1.328084 -0.005152 0.019267 -0.036654 748.109985
84.559006 -7.708992 1.338797 -0.003396 0.015397 -0.031404 748.340027
84.758858 -7.706568 1.351489 0.000042 -0.061939 -0.024489 748.570007
84.960526 -7.702692 1.365617 0.003711 -0.109651 -0.014539 748.880005
85.163139 -7.708104 1.390335 0.008139 0.135166 -0.012901 749.760010
85.365135 -7.722936 1.405010 0.004412 0.112954 -0.022992 750.070007
85.572136 -7.737457 1.416544 -0.001749 0.056069 -0.031130 750.299988
85.778336 -7.750019 1.425791 -0.011066 0.032481 -0.036428 750.510010
85.978767 -7.757787 1.432516 -0.015164 0.027275 -0.038154 750.710022
86.180504 -7.759953 1.436666 -0.014668 0.024085 -0.037186 750.909973
86.382248 -7.756843 1.438295 -0.011791 0.021586 -0.035722 751.109985
86.583115 -7.749829 1.437616 -0.004030 0.021202 -0.035167 751.309998
86.792801 -7.741630 1.434579 0.006915 0.023009 -0.035782 751.520020
87.001640 -7.736860 1.429514 0.012184 0.015993 -0.037658 751.729980
87.206833 -7.737516 1.422843 0.012350 0.006964 -0.039408 751.940002
87.414894 -7.743787 1.414893 0.006432 0.014019 -0.038850 752.159973
87.618690 -7.751619 1.408332 -0.026102 0.017815 -0.034739 752.380005
87.820816 -7.747677 1.405772 -0.049199 0.023585 -0.025710 752.599976
88.023842 -7.722033 1.407856 -0.050921 0.022371 -0.011055 752.820007
88.227356 -7.674388 1.414202 -0.041806 0.024658 0.008481 753.039978
88.421600 -7.613144 1.423548 -0.025270 0.010303 0.031826 753.250000
88.611038 -7.543656 1.434221 -0.017192 0.005876 0.058026 753.460022
88.802147 -7.466202 1.444899 -0.019152 0.013848 0.088120 753.679993
88.989067 -7.383389 1.454084 -0.017427 0.013617 0.120784 753.900024
89.172066 -7.296024 1.461086 -0.013430 0.014556 0.154963 754.119995
89.351639 -7.205863 1.465868 -0.010755 0.022638 0.189978 754.340027
89.530197 -7.113916 1.468795 -0.005192 0.012310 0.225347 754.559998
89.713684 -7.018437 1.470348 -0.004118 0.024533 0.261993 754.789978
89.898087 -6.923033 1.471115 -0.002594 0.021164 0.297996 755.020020
90.083160 -6.828022 1.471533 -0.002348 0.024268 0.330618 755.250000
90.269585 -6.733196 1.471593 0.002662 0.030358 0.357456 755.479980
90.452454 -6.643422 1.470943 0.010005 0.033936 0.377168 755.700012
90.642029 -6.556633 1.469348 0.012331 0.032458 0.391103 755.919983
90.828873 -6.477398 1.466875 0.010962 0.030445 0.399534 756.130005
91.020248 -6.401234 1.463595 0.008038 0.030317 0.403864 756.340027
91.215256 -6.326927 1.459842 0.004900 0.028415 0.404487 756.549988
91.403221 -6.256918 1.455904 0.002393 0.025121 0.401927 756.750000
91.591095 -6.187527 1.451593 0.001232 0.009915 0.396840 756.950012
91.783691 -6.116760 1.446481 0.001470 0.013366 0.389701 757.159973
91.972374 -6.047873 1.440847 0.001749 0.013007 0.381514 757.369995
92.165680 -5.977922 1.434565 0.001537 0.009035 0.372607 757.590027
92.353989 -5.910410 1.427890 0.001284 0.024817 0.364039 757.809998
92.543106 -5.843016 1.421315 0.001519 0.028486 0.355808 758.030029
92.735260 -5.775211 1.417638 0.003852 0.029192 0.347455 758.250000
92.931175 -5.707819 1.419333 0.005008 0.028807 0.338748 758.469971
93.129341 -5.641945 1.426363 0.004312 0.010930 0.329867 758.690002
93.324013 -5.579279 1.438272 0.003162 0.020923 0.321600 758.909973
93.516502 -5.518772 1.453351 0.001723 -0.018081 0.314121 759.130005
93.711098 -5.458670 1.469362 0.000513 -0.093406 0.307060 759.380005
93.779999 -5.272701 1.498526 -0.134399 -0.005871 0.300207 760.280029
93.673080 -5.094093 1.505461 -0.103687 -0.002650 0.320168 760.549988
93.577194 -4.914511 1.511304 -0.069744 -0.002296 0.341616 760.760010
93.485046 -4.735411 1.516827 -0.040788 -0.001524 0.364762 760.950012
93.391808 -4.551068 1.522297 -0.013934 0.013072 0.390884 761.140015
93.305206 -4.368066 1.527385 -0.000789 0.040363 0.419977 761.330017
93.231361 -4.177498 1.532187 0.003517 0.053123 0.452819 761.530029
93.177299 -3.979451 1.536342 0.011121 0.045630 0.488408 761.739990
93.143723 -3.776106 1.539955 -0.003296 0.039668 0.526630 761.960022
93.126854 -3.573443 1.542970 0.003460 0.018581 0.565016 762.179993
93.119087 -3.368235 1.544054 0.001508 0.011096 0.604372 762.409973
93.116776 -3.162181 1.540874 -0.017063 0.018344 0.644451 762.650024
93.116982 -2.955824 1.533324 -0.017172 0.012968 0.683194 762.890015
93.116928 -2.748116 1.521999 -0.026805 0.020215 0.720307 763.130005
93.115631 -2.543194 1.509375 -0.029647 0.023234 0.754797 763.359985
93.112862 -2.339711 1.502216 -0.028648 0.023761 0.787019 763.580017
93.108826 -2.139186 1.504091 -0.021626 0.018727 0.817337 763.789978
93.103729 -1.936860 1.514835 -0.008999 0.007450 0.845946 764.000000
93.097839 -1.729219 1.534913 -0.008262 0.012569 0.871390 764.219971
93.094955 -1.526090 1.556810 0.033202 0.032016 0.891604 764.440002
93.114418 -1.322474 1.570548 0.071224 0.054220 0.907221 764.669983
93.174408 -1.131074 1.569882 0.074368 0.038140 0.914317 764.900024
93.271751 -0.955762 1.553850 0.056921 0.039407 0.917807 765.130005
93.397629 -0.791523 1.524727 0.040317 0.033181 0.917045 765.359985
93.537712 -0.643461 1.491986 0.068459 0.013458 0.911344 765.580017
93.699226 -0.516907 1.461320 0.086073 0.000477 0.900017 765.799988
93.883690 -0.420817 1.436053 0.079572 -0.002372 0.883601 766.020020
94.077209 -0.356226 1.418220 0.062552 0.002140 0.863553 766.229980
94.281540 -0.311564 1.406484 0.034288 -0.004055 0.838868 766.440002
94.486664 -0.279959 1.399918 0.018397 0.004462 0.811391 766.650024
94.688560 -0.254175 1.397464 0.007718 0.012472 0.781280 766.859985
94.896194 -0.226985 1.398482 0.000422 0.021124 0.747683 767.080017
95.100677 -0.194877 1.402458 -0.002124 0.024710 0.712703 767.299988
95.302193 -0.156499 1.408416 -0.004277 0.017670 0.677147 767.520020
95.499352 -0.113218 1.415344 0.002156 0.027628 0.641344 767.739990
95.696022 -0.065731 1.422751 0.001714 0.015073 0.605786 767.960022
95.889893 -0.016946 1.429942 0.007002 0.017793 0.570965 768.179993
96.091507 0.031498 1.436272 0.041489 0.011304 0.535288 768.409973
96.297615 0.062761 1.440238 0.066424 0.002239 0.499504 768.640015
96.499115 0.065440 1.441265 0.056887 -0.010652 0.465090 768.859985
96.698761 0.042655 1.439708 0.049007 0.000124 0.432763 769.080017
96.897461 0.000684 1.436368 0.028165 -0.002144 0.400657 769.299988
97.095299 -0.053244 1.431598 -0.028986 -0.060584 0.369493 769.530029
97.288345 -0.114979 1.428138 -0.101480 -0.135611 0.339445 769.840027
97.492126 -0.134744 1.408988 0.028407 0.137512 0.276091 770.780029
97.699997 -0.122579 1.399117 0.020148 0.102392 0.259096 771.059998
97.907967 -0.110123 1.389263 0.010472 0.042118 0.243233 771.280029
98.107552 -0.099244 1.379550 0.011872 0.025237 0.227343 771.479980
98.308533 -0.091039 1.369221 0.013891 0.022056 0.209152 771.679993
98.509590 -0.086585 1.358212 0.013782 0.019843 0.188480 771.880005
98.709961 -0.086141 1.347577 0.015428 0.021464 0.165454 772.080017
98.909920 -0.090242 1.339382 0.017196 0.019370 0.140145 772.280029
99.118774 -0.100184 1.334680 0.014661 0.010115 0.111444 772.489990
99.322472 -0.115265 1.333900 0.009991 0.004119 0.081408 772.700012
99.528206 -0.134665 1.336995 0.007076 0.017289 0.048982 772.919983
99.730057 -0.155938 1.343172 -0.000821 0.000500 0.016308 773.140015
99.932220 -0.175644 1.352025 -0.023687 0.010747 -0.014205 773.369995
100.138031 -0.182934 1.363088 -0.033866 0.022933 -0.038178 773.609985
100.343452 -0.172577 1.374445 -0.022920 0.007008 -0.051676 773.849976
100.544037 -0.150704 1.384608 -0.007419 0.028353 -0.056665 774.090027
100.748436 -0.126487 1.392850 0.001975 0.025289 -0.053123 774.330017
100.954659 -0.105391 1.398232 0.010289 0.012724 -0.044424 774.570007
101.157654 -0.091179 1.400344 0.013354 0.032803 -0.034124 774.809998
101.357826 -0.085479 1.399631 0.010938 0.043402 -0.025198 775.039978
101.559349 -0.085954 1.397011 0.007302 0.044221 -0.017174 775.260010
101.760597 -0.089877 1.393265 0.003320 0.025494 -0.009560 775.469971
101.963326 -0.095082 1.389294 -0.001618 0.015291 -0.002101 775.679993
102.172737 -0.099604 1.386013 -0.004579 0.024740 0.005066 775.900024
102.372978 -0.101755 1.384249 -0.005238 0.028647 0.010298 776.109985
102.574760 -0.101549 1.383778 -0.003152 0.017553 0.012689 776.320007
102.774872 -0.100018 1.383714 0.001609 0.020363 0.012249 776.530029
102.983208 -0.099064 1.383437 0.004711 0.020557 0.009302 776.750000
103.189850 -0.100145 1.382583 0.005260 0.013052 0.005329 776.969971
103.392632 -0.103536 1.380816 0.004937 0.022458 0.002950 777.190002
103.594604 -0.108904 1.378313 0.001043 0.014476 0.003518 777.409973
103.802925 -0.114442 1.375232 -0.007600 0.022039 0.007321 777.640015
104.011024 -0.115981 1.372122 -0.011628 0.030687 0.013984 777.869995
104.213943 -0.111846 1.369342 -0.011225 0.034717 0.022208 778.090027
104.422493 -0.102447 1.366885 -0.008335 0.028126 0.031325 778.309998
104.629898 -0.089476 1.364126 -0.003662 -0.049166 0.040855 778.530029
104.831200 -0.074268 1.360689 0.000926 -0.109997 0.050887 778.789978
105.032379 -0.064328 1.356623 0.019444 0.119773 0.055314 779.659973
105.235054 -0.086223 1.362246 0.013542 0.108801 0.029395 780.070007
105.435806 -0.107166 1.366681 0.006311 0.073142 0.007361 780.320007
105.640137 -0.127488 1.370029 -0.002241 0.035621 -0.012134 780.539978
105.842102 -0.144868 1.372239 -0.017064 0.025876 -0.027600 780.750000
106.045647 -0.154810 1.372916 -0.024811 0.025852 -0.038102 780.960022
106.250496 -0.154526 1.371888 -0.024263 0.025106 -0.043842 781.169983
106.455963 -0.144910 1.369196 -0.012076 0.018740 -0.046803 781.380005
106.659981 -0.131190 1.365471 0.004309 0.022391 -0.048693 781.590027
106.863548 -0.120133 1.361196 0.013094 0.028141 -0.050290 781.799988
107.068474 -0.115480 1.356713 0.014926 0.029627 -0.051827 782.010010
107.275337 -0.117841 1.352174 0.012520 0.024472 -0.053255 782.219971
107.480606 -0.125726 1.347798 0.006042 -0.006554 -0.054339 782.429993
107.683899 -0.136028 1.343247 -0.004468 0.004737 -0.052863 782.650024
107.888298 -0.144328 1.338623 -0.010266 0.019089 -0.047350 782.880005
108.090530 -0.147595 1.334184 -0.013049 0.011478 -0.037083 783.109985
108.297844 -0.143654 1.331077 -0.021478 0.026990 -0.021451 783.349976
108.499290 -0.129582 1.330634 -0.022690 0.028253 -0.001105 783.580017
108.703995 -0.105040 1.332460 -0.017063 0.019436 0.023742 783.809998
108.906982 -0.072832 1.335356 -0.015261 0.012933 0.051930 784.039978
109.106339 -0.034015 1.337014 -0.018810 0.025053 0.082706 784.270020
109.306046 0.012890 1.336390 -0.016458 0.020447 0.115651 784.500000
109.505272 0.066784 1.333099 -0.012357 0.024547 0.146348 784.729980
109.705284 0.125788 1.327375 -0.007327 0.025516 0.171056 784.960022
109.897491 0.184252 1.324019 0.006127 0.016629 0.187686 785.179993
110.097572 0.240940 1.330573 0.016720 0.025298 0.197689 785.409973
110.292076 0.287176 1.347946 0.013349 0.028489 0.201308 785.630005
110.490837 0.328265 1.367869 -0.006417 0.033747 0.202234 785.849976
110.693840 0.372835 1.383045 -0.018996 0.032811 0.203465 786.070007
110.890305 0.423724 1.389726 -0.022338 0.030895 0.206707 786.280029
111.088081 0.483700 1.387843 -0.019981 0.029633 0.213114 786.489990
111.285606 0.550756 1.379376 -0.001619 0.009047 0.222519 786.700012
111.478386 0.615859 1.369174 0.028661 0.012334 0.231602 786.909973
111.678574 0.669854 1.360785 0.042239 0.020408 0.238266 787.130005
111.882103 0.704675 1.356845 0.040486 0.025213 0.240098 787.349976
112.090958 0.722353 1.357851 0.031001 0.026725 0.236164 787.570007
112.294655 0.727937 1.362982 0.015409 0.019162 0.228155 787.780029
112.498108 0.729370 1.371170 -0.013687 0.017587 0.219320 787.989990
112.697914 0.737595 1.381598 -0.031331 0.022348 0.212298 788.200012
112.901451 0.760679 1.393018 -0.030764 -0.028927 0.209951 788.419983
113.098862 0.797811 1.403685 -0.017346 -0.100241 0.210492 788.669983
113.288246 0.865114 1.421039 -0.024526 0.123647 0.226531 789.530029
113.470924 0.954627 1.435752 -0.023535 0.120371 0.254297 789.919983
113.657150 1.044625 1.448212 -0.014389 0.084628 0.278796 790.159973
113.838272 1.131999 1.460093 -0.006956 0.057808 0.299950 790.359985
114.021324 1.219657 1.471997 0.000341 0.024548 0.318363 790.549988
114.205170 1.306194 1.484015 0.008220 0.010454 0.334387 790.739990
114.394951 1.391751 1.496491 0.012044 0.012720 0.348513 790.940002
114.582024 1.470777 1.508750 0.011686 0.017213 0.359677 791.140015
114.768097 1.544301 1.520724 0.009186 0.019034 0.367913 791.340027
114.962875 1.617160 1.532978 0.005842 0.020817 0.373515 791.549988
115.157364 1.687411 1.544984 0.004137 0.021060 0.375093 791.760010
115.350853 1.753936 1.554862 0.043869 -0.001588 0.371735 791.969971
115.550446 1.801435 1.560158 0.090466 -0.014212 0.361548 792.190002
115.756386 1.806525 1.558741 0.086397 -0.028791 0.342951 792.419983
115.953293 1.767262 1.549943 0.054694 -0.017000 0.320683 792.650024
116.149635 1.698469 1.533750 0.025731 0.021955 0.293364 792.890015
116.340324 1.625963 1.513700 0.001718 0.026138 0.262230 793.119995
116.534706 1.559250 1.490539 -0.006439 0.034667 0.228345 793.349976
116.725914 1.505003 1.466539 -0.007693 0.031532 0.194229 793.570007
116.926971 1.456620 1.442101 0.019869 -0.024472 0.158422 793.799988
117.122833 1.391289 1.419159 0.081046 -0.049169 0.117815 794.049988
117.289780 1.276273 1.400218 0.081680 -0.050135 0.075630 794.309998
117.415733 1.119692 1.385857 0.069745 -0.027400 0.037389 794.559998
117.516228 0.939458 1.374795 0.032475 0.006032 0.001430 794.799988
117.610405 0.757992 1.366102 0.016137 0.042382 -0.032742 795.030029
117.714401 0.584924 1.358785 0.007036 0.053642 -0.065391 795.250000
117.837128 0.415645 1.351645 0.004456 0.051711 -0.097639 795.469971
117.970039 0.258174 1.344552 0.004245 0.041848 -0.128134 795.679993
118.106827 0.111459 1.337379 0.007564 0.034064 -0.157056 795.880005
118.249687 -0.033305 1.329751 0.010406 0.026529 -0.185913 796.080017
118.394943 -0.176245 1.322422 -0.016959 0.013372 -0.213106 796.280029
118.548309 -0.311920 1.318479 -0.081709 0.017361 -0.237047 796.489990
118.725426 -0.416947 1.320877 -0.111973 0.025784 -0.255008 796.719971
118.919296 -0.465520 1.329854 -0.099865 0.024635 -0.261745 796.950012
119.127777 -0.466592 1.341273 -0.062512 0.026181 -0.258454 797.179993
119.326942 -0.443218 1.349782 -0.029026 0.032222 -0.247355 797.390015
119.531250 -0.412004 1.354830 -0.002087 0.015682 -0.228786 797.599976
119.733383 -0.382670 1.355458 0.010677 0.021350 -0.204455 797.809998
119.933388 -0.360558 1.351662 0.013653 0.019402 -0.175343 798.020020
120.139778 -0.345591 1.343061 0.005574 0.012731 -0.141086 798.239990
120.341537 -0.334739 1.329538 -0.005338 0.021528 -0.103790 798.460022
120.543182 -0.323154 1.311883 -0.010927 0.028422 -0.065622 798.679993
120.747612 -0.308731 1.293670 0.000400 0.026624 -0.030747 798.900024
120.954208 -0.295604 1.279464 0.012755 0.029202 -0.002890 799.119995
121.162720 -0.288815 1.271178 0.016306 0.013131 0.015896 799.340027
121.367973 -0.289741 1.268944 0.014874 0.018510 0.026303 799.559998
121.571457 -0.297293 1.272234 0.011254 0.015752 0.028595 799.780029
121.777031 -0.310014 1.278511 0.002680 -0.059826 0.023592 800.010010
121.976753 -0.327373 1.286220 -0.007515 -0.108617 0.011221 800.299988
122.173332 -0.364981 1.300319 0.027163 0.133999 -0.027175 801.219971
122.374619 -0.416290 1.308181 0.020324 0.116829 -0.048596 801.559998
122.574097 -0.465088 1.312702 0.010620 0.054956 -0.067872 801.789978
122.772659 -0.514945 1.315669 0.026370 0.017314 -0.087757 802.000000
122.968742 -0.574120 1.317451 0.045780 0.010210 -0.110278 802.210022
123.156975 -0.649133 1.317878 0.044555 -0.003692 -0.135984 802.419983
123.341057 -0.743610 1.316718 0.038647 0.002334 -0.164257 802.640015
123.514137 -0.851034 1.314320 0.029147 0.010632 -0.194333 802.859985
123.679779 -0.967027 1.311642 0.022200 0.005294 -0.226015 803.080017
123.844902 -1.093942 1.309948 0.025326 0.020480 -0.259677 803.309998
123.999657 -1.222131 1.310138 0.017105 0.011716 -0.293021 803.530029
124.156914 -1.359447 1.311850 0.013472 0.018946 -0.327652 803.760010
124.305847 -1.492958 1.315021 0.012702 0.029772 -0.360532 803.979980
124.457863 -1.629959 1.319436 0.001553 0.025281 -0.390791 804.200012
124.612930 -1.761714 1.324727 -0.075200 -0.003200 -0.414573 804.419983
124.795860 -1.863891 1.331919 -0.132253 -0.015107 -0.430205 804.669983
124.998611 -1.887407 1.339038 -0.115293 -0.023521 -0.434467 804.929993
125.198776 -1.842885 1.344401 -0.036203 0.008419 -0.435434 805.179993
125.393585 -1.785148 1.349306 0.036769 0.053193 -0.431010 805.419983
125.593918 -1.758126 1.355080 0.063431 0.050416 -0.424988 805.659973
125.795280 -1.774960 1.360603 0.058874 0.054131 -0.417352 805.900024
125.990402 -1.828623 1.365281 0.042454 0.036025 -0.410844 806.130005
126.183121 -1.907528 1.368005 0.046378 0.019664 -0.405846 806.359985
126.366196 -2.007640 1.367119 0.049280 0.022915 -0.404249 806.590027
126.532249 -2.122860 1.362483 0.037218 0.011233 -0.407574 806.809998
126.688301 -2.250158 1.354753 0.018096 0.005368 -0.411811 807.030029
126.843178 -2.384865 1.344948 -0.019976 0.017631 -0.414821 807.260010
127.001823 -2.507659 1.335229 -0.039471 0.036236 -0.414290 807.489990
127.176254 -2.613566 1.326416 -0.039999 0.042656 -0.408241 807.719971
127.360115 -2.700388 1.319125 -0.030630 0.040265 -0.396743 807.940002
127.547035 -2.772799 1.314713 -0.033162 0.013829 -0.380433 808.150024
127.745842 -2.832405 1.318833 -0.057477 0.007955 -0.359240 808.369995
127.946892 -2.865549 1.334837 -0.058680 -0.001039 -0.332997 808.590027
128.146408 -2.871075 1.361607 -0.047159 -0.001838 -0.305836 808.809998
128.350784 -2.853767 1.399506 -0.030767 0.009648 -0.281191 809.039978
128.552765 -2.826109 1.434696 0.032530 0.020851 -0.262533 809.270020
128.758499 -2.817344 1.451970 0.082113 0.029383 -0.252422 809.510010
128.956039 -2.852027 1.443823 0.082720 0.014557 -0.253289 809.750000
129.140335 -2.927602 1.416506 0.039651 0.018137 -0.257070 809.989990
129.318878 -3.022235 1.391062 -0.014334 0.033637 -0.260556 810.229980
129.506836 -3.109832 1.381870 -0.038194 0.039835 -0.260985 810.469971
129.702347 -3.175746 1.392586 -0.039941 0.038445 -0.256498 810.700012
129.902039 -3.221542 1.418701 -0.029964 0.012037 -0.246522 810.919983
130.097992 -3.252436 1.450850 -0.012253 -0.068563 -0.232235 811.140015
130.294968 -3.272213 1.489405 0.005885 -0.112676 -0.213207 811.429993
130.468567 -3.360473 1.536254 0.086597 0.114610 -0.197835 812.390015
130.595520 -3.517179 1.537679 0.063106 0.095675 -0.225685 812.690002
130.726944 -3.671723 1.536758 0.037863 0.067907 -0.253685 812.909973
130.863770 -3.827557 1.536077 0.017639 0.047401 -0.282701 813.109985
131.002426 -3.979909 1.536343 0.004044 0.029580 -0.312825 813.299988
131.143951 -4.129865 1.537587 -0.007340 0.005011 -0.344650 813.489990
131.289490 -4.279202 1.539981 -0.007558 0.002311 -0.379544 813.690002
131.437241 -4.426251 1.543686 -0.001854 0.009599 -0.417115 813.900024
131.581543 -4.566789 1.548590 0.000907 0.011813 -0.454843 814.109985
131.730164 -4.709527 1.555397 0.001507 0.021043 -0.494032 814.330017
131.879395 -4.850227 1.563987 0.002272 0.029461 -0.532513 814.549988
132.032043 -4.991459 1.573993 0.002561 0.031692 -0.570069 814.770020
132.181381 -5.127818 1.584446 0.002164 0.028431 -0.604927 814.979980
132.331985 -5.264140 1.594765 -0.008892 0.004997 -0.637485 815.190002
132.487534 -5.398160 1.603868 -0.032977 0.007542 -0.665959 815.409973
132.654861 -5.521292 1.610890 -0.044218 0.022030 -0.687011 815.640015
132.827042 -5.623527 1.614997 -0.041135 0.024146 -0.696698 815.859985
133.011139 -5.712834 1.613935 -0.042166 0.019660 -0.696145 816.080017
133.205124 -5.788844 1.604723 -0.040050 0.018265 -0.686036 816.299988
133.396881 -5.849410 1.588365 -0.026409 0.002952 -0.667981 816.510010
133.597092 -5.901797 1.564223 -0.017491 0.009726 -0.642837 816.729980
133.795578 -5.947702 1.534645 -0.010316 0.012627 -0.612031 816.950012
133.990005 -5.990950 1.503500 0.025287 -0.002208 -0.579188 817.169983
134.183380 -6.048526 1.473586 0.076886 0.015206 -0.546046 817.409973
134.358170 -6.146632 1.450427 0.082728 0.017183 -0.520908 817.659973
134.507782 -6.287006 1.435432 0.066106 0.022034 -0.506281 817.909973
134.630707 -6.445400 1.427964 0.044306 0.024251 -0.503241 818.140015
134.741440 -6.612659 1.424733 0.018714 0.013007 -0.509733 818.359985
134.848038 -6.782742 1.423649 0.005617 0.023877 -0.523686 818.580017
134.957108 -6.952077 1.423465 -0.000653 0.026186 -0.544740 818.799988
135.070938 -7.118852 1.423049 -0.003067 0.022270 -0.569362 819.020020
135.188492 -7.281632 1.421845 -0.010016 0.023597 -0.593131 819.239990
135.318756 -7.443306 1.420427 -0.060381 0.022460 -0.613390 819.469971
135.468643 -7.579031 1.419752 -0.087347 0.021575 -0.625672 819.700012
135.648224 -7.681636 1.418561 -0.051714 -0.048540 -0.624819 819.940002
135.842590 -7.748284 1.416229 0.003232 -0.102581 -0.620290 820.229980
136.042862 -7.738185 1.413377 -0.082019 0.095051 -0.596087 821.119995
136.239288 -7.696609 1.418079 -0.076706 0.097087 -0.573245 821.500000
136.442017 -7.663544 1.420682 -0.042199 0.057437 -0.550471 821.739990
136.644348 -7.633627 1.423287 -0.011054 0.035738 -0.528596 821.950012
136.843140 -7.609592 1.427475 0.001948 0.035280 -0.505718 822.150024
137.044312 -7.593640 1.433644 0.005140 0.034147 -0.480418 822.349976
137.246780 -7.586114 1.441579 0.003726 0.030426 -0.452985 822.549988
137.449509 -7.585293 1.450691 0.003392 0.019975 -0.423870 822.750000
137.649429 -7.589080 1.458559 0.006292 0.017377 -0.393477 822.950012
137.855118 -7.597957 1.462687 0.006626 0.023607 -0.360564 823.159973
138.059052 -7.612328 1.461360 0.004765 0.021350 -0.327111 823.369995
138.269989 -7.631347 1.454490 -0.002011 0.009292 -0.292106 823.590027
138.475204 -7.649920 1.443181 -0.010646 0.016981 -0.257232 823.809998
138.677750 -7.664882 1.429220 -0.012027 0.010210 -0.222659 824.030029
138.885696 -7.675290 1.412913 -0.011459 0.018263 -0.187467 824.260010
139.092743 -7.681218 1.396109 -0.009151 0.021983 -0.153027 824.489990
139.300385 -7.683769 1.381590 -0.009305 0.020159 -0.119464 824.719971
139.508179 -7.682767 1.371852 -0.009494 0.029733 -0.086723 824.950012
139.710281 -7.678656 1.367297 -0.003898 0.024942 -0.057181 825.169983
139.914261 -7.674017 1.364890 0.009897 0.026016 -0.032761 825.390015
140.119843 -7.674312 1.362310 0.017140 0.024884 -0.015960 825.609985
140.325745 -7.682398 1.358383 0.016690 0.014033 -0.007509 825.830017
140.528458 -7.697726 1.352250 0.013453 0.022645 -0.006576 826.049988
140.730530 -7.718416 1.344098 0.004110 0.019052 -0.012343 826.270020
140.931717 -7.739553 1.334906 -0.016447 0.025024 -0.021078 826.489990
141.134216 -7.752728 1.325654 -0.025831 0.025265 -0.029148 826.710022
141.337662 -7.754038 1.316795 -0.023766 0.012339 -0.034223 826.929993
141.537842 -7.744576 1.308562 -0.019338 0.023170 -0.035578 827.150024
141.737885 -7.727124 1.301465 -0.011151 0.016234 -0.031592 827.369995
141.945236 -7.704666 1.296286 -0.001913 0.021874 -0.023109 827.599976
142.152740 -7.682480 1.294340 0.002952 0.025364 -0.011332 827.830017
142.352386 -7.663779 1.295181 0.004603 0.018673 0.001690 828.049988
142.560410 -7.647418 1.298390 0.003872 0.032328 0.015876 828.280029
142.763672 -7.634161 1.303121 0.002157 0.035027 0.028170 828.500000
142.972534 -7.622159 1.308620 0.001528 0.024581 0.036999 828.719971
143.172974 -7.611666 1.312195 0.004111 0.018462 0.041926 828.929993
143.381332 -7.602668 1.312262 0.005835 0.022203 0.043864 829.150024
143.588364 -7.596315 1.308110 0.005396 0.009683 0.043011 829.369995
143.790588 -7.592490 1.299923 0.004092 0.019574 0.040293 829.590027
143.990326 -7.590415 1.288890 0.002265 -0.007573 0.036149 829.809998
144.196915 -7.589615 1.275557 -0.000556 -0.084565 0.030612 830.059998
144.398010 -7.590588 1.257720 -0.002265 -0.105749 0.021677 830.460022
144.599533 -7.594236 1.253358 0.000229 0.137168 0.006260 831.340027
144.803253 -7.594911 1.258186 -0.000716 0.096762 0.001294 831.609985
145.010910 -7.595042 1.261732 -0.000093 0.052929 -0.002767 831.830017
145.212921 -7.595169 1.264870 0.000918 0.036625 -0.006271 832.030029
145.419724 -7.595716 1.267681 0.001626 0.026680 -0.009193 832.229980
145.627197 -7.596939 1.270070 0.001949 0.020711 -0.010368 832.429993
145.833176 -7.598927 1.272129 0.001812 0.016374 -0.008769 832.630005
146.035217 -7.601443 1.273302 -0.001723 0.000685 -0.004461 832.830017
146.238495 -7.603222 1.272487 -0.006027 0.009621 0.002120 833.039978
146.444901 -7.602352 1.269303 -0.007616 0.010373 0.010400 833.260010
146.645874 -7.598056 1.263969 -0.006746 0.013345 0.019165 833.479980
146.852020 -7.590386 1.256552 -0.004727 0.024766 0.028037 833.710022
147.058212 -7.580644 1.248765 0.002572 0.017930 0.035551 833.940002
147.263687 -7.572440 1.243228 0.011914 0.029748 0.039258 834.169983
147.472549 -7.569852 1.241222 0.013481 0.017837 0.037631 834.400024
147.680481 -7.573529 1.242472 0.006873 0.014827 0.033020 834.630005
147.885544 -7.580245 1.246681 -0.000235 0.027281 0.027483 834.859985
148.093521 -7.586268 1.253321 -0.003613 0.037524 0.022789 835.090027
148.299316 -7.589719 1.261155 -0.004633 0.033529 0.021265 835.309998
148.500290 -7.590456 1.268705 -0.007326 0.026029 0.022985 835.520020
148.702667 -7.587838 1.275314 -0.009482 0.026599 0.027028 835.729980
148.905914 -7.581161 1.280440 -0.008801 0.013482 0.032942 835.940002
149.105637 -7.570952 1.283731 -0.006255 0.013872 0.041021 836.150024
149.310928 -7.557724 1.285415 -0.003463 0.021960 0.052731 836.369995
149.514557 -7.542720 1.286077 -0.009928 0.009996 0.068054 836.590027
149.722443 -7.522291 1.287507 -0.020131 0.023445 0.087886 836.820007
149.929001 -7.492268 1.290534 -0.020641 0.014698 0.111954 837.049988
150.131927 -7.452664 1.295194 -0.016208 0.021876 0.137821 837.280029
150.333649 -7.405565 1.301583 -0.010716 0.032669 0.163989 837.510010
150.530655 -7.355296 1.309059 -0.006015 0.036180 0.186720 837.729980
150.724075 -7.304265 1.317034 0.001829 0.032009 0.203545 837.940002
150.921555 -7.254332 1.325566 0.023407 0.027658 0.213821 838.150024
151.122940 -7.213661 1.334580 0.036573 0.025285 0.216351 838.359985
151.328232 -7.187366 1.343748 0.036855 0.022447 0.211020 838.570007
151.536118 -7.175365 1.352773 0.031438 0.017925 0.198281 838.780029
151.743576 -7.176785 1.360705 0.054530 0.000774 0.178659 838.989990
151.945694 -7.200558 1.366440 0.080059 -0.008089 0.152939 839.200012
152.139008 -7.255549 1.369197 0.069058 -0.024429 0.121162 839.409973
152.325500 -7.342350 1.368897 0.054161 -0.016060 0.085880 839.630005
152.497604 -7.450292 1.366272 0.033543 -0.008730 0.048124 839.849976
152.661469 -7.571902 1.361879 -0.023905 -0.061101 0.008165 840.080017
152.815567 -7.701425 1.355201 -0.061678 -0.090682 -0.037108 840.380005
152.893509 -7.540235 1.266060 -0.125400 0.015206 -0.083719 841.250000
152.910294 -7.347174 1.206246 -0.077766 0.015259 -0.062665 841.479980
152.932327 -7.155734 1.148518 -0.032292 0.007399 -0.036864 841.679993
152.956085 -6.959867 1.093627 -0.021245 -0.015258 -0.006049 841.880005
152.973022 -6.764585 1.048060 -0.023173 -0.033510 0.028648 842.080017
152.976013 -6.561249 1.013024 -0.006901 -0.037747 0.067742 842.289978
152.961639 -6.355797 0.990180 -0.013920 -0.031088 0.110395 842.510010
152.932693 -6.155848 0.979469 -0.018874 -0.020956 0.153665 842.729980
152.892365 -5.950957 0.977669 -0.008650 -0.008575 0.198397 842.960022
152.849167 -5.752149 0.981794 -0.024387 0.011364 0.241903 843.190002
152.810486 -5.551217 0.988844 -0.032201 0.021226 0.283820 843.419983
152.780533 -5.351632 0.996190 -0.038241 0.024082 0.322508 843.640015
152.757919 -5.152283 1.002438 -0.032147 0.020072 0.358273 843.849976
152.739609 -4.947978 1.007007 -0.005704 0.007073 0.392482 844.059998
152.723083 -4.739698 1.009954 -0.008140 -0.000430 0.426224 844.280029
152.705750 -4.538470 1.011411 -0.021255 -0.001435 0.458591 844.500000
152.683594 -4.331446 1.011854 -0.016048 -0.004531 0.491161 844.729980
152.656830 -4.128466 1.011495 -0.025506 0.002002 0.522504 844.960022
152.625916 -3.924444 1.010820 -0.035527 0.010019 0.553192 845.190002
152.593124 -3.723185 1.010196 -0.036936 0.014026 0.582502 845.409973
152.559692 -3.524389 1.009652 -0.025043 0.010681 0.610767 845.619995
152.525574 -3.324368 1.008929 -0.003397 0.002695 0.638877 845.830017
152.491837 -3.121823 1.008060 -0.005219 0.014311 0.668207 846.049988
152.463287 -2.923734 1.007347 -0.010638 0.022585 0.697652 846.270020
152.440018 -2.717448 1.006978 -0.007078 0.018101 0.728633 846.500000
152.422379 -2.512647 1.006767 -0.015942 0.022477 0.759675 846.729980
152.408310 -2.305006 1.006844 -0.026435 0.027835 0.790217 846.960022
152.396011 -2.099207 1.007142 -0.025534 0.024781 0.815965 847.179993
152.385620 -1.898480 1.007523 0.021873 0.027880 0.835515 847.390015
152.391830 -1.695473 1.008068 0.072016 0.049587 0.851015 847.609985
152.439835 -1.498586 1.008805 0.084200 0.060861 0.860643 847.840027
152.536438 -1.316506 1.009088 0.069336 0.054962 0.861612 848.070007
152.665802 -1.153102 1.009032 0.053272 0.042143 0.854987 848.289978
152.813354 -1.007461 1.009228 0.069059 0.021595 0.841715 848.500000
152.973007 -0.886549 1.009519 0.074065 0.003003 0.822850 848.700012
153.153046 -0.785796 1.008877 0.033961 -0.061320 0.796131 848.909973
153.343933 -0.708534 1.007012 -0.016561 -0.112156 0.765760 849.159973
153.540710 -0.671297 1.008013 -0.004531 0.027150 0.701555 849.830017
153.699509 -0.590175 1.107942 0.013667 0.118152 0.671963 850.419983
153.860764 -0.494949 1.184810 0.010884 0.090455 0.657206 850.669983
154.026123 -0.397196 1.256416 0.016648 0.049668 0.642342 850.880005
154.196793 -0.302332 1.318334 0.050488 0.020858 0.625396 851.080017
154.376984 -0.221811 1.365651 0.071166 0.004867 0.605328 851.280029
154.573776 -0.162695 1.396239 0.062107 -0.016309 0.580858 851.489990
154.780106 -0.129511 1.407791 0.052740 -0.004410 0.554846 851.710022
154.986298 -0.118950 1.402184 0.033564 -0.001090 0.526203 851.929993
155.189484 -0.122288 1.384733 0.015244 -0.000607 0.496017 852.150024
155.395126 -0.132421 1.360682 0.011049 0.015102 0.463642 852.380005
155.599274 -0.143834 1.336764 0.011560 0.027883 0.430285 852.609985
155.806137 -0.154217 1.316472 0.002970 0.012784 0.396364 852.840027
156.009338 -0.162673 1.302588 -0.002224 0.015442 0.362755 853.070007
156.217834 -0.166992 1.297666 -0.000740 0.030904 0.327943 853.309998
156.421555 -0.165510 1.302162 0.002313 0.038810 0.294771 853.539978
156.624222 -0.159823 1.313419 0.004499 0.041138 0.263092 853.760010
156.824799 -0.151970 1.328090 0.004264 0.020140 0.232944 853.969971
157.025391 -0.144399 1.342564 0.011968 0.016457 0.203137 854.179993
157.233765 -0.140518 1.354366 0.017045 0.019832 0.171979 854.400024
157.440720 -0.142777 1.361324 0.014423 0.008120 0.140906 854.619995
157.642731 -0.150836 1.363338 0.011540 0.016341 0.110454 854.840027
157.842377 -0.162702 1.360972 0.003388 0.023549 0.081162 855.059998
158.043091 -0.174691 1.355114 -0.004028 0.035665 0.054634 855.280029
158.249298 -0.183520 1.346732 -0.007351 0.035056 0.032004 855.500000
158.451218 -0.187985 1.337203 -0.007537 0.031781 0.014578 855.710022
158.656479 -0.188910 1.327133 -0.006032 0.020139 0.001393 855.919983
158.860580 -0.187225 1.318890 -0.003893 0.012023 -0.007818 856.130005
159.069702 -0.183819 1.314685 -0.002000 0.019367 -0.013691 856.349976
159.277115 -0.179746 1.316189 -0.000907 0.026983 -0.015788 856.570007
159.486374 -0.175632 1.323009 -0.000460 0.024193 -0.013647 856.789978
159.686569 -0.171748 1.331725 -0.002164 0.016382 -0.008161 857.000000
159.894135 -0.166955 1.339628 -0.004143 0.025833 -0.000029 857.219971
160.102585 -0.160548 1.344320 -0.004834 0.029535 0.008988 857.440002
160.304169 -0.152595 1.345027 -0.004411 0.030283 0.015995 857.650024
160.508438 -0.143012 1.342337 -0.002545 0.014661 0.019709 857.859985
160.715210 -0.132436 1.336734 0.002121 -0.063645 0.020010 858.080017
160.919632 -0.121971 1.327849 0.003946 -0.114633 0.016158 858.359985
161.120468 -0.098929 1.319439 -0.026829 0.119669 0.025216 859.260010
161.316879 -0.051716 1.329252 -0.020910 0.105439 0.051073 859.609985
161.512680 -0.003664 1.337923 -0.006102 0.062977 0.075592 859.849976
161.714340 0.042114 1.344121 0.038111 0.034499 0.097873 860.070007
161.914169 0.069805 1.346570 0.066061 0.023241 0.115458 860.280029
162.116150 0.070940 1.344976 0.062136 0.001312 0.126830 860.489990
162.322449 0.044775 1.338878 0.051472 0.004249 0.133669 860.710022
162.523102 -0.002908 1.329257 0.029372 0.007026 0.133209 860.929993
162.719040 -0.060417 1.319449 -0.007526 0.021534 0.126674 861.150024
162.914490 -0.110945 1.312528 -0.028729 0.033132 0.115734 861.369995
163.112335 -0.144563 1.309321 -0.033278 0.020931 0.102157 861.590027
163.318314 -0.160596 1.309859 -0.027236 0.031173 0.083376 861.820007
163.527206 -0.161155 1.312442 -0.012498 0.031380 0.062048 862.049988
163.731293 -0.154623 1.314171 0.000183 0.035673 0.040838 862.270020
163.931610 -0.147890 1.313844 0.006839 0.037641 0.021315 862.479980
164.137711 -0.143858 1.311020 0.008724 0.030380 0.003452 862.690002
164.346649 -0.143532 1.305905 0.007657 0.018852 -0.012074 862.900024
164.553528 -0.146505 1.299914 0.005681 0.013460 -0.024887 863.109985
164.756363 -0.151881 1.294775 0.003513 0.019707 -0.034903 863.320007
164.956436 -0.158738 1.291434 0.001571 0.007211 -0.042020 863.530029
165.159805 -0.166483 1.289930 0.000582 0.014418 -0.044893 863.750000
165.368195 -0.174701 1.290670 -0.002372 0.019941 -0.042172 863.979980
165.576035 -0.181561 1.294433 -0.008463 0.030068 -0.034748 864.210022
165.778488 -0.184425 1.301002 -0.010317 0.024452 -0.024457 864.429993
165.982162 -0.182764 1.309705 -0.008557 0.016502 -0.012501 864.650024
166.183899 -0.177341 1.319868 -0.005904 0.027613 -0.000276 864.869995
166.387054 -0.169488 1.330114 -0.002270 0.020625 0.011340 865.090027
166.590073 -0.160902 1.337442 0.001986 0.027363 0.020943 865.309998
166.794983 -0.153316 1.340235 0.004074 0.023787 0.027655 865.530029
167.000366 -0.147616 1.338193 0.004147 0.015201 0.031524 865.750000
167.203186 -0.143834 1.331820 0.003426 0.026494 0.033089 865.969971
167.407684 -0.141414 1.322131 0.002443 0.033064 0.032046 866.190002
167.616577 -0.139827 1.310625 0.004366 0.028135 0.027217 866.409973
167.818588 -0.140163 1.301215 0.012207 0.026900 0.018335 866.619995
168.022064 -0.145290 1.295514 0.015591 0.020959 0.004868 866.830017
168.224014 -0.156558 1.293821 0.013051 0.001936 -0.011687 867.039978
168.426193 -0.173074 1.295027 -0.003449 -0.002017 -0.028605 867.260010
168.626923 -0.187650 1.297402 -0.021310 0.021152 -0.042734 867.489990
168.832672 -0.191912 1.299626 -0.017096 -0.031057 -0.050287 867.729980
169.034897 -0.184591 1.300489 0.000046 -0.097436 -0.053513 868.010010
169.237625 -0.172082 1.296011 0.012003 0.121730 -0.063576 868.859985
169.436737 -0.198362 1.288602 0.006650 0.109186 -0.080410 869.239990
169.638702 -0.226231 1.281696 0.001502 0.065911 -0.092670 869.489990
169.840530 -0.252885 1.275518 -0.012132 0.029284 -0.101702 869.710022
170.047455 -0.274254 1.271378 -0.022574 0.028271 -0.106851 869.929993
170.247437 -0.285550 1.269726 -0.021696 0.012172 -0.106562 870.140015
170.453888 -0.287783 1.270020 -0.016966 0.012777 -0.101109 870.359985
170.656693 -0.282739 1.272405 -0.010674 0.022723 -0.090445 870.580017
170.860107 -0.273916 1.276911 -0.005063 0.031427 -0.075764 870.799988
171.066986 -0.264190 1.283082 -0.000585 0.017966 -0.058497 871.020020
171.272552 -0.255160 1.290109 0.001944 0.018539 -0.040370 871.239990
171.476318 -0.247752 1.297738 0.002377 0.023217 -0.022757 871.460022
171.678711 -0.241998 1.304690 0.000967 0.002703 -0.006428 871.679993
171.882385 -0.236718 1.308438 -0.001994 0.020036 0.009416 871.909973
172.084534 -0.230687 1.307476 -0.003265 0.019628 0.024023 872.140015
172.286224 -0.223156 1.301937 -0.003126 0.022465 0.036869 872.369995
172.488770 -0.214050 1.292450 -0.002208 0.035799 0.047440 872.599976
172.688644 -0.204005 1.280985 0.000752 0.032548 0.054369 872.820007
172.893585 -0.194288 1.270792 0.009698 0.031300 0.056509 873.039978
173.102875 -0.188573 1.264798 0.014256 0.027002 0.052657 873.260010
173.303879 -0.188790 1.263537 0.012864 0.010248 0.043804 873.469971
173.510071 -0.194568 1.266939 0.009982 0.020216 0.031130 873.690002
173.715195 -0.204444 1.274477 0.007216 0.029393 0.016024 873.909973
173.923126 -0.216963 1.285024 0.004225 0.026110 -0.000155 874.130005
174.122665 -0.230160 1.295286 0.001634 0.016226 -0.015380 874.340027
174.329346 -0.244192 1.303194 0.000120 0.023422 -0.030121 874.559998
174.535294 -0.257883 1.306779 -0.000670 0.010394 -0.043012 874.780029
174.736954 -0.270858 1.305837 -0.000823 0.017020 -0.053692 875.000000
174.945343 -0.283789 1.300440 -0.000758 0.029031 -0.062277 875.229980
175.147598 -0.295993 1.292177 -0.001040 0.028709 -0.066918 875.450012
175.352539 -0.307669 1.282358 -0.007242 0.023378 -0.066894 875.669983
175.558350 -0.316229 1.272408 -0.012416 0.028703 -0.061522 875.890015
175.767105 -0.319594 1.263138 -0.010795 0.027379 -0.051664 876.109985
175.968124 -0.319745 1.257527 0.019017 0.018084 -0.041203 876.320007
176.176682 -0.329128 1.258849 0.048509 0.019103 -0.032571 876.539978
176.381592 -0.359784 1.267987 0.049077 0.003422 -0.029132 876.760010
176.577377 -0.411550 1.283197 0.034339 -0.002204 -0.030288 876.979980
176.771133 -0.479250 1.299969 0.007363 0.015759 -0.036729 877.210022
176.962387 -0.547880 1.313412 -0.008787 0.035888 -0.049571 877.440002
177.161194 -0.609824 1.321552 -0.013738 0.043943 -0.067409 877.669983
177.362045 -0.661162 1.323900 -0.012788 0.037700 -0.087116 877.890015
177.558456 -0.703398 1.321682 -0.011947 -0.027243 -0.106154 878.099976
177.756378 -0.741280 1.315990 -0.010762 -0.100924 -0.127440 878.340027
177.700653 -0.933162 1.364017 0.093796 -0.070790 -0.181442 879.359985
177.538849 -1.052328 1.394871 0.054570 -0.035223 -0.192355 879.570007
177.381714 -1.173158 1.426238 0.026050 -0.011872 -0.205223 879.760010
177.226608 -1.297042 1.456981 0.008744 0.044284 -0.220657 879.950012
177.080475 -1.436040 1.482593 0.016758 0.119821 -0.240991 880.159973
176.976883 -1.608896 1.495089 0.016183 0.136483 -0.267530 880.400024
176.945480 -1.807932 1.488289 0.010255 0.104130 -0.298516 880.650024
176.967880 -2.010279 1.466490 0.022129 0.035803 -0.330181 880.890015
177.002945 -2.210394 1.436576 0.040505 -0.014027 -0.362827 881.119995
177.023911 -2.415099 1.402323 0.032926 -0.037133 -0.396335 881.349976
177.020859 -2.618588 1.366050 0.042358 -0.032915 -0.429751 881.580017
176.996078 -2.814209 1.331452 0.033295 -0.020355 -0.462090 881.799988
176.958176 -3.009827 1.302603 0.016972 0.012993 -0.494613 882.020020
176.921982 -3.214706 1.284060 0.011304 0.039691 -0.529203 882.250000
176.901505 -3.422513 1.277986 -0.001918 0.036921 -0.563830 882.479980
176.898499 -3.629505 1.282863 0.005530 0.038517 -0.598113 882.710022
176.909485 -3.829697 1.295650 0.015026 0.035919 -0.630779 882.929993
176.928970 -4.034586 1.313182 0.018905 0.019448 -0.663278 883.150024
176.949356 -4.241870 1.332385 0.027190 0.010201 -0.695426 883.369995
176.964035 -4.441612 1.350411 0.025260 0.003300 -0.726088 883.580017
176.972687 -4.650080 1.367563 0.016813 0.006122 -0.757743 883.799988
176.977661 -4.856086 1.382726 0.016557 0.019341 -0.788964 884.020020
176.983047 -5.063157 1.396185 0.016399 0.026631 -0.820123 884.239990
176.990448 -5.263826 1.407846 0.014551 0.027138 -0.849949 884.450012
177.000412 -5.467443 1.418584 0.011117 0.023686 -0.879831 884.659973
177.012894 -5.671565 1.427524 -0.000128 0.020176 -0.909580 884.869995
177.030014 -5.872860 1.433677 -0.004348 0.027636 -0.939214 885.080017
177.054199 -6.071865 1.436825 -0.009020 0.016834 -0.968513 885.289978
177.085968 -6.274669 1.436986 -0.005770 0.017830 -0.998958 885.510010
177.122803 -6.472888 1.434775 0.000461 0.023070 -1.029289 885.729980
177.162903 -6.669441 1.431107 0.002603 0.016201 -1.057716 885.950012
177.205688 -6.872676 1.426533 0.002914 0.024758 -1.081769 886.179993
177.252808 -7.075157 1.425352 -0.046064 0.020932 -1.097495 886.409973
177.323517 -7.263383 1.430205 -0.119841 -0.018667 -1.100055 886.640015
177.458145 -7.420392 1.440023 -0.151095 -0.057086 -1.088346 886.900024
177.647217 -7.493876 1.447529 -0.055077 -0.085564 -1.067009 887.159973
177.849091 -7.497329 1.452049 0.051380 -0.079209 -1.040993 887.450012
178.043579 -7.445875 1.453953 -0.070104 0.104352 -0.990117 888.270020
178.243240 -7.496333 1.437599 -0.061827 0.089198 -0.967147 888.669983
178.437668 -7.555701 1.421835 -0.047943 0.067584 -0.948146 888.919983
178.629028 -7.614618 1.407130 -0.051680 0.029269 -0.928714 889.130005
178.825958 -7.665340 1.394447 -0.060727 -0.007366 -0.907144 889.330017
179.030441 -7.697769 1.384121 -0.057419 -0.026272 -0.883522 889.530029
179.236389 -7.707296 1.376471 -0.050644 -0.026829 -0.858353 889.729980
179.440903 -7.696013 1.371453 -0.039864 -0.019530 -0.831305 889.929993
179.641525 -7.669601 1.368436 -0.015538 -0.014156 -0.802367 890.130005
179.843582 -7.634658 1.366220 -0.006763 0.007717 -0.770840 890.340027
180.049469 -7.599792 1.364033 -0.006949 0.025110 -0.736794 890.559998
180.255402 -7.571788 1.361467 -0.008825 0.031677 -0.702049 890.780029
180.454956 -7.552164 1.358339 -0.010199 0.030957 -0.668480 890.989990
180.656769 -7.538198 1.354129 -0.002049 0.016904 -0.634980 891.200012
180.865356 -7.528115 1.347826 -0.005513 0.020096 -0.600350 891.419983
181.072250 -7.521614 1.339600 -0.005133 0.014955 -0.566130 891.640015
181.275894 -7.517193 1.329558 -0.005725 0.012592 -0.532835 891.859985
181.475906 -7.513694 1.318036 -0.011984 0.021957 -0.500357 892.080017
181.675827 -7.510469 1.306643 -0.005567 0.014421 -0.468562 892.299988
181.882538 -7.508228 1.297365 -0.004532 0.026088 -0.436298 892.530029
182.091095 -7.509434 1.292204 -0.006088 0.035085 -0.404604 892.760010
182.296310 -7.514347 1.291269 -0.007166 0.037013 -0.374521 892.979980
182.498352 -7.521773 1.293534 -0.006238 0.029223 -0.345745 893.190002
182.702576 -7.530365 1.297670 -0.006477 0.010272 -0.317151 893.400024
182.902908 -7.537414 1.302970 -0.012862 0.018138 -0.288706 893.609985
183.110809 -7.541234 1.309118 -0.011502 0.008048 -0.258696 893.830017
183.314056 -7.540815 1.315188 -0.010627 0.013040 -0.228997 894.049988
183.514221 -7.537010 1.321111 -0.009308 0.019914 -0.199306 894.270020
183.720871 -7.530823 1.326453 0.001315 -0.000471 -0.168804 894.500000
183.926895 -7.525601 1.329458 0.008096 0.022446 -0.138685 894.739990
184.131760 -7.526266 1.329596 0.009061 0.022005 -0.111192 894.979980
184.337906 -7.533145 1.327200 0.006860 0.031602 -0.087607 895.219971
184.540192 -7.544268 1.323120 0.004281 0.031635 -0.069958 895.450012
184.746857 -7.558115 1.318253 0.003000 0.021498 -0.057354 895.679993
184.954361 -7.573448 1.314049 0.002299 0.031261 -0.049311 895.909973
185.155502 -7.589076 1.311225 0.001457 0.015937 -0.045026 896.130005
185.363785 -7.605597 1.308865 -0.003447 0.020940 -0.041536 896.359985
185.571609 -7.619637 1.304778 -0.014723 0.029393 -0.036747 896.590027
185.773865 -7.626304 1.297610 -0.019011 0.032618 -0.029286 896.809998
185.981201 -7.624552 1.286604 -0.017509 0.036245 -0.018823 897.030029
186.184555 -7.615829 1.272944 -0.012613 0.021621 -0.006168 897.239990
186.384567 -7.602438 1.257845 -0.004403 -0.052793 0.008272 897.450012
186.586212 -7.584927 1.241797 0.005074 -0.127279 0.025372 897.710022
186.789200 -7.575059 1.239356 0.019136 0.123635 0.026209 898.619995
186.991241 -7.596705 1.269451 0.011621 0.103145 -0.001475 898.969971
187.191071 -7.618980 1.297042 0.002816 0.069714 -0.023147 899.210022
187.389496 -7.639275 1.318159 -0.012125 0.046377 -0.040197 899.419983
187.598022 -7.654604 1.330226 -0.020706 0.033859 -0.052872 899.630005
187.800812 -7.661547 1.330958 -0.021199 0.026928 -0.059633 899.830017
188.004791 -7.660989 1.321399 -0.017255 0.020971 -0.060564 900.030029
188.207657 -7.654529 1.303268 -0.010756 0.013282 -0.055779 900.229980
188.406448 -7.644764 1.281324 0.000366 0.009650 -0.047564 900.429993
188.609558 -7.635297 1.259520 0.008811 0.018019 -0.038354 900.640015
188.810287 -7.630124 1.242295 0.011331 0.026536 -0.030627 900.849976
189.012238 -7.630272 1.230984 0.010372 0.030677 -0.024999 901.059998
189.216751 -7.635103 1.225406 0.007508 0.017283 -0.021674 901.270020
189.418594 -7.642994 1.225174 0.002656 0.004064 -0.019780 901.479980
189.622513 -7.652119 1.231154 -0.001796 0.019050 -0.018279 901.700012
189.823944 -7.660183 1.242638 -0.003718 0.009479 -0.016569 901.919983
190.028412 -7.666325 1.257286 -0.006718 0.002872 -0.013721 902.150024
190.233322 -7.668837 1.271964 -0.008986 0.027179 -0.008819 902.390015
190.441299 -7.666525 1.284134 -0.008529 0.042156 -0.001461 902.630005
190.641251 -7.660489 1.292369 -0.006481 0.042587 0.006628 902.849976
190.849747 -7.651694 1.297657 -0.001905 0.013886 0.015108 903.070007
191.054916 -7.643274 1.300870 0.021139 -0.000552 0.022002 903.289978
191.259583 -7.645195 1.303482 0.039427 0.016711 0.025393 903.520020
191.461655 -7.665473 1.305857 0.025666 0.024330 0.024228 903.750000
191.665787 -7.696480 1.307275 -0.008443 0.035691 0.022149 903.979980
191.867035 -7.721107 1.307389 -0.025913 0.027338 0.022272 904.200012
192.070572 -7.732751 1.306029 -0.028988 0.019525 0.025569 904.419983
192.272858 -7.730477 1.303375 -0.024132 0.024270 0.032644 904.640015
192.475250 -7.716766 1.301474 -0.018850 0.021905 0.043875 904.859985
192.677292 -7.694517 1.303510 -0.013826 0.027350 0.058050 905.080017
192.880402 -7.666297 1.310737 -0.008079 0.015751 0.074458 905.299988
193.081192 -7.635081 1.322775 -0.003455 0.019279 0.091306 905.520020
193.280472 -7.602962 1.339001 -0.000519 0.021498 0.107464 905.739990
193.478165 -7.571592 1.356780 0.015481 0.000112 0.121246 905.960022
193.676743 -7.549373 1.372555 0.057733 0.006247 0.130840 906.190002
193.880066 -7.556422 1.382922 0.074714 0.016866 0.133386 906.429993
194.077271 -7.598407 1.386097 0.065544 0.020583 0.127370 906.659973
194.269363 -7.665460 1.383582 0.040954 0.009394 0.113849 906.880005
194.455322 -7.746266 1.377086 -0.011177 -0.057602 0.094993 907.099976
194.638641 -7.838008 1.366643 -0.049989 -0.099167 0.070728 907.380005
194.800003 -7.960316 1.352041 0.082273 0.095582 0.015436 908.289978
194.950378 -8.098598 1.357080 0.065829 0.083630 -0.005509 908.640015
195.103577 -8.232832 1.362595 0.049293 0.065614 -0.022822 908.880005
195.260056 -8.367386 1.367902 0.032607 0.045272 -0.036983 909.090027
195.419388 -8.501788 1.373648 -0.021912 0.027129 -0.047012 909.289978
195.582901 -8.621284 1.382677 -0.098610 0.026775 -0.052006 909.489990
195.768158 -8.703780 1.397506 -0.129066 0.019267 -0.049502 909.710022
195.971756 -8.724063 1.415397 -0.079882 0.003912 -0.040256 909.950012
196.178192 -8.700354 1.430159 0.012668 0.025471 -0.033416 910.200012
196.377914 -8.683422 1.439479 0.054062 0.020867 -0.030119 910.440002
196.577927 -8.695884 1.442886 0.059398 0.024244 -0.031255 910.679993
196.779572 -8.739369 1.439907 0.042367 0.037235 -0.037914 910.919983
196.971146 -8.798257 1.432221 0.023826 0.039979 -0.050156 911.140015
197.161301 -8.862976 1.421522 0.010073 0.038788 -0.066906 911.349976
197.357986 -8.930006 1.408602 0.000788 0.030296 -0.088175 911.559998
197.556961 -8.995189 1.394660 -0.005828 0.008754 -0.111908 911.770020
197.750977 -9.054889 1.382330 -0.019755 0.007394 -0.134729 911.979980
197.949188 -9.105794 1.376158 -0.033778 0.018796 -0.154513 912.200012
198.148041 -9.140188 1.379047 -0.034706 0.024037 -0.167408 912.419983
198.349442 -9.158131 1.389618 -0.045930 0.007909 -0.171844 912.640015
198.557266 -9.153161 1.403822 -0.074918 -0.002321 -0.167733 912.869995
198.759277 -9.112136 1.416868 -0.080114 -0.001181 -0.154930 913.099976
198.947739 -9.038185 1.426151 -0.065402 0.000005 -0.134958 913.320007
199.130432 -8.938030 1.432163 -0.049690 -0.004396 -0.108479 913.539978
199.297134 -8.825376 1.435761 -0.043455 0.003942 -0.079064 913.750000
199.457855 -8.700795 1.438033 -0.023519 -0.002921 -0.045545 913.960022
199.610977 -8.571619 1.439533 -0.016536 0.006203 -0.010082 914.169983
199.766312 -8.435437 1.440885 -0.015118 0.017730 0.028578 914.390015
199.921021 -8.299335 1.441825 -0.007363 0.016182 0.067971 914.609985
200.075790 -8.165876 1.440033 -0.004352 0.025555 0.107185 914.830017
200.233780 -8.035940 1.434073 -0.001310 0.024346 0.145809 915.049988
200.394211 -7.910611 1.424027 0.001633 0.016075 0.183213 915.270020
200.554428 -7.790619 1.410090 -0.004077 0.025488 0.219371 915.489990
200.716583 -7.672929 1.393371 -0.003874 0.017265 0.253667 915.710022
200.885712 -7.551883 1.373825 -0.007433 0.021902 0.284588 915.940002
201.047882 -7.436207 1.354525 -0.000507 0.026188 0.307479 916.159973
201.213989 -7.323125 1.338453 0.024149 0.036323 0.323709 916.380005
201.390656 -7.220744 1.327997 0.035995 0.039272 0.333454 916.599976
201.580719 -7.133154 1.323579 0.034141 0.037359 0.337605 916.820007
201.773270 -7.062274 1.324330 0.025715 0.033238 0.337486 917.030029
201.971130 -7.001180 1.328030 0.014258 -0.026192 0.333392 917.239990
202.165726 -6.948636 1.333006 0.002072 -0.100325 0.327192 917.469971
202.362778 -6.903549 1.339639 -0.010146 -0.126377 0.315877 917.859985
202.453186 -6.726576 1.378139 -0.094083 0.092284 0.329279 918.739990
202.528915 -6.537879 1.404749 -0.067361 0.074537 0.355863 919.000000
202.608322 -6.351278 1.428217 -0.040142 0.032175 0.383331 919.210022
202.686203 -6.161296 1.448831 -0.043324 -0.008582 0.412126 919.409973
202.751511 -5.966236 1.465654 -0.043323 -0.030816 0.443214 919.609985
202.796722 -5.770863 1.477693 -0.030256 -0.040123 0.475789 919.809998
202.822189 -5.571076 1.485228 -0.031361 -0.027147 0.510594 920.020020
202.830231 -5.366117 1.488637 -0.022356 -0.015888 0.547863 920.239990
202.825912 -5.157196 1.488784 -0.019114 -0.000666 0.586785 920.469971
202.815979 -4.951594 1.486853 -0.021019 0.009233 0.625178 920.700012
202.802872 -4.745674 1.481575 -0.034710 -0.002716 0.662801 920.929993
202.780487 -4.547121 1.471410 -0.044418 -0.009924 0.697993 921.150024
202.743149 -4.346021 1.455720 -0.045467 -0.008547 0.732261 921.369995
202.693802 -4.151592 1.436249 -0.038734 -0.001599 0.764219 921.580017
202.635971 -3.955392 1.416387 -0.016320 0.018374 0.795593 921.789978
202.581192 -3.758191 1.400778 -0.000807 0.037725 0.826853 922.000000
202.539185 -3.559534 1.391620 0.013084 0.033884 0.857721 922.210022
202.511765 -3.353403 1.388960 0.011518 0.031989 0.889431 922.429993
202.499191 -3.149207 1.392803 -0.000324 0.034600 0.920766 922.650024
202.496994 -2.943093 1.400974 -0.006054 0.031730 0.951841 922.869995
202.501282 -2.733929 1.409456 -0.008282 0.030247 0.982767 923.090027
202.509460 -2.531388 1.415291 -0.010300 0.029040 1.012237 923.299988
202.520050 -2.326066 1.417836 -0.011245 0.023895 1.041797 923.510010
202.530380 -2.119825 1.418057 -0.025022 0.007398 1.071448 923.719971
202.532593 -1.915511 1.418006 -0.042040 0.001448 1.101307 923.929993
202.519775 -1.713400 1.418884 -0.036122 -0.011242 1.131871 924.140015
202.490204 -1.508897 1.421281 -0.030933 -0.005943 1.163108 924.359985
202.447845 -1.311183 1.425725 -0.027078 0.007305 1.194006 924.580017
202.397369 -1.116815 1.431914 -0.010732 0.002272 1.223500 924.799988
202.345123 -0.920683 1.439620 0.040952 0.024867 1.248824 925.030029
202.318375 -0.721178 1.448832 0.081545 0.046728 1.266376 925.270020
202.343079 -0.515212 1.458290 0.078593 0.032061 1.270448 925.520020
202.412781 -0.323062 1.466737 0.057633 0.036313 1.264987 925.760010
202.509659 -0.141174 1.474238 0.040397 0.006087 1.249358 925.989990
202.624390 0.024399 1.480232 0.088136 -0.068385 1.224035 926.219971
202.789352 0.147785 1.483868 0.112315 -0.103246 1.186616 926.489990
202.995117 0.171596 1.481803 0.089804 -0.082083 1.145950 926.770020
203.190277 0.124132 1.476768 0.073555 -0.045163 1.108830 927.010010
203.380707 0.047285 1.470780 0.037266 -0.015628 1.072143 927.229980
203.565201 -0.035495 1.464414 0.011158 0.035977 1.035917 927.440002
203.761795 -0.106842 1.457695 -0.006355 0.075285 0.996635 927.659973
203.962708 -0.145451 1.450684 -0.045658 0.044221 0.959412 927.880005
204.168884 -0.153329 1.443151 -0.093278 -0.027532 0.924931 928.130005
204.368347 -0.126644 1.434820 -0.076655 -0.074713 0.877208 928.559998
204.570282 -0.108180 1.438912 0.092825 0.071056 0.825603 929.400024
204.774948 -0.119794 1.445726 0.071280 0.058253 0.808173 929.679993
204.974991 -0.132156 1.449066 0.038647 0.037829 0.791908 929.900024
205.180420 -0.143579 1.447727 0.020795 0.029553 0.774945 930.109985
205.381195 -0.151836 1.441202 0.015828 0.028425 0.756551 930.309998
205.584412 -0.156790 1.429600 0.011737 0.023459 0.735603 930.510010
205.787979 -0.158873 1.413730 0.008401 0.017112 0.712239 930.710022
205.988480 -0.159085 1.395614 0.000479 0.002786 0.686942 930.909973
206.190994 -0.158686 1.376755 0.007277 0.007970 0.658677 931.119995
206.397614 -0.158687 1.359173 0.016233 0.017739 0.627455 931.340027
206.604279 -0.159935 1.344783 0.019284 0.021607 0.594818 931.559998
206.804047 -0.162691 1.334054 0.017345 0.020476 0.562686 931.770020
207.013763 -0.167061 1.325832 0.005068 0.007628 0.528621 931.989990
207.218323 -0.171295 1.320777 0.003616 0.019978 0.494791 932.210022
207.421524 -0.172565 1.318790 0.006197 0.031631 0.461042 932.429993
207.628433 -0.169932 1.319158 0.007377 0.033670 0.427423 932.650024
207.830566 -0.164413 1.320966 0.008064 0.033272 0.395498 932.859985
208.036896 -0.156905 1.323523 0.007701 0.029655 0.363749 933.070007
208.246002 -0.148352 1.326299 0.008206 0.025143 0.332196 933.280029
208.446243 -0.140517 1.328673 0.012928 0.022912 0.302329 933.479980
208.646927 -0.135082 1.330614 0.015248 0.019651 0.272494 933.679993
208.855988 -0.133422 1.331958 0.010309 0.000754 0.241347 933.890015
209.057480 -0.135871 1.332432 0.009302 0.009426 0.210995 934.099976
209.263062 -0.141542 1.332502 0.007291 0.012880 0.179580 934.320007
209.464554 -0.149174 1.332286 0.004699 0.012553 0.149369 934.539978
209.671494 -0.158122 1.331844 0.004501 0.028616 0.120059 934.770020
209.872177 -0.166573 1.331360 -0.001166 0.034387 0.094860 934.989990
210.078369 -0.172526 1.330740 -0.008220 0.037352 0.073431 935.210022
210.280807 -0.173415 1.329947 -0.010638 0.033498 0.057033 935.419983
210.487228 -0.169076 1.328827 -0.009684 0.028974 0.044598 935.630005
210.695724 -0.160362 1.327456 -0.007015 0.021108 0.035904 935.840027
210.901840 -0.148867 1.325775 -0.002600 -0.003875 0.030164 936.049988
211.106857 -0.136326 1.324459 0.002938 0.009678 0.025862 936.270020
211.314560 -0.125124 1.324637 0.005316 0.018100 0.022228 936.500000
211.519897 -0.116918 1.326318 0.005102 0.016548 0.019102 936.729980
211.723602 -0.111511 1.329468 0.003656 0.026465 0.016662 936.960022
211.925964 -0.108071 1.332753 0.002029 -0.037944 0.014648 937.190002
212.129776 -0.105885 1.335433 0.001008 -0.101563 0.013148 937.469971
212.329910 -0.079478 1.336860 -0.051556 0.113363 0.024281 938.340027
212.516098 0.008394 1.334434 -0.039723 0.098841 0.051441 938.710022
212.704559 0.097139 1.331914 -0.026182 0.074521 0.077375 938.960022
212.888199 0.182540 1.330717 -0.009679 0.045670 0.102892 939.169983
213.073120 0.265978 1.334213 0.002060 0.033972 0.129520 939.369995
213.262665 0.346637 1.343699 0.007183 0.025934 0.158244 939.570007
213.453934 0.422519 1.359218 0.007474 0.021969 0.188405 939.770020
213.645187 0.493651 1.380091 0.005469 0.019568 0.219209 939.969971
213.835495 0.561069 1.404595 0.003755 0.020367 0.249006 940.169983
214.024887 0.625752 1.427828 0.005524 0.021022 0.275430 940.369995
214.223328 0.690686 1.446393 0.006778 0.022488 0.297728 940.580017
214.421997 0.752603 1.456934 0.006361 0.024721 0.313819 940.789978
214.621521 0.812174 1.459290 0.005098 0.026417 0.324170 941.000000
214.821716 0.870100 1.454806 0.005517 0.004732 0.329309 941.210022
215.015732 0.922957 1.445364 0.028738 -0.006928 0.329046 941.419983
215.219818 0.963907 1.431193 0.051981 0.006094 0.322152 941.650024
215.423859 0.979614 1.415045 0.054962 0.017819 0.307820 941.880005
215.624268 0.972001 1.399273 0.044602 0.021637 0.287334 942.099976
215.828629 0.946402 1.384951 0.059722 -0.010972 0.260470 942.320007
216.024811 0.893268 1.374021 0.093467 -0.048656 0.227985 942.539978
216.206787 0.791191 1.366112 0.095983 -0.059209 0.191310 942.770020
216.353516 0.649131 1.361180 0.079285 -0.047267 0.155244 942.989990
216.471878 0.483004 1.358599 0.060413 -0.026508 0.119910 943.200012
216.571518 0.307288 1.357687 0.041615 -0.008714 0.087429 943.400024
216.664474 0.123628 1.358017 0.008405 0.009527 0.059256 943.599976
216.762863 -0.060803 1.359876 -0.076657 0.053964 0.034768 943.809998
216.896225 -0.220033 1.364553 -0.131040 0.084549 0.016481 944.049988
217.082062 -0.302525 1.370947 -0.123378 0.081203 0.011761 944.309998
217.288818 -0.303806 1.377098 -0.077966 0.064234 0.014329 944.549988
217.488968 -0.268221 1.383198 -0.029955 0.046359 0.017800 944.760010
217.688934 -0.223044 1.390182 0.002545 0.028351 0.020511 944.960022
217.890411 -0.180246 1.397766 0.019834 0.009628 0.022415 945.159973
218.096970 -0.145178 1.406095 0.024906 0.015927 0.023883 945.369995
218.299652 -0.121943 1.414126 0.022519 0.007467 0.023881 945.580017
218.505722 -0.108742 1.419899 0.017224 0.012133 0.023233 945.799988
218.707138 -0.103943 1.421641 0.010663 0.019525 0.021959 946.020020
218.915649 -0.104202 1.419196 0.004484 0.016071 0.020024 946.250000
219.121902 -0.106605 1.412845 0.000334 0.026453 0.017964 946.479980
219.326981 -0.108942 1.403816 -0.001963 -0.031633 0.015953 946.710022
219.531189 -0.110656 1.392461 -0.002566 -0.099373 0.013867 946.979980
219.732651 -0.111749 1.379028 -0.000420 0.111149 0.010544 947.780029
219.936310 -0.109366 1.392527 -0.001936 0.122181 0.011238 948.200012
220.138306 -0.105744 1.404224 -0.001572 0.089708 0.011991 948.440002
220.346970 -0.101556 1.414745 -0.000436 0.055785 0.012400 948.650024
220.547913 -0.097509 1.423237 0.000583 0.035052 0.012553 948.840027
220.752350 -0.093675 1.430051 0.001223 0.023794 0.012553 949.030029
220.956100 -0.090317 1.434996 0.001463 0.017139 0.012445 949.219971
221.156906 -0.087528 1.437838 0.001381 0.013149 0.012264 949.409973
221.363770 -0.085169 1.438365 0.001089 0.013725 0.012022 949.609985
221.566299 -0.083269 1.436560 0.000725 0.016277 0.011746 949.809998
221.775833 -0.081584 1.432578 0.000369 0.022982 0.011440 950.020020
221.984497 -0.080031 1.427117 0.000083 0.024183 0.011106 950.229980
222.193039 -0.078479 1.420755 -0.000169 0.022673 0.009924 950.440002
222.401031 -0.076837 1.413922 -0.000423 0.021883 0.006412 950.650024
222.607391 -0.075191 1.407492 0.004803 0.011259 -0.000320 950.859985
222.809158 -0.075873 1.403376 0.015841 0.017451 -0.010868 951.070007
223.017792 -0.083647 1.402808 0.020131 0.017037 -0.026575 951.289978
223.223297 -0.100360 1.405902 0.017446 0.011802 -0.046608 951.510010
223.423920 -0.124532 1.412100 0.012658 0.017287 -0.070280 951.729980
223.621567 -0.154326 1.419710 0.017260 0.019658 -0.097223 951.950012
223.826523 -0.193311 1.426938 0.022155 0.029810 -0.128351 952.179993
224.024551 -0.240500 1.431825 0.020437 0.032436 -0.160311 952.400024
224.225769 -0.296846 1.434307 0.015105 0.034555 -0.192601 952.619995
224.421173 -0.357058 1.434561 0.006705 0.022149 -0.222375 952.830017
224.615997 -0.418764 1.432900 -0.011798 0.014634 -0.248274 953.039978
224.809158 -0.474568 1.429955 -0.024782 0.023556 -0.267826 953.250000
225.012985 -0.522227 1.426103 -0.024466 0.007870 -0.279468 953.469971
225.214188 -0.558020 1.421728 -0.019954 0.014016 -0.282683 953.690002
225.414032 -0.584986 1.417258 -0.014725 0.025551 -0.277282 953.909973
225.616669 -0.607153 1.413016 -0.010263 0.033031 -0.265676 954.130005
225.823654 -0.627404 1.409898 -0.002685 0.018017 -0.250746 954.349976
226.029465 -0.647751 1.411038 0.005275 0.020977 -0.234608 954.570007
226.233582 -0.671503 1.418635 0.008286 0.020025 -0.218685 954.789978
226.435501 -0.699737 1.432221 0.007753 0.014001 -0.204948 955.010010
226.633377 -0.731462 1.451012 0.005132 0.023101 -0.195573 955.229980
226.830536 -0.766192 1.472182 0.010362 0.026024 -0.192213 955.450012
227.028732 -0.806300 1.489934 0.019647 0.031996 -0.195716 955.669983
227.228897 -0.855585 1.500979 0.019605 0.006215 -0.206706 955.890015
227.425400 -0.913228 1.505265 0.008281 -0.076628 -0.224083 956.119995
227.617218 -0.979207 1.503361 -0.005235 -0.131204 -0.250140 956.440002
227.467865 -1.114199 1.493330 0.100132 -0.076587 -0.285938 957.210022
227.290070 -1.217534 1.486194 0.066998 -0.045251 -0.297538 957.440002
227.116714 -1.324108 1.480020 0.032365 -0.018063 -0.310134 957.640015
226.940475 -1.436109 1.474883 0.021640 0.005696 -0.325856 957.840027
226.772476 -1.552260 1.471779 0.027935 0.051179 -0.343985 958.039978
226.619873 -1.686600 1.471258 0.041018 0.076156 -0.365874 958.250000
226.492920 -1.849419 1.473367 0.043201 0.072740 -0.392252 958.469971
226.399536 -2.026320 1.477377 0.039683 0.055461 -0.420323 958.679993
226.325562 -2.218445 1.482832 0.013179 0.031556 -0.450164 958.890015
226.264923 -2.413025 1.488188 0.003776 0.021436 -0.480962 959.099976
226.212494 -2.613550 1.490397 0.012588 0.026337 -0.514597 959.320007
226.170212 -2.814273 1.487222 0.009139 0.020785 -0.549176 959.539978
226.135956 -3.013690 1.478527 0.010350 0.016174 -0.583992 959.760010
226.106979 -3.211273 1.464757 0.023315 0.018353 -0.618907 959.979980
226.080170 -3.411941 1.446890 0.026937 0.016231 -0.653869 960.200012
226.053619 -3.616070 1.427672 0.012926 0.015813 -0.688483 960.419983
226.030487 -3.819951 1.412070 0.009454 0.030896 -0.722583 960.640015
226.016052 -4.025909 1.402739 0.009479 0.036866 -0.756400 960.859985
226.011642 -4.226623 1.400172 0.011299 0.036350 -0.788398 961.070007
226.014923 -4.431772 1.403102 0.008793 0.026866 -0.820184 961.280029
226.023071 -4.637267 1.409868 -0.002247 0.005633 -0.851275 961.489990
226.033752 -4.843813 1.418860 -0.000399 0.003452 -0.882893 961.710022
226.045624 -5.050419 1.428134 0.011247 0.016590 -0.915244 961.940002
226.057480 -5.255998 1.436067 0.020172 0.028233 -0.947084 962.169983
226.068314 -5.458394 1.441958 0.023067 0.033602 -0.977516 962.390015
226.077957 -5.658730 1.445809 0.013679 0.018527 -1.006837 962.599976
226.086548 -5.859617 1.447991 0.008787 0.013777 -1.035685 962.809998
226.094650 -6.066719 1.449210 0.015136 -0.002668 -1.065531 963.030029
226.092361 -6.273756 1.450880 0.064725 -0.056277 -1.097397 963.260010
226.043152 -6.475403 1.454596 0.097757 -0.074411 -1.132341 963.510010
225.933182 -6.643797 1.460008 0.089565 -0.061184 -1.164528 963.750000
225.786041 -6.780122 1.466456 0.066105 -0.040634 -1.193967 963.969971
225.618637 -6.896998 1.472893 0.044997 -0.046318 -1.223477 964.179993
225.434708 -6.996558 1.478008 0.035334 -0.050913 -1.252792 964.390015
225.249115 -7.072489 1.480747 0.013857 -0.044157 -1.280378 964.590027
225.052094 -7.133216 1.481038 0.012363 -0.031092 -1.309241 964.799988
224.856186 -7.179728 1.479107 0.019862 -0.017458 -1.338032 965.010010
224.650925 -7.220258 1.475291 0.015531 -0.010658 -1.368165 965.229980
224.447433 -7.254786 1.470173 0.017942 -0.019388 -1.398237 965.450012
224.244507 -7.280394 1.464272 0.025960 -0.023688 -1.428404 965.669983
224.038696 -7.295783 1.457906 0.030880 -0.021184 -1.458779 965.890015
223.837952 -7.302211 1.451715 0.031679 -0.015295 -1.488070 966.099976
223.634628 -7.302942 1.445494 -0.012553 -0.008298 -1.517277 966.309998
223.431458 -7.299481 1.439079 -0.090350 -0.001862 -1.547848 966.539978
223.229126 -7.291869 1.434390 -0.142762 0.003268 -1.587041 966.909973
223.033356 -7.239580 1.433565 0.114061 -0.020680 -1.632587 967.729980
222.832672 -7.183802 1.439869 0.096736 -0.014319 -1.649178 968.020020
222.638214 -7.132205 1.444911 0.061429 -0.003692 -1.664301 968.239990
222.434677 -7.081869 1.448367 0.037435 0.022178 -1.681257 968.450012
222.234161 -7.042633 1.449548 0.025859 0.037157 -1.700719 968.650024
222.031174 -7.017561 1.448234 0.020637 0.039120 -1.723027 968.849976
221.827545 -7.006951 1.444594 0.017232 0.032675 -1.747813 969.049988
221.624786 -7.007720 1.439135 0.014631 0.019196 -1.774658 969.250000
221.424164 -7.014520 1.432821 0.019466 0.006862 -1.803292 969.450012
221.215271 -7.022322 1.426112 0.013768 -0.003687 -1.834973 969.659973
221.011124 -7.026951 1.419573 0.009121 -0.007781 -1.867485 969.869995
220.804306 -7.027127 1.413159 0.020142 -0.002595 -1.902159 970.090027
220.601135 -7.023180 1.408232 0.010296 -0.001124 -1.937171 970.309998
220.393906 -7.017202 1.406749 0.018141 0.012502 -1.973595 970.539978
220.187332 -7.013485 1.410016 0.015372 0.015058 -2.009740 970.770020
219.981155 -7.013515 1.417521 0.014577 0.015618 -2.045180 971.000000
219.775040 -7.017207 1.428734 0.023497 0.020402 -2.079964 971.229980
219.575287 -7.023438 1.441587 0.012633 0.011017 -2.112719 971.450012
219.367950 -7.031202 1.456001 0.019965 0.015271 -2.145985 971.679993
219.168274 -7.039030 1.467797 0.029346 0.018472 -2.177326 971.900024
218.963318 -7.045788 1.474830 0.028562 0.015696 -2.208586 972.119995
218.754959 -7.050252 1.476315 0.013229 0.003614 -2.239629 972.340027
218.550217 -7.051985 1.472736 0.017888 0.006065 -2.269939 972.559998
218.347824 -7.050486 1.465368 0.025508 0.011698 -2.300090 972.780029
218.143585 -7.045326 1.455513 0.028667 0.016335 -2.330337 973.000000
217.935318 -7.036835 1.444328 0.027193 0.018670 -2.360864 973.219971
217.732758 -7.026473 1.433342 0.016106 0.012142 -2.390433 973.429993
217.531067 -7.015282 1.422623 0.008612 0.013332 -2.419883 973.640015
217.322861 -7.005132 1.411995 0.008822 0.019996 -2.450694 973.859985
217.116760 -6.998073 1.402325 0.001870 0.011513 -2.481435 974.080017
216.915344 -6.993974 1.393401 0.007595 0.018823 -2.511935 974.299988
216.706528 -6.992269 1.385755 0.011634 0.022069 -2.543674 974.530029
216.505402 -6.992090 1.381618 0.016682 0.028155 -2.574023 974.750000
216.299500 -6.992431 1.381055 0.018781 0.030976 -2.604584 974.969971
216.097290 -6.992636 1.383437 0.017148 0.028682 -2.634040 975.179993
215.891022 -6.992402 1.387923 0.010736 0.017506 -2.663736 975.390015
215.686035 -6.991577 1.393345 0.006010 0.009993 -2.693244 975.599976
215.485718 -6.990341 1.398927 0.008274 0.017997 -2.722668 975.809998
215.277496 -6.988956 1.404382 0.010459 0.024557 -2.753598 976.030029
215.077209 -6.987536 1.409073 0.011763 0.029804 -2.783339 976.239990
214.873749 -6.985928 1.412910 0.005317 0.011105 -2.813303 976.450012
214.668671 -6.983684 1.415230 -0.018109 -0.064471 -2.842607 976.669983
214.468353 -6.980222 1.416392 -0.036928 -0.126654 -2.873949 976.950012
214.266052 -6.979100 1.401355 0.021500 0.122482 -2.933620 977.869995
214.066345 -6.984319 1.385473 0.016795 0.106272 -2.951100 978.190002
213.858551 -6.990188 1.369995 0.008892 0.056300 -2.967270 978.429993
213.658478 -6.995577 1.356035 0.005390 0.026855 -2.983212 978.640015
213.455688 -7.000277 1.343902 0.005675 0.025841 -3.001408 978.849976
213.252335 -7.003853 1.334361 0.004888 0.010222 -3.022028 979.059998
213.044128 -7.005867 1.326960 0.004207 0.012724 -3.044982 979.280029
212.840302 -7.006391 1.321932 0.003784 0.020900 -3.068387 979.500000
212.638138 -7.005821 1.318725 0.002647 0.011932 -3.090370 979.719971
212.430862 -7.004273 1.316666 0.001288 0.017092 -3.108582 979.950012
212.226044 -7.002757 1.316622 -0.005628 0.020704 -3.120566 980.179993
212.021454 -7.004282 1.319744 -0.010496 0.030263 -3.126076 980.409973
211.814850 -7.010934 1.326030 -0.005466 0.008090 -3.125807 980.640015
211.613312 -7.019657 1.335609 0.009313 0.017546 -3.123638 980.869995
211.413528 -7.023716 1.348640 0.015673 0.023960 -3.122369 981.099976
211.212799 -7.020148 1.363775 0.011097 0.009134 -3.121886 981.330017
211.008301 -7.012002 1.378732 -0.013633 0.019346 -3.119430 981.570007
210.804443 -7.011470 1.390715 -0.029216 0.038077 -3.113263 981.809998
210.601349 -7.025879 1.398532 -0.030283 0.040026 -3.104804 982.039978
210.398865 -7.053657 1.402820 -0.023990 0.036747 -3.097749 982.260010
210.200714 -7.089416 1.404381 -0.005955 0.018629 -3.093515 982.469971
210.003601 -7.126297 1.404352 0.014665 0.019631 -3.092943 982.679993
209.797958 -7.157177 1.403570 0.024389 0.026790 -3.096033 982.900024
209.590012 -7.176128 1.402719 0.024123 0.031168 -3.102173 983.119995
209.387741 -7.183568 1.402183 0.018554 0.028238 -3.109912 983.330017
209.184067 -7.183226 1.402011 0.011131 0.010890 -3.118755 983.539978
208.975143 -7.177986 1.402133 0.004612 0.018460 -3.128183 983.760010
208.768890 -7.170881 1.402474 0.000779 0.018398 -3.137774 983.979980
208.564255 -7.163707 1.402157 -0.000335 0.023639 3.136259 984.200012
208.359329 -7.156965 1.400561 -0.000589 0.029055 3.128008 984.419983
208.151550 -7.150648 1.397548 -0.000575 0.032476 3.120969 984.640015
207.949066 -7.144876 1.393420 -0.000500 0.034144 3.115540 984.849976
207.742798 -7.139250 1.388435 -0.000839 0.018317 3.111784 985.059998
207.537979 -7.134053 1.383455 -0.002375 0.017089 3.109988 985.270020
207.335876 -7.129850 1.379352 -0.002994 0.010736 3.110183 985.479980
207.132935 -7.126884 1.375882 -0.001516 -0.058554 3.112271 985.700012
206.930649 -7.125316 1.373554 0.001528 -0.135257 3.116263 985.979980
206.726395 -7.126592 1.384844 -0.009232 0.141381 -3.141200 986.940002
206.524780 -7.136085 1.401094 -0.007288 0.113694 -3.127297 987.239990
206.323288 -7.147506 1.414636 -0.004922 0.050934 -3.116771 987.460022
206.116501 -7.160855 1.426616 -0.009217 0.020981 -3.106146 987.669983
205.909958 -7.177713 1.436407 -0.012310 0.024195 -3.093823 987.880005
205.703842 -7.199271 1.443220 -0.012035 0.022368 -3.080312 988.090027
205.498489 -7.225352 1.447051 -0.010038 0.024340 -3.068445 988.299988
205.293716 -7.254970 1.448500 -0.002713 0.012115 -3.060131 988.510010
205.093231 -7.284151 1.449250 0.018236 0.009687 -3.056772 988.719971
204.888199 -7.305615 1.451170 0.031496 0.019359 -3.059567 988.940002
204.683472 -7.312552 1.455331 0.032753 0.028367 -3.069210 989.159973
204.475494 -7.305135 1.461929 0.026111 0.028779 -3.085707 989.380005
204.274521 -7.287808 1.469828 0.019726 0.007751 -3.107206 989.590027
204.070068 -7.260176 1.478733 0.046326 -0.002639 -3.134030 989.809998
203.868332 -7.210268 1.488075 0.065468 0.000879 3.116743 990.039978
203.678696 -7.131492 1.496513 0.055142 -0.006175 3.080246 990.270020
203.502670 -7.029050 1.503914 0.044617 0.011056 3.043048 990.500000
203.332825 -6.909118 1.510775 0.032769 0.026420 3.004429 990.729980
203.168961 -6.783676 1.516132 0.010634 0.033318 2.966670 990.950012
203.007126 -6.662865 1.518072 -0.014870 0.037310 2.930666 991.159973
202.836700 -6.550229 1.515768 -0.026729 0.038885 2.895276 991.369995
202.656464 -6.449655 1.509137 -0.026896 0.034804 2.861636 991.580017
202.468018 -6.360599 1.498839 -0.020759 0.027546 2.830624 991.789978
202.275894 -6.280909 1.486019 -0.015318 0.006176 2.803746 992.000000
202.087448 -6.211536 1.471730 -0.045115 -0.000347 2.782693 992.210022
201.892868 -6.161654 1.456480 -0.076297 -0.003513 2.769561 992.429993
201.688187 -6.146906 1.440920 -0.079594 -0.000556 2.766195 992.659973
201.489243 -6.168182 1.426957 -0.065921 -0.003925 2.773163 992.880005
201.292572 -6.219654 1.415780 -0.075730 -0.049660 2.790767 993.099976
201.107361 -6.314344 1.408077 -0.087038 -0.077080 2.816357 993.330017
200.960159 -6.449968 1.403743 -0.074939 -0.073511 2.845413 993.549988
200.842316 -6.621931 1.401745 -0.058403 -0.051770 2.878324 993.770020
200.750870 -6.807814 1.401676 -0.027962 -0.031340 2.913257 993.979980
200.673645 -7.000293 1.403042 -0.018317 -0.009209 2.950446 994.190002
200.602707 -7.192105 1.405404 -0.019140 0.007264 2.988759 994.400024
200.531174 -7.382300 1.408166 -0.020021 0.018487 3.027436 994.609985
200.453735 -7.569399 1.409581 0.007467 0.049480 3.066215 994.820007
200.354599 -7.750776 1.407006 0.033252 0.079761 3.107130 995.039978
200.226395 -7.906910 1.399168 0.044349 0.069541 -3.137466 995.260010
200.073044 -8.035430 1.386833 0.039276 0.043127 -3.101252 995.479980
199.898392 -8.145583 1.374642 0.008926 0.029910 -3.064462 995.710022
199.717224 -8.246199 1.368469 -0.014727 0.022583 -3.028540 995.940002
199.535599 -8.349224 1.369748 -0.021014 0.010134 -2.993984 996.169983
199.359177 -8.458312 1.378188 -0.027009 0.019887 -2.961191 996.400024
199.186691 -8.575354 1.391413 -0.005699 -0.021139 -2.929099 996.630005
199.023651 -8.694592 1.405966 0.028931 -0.088160 -2.899514 996.880005
198.870972 -8.821502 1.434757 -0.047388 0.090407 -2.842689 997.659973
198.733871 -8.962185 1.474459 -0.056512 0.111542 -2.819675 998.099976
198.595123 -9.103197 1.505890 -0.037477 0.074684 -2.801833 998.340027
198.453201 -9.247950 1.535616 -0.011726 0.032791 -2.786028 998.549988
198.312592 -9.387751 1.561882 0.036345 0.020259 -2.773938 998.750000
198.158356 -9.517179 1.583074 0.074964 0.025965 -2.765464 998.960022
197.982300 -9.620231 1.595825 0.081810 0.029816 -2.762988 999.179993
197.789108 -9.689178 1.598782 0.067399 0.032754 -2.767609 999.400024
197.590836 -9.730133 1.593985 0.043556 0.019616 -2.779311 999.609985
197.387726 -9.755056 1.583971 0.020782 0.010002 -2.796276 999.820007
197.187057 -9.771773 1.570197 0.012814 0.014587 -2.817740 1000.030029
196.979141 -9.784168 1.551437 0.025732 0.016226 -2.844992 1000.250000
196.771469 -9.787122 1.528105 0.032735 0.016646 -2.876498 1000.469971
196.572525 -9.778472 1.502018 0.031880 0.021205 -2.909492 1000.679993
196.371628 -9.759443 1.472980 0.025984 0.024231 -2.944661 1000.890015
196.168320 -9.732677 1.441932 0.018550 0.025990 -2.980015 1001.099976
195.963394 -9.701373 1.410847 0.003471 0.015500 -3.012088 1001.309998
195.761124 -9.671671 1.387040 -0.024336 0.017202 -3.037822 1001.520020
195.552795 -9.653792 1.376108 -0.038828 0.023785 -3.055874 1001.739990
195.345581 -9.655739 1.381032 -0.038125 0.025790 -3.064325 1001.960022
195.138214 -9.676394 1.400209 -0.029480 0.028362 -3.064473 1002.179993
194.939804 -9.708982 1.428328 -0.017886 0.011330 -3.058137 1002.390015
194.737549 -9.749812 1.462208 -0.002088 0.005214 -3.048804 1002.609985
194.542404 -9.790001 1.495532 0.010567 0.022807 -3.039952 1002.830017
194.346970 -9.824634 1.525018 0.014673 0.020874 -3.033784 1003.049988
194.141953 -9.853145 1.549870 0.013542 0.021285 -3.028566 1003.280029
193.936188 -9.874758 1.568722 0.004395 0.024362 -3.022350 1003.510010
193.730560 -9.897149 1.580930 -0.057358 0.003422 -3.013421 1003.739990
193.529114 -9.949127 1.586345 -0.104057 -0.004870 -2.999161 1003.979980
193.348877 -10.051826 1.584738 -0.102824 -0.004612 -2.979846 1004.219971
193.202286 -10.188742 1.578501 -0.078551 -0.000378 -2.958106 1004.440002
193.076447 -10.345321 1.570540 -0.040838 -0.018103 -2.933075 1004.650024
192.963303 -10.519313 1.564212 -0.041011 -0.034061 -2.905247 1004.869995
192.875244 -10.699584 1.562538 -0.048017 -0.031153 -2.875791 1005.090027
192.809219 -10.895674 1.566079 -0.033508 -0.026620 -2.843175 1005.320007
192.764175 -11.095150 1.574896 -0.038643 -0.004309 -2.809883 1005.549988
192.731705 -11.292088 1.587604 -0.034463 0.008641 -2.776856 1005.770020
192.703979 -11.494313 1.600947 -0.025314 -0.009439 -2.742996 1005.989990
192.686447 -11.696076 1.607956 -0.037550 -0.031306 -2.709347 1006.210022
192.689011 -11.896742 1.605215 -0.033067 -0.038510 -2.675969 1006.429993
192.714920 -12.102268 1.591450 -0.031774 -0.029847 -2.641966 1006.659973
192.759796 -12.303824 1.567728 -0.036167 -0.013724 -2.608553 1006.890015
192.814636 -12.497648 1.537981 -0.036561 -0.000271 -2.576775 1007.109985
192.872940 -12.686325 1.505311 -0.034164 0.008715 -2.546394 1007.320007
192.933212 -12.878348 1.471233 0.007024 -0.002073 -2.516097 1007.530029
192.994019 -13.072197 1.437708 0.081253 -0.030053 -2.486635 1007.760010
193.052902 -13.260963 1.407426 0.145181 -0.058043 -2.452590 1008.109985
193.110336 -13.455781 1.398366 -0.107223 0.047335 -2.398153 1009.000000
193.172440 -13.648808 1.409086 -0.087461 0.039205 -2.380798 1009.280029
193.235077 -13.838784 1.417810 -0.042647 0.020191 -2.363960 1009.500000
193.298096 -14.031922 1.424783 -0.011884 0.034083 -2.346745 1009.710022
193.351868 -14.229797 1.428970 0.006947 0.052280 -2.326507 1009.919983
193.386581 -14.432009 1.429412 0.012319 0.055612 -2.303507 1010.130005
193.400589 -14.638241 1.426261 0.012823 0.047445 -2.278093 1010.340027
193.395966 -14.845269 1.421918 0.039455 0.037397 -2.251209 1010.549988
193.368454 -15.044795 1.419592 0.057666 0.044214 -2.223611 1010.760010
193.309113 -15.243022 1.420473 0.055252 0.030716 -2.196981 1010.979980
193.223389 -15.428430 1.425072 0.040886 0.027007 -2.172119 1011.200012
193.119156 -15.604135 1.433529 0.023563 0.028874 -2.150243 1011.419983
193.005417 -15.775214 1.443561 -0.026889 -0.001920 -2.131783 1011.640015
192.905762 -15.951648 1.450413 -0.104861 -0.033629 -2.111799 1011.869995
192.861816 -16.146954 1.449513 -0.131082 -0.037493 -2.090265 1012.119995
192.895981 -16.349804 1.438244 -0.112536 -0.023248 -2.068814 1012.369995
192.977859 -16.534271 1.421230 -0.067868 -0.016321 -2.047354 1012.590027
193.081360 -16.708851 1.401845 -0.019822 -0.008378 -2.025314 1012.799988
193.189392 -16.876740 1.383565 0.002931 0.021162 -2.001961 1013.010010
193.292282 -17.051989 1.368244 0.011875 0.037434 -1.975842 1013.229980
193.381866 -17.239687 1.357338 0.016984 0.032917 -1.947488 1013.460022
193.452301 -17.430202 1.351752 0.017410 0.038081 -1.917936 1013.690002
193.504318 -17.625763 1.351455 0.010567 0.045211 -1.887393 1013.919983
193.541443 -17.830822 1.355485 0.001081 0.046055 -1.855962 1014.150024
193.568329 -18.037388 1.362146 -0.006226 0.042316 -1.824977 1014.369995
193.590515 -18.242186 1.369694 -0.005488 0.019353 -1.794730 1014.580017
193.612045 -18.446232 1.377265 -0.008050 0.010599 -1.764387 1014.789978
193.634964 -18.645853 1.384580 -0.011621 0.015158 -1.733928 1015.000000
193.661636 -18.851088 1.391629 -0.009294 0.006717 -1.701989 1015.219971
193.690857 -19.050562 1.397806 -0.009982 0.019231 -1.670444 1015.440002
193.722290 -19.248913 1.403403 -0.008085 0.024681 -1.639553 1015.659973
193.753036 -19.447504 1.407741 0.040335 0.008021 -1.612236 1015.880005
193.763077 -19.648106 1.409659 0.095126 0.003374 -1.591316 1016.109985
193.724609 -19.846083 1.407965 0.093685 -0.010456 -1.581244 1016.349976
193.637115 -20.028639 1.402769 0.079079 0.002453 -1.579606 1016.590027
193.517883 -20.193991 1.395491 0.039140 -0.010853 -1.589249 1016.820007
193.381348 -20.348497 1.386862 -0.031268 -0.068340 -1.605900 1017.059998
193.237686 -20.487932 1.376328 -0.069375 -0.085063 -1.632309 1017.390015
193.116608 -20.649733 1.374697 0.046173 0.129189 -1.685692 1018.299988
193.028214 -20.829967 1.382577 0.037641 0.101066 -1.703923 1018.590027
192.937988 -21.009850 1.388452 0.017387 0.049949 -1.720012 1018.809998
192.845947 -21.194868 1.393613 -0.019936 0.027617 -1.732664 1019.020020
192.764282 -21.384346 1.398347 -0.047771 0.027083 -1.741181 1019.229980
192.703827 -21.578346 1.402251 -0.051760 0.012159 -1.744072 1019.440002
192.665161 -21.781548 1.405101 -0.042602 0.010000 -1.745052 1019.659973
192.646606 -21.982231 1.407583 -0.021503 0.014120 -1.745414 1019.880005
192.637283 -22.190289 1.411915 0.000825 0.026522 -1.745471 1020.109985
192.626801 -22.391287 1.418955 0.011969 0.035415 -1.744827 1020.330017
192.608856 -22.597044 1.428910 0.014881 0.037361 -1.742047 1020.549988
192.583694 -22.798120 1.440412 0.011277 0.025297 -1.736323 1020.760010
192.554031 -22.999134 1.450987 -0.009747 0.011780 -1.726880 1020.969971
192.527878 -23.205862 1.457969 -0.029828 0.018383 -1.712356 1021.190002
192.514862 -23.412035 1.459373 -0.035657 0.023484 -1.693558 1021.409973
192.516983 -23.620066 1.455322 -0.028076 0.021043 -1.672230 1021.630005
192.530365 -23.828665 1.447414 -0.009435 0.021717 -1.650679 1021.849976
192.546097 -24.027908 1.438035 0.003703 0.030187 -1.631318 1022.059998
192.558990 -24.229792 1.428114 0.009918 0.030587 -1.613049 1022.270020
192.566696 -24.434723 1.418416 0.011163 0.031024 -1.594868 1022.479980
192.569153 -24.641743 1.409784 0.007230 0.011937 -1.576601 1022.690002
192.568512 -24.844522 1.404841 -0.000838 0.011182 -1.558762 1022.900024
192.568268 -25.051775 1.406071 -0.006182 0.018600 -1.541586 1023.119995
192.570984 -25.255806 1.413445 -0.007515 0.007217 -1.525903 1023.340027
192.577896 -25.461950 1.425358 -0.016450 0.014194 -1.510091 1023.570007
192.593414 -25.664150 1.437128 -0.030172 0.028423 -1.493431 1023.799988
192.623810 -25.868437 1.445838 -0.031835 0.034730 -1.474552 1024.030029
192.667603 -26.068476 1.450107 -0.025953 0.037005 -1.453962 1024.250000
192.720139 -26.264111 1.450403 -0.016604 0.025023 -1.431808 1024.459961
192.778214 -26.459116 1.447684 0.001716 0.000174 -1.409498 1024.670044
192.834091 -26.654774 1.445112 0.045089 0.002306 -1.389642 1024.890015
192.868393 -26.853916 1.446063 0.063286 -0.000169 -1.375961 1025.119995
192.870117 -27.060062 1.449655 0.024887 -0.069260 -1.371878 1025.369995
192.839676 -27.258198 1.459668 -0.070746 -0.225265 -1.364875 1025.739990
192.826691 -27.053818 1.464770 -0.041119 -0.143607 -1.354059 1026.270020
192.829300 -26.849972 1.462538 -0.024578 -0.075402 -1.344757 1026.479980
192.833588 -26.643736 1.460515 0.005629 -0.034942 -1.333855 1026.670044
192.832932 -26.434591 1.459384 0.032704 -0.020343 -1.323184 1026.859985
192.819992 -26.230461 1.459265 0.043679 -0.004591 -1.314585 1027.050049
192.791000 -26.027426 1.459657 0.042197 0.002319 -1.309792 1027.250000
192.745483 -25.829109 1.460349 0.033682 -0.010069 -1.310994 1027.459961
192.685028 -25.632505 1.461318 0.013850 0.007809 -1.317145 1027.680054
192.620026 -25.441219 1.460915 -0.023518 -0.002113 -1.327017 1027.910034
192.567154 -25.247972 1.457507 -0.044408 -0.021706 -1.336698 1028.150024
192.537201 -25.049927 1.451185 -0.041104 -0.021044 -1.343863 1028.390015
192.527908 -24.845919 1.442027 -0.033303 -0.035197 -1.344785 1028.630005
192.532074 -24.641588 1.431248 -0.018471 -0.023077 -1.340305 1028.859985
192.542725 -24.433584 1.418696 -0.014120 -0.027688 -1.328991 1029.089966
192.555771 -24.230793 1.405313 -0.011807 -0.032882 -1.312239 1029.310059
192.569580 -24.022533 1.390785 -0.009217 -0.032142 -1.290153 1029.530029
192.582184 -23.819086 1.376211 -0.009264 -0.032196 -1.264601 1029.739990
192.593842 -23.611544 1.361189 -0.008810 -0.028740 -1.235420 1029.949951
192.603989 -23.411411 1.346716 -0.008894 -0.025158 -1.204933 1030.150024
192.613373 -23.210629 1.333323 -0.007342 -0.017847 -1.172588 1030.349976
192.622787 -23.001400 1.324386 -0.010385 -0.017735 -1.137198 1030.560059
192.632523 -22.793795 1.322732 -0.007663 -0.011174 -1.101175 1030.770020
192.642517 -22.590845 1.327980 -0.001401 -0.000302 -1.065240 1030.979980
192.653076 -22.387648 1.338981 -0.007996 -0.006821 -1.028072 1031.199951
192.665192 -22.180746 1.353904 -0.019067 -0.020956 -0.989905 1031.430054
192.678192 -21.980373 1.369362 -0.023162 -0.026978 -0.954245 1031.650024
192.692047 -21.774141 1.384498 -0.022970 -0.026672 -0.919461 1031.869995
192.705536 -21.572380 1.397468 -0.013490 -0.013973 -0.887285 1032.079956
192.719498 -21.371725 1.406368 -0.017719 -0.002926 -0.855769 1032.290039
192.738495 -21.165091 1.409286 -0.029113 -0.002802 -0.823336 1032.510010
192.764786 -20.960466 1.405841 -0.015745 0.005365 -0.792107 1032.729980
192.796799 -20.761753 1.396756 -0.023068 -0.001890 -0.761204 1032.949951
192.833771 -20.564875 1.383362 -0.030640 -0.010812 -0.730533 1033.170044
192.874512 -20.364517 1.367084 -0.031087 -0.015008 -0.699992 1033.390015
192.915192 -20.168577 1.350119 -0.024039 -0.013489 -0.670891 1033.599976
192.955185 -19.973339 1.333261 0.038541 0.014339 -0.642349 1033.810059
192.993851 -19.776646 1.316127 0.097159 0.041798 -0.609280 1034.060059
193.045731 -19.582462 1.303149 -0.123322 -0.008496 -0.551463 1034.930054
193.143661 -19.402151 1.322357 -0.123501 -0.013129 -0.530523 1035.329956
193.237045 -19.217739 1.338145 -0.082892 -0.009998 -0.515188 1035.569946
193.328522 -19.029457 1.351993 -0.034785 -0.026635 -0.498423 1035.780029
193.409317 -18.840502 1.363847 -0.014384 -0.053744 -0.480367 1035.979980
193.471405 -18.645916 1.373412 -0.005365 -0.062817 -0.460296 1036.180054
193.510529 -18.447954 1.380198 -0.003008 -0.057129 -0.437765 1036.380005
193.529312 -18.238937 1.384554 -0.005924 -0.043283 -0.411659 1036.589966
193.531494 -18.032005 1.386571 0.014145 -0.018041 -0.383718 1036.800049
193.524094 -17.826996 1.385399 -0.001864 -0.003045 -0.352968 1037.020020
193.515381 -17.621984 1.380594 -0.020541 0.002404 -0.319948 1037.250000
193.511108 -17.419439 1.372907 -0.018470 0.004811 -0.286330 1037.479980
193.511124 -17.218906 1.364121 -0.023637 -0.014978 -0.252152 1037.709961
193.506714 -17.016043 1.357253 -0.022982 -0.037002 -0.217794 1037.939941
193.487579 -16.809584 1.353821 -0.008455 -0.036389 -0.183873 1038.170044
193.452255 -16.605173 1.353917 -0.014206 -0.032221 -0.150203 1038.400024
193.403793 -16.403200 1.357483 -0.009676 -0.027111 -0.117079 1038.630005
193.344437 -16.204618 1.364570 -0.018209 -0.030441 -0.084287 1038.859985
193.277069 -16.014856 1.374497 -0.027852 -0.030003 -0.053035 1039.079956
193.200073 -15.821425 1.386851 -0.030943 -0.024779 -0.021776 1039.300049
193.119858 -15.632631 1.399968 -0.019971 -0.014401 0.008025 1039.510010
193.038483 -15.445204 1.412421 -0.000296 0.024738 0.038224 1039.719971
192.969009 -15.256653 1.422554 -0.012691 0.071447 0.070391 1039.939941
192.932785 -15.052653 1.429168 -0.016491 0.080039 0.105185 1040.180054
192.940201 -14.846198 1.430885 -0.018650 0.064840 0.139849 1040.420044
192.978470 -14.644873 1.428898 -0.021992 0.044107 0.173091 1040.650024
193.031952 -14.449142 1.424682 -0.015076 0.021691 0.204569 1040.869995
193.091568 -14.253777 1.419272 -0.023797 0.014131 0.235705 1041.089966
193.151978 -14.056497 1.413524 -0.026717 0.005379 0.266920 1041.310059
193.207779 -13.856519 1.409472 -0.035336 -0.015256 0.298118 1041.530029
193.249557 -13.653030 1.409036 -0.043509 -0.024927 0.329271 1041.750000
193.271561 -13.454108 1.412296 -0.044844 -0.022112 0.358877 1041.959961
193.277191 -13.250629 1.418834 -0.039301 -0.014201 0.388597 1042.170044
193.270676 -13.044384 1.427882 -0.020059 -0.010067 0.418631 1042.380005
193.257126 -12.841412 1.438335 -0.012043 -0.001227 0.448588 1042.589966
193.241043 -12.634352 1.449049 -0.013080 0.017129 0.479980 1042.810059
193.229752 -12.428810 1.457795 -0.016939 0.031283 0.511545 1043.030029
193.227417 -12.220140 1.463798 -0.018893 0.034434 0.543437 1043.250000
193.233643 -12.016418 1.466828 -0.018670 0.030932 0.574204 1043.459961
193.245987 -11.810588 1.467364 0.015651 -0.003783 0.604716 1043.670044
193.261505 -11.605979 1.465633 0.073031 -0.058886 0.633278 1043.900024
193.279541 -11.406800 1.461611 0.100954 -0.093917 0.668238 1044.250000
193.332367 -11.211286 1.454343 -0.080262 0.111179 0.724083 1045.150024
193.384933 -11.009495 1.456248 -0.060548 0.081946 0.742597 1045.430054
193.434326 -10.806527 1.458142 -0.036956 0.048467 0.759865 1045.650024
193.481201 -10.605799 1.461523 -0.023273 0.031071 0.777153 1045.849976
193.525864 -10.409662 1.466450 -0.014944 0.021538 0.795688 1046.040039
193.570099 -10.213099 1.472929 -0.009864 0.016120 0.816455 1046.229980
193.616013 -10.008513 1.481156 -0.007164 0.013567 0.840655 1046.430054
193.660934 -9.808751 1.490117 0.005091 -0.005794 0.866732 1046.630005
193.706543 -9.611094 1.499385 0.011925 0.001803 0.895636 1046.839966
193.756729 -9.416308 1.508566 0.009771 0.019531 0.927262 1047.060059
193.815247 -9.219918 1.517417 0.008111 0.014066 0.960723 1047.290039
193.878510 -9.029408 1.525377 0.001206 0.029157 0.994814 1047.520020
193.946808 -8.837230 1.532808 -0.004418 0.038309 1.029173 1047.750000
194.015579 -8.647187 1.539135 -0.022129 0.023745 1.062230 1047.969971
194.076477 -8.452189 1.543422 -0.060453 0.003817 1.095750 1048.189941
194.111435 -8.252803 1.545015 -0.072957 -0.006420 1.129892 1048.410034
194.113861 -8.052097 1.543718 -0.061837 -0.010378 1.163587 1048.630005
194.086716 -7.845502 1.539862 -0.048628 -0.005681 1.197602 1048.859985
194.035721 -7.643638 1.532238 -0.059671 -0.012830 1.231333 1049.089966
193.961731 -7.456790 1.519665 -0.060797 -0.015602 1.263314 1049.310059
193.863815 -7.278391 1.502167 -0.041181 -0.018498 1.295065 1049.530029
193.749969 -7.111087 1.480386 -0.035919 -0.002805 1.325706 1049.750000
193.625717 -6.949812 1.455647 -0.025619 0.007882 1.356307 1049.969971
193.497406 -6.790517 1.432915 -0.008419 0.023697 1.386727 1050.189941
193.373535 -6.627899 1.417801 0.001029 0.037343 1.417119 1050.410034
193.259293 -6.457725 1.412011 0.010940 0.027314 1.447201 1050.630005
193.156982 -6.283201 1.415108 0.005356 0.030461 1.477219 1050.849976
193.063736 -6.103870 1.425593 0.001231 0.024092 1.507042 1051.069946
192.977036 -5.923051 1.440385 0.013843 0.005944 1.534666 1051.290039
192.898895 -5.739199 1.455942 0.039868 0.024979 1.559736 1051.520020
192.842438 -5.544649 1.468958 0.047218 0.037447 1.579394 1051.760010
192.813995 -5.341239 1.476815 0.038115 0.030104 1.591668 1052.000000
192.807297 -5.140132 1.479702 0.024193 0.039504 1.598794 1052.229980
192.812241 -4.939214 1.478969 0.012030 0.042143 1.601357 1052.449951
192.822006 -4.730197 1.475525 0.002775 0.024095 1.600636 1052.670044
192.831924 -4.529379 1.469751 -0.002411 0.020872 1.597896 1052.880005
192.840225 -4.329295 1.461786 -0.004175 0.027177 1.593600 1053.089966
192.846161 -4.127837 1.452193 -0.003938 0.028350 1.587311 1053.300049
192.850128 -3.924314 1.441776 0.000876 0.026620 1.578296 1053.510010
192.854263 -3.719299 1.431624 0.008291 0.027992 1.566489 1053.719971
192.861603 -3.512676 1.422388 0.011491 0.026347 1.552154 1053.930054
192.873520 -3.304975 1.414404 0.011035 0.026510 1.536493 1054.140015
192.889847 -3.096437 1.407706 0.008282 0.015496 1.520650 1054.349976
192.908951 -2.894324 1.401922 0.003657 -0.056032 1.505373 1054.560059
192.930939 -2.691980 1.396148 -0.000235 -0.113482 1.489062 1054.819946
192.954163 -2.493085 1.403318 -0.014474 0.114675 1.475623 1055.619995
192.952499 -2.291407 1.441448 -0.016038 0.119764 1.498248 1056.020020
192.946472 -2.089561 1.471795 -0.006844 0.078600 1.516598 1056.260010
192.940475 -1.885148 1.495508 0.006756 0.050088 1.531240 1056.469971
192.938171 -1.679850 1.510950 0.014290 0.034470 1.541691 1056.670044
192.941559 -1.471015 1.517596 0.015610 0.024691 1.548896 1056.869995
192.950745 -1.262431 1.515452 0.013519 0.020125 1.554804 1057.069946
192.964661 -1.056147 1.506230 0.007150 0.005105 1.560720 1057.270020
192.980255 -0.857007 1.494233 -0.009927 0.000106 1.567888 1057.469971
192.991852 -0.657251 1.483272 -0.022410 0.013776 1.577691 1057.680054
192.993530 -0.453496 1.476549 -0.023953 0.007402 1.591306 1057.900024
192.983368 -0.247103 1.475595 -0.019282 0.017429 1.607360 1058.130005
192.963593 -0.043066 1.480884 -0.012670 0.026769 1.624805 1058.359985
192.937668 0.161867 1.483776 -0.009728 0.013432 1.643674 1058.589966
192.907776 0.363153 1.468837 -0.008684 0.019281 1.663722 1058.819946
192.874481 0.562627 1.429945 -0.003938 0.022498 1.684219 1059.050049
192.841660 0.762518 1.378994 0.033658 0.020679 1.701595 1059.280029
192.825623 0.964349 1.334720 0.059945 0.017833 1.712571 1059.510010
192.838608 1.167705 1.306594 0.056286 0.007013 1.715329 1059.739990
192.879242 1.368846 1.297715 0.046136 0.013133 1.711063 1059.969971
192.937439 1.560338 1.305730 0.028450 0.011291 1.699415 1060.189941
193.004532 1.749418 1.321741 -0.005105 0.019546 1.682537 1060.410034
193.067719 1.946630 1.336986 -0.029840 0.037892 1.661698 1060.640015
193.111938 2.149012 1.345083 -0.036207 0.023615 1.641150 1060.869995
193.135361 2.352478 1.344732 -0.031089 0.029357 1.621313 1061.099976
193.141571 2.559092 1.336917 -0.020462 0.030372 1.604285 1061.329956
193.137070 2.759990 1.324344 -0.010281 0.021915 1.591587 1061.550049
193.127762 2.961022 1.308318 -0.002634 0.026573 1.582520 1061.770020
193.117432 3.163313 1.291742 0.001090 0.016209 1.577370 1061.989990
193.107956 3.363515 1.281997 0.001475 0.017786 1.575589 1062.209961
193.099243 3.571037 1.284520 0.000797 0.021026 1.576573 1062.439941
193.091354 3.777759 1.300016 0.000194 0.016541 1.579658 1062.670044
193.083908 3.982465 1.327245 -0.000356 0.026915 1.584104 1062.900024
193.076859 4.179524 1.361191 -0.000557 0.016341 1.589042 1063.119995
193.069427 4.383835 1.399498 -0.000611 0.021976 1.594469 1063.349976
193.061813 4.588539 1.433085 -0.000712 0.034195 1.599729 1063.579956
193.054153 4.789489 1.456625 -0.000634 0.025410 1.604274 1063.800049
193.046204 4.991919 1.470898 -0.000268 0.014013 1.607809 1064.020020
193.037933 5.200350 1.479917 0.000552 0.023097 1.610290 1064.250000
193.029922 5.408836 1.486844 0.000988 0.008112 1.611646 1064.479980
193.022491 5.614995 1.491709 0.000530 -0.072329 1.612044 1064.719971
193.015961 5.815904 1.496761 -0.001530 -0.151698 1.611575 1065.060059
193.012146 6.018363 1.494212 -0.000072 0.137319 1.607008 1065.939941
193.006393 6.224444 1.494942 -0.001095 0.102929 1.605354 1066.219971
192.999741 6.431663 1.495081 -0.000203 0.057748 1.604115 1066.439941
192.993088 6.635295 1.494591 0.001325 0.035799 1.602650 1066.640015
192.986801 6.843368 1.493167 0.002124 0.014409 1.600714 1066.839966
192.981400 7.047596 1.490679 0.002277 0.001866 1.598922 1067.040039
192.976898 7.253473 1.487042 0.002409 0.013015 1.598257 1067.250000
192.973465 7.453995 1.481763 0.000790 0.006981 1.599253 1067.459961
192.970184 7.657302 1.468927 -0.002768 0.008882 1.601784 1067.680054
192.965515 7.863810 1.443055 -0.004743 0.022886 1.605398 1067.910034
192.958801 8.061285 1.405586 -0.005062 0.031774 1.608205 1068.130005
192.949661 8.262889 1.357047 -0.004092 0.033242 1.608403 1068.349976
192.939270 8.458641 1.305142 0.000439 0.012027 1.605662 1068.560059
192.928970 8.660319 1.250175 0.006147 0.021241 1.600406 1068.780029
192.921631 8.861033 1.198526 0.008279 0.017257 1.593578 1069.000000
192.918198 9.059734 1.155104 0.005613 0.011319 1.587142 1069.219971
192.917328 9.262462 1.133385 -0.001787 0.014461 1.583116 1069.449951
192.915588 9.462070 1.146404 -0.006259 0.021987 1.583149 1069.680054
192.910568 9.662140 1.194588 -0.007311 0.023693 1.586940 1069.910034
192.902222 9.855310 1.268009 -0.006220 0.022327 1.592957 1070.130005
192.891647 10.039447 1.350366 -0.006183 0.008132 1.600537 1070.339966
192.878052 10.227830 1.429590 -0.009248 0.024804 1.610773 1070.560059
192.859726 10.426346 1.490755 -0.010497 0.039913 1.624609 1070.790039
192.837524 10.623713 1.523880 -0.009177 0.041990 1.639937 1071.010010
192.811172 10.829226 1.533502 -0.006149 0.034597 1.655784 1071.229980
192.783646 11.028472 1.525296 -0.002112 -0.016908 1.670138 1071.439941
192.755157 11.225748 1.505381 0.001670 -0.092741 1.683718 1071.670044
192.798355 11.063143 1.384046 0.007443 -0.109895 1.683736 1072.609985
192.836456 10.866146 1.347882 -0.006810 -0.053355 1.671349 1072.800049
192.870758 10.669252 1.317999 -0.021946 -0.026381 1.658645 1072.979980
192.897659 10.471539 1.293590 -0.030112 -0.013164 1.647215 1073.160034
192.915085 10.266420 1.273684 -0.031293 -0.008241 1.638300 1073.349976
192.921127 10.066664 1.259149 -0.027269 -0.009416 1.633753 1073.540039
192.917328 9.862077 1.248340 -0.015544 -0.004038 1.634028 1073.739990
192.907715 9.655159 1.238649 0.006094 -0.006833 1.640425 1073.949951
192.901016 9.455355 1.227716 0.019874 -0.016948 1.653115 1074.160034
192.903458 9.250966 1.213733 0.023701 -0.007266 1.672754 1074.380005
192.917526 9.044748 1.195324 0.018355 -0.020856 1.698422 1074.609985
192.941193 8.840905 1.173535 0.009680 -0.019296 1.728991 1074.839966
192.969467 8.638506 1.152086 -0.009538 -0.022644 1.762957 1075.069946
192.994064 8.434695 1.134195 -0.020167 -0.025049 1.799145 1075.300049
193.010620 8.227956 1.121010 -0.019304 -0.016188 1.836267 1075.530029
193.019058 8.021026 1.112301 -0.019864 -0.023043 1.874321 1075.760010
193.020996 7.820296 1.110507 -0.017451 -0.027089 1.910769 1075.979980
193.019287 7.615143 1.119555 -0.015252 -0.029565 1.947068 1076.199951
193.016266 7.415441 1.138622 -0.005656 -0.013758 1.980891 1076.410034
193.013229 7.208849 1.167678 -0.005334 -0.012508 2.015666 1076.630005
193.010605 7.006064 1.204289 -0.007635 -0.016084 2.049584 1076.849976
193.008484 6.806742 1.243658 0.000638 -0.002194 2.082084 1077.069946
193.007065 6.606697 1.281793 -0.010460 -0.017716 2.115037 1077.300049
193.005936 6.407614 1.314085 -0.011406 -0.019592 2.146860 1077.530029
193.005341 6.207141 1.339442 -0.014945 -0.022947 2.177790 1077.760010
193.005188 6.003664 1.358675 -0.019114 -0.026639 2.208265 1077.989990
193.005356 5.795930 1.372754 -0.007772 -0.012410 2.237931 1078.219971
193.006638 5.591189 1.380289 -0.001875 -0.016343 2.267385 1078.449951
193.012329 5.389624 1.378761 -0.007169 -0.033126 2.296909 1078.680054
193.025604 5.185877 1.368555 0.000207 -0.023753 2.326361 1078.910034
193.046280 4.982858 1.351098 -0.008739 -0.027391 2.355988 1079.140015
193.072418 4.778349 1.328473 -0.009461 -0.021063 2.385707 1079.369995
193.101624 4.573482 1.303012 -0.008041 -0.013011 2.415501 1079.599976
193.131226 4.375457 1.277897 0.034792 0.035669 2.445121 1079.829956
193.162018 4.178564 1.252457 0.073460 0.078455 2.480829 1080.119995
193.169144 3.987220 1.193126 -0.105283 -0.063642 2.531626 1080.989990
193.151901 3.793307 1.136369 -0.088858 -0.056705 2.548439 1081.329956
193.138489 3.597470 1.084095 -0.048366 -0.033149 2.562307 1081.569946
193.127365 3.397362 1.036952 -0.025795 -0.021696 2.578621 1081.790039
193.119186 3.200502 1.000086 -0.025585 -0.021706 2.597324 1082.000000
193.113754 3.000364 0.973773 -0.008453 -0.011929 2.618250 1082.209961
193.111008 2.793981 0.957630 -0.011013 -0.010111 2.642868 1082.430054
193.110107 2.591256 0.955766 -0.018034 -0.010156 2.669923 1082.650024
193.109726 2.389115 0.970754 -0.024522 -0.010836 2.699198 1082.869995
193.109146 2.185931 1.000440 -0.012799 -0.005338 2.729951 1083.089966
193.108368 1.985602 1.041639 -0.020027 -0.006071 2.762102 1083.310059
193.106918 1.786226 1.090507 -0.012176 -0.003620 2.795023 1083.530029
193.105103 1.590872 1.141111 -0.006651 -0.001144 2.828136 1083.750000
193.102768 1.392772 1.192133 -0.028145 -0.005027 2.862984 1083.979980
193.099228 1.191351 1.239667 -0.039990 -0.008093 2.898010 1084.209961
193.095200 0.990227 1.281152 -0.037754 -0.007793 2.931499 1084.430054
193.091385 0.791552 1.316867 -0.016659 -0.004597 2.963211 1084.640015
193.088486 0.585967 1.348996 0.000985 -0.006528 2.995694 1084.859985
193.088776 0.380708 1.377645 -0.017873 -0.011840 3.029079 1085.089966
193.093842 0.178404 1.402580 -0.013363 -0.011411 3.061798 1085.319946
193.103729 -0.021555 1.425199 -0.025558 -0.009401 3.093963 1085.550049
193.117233 -0.223616 1.446885 -0.019855 -0.005739 3.125689 1085.780029
193.132278 -0.424653 1.465923 -0.007565 0.006940 -3.126371 1086.010010
193.143539 -0.628699 1.480811 -0.029132 0.018820 -3.094258 1086.250000
193.145370 -0.835429 1.490467 -0.020105 0.016875 -3.062330 1086.489990
193.139130 -1.035307 1.495382 -0.033087 0.016667 -3.031843 1086.719971
193.126862 -1.241251 1.497281 -0.036242 0.013327 -3.001006 1086.949951
193.111633 -1.445703 1.496239 -0.033792 0.015276 -2.971195 1087.170044
193.093781 -1.646397 1.491347 -0.027397 0.019181 -2.942264 1087.380005
193.071365 -1.849995 1.482521 -0.012848 0.014888 -2.912778 1087.589966
193.045441 -2.050827 1.470866 -0.010389 0.005597 -2.883298 1087.800049
193.018372 -2.256477 1.457182 -0.022596 0.001494 -2.852158 1088.020020
192.994843 -2.461635 1.443146 -0.028274 0.000154 -2.820718 1088.239990
192.976425 -2.668669 1.429573 -0.031513 0.002782 -2.789034 1088.459961
192.963257 -2.869371 1.417584 -0.020680 0.000610 -2.758407 1088.670044
192.953506 -3.077621 1.407872 -0.005449 -0.006030 -2.726608 1088.890015
192.947754 -3.277663 1.403497 -0.018883 0.002286 -2.695276 1089.109985
192.945175 -3.483829 1.405720 -0.017223 0.002862 -2.662622 1089.339966
192.945404 -3.688136 1.413974 -0.021460 0.008284 -2.630399 1089.569946
192.947327 -3.893227 1.427050 -0.018939 0.009229 -2.598278 1089.800049
192.950165 -4.094115 1.441056 0.045546 -0.031438 -2.568258 1090.030029
192.954422 -4.296667 1.455572 0.088798 -0.058533 -2.535944 1090.329956
192.938965 -4.496487 1.476294 -0.091363 0.098324 -2.476723 1091.250000
192.903824 -4.694927 1.490985 -0.081235 0.084367 -2.457189 1091.579956
192.871933 -4.897151 1.503052 -0.057354 0.054431 -2.439378 1091.810059
192.843933 -5.097797 1.512841 -0.047938 0.023435 -2.421646 1092.010010
192.823166 -5.298477 1.520166 -0.042327 0.004423 -2.402866 1092.199951
192.811737 -5.501496 1.524768 -0.021383 -0.016735 -2.381857 1092.390015
192.810013 -5.708020 1.526581 -0.015993 -0.014959 -2.358289 1092.589966
192.817184 -5.915266 1.525639 -0.015560 -0.005484 -2.331453 1092.800049
192.831055 -6.123856 1.522440 -0.007003 -0.004668 -2.301430 1093.020020
192.848129 -6.323459 1.517831 -0.013682 0.011382 -2.270149 1093.239990
192.867172 -6.529459 1.512152 -0.027401 0.007604 -2.236347 1093.469971
192.894623 -6.735580 1.504139 -0.052358 -0.016777 -2.201345 1093.699951
192.942719 -6.930399 1.493253 -0.050500 -0.030715 -2.167200 1093.920044
193.014969 -7.117107 1.479300 -0.035771 -0.031377 -2.133734 1094.140015
193.109665 -7.298992 1.463481 -0.032407 -0.018648 -2.099676 1094.369995
193.218353 -7.471465 1.449344 -0.036475 -0.001335 -2.066192 1094.599976
193.336990 -7.641364 1.438334 -0.019411 0.001272 -2.032772 1094.829956
193.464066 -7.815734 1.430392 -0.019422 0.012173 -1.998617 1095.069946
193.584793 -7.983105 1.425717 -0.002582 0.024186 -1.966316 1095.300049
193.696075 -8.153984 1.423254 0.001005 0.044456 -1.934385 1095.530029
193.793121 -8.335104 1.422520 0.006300 0.038759 -1.902868 1095.760010
193.876068 -8.524756 1.422582 0.000573 0.036301 -1.871674 1095.989990
193.945984 -8.713200 1.422863 -0.009555 0.037126 -1.841893 1096.209961
194.011688 -8.908836 1.423232 -0.010977 0.024178 -1.811983 1096.430054
194.076431 -9.107280 1.424131 -0.016933 0.022683 -1.782073 1096.650024
194.140045 -9.298210 1.425793 -0.015447 0.015020 -1.753251 1096.859985
194.205688 -9.487216 1.427999 -0.011303 0.007745 -1.726496 1097.069946
194.275757 -9.680334 1.430901 -0.009762 0.012511 -1.703976 1097.290039
194.343384 -9.869192 1.433997 0.047316 0.011452 -1.688565 1097.510010
194.387512 -10.068398 1.437161 0.097253 0.029686 -1.681302 1097.750000
194.374619 -10.274804 1.439593 0.099845 0.037808 -1.686641 1098.000000
194.309708 -10.467514 1.440610 0.076227 0.037454 -1.702465 1098.229980
194.218124 -10.645513 1.440535 0.041868 0.011933 -1.725350 1098.439941
194.112564 -10.817904 1.439712 0.009627 0.002802 -1.752252 1098.650024
194.002304 -10.991043 1.438312 -0.007635 0.023166 -1.784366 1098.869995
193.898773 -11.165070 1.436626 -0.014074 0.016480 -1.819374 1099.089966
193.800308 -11.348224 1.434397 -0.012850 0.024516 -1.857333 1099.319946
193.709839 -11.534710 1.431674 -0.009368 0.006451 -1.894205 1099.550049
193.625732 -11.720181 1.428331 -0.008284 -0.073849 -1.928970 1099.790039
193.546082 -11.904284 1.428415 -0.003413 -0.156337 -1.969479 1100.160034
193.482346 -12.097833 1.433654 -0.018751 0.113880 -1.960423 1101.060059
193.427231 -12.298363 1.444067 -0.010968 0.092499 -1.937661 1101.339966
193.375092 -12.494957 1.452943 -0.023654 0.061388 -1.917287 1101.560059
193.330444 -12.691845 1.458728 -0.048083 0.034161 -1.896083 1101.760010
193.300415 -12.897773 1.460805 -0.056325 0.014661 -1.872431 1101.959961
193.290070 -13.106084 1.458741 -0.052148 0.006858 -1.847248 1102.160034
193.298294 -13.312906 1.452844 -0.040014 0.005100 -1.820645 1102.359985
193.319992 -13.515784 1.444443 -0.016046 0.006369 -1.792783 1102.560059
193.347488 -13.723020 1.434804 0.005041 0.016216 -1.762594 1102.770020
193.370728 -13.925903 1.425812 0.015884 0.010847 -1.731962 1102.979980
193.386185 -14.132153 1.417573 0.017513 0.015011 -1.700213 1103.199951
193.392105 -14.333920 1.410862 0.013479 0.022211 -1.669793 1103.420044
193.390320 -14.542288 1.405779 0.014275 0.001276 -1.641701 1103.650024
193.379807 -14.749926 1.405233 0.028994 0.015183 -1.618793 1103.890015
193.353973 -14.953532 1.411559 0.033981 0.032104 -1.605172 1104.130005
193.312607 -15.153659 1.423932 0.030031 0.038050 -1.599076 1104.359985
193.260513 -15.352369 1.439771 0.013575 0.031924 -1.596292 1104.579956
193.207748 -15.546611 1.454517 -0.023715 0.031270 -1.593647 1104.790039
193.166580 -15.744727 1.465807 -0.046846 0.033155 -1.588990 1105.000000
193.146042 -15.947129 1.472018 -0.049810 0.029352 -1.581008 1105.209961
193.146820 -16.152351 1.472964 -0.040971 0.028457 -1.569558 1105.420044
193.164536 -16.358740 1.469566 -0.028012 0.011140 -1.553902 1105.630005
193.193481 -16.560387 1.462886 -0.021098 0.008732 -1.535267 1105.839966
193.231949 -16.765242 1.453712 -0.015241 0.016379 -1.512326 1106.060059
193.275787 -16.965748 1.443606 -0.008622 0.009895 -1.486402 1106.280029
193.321945 -17.161243 1.433318 -0.004423 0.023913 -1.459227 1106.500000
193.368973 -17.356596 1.423467 -0.001396 0.016771 -1.431664 1106.719971
193.417511 -17.558958 1.413898 0.000794 0.018160 -1.402800 1106.949951
193.464752 -17.760052 1.405234 0.000700 0.028945 -1.373576 1107.180054
193.510376 -17.955452 1.402342 -0.009577 0.029648 -1.345123 1107.400024
193.561020 -18.153399 1.409983 -0.017046 0.030167 -1.315966 1107.619995
193.620224 -18.352949 1.429886 -0.017446 0.029612 -1.287426 1107.839966
193.683731 -18.543659 1.455990 0.012567 0.009506 -1.263596 1108.050049
193.741806 -18.740307 1.480575 0.068504 -0.001378 -1.245894 1108.270020
193.769028 -18.944862 1.496316 0.082346 -0.014335 -1.237854 1108.500000
193.755005 -19.145815 1.499202 0.072816 -0.010766 -1.238387 1108.729980
193.706345 -19.343264 1.489855 0.052547 -0.001861 -1.247889 1108.959961
193.636398 -19.533705 1.472727 -0.012800 -0.056082 -1.266111 1109.189941
193.551849 -19.717741 1.448830 -0.061404 -0.086665 -1.291218 1109.479980
193.437012 -19.882235 1.420245 0.088646 0.085584 -1.347228 1110.400024
193.315308 -20.049322 1.427330 0.074550 0.077401 -1.367845 1110.750000
193.198410 -20.217495 1.434837 0.045771 0.049251 -1.386441 1110.989990
193.084854 -20.383450 1.441787 0.011989 0.024688 -1.404374 1111.199951
192.973389 -20.553936 1.449665 -0.012678 0.032438 -1.423837 1111.410034
192.874100 -20.728815 1.458482 -0.022639 0.035207 -1.445476 1111.619995
192.787262 -20.916428 1.468060 -0.028198 0.018965 -1.469662 1111.839966
192.716339 -21.111666 1.476588 -0.034828 0.029793 -1.497489 1112.069946
192.667282 -21.310007 1.481710 -0.032866 0.041904 -1.526448 1112.300049
192.638855 -21.508324 1.482660 -0.023741 0.043223 -1.553645 1112.520020
192.623093 -21.715908 1.479989 -0.013566 0.037412 -1.578887 1112.739990
192.614685 -21.919395 1.474951 -0.006352 0.008296 -1.599945 1112.949951
192.609222 -22.127073 1.467962 -0.003194 0.005418 -1.617889 1113.170044
192.605377 -22.327286 1.459830 -0.001628 0.019608 -1.630391 1113.390015
192.601898 -22.533924 1.451090 -0.000592 0.012549 -1.637519 1113.619995
192.598450 -22.737003 1.442455 -0.000377 0.025635 -1.639604 1113.849976
192.594528 -22.941792 1.434175 -0.000814 0.031419 -1.637584 1114.079956
192.590424 -23.141743 1.426562 -0.001548 0.027019 -1.632407 1114.300049
192.586426 -23.344524 1.418750 -0.002271 0.033377 -1.625150 1114.520020
192.582855 -23.552155 1.410410 -0.002411 0.034033 -1.616617 1114.739990
192.579971 -23.754969 1.402003 -0.001979 0.027048 -1.607511 1114.949951
192.577667 -23.959282 1.395494 -0.002225 0.020667 -1.597940 1115.160034
192.576172 -24.162870 1.394977 -0.002608 0.024135 -1.588575 1115.369995
192.575668 -24.366066 1.401476 -0.002233 0.008536 -1.579856 1115.579956
192.576141 -24.573336 1.415386 -0.001543 0.013460 -1.571899 1115.800049
192.577316 -24.776304 1.435716 -0.000914 0.022092 -1.565315 1116.020020
192.579224 -24.978539 1.459762 -0.008085 0.019949 -1.559295 1116.239990
192.584976 -25.180170 1.484568 -0.017697 0.028998 -1.552079 1116.459961
192.598495 -25.383808 1.507950 -0.018537 0.017872 -1.542040 1116.680054
192.619995 -25.585857 1.528601 -0.015168 0.018329 -1.529267 1116.900024
192.647736 -25.786028 1.546621 -0.010566 0.024175 -1.513320 1117.119995
192.679459 -25.985817 1.561958 -0.005588 0.014221 -1.495497 1117.339966
192.714294 -26.191429 1.575592 -0.001464 0.018862 -1.478570 1117.569946
192.748825 -26.395765 1.584822 0.003934 0.027605 -1.464632 1117.800049
192.779846 -26.594210 1.588008 0.006611 0.034206 -1.454354 1118.020020
192.808029 -26.797115 1.585799 0.006471 0.016675 -1.447892 1118.239990
192.832443 -26.998247 1.579219 0.027072 0.004916 -1.446253 1118.459961
192.841278 -27.201096 1.569525 0.091867 -0.020030 -1.452007 1118.689941
192.801544 -27.396887 1.557762 0.118701 -0.026822 -1.465924 1118.930054
192.699432 -27.574390 1.544811 0.103909 -0.019787 -1.486546 1119.170044
192.559967 -27.723375 1.532696 0.070072 -0.011904 -1.511288 1119.390015
192.404633 -27.853273 1.521566 -0.009186 -0.045416 -1.539645 1119.599976
192.241241 -27.970333 1.511237 -0.076346 -0.072504 -1.570016 1119.839966
192.353424 -27.801733 1.527246 -0.076936 -0.081894 -1.595295 1120.800049
192.499695 -27.654411 1.535425 -0.047497 -0.045701 -1.581542 1120.989990
192.648087 -27.505926 1.544649 -0.021890 -0.017998 -1.562405 1121.170044
192.796463 -27.357565 1.552596 0.022520 -0.007278 -1.538668 1121.349976
192.939148 -27.204714 1.555989 0.051700 -0.023019 -1.510469 1121.540039
193.063690 -27.043879 1.552039 0.061735 -0.029951 -1.477408 1121.739990
193.166748 -26.865442 1.539068 0.058900 -0.028877 -1.440286 1121.959961
193.236664 -26.677927 1.520348 0.082838 -0.041952 -1.406857 1122.189941
193.258469 -26.477816 1.500934 0.093972 -0.049653 -1.379743 1122.430054
193.224899 -26.273388 1.484347 0.072273 -0.031641 -1.360707 1122.670044
193.153931 -26.078907 1.472731 0.048426 -0.031502 -1.354961 1122.900024
193.063950 -25.893559 1.465821 0.023332 -0.019297 -1.358911 1123.119995
192.965775 -25.710909 1.462175 -0.000327 -0.012312 -1.371949 1123.339966
192.871521 -25.531214 1.460060 -0.023817 -0.022501 -1.392720 1123.560059
192.787231 -25.340183 1.458031 -0.033471 -0.027205 -1.421571 1123.790039
192.721634 -25.143829 1.455116 -0.029702 -0.022039 -1.456053 1124.020020
192.672897 -24.944935 1.450745 -0.021991 -0.024509 -1.493939 1124.250000
192.637100 -24.743002 1.445668 -0.019743 -0.033392 -1.534040 1124.479980
192.613312 -24.544039 1.440755 -0.014328 -0.040517 -1.573812 1124.699951
192.597366 -24.336672 1.435983 -0.007474 -0.040112 -1.614268 1124.920044
192.586945 -24.131666 1.431642 -0.002147 -0.031002 -1.652764 1125.130005
192.579193 -23.924471 1.427278 -0.002528 -0.011452 -1.690373 1125.339966
192.573410 -23.721573 1.422260 -0.000526 -0.016506 -1.726846 1125.550049
192.569092 -23.512402 1.416242 -0.000546 -0.014729 -1.763715 1125.770020
192.566498 -23.307165 1.409400 -0.000685 -0.010934 -1.798978 1125.989990
192.565704 -23.107058 1.403418 -0.001783 -0.021546 -1.832744 1126.209961
192.568604 -22.898441 1.401020 -0.002097 -0.034672 -1.866838 1126.439941
192.576828 -22.694361 1.403430 -0.000673 -0.037220 -1.898642 1126.660034
192.589706 -22.494120 1.409817 0.002405 -0.036320 -1.928478 1126.869995
192.606369 -22.289389 1.419140 -0.000727 -0.015152 -1.957713 1127.079956
192.624741 -22.088522 1.428866 0.001230 0.002865 -1.986174 1127.290039
192.642044 -21.887949 1.437135 0.016029 -0.013115 -2.015486 1127.510010
192.655151 -21.681524 1.442737 0.013503 -0.008165 -2.045246 1127.739990
192.663422 -21.478218 1.444804 0.017160 -0.017215 -2.074905 1127.969971
192.667969 -21.274097 1.443818 0.014275 -0.022809 -2.104541 1128.199951
192.672607 -21.067045 1.440220 0.000019 -0.033271 -2.134296 1128.430054
192.684692 -20.865913 1.434702 -0.004324 -0.043556 -2.163281 1128.650024
192.708664 -20.659767 1.427510 -0.004041 -0.042265 -2.192978 1128.869995
192.742279 -20.458982 1.419550 -0.000280 -0.036836 -2.221915 1129.079956
192.783478 -20.257151 1.411067 -0.016390 0.006815 -2.251053 1129.290039
192.829773 -20.057041 1.402153 -0.049009 0.078606 -2.283357 1129.520020
192.880005 -19.863329 1.393520 -0.071233 0.130969 -2.324559 1129.869995
192.994293 -19.700108 1.412144 0.025624 -0.114196 -2.366721 1130.760010
193.111465 -19.538225 1.436435 0.024616 -0.094916 -2.382370 1131.040039
193.225891 -19.374165 1.458802 0.019296 -0.066165 -2.397293 1131.260010
193.339111 -19.208063 1.477461 0.021792 -0.036343 -2.413379 1131.459961
193.452209 -19.033772 1.490237 0.028371 -0.020073 -2.432062 1131.660034
193.559036 -18.854849 1.495443 0.022166 0.000337 -2.452651 1131.859985
193.655945 -18.677258 1.492879 0.017290 0.006221 -2.475603 1132.060059
193.746048 -18.496052 1.483498 0.023407 0.025391 -2.501602 1132.270020
193.821777 -18.304840 1.468111 0.060818 0.052858 -2.531787 1132.500000
193.856277 -18.105707 1.448950 0.077287 0.053274 -2.565685 1132.739990
193.842377 -17.898270 1.428761 0.070234 0.037865 -2.601923 1132.979980
193.797089 -17.698858 1.410783 0.047678 0.022241 -2.635957 1133.199951
193.737427 -17.504955 1.395251 0.020131 0.010717 -2.668324 1133.410034
193.672180 -17.314091 1.384412 0.019258 0.000537 -2.700767 1133.619995
193.603226 -17.116364 1.380572 0.021873 -0.006382 -2.734860 1133.839966
193.536301 -16.918055 1.384804 0.026130 -0.009094 -2.768981 1134.060059
193.475006 -16.726068 1.395561 0.030727 -0.008516 -2.801535 1134.270020
193.415787 -16.530127 1.411074 0.026445 -0.003858 -2.834017 1134.479980
193.356781 -16.332901 1.426691 0.016743 0.021104 -2.866398 1134.689941
193.290375 -16.140589 1.438000 0.013265 0.042446 -2.898945 1134.900024
193.209137 -15.956096 1.442854 0.015629 0.048864 -2.931484 1135.109985
193.111313 -15.778481 1.441106 0.013284 0.024949 -2.963816 1135.319946
193.009659 -15.605651 1.435786 0.008739 -0.063586 -2.995328 1135.530029
192.933548 -15.417487 1.430647 0.006032 -0.124439 -3.029163 1135.760010
192.923279 -15.214141 1.427422 -0.000197 -0.119310 -3.065212 1136.010010
192.984085 -15.016107 1.427910 0.015490 -0.091594 -3.100460 1136.260010
193.085083 -14.834532 1.431662 0.022921 -0.046644 -3.131994 1136.489990
193.198242 -14.658319 1.435312 0.036267 0.014364 3.121657 1136.709961
193.296356 -14.482997 1.436660 0.045101 0.048645 3.093286 1136.920044
193.371140 -14.296621 1.434652 0.042565 0.056795 3.064028 1137.130005
193.420074 -14.100038 1.429966 0.030632 0.056529 3.034186 1137.339966
193.444473 -13.897427 1.424736 0.024675 0.051658 3.003846 1137.550049
193.447723 -13.691262 1.420280 0.022231 0.039956 2.973084 1137.760010
193.435715 -13.482876 1.417560 0.023035 0.027109 2.941902 1137.969971
193.416016 -13.282889 1.416808 0.018116 0.014464 2.911859 1138.170044
193.392441 -13.076993 1.417114 -0.043532 -0.017135 2.881528 1138.380005
193.368683 -12.872041 1.417788 -0.102824 -0.044612 2.850235 1138.630005
193.349731 -12.671159 1.421123 0.110594 0.042139 2.786444 1139.449951
193.349823 -12.466302 1.431922 0.116313 0.050287 2.765120 1139.869995
193.347229 -12.261937 1.439812 0.070048 0.031540 2.748099 1140.109985
193.343979 -12.055723 1.446970 0.040582 0.019841 2.731741 1140.319946
193.340256 -11.850472 1.454034 0.025808 0.013912 2.714153 1140.520020
193.335968 -11.643214 1.461146 0.014709 0.006498 2.694162 1140.719971
193.332718 -11.439437 1.469484 0.011445 -0.015991 2.672219 1140.920044
193.337585 -11.233804 1.481916 0.025579 -0.028822 2.646995 1141.130005
193.357559 -11.035301 1.498717 0.017890 -0.033639 2.619627 1141.339966
193.394669 -10.837316 1.520150 0.022507 -0.024770 2.589553 1141.560059
193.448364 -10.638124 1.542320 0.036716 -0.023834 2.556651 1141.790039
193.515610 -10.449615 1.556642 0.044678 -0.023994 2.524050 1142.010010
193.599701 -10.260485 1.561096 0.043053 -0.017832 2.490725 1142.229980
193.692978 -10.078941 1.555931 0.036318 -0.009561 2.458361 1142.439941
193.794312 -9.897029 1.542837 0.028757 -0.001835 2.425592 1142.650024
193.894302 -9.723975 1.525019 0.024045 -0.003381 2.394148 1142.849976
194.003510 -9.545979 1.505140 0.020960 -0.049991 2.361049 1143.060059
194.128220 -9.384924 1.488385 0.017494 -0.083964 2.328473 1143.270020
194.283936 -9.246209 1.476260 0.018276 -0.086796 2.294848 1143.489990
194.455902 -9.143167 1.470341 0.021413 -0.070918 2.263097 1143.699951
194.645615 -9.062551 1.469528 0.022853 -0.048028 2.231665 1143.910034
194.836441 -8.998914 1.472992 0.022197 -0.016484 2.201913 1144.109985
195.028931 -8.937992 1.481178 0.022876 0.025619 2.172194 1144.310059
195.223541 -8.863213 1.495050 0.020028 0.049672 2.140774 1144.520020
195.404160 -8.770823 1.512695 0.004797 0.049908 2.109383 1144.729980
195.582626 -8.652234 1.535049 0.009907 0.038108 2.075335 1144.959961
195.740295 -8.528943 1.554833 0.006285 -0.024009 2.043919 1145.180054
195.905090 -8.415349 1.569246 0.017439 -0.078267 2.011498 1145.410034
196.092896 -8.335406 1.575250 0.025529 -0.089219 1.977780 1145.650024
196.292694 -8.298559 1.572189 0.031941 -0.073566 1.945809 1145.880005
196.500092 -8.291540 1.562659 0.031282 -0.048631 1.915389 1146.099976
196.707962 -8.300436 1.549451 0.024983 -0.024268 1.886178 1146.310059
196.908676 -8.314376 1.536540 0.017317 0.004951 1.858094 1146.510010
197.116364 -8.324324 1.526781 0.024030 0.025243 1.828235 1146.719971
197.321091 -8.321283 1.522880 0.027457 0.030317 1.798070 1146.930054
197.524368 -8.303391 1.525187 0.028364 0.026313 1.767518 1147.140015
197.727402 -8.273070 1.532953 0.026137 0.019745 1.736632 1147.349976
197.929550 -8.233427 1.543228 0.015948 0.031371 1.705560 1147.560059
198.127090 -8.181565 1.552184 0.013216 0.047386 1.673999 1147.770020
198.318008 -8.112813 1.557662 -0.001032 0.041457 1.642215 1147.979980
198.507141 -8.025667 1.558752 0.000966 0.034549 1.609090 1148.199951
198.686859 -7.927040 1.555308 0.009194 0.026950 1.575995 1148.420044
198.860413 -7.822082 1.548221 0.002116 -0.000221 1.543613 1148.640015
199.034943 -7.717651 1.536935 0.026294 -0.012683 1.510582 1148.869995
199.212555 -7.625448 1.522157 0.046018 -0.010891 1.477887 1149.099976
199.402573 -7.545520 1.504582 0.050709 -0.003831 1.445409 1149.329956
199.597351 -7.478019 1.486034 0.021766 -0.009038 1.414081 1149.550049
199.789139 -7.420362 1.468147 -0.054840 -0.040375 1.385205 1149.770020
199.982407 -7.369328 1.449048 -0.096926 -0.055037 1.353273 1150.060059
200.180099 -7.332779 1.437115 0.122091 0.068280 1.296614 1150.989990
200.379028 -7.291068 1.444109 0.100987 0.059119 1.277996 1151.310059
200.581436 -7.246624 1.448942 0.053028 0.031983 1.260195 1151.540039
200.785614 -7.201266 1.453027 0.033677 0.022178 1.242790 1151.750000
200.986374 -7.156219 1.457169 0.022722 0.012956 1.223828 1151.949951
201.187927 -7.111578 1.463230 0.018533 0.004848 1.202491 1152.150024
201.387650 -7.069716 1.472353 0.015737 0.000319 1.178766 1152.349976
201.592697 -7.030313 1.484954 0.004985 -0.006717 1.151718 1152.560059
201.789490 -6.996023 1.500453 0.009035 0.001750 1.122914 1152.770020
201.988419 -6.961492 1.515651 -0.018473 0.029033 1.091016 1152.989990
202.184784 -6.910224 1.524189 -0.039317 0.063002 1.055770 1153.219971
202.369217 -6.826485 1.522372 -0.040615 0.066767 1.020736 1153.449951
202.536804 -6.714685 1.510806 -0.030538 0.059339 0.987202 1153.670044
202.691589 -6.585352 1.492665 -0.025784 0.034502 0.955890 1153.880005
202.835999 -6.443305 1.472644 -0.075518 -0.004599 0.928574 1154.089966
202.955673 -6.274676 1.453986 -0.117766 -0.020852 0.905965 1154.319946
203.018448 -6.080134 1.439947 -0.099125 -0.034018 0.893250 1154.560059
203.023636 -5.874999 1.432533 -0.078342 -0.016146 0.888607 1154.800049
202.991180 -5.670650 1.431679 -0.046628 -0.005666 0.895082 1155.030029
202.942169 -5.472567 1.435462 -0.027354 0.009167 0.909896 1155.250000
202.887833 -5.273619 1.442190 -0.018519 0.019242 0.932098 1155.469971
202.834183 -5.072449 1.449076 -0.020905 0.023302 0.960424 1155.689941
202.783875 -4.876811 1.453788 -0.023063 0.023681 0.992128 1155.900024
202.733398 -4.677345 1.455763 -0.021483 0.020830 1.027285 1156.109985
202.682190 -4.475275 1.454944 -0.020784 0.020564 1.064810 1156.319946
202.632584 -4.281159 1.451817 -0.017123 0.017323 1.101930 1156.520020
202.582428 -4.087068 1.446908 -0.015773 0.017823 1.139555 1156.719971
202.531998 -3.893411 1.440902 -0.010865 0.012714 1.177282 1156.920044
202.479507 -3.693469 1.433822 -0.003170 0.003243 1.216060 1157.130005
202.426331 -3.491558 1.426296 -0.002163 0.014845 1.255372 1157.349976
202.377716 -3.293028 1.419990 0.012343 0.032588 1.293346 1157.569946
202.340759 -3.092119 1.415676 0.020203 0.039672 1.329635 1157.790039
202.318848 -2.885846 1.413408 0.018773 0.041215 1.364358 1158.010010
202.310486 -2.683066 1.412848 0.013242 0.038703 1.396292 1158.219971
202.310806 -2.476398 1.413432 0.009149 0.010713 1.426784 1158.430054
202.315674 -2.275268 1.414280 0.003425 -0.000636 1.456164 1158.640015
202.322052 -2.074201 1.415467 -0.003523 0.018980 1.486007 1158.859985
202.327469 -1.866575 1.416885 -0.006654 0.015588 1.516066 1159.089966
202.329834 -1.661157 1.418202 -0.006596 0.021827 1.543497 1159.319946
202.329086 -1.455395 1.419541 -0.004917 0.033683 1.566980 1159.550049
202.326126 -1.253398 1.420746 -0.002888 0.035218 1.584033 1159.770020
202.322571 -1.046807 1.421727 0.028338 0.005786 1.594074 1159.989990
202.335220 -0.839121 1.422202 0.098651 -0.030464 1.594232 1160.219971
202.398926 -0.648570 1.421549 0.111879 -0.048730 1.583607 1160.459961
202.526138 -0.487292 1.418947 0.094138 -0.037622 1.565557 1160.709961
202.686188 -0.367033 1.415393 0.069609 -0.016148 1.542210 1160.939941
202.863586 -0.268451 1.412923 0.042231 -0.037622 1.512778 1161.160034
203.051743 -0.194120 1.415614 0.045838 -0.072568 1.479769 1161.380005
203.248444 -0.158408 1.424750 0.047327 -0.080226 1.444829 1161.599976
203.452164 -0.163897 1.440163 0.042246 -0.066025 1.408635 1161.819946
203.650711 -0.200284 1.459701 0.032784 -0.043985 1.373188 1162.030029
203.847015 -0.255427 1.480373 -0.037184 -0.023214 1.337591 1162.239990
204.037415 -0.321629 1.500755 -0.106431 -0.005822 1.298627 1162.479980
204.229889 -0.379173 1.522128 0.108239 0.080621 1.230135 1163.380005
204.427582 -0.320248 1.510947 0.088951 0.066218 1.210590 1163.780029
204.626480 -0.261820 1.500057 0.068495 0.048765 1.195324 1164.030029
204.822937 -0.206628 1.489716 0.059731 0.015363 1.179119 1164.239990
205.025238 -0.159528 1.479529 0.051092 -0.012263 1.161404 1164.439941
205.223999 -0.127498 1.469769 0.042956 -0.022959 1.142804 1164.630005
205.424225 -0.110020 1.460053 0.034273 -0.023218 1.122090 1164.819946
205.633133 -0.105637 1.449851 0.022115 -0.018666 1.097968 1165.020020
205.836838 -0.111468 1.439402 0.012109 -0.006670 1.071694 1165.219971
206.043945 -0.122079 1.427660 0.011714 0.009490 1.042093 1165.430054
206.247208 -0.131467 1.414937 0.014132 0.019574 1.010797 1165.640015
206.449844 -0.136758 1.401226 0.015640 0.023146 0.978184 1165.849976
206.653397 -0.137486 1.386751 0.012462 0.019186 0.944610 1166.060059
206.855881 -0.134849 1.373268 0.010283 0.011004 0.910769 1166.270020
207.064713 -0.131106 1.362534 0.018332 0.012338 0.875258 1166.489990
207.271957 -0.128572 1.356071 0.011087 0.002888 0.839838 1166.709961
207.474396 -0.128464 1.353647 0.015736 0.008556 0.805162 1166.930054
207.674530 -0.130569 1.354638 0.022886 0.018178 0.771169 1167.150024
207.877762 -0.134362 1.358369 0.027849 0.023654 0.737644 1167.369995
208.087112 -0.140259 1.364236 0.028684 0.021126 0.704404 1167.589966
208.291992 -0.149038 1.371240 0.027159 0.019571 0.673021 1167.800049
208.500198 -0.161131 1.378872 0.016400 0.011396 0.641868 1168.010010
208.706894 -0.174988 1.385710 0.005677 0.014837 0.611362 1168.219971
208.910339 -0.186690 1.390720 0.003032 0.024339 0.581254 1168.430054
209.113174 -0.193463 1.393507 0.003945 0.029358 0.551380 1168.640015
209.317383 -0.194962 1.394188 0.005429 0.029342 0.521602 1168.849976
209.523254 -0.192266 1.393152 0.003885 0.020328 0.491897 1169.060059
209.727875 -0.187046 1.391660 0.005698 0.019149 0.462333 1169.270020
209.930908 -0.180611 1.390862 0.008600 0.021860 0.432773 1169.479980
210.133911 -0.173892 1.391396 0.010241 0.023609 0.403147 1169.689941
210.337997 -0.167529 1.393493 0.011042 0.026195 0.373373 1169.900024
210.544083 -0.161770 1.397016 0.009977 0.024978 0.343385 1170.109985
210.750549 -0.156799 1.400176 0.006165 0.010055 0.313369 1170.319946
210.952637 -0.153157 1.399761 0.007528 0.014899 0.283554 1170.530029
211.161026 -0.150907 1.394120 0.006432 0.010965 0.252370 1170.750000
211.364792 -0.150299 1.383226 0.004997 0.009921 0.222095 1170.969971
211.572540 -0.150785 1.367890 -0.000164 0.021522 0.192376 1171.199951
211.779953 -0.148892 1.353487 -0.009933 0.032073 0.165998 1171.430054
211.982162 -0.140311 1.343697 -0.013571 0.036900 0.144942 1171.650024
212.189957 -0.123603 1.338835 -0.012535 0.035908 0.128397 1171.869995
212.392929 -0.101103 1.338405 -0.009244 0.015828 0.116911 1172.079956
212.598450 -0.074110 1.340225 -0.003915 -0.065947 0.109251 1172.300049
212.799637 -0.044375 1.344167 0.003937 -0.139141 0.103755 1172.579956
212.970078 0.057482 1.385890 -0.078003 0.090434 0.121785 1173.510010
213.102234 0.206631 1.428400 -0.060091 0.077158 0.149800 1173.819946
213.234222 0.353116 1.467293 -0.034872 0.048360 0.177095 1174.050049
213.367950 0.500004 1.505313 -0.017746 0.024998 0.204697 1174.260010
213.503250 0.650067 1.539654 -0.028009 -0.007263 0.234365 1174.469971
213.632462 0.811579 1.564515 -0.053481 -0.021808 0.267607 1174.689941
213.739975 0.984891 1.574869 -0.059923 -0.022137 0.302550 1174.910034
213.825073 1.172126 1.571066 -0.055617 -0.011588 0.338270 1175.130005
213.889832 1.362089 1.556793 -0.035644 -0.007703 0.373330 1175.339966
213.943146 1.555636 1.535630 -0.016208 -0.006469 0.408284 1175.550049
213.990448 1.754962 1.510387 -0.023399 0.000135 0.444090 1175.770020
214.030685 1.953725 1.485686 -0.030630 0.005105 0.479347 1175.989990
214.064468 2.155788 1.463494 -0.031765 0.009542 0.514009 1176.209961
214.091995 2.353108 1.445413 -0.032297 0.015785 0.546573 1176.420044
214.116623 2.555078 1.430577 -0.015416 0.009097 0.578911 1176.630005
214.140137 2.755593 1.419976 -0.004840 0.015581 0.610370 1176.839966
214.168015 2.961493 1.413824 -0.003007 0.023892 0.642629 1177.060059
214.202087 3.163820 1.412221 0.001952 0.017895 0.674130 1177.280029
214.241562 3.360883 1.413971 -0.004529 0.023132 0.704949 1177.500000
214.285522 3.556282 1.417655 -0.016222 0.019104 0.735230 1177.719971
214.328201 3.753522 1.420536 -0.039687 0.008381 0.765369 1177.939941
214.359421 3.956022 1.420607 -0.042815 -0.003350 0.796032 1178.160034
214.374405 4.160858 1.417192 -0.034255 -0.008456 0.826454 1178.380005
214.374634 4.363978 1.410314 -0.034800 0.005472 0.856221 1178.599976
214.364456 4.567625 1.400846 -0.016274 -0.001367 0.886482 1178.819946
214.347473 4.774568 1.389803 -0.012042 -0.001694 0.917361 1179.050049
214.325867 4.974271 1.379814 -0.025773 0.013502 0.947804 1179.280029
214.299011 5.174896 1.372206 -0.020163 0.009674 0.978646 1179.510010
214.267838 5.375633 1.367063 -0.021191 0.016691 1.009150 1179.739990
214.233704 5.578396 1.364173 -0.018109 0.017991 1.039830 1179.969971
214.198517 5.782190 1.363042 0.000130 0.014536 1.070297 1180.199951
214.169022 5.982850 1.364072 0.009975 0.037416 1.100629 1180.430054
214.153549 6.186878 1.367128 0.011240 0.046039 1.130870 1180.660034
214.153351 6.389123 1.371511 0.007333 0.045488 1.159928 1180.880005
214.163895 6.589139 1.376578 0.003283 0.035177 1.188018 1181.089966
214.180420 6.792269 1.380846 -0.006640 0.016773 1.216318 1181.300049
214.196152 6.993700 1.382502 -0.019257 0.015639 1.245090 1181.510010
214.205841 7.194150 1.380849 -0.024471 0.017480 1.274257 1181.719971
214.207611 7.394832 1.375876 -0.023005 0.022003 1.303738 1181.930054
214.202881 7.597090 1.368950 -0.009094 0.027377 1.333600 1182.140015
214.197296 7.801590 1.361654 0.004696 0.029277 1.363712 1182.349976
214.196014 8.006407 1.354825 0.013308 -0.013651 1.392941 1182.560059
214.199570 8.209452 1.348309 0.017846 -0.089992 1.422061 1182.790039
214.208557 8.409253 1.344657 0.012238 -0.153000 1.458604 1183.160034
214.289597 8.591693 1.370715 0.034983 0.111471 1.444432 1184.040039
214.374664 8.771839 1.397302 0.021659 0.090342 1.411733 1184.310059
214.458603 8.955291 1.422018 -0.008552 0.059571 1.380617 1184.530029
214.534790 9.147959 1.442605 -0.074067 0.024279 1.353316 1184.739990
214.580658 9.348192 1.456475 -0.104657 -0.000290 1.331959 1184.949951
214.583405 9.548625 1.461920 -0.095221 -0.017934 1.317066 1185.160034
214.543640 9.751821 1.458979 -0.075557 -0.012489 1.307302 1185.380005
214.471527 9.947731 1.449283 -0.043692 -0.011157 1.306551 1185.599976
214.381989 10.134863 1.435375 -0.021096 0.003951 1.313727 1185.819946
214.288437 10.317080 1.420933 0.003379 0.030510 1.328852 1186.040039
214.204010 10.503045 1.409000 0.018226 0.043561 1.351051 1186.260010
214.136139 10.696090 1.400616 0.024514 0.031156 1.378232 1186.479980
214.085388 10.892337 1.396035 0.017689 0.036206 1.410264 1186.699951
214.047943 11.093123 1.394632 0.011260 0.021298 1.445028 1186.920044
214.019714 11.292817 1.396088 0.023995 0.007104 1.479183 1187.140015
214.004364 11.494490 1.401743 0.041309 0.022567 1.510318 1187.369995
214.010666 11.694794 1.411597 0.039869 0.017746 1.532221 1187.599976
214.037125 11.893750 1.424425 0.031050 0.024194 1.544684 1187.829956
214.078232 12.093958 1.439582 0.021209 0.034425 1.546723 1188.060059
214.126053 12.291153 1.455560 0.012556 0.036525 1.538821 1188.280029
214.175720 12.484324 1.470333 0.019118 0.013067 1.523164 1188.489990
214.235352 12.682630 1.481213 0.052315 -0.000485 1.499429 1188.709961
214.315079 12.869521 1.484938 0.068829 0.000988 1.469415 1188.930054
214.421326 13.044404 1.481105 0.064508 0.005644 1.434394 1189.150024
214.551361 13.208411 1.470894 0.055391 -0.001651 1.395291 1189.369995
214.692856 13.352471 1.456875 0.056012 -0.005879 1.356118 1189.579956
214.849594 13.482314 1.440142 0.044167 -0.010922 1.315712 1189.790039
215.015564 13.597043 1.422186 0.028651 -0.010688 1.275478 1190.000000
215.192413 13.703445 1.402989 0.025676 0.007258 1.234521 1190.219971
215.371460 13.803005 1.385329 0.005377 0.012481 1.194467 1190.439941
215.546112 13.902804 1.373125 -0.018660 0.032292 1.155992 1190.660034
215.717529 14.019732 1.368436 -0.028586 0.037451 1.117981 1190.890015
215.875259 14.153536 1.371499 -0.026513 0.031274 1.082471 1191.119995
216.020660 14.301048 1.381128 -0.015988 0.036820 1.048375 1191.349976
216.154419 14.453675 1.394897 -0.006054 0.033970 1.017137 1191.569946
216.286743 14.610369 1.409920 0.041310 -0.031094 0.987020 1191.790039
216.439835 14.748575 1.424111 0.119027 -0.102591 0.949100 1192.040039
216.640701 14.788711 1.431891 0.134898 -0.105090 0.907890 1192.339966
216.832321 14.709638 1.428910 0.105433 -0.068667 0.876011 1192.599976
216.996201 14.591596 1.421672 0.072776 -0.035835 0.849544 1192.810059
217.148926 14.461861 1.413012 0.046733 -0.012028 0.824307 1193.000000
217.303879 14.323600 1.403508 0.019120 0.002241 0.798136 1193.189941
217.457336 14.187078 1.393718 -0.001648 0.008922 0.771579 1193.380005
217.614044 14.052099 1.383367 0.002847 0.014091 0.743507 1193.579956
217.775681 13.920054 1.372789 0.009111 0.014040 0.713912 1193.790039
217.936523 13.795274 1.362659 0.019438 0.013260 0.684068 1194.000000
218.098816 13.673909 1.353106 0.024058 0.010979 0.653820 1194.209961
218.263138 13.553217 1.344131 0.025561 0.009084 0.623212 1194.420044
218.428894 13.431920 1.335548 0.021986 0.006716 0.592274 1194.630005
218.592148 13.311819 1.327319 -0.035005 -0.017270 0.562180 1194.839966
218.756378 13.189071 1.318949 -0.097235 -0.042968 0.530996 1195.089966
218.932693 13.094608 1.328773 0.058414 0.114252 0.465587 1195.959961
219.131546 13.095366 1.372139 0.056967 0.107333 0.445680 1196.329956
219.329285 13.092573 1.409725 0.039842 0.075291 0.429395 1196.560059
219.528976 13.088225 1.446150 0.023986 0.048452 0.413338 1196.760010
219.729797 13.083532 1.479753 0.008066 0.032786 0.396305 1196.949951
219.933441 13.080761 1.508551 -0.002819 0.024565 0.377231 1197.140015
220.135284 13.081900 1.530679 -0.010336 0.006720 0.356228 1197.329956
220.339783 13.087449 1.546185 -0.011063 0.001953 0.332073 1197.530029
220.543961 13.097438 1.554724 -0.006646 0.008823 0.304650 1197.739990
220.749191 13.111205 1.557352 -0.003038 0.004537 0.275317 1197.959961
220.955215 13.127353 1.554108 -0.005850 0.017248 0.247328 1198.189941
221.158142 13.147764 1.543604 -0.013521 0.031938 0.224122 1198.420044
221.363251 13.176676 1.526335 -0.015177 0.020879 0.207071 1198.650024
221.567245 13.213682 1.503854 -0.012299 0.023297 0.195448 1198.880005
221.761749 13.254983 1.478902 -0.008195 0.024290 0.188972 1199.099976
221.956100 13.299887 1.452406 -0.004165 0.016003 0.185540 1199.319946
222.156433 13.347872 1.425290 0.003514 0.016363 0.182482 1199.550049
222.355087 13.392488 1.409282 0.021788 0.021443 0.177841 1199.780029
222.556046 13.425950 1.412149 0.029798 0.028213 0.170063 1200.010010
222.761948 13.445276 1.432082 0.019022 0.018812 0.160233 1200.239990
222.969055 13.456188 1.456592 -0.004073 0.028417 0.152561 1200.469971
223.169647 13.469418 1.475418 -0.017041 0.035161 0.149151 1200.689941
223.374695 13.491671 1.485354 -0.020538 0.036303 0.149962 1200.910034
223.574615 13.522551 1.485511 -0.017738 0.029816 0.154233 1201.119995
223.773499 13.560556 1.478052 -0.010351 -0.037445 0.161787 1201.329956
223.974854 13.604966 1.464336 -0.000562 -0.106759 0.171948 1201.579956
224.046478 13.794019 1.460320 -0.114268 -0.004167 0.197301 1202.530029
223.953537 13.978857 1.476840 -0.093938 0.000194 0.215163 1202.810059
223.874512 14.163540 1.493829 -0.050227 0.001613 0.233062 1203.030029
223.798538 14.353167 1.510728 -0.022713 0.009913 0.253084 1203.239990
223.727875 14.544825 1.524845 -0.020556 0.023976 0.276125 1203.449951
223.667542 14.738101 1.534020 -0.015211 0.026869 0.301908 1203.660034
223.616714 14.940247 1.537708 -0.008098 0.021987 0.331128 1203.880005
223.576553 15.139893 1.535834 -0.021895 0.018816 0.362327 1204.099976
223.543152 15.340961 1.529911 -0.007725 0.019312 0.395001 1204.319946
223.520172 15.547248 1.522885 0.030981 0.064119 0.431147 1204.550049
223.534698 15.750715 1.517836 0.043980 0.091207 0.469857 1204.790039
223.602890 15.944252 1.516305 0.034769 0.089319 0.507753 1205.030029
223.707886 16.118114 1.518168 0.021865 0.067478 0.541986 1205.250000
223.832443 16.281702 1.521955 0.011955 0.022001 0.573869 1205.459961
223.961823 16.439789 1.525788 -0.025967 0.003145 0.606134 1205.670044
224.085510 16.607409 1.528271 -0.053486 -0.003209 0.640149 1205.890015
224.187790 16.785137 1.528195 -0.060614 0.001335 0.673567 1206.109985
224.268387 16.975750 1.525219 -0.053375 0.009730 0.706453 1206.329956
224.329529 17.167871 1.520121 -0.031730 0.002137 0.738077 1206.540039
224.379639 17.361824 1.513511 -0.013652 0.004240 0.768574 1206.750000
224.427505 17.561077 1.507270 0.008534 0.023553 0.799740 1206.969971
224.482925 17.755404 1.503902 0.021144 0.036338 0.830409 1207.189941
224.552902 17.944496 1.503940 0.025302 0.019946 0.859697 1207.410034
224.637878 18.131723 1.504805 0.014466 0.013040 0.889766 1207.640015
224.728394 18.310280 1.501942 -0.003471 0.025923 0.919767 1207.869995
224.820267 18.489529 1.493599 -0.011070 0.018083 0.949708 1208.099976
224.908829 18.670799 1.479333 -0.014347 0.025869 0.979373 1208.329956
224.994003 18.857023 1.459596 -0.013883 0.034238 1.009235 1208.560059
225.074142 19.042618 1.440338 -0.010568 0.031565 1.038219 1208.780029
225.153549 19.234167 1.427011 -0.006982 0.033523 1.067533 1209.000000
225.229828 19.422045 1.422698 -0.003954 0.031871 1.095984 1209.209961
225.307129 19.613726 1.426831 -0.001970 0.028854 1.124927 1209.420044
225.384079 19.807514 1.436560 -0.025707 0.015843 1.154397 1209.630005
225.449936 20.002590 1.447065 -0.058414 0.007663 1.184773 1209.839966
225.491882 20.200407 1.454982 -0.069893 0.008306 1.215795 1210.050049
225.506180 20.401789 1.458499 -0.058486 0.008476 1.247417 1210.260010
225.498596 20.604778 1.457610 -0.026113 0.017606 1.278847 1210.469971
225.482788 20.808218 1.453349 0.001199 0.026430 1.310314 1210.680054
225.470581 21.012371 1.446698 0.015162 0.031099 1.341460 1210.890015
225.467789 21.217827 1.438516 0.018666 0.032802 1.371626 1211.099976
225.475281 21.424685 1.429679 0.017041 0.005069 1.399747 1211.310059
225.490372 21.628887 1.420557 0.014202 -0.076143 1.425594 1211.530029
225.511505 21.830748 1.412351 0.005003 -0.156470 1.454990 1211.829956
225.538483 22.030182 1.408593 -0.004578 0.122484 1.502065 1212.739990
225.551071 22.231255 1.415893 -0.003637 0.100372 1.512571 1213.040039
225.561356 22.434803 1.422027 -0.007292 0.068450 1.519531 1213.270020
225.568466 22.642178 1.424775 -0.018466 0.044740 1.526857 1213.479980
225.568787 22.848499 1.422914 -0.023527 0.032876 1.535685 1213.680054
225.560837 23.057995 1.416243 -0.022026 0.022509 1.545196 1213.880005
225.545227 23.266821 1.405199 -0.015604 0.017001 1.552978 1214.079956
225.525055 23.472620 1.392252 0.005074 0.015005 1.557453 1214.280029
225.507706 23.674625 1.380468 0.022558 0.017294 1.557322 1214.479980
225.499451 23.883528 1.371154 0.028636 0.018063 1.551930 1214.689941
225.503662 24.089766 1.365693 0.026105 0.021396 1.542440 1214.900024
225.518890 24.294580 1.364032 0.018905 0.014617 1.529881 1215.109985
225.541428 24.494404 1.365599 0.006543 -0.004691 1.516282 1215.319946
225.567902 24.701378 1.370563 -0.005036 0.014538 1.504025 1215.550049
225.591202 24.904537 1.378369 -0.009732 0.032472 1.496534 1215.780029
225.608963 25.103842 1.388074 -0.010242 0.038562 1.495570 1216.000000
225.622421 25.310728 1.398497 -0.012959 0.030672 1.501369 1216.219971
225.629440 25.512119 1.405530 -0.029524 0.022918 1.513187 1216.430054
225.624741 25.714109 1.406888 -0.038286 0.019491 1.530927 1216.640015
225.605209 25.914139 1.401918 -0.032999 0.003507 1.553270 1216.849976
225.571136 26.116346 1.390142 -0.026065 0.012912 1.575955 1217.069946
225.527039 26.313597 1.373823 -0.009793 0.013384 1.595571 1217.290039
225.479263 26.516361 1.356818 0.022178 0.022547 1.609968 1217.520020
225.444061 26.720089 1.343852 0.037173 0.032870 1.616235 1217.750000
225.428589 26.920877 1.336784 0.036673 0.036695 1.614622 1217.969971
225.430023 27.129034 1.334859 0.028115 0.034677 1.606840 1218.189941
225.442978 27.332275 1.336374 0.015979 0.015463 1.594949 1218.400024
225.461960 27.533300 1.339082 0.005659 0.018577 1.581199 1218.609985
225.482483 27.732460 1.341608 -0.000344 0.026299 1.566509 1218.819946
225.502014 27.932747 1.343117 -0.003091 0.027831 1.551929 1219.030029
225.519592 28.135010 1.343220 -0.003837 0.026239 1.538309 1219.239990
225.535034 28.337502 1.342099 -0.003782 0.010097 1.526652 1219.449951
225.549011 28.544830 1.339621 -0.001955 0.018961 1.517689 1219.670044
225.561798 28.750153 1.336097 -0.001676 0.025778 1.512989 1219.890015
225.573715 28.956991 1.332055 -0.004664 0.032035 1.512134 1220.109985
225.583359 29.158117 1.328075 -0.006060 0.027021 1.514194 1220.319946
225.590683 29.360348 1.324123 -0.005212 0.010457 1.518307 1220.530029
225.595963 29.567616 1.320137 -0.003670 0.019748 1.523810 1220.750000
225.599609 29.771469 1.316389 -0.001670 -0.020252 1.530111 1220.969971
225.602142 29.976263 1.312383 0.001029 -0.093884 1.537313 1221.219971
225.603683 30.177279 1.308070 -0.001498 -0.052761 1.549551 1221.719971
225.576889 30.375425 1.314773 -0.020996 0.129276 1.578479 1222.410034
225.545044 30.575792 1.322035 -0.013333 0.086472 1.600292 1222.670044
225.512177 30.779673 1.328192 0.010611 0.031557 1.620695 1222.890015
225.485992 30.980579 1.335144 0.034361 0.026007 1.637825 1223.099976
225.474197 31.183268 1.342916 0.037633 0.010451 1.650107 1223.310059
225.478775 31.391800 1.351415 0.031789 0.008101 1.657572 1223.530029
225.497345 31.594931 1.360293 0.023694 0.018111 1.658438 1223.750000
225.525040 31.795570 1.369232 0.009216 0.007267 1.652784 1223.969971
225.556046 31.999571 1.376869 -0.014298 0.020525 1.644460 1224.199951
225.578033 32.202557 1.381832 -0.026362 0.036156 1.637090 1224.430054
225.584946 32.411396 1.383824 -0.026122 0.038124 1.632748 1224.660034
225.578033 32.617863 1.383270 -0.019948 0.037557 1.631300 1224.880005
225.562347 32.819397 1.381188 -0.008580 0.011469 1.632142 1225.089966
225.542953 33.026180 1.379495 0.011618 0.011853 1.632425 1225.310059
225.529190 33.228298 1.380424 0.022834 0.022971 1.630458 1225.530029
225.525772 33.431248 1.384825 0.024691 0.031567 1.626982 1225.750000
225.532898 33.638599 1.391924 0.013181 0.025328 1.624301 1225.969971
225.543823 33.847477 1.397462 -0.026187 0.018934 1.624712 1226.189941
225.542419 34.054131 1.397786 -0.051318 0.020937 1.629903 1226.410034
225.517914 34.258591 1.391318 -0.054950 0.024527 1.640357 1226.630005
225.469360 34.461956 1.378163 -0.044776 0.025164 1.656337 1226.849976
225.405746 34.654396 1.361276 -0.024050 -0.003303 1.676912 1227.060059
225.331680 34.844746 1.343400 -0.004526 -0.002260 1.701148 1227.280029
225.255722 35.032772 1.328266 0.004236 0.023484 1.729724 1227.510010
225.183777 35.222378 1.318796 0.005432 0.037930 1.760397 1227.739990
225.117737 35.411968 1.315104 0.004475 0.040201 1.789454 1227.959961
225.053406 35.609314 1.315576 0.003805 0.019986 1.816205 1228.180054
224.991714 35.806664 1.318854 0.005532 0.008039 1.838103 1228.400024
224.934723 35.999451 1.323718 0.014875 0.017263 1.853063 1228.619995
224.882767 36.200520 1.329596 0.018754 0.021811 1.859625 1228.849976
224.839447 36.403427 1.335512 0.016188 0.019048 1.857169 1229.079956
224.803406 36.607388 1.341058 0.011902 0.027845 1.847287 1229.310059
224.772919 36.805687 1.346233 0.011881 0.020576 1.831775 1229.530029
224.747040 37.005150 1.353916 0.019491 0.021791 1.811153 1229.750000
224.728699 37.206467 1.365959 0.020761 0.016650 1.785691 1229.969971
224.718811 37.412239 1.380293 0.006156 -0.057886 1.755323 1230.199951
224.718048 37.614819 1.395294 -0.009769 -0.108805 1.718567 1230.489990
224.517426 37.631760 1.431877 -0.119507 -0.002014 1.680888 1231.390015
224.321762 37.569817 1.447198 -0.084544 0.002035 1.703527 1231.640015
224.126617 37.516201 1.461014 -0.042138 0.003144 1.730004 1231.849976
223.932022 37.465694 1.473827 -0.026162 -0.004886 1.760237 1232.050049
223.736588 37.413647 1.484639 -0.022252 -0.016593 1.794035 1232.250000
223.543274 37.356178 1.492542 -0.019747 -0.021976 1.830349 1232.449951
223.353561 37.291481 1.497469 -0.020091 -0.021133 1.868319 1232.650024
223.158356 37.216190 1.499617 -0.022796 -0.016226 1.909129 1232.859985
222.966064 37.135056 1.499387 -0.023335 -0.010007 1.950164 1233.069946
222.775543 37.050301 1.497511 -0.016683 -0.003377 1.990810 1233.280029
222.588379 36.965912 1.492350 -0.005365 0.011268 2.030548 1233.489990
222.396957 36.884998 1.481444 -0.012486 0.024870 2.070837 1233.709961
222.205994 36.815250 1.465073 -0.006662 0.023507 2.109374 1233.930054
222.007599 36.754215 1.443477 -0.004387 0.027610 2.147656 1234.160034
221.809677 36.707741 1.422283 -0.002720 0.051875 2.184370 1234.390015
221.606415 36.683735 1.405212 -0.004581 0.060023 2.219673 1234.619995
221.403259 36.683098 1.394088 -0.008942 0.055057 2.252452 1234.839966
221.201172 36.698639 1.388075 -0.009257 0.040664 2.283119 1235.050049
220.995377 36.723743 1.385580 -0.005479 0.015633 2.313025 1235.260010
220.792633 36.751122 1.385464 -0.014553 0.007317 2.342274 1235.469971
220.593246 36.775311 1.386762 -0.016854 0.000973 2.371285 1235.680054
220.388977 36.794422 1.388672 -0.017829 0.001764 2.401134 1235.900024
220.188660 36.807148 1.390496 -0.021948 0.012342 2.430530 1236.119995
219.988022 36.815689 1.392117 -0.012009 0.022568 2.459758 1236.339966
219.785858 36.826138 1.393764 -0.000947 0.036607 2.489007 1236.560059
219.580994 36.845394 1.395482 0.008993 0.026214 2.518185 1236.780029
219.378235 36.873505 1.396779 -0.004271 0.017830 2.547195 1237.000000
219.177673 36.903091 1.397879 -0.025919 0.017146 2.576699 1237.219971
218.974533 36.925694 1.399019 -0.035585 0.017777 2.606704 1237.439941
218.766373 36.937492 1.400351 -0.035536 0.020155 2.637260 1237.660034
218.562866 36.939087 1.401578 -0.022965 0.007808 2.667157 1237.869995
218.362473 36.933231 1.401918 -0.014297 -0.014586 2.696824 1238.079956
218.155334 36.917633 1.399453 -0.030595 0.002925 2.728467 1238.310059
217.953110 36.889862 1.393695 -0.026730 0.001748 2.760621 1238.540039
217.755661 36.851784 1.386416 -0.009893 0.003958 2.792218 1238.770020
217.555771 36.810612 1.385680 0.009784 0.028852 2.824544 1239.010010
217.353897 36.781166 1.397268 0.018211 0.033351 2.856318 1239.250000
217.147980 36.768032 1.421214 0.016423 0.033928 2.887647 1239.489990
216.946365 36.768848 1.454413 0.010080 0.033124 2.917647 1239.719971
216.743805 36.778107 1.490893 0.011805 -0.036610 2.945953 1239.949951
216.545670 36.791306 1.527527 0.014059 -0.101804 2.975757 1240.219971
216.347504 36.796310 1.562045 -0.052986 0.104173 3.029642 1241.069946
216.154297 36.726231 1.543899 -0.042650 0.103697 3.052496 1241.500000
215.964203 36.661034 1.527193 -0.027519 0.078142 3.069786 1241.750000
215.766479 36.597210 1.511942 0.017387 0.044405 3.084452 1241.969971
215.567062 36.547272 1.500551 0.049817 0.037418 3.094674 1242.180054
215.362473 36.520878 1.493379 0.056769 0.030380 3.100558 1242.390015
215.156235 36.519508 1.488813 0.039057 0.021274 3.104030 1242.599976
214.951218 36.534885 1.484130 0.014660 0.023996 3.107901 1242.810059
214.746872 36.556278 1.477874 -0.002313 0.011005 3.112713 1243.020020
214.547195 36.576103 1.469231 -0.010945 0.008968 3.118286 1243.229980
214.343658 36.591232 1.457259 -0.013318 0.021987 3.124177 1243.449951
214.141113 36.599209 1.444610 -0.025279 0.020147 3.130803 1243.670044
213.938995 36.594913 1.436175 -0.042095 0.024754 3.139397 1243.890015
213.736313 36.571869 1.434135 -0.040344 0.012617 -3.131348 1244.109985
213.537567 36.531181 1.438597 -0.031324 0.010464 -3.116021 1244.329956
213.343842 36.477688 1.449201 -0.022982 0.024060 -3.097657 1244.550049
213.149933 36.415604 1.464381 -0.026648 0.014939 -3.075538 1244.770020
212.962021 36.341534 1.479359 -0.082266 -0.039005 -3.048261 1244.989990
212.791779 36.224796 1.490239 -0.115458 -0.072894 -3.013872 1245.229980
212.676285 36.059120 1.492270 -0.106351 -0.068406 -2.979288 1245.469971
212.613907 35.861275 1.486051 -0.080590 -0.044734 -2.945603 1245.699951
212.586304 35.659622 1.475287 -0.039864 -0.026662 -2.913009 1245.910034
212.574692 35.452904 1.461620 -0.023384 -0.004567 -2.879751 1246.119995
212.567749 35.247944 1.447004 0.013411 0.025279 -2.846116 1246.329956
212.546524 35.046799 1.433317 0.066975 0.076087 -2.808888 1246.550049
212.476028 34.858452 1.421912 0.083807 0.097829 -2.769525 1246.790039
212.343994 34.703613 1.413836 0.069546 0.086408 -2.734099 1247.030029
212.177689 34.583946 1.409111 0.049389 0.058326 -2.704210 1247.250000
211.994720 34.486450 1.405889 0.075089 0.008260 -2.680156 1247.459961
211.802597 34.420135 1.402229 0.104704 -0.020409 -2.662068 1247.670044
211.597397 34.399067 1.395872 0.104618 -0.026512 -2.650207 1247.890015
211.390686 34.426476 1.386230 0.084463 -0.019697 -2.646745 1248.109985
211.193115 34.487320 1.374420 0.062927 -0.004478 -2.651790 1248.319946
211.004227 34.565205 1.361438 0.039244 0.004523 -2.664658 1248.520020
210.815552 34.652225 1.347458 0.021445 0.012356 -2.684217 1248.719971
210.627838 34.739956 1.333683 -0.009776 0.024607 -2.709391 1248.920044
210.441467 34.816238 1.321559 -0.038457 0.044886 -2.739422 1249.119995
210.244202 34.871273 1.311171 -0.047303 0.052809 -2.774192 1249.329956
210.043350 34.897388 1.303792 -0.043297 0.043837 -2.810599 1249.540039
209.840454 34.898796 1.301158 -0.032720 0.038019 -2.848742 1249.750000
209.636047 34.882126 1.303832 -0.020350 0.021307 -2.887393 1249.959961
209.437729 34.855911 1.309527 -0.013731 -0.056219 -2.923916 1250.170044
209.234619 34.823483 1.317597 -0.007091 -0.114622 -2.967357 1250.439941
209.035782 34.799702 1.334212 0.019774 0.136310 -3.040579 1251.359985
208.835236 34.811409 1.341654 0.012869 0.121222 -3.057412 1251.709961
208.634232 34.820484 1.345657 0.004105 0.061186 -3.070249 1251.939941
208.430557 34.827847 1.349396 -0.010331 0.031154 -3.080572 1252.150024
208.223160 34.829906 1.353830 -0.017792 0.025504 -3.087569 1252.359985
208.015213 34.823997 1.358892 -0.017772 0.025183 -3.090454 1252.569946
207.807236 34.810444 1.364513 -0.014036 0.024097 -3.089678 1252.780029
207.599503 34.791119 1.370559 -0.009808 0.019944 -3.085826 1252.989990
207.393799 34.767918 1.376954 -0.010375 0.014430 -3.078582 1253.199951
207.191849 34.741074 1.383959 -0.010942 0.020538 -3.067400 1253.410034
206.992569 34.710476 1.391495 -0.008747 0.007238 -3.052348 1253.619995
206.790253 34.675720 1.399596 -0.005857 0.013103 -3.034598 1253.839966
206.592239 34.639309 1.408079 -0.003928 0.025662 -3.016247 1254.060059
206.394028 34.601013 1.416861 -0.016597 0.017962 -2.997358 1254.280029
206.198212 34.555611 1.426099 -0.035211 0.023457 -2.977363 1254.500000
206.004974 34.495483 1.435903 -0.035899 0.012424 -2.954929 1254.719971
205.818054 34.420959 1.445783 -0.028813 0.010642 -2.931199 1254.939941
205.630081 34.332344 1.455956 -0.014429 0.020228 -2.905026 1255.170044
205.443634 34.238747 1.466226 -0.001749 0.034220 -2.877093 1255.400024
205.260910 34.149086 1.476102 0.005600 0.019445 -2.849390 1255.619995
205.077042 34.063362 1.485567 0.007821 0.023273 -2.822504 1255.839966
204.891174 33.981915 1.494914 0.006556 0.028054 -2.797893 1256.060059
204.702835 33.902996 1.502156 -0.008874 0.015234 -2.775578 1256.280029
204.518173 33.821342 1.503272 -0.029053 0.021557 -2.754219 1256.500000
204.338669 33.728416 1.496684 -0.035230 0.026477 -2.732743 1256.719971
204.163452 33.621002 1.482605 -0.031473 0.030167 -2.710472 1256.939941
203.998459 33.506142 1.463376 -0.023274 0.030950 -2.688219 1257.150024
203.834198 33.382530 1.440088 -0.013580 0.025515 -2.667002 1257.359985
203.671265 33.256714 1.416684 0.034098 -0.000378 -2.649479 1257.569946
203.500854 33.145817 1.398898 0.095271 -0.011698 -2.638273 1257.790039
203.306763 33.077522 1.390362 0.101440 -0.022905 -2.636271 1258.030029
203.106812 33.067459 1.391308 0.072579 -0.012871 -2.641759 1258.270020
202.904099 33.095367 1.394356 0.030455 0.024368 -2.654660 1258.510010
202.702316 33.129879 1.393906 0.002942 0.046267 -2.675669 1258.739990
202.499573 33.153587 1.387740 -0.009754 0.051794 -2.701917 1258.959961
202.298172 33.162411 1.378777 -0.015732 0.037844 -2.730981 1259.170044
202.094070 33.158321 1.373651 -0.013527 0.032985 -2.763420 1259.380005
201.889252 33.143959 1.376198 -0.009841 0.018005 -2.798073 1259.589966
201.688293 33.123592 1.387005 -0.005459 0.008549 -2.834074 1259.800049
201.484497 33.099579 1.407102 0.000173 0.015164 -2.872601 1260.020020
201.279236 33.074440 1.432935 -0.002304 -0.049423 -2.911767 1260.250000
201.078827 33.051456 1.461432 -0.007087 -0.112720 -2.954405 1260.530029
200.897736 33.136124 1.480611 0.102508 0.074824 -3.018628 1261.500000
200.768677 33.294590 1.462767 0.078333 0.063961 -3.035351 1261.810059
200.636581 33.447144 1.444593 0.043843 0.038438 -3.050854 1262.040039
200.502472 33.598152 1.426170 0.025598 0.024337 -3.066394 1262.250000
200.363617 33.751106 1.408353 -0.003552 0.025668 -3.084098 1262.459961
200.219864 33.894573 1.394624 -0.030986 0.046955 -3.104762 1262.670044
200.056366 34.023041 1.386305 -0.038763 0.055277 -3.128901 1262.890015
199.875916 34.126949 1.384262 -0.031647 0.053280 3.127853 1263.109985
199.689163 34.207668 1.387293 -0.021256 0.039125 3.100753 1263.319946
199.495560 34.275494 1.393017 -0.023310 0.010237 3.073517 1263.530029
199.296097 34.332687 1.397569 -0.030833 0.014056 3.047529 1263.750000
199.098724 34.373928 1.397868 -0.028775 0.017988 3.027876 1263.969971
198.893143 34.402027 1.392880 -0.020562 0.015637 3.014846 1264.199951
198.688705 34.419537 1.382277 -0.012012 0.029419 3.008140 1264.430054
198.481461 34.431534 1.368396 -0.012857 0.017170 3.007941 1264.660034
198.274567 34.437412 1.355771 -0.022453 0.027752 3.014305 1264.890015
198.073349 34.434120 1.347606 -0.024285 0.030999 3.026681 1265.109985
197.867081 34.421730 1.343834 -0.014397 0.027960 3.041866 1265.329956
197.666901 34.405746 1.343877 0.004436 0.030322 3.055960 1265.540039
197.463974 34.393196 1.346697 0.015462 0.031084 3.067907 1265.750000
197.258301 34.388500 1.351455 0.018303 0.030666 3.078245 1265.959961
197.050415 34.392216 1.356847 0.010981 0.025419 3.088357 1266.170044
196.841965 34.400826 1.361692 -0.001015 0.026838 3.099506 1266.380005
196.632858 34.409245 1.365339 -0.007858 0.012957 3.112272 1266.589966
196.427933 34.414299 1.367426 -0.009666 0.005549 3.125761 1266.800049
196.220490 34.415112 1.367970 -0.008742 0.019415 3.139397 1267.020020
196.016647 34.411961 1.367394 -0.004760 -0.000617 -3.131246 1267.239990
195.813217 34.406662 1.366049 0.002334 0.011138 -3.121575 1267.469971
195.606506 34.402435 1.364818 0.006377 0.022888 -3.116706 1267.709961
195.399307 34.401493 1.364095 0.006832 0.023541 -3.116952 1267.949951
195.198914 34.403805 1.364181 0.005703 0.034239 -3.120630 1268.180054
194.993439 34.408497 1.364931 0.003634 0.022907 -3.126678 1268.410034
194.786148 34.414608 1.366050 0.001768 0.025934 -3.133838 1268.640015
194.577560 34.421200 1.367068 0.000330 0.018455 -3.141330 1268.869995
194.369766 34.427643 1.367573 -0.000345 0.028637 3.134661 1269.099976
194.169022 34.433418 1.367504 -0.000588 0.019219 3.128454 1269.319946
193.968826 34.438766 1.366768 -0.000548 0.023374 3.123137 1269.540039
193.768127 34.443790 1.365522 -0.000407 0.018865 3.118840 1269.760010
193.563919 34.448681 1.363433 -0.000075 -0.057079 3.115493 1269.989990
193.363907 34.453365 1.359809 0.000983 -0.107425 3.112750 1270.280029
193.162125 34.462631 1.357214 0.001987 0.122374 3.105780 1271.189941
192.960144 34.474663 1.366646 -0.000028 0.107551 3.100919 1271.550049
192.751495 34.485714 1.374488 -0.001144 0.074516 3.097818 1271.800049
192.549850 34.495544 1.381219 -0.002186 0.050498 3.095986 1272.010010
192.346603 34.504555 1.387627 -0.002301 0.033588 3.095117 1272.209961
192.140442 34.512856 1.393586 -0.001794 0.009088 3.095638 1272.410034
191.939377 34.520306 1.399028 -0.000654 0.009213 3.098627 1272.609985
191.734924 34.527561 1.403573 -0.001944 0.005723 3.104874 1272.819946
191.528275 34.533897 1.404064 -0.006068 0.012886 3.113811 1273.040039
191.325943 34.537399 1.398779 -0.007737 0.017014 3.124118 1273.260010
191.117294 34.537342 1.387449 -0.006716 0.016495 3.135292 1273.489990
190.910950 34.534023 1.370534 -0.004634 0.027853 -3.137317 1273.719971
190.703201 34.528549 1.351015 -0.001039 0.015671 -3.128142 1273.949951
190.488861 34.522602 1.336235 0.004449 0.021649 -3.121909 1274.189941
190.282913 34.519169 1.333759 0.007094 0.035169 -3.119960 1274.420044
190.080231 34.519035 1.342887 0.006484 0.025167 -3.120356 1274.640015
189.875595 34.521515 1.358741 0.001826 0.022292 -3.121420 1274.859985
189.670914 34.524567 1.376279 -0.001897 0.027734 -3.122573 1275.079956
189.465286 34.526451 1.392158 -0.003456 0.014324 -3.123510 1275.300049
189.262543 34.526569 1.404454 -0.003435 0.022592 -3.124315 1275.520020
189.059967 34.524960 1.412619 -0.002400 0.027943 -3.125023 1275.739990
188.855118 34.522190 1.414885 0.000026 0.028432 -3.126070 1275.959961
188.647720 34.519341 1.409809 0.001869 0.028705 -3.127755 1276.180054
188.439056 34.517265 1.398147 0.002309 0.012016 -3.130003 1276.400024
188.234406 34.516254 1.381094 0.002064 0.013873 -3.132103 1276.619995
188.033768 34.516140 1.362960 0.000829 0.015928 -3.133821 1276.839966
187.826630 34.516380 1.347988 -0.000299 0.026630 -3.135176 1277.069946
187.626312 34.516399 1.339936 -0.000836 0.036548 -3.136074 1277.290039
187.419434 34.515945 1.338570 -0.000971 0.038167 -3.136610 1277.510010
187.216110 34.515049 1.342214 0.000783 0.009781 -3.136892 1277.719971
187.008636 34.515350 1.349000 0.019570 -0.005212 -3.138186 1277.939941
186.803864 34.525352 1.357447 0.036161 0.016074 3.141050 1278.170044
186.602280 34.552509 1.366241 0.037864 0.030327 3.132444 1278.400024
186.405746 34.594883 1.374228 0.030498 0.033914 3.119061 1278.619995
186.195511 34.651974 1.381354 0.016332 0.016179 3.099810 1278.849976
185.996323 34.711891 1.387918 0.001651 0.017490 3.078306 1279.069946
185.798798 34.770306 1.396655 -0.007528 0.029932 3.054883 1279.290039
185.597809 34.823647 1.408502 -0.010018 0.032053 3.030998 1279.510010
185.401215 34.869335 1.422818 -0.008876 0.032116 3.009185 1279.719971
185.201126 34.910740 1.438855 -0.006918 -0.003089 2.989677 1279.930054
185.005005 34.948238 1.454149 -0.004767 -0.081894 2.972350 1280.150024
184.800064 34.984917 1.469706 0.000827 -0.124619 2.952006 1280.479980
184.877609 35.173241 1.484163 0.117911 -0.023090 2.925333 1281.300049
184.988434 35.341682 1.487035 0.084678 -0.010907 2.910497 1281.540039
185.094040 35.517570 1.489333 0.036594 0.003399 2.894502 1281.750000
185.191559 35.692760 1.489394 0.016166 0.040374 2.876228 1281.949951
185.275284 35.879131 1.484637 0.014110 0.069454 2.853644 1282.160034
185.331650 36.079449 1.472986 0.016924 0.072304 2.826937 1282.380005
185.356171 36.277382 1.455627 0.019508 0.059424 2.798844 1282.589966
185.359039 36.481434 1.433574 0.011247 0.036117 2.768622 1282.800049
185.349442 36.685776 1.409052 0.008800 0.013299 2.737287 1283.010010
185.336380 36.886108 1.383501 0.018463 0.002865 2.704886 1283.219971
185.325928 37.084328 1.357845 0.028699 0.000701 2.671720 1283.430054
185.320999 37.283504 1.332764 0.032128 0.001711 2.638019 1283.640015
185.322113 37.484959 1.308630 0.022334 -0.000705 2.604011 1283.849976
185.328094 37.684124 1.286961 0.004015 -0.002275 2.570434 1284.060059
185.335648 37.884754 1.270530 0.009687 0.016737 2.535830 1284.280029
185.339325 38.091900 1.261951 0.007906 0.020363 2.500283 1284.510010
185.336990 38.297554 1.261514 0.008949 0.021318 2.465661 1284.739990
185.329193 38.502995 1.267876 0.016927 0.026407 2.431758 1284.969971
185.317627 38.711040 1.278406 0.013070 0.007657 2.398654 1285.199951
185.308502 38.916870 1.290380 0.031162 0.002308 2.366641 1285.430054
185.309570 39.123405 1.301927 0.031410 -0.004021 2.334845 1285.660034
185.323105 39.329006 1.311817 0.029027 -0.001015 2.303748 1285.890015
185.347076 39.533676 1.319745 0.031483 0.011146 2.273077 1286.119995
185.377838 39.740356 1.325526 0.009567 0.012475 2.242278 1286.349976
185.406372 39.945282 1.328476 -0.004903 0.038823 2.211779 1286.579956
185.420578 40.152958 1.328473 -0.010015 0.049006 2.181315 1286.810059
185.416855 40.357197 1.325949 -0.008364 0.046444 2.152178 1287.030029
185.399551 40.557350 1.321846 -0.003764 0.038582 2.124054 1287.239990
185.373871 40.759930 1.316940 0.008379 0.010607 2.095867 1287.449951
185.350128 40.959221 1.312572 0.031233 0.004058 2.067192 1287.660034
185.337463 41.164391 1.309159 0.018848 -0.030520 2.036058 1287.880005
185.339920 41.371063 1.306188 -0.025032 -0.091555 2.004158 1288.130005
185.360931 41.570526 1.301829 -0.045302 -0.090536 1.961613 1288.560059
185.424881 41.760494 1.325649 0.057235 0.099097 1.915238 1289.430054
185.472473 41.956245 1.347575 0.046670 0.084875 1.898193 1289.709961
185.516769 42.151794 1.367076 0.033295 0.062059 1.881568 1289.930054
185.560272 42.349274 1.385617 0.022023 0.042116 1.864102 1290.130005
185.602844 42.544579 1.402897 0.004669 0.005850 1.845343 1290.319946
185.647095 42.744122 1.419872 0.004010 -0.013001 1.824110 1290.520020
185.694443 42.939804 1.436395 0.016074 -0.003630 1.799622 1290.729980
185.748657 43.133862 1.452432 0.016567 -0.004791 1.771685 1290.949951
185.811050 43.326828 1.468227 0.021239 0.012745 1.740953 1291.180054
185.879501 43.517292 1.483711 0.022568 0.027037 1.708647 1291.410034
185.953156 43.711933 1.497372 0.007549 0.031400 1.675006 1291.640015
186.021790 43.903664 1.502711 -0.015515 0.040042 1.642109 1291.859985
186.079208 44.102837 1.497501 -0.026529 0.030557 1.609521 1292.079956
186.121582 44.305473 1.481972 -0.025982 0.020637 1.579748 1292.300049
186.150177 44.507519 1.457648 -0.020401 0.019990 1.555619 1292.520020
186.165604 44.706413 1.429927 -0.068468 -0.022727 1.540477 1292.739990
186.141525 44.908630 1.402262 -0.128276 -0.053170 1.535794 1292.989990
186.034485 45.081242 1.380452 -0.108743 -0.059367 1.543409 1293.260010
185.870972 45.197941 1.368830 -0.089117 -0.032216 1.558644 1293.510010
185.681229 45.282097 1.365192 -0.065630 -0.007135 1.581482 1293.739990
185.487244 45.350952 1.366607 -0.043457 0.007480 1.608978 1293.949951
185.293549 45.415035 1.370703 -0.032820 0.005039 1.639769 1294.150024
185.095978 45.477077 1.375994 -0.028635 -0.002454 1.673598 1294.349976
184.896866 45.534283 1.381214 -0.022326 -0.007018 1.709463 1294.550049
184.698578 45.585209 1.385727 -0.022984 -0.004398 1.746573 1294.750000
184.501144 45.630611 1.389264 -0.022578 -0.000515 1.784416 1294.949951
184.304428 45.671909 1.391747 -0.021014 0.003336 1.822406 1295.150024
184.099091 45.712395 1.393297 -0.016477 0.007577 1.861926 1295.359985
183.896149 45.752235 1.394172 -0.010012 0.017172 1.900701 1295.569946
183.696487 45.795528 1.394886 -0.008380 0.025219 1.938494 1295.780029
183.500259 45.844830 1.395674 0.000943 0.017901 1.974970 1295.989990
183.301361 45.901711 1.396664 -0.004623 0.020434 2.011568 1296.209961
183.106445 45.963326 1.398105 -0.014329 0.025138 2.046732 1296.430054
182.910446 46.029030 1.400094 -0.019581 0.025746 2.080677 1296.650024
182.720139 46.094219 1.402228 -0.017208 0.023302 2.112122 1296.859985
182.527817 46.161415 1.402810 -0.007046 0.028739 2.142640 1297.069946
182.335785 46.233707 1.400208 0.000673 0.030887 2.172452 1297.280029
182.146637 46.312706 1.394066 0.008746 0.017140 2.200384 1297.489990
181.964615 46.396141 1.384633 0.009045 0.020064 2.223805 1297.699951
181.783203 46.490456 1.373380 0.062367 0.023591 2.241189 1297.920044
181.620438 46.612160 1.362895 0.111625 0.022942 2.248963 1298.150024
181.497696 46.778492 1.354311 0.113472 0.021519 2.245235 1298.390015
181.424850 46.974014 1.348451 0.087456 0.020532 2.231429 1298.619995
181.387192 47.173740 1.345023 0.049286 -0.002695 2.210063 1298.829956
181.369537 47.376648 1.342372 0.040763 -0.017157 2.184081 1299.040039
181.371353 47.583691 1.338612 0.045266 -0.009877 2.152707 1299.260010
181.392593 47.786610 1.333012 0.032351 -0.012387 2.117019 1299.479980
181.429764 47.991184 1.325737 0.012134 0.000796 2.077751 1299.709961
181.470078 48.189209 1.319573 -0.001206 0.031731 2.037234 1299.939941
181.501205 48.390263 1.316233 -0.005204 0.046457 1.996228 1300.170044
181.518417 48.591232 1.315934 -0.004512 0.047653 1.957261 1300.390015
181.524643 48.800690 1.317797 -0.010530 0.012689 1.919428 1300.609985
181.523956 49.001198 1.320136 -0.028792 -0.069360 1.885750 1300.829956
181.518753 49.201336 1.323101 -0.036651 -0.128921 1.847196 1301.130005
181.510742 49.402851 1.322752 0.025112 0.121034 1.785567 1302.089966
181.508835 49.609966 1.319964 0.018870 0.099229 1.770027 1302.400024
181.506912 49.813343 1.316311 0.009210 0.048471 1.755830 1302.630005
181.505203 50.013432 1.311798 0.004465 0.029118 1.741182 1302.839966
181.503387 50.216770 1.306200 0.003157 0.026705 1.724053 1303.050049
181.501328 50.420601 1.299563 0.000669 0.009743 1.705452 1303.260010
181.498337 50.628738 1.292332 -0.011824 0.014715 1.687720 1303.479980
181.489410 50.832485 1.286363 -0.022218 0.024938 1.674580 1303.699951
181.470047 51.034924 1.282379 -0.021998 0.011753 1.667594 1303.920044
181.439423 51.241631 1.280256 -0.017371 0.020143 1.663150 1304.150024
181.401550 51.446465 1.279671 0.002656 0.029354 1.659259 1304.380005
181.366943 51.645996 1.279723 0.020238 0.033640 1.653817 1304.599976
181.341721 51.850388 1.279801 0.024529 0.016963 1.645206 1304.819946
181.328186 52.054073 1.279313 0.021604 0.021240 1.634568 1305.040039
181.324570 52.257824 1.278248 0.015271 0.019360 1.621662 1305.260010
181.327469 52.459625 1.276590 0.002055 0.004045 1.608225 1305.479980
181.331253 52.662933 1.273747 -0.010369 0.020654 1.597208 1305.709961
181.329666 52.865448 1.270041 -0.014888 0.034132 1.591223 1305.939941
181.320541 53.073742 1.265710 -0.014110 0.039197 1.590780 1306.170044
181.305328 53.280506 1.261122 -0.010656 0.037532 1.594984 1306.390015
181.286499 53.484337 1.256490 -0.007007 0.037048 1.600752 1306.599976
181.266235 53.683338 1.251859 -0.003508 0.027055 1.605684 1306.800049
181.245331 53.882896 1.248243 0.002435 0.009358 1.609075 1307.000000
181.225266 54.086941 1.248334 0.008015 0.010223 1.611073 1307.209961
181.208664 54.295074 1.254539 0.009775 0.020895 1.611790 1307.430054
181.196991 54.502300 1.267399 0.008548 0.027834 1.611317 1307.650024
181.189621 54.702278 1.285030 0.006026 0.029765 1.610046 1307.859985
181.184708 54.905231 1.306719 0.003367 0.030160 1.608282 1308.069946
181.180984 55.111240 1.331010 0.001243 0.029774 1.606256 1308.280029
181.177582 55.318798 1.355883 -0.001494 0.002398 1.604277 1308.489990
181.173309 55.518517 1.378477 -0.011318 -0.002486 1.603661 1308.699951
181.163498 55.725883 1.398664 -0.018242 0.017988 1.606188 1308.930054
181.145035 55.930561 1.413914 -0.018383 0.032213 1.613606 1309.160034
181.119141 56.130527 1.424734 -0.014701 0.037599 1.625978 1309.380005
181.086655 56.336491 1.431279 -0.018911 0.029531 1.643540 1309.599976
181.047989 56.535522 1.430842 -0.032006 0.025599 1.664795 1309.810059
180.997391 56.734127 1.422884 -0.033580 0.013249 1.690427 1310.020020
180.934998 56.927128 1.408206 -0.026845 0.004506 1.719012 1310.229980
180.860672 57.120213 1.386761 -0.019805 0.015861 1.750956 1310.449951
180.780472 57.307217 1.361886 -0.006693 -0.020359 1.784960 1310.670044
180.694504 57.493484 1.335083 0.011332 -0.091960 1.821745 1310.920044
180.606308 57.671223 1.305768 0.011923 -0.081527 1.876594 1311.410034
180.505936 57.843048 1.344230 -0.022018 0.127084 1.917554 1312.189941
180.407364 58.015457 1.381048 -0.015246 0.087195 1.932073 1312.439941
180.308075 58.188686 1.413770 0.007187 0.038348 1.944355 1312.650024
180.210617 58.371082 1.441816 0.046464 0.023686 1.953563 1312.859985
180.131226 58.560825 1.461033 0.062896 0.014442 1.957835 1313.069946
180.076874 58.756092 1.469994 0.056083 0.000674 1.956483 1313.280029
180.045135 58.960945 1.469211 0.044844 0.004722 1.950226 1313.500000
180.034622 59.164982 1.461158 0.058784 -0.002304 1.937467 1313.719971
180.049988 59.367607 1.449166 0.071400 -0.004000 1.918725 1313.939941
180.094940 59.567982 1.435842 0.051852 -0.016682 1.893592 1314.160034
180.162903 59.759708 1.422865 0.040012 -0.004798 1.865526 1314.380005
180.245941 59.945122 1.411476 0.032729 0.012541 1.834186 1314.599976
180.337509 60.130558 1.402928 0.011010 0.029179 1.800105 1314.819946
180.422134 60.311909 1.399791 -0.022261 0.042765 1.765609 1315.030029
180.490463 60.500168 1.402236 -0.039353 0.039619 1.730684 1315.239990
180.538330 60.702259 1.409810 -0.040358 0.027374 1.694671 1315.459961
180.563766 60.905136 1.421707 -0.029897 0.032481 1.658702 1315.680054
180.572815 61.109825 1.436444 -0.018589 0.010336 1.625331 1315.900024
180.571945 61.309566 1.449327 -0.017899 0.009523 1.596448 1316.119995
180.562241 61.512691 1.456031 -0.018476 0.025413 1.574334 1316.349976
180.544067 61.715931 1.454435 -0.013936 0.017202 1.562661 1316.579956
180.519791 61.917290 1.445765 -0.023304 0.003280 1.561152 1316.810059
180.480164 62.116665 1.438527 -0.081306 -0.029516 1.571195 1317.050049
180.390137 62.302299 1.441626 -0.099390 -0.043245 1.594052 1317.310059
180.242676 62.448132 1.457318 -0.076116 -0.034800 1.624940 1317.569946
180.072922 62.554260 1.478339 -0.019081 0.014709 1.658066 1317.810059
179.900513 62.661598 1.498206 0.027915 0.066261 1.697602 1318.050049
179.747467 62.797245 1.512745 0.046779 0.061796 1.737925 1318.290039
179.621185 62.963097 1.519514 0.040868 0.060033 1.774258 1318.530029
179.521210 63.146675 1.519111 0.039653 0.035067 1.800511 1318.760010
179.446411 63.334839 1.515366 0.074087 0.019914 1.816621 1318.979980
179.405334 63.530575 1.510338 0.086709 0.015688 1.822673 1319.199951
179.402710 63.733547 1.505476 0.078126 0.019363 1.818976 1319.420044
179.430878 63.933861 1.501787 0.058014 0.019727 1.806259 1319.630005
179.479416 64.137245 1.499370 0.029148 0.003496 1.785684 1319.839966
179.537567 64.335846 1.498184 0.006264 0.004625 1.761396 1320.050049
179.594696 64.527733 1.497139 -0.022390 0.021433 1.735024 1320.260010
179.640488 64.726730 1.495146 -0.037390 0.036198 1.707492 1320.479980
179.665222 64.929512 1.491497 -0.036445 0.041222 1.682183 1320.699951
179.670197 65.138657 1.486005 -0.027507 0.036566 1.660245 1320.920044
179.661636 65.340652 1.479247 -0.017211 -0.025950 1.644021 1321.130005
179.644745 65.543671 1.471290 -0.005776 -0.100358 1.629193 1321.369995
179.619354 65.742012 1.462053 0.009543 -0.104363 1.610944 1321.819946
179.795990 65.833984 1.487869 0.108563 0.071384 1.584883 1322.630005
179.972137 65.930077 1.510375 0.072073 0.054630 1.563533 1322.880005
180.146683 66.031670 1.530939 0.038952 0.022016 1.541777 1323.089966
180.321823 66.132019 1.549132 0.040346 -0.015350 1.518953 1323.290039
180.503815 66.221596 1.563851 0.042014 -0.038300 1.493898 1323.489990
180.692230 66.291908 1.574055 0.041135 -0.042354 1.467094 1323.689941
180.895477 66.343719 1.579929 0.037739 -0.033667 1.437185 1323.900024
181.102646 66.377113 1.581593 0.033180 -0.019685 1.405637 1324.109985
181.302017 66.397583 1.580293 0.027447 -0.007111 1.374317 1324.310059
181.502014 66.412323 1.577209 0.022988 0.002917 1.342092 1324.510010
181.711075 66.426155 1.572573 0.012023 0.012323 1.307642 1324.719971
181.916504 66.442963 1.566537 0.010216 0.023961 1.272964 1324.930054
182.118744 66.466965 1.559479 0.001962 0.021714 1.238398 1325.140015
182.324554 66.499786 1.551345 0.002640 0.019703 1.202790 1325.359985
182.524490 66.538948 1.542797 0.012340 0.021433 1.167760 1325.579956
182.721909 66.582588 1.534344 0.006537 0.010482 1.133441 1325.800049
182.923920 66.629562 1.525517 0.018171 0.016744 1.098634 1326.030029
183.126831 66.677162 1.516695 0.028578 0.015714 1.064556 1326.260010
183.325928 66.719940 1.507424 0.039428 0.004550 1.032456 1326.479980
183.531586 66.753426 1.496733 0.038184 -0.003424 1.000625 1326.699951
183.730911 66.774002 1.485189 0.025304 -0.009333 0.970772 1326.910034
183.937164 66.784805 1.471802 0.026521 0.001083 0.940332 1327.130005
184.143158 66.788223 1.457590 0.025949 0.010039 0.910003 1327.349976
184.349762 66.787659 1.443213 0.012502 0.005997 0.879633 1327.569946
184.553055 66.785583 1.428843 0.014949 0.014524 0.849619 1327.790039
184.755234 66.783966 1.414774 0.008971 0.010980 0.819589 1328.010010
184.962662 66.783112 1.400986 0.008722 0.006217 0.788700 1328.239990
185.165100 66.781403 1.388819 0.023620 0.016054 0.758062 1328.469971
185.369125 66.776802 1.378598 0.017678 0.008193 0.727047 1328.699951
185.572693 66.768646 1.369968 0.021755 0.015906 0.696422 1328.930054
185.778549 66.757629 1.362494 0.026210 0.025173 0.665668 1329.160034
185.981918 66.745232 1.355902 0.025588 0.028139 0.635850 1329.380005
186.182648 66.732300 1.349737 0.020864 0.025388 0.606963 1329.589966
186.386459 66.718895 1.343518 0.007645 0.009740 0.577872 1329.800049
186.586212 66.705956 1.337115 -0.005788 0.014301 0.549053 1330.010010
186.789627 66.699593 1.329595 -0.030443 0.035597 0.518561 1330.229980
186.989380 66.712814 1.321024 -0.041624 0.018513 0.489708 1330.449951
187.190369 66.748375 1.311422 -0.043858 -0.065278 0.463434 1330.689941
187.385422 66.803932 1.303558 -0.028243 -0.149825 0.430445 1331.050049
187.573242 66.885826 1.308937 0.013551 0.115217 0.379924 1331.949951
187.764481 66.947311 1.321862 0.009504 0.097265 0.364082 1332.229980
187.956421 67.006546 1.333634 0.006745 0.063826 0.349271 1332.449951
188.148087 67.063316 1.343731 0.027129 0.028463 0.333555 1332.650024
188.345032 67.111473 1.351852 0.050006 0.012134 0.315125 1332.849976
188.543350 67.141281 1.357251 0.058205 0.009755 0.294391 1333.050049
188.752335 67.149887 1.359861 0.052286 0.010439 0.270006 1333.260010
188.961349 67.138313 1.359677 0.037740 0.009047 0.243139 1333.469971
189.166046 67.113655 1.358713 -0.009516 -0.014411 0.215167 1333.680054
189.372528 67.092667 1.362101 -0.069113 -0.000695 0.188271 1333.910034
189.577011 67.108932 1.374943 -0.083821 0.008139 0.167600 1334.160034
189.766479 67.174072 1.397219 -0.069270 0.015532 0.157415 1334.410034
189.940582 67.273308 1.426795 -0.048358 0.027717 0.157638 1334.650024
190.107697 67.388695 1.457657 0.008930 0.025607 0.165508 1334.880005
190.280289 67.495712 1.481927 0.073904 0.037931 0.175435 1335.109985
190.467834 67.566139 1.494687 0.093092 0.041005 0.182862 1335.339966
190.673477 67.592346 1.494668 0.081501 0.039535 0.185517 1335.569946
190.874557 67.583679 1.484886 0.054758 0.022107 0.182010 1335.780029
191.079437 67.554672 1.468440 0.028475 0.009917 0.174188 1335.989990
191.281296 67.515846 1.447636 0.012973 0.018930 0.162070 1336.199951
191.481796 67.474579 1.424445 0.003569 0.021800 0.144869 1336.410034
191.681381 67.434692 1.401311 0.007282 0.015871 0.123159 1336.619995
191.878571 67.394264 1.381326 0.020843 0.018419 0.097366 1336.829956
192.074387 67.348091 1.365973 0.022914 0.008807 0.067825 1337.040039
192.274124 67.292221 1.354881 0.019525 0.005407 0.034504 1337.260010
192.467026 67.230133 1.348351 0.018721 0.020704 -0.000314 1337.479980
192.659378 67.162857 1.345496 0.007170 0.028292 -0.035421 1337.699951
192.854874 67.095497 1.345776 -0.012062 0.032339 -0.068379 1337.920044
193.055374 67.035759 1.348366 -0.021351 0.023721 -0.097145 1338.140015
193.257767 66.987526 1.352305 -0.021179 0.018768 -0.121124 1338.359985
193.459900 66.950241 1.357045 -0.016021 0.025311 -0.140198 1338.579956
193.664124 66.920700 1.361918 -0.016079 0.024680 -0.153327 1338.800049
193.870575 66.898972 1.365951 -0.031642 0.023947 -0.159211 1339.020020
194.079636 66.890610 1.368475 -0.037159 0.018761 -0.156753 1339.239990
194.288666 66.897835 1.369159 -0.029969 0.006233 -0.146284 1339.459961
194.492920 66.917831 1.368190 -0.022781 0.017001 -0.129442 1339.680054
194.695847 66.946297 1.366110 -0.016562 0.028085 -0.107152 1339.900024
194.901840 66.979591 1.363387 -0.010867 0.031197 -0.083676 1340.119995
195.101501 67.013054 1.360491 0.005139 0.016094 -0.063503 1340.329956
195.308319 67.043243 1.357522 0.025741 0.020938 -0.047465 1340.550049
195.513489 67.060104 1.355054 0.032217 0.019341 -0.038653 1340.770020
195.716415 67.061226 1.353067 0.027996 0.015299 -0.036418 1340.989990
195.916245 67.049179 1.351685 0.019723 0.022755 -0.038819 1341.209961
196.121368 67.027390 1.350331 0.008511 -0.041046 -0.046177 1341.439941
196.320099 66.999550 1.348454 -0.003069 -0.102730 -0.057006 1341.709961
196.522003 66.990150 1.354160 -0.059921 0.110080 -0.072538 1342.599976
196.707550 67.074547 1.375508 -0.045836 0.098642 -0.045654 1342.989990
196.895538 67.157310 1.393820 -0.027344 0.070803 -0.018848 1343.239990
197.088165 67.238571 1.410029 0.006620 0.046944 0.006797 1343.459961
197.283783 67.310196 1.423721 0.029128 0.040675 0.030340 1343.670044
197.476791 67.364822 1.434117 0.034963 0.019364 0.050059 1343.869995
197.679138 67.405899 1.441696 0.030064 0.014686 0.067143 1344.079956
197.878784 67.432922 1.446327 0.025682 0.016381 0.078451 1344.290039
198.085861 67.447563 1.446747 0.049115 0.016169 0.082678 1344.510010
198.291397 67.440277 1.441588 0.060799 0.013242 0.078030 1344.729980
198.493912 67.406998 1.431113 0.050546 0.001964 0.064832 1344.949951
198.689331 67.352448 1.416307 0.038517 0.012237 0.045671 1345.170044
198.880844 67.283333 1.398633 0.022948 0.011547 0.020374 1345.390015
199.068420 67.207542 1.380120 -0.004090 0.012750 -0.006732 1345.609985
199.261566 67.135071 1.363351 -0.039904 0.031381 -0.032475 1345.839966
199.460052 67.085175 1.351170 -0.050773 0.026267 -0.051198 1346.069946
199.663025 67.062462 1.343733 -0.044723 0.024428 -0.064817 1346.300049
199.868622 67.062492 1.340745 -0.025564 0.021520 -0.075908 1346.530029
200.075745 67.074081 1.342650 0.005488 0.026718 -0.086766 1346.760010
200.276138 67.081596 1.349380 0.022382 0.035383 -0.098381 1346.979980
200.481400 67.077209 1.360181 0.026208 0.037068 -0.111137 1347.199951
200.682297 67.060356 1.373240 0.022196 0.036034 -0.123359 1347.410034
200.886642 67.033386 1.387100 0.010699 0.018349 -0.134561 1347.619995
201.088989 67.002556 1.397840 -0.011555 0.016379 -0.142173 1347.829956
201.289078 66.976646 1.402908 -0.024800 0.017868 -0.144723 1348.040039
201.496811 66.960312 1.401522 -0.025077 0.004937 -0.141160 1348.260010
201.698990 66.955544 1.393710 -0.021215 0.015441 -0.131982 1348.479980
201.898743 66.959686 1.381027 -0.014580 0.015218 -0.116947 1348.699951
202.105118 66.969955 1.364610 -0.005090 0.013434 -0.098768 1348.930054
202.307877 66.980927 1.349799 0.014831 0.023255 -0.082187 1349.160034
202.510941 66.983238 1.341152 0.026087 0.030878 -0.070435 1349.390015
202.716736 66.971611 1.339763 0.025123 0.022503 -0.065436 1349.619995
202.923035 66.947128 1.345326 0.019398 0.030069 -0.066987 1349.849976
203.123383 66.914742 1.355983 0.009398 0.029458 -0.074406 1350.069946
203.326675 66.879654 1.371314 -0.021638 0.024031 -0.084115 1350.290039
203.531784 66.855034 1.391420 -0.043987 0.023882 -0.092430 1350.510010
203.738144 66.850189 1.414818 -0.042988 0.007870 -0.096556 1350.729980
203.940659 66.864975 1.440394 -0.036339 0.014002 -0.096938 1350.949951
204.140610 66.895042 1.467060 -0.021969 0.003472 -0.091475 1351.170044
204.338058 66.934891 1.491712 0.007675 -0.068524 -0.081014 1351.400024
204.533722 66.982758 1.516877 0.049070 -0.162437 -0.067147 1351.719971
204.727783 67.021744 1.547655 -0.026367 0.133311 -0.020593 1352.640015
204.929428 67.054733 1.569414 -0.020239 0.105146 0.000511 1352.920044
205.135345 67.089966 1.590079 -0.008816 0.068705 0.019487 1353.140015
205.341721 67.124146 1.607754 0.015337 0.037580 0.034983 1353.339966
205.542999 67.150589 1.620631 0.032169 0.023287 0.046097 1353.530029
205.743484 67.165634 1.628461 0.034712 0.000391 0.052364 1353.719971
205.946609 67.167801 1.630529 0.044384 -0.006114 0.054308 1353.920044
206.148392 67.151344 1.625134 0.067597 -0.004653 0.050213 1354.130005
206.348694 67.105553 1.611488 0.073078 -0.000170 0.038609 1354.349976
206.540039 67.029411 1.591181 0.061323 0.006437 0.020084 1354.569946
206.716934 66.934258 1.567458 0.044915 0.015124 -0.003199 1354.780029
206.891510 66.824806 1.541201 0.029274 0.022151 -0.029688 1354.989990
207.057831 66.714409 1.515574 -0.004679 0.023223 -0.054482 1355.189941
207.234177 66.605789 1.489713 -0.045067 0.032422 -0.077017 1355.400024
207.416809 66.519516 1.465679 -0.060108 0.036137 -0.093644 1355.609985
207.607910 66.460747 1.443665 -0.055625 0.034124 -0.102866 1355.819946
207.806366 66.426956 1.427624 -0.046557 0.027932 -0.104207 1356.030029
208.009171 66.413658 1.424814 -0.036443 0.023620 -0.097889 1356.239990
208.213470 66.415825 1.437535 -0.023434 0.009265 -0.084309 1356.449951
208.413132 66.427742 1.464153 -0.011532 0.005196 -0.067303 1356.660034
208.614853 66.444672 1.501263 0.002661 0.012389 -0.049602 1356.880005
208.812256 66.459106 1.532063 0.020627 0.025658 -0.034902 1357.099976
209.019577 66.463577 1.546400 0.026843 0.020786 -0.025769 1357.329956
209.226257 66.454857 1.539686 0.023244 0.017899 -0.023370 1357.560059
209.430923 66.435242 1.512331 0.016593 0.028615 -0.027634 1357.790039
209.628677 66.409187 1.474983 0.016786 0.025428 -0.038325 1358.010010
209.828140 66.376007 1.442474 0.021885 0.028112 -0.055063 1358.229980
210.029907 66.333649 1.424365 0.021490 0.028342 -0.077047 1358.449951
210.224808 66.284767 1.423518 0.017128 0.025489 -0.099291 1358.660034
210.419754 66.230804 1.435313 -0.010480 0.012271 -0.119558 1358.869995
210.620667 66.181366 1.454243 -0.042996 0.018343 -0.135597 1359.089966
210.822128 66.152229 1.474452 -0.053753 0.024072 -0.144380 1359.310059
211.027649 66.146988 1.492289 -0.048432 0.026609 -0.144956 1359.530029
211.228210 66.161011 1.505592 -0.034298 0.018823 -0.137570 1359.739990
211.427856 66.187424 1.515081 -0.015410 -0.004355 -0.123363 1359.949951
211.627365 66.220940 1.522115 -0.006043 0.013583 -0.103111 1360.170044
211.831909 66.256683 1.527875 -0.002823 0.028792 -0.075936 1360.400024
212.030655 66.289520 1.533026 -0.001815 0.033075 -0.045233 1360.619995
212.233200 66.321762 1.538076 -0.029766 0.006702 -0.011161 1360.839966
212.428619 66.367012 1.542474 -0.084766 -0.020760 0.026553 1361.060059
212.611542 66.452049 1.545707 -0.104589 -0.028501 0.068078 1361.290039
212.767502 66.583038 1.546987 -0.092441 -0.020394 0.109583 1361.520020
212.894806 66.743973 1.546800 -0.062514 -0.011882 0.149527 1361.739990
213.004074 66.921730 1.545168 0.015499 -0.051516 0.189262 1361.959961
213.098007 67.104324 1.542407 0.075457 -0.079958 0.228186 1362.219971
213.074768 66.903381 1.570684 0.090339 -0.043182 0.260722 1363.579956
213.031082 66.701042 1.584323 0.045739 -0.020102 0.237561 1363.790039
212.987839 66.496841 1.597668 0.022122 -0.005517 0.209683 1363.989990
212.946274 66.292809 1.607720 0.015993 0.003596 0.177820 1364.189941
212.908859 66.092201 1.610686 0.018338 0.006095 0.143172 1364.390015
212.876297 65.894440 1.605185 0.019971 0.004660 0.106664 1364.589966
212.846359 65.688644 1.590612 0.019242 0.003423 0.067123 1364.800049
212.820557 65.485321 1.569622 0.012342 0.019611 0.027148 1365.010010
212.804306 65.286194 1.545010 0.021317 0.036222 -0.012827 1365.219971
212.803558 65.079346 1.518165 0.008648 0.033802 -0.054020 1365.439941
212.818207 64.877350 1.491852 0.011458 0.028481 -0.093835 1365.660034
212.844635 64.679039 1.467000 0.017313 0.021959 -0.132224 1365.880005
212.879715 64.482605 1.445023 0.001322 0.034217 -0.169104 1366.099976
212.931580 64.283760 1.426202 -0.002951 0.057291 -0.206367 1366.329956
213.007812 64.092018 1.411475 -0.012668 0.046152 -0.241799 1366.560059
213.104782 63.909863 1.400181 -0.002122 0.044671 -0.275869 1366.790039
213.212997 63.740437 1.391736 0.002714 0.031524 -0.307468 1367.010010
213.329285 63.574154 1.384931 0.001939 0.013752 -0.337946 1367.229980
213.450912 63.406364 1.380237 0.002308 0.010218 -0.368669 1367.459961
213.571030 63.243946 1.379778 0.010786 0.025223 -0.398549 1367.689941
213.693253 63.081524 1.383862 0.007976 0.017686 -0.427306 1367.920044
213.816101 62.919601 1.391577 0.011431 0.023292 -0.451189 1368.150024
213.940567 62.756485 1.401975 -0.012558 0.020594 -0.467652 1368.380005
214.077911 62.601025 1.413354 -0.112226 0.003046 -0.474101 1368.619995
214.257431 62.498959 1.423625 -0.145537 -0.015835 -0.465555 1368.890015
214.461227 62.494816 1.428683 -0.119282 -0.011668 -0.446891 1369.160034
214.655685 62.556931 1.429991 -0.079096 -0.000125 -0.422193 1369.400024
214.840073 62.646305 1.429543 -0.039753 0.004929 -0.392941 1369.619995
215.016327 62.743069 1.428777 -0.015070 0.014869 -0.361345 1369.829956
215.192352 62.838654 1.428816 0.011295 0.028426 -0.326887 1370.040039
215.378403 62.925278 1.430661 0.022137 0.042464 -0.288888 1370.260010
215.569656 62.992481 1.434457 0.024577 0.033531 -0.250678 1370.479980
215.764282 63.041645 1.440003 0.014759 0.036805 -0.212054 1370.699951
215.963928 63.078053 1.447109 0.003789 0.036395 -0.173796 1370.920044
216.169571 63.107845 1.455410 -0.004424 0.033447 -0.136139 1371.140015
216.370300 63.134548 1.463720 -0.004623 0.021203 -0.101102 1371.349976
216.570969 63.160492 1.470845 0.005883 0.019949 -0.068354 1371.560059
216.770386 63.182293 1.475450 0.012864 0.025750 -0.039172 1371.770020
216.978928 63.197990 1.477203 0.014021 0.010957 -0.013287 1371.989990
217.183060 63.206501 1.475676 0.010767 0.020249 0.008775 1372.209961
217.385818 63.209805 1.471181 0.005313 0.027412 0.026478 1372.430054
217.590851 63.210777 1.464291 0.001103 0.024579 0.039758 1372.650024
217.796341 63.211544 1.455695 -0.001368 0.015986 0.048882 1372.869995
217.999405 63.213230 1.446144 -0.002029 0.023526 0.054266 1373.089966
218.199707 63.216175 1.436364 -0.002620 -0.035446 0.056654 1373.310059
218.400055 63.219780 1.425997 -0.004098 -0.101009 0.056309 1373.569946
218.599518 63.223125 1.410854 0.004629 0.079894 0.045047 1374.359985
218.802841 63.220409 1.425949 0.004240 0.111999 0.028476 1374.880005
219.004456 63.218090 1.437225 0.001578 0.079201 0.018487 1375.140015
219.206329 63.216167 1.446019 -0.000330 0.040853 0.010813 1375.359985
219.408249 63.214733 1.452163 -0.001089 0.031924 0.004597 1375.569946
219.613754 63.213860 1.455015 -0.001018 0.020317 -0.000447 1375.780029
219.817795 63.213451 1.454473 -0.000605 0.010328 -0.004308 1375.989990
220.026382 63.213291 1.450828 -0.000206 0.021263 -0.007163 1376.209961
220.233871 63.213173 1.444912 -0.000026 0.027464 -0.008680 1376.430054
220.433823 63.212978 1.437822 0.000043 0.030335 -0.008401 1376.640015
220.636169 63.212692 1.429806 -0.000640 0.019750 -0.006260 1376.849976
220.837570 63.212681 1.420655 -0.002473 0.018842 -0.002703 1377.060059
221.037323 63.213657 1.410154 -0.003463 0.026390 0.001714 1377.270020
221.238083 63.216022 1.398512 -0.003382 0.025243 0.006471 1377.479980
221.439789 63.219742 1.388281 -0.002415 0.023812 0.011100 1377.689941
221.641953 63.224422 1.382983 -0.001265 0.026877 0.015332 1377.900024
221.844894 63.229580 1.383775 -0.000326 0.013359 0.019033 1378.109985
222.053650 63.235001 1.390637 0.000285 0.014045 0.022218 1378.329956
222.258789 63.240181 1.403158 0.000708 0.022595 0.024629 1378.550049
222.463272 63.244884 1.419274 0.003639 0.019519 0.025613 1378.770020
222.666977 63.247921 1.437132 0.006490 0.028894 0.024186 1378.989990
222.872559 63.248207 1.455266 0.006464 0.016199 0.020087 1379.209961
223.075165 63.245728 1.471843 0.003922 0.002111 0.015265 1379.430054
223.278534 63.241425 1.486757 0.000470 0.017372 0.010378 1379.660034
223.479843 63.237129 1.499542 -0.001361 0.034765 0.006092 1379.890015
223.687378 63.233795 1.510713 -0.001823 0.040386 0.004256 1380.119995
223.894196 63.231701 1.520232 -0.002019 0.032432 0.006506 1380.339966
224.095383 63.230965 1.527816 -0.007041 0.017681 0.012485 1380.550049
224.304337 63.233528 1.533547 -0.012175 0.021372 0.022034 1380.770020
224.511856 63.241592 1.537038 -0.012380 0.011912 0.034170 1380.989990
224.715103 63.255093 1.538589 -0.010110 0.016997 0.045765 1381.209961
224.915588 63.272865 1.538726 -0.000989 0.021944 0.054325 1381.430054
225.122711 63.287708 1.537274 0.074578 -0.022258 0.057077 1381.660034
225.325119 63.259487 1.533446 0.134028 -0.062173 0.048946 1381.910034
225.494568 63.144905 1.525325 0.113674 -0.067146 0.033262 1382.180054
225.604614 62.972980 1.514710 0.091745 -0.039082 0.014103 1382.430054
225.676071 62.786213 1.503858 0.017407 -0.035117 -0.009651 1382.650024
225.730957 62.586174 1.492715 -0.074367 -0.042686 -0.037608 1382.890015
225.768280 62.388531 1.485586 -0.168090 -0.075864 -0.068939 1383.260010
225.583862 62.468548 1.498894 -0.033292 -0.125247 -0.063053 1383.859985
225.404083 62.555893 1.509830 -0.020949 -0.084133 -0.049042 1384.089966
225.221054 62.638432 1.521068 -0.007720 -0.036733 -0.030787 1384.290039
225.032150 62.720703 1.532370 -0.000693 -0.005407 -0.007616 1384.489990
224.839874 62.803734 1.540183 -0.003788 -0.004074 0.020681 1384.699951
224.654785 62.884338 1.541359 -0.006366 -0.009840 0.052028 1384.910034
224.466568 62.966843 1.535303 -0.003802 -0.008065 0.086939 1385.130005
224.275589 63.050240 1.522107 0.000783 -0.013771 0.124939 1385.359985
224.087173 63.126987 1.506450 0.022891 -0.033776 0.163448 1385.589966
223.893890 63.186153 1.492285 0.029513 -0.049259 0.202428 1385.819946
223.689682 63.223049 1.481335 0.023655 -0.049932 0.241847 1386.050049
223.484604 63.240158 1.473992 0.011031 -0.040681 0.279298 1386.270020
223.282913 63.246132 1.469078 -0.003558 -0.034298 0.314235 1386.479980
223.077362 63.248512 1.465537 -0.006568 -0.015252 0.347997 1386.689941
222.874069 63.251144 1.462577 -0.010178 -0.007758 0.380702 1386.900024
222.666153 63.256664 1.459483 -0.016882 -0.014791 0.414060 1387.119995
222.460693 63.265839 1.456090 -0.006871 -0.009301 0.446080 1387.339966
222.259583 63.275562 1.451751 -0.003871 -0.020962 0.477367 1387.560059
222.059677 63.282089 1.446456 -0.000398 -0.021971 0.507925 1387.780029
221.851761 63.283646 1.439947 -0.001562 -0.021841 0.539122 1388.010010
221.644836 63.280224 1.432513 -0.008461 -0.025752 0.569870 1388.239990
221.436005 63.273891 1.424931 -0.016774 -0.020416 0.600255 1388.469971
221.234039 63.269093 1.418440 -0.025023 -0.018188 0.629205 1388.689941
221.028595 63.268776 1.413093 -0.029930 -0.019551 0.658338 1388.910034
220.827835 63.273434 1.409095 -0.029369 -0.019714 0.686434 1389.119995
220.623001 63.282112 1.405971 -0.012304 -0.006268 0.714452 1389.329956
220.422501 63.292446 1.404355 0.003577 0.000095 0.742413 1389.540039
220.222687 63.301674 1.405415 -0.006020 -0.016428 0.771857 1389.760010
220.017105 63.307316 1.409974 -0.014573 -0.027169 0.803064 1389.989990
219.817001 63.308052 1.417663 -0.022312 -0.032271 0.833411 1390.209961
219.610077 63.304657 1.427619 -0.013979 -0.021451 0.863880 1390.430054
219.401978 63.298206 1.437668 -0.009130 -0.010648 0.894646 1390.650024
219.197327 63.290894 1.445169 -0.019369 -0.011561 0.925716 1390.869995
218.994400 63.284843 1.448959 0.009711 0.009406 0.956229 1391.089966
218.794418 63.279732 1.449232 0.073040 0.051017 0.989380 1391.329956
218.594254 63.275433 1.447558 0.087817 0.056839 1.032713 1391.770020
218.390213 63.285118 1.442478 -0.102376 -0.056246 1.072967 1392.560059
218.187836 63.289951 1.446200 -0.081182 -0.044461 1.087561 1392.829956
217.983612 63.292885 1.449557 -0.059017 -0.032899 1.102470 1393.050049
217.779480 63.294365 1.451698 -0.040643 -0.023697 1.119054 1393.250000
217.577637 63.294468 1.452331 -0.016017 -0.011552 1.137272 1393.439941
217.377609 63.293316 1.451433 -0.001017 -0.002930 1.157863 1393.630005
217.176117 63.291344 1.449009 0.007742 0.005099 1.181578 1393.829956
216.967926 63.290348 1.444059 -0.008566 0.007507 1.209780 1394.050049
216.767838 63.293777 1.436919 -0.026992 0.004138 1.239922 1394.270020
216.567413 63.302658 1.428331 -0.027842 -0.000028 1.271676 1394.489990
216.365067 63.314396 1.422066 -0.020207 -0.012478 1.304460 1394.709961
216.162125 63.322609 1.422652 -0.023810 -0.023088 1.337995 1394.930054
215.957611 63.322746 1.431105 -0.010305 -0.021207 1.371669 1395.150024
215.755707 63.314255 1.446834 -0.016481 -0.018162 1.405441 1395.369995
215.555283 63.299084 1.468549 -0.014130 -0.012345 1.439002 1395.589966
215.349701 63.278816 1.491875 -0.001756 -0.009010 1.473325 1395.819946
215.143845 63.253910 1.506965 -0.019152 -0.013543 1.508380 1396.060059
214.938690 63.223835 1.507287 -0.035135 -0.015413 1.542961 1396.300049
214.735550 63.189484 1.493340 -0.038243 -0.013161 1.575788 1396.530029
214.534149 63.151878 1.471807 -0.030053 -0.016945 1.607135 1396.750000
214.338593 63.109974 1.452512 -0.026408 -0.023275 1.637011 1396.959961
214.141678 63.059593 1.439991 -0.028539 -0.024306 1.666908 1397.170044
213.943558 63.000340 1.436200 -0.026340 -0.020246 1.696909 1397.380005
213.745117 62.934025 1.441028 -0.023141 -0.014172 1.727130 1397.589966
213.556885 62.866844 1.452353 -0.016850 -0.003488 1.756123 1397.790039
213.362000 62.798725 1.470574 -0.004497 0.044533 1.787152 1398.000000
213.161407 62.750126 1.496376 0.000670 0.082721 1.820549 1398.219971
212.961761 62.740482 1.527325 0.003092 0.085865 1.853414 1398.439941
212.764694 62.770782 1.558621 0.051048 0.087512 1.884252 1398.660034
212.579529 62.849766 1.584478 0.091063 0.099299 1.913285 1398.890015
212.429581 62.983543 1.598896 0.090224 0.068910 1.933418 1399.119995
212.316269 63.158630 1.601552 0.066666 0.050880 1.949637 1399.349976
212.233597 63.351032 1.595235 0.038913 0.041914 1.961399 1399.569946
212.167419 63.548595 1.583432 0.016427 0.035323 1.968954 1399.780029
212.108292 63.743114 1.568848 0.001756 0.028436 1.973102 1399.979980
212.048798 63.938087 1.552823 -0.006742 0.004829 1.975076 1400.180054
211.985718 64.134827 1.535564 -0.009516 0.005092 1.976469 1400.390015
211.918015 64.330315 1.519016 -0.021458 0.002478 1.979046 1400.609985
211.840073 64.521301 1.506242 -0.040589 0.014701 1.984318 1400.839966
211.745010 64.700760 1.499679 -0.044448 0.028094 1.993871 1401.069946
211.628967 64.874245 1.499041 -0.036793 0.033707 2.008687 1401.300049
211.501175 65.038490 1.502937 -0.025218 0.034304 2.027707 1401.520020
211.362411 65.203308 1.509814 -0.013430 0.026118 2.051109 1401.739990
211.225906 65.359474 1.516137 -0.014824 0.009985 2.076788 1401.949951
211.088058 65.509239 1.518078 -0.024021 0.012753 2.105114 1402.160034
210.945786 65.651321 1.513761 -0.026810 0.016788 2.135813 1402.369995
210.797318 65.786629 1.503129 -0.024264 0.021443 2.168342 1402.579956
210.642746 65.917107 1.487054 -0.017366 0.018190 2.202267 1402.790039
210.480225 66.046898 1.467173 0.002718 -0.049287 2.237857 1403.010010
210.319489 66.169327 1.444872 0.020195 -0.106924 2.275314 1403.270020
210.146393 66.266602 1.420836 -0.079788 0.082440 2.345932 1404.130005
209.942856 66.267212 1.454566 -0.074762 0.097435 2.367260 1404.550049
209.741119 66.277802 1.482837 -0.052202 0.072687 2.384013 1404.790039
209.533386 66.292191 1.508910 -0.019799 0.045210 2.400794 1405.000000
209.325684 66.311806 1.531297 0.007558 0.039244 2.418205 1405.199951
209.128311 66.340363 1.548249 0.020230 0.035444 2.436803 1405.390015
208.924759 66.382942 1.560743 0.021945 0.030481 2.458656 1405.589966
208.726761 66.437141 1.567958 0.016563 0.026466 2.482869 1405.790039
208.533752 66.499931 1.570825 0.008728 0.023494 2.509219 1405.989990
208.344406 66.567818 1.570531 0.001110 0.023476 2.537455 1406.189941
208.156647 66.638023 1.567923 -0.008654 0.023890 2.567218 1406.390015
207.968262 66.706703 1.562591 -0.026894 0.015166 2.598326 1406.589966
207.768799 66.769417 1.553623 -0.037747 0.008605 2.632141 1406.800049
207.569138 66.817352 1.541661 -0.032349 -0.005378 2.666701 1407.010010
207.364700 66.851532 1.526308 -0.026662 0.004120 2.701951 1407.229980
207.164307 66.873848 1.510064 -0.011866 0.008728 2.736798 1407.449951
206.958801 66.892479 1.494877 0.001161 0.025573 2.772364 1407.680054
206.752563 66.914894 1.483038 0.006752 0.035701 2.807100 1407.910034
206.550735 66.943573 1.475039 0.007330 0.039776 2.839108 1408.130005
206.352509 66.977608 1.469983 0.005933 0.036674 2.868159 1408.339966
206.149597 67.016602 1.466731 0.003718 0.034740 2.894842 1408.550049
205.952881 67.056717 1.464701 0.001856 0.027522 2.917099 1408.750000
205.756836 67.097710 1.463093 0.000720 -0.026223 2.935720 1408.949951
205.556870 67.139946 1.461343 -0.001134 -0.100752 2.952569 1409.180054
205.361099 67.182114 1.457615 -0.004100 -0.115187 2.969606 1409.550049
205.161636 67.167160 1.484402 -0.033527 0.129613 2.999442 1410.449951
204.963272 67.140228 1.509620 -0.021978 0.096402 3.019708 1410.719971
204.759109 67.114815 1.529448 0.003630 0.059921 3.038011 1410.939941
204.557846 67.096382 1.541352 0.024533 0.044215 3.052324 1411.140015
204.349960 67.089050 1.544860 0.031721 0.032050 3.062849 1411.339966
204.140442 67.094597 1.539386 0.029141 0.024019 3.069271 1411.540039
203.932434 67.111313 1.525993 0.021581 0.013790 3.071437 1411.739990
203.730637 67.135506 1.508144 0.007218 -0.017033 3.069943 1411.939941
203.525238 67.163109 1.489459 -0.013413 -0.003092 3.067561 1412.160034
203.322586 67.184120 1.476015 -0.021762 0.011429 3.066394 1412.390015
203.116058 67.193848 1.470625 -0.020127 0.016328 3.068621 1412.630005
202.910568 67.192657 1.473948 -0.015544 0.034344 3.075439 1412.869995
202.707245 67.184402 1.483120 -0.017634 0.031851 3.087537 1413.099976
202.507004 67.168839 1.492761 -0.032451 0.029147 3.104194 1413.319946
202.303024 67.140068 1.499799 -0.035523 0.019762 3.125978 1413.540039
202.099976 67.096939 1.502647 -0.028922 0.011743 -3.131427 1413.760010
201.901474 67.042709 1.500869 -0.021733 0.019709 -3.102801 1413.979980
201.704376 66.980858 1.495150 -0.015438 0.028469 -3.072617 1414.199951
201.514297 66.917404 1.486897 -0.001748 0.024637 -3.045852 1414.410034
201.322800 66.856194 1.476832 0.033181 0.025485 -3.024195 1414.619995
201.119202 66.808289 1.465466 0.052774 0.022583 -3.009668 1414.839966
200.913437 66.784843 1.453827 0.049304 0.008270 -3.004567 1415.060059
200.710068 66.784332 1.442373 0.039171 0.018109 -3.007142 1415.280029
200.507263 66.800720 1.431625 0.028674 0.014095 -3.018614 1415.500000
200.306122 66.829010 1.422545 0.027036 0.019162 -3.037371 1415.719971
200.105118 66.867332 1.415547 0.024074 0.026318 -3.062706 1415.939941
199.901535 66.913818 1.410544 0.019030 0.030730 -3.093581 1416.160034
199.703354 66.963593 1.407220 0.013094 0.029867 -3.127058 1416.369995
199.502792 67.016106 1.405100 -0.000164 0.013764 3.121173 1416.579956
199.305145 67.065765 1.405635 -0.021803 0.017011 3.088862 1416.790039
199.100250 67.106094 1.410111 -0.031486 0.022701 3.061301 1417.010010
198.893951 67.130966 1.418697 -0.029921 0.029062 3.042406 1417.229980
198.693192 67.141914 1.430202 -0.023158 0.029477 3.033716 1417.439941
198.489670 67.143600 1.442324 -0.022021 0.014682 3.034316 1417.650024
198.288177 67.136597 1.450850 -0.026231 0.017725 3.043206 1417.859985
198.087860 67.119934 1.453511 -0.026314 0.025818 3.060018 1418.069946
197.886185 67.094177 1.449941 -0.021307 0.024028 3.084025 1418.280029
197.683624 67.061432 1.440763 -0.014211 0.021420 3.113671 1418.489990
197.484344 67.024826 1.427862 -0.001157 -0.040172 -3.136032 1418.699951
197.283585 66.983803 1.411541 0.013265 -0.106008 -3.096191 1418.949951
197.087570 66.945892 1.390073 0.026524 0.085037 -3.027691 1419.739990
196.888931 66.981178 1.425030 0.030553 0.123783 -3.058283 1420.229980
196.693405 67.014175 1.453570 0.015870 0.086999 -3.090258 1420.469971
196.490753 67.045921 1.478816 -0.020700 0.048805 -3.120793 1420.680054
196.287079 67.066566 1.498274 -0.054920 0.030460 3.135561 1420.880005
196.080963 67.066353 1.510584 -0.065181 0.019592 3.112743 1421.079956
195.876358 67.042374 1.514933 -0.057071 0.009461 3.093167 1421.280029
195.676468 66.998466 1.512032 -0.033975 0.001856 3.075296 1421.479980
195.483887 66.944901 1.503499 0.017670 0.006875 3.058027 1421.680054
195.288666 66.898476 1.490835 0.055867 0.022910 3.039890 1421.890015
195.086914 66.877350 1.475417 0.065024 0.032714 3.019721 1422.109985
194.884171 66.888245 1.459153 0.054432 0.037074 2.998127 1422.329956
194.679199 66.925545 1.443234 0.035777 0.014934 2.974517 1422.550049
194.479889 66.979050 1.429985 0.026558 0.007165 2.950962 1422.770020
194.289230 67.042839 1.421383 0.021109 0.020342 2.926857 1422.989990
194.102448 67.114586 1.417681 0.013129 0.012198 2.901897 1423.209961
193.912018 67.193825 1.418193 0.007676 0.022167 2.879220 1423.439941
193.722992 67.274261 1.422167 -0.025202 0.011380 2.862543 1423.670044
193.525909 67.340706 1.428423 -0.085389 0.003578 2.854206 1423.910034
193.325439 67.361221 1.435182 -0.093431 -0.007902 2.857323 1424.150024
193.124924 67.331017 1.441190 -0.076778 -0.003818 2.868804 1424.390015
192.934036 67.264992 1.446332 -0.054772 0.008139 2.887356 1424.619995
192.751328 67.180931 1.450861 -0.029939 0.010749 2.912046 1424.839966
192.569473 67.088806 1.455302 -0.004481 0.025948 2.941281 1425.060059
192.384491 67.002159 1.460606 0.030157 0.044243 2.974304 1425.280029
192.191254 66.936226 1.467285 0.044160 0.051052 3.009123 1425.500000
191.987320 66.896477 1.475190 0.040638 0.050274 3.043404 1425.719971
191.782822 66.879921 1.483865 0.029766 0.042125 3.073767 1425.930054
191.581543 66.877815 1.492760 0.018000 0.031951 3.100339 1426.130005
191.377518 66.883308 1.502139 0.007968 0.022287 3.125320 1426.329956
191.175049 66.891754 1.511127 -0.002494 0.006598 -3.134514 1426.530029
190.968948 66.899147 1.518671 -0.011749 0.012965 -3.112231 1426.739990
190.767853 66.901314 1.523661 -0.014572 0.010506 -3.092517 1426.949951
190.563339 66.896873 1.526070 -0.012711 0.009539 -3.075212 1427.170044
190.355698 66.885979 1.526146 -0.008352 0.025962 -3.061304 1427.400024
190.155884 66.871178 1.524591 -0.003880 0.034036 -3.051660 1427.619995
189.950943 66.853912 1.522052 -0.000481 0.035971 -3.045367 1427.839966
189.750488 66.836571 1.519096 0.001059 0.005092 -3.042153 1428.050049
189.551071 66.819725 1.515426 0.000200 -0.076088 -3.041221 1428.270020
189.348343 66.803558 1.511039 -0.002465 -0.137481 -3.042730 1428.579956
189.154007 66.864059 1.502506 0.069254 0.119114 -3.064741 1429.479980
188.970810 66.960266 1.499636 0.050818 0.099107 -3.090155 1429.770020
188.784912 67.053978 1.496475 0.030568 0.068161 -3.113142 1429.989990
188.595856 67.146370 1.493264 -0.004277 0.042746 -3.132322 1430.189941
188.408661 67.228058 1.490922 -0.059409 0.029309 3.136702 1430.380005
188.209320 67.288490 1.489853 -0.089880 0.020312 3.127606 1430.579956
188.010712 67.312447 1.490141 -0.090625 0.017867 3.124189 1430.780029
187.804230 67.299629 1.491780 -0.072214 0.015157 3.126883 1430.989990
187.601105 67.257172 1.494577 -0.042402 0.006371 3.135473 1431.199951
187.404358 67.199081 1.497835 -0.006519 0.009837 -3.135726 1431.410034
187.212784 67.140503 1.501235 0.015730 0.021246 -3.121634 1431.619995
187.013733 67.088745 1.504730 0.024187 0.013534 -3.106285 1431.839966
186.817200 67.050163 1.507433 0.022342 0.026020 -3.090723 1432.060059
186.618591 67.023094 1.509444 0.015742 0.033416 -3.076228 1432.280029
186.415390 67.003578 1.510820 0.002037 0.022891 -3.062138 1432.500000
186.211304 66.984795 1.511258 -0.019153 0.023733 -3.046908 1432.719971
186.007462 66.957603 1.510867 -0.027356 0.018672 -3.029587 1432.939941
185.807037 66.918716 1.509710 -0.025058 0.010958 -3.012193 1433.160034
185.612625 66.869659 1.507957 -0.020484 0.021733 -2.998512 1433.380005
185.419907 66.812950 1.505898 -0.000567 0.024333 -2.989965 1433.599976
185.225388 66.757263 1.504530 0.024665 0.034433 -2.988140 1433.819946
185.024399 66.712784 1.504264 0.033245 0.021259 -2.994179 1434.040039
184.821152 66.683868 1.504830 0.029766 0.017045 -3.005850 1434.260010
184.618195 66.668839 1.506312 0.021637 0.024821 -3.021368 1434.479980
184.413864 66.662491 1.508072 -0.006582 0.019090 -3.038888 1434.699951
184.210999 66.652222 1.509349 -0.042923 0.021593 -3.054315 1434.920044
184.010590 66.622940 1.509691 -0.051816 0.011589 -3.064590 1435.140015
183.816299 66.571236 1.508789 -0.047020 0.010371 -3.072259 1435.359985
183.628311 66.500511 1.507040 -0.028435 0.021979 -3.079663 1435.579956
183.440659 66.420624 1.506533 0.012828 0.032435 -3.086258 1435.800049
183.247375 66.349182 1.509160 0.036674 0.039548 -3.092130 1436.020020
183.045105 66.296852 1.515231 0.040560 0.038419 -3.096206 1436.239990
182.844101 66.265938 1.523848 0.033307 0.035048 -3.096501 1436.449951
182.638397 66.249603 1.533771 0.012378 0.015504 -3.092771 1436.660034
182.435028 66.238640 1.542771 -0.016663 0.015030 -3.083487 1436.869995
182.235504 66.221352 1.549575 -0.032148 0.017687 -3.068945 1437.079956
182.029694 66.189484 1.553797 -0.034975 0.023893 -3.048585 1437.300049
181.834412 66.144958 1.555280 -0.029172 0.026313 -3.024565 1437.510010
181.641235 66.089760 1.554467 -0.014237 -0.026569 -2.996368 1437.719971
181.448425 66.025696 1.551469 0.005029 -0.099256 -2.964183 1437.959961
181.261429 65.953712 1.547280 0.010057 -0.071258 -2.915186 1438.449951
181.062714 65.920410 1.568490 0.011771 0.114329 -2.915732 1439.209961
180.858887 65.893562 1.590544 0.005240 0.090049 -2.929242 1439.479980
180.655838 65.865715 1.610596 -0.007147 0.053608 -2.940549 1439.699951
180.458649 65.834007 1.626739 -0.031838 0.034598 -2.948242 1439.900024
180.259705 65.789764 1.638515 -0.043337 0.020345 -2.951697 1440.099976
180.065857 65.730637 1.644927 -0.035353 -0.001625 -2.951242 1440.300049
179.874130 65.659241 1.645215 0.017683 -0.001245 -2.950480 1440.510010
179.682053 65.596062 1.639160 0.071230 0.007785 -2.951189 1440.729980
179.482651 65.565331 1.627594 0.080116 0.002113 -2.956772 1440.959961
179.276184 65.575958 1.611287 0.067790 0.009801 -2.966186 1441.199951
179.078064 65.618828 1.593507 0.045390 0.013397 -2.980106 1441.430054
178.880768 65.680199 1.575698 -0.010568 0.004049 -2.996357 1441.660034
178.684464 65.731979 1.561768 -0.105084 0.008057 -3.010427 1441.900024
178.480270 65.719353 1.554797 -0.136715 0.011508 -3.019034 1442.170044
178.299347 65.621483 1.553965 -0.066543 0.011764 -3.022785 1442.430054
178.138565 65.499184 1.553406 0.063094 0.029637 -3.027094 1442.670044
177.952515 65.408577 1.552219 0.124635 0.039236 -3.035486 1442.930054
177.745026 65.397064 1.547299 0.119224 0.040580 -3.050299 1443.189941
177.544891 65.448334 1.538613 0.085791 0.034344 -3.069050 1443.420044
177.353592 65.529663 1.527875 0.049746 0.027085 -3.089837 1443.630005
177.168137 65.622475 1.518133 0.012966 0.026133 -3.112244 1443.829956
176.980957 65.716072 1.511840 -0.012318 0.028458 -3.137179 1444.030029
176.792267 65.800819 1.510237 -0.025123 0.013746 3.119326 1444.229980
176.597000 65.875618 1.513277 -0.025421 0.012942 3.089272 1444.439941
176.405029 65.936478 1.520797 -0.018449 0.017798 3.057588 1444.650024
176.206131 65.989288 1.532176 -0.010392 0.009020 3.023809 1444.869995
176.003983 66.037025 1.545426 -0.000670 0.004273 2.988047 1445.099976
175.809250 66.082657 1.552753 0.013122 0.020069 2.952383 1445.329956
175.608261 66.136124 1.549599 0.018070 0.022346 2.915328 1445.569946
175.416946 66.195740 1.535943 0.015686 0.020802 2.883025 1445.800049
175.227325 66.262367 1.512997 0.004943 0.032601 2.857948 1446.030029
175.032883 66.329742 1.487339 -0.050134 0.025281 2.842421 1446.260010
174.838547 66.372780 1.467457 -0.082170 0.008830 2.838959 1446.479980
174.630966 66.378983 1.454318 -0.072576 -0.012351 2.845905 1446.709961
174.428391 66.349274 1.448189 -0.030877 0.006605 2.856860 1446.939941
174.228897 66.307137 1.446148 0.016508 0.035457 2.871961 1447.170044
174.026306 66.278549 1.446073 0.038177 0.031948 2.888482 1447.400024
173.822754 66.273605 1.445615 0.039554 0.035450 2.905335 1447.630005
173.617798 66.291924 1.443537 0.030143 0.012422 2.920205 1447.859985
173.416183 66.326347 1.439625 0.017948 -0.071946 2.932400 1448.099976
173.219635 66.373024 1.432501 0.003575 -0.104877 2.947993 1448.439941
173.025879 66.421951 1.449223 -0.009730 0.116866 2.978105 1449.369995
172.826508 66.444870 1.477186 -0.006274 0.100286 2.992554 1449.680054
172.628693 66.465813 1.501113 -0.004218 0.054361 3.003560 1449.910034
172.421753 66.486092 1.522149 -0.013193 0.036510 3.015182 1450.130005
172.217545 66.501091 1.536907 -0.019913 0.030599 3.028458 1450.339966
172.009415 66.508789 1.544905 -0.020550 0.028517 3.044419 1450.550049
171.808792 66.509033 1.546316 -0.016976 0.024689 3.062310 1450.750000
171.607544 66.503662 1.542565 -0.011861 0.023680 3.082318 1450.949951
171.406311 66.494553 1.534969 -0.007173 0.023610 3.102066 1451.150024
171.205231 66.483459 1.524894 -0.003133 0.018697 3.119026 1451.349976
170.997055 66.471550 1.513817 0.007011 0.004514 3.132175 1451.560059
170.796036 66.463150 1.504673 0.015795 0.015788 3.139547 1451.770020
170.589554 66.461761 1.498750 0.017569 0.011008 3.140249 1451.989990
170.387909 66.468460 1.496747 0.014416 0.015417 3.134574 1452.209961
170.180267 66.482277 1.498494 0.009956 0.020789 3.122420 1452.439941
169.964767 66.501648 1.502110 0.008485 0.017853 3.104907 1452.680054
169.759705 66.523949 1.505138 0.007290 0.029582 3.086034 1452.910034
169.552643 66.549385 1.506541 0.004790 0.016966 3.066740 1453.140015
169.346802 66.576637 1.505719 0.002552 0.028811 3.048721 1453.369995
169.147781 66.603745 1.503075 0.000811 0.021133 3.033586 1453.589966
168.948685 66.630974 1.498836 -0.000005 0.020302 3.022464 1453.810059
168.750092 66.657928 1.493598 -0.006340 0.030555 3.017164 1454.030029
168.547943 66.680962 1.487130 -0.040117 0.025858 3.018760 1454.250000
168.341980 66.686531 1.479306 -0.061305 0.021239 3.028180 1454.469971
168.133667 66.665642 1.470194 -0.056065 0.009712 3.045335 1454.689941
167.937820 66.623787 1.461902 -0.028237 0.006423 3.066931 1454.900024
167.738251 66.569542 1.455940 -0.004168 0.021905 3.093756 1455.119995
167.539886 66.516174 1.453871 0.009474 0.014706 3.124221 1455.339966
167.344009 66.469719 1.455380 0.013394 0.023491 -3.126866 1455.560059
167.147308 66.431480 1.460123 0.011759 0.030412 -3.095169 1455.780029
166.946487 66.400330 1.466194 0.016074 0.029659 -3.066915 1456.000000
166.741455 66.377090 1.471430 0.019922 0.033530 -3.045079 1456.219971
166.541504 66.363029 1.474534 0.017230 0.016245 -3.032168 1456.430054
166.333481 66.355774 1.475216 0.012288 0.017241 -3.026333 1456.650024
166.127731 66.353638 1.473571 0.006809 0.003471 -3.028350 1456.869995
165.925186 66.354805 1.469991 -0.002683 -0.073838 -3.036923 1457.099976
165.724060 66.359764 1.463015 -0.010817 -0.109011 -3.055143 1457.420044
165.929962 66.380615 1.459511 0.005076 -0.116098 -3.073572 1458.949951
166.135605 66.396782 1.460043 0.002864 -0.076570 -3.046203 1459.189941
166.341232 66.414764 1.459198 -0.000062 -0.037949 -3.017345 1459.400024
166.543564 66.432961 1.457807 -0.004276 -0.026004 -2.986640 1459.599976
166.746841 66.450340 1.456084 -0.006266 -0.023462 -2.953531 1459.800049
166.949814 66.466309 1.454134 -0.005875 -0.020729 -2.918759 1460.000000
167.151581 66.481094 1.451871 -0.005481 -0.017681 -2.882989 1460.199951
167.360840 66.495239 1.445644 -0.012296 -0.011458 -2.845062 1460.410034
167.566132 66.505280 1.430701 -0.020326 -0.009808 -2.807342 1460.619995
167.767487 66.508568 1.405998 -0.016620 0.000300 -2.770658 1460.829956
167.971222 66.504974 1.370511 -0.016033 -0.003123 -2.733209 1461.050049
168.169113 66.495537 1.326640 -0.015841 -0.011334 -2.697023 1461.270020
168.364075 66.482346 1.277596 -0.009934 -0.010078 -2.662560 1461.489990
168.564728 66.467087 1.222680 -0.014328 -0.020695 -2.627827 1461.719971
168.758041 66.452179 1.168209 -0.016494 -0.025851 -2.595742 1461.939941
168.955521 66.437668 1.113364 -0.015096 -0.023285 -2.564629 1462.160034
169.155579 66.423599 1.064024 -0.016691 -0.013429 -2.534388 1462.380005
169.355453 66.407425 1.025729 -0.025619 -0.014250 -2.504513 1462.599976
169.557739 66.387238 1.000169 -0.019074 -0.025877 -2.474671 1462.819946
169.764771 66.368576 0.986287 -0.010534 -0.038018 -2.444801 1463.040039
169.966904 66.358398 0.981646 0.004130 -0.027371 -2.416475 1463.250000
170.167694 66.357552 0.982510 0.002727 -0.024694 -2.388033 1463.459961
170.375046 66.365204 0.986761 -0.005336 -0.024782 -2.358107 1463.680054
170.581970 66.378853 0.992495 -0.016469 -0.027642 -2.327861 1463.900024
170.782608 66.395096 0.998013 -0.020301 -0.024965 -2.298677 1464.109985
170.985748 66.412720 1.002744 -0.009232 -0.010236 -2.269610 1464.319946
171.185684 66.430305 1.006199 -0.012203 -0.008716 -2.240219 1464.530029
171.391708 66.447449 1.008489 -0.022342 -0.008946 -2.209122 1464.750000
171.597672 66.460571 1.009827 -0.033816 -0.000678 -2.177771 1464.969971
171.806137 66.464684 1.010515 -0.033073 0.005743 -2.146201 1465.189941
172.014786 66.458366 1.010590 -0.020652 0.009980 -2.114642 1465.410034
172.219604 66.443413 1.010295 -0.029030 0.002524 -2.082674 1465.630005
172.423721 66.421928 1.009792 -0.012806 0.002044 -2.051043 1465.849976
172.623535 66.397644 1.009220 -0.018388 -0.003488 -2.019522 1466.069946
172.830261 66.371193 1.008758 -0.021081 -0.001863 -1.986661 1466.300049
173.035889 66.341026 1.008450 -0.028449 0.030632 -1.953922 1466.530029
173.238266 66.293533 1.008530 -0.030933 0.048463 -1.920816 1466.760010
173.426895 66.225220 1.008572 -0.014627 0.043502 -1.888872 1466.979980
173.615173 66.134430 1.008589 -0.024433 0.036986 -1.855544 1467.209961
173.791672 66.032364 1.008713 -0.030516 0.026705 -1.823413 1467.430054
173.961380 65.925293 1.008779 -0.031177 0.017141 -1.792588 1467.640015
174.133820 65.813499 1.008777 -0.024997 0.008704 -1.761665 1467.849976
174.307617 65.701294 1.008718 -0.022078 0.005782 -1.730802 1468.060059
174.481857 65.590523 1.008651 -0.024726 0.007607 -1.699866 1468.270020
174.657318 65.480766 1.008558 -0.024018 0.008495 -1.668750 1468.479980
174.833954 65.371773 1.008452 -0.023586 0.010112 -1.637494 1468.689941
175.011414 65.263321 1.008363 -0.012030 0.006931 -1.606039 1468.900024
175.185425 65.156433 1.008035 -0.002105 0.013905 -1.574781 1469.109985
175.360046 65.043594 1.007544 -0.005113 0.025186 -1.542225 1469.329956
175.528488 64.925255 1.007151 -0.010993 0.030127 -1.509807 1469.550049
175.694351 64.799408 1.006936 -0.016468 0.030691 -1.477395 1469.770020
175.852325 64.673378 1.006803 -0.002903 0.011245 -1.446507 1469.979980
176.012131 64.542007 1.006756 0.001761 0.012291 -1.414835 1470.199951
176.164337 64.411301 1.006826 -0.004621 0.024649 -1.383583 1470.420044
176.318573 64.271629 1.007049 -0.000808 0.014914 -1.351518 1470.650024
176.467453 64.131264 1.007301 -0.008721 0.024131 -1.320014 1470.880005
176.615616 63.987782 1.007628 -0.015872 0.032235 -1.288784 1471.109985
176.761292 63.845188 1.008077 -0.019645 0.036697 -1.258825 1471.329956
176.905960 63.703701 1.008495 -0.017619 0.032096 -1.230056 1471.540039
177.055054 63.558838 1.008776 -0.014478 0.026998 -1.203501 1471.750000
177.199448 63.419518 1.008960 -0.008198 0.020855 -1.182876 1471.949951
177.348755 63.272728 1.009050 0.034774 0.019045 -1.167865 1472.160034
177.480942 63.119732 1.009228 0.070964 0.026768 -1.160993 1472.369995
177.588699 62.944023 1.009327 0.077689 0.029394 -1.163449 1472.589966
177.663834 62.751057 1.009184 0.067409 0.025043 -1.175420 1472.810059
177.708771 62.554623 1.009056 0.065903 0.020401 -1.194341 1473.020020
177.729004 62.349545 1.008947 0.057580 0.015249 -1.219747 1473.229980
177.727966 62.141624 1.008594 0.030557 -0.012756 -1.250950 1473.439941
177.712433 61.933846 1.007999 0.009636 0.000841 -1.285606 1473.660034
177.692230 61.726097 1.007583 -0.001259 0.014948 -1.324485 1473.890015
177.675186 61.522751 1.007512 -0.005665 0.019275 -1.364776 1474.119995
177.663681 61.320808 1.007726 -0.004454 0.033539 -1.405661 1474.349976
177.657654 61.113560 1.008190 -0.001628 0.040904 -1.445997 1474.579956
177.655380 60.906971 1.008761 0.000180 0.039018 -1.482658 1474.800049
177.654785 60.702911 1.009103 0.000885 0.033786 -1.514474 1475.010010
177.654678 60.494610 1.009321 0.000570 0.025558 -1.540637 1475.219971
177.655518 60.285820 1.009324 -0.019868 0.014768 -1.559134 1475.430054
177.664886 60.080551 1.009261 -0.043982 0.013550 -1.568605 1475.640015
177.691711 59.879700 1.009077 -0.050099 0.012348 -1.568661 1475.849976
177.738037 59.683289 1.008792 -0.045139 0.017241 -1.560076 1476.060059
177.801056 59.489494 1.008529 -0.032890 0.015905 -1.543205 1476.270020
177.874878 59.299393 1.008285 -0.017086 0.005758 -1.519443 1476.479980
177.956467 59.107048 1.008042 -0.008038 0.017000 -1.489220 1476.699951
178.038422 58.917194 1.007990 -0.004146 0.026927 -1.454371 1476.920044
178.119614 58.725155 1.008157 -0.002507 0.030632 -1.416166 1477.140015
178.196243 58.538612 1.008331 -0.000823 0.021903 -1.377914 1477.349976
178.271408 58.351685 1.008510 -0.000750 0.022922 -1.339397 1477.560059
178.345505 58.164402 1.008752 -0.001257 0.023990 -1.301771 1477.770020
178.418869 57.977489 1.008933 -0.000952 0.009910 -1.266086 1477.979980
178.493958 57.786316 1.008954 -0.000579 0.019851 -1.231403 1478.199951
178.568588 57.596386 1.008944 -0.001941 0.028974 -1.199961 1478.420044
178.645142 57.404144 1.008999 -0.005175 0.033112 -1.172764 1478.640015
178.722015 57.217541 1.009120 -0.005932 0.033150 -1.151361 1478.849976
178.803040 57.028316 1.009239 -0.004879 0.030159 -1.134637 1479.060059
178.887344 56.837608 1.009379 -0.003096 0.026535 -1.122505 1479.270020
178.973083 56.647694 1.009481 -0.001646 0.007011 -1.114563 1479.479980
179.057083 56.463650 1.009409 -0.000399 0.014013 -1.110383 1479.689941
179.143692 56.274792 1.009245 0.000902 0.023846 -1.109424 1479.910034
179.230362 56.085682 1.009111 0.001467 0.029793 -1.112590 1480.130005
179.314072 55.902458 1.009074 0.001914 0.029870 -1.120273 1480.339966
179.397995 55.716782 1.009009 0.008495 0.020847 -1.132310 1480.550049
179.478592 55.530216 1.009008 0.014625 0.024098 -1.148056 1480.760010
179.553894 55.341122 1.009048 0.015753 0.026469 -1.166627 1480.969971
179.623871 55.148506 1.009106 0.013304 0.027538 -1.186410 1481.180054
179.689590 54.952568 1.009218 0.008959 0.019379 -1.206005 1481.390015
179.751404 54.757473 1.009228 0.004465 0.007977 -1.224218 1481.599976
179.812531 54.558365 1.009093 0.001298 0.018924 -1.240872 1481.819946
179.872665 54.361107 1.008873 -0.000533 0.025105 -1.254775 1482.040039
179.933426 54.163330 1.008636 -0.001303 0.023133 -1.265833 1482.260010
179.994934 53.965340 1.008532 -0.001313 0.026450 -1.274057 1482.479980
180.057327 53.766331 1.008609 -0.001034 0.017163 -1.279600 1482.699951
180.119461 53.569427 1.008641 -0.000608 0.016849 -1.282777 1482.920044
180.180984 53.374924 1.008734 -0.000414 0.023367 -1.283974 1483.140015
180.242279 53.181145 1.008822 -0.000223 0.013109 -1.283458 1483.359985
180.305145 52.982357 1.008784 -0.000238 0.015144 -1.281222 1483.589966
180.367188 52.786201 1.008702 -0.001003 0.026609 -1.277760 1483.819946
180.430161 52.588169 1.008677 -0.001394 0.025526 -1.273605 1484.050049
180.491364 52.397392 1.008656 -0.001207 0.019608 -1.269412 1484.270020
180.552917 52.207077 1.008734 -0.000877 0.029762 -1.265359 1484.489990
180.615768 52.013691 1.008878 -0.000563 0.034987 -1.261657 1484.709961
180.680496 51.815186 1.009163 -0.000275 0.034076 -1.258454 1484.930054
180.743744 51.621407 1.009473 -0.000098 0.019364 -1.255845 1485.140015
180.806671 51.428787 1.009592 -0.000713 0.012123 -1.252549 1485.349976
180.872131 51.231594 1.009492 -0.014369 0.020398 -1.246841 1485.569946
180.943268 51.037941 1.009293 -0.026153 0.023822 -1.237492 1485.790039
181.025574 50.847412 1.009207 -0.028244 0.028796 -1.224998 1486.010010
181.115662 50.667160 1.009163 -0.023994 0.030198 -1.212745 1486.219971
181.215042 50.487606 1.009206 -0.013784 0.017178 -1.202168 1486.430054
181.317429 50.311630 1.009113 0.004885 0.010370 -1.194214 1486.640015
181.419495 50.130650 1.009016 0.017159 0.023597 -1.188570 1486.859985
181.513168 49.946442 1.008947 0.022315 0.026600 -1.186200 1487.079956
181.596558 49.756145 1.008957 0.037288 0.026085 -1.188365 1487.300049
181.664474 49.558220 1.009058 0.043926 0.022701 -1.196112 1487.520020
181.712250 49.363640 1.009062 0.036039 0.007018 -1.209103 1487.729980
181.746140 49.160179 1.008819 0.026203 0.014123 -1.226783 1487.949951
181.769058 48.956699 1.008659 0.017443 0.025887 -1.249143 1488.170044
181.786819 48.749756 1.008691 0.010273 0.033187 -1.275892 1488.390015
181.802643 48.547428 1.008885 0.004472 0.029271 -1.304832 1488.599976
181.818939 48.343410 1.009116 -0.000620 0.012803 -1.334866 1488.810059
181.836029 48.143288 1.009254 -0.003567 0.018322 -1.362271 1489.020020
181.856995 47.936485 1.009309 -0.019723 0.024122 -1.385155 1489.239990
181.887604 47.731186 1.009256 -0.031324 0.025460 -1.399772 1489.459961
181.932144 47.528389 1.009269 -0.029221 0.010194 -1.404820 1489.680054
181.988678 47.332150 1.009154 -0.023065 0.018797 -1.401522 1489.900024
182.054123 47.139809 1.008952 -0.014297 0.015820 -1.389712 1490.119995
182.124100 46.950878 1.008683 -0.005224 0.019102 -1.372084 1490.339966
182.194885 46.763073 1.008585 -0.000019 0.030381 -1.351123 1490.560059
182.265244 46.571255 1.008798 0.001828 0.037013 -1.328912 1490.780029
182.332092 46.381889 1.009073 0.002214 0.036582 -1.308168 1490.989990
182.398468 46.187691 1.009331 0.002374 0.015623 -1.289045 1491.199951
182.462799 45.995281 1.009337 0.001859 0.016126 -1.272195 1491.410034
182.528229 45.796444 1.009245 0.001095 0.022624 -1.257445 1491.630005
182.592987 45.597839 1.009098 -0.000333 0.020132 -1.244802 1491.849976
182.657898 45.400276 1.008937 -0.005904 0.023094 -1.233175 1492.069946
182.725571 45.203430 1.008889 -0.009032 0.026661 -1.221741 1492.290039
182.797348 45.007629 1.008938 -0.008385 0.010907 -1.210335 1492.510010
182.871201 44.817410 1.008866 -0.006199 0.019670 -1.199998 1492.729980
182.947296 44.629375 1.008842 -0.003708 0.029672 -1.190995 1492.949951
183.026138 44.439007 1.008837 -0.001532 0.033192 -1.183547 1493.170044
183.103638 44.253510 1.008942 -0.000064 0.026844 -1.177985 1493.380005
183.181534 44.067085 1.008935 0.000586 0.008342 -1.173432 1493.589966
183.260620 43.877274 1.008676 -0.000088 0.010877 -1.169221 1493.810059
183.337830 43.692204 1.008402 -0.000944 0.024725 -1.165694 1494.030029
183.415878 43.506485 1.008369 -0.001324 0.032888 -1.163465 1494.250000
183.496338 43.316891 1.008591 0.000165 0.025116 -1.164132 1494.469971
183.576675 43.125854 1.008832 0.014955 0.017457 -1.168784 1494.689941
183.650116 42.934017 1.009052 0.025897 0.025004 -1.178279 1494.910034
183.713440 42.736942 1.009271 0.026978 0.028525 -1.193093 1495.130005
183.764709 42.542645 1.009365 0.021983 0.028692 -1.211992 1495.339966
183.809006 42.343571 1.009436 0.014020 0.016793 -1.235004 1495.550049
183.848038 42.145035 1.009346 0.006686 0.012792 -1.259989 1495.760010
183.885849 41.940479 1.009207 0.002132 0.022999 -1.286404 1495.979980
183.923630 41.735992 1.009156 -0.000113 0.029703 -1.312451 1496.199951
183.960922 41.538994 1.009121 0.000117 0.020585 -1.336889 1496.410034
184.000168 41.333309 1.009044 0.003040 0.021444 -1.360952 1496.630005
184.038177 41.128082 1.008995 0.004438 0.019666 -1.382501 1496.849976
184.073975 40.924156 1.008856 0.004167 0.014419 -1.400822 1497.069946
184.107285 40.723248 1.008612 0.003034 0.023657 -1.415455 1497.290039
184.139191 40.521648 1.008535 0.001486 0.032276 -1.426415 1497.510010
184.170868 40.315876 1.008677 0.000076 0.031928 -1.433900 1497.729980
184.201385 40.115868 1.008909 -0.000682 0.019263 -1.438018 1497.939941
184.231827 39.917187 1.008999 -0.000645 0.013790 -1.438469 1498.150024
184.263290 39.712719 1.009297 -0.002880 0.022743 -1.433973 1498.369995
184.297226 39.508991 1.014768 -0.031493 0.022704 -1.423790 1498.589966
184.345200 39.307583 1.031186 -0.051417 0.014960 -1.407128 1498.810059
184.414810 39.114056 1.058992 -0.047322 -0.001522 -1.384497 1499.030029
184.502960 38.934063 1.097520 -0.038525 0.006760 -1.358560 1499.250000
184.605011 38.764118 1.145208 -0.027796 0.018035 -1.328978 1499.469971
184.716660 38.597870 1.200014 -0.017990 0.027212 -1.296306 1499.689941
184.828705 38.438168 1.256400 -0.009198 0.025924 -1.262897 1499.900024
184.942062 38.277660 1.313562 -0.000953 0.012729 -1.228337 1500.109985
185.052551 38.119350 1.370081 0.001811 0.016768 -1.193314 1500.319946
185.164551 37.954483 1.420797 0.004409 0.023593 -1.157102 1500.540039
185.273392 37.787575 1.449743 0.006173 0.030663 -1.122933 1500.760010
185.380249 37.615810 1.451563 0.005654 0.034153 -1.092081 1500.979980
185.486343 37.438519 1.427446 0.004129 0.028673 -1.065667 1501.199951
185.586975 37.266193 1.385147 0.002481 0.017584 -1.045138 1501.410034
185.685455 37.095463 1.330448 0.000976 0.007527 -1.029314 1501.619995
185.780762 36.929520 1.267868 0.000178 0.018366 -1.018012 1501.829956
185.875214 36.765316 1.201294 0.000303 0.026981 -1.010383 1502.040039
185.970764 36.599915 1.134568 -0.004763 0.020966 -1.004401 1502.250000
186.074020 36.428997 1.072997 -0.035167 0.016719 -0.997982 1502.469971
186.190109 36.268600 1.026284 -0.054941 0.024096 -0.989701 1502.689941
186.327530 36.121140 0.995816 -0.054324 0.026180 -0.977956 1502.910034
186.485886 35.985268 0.979748 -0.042995 0.026249 -0.962438 1503.130005
186.651031 35.863941 0.974765 -0.024657 0.010491 -0.943754 1503.339966
186.819946 35.750641 0.976499 -0.011906 0.010940 -0.922612 1503.550049
186.995712 35.637074 0.982525 -0.005677 0.021965 -0.897548 1503.770020
187.171066 35.523102 0.990313 -0.003568 0.030499 -0.869566 1503.989990
187.339600 35.410931 0.997476 -0.002555 0.029754 -0.840551 1504.199951
187.509033 35.296402 1.003351 -0.016507 0.017440 -0.809823 1504.410034
187.680618 35.186882 1.007651 -0.038081 0.011455 -0.777475 1504.619995
187.858337 35.090248 1.010369 -0.045711 0.010504 -0.743959 1504.829956
188.043549 35.009125 1.011657 -0.042190 0.013518 -0.709885 1505.040039
188.235626 34.941532 1.011974 -0.033482 0.019428 -0.675572 1505.250000
188.433578 34.883121 1.011698 -0.023533 0.024728 -0.641152 1505.459961
188.636063 34.829384 1.011131 -0.014191 0.025919 -0.606779 1505.670044
188.831223 34.779572 1.010498 -0.007038 0.023452 -0.574320 1505.869995
189.026489 34.729473 1.009873 -0.002993 0.023041 -0.542288 1506.069946
189.220169 34.678509 1.009330 -0.001508 0.009334 -0.510865 1506.270020
189.418259 34.626137 1.008743 -0.008003 0.011879 -0.478588 1506.479980
189.612823 34.576881 1.008336 -0.011605 0.014043 -0.446864 1506.689941
189.814087 34.529823 1.008158 -0.010520 0.009779 -0.414381 1506.910034
190.011841 34.487564 1.008022 -0.009980 0.022120 -0.382794 1507.130005
190.210464 34.448002 1.008136 -0.008245 0.028610 -0.351676 1507.349976
190.412903 34.409435 1.008467 -0.006242 0.034823 -0.320835 1507.569946
190.610992 34.372456 1.008755 -0.003238 0.020127 -0.291561 1507.780029
190.816772 34.334618 1.008613 -0.002906 -0.000187 -0.261605 1508.000000
191.014008 34.299736 1.008373 -0.006307 0.016641 -0.232387 1508.219971
191.218124 34.266312 1.008299 -0.007991 0.030577 -0.202607 1508.449951
191.417633 34.236809 1.008444 -0.007197 0.035384 -0.176091 1508.670044
191.623444 34.209209 1.008820 -0.004775 0.028174 -0.152707 1508.890015
191.822220 34.184387 1.009174 -0.002336 0.012058 -0.133197 1509.099976
192.026199 34.160007 1.009198 -0.002493 0.014215 -0.115098 1509.319946
192.226791 34.137287 1.009119 -0.004218 0.026065 -0.099519 1509.540039
192.428604 34.116482 1.009236 -0.004336 0.019192 -0.086298 1509.760010
192.629730 34.097889 1.009244 -0.004847 0.016682 -0.074376 1509.979980
192.829163 34.082069 1.009195 -0.009487 0.028092 -0.062652 1510.199951
193.031372 34.070522 1.009224 -0.011328 0.034570 -0.050246 1510.420044
193.239273 34.063896 1.009332 -0.009918 0.035331 -0.037416 1510.640015
193.442993 34.061562 1.009415 -0.006997 0.031260 -0.025620 1510.849976
193.649139 34.061958 1.009472 -0.003700 0.012318 -0.014838 1511.060059
193.851532 34.063824 1.009334 -0.001192 0.014481 -0.005623 1511.270020
194.059647 34.066212 1.009103 0.000453 0.022442 0.002266 1511.489990
194.267609 34.068321 1.008949 0.001344 0.029962 0.008792 1511.709961
194.468643 34.069794 1.008822 0.001286 0.025386 0.014338 1511.920044
194.670700 34.070877 1.008771 -0.000555 0.022363 0.019296 1512.130005
194.872635 34.072308 1.008837 -0.002022 0.027411 0.023533 1512.339966
195.075119 34.074730 1.008987 -0.002390 0.012818 0.027016 1512.550049
195.283371 34.078373 1.008936 -0.002020 0.015246 0.029745 1512.770020
195.487991 34.082958 1.008864 -0.001272 0.015987 0.031610 1512.989990
195.689453 34.088131 1.008868 -0.000558 0.015375 0.032703 1513.209961
195.897110 34.093800 1.008890 0.000027 0.025940 0.033133 1513.439941
196.105392 34.099548 1.009063 0.000330 0.016986 0.032619 1513.670044
196.312302 34.105175 1.009034 0.000094 0.022535 0.029494 1513.900024
196.518478 34.110508 1.009071 0.004754 0.017979 0.023046 1514.130005
196.723663 34.113396 1.009109 0.009780 0.028390 0.013661 1514.359985
196.931259 34.111568 1.009210 0.010074 0.019314 0.001805 1514.589966
197.138702 34.104862 1.009315 0.007833 0.024987 -0.010903 1514.819946
197.347397 34.094437 1.009384 0.004881 0.023728 -0.023484 1515.050049
197.547470 34.082405 1.009222 0.002208 0.016385 -0.034600 1515.270020
197.754883 34.069046 1.009100 0.000386 0.029968 -0.044641 1515.500000
197.956726 34.056084 1.009111 -0.000477 0.037575 -0.051831 1515.719971
198.165359 34.043102 1.009299 -0.000850 0.036609 -0.054776 1515.939941
198.369934 34.030888 1.009471 -0.003550 0.018826 -0.052607 1516.150024
198.573151 34.020641 1.009397 -0.013736 0.010500 -0.045260 1516.359985
198.781097 34.016273 1.009166 -0.019951 0.020540 -0.031948 1516.579956
198.987900 34.020836 1.008940 -0.019885 0.026627 -0.013645 1516.800049
199.196579 34.034065 1.008817 -0.015746 0.030662 0.007481 1517.020020
199.399002 34.052959 1.008827 -0.010297 0.032141 0.028526 1517.229980
199.604950 34.075684 1.008931 -0.005197 0.030491 0.048963 1517.439941
199.813416 34.100147 1.008945 -0.001204 0.017324 0.067760 1517.650024
200.019043 34.124458 1.008907 0.001275 0.006004 0.085055 1517.859985
200.218063 34.147369 1.008817 0.002753 0.018520 0.102046 1518.069946
200.424286 34.169983 1.008723 -0.002085 0.025061 0.120278 1518.290039
200.631470 34.193996 1.008756 -0.011829 0.031166 0.139172 1518.510010
200.831543 34.222355 1.008892 -0.015285 0.030189 0.157871 1518.719971
201.033463 34.257549 1.009004 -0.013975 0.029966 0.176211 1518.930054
201.236923 34.298965 1.009117 -0.010245 0.029019 0.193182 1519.140015
201.441605 34.344936 1.009213 -0.005987 0.027383 0.208083 1519.349976
201.637283 34.391197 1.009269 -0.002526 0.025626 0.219975 1519.550049
201.833298 34.438438 1.009219 -0.000116 0.024262 0.229195 1519.750000
202.029327 34.485699 1.009153 0.001098 0.024968 0.234501 1519.949951
202.225540 34.532558 1.009176 0.002673 0.024078 0.234884 1520.150024
202.421814 34.577919 1.009155 0.016239 0.020656 0.229876 1520.349976
202.618240 34.616982 1.009127 0.030055 0.020685 0.219185 1520.550049
202.825562 34.646107 1.009051 0.033230 0.019595 0.202008 1520.760010
203.033615 34.661983 1.008950 0.028435 0.020307 0.179521 1520.969971
203.242142 34.666908 1.008916 0.019850 0.016989 0.152453 1521.180054
203.448349 34.664383 1.008777 0.010092 0.003837 0.122586 1521.390015
203.656952 34.657604 1.008530 0.003444 0.016255 0.091051 1521.609985
203.862442 34.650085 1.008437 0.000358 0.028378 0.060595 1521.829956
204.070099 34.643490 1.008483 -0.001280 0.031467 0.031978 1522.050049
204.271759 34.638462 1.008635 -0.001785 0.022931 0.006799 1522.260010
204.473358 34.634403 1.008809 0.000619 0.013933 -0.015587 1522.469971
204.680893 34.629982 1.008910 0.002876 0.020933 -0.035377 1522.689941
204.886475 34.624214 1.008885 0.003461 0.012514 -0.051113 1522.910034
205.088074 34.616859 1.008743 0.002892 0.017733 -0.062685 1523.130005
205.296936 34.607594 1.008746 0.001563 0.022352 -0.070681 1523.359985
205.505478 34.597260 1.008833 0.000427 0.018609 -0.075001 1523.589966
205.712769 34.586514 1.009008 -0.000523 0.028917 -0.076256 1523.819946
205.912643 34.576065 1.009303 -0.000835 0.015838 -0.075664 1524.040039
206.119858 34.565453 1.009486 -0.001389 0.025644 -0.075604 1524.270020
206.328522 34.555126 1.009629 -0.000099 0.021219 -0.077886 1524.500000
206.528305 34.544807 1.009635 0.005248 0.020730 -0.082050 1524.719971
206.736740 34.531212 1.009577 0.008164 0.029536 -0.087698 1524.949951
206.939102 34.513954 1.009566 0.007894 0.034632 -0.093707 1525.170044
207.146652 34.492512 1.009654 0.005895 0.036801 -0.099761 1525.390015
207.350189 34.468967 1.009704 0.003525 0.032143 -0.105213 1525.599976
207.557220 34.443649 1.009672 0.001493 0.028126 -0.110046 1525.810059
207.756134 34.418835 1.009644 0.000163 0.028623 -0.114085 1526.010010
207.956497 34.393867 1.009496 -0.000636 0.024536 -0.118644 1526.209961
208.157074 34.369156 1.009271 -0.000377 0.021681 -0.124935 1526.410034
208.356567 34.344398 1.009037 0.007638 0.019541 -0.133690 1526.609985
208.563843 34.315392 1.008827 0.015570 0.021443 -0.146055 1526.819946
208.769073 34.280193 1.008602 0.017298 0.023006 -0.161462 1527.030029
208.972687 34.238079 1.008509 0.014746 0.022752 -0.178480 1527.239990
209.174835 34.190220 1.008581 0.010106 0.017300 -0.195725 1527.449951
209.373276 34.139145 1.008664 0.005256 0.008224 -0.212090 1527.660034
209.574722 34.084995 1.008655 0.001670 0.018614 -0.227330 1527.880005
209.774033 34.030861 1.008695 -0.000406 0.027358 -0.240100 1528.099976
209.975220 33.976692 1.008796 -0.001527 0.025534 -0.249668 1528.319946
210.177322 33.923183 1.008833 -0.002642 0.016670 -0.255910 1528.540039
210.377396 33.871479 1.008830 -0.003185 0.021879 -0.259264 1528.760010
210.576736 33.821388 1.008922 -0.002788 0.011103 -0.260157 1528.979980
210.772308 33.773479 1.008915 -0.001973 0.017899 -0.259213 1529.199951
210.975082 33.724632 1.008974 0.000544 0.027079 -0.256824 1529.430054
211.176590 33.672413 1.009141 0.064761 -0.019885 -0.255337 1529.660034
211.362747 33.584797 1.009960 0.131497 -0.061382 -0.260182 1529.910034
211.491974 33.426418 1.009953 0.113208 -0.068481 -0.269397 1530.180054
211.546249 33.231106 1.008860 0.091906 -0.042740 -0.280778 1530.430054
211.557846 33.022247 1.007797 0.050637 -0.022760 -0.297362 1530.660034
211.551239 32.821117 1.007182 0.033312 -0.001927 -0.316914 1530.869995
211.539490 32.616253 1.007062 0.029642 0.014556 -0.340280 1531.079956
211.529602 32.408592 1.007245 0.008123 0.017769 -0.367081 1531.290039
211.526306 32.204296 1.007318 -0.001664 0.031565 -0.396478 1531.500000
211.536163 31.995575 1.007271 -0.000877 0.038145 -0.429387 1531.719971
211.561142 31.791368 1.007071 -0.007200 0.025995 -0.463468 1531.939941
211.597305 31.594124 1.006752 0.006509 0.028411 -0.498470 1532.160034
211.641602 31.398363 1.006580 0.017549 0.027668 -0.534060 1532.380005
211.690613 31.199095 1.006621 0.024478 0.026657 -0.569890 1532.599976
211.739090 31.003664 1.006817 0.019324 0.016845 -0.604218 1532.810059
211.786545 30.807026 1.006991 0.011755 0.007829 -0.637929 1533.020020
211.833633 30.604324 1.007146 0.012833 0.007668 -0.672339 1533.239990
211.876755 30.404675 1.007270 0.028348 0.002086 -0.705800 1533.459961
211.910202 30.204893 1.007393 0.038601 0.000819 -0.738668 1533.680054
211.930527 30.003193 1.007480 0.028823 -0.006248 -0.771213 1533.900024
211.938675 29.803244 1.007386 0.030571 0.006680 -0.802441 1534.119995
211.938354 29.601976 1.007382 0.021996 0.008802 -0.833459 1534.339966
211.933243 29.400738 1.007356 0.014839 0.011193 -0.863858 1534.560059
211.926468 29.200794 1.007382 0.018370 0.023787 -0.893694 1534.780029
211.920212 28.997484 1.007565 0.015556 0.030381 -0.923434 1535.000000
211.917953 28.789185 1.008007 -0.006498 0.041724 -0.953195 1535.219971
211.928101 28.587172 1.008512 -0.022187 0.043330 -0.981565 1535.430054
211.954895 28.385847 1.008837 -0.028607 0.024767 -1.009181 1535.640015
211.998566 28.181845 1.008907 -0.021906 0.027544 -1.038693 1535.859985
212.055038 27.982426 1.008819 -0.011105 0.031606 -1.068456 1536.079956
212.117065 27.792150 1.008758 -0.002191 0.032545 -1.097134 1536.290039
212.183182 27.599596 1.008794 0.003182 0.027947 -1.126203 1536.500000
212.249741 27.406080 1.008825 0.004310 0.009465 -1.154697 1536.709961
212.316360 27.207829 1.008810 0.004702 0.011207 -1.181875 1536.930054
212.379639 27.014280 1.008749 0.001503 0.014312 -1.205138 1537.150024
212.441467 26.823938 1.008734 -0.001987 0.024379 -1.223899 1537.369995
212.504745 26.633085 1.008780 -0.003703 0.032034 -1.237730 1537.589966
212.571182 26.438551 1.008984 -0.003977 0.036354 -1.245618 1537.810059
212.637955 26.248131 1.009225 -0.003960 0.024245 -1.247170 1538.020020
212.706421 26.057823 1.009231 -0.005999 0.012994 -1.243851 1538.229980
212.779282 25.862900 1.009188 -0.007389 0.021801 -1.236685 1538.449951
212.854919 25.669477 1.009168 -0.007256 0.029219 -1.227042 1538.670044
212.930618 25.483425 1.009219 -0.005841 0.031956 -1.216635 1538.880005
213.009445 25.295057 1.009405 -0.003581 0.017234 -1.205902 1539.089966
213.088623 25.109118 1.009424 -0.001460 0.010691 -1.195657 1539.300049
213.170074 24.919189 1.009312 -0.000118 0.023768 -1.185987 1539.520020
213.251450 24.729092 1.009143 -0.000629 0.028379 -1.176909 1539.739990
213.334610 24.537535 1.008951 -0.020294 0.021255 -1.166961 1539.959961
213.426147 24.349913 1.008889 -0.039976 0.022642 -1.154717 1540.180054
213.533005 24.170280 1.008736 -0.039313 0.008244 -1.138844 1540.400024
213.652679 24.003147 1.008401 -0.032210 0.011115 -1.120651 1540.619995
213.781952 23.846216 1.008237 -0.022180 0.015419 -1.099520 1540.839966
213.915848 23.695595 1.008172 0.013220 0.009338 -1.077476 1541.060059
214.045044 23.538038 1.008192 0.055317 0.022224 -1.057703 1541.290039
214.149536 23.366072 1.008400 0.067771 0.031108 -1.044451 1541.520020
214.227280 23.173206 1.008638 0.058834 0.032841 -1.039732 1541.750000
214.281631 22.971249 1.008837 0.039233 0.021946 -1.043829 1541.969971
214.321014 22.770981 1.008893 0.020695 0.014521 -1.054458 1542.180054
214.353912 22.570278 1.008931 0.009952 0.022199 -1.071027 1542.390015
214.385742 22.369322 1.008937 0.003755 0.024700 -1.093317 1542.599976
214.419266 22.168163 1.008924 0.000895 0.027545 -1.120401 1542.810059
214.455887 21.966312 1.008961 -0.002608 0.028590 -1.150967 1543.020020
214.496582 21.763697 1.009025 -0.004885 0.029487 -1.183400 1543.229980
214.541809 21.560295 1.009114 -0.004827 0.028787 -1.216093 1543.439941
214.590912 21.356117 1.009185 -0.003455 0.026979 -1.247180 1543.650024
214.640060 21.161526 1.009193 -0.002184 0.015317 -1.273971 1543.849976
214.691925 20.961185 1.009043 -0.001002 0.005945 -1.299178 1544.060059
214.744827 20.758776 1.008741 0.002726 0.012275 -1.323423 1544.280029
214.794876 20.560595 1.008437 0.013927 0.022196 -1.346409 1544.500000
214.838562 20.361351 1.008368 0.018988 0.023921 -1.369257 1544.719971
214.873810 20.160284 1.008509 0.016952 0.016722 -1.391809 1544.939941
214.901093 19.959848 1.008629 0.012288 0.024675 -1.412813 1545.160034
214.923172 19.757534 1.008794 0.007219 0.031439 -1.431940 1545.380005
214.942749 19.550877 1.009022 0.002867 0.034128 -1.448502 1545.599976
214.960983 19.349003 1.009257 -0.000064 0.024584 -1.461544 1545.810059
214.979431 19.146702 1.009307 -0.001597 0.014675 -1.472718 1546.020020
214.999191 18.938326 1.009250 -0.002444 0.020266 -1.484161 1546.239990
215.019577 18.732393 1.009273 0.004384 0.009382 -1.496441 1546.459961
215.036972 18.531551 1.009069 0.019560 0.016168 -1.510461 1546.680054
215.045364 18.323776 1.008969 0.025158 0.021161 -1.528029 1546.910034
215.041412 18.116137 1.008920 0.021609 0.018674 -1.548353 1547.140015
215.027069 17.909391 1.008911 0.015205 0.029821 -1.570501 1547.369995
215.006821 17.708040 1.009041 0.009106 0.036035 -1.592799 1547.589966
214.982986 17.500589 1.009218 0.003945 0.036406 -1.614542 1547.810059
214.958954 17.297581 1.009365 0.000171 0.018154 -1.633718 1548.020020
214.935440 17.096056 1.009349 -0.001909 0.012534 -1.651621 1548.229980
214.912354 16.889153 1.009270 -0.002658 0.019796 -1.669843 1548.449951
214.890701 16.684868 1.009298 0.001325 0.010549 -1.687313 1548.670044
214.868881 16.485386 1.009163 0.005572 0.020739 -1.703217 1548.890015
214.843323 16.278322 1.009089 0.006608 0.016971 -1.717589 1549.119995
214.814590 16.073614 1.008944 0.005402 0.021057 -1.729112 1549.349976
214.782974 15.869389 1.008951 0.003200 0.034625 -1.737694 1549.579956
214.750183 15.668928 1.009098 0.001097 0.036499 -1.743360 1549.800049
214.715652 15.462230 1.009314 -0.000379 0.033914 -1.746739 1550.020020
214.682083 15.261368 1.009451 -0.000958 0.013234 -1.747720 1550.229980
214.649323 15.063485 1.009433 -0.000578 0.018720 -1.745338 1550.439941
214.615570 14.858380 1.009346 -0.003040 0.015704 -1.738362 1550.660034
214.584930 14.656374 1.009144 -0.030155 0.007461 -1.726539 1550.880005
214.568451 14.449463 1.008942 -0.051969 0.015255 -1.708820 1551.109985
214.576736 14.243856 1.008662 -0.047627 0.005380 -1.686016 1551.339966
214.608002 14.042418 1.008366 -0.039175 0.018131 -1.664719 1551.569946
214.656067 13.841229 1.008163 -0.015428 0.025456 -1.647349 1551.800049
214.705368 13.646023 1.008096 0.026953 0.036164 -1.636886 1552.020020
214.739502 13.445201 1.008438 0.048399 0.033397 -1.634493 1552.239990
214.749390 13.241100 1.008635 0.047770 0.019964 -1.639625 1552.459961
214.736374 13.038849 1.008730 0.036695 0.026005 -1.649168 1552.680054
214.706253 12.836598 1.008758 0.021758 0.021936 -1.662389 1552.900024
214.666794 12.634976 1.008750 0.004321 0.023282 -1.675804 1553.119995
214.625961 12.433055 1.008825 -0.006944 0.026543 -1.686857 1553.339966
214.588867 12.230147 1.008950 -0.011050 0.013183 -1.694388 1553.560059
214.557678 12.029751 1.009021 -0.010627 0.023725 -1.699092 1553.780029
214.531525 11.828438 1.009068 -0.008181 0.029891 -1.701430 1554.000000
214.508667 11.623179 1.009185 -0.005424 0.034808 -1.703538 1554.219971
214.488251 11.422213 1.009241 0.002348 0.030292 -1.707140 1554.430054
214.465515 11.218423 1.009282 0.023606 0.027080 -1.713685 1554.640015
214.432709 11.014431 1.009416 0.035413 0.023889 -1.724230 1554.849976
214.385971 10.813721 1.009474 0.032018 0.003767 -1.739273 1555.060059
214.327774 10.622255 1.009302 0.025696 0.013072 -1.757083 1555.270020
214.257477 10.428302 1.009205 0.016577 0.011115 -1.779697 1555.489990
214.182007 10.240205 1.009130 0.008371 0.013843 -1.804953 1555.709961
214.101349 10.047579 1.009027 0.003040 0.025901 -1.833065 1555.939941
214.023987 9.862924 1.009129 -0.000371 0.016448 -1.859688 1556.160034
213.944855 9.671251 1.009084 -0.001566 0.022765 -1.883379 1556.390015
213.867813 9.479228 1.008997 -0.012459 0.020069 -1.900170 1556.619995
213.797409 9.285209 1.009212 -0.025856 0.028004 -1.908372 1556.849976
213.738220 9.084896 1.010038 -0.026469 0.016508 -1.906759 1557.079956
213.691498 8.881936 1.011325 -0.020952 0.020698 -1.896743 1557.310059
213.653961 8.676574 1.013112 -0.014019 0.023829 -1.878802 1557.540039
213.623001 8.478051 1.015065 -0.007359 0.019011 -1.856255 1557.760010
213.594330 8.279606 1.017240 -0.002930 0.027209 -1.831388 1557.979980
213.565262 8.078660 1.019530 -0.000920 0.034103 -1.806803 1558.199951
213.534531 7.872843 1.021895 0.000519 0.032906 -1.785812 1558.420044
213.503265 7.672369 1.023725 0.004784 0.029631 -1.770481 1558.630005
213.469101 7.469694 1.024817 0.007958 0.030163 -1.759751 1558.839966
213.431046 7.265205 1.025027 0.008287 0.028799 -1.753289 1559.050049
213.389282 7.059456 1.024442 0.006841 0.027462 -1.750454 1559.260010
213.346893 6.862999 1.023157 0.004609 0.014647 -1.750542 1559.459961
213.301544 6.660818 1.021173 0.002221 0.006673 -1.752788 1559.670044
213.256851 6.465322 1.018825 0.000829 0.017479 -1.756577 1559.880005
213.210464 6.262973 1.016290 0.000294 0.025738 -1.761612 1560.099976
213.164078 6.059348 1.013869 0.000028 0.029571 -1.767121 1560.319946
213.119553 5.862497 1.011810 -0.000185 0.028731 -1.772361 1560.530029
213.074860 5.663365 1.010210 -0.000284 0.029116 -1.777267 1560.739990
213.030029 5.462322 1.009222 -0.000312 0.015177 -1.781621 1560.949951
212.986053 5.264155 1.008561 -0.000204 0.011463 -1.785299 1561.160034
212.941132 5.061307 1.008149 -0.000047 0.022222 -1.788373 1561.380005
212.896393 4.859126 1.007951 -0.000001 0.026836 -1.790651 1561.599976
212.851212 4.655035 1.008069 -0.000060 0.031288 -1.792179 1561.819946
212.807480 4.457633 1.008285 -0.000145 0.015142 -1.792800 1562.030029
212.762527 4.253965 1.008384 -0.005371 0.007400 -1.791318 1562.250000
212.721832 4.056051 1.008973 -0.020209 0.016427 -1.786366 1562.469971
212.689240 3.849779 1.010767 -0.026694 0.021087 -1.776236 1562.699951
212.669144 3.641894 1.013671 -0.022985 0.016301 -1.760824 1562.930054
212.659775 3.434131 1.017437 -0.016844 0.025398 -1.740838 1563.160034
212.657288 3.233890 1.021694 -0.009491 0.016774 -1.717687 1563.380005
212.658173 3.025518 1.026458 -0.004233 0.026059 -1.691439 1563.609985
212.659668 2.824584 1.031167 -0.000958 0.021379 -1.665714 1563.829956
212.660583 2.623746 1.035714 0.001225 0.015664 -1.642220 1564.050049
212.658768 2.417796 1.039743 0.040120 0.004109 -1.623078 1564.280029
212.634521 2.213047 1.042251 0.091414 -0.000874 -1.612166 1564.520020
212.564468 2.022785 1.042067 0.087206 -0.013474 -1.612861 1564.760010
212.450851 1.850882 1.039153 0.071949 -0.001799 -1.621358 1565.000000
212.311188 1.698190 1.034663 0.047531 0.005435 -1.638286 1565.229980
212.161606 1.558656 1.029484 0.026068 0.010793 -1.661249 1565.449951
212.006607 1.422058 1.024058 0.017673 0.023525 -1.689416 1565.670044
211.850876 1.283935 1.018705 0.002063 0.011793 -1.721902 1565.890015
211.700424 1.147829 1.013647 0.011753 -0.002755 -1.756636 1566.109985
211.544861 1.015340 1.009537 0.042221 -0.009736 -1.795013 1566.339966
211.379044 0.899217 1.006847 0.045124 -0.015781 -1.835014 1566.569946
211.201965 0.802233 1.005253 0.041698 -0.008008 -1.874696 1566.800049
211.015182 0.720325 1.004706 0.042086 0.010347 -1.913757 1567.030029
210.825714 0.648457 1.004960 0.036987 0.021559 -1.950947 1567.250000
210.635727 0.580787 1.005581 0.027858 0.024554 -1.986124 1567.459961
210.441025 0.512218 1.006293 0.008481 0.011289 -2.020710 1567.670044
210.249588 0.443916 1.006764 0.004544 0.009930 -2.053851 1567.880005
210.054688 0.373230 1.006962 0.014087 0.009146 -2.087256 1568.099976
209.861877 0.305579 1.007094 0.024431 0.011466 -2.119747 1568.319946
209.667831 0.242947 1.007206 0.017756 0.002431 -2.151637 1568.540039
209.475418 0.186686 1.007171 0.019482 0.009307 -2.182311 1568.760010
209.273849 0.132571 1.007214 0.024593 0.019702 -2.213686 1568.989990
209.076447 0.083624 1.007379 0.031991 0.016500 -2.243573 1569.209961
208.873047 0.040296 1.007581 0.033712 0.011697 -2.273525 1569.430054
208.674957 0.006436 1.007651 0.023383 0.002152 -2.302231 1569.640015
208.468567 -0.021180 1.007582 0.021463 0.007968 -2.331844 1569.859985
208.263168 -0.043165 1.007508 0.014484 0.007270 -2.361602 1570.079956
208.060715 -0.061678 1.007406 0.009998 0.008879 -2.391213 1570.300049
207.852768 -0.079468 1.007187 0.015107 0.022414 -2.421973 1570.530029
207.653412 -0.096846 1.007301 0.008476 0.014358 -2.451660 1570.750000
207.446930 -0.115187 1.007422 0.018139 0.013235 -2.482405 1570.979980
207.240433 -0.128802 1.007555 0.040668 0.008311 -2.513290 1571.209961
207.039154 -0.128596 1.007763 0.042066 0.000454 -2.543722 1571.430054
206.836823 -0.112815 1.007836 0.034223 -0.001613 -2.574186 1571.650024
206.636444 -0.084176 1.007792 0.033081 0.011385 -2.604310 1571.869995
206.434372 -0.046564 1.007804 0.028557 0.020015 -2.634863 1572.089966
206.237534 -0.005752 1.007883 0.024314 0.026081 -2.664398 1572.300049
206.036697 0.037086 1.007965 0.009252 0.012529 -2.694418 1572.510010
205.838150 0.079248 1.007965 0.005367 0.012683 -2.724168 1572.719971
205.633881 0.121248 1.007942 0.009419 0.022277 -2.755330 1572.939941
205.429092 0.161037 1.008026 0.007285 0.029353 -2.786621 1573.160034
205.230469 0.195718 1.008225 0.003986 0.034011 -2.816629 1573.369995
205.027725 0.225831 1.008437 0.001657 0.031231 -2.846735 1573.579956
204.821915 0.251389 1.008686 0.002254 0.029905 -2.876988 1573.790039
204.613892 0.273341 1.008875 0.001400 0.019849 -2.907346 1574.000000
204.407837 0.292820 1.008832 -0.000096 0.007720 -2.937495 1574.209961
204.207901 0.310658 1.008672 0.002646 0.014331 -2.967485 1574.420044
204.002213 0.328503 1.008544 0.006096 0.024397 -2.998221 1574.640015
203.795731 0.346589 1.008613 0.007829 0.030055 -3.026248 1574.859985
203.595428 0.364788 1.008844 0.004489 0.020985 -3.048989 1575.069946
203.395782 0.382681 1.009007 -0.009692 0.012480 -3.067112 1575.280029
203.190735 0.395795 1.009078 -0.018996 0.025608 -3.081170 1575.500000
202.986526 0.399174 1.009180 -0.019636 0.012409 -3.089904 1575.719971
202.786377 0.393128 1.009076 -0.015339 0.019694 -3.094841 1575.939941
202.578476 0.379172 1.008934 -0.009756 0.033645 -3.096406 1576.170044
202.374817 0.361143 1.008982 -0.005107 0.037017 -3.095058 1576.390015
202.174332 0.341777 1.009085 -0.001711 0.031518 -3.091931 1576.599976
201.971405 0.321993 1.009316 0.000687 0.012664 -3.087061 1576.810059
201.772141 0.303096 1.009380 0.002175 0.018043 -3.079414 1577.020020
201.565445 0.284620 1.009322 -0.001493 0.026848 -3.067639 1577.239990
201.357391 0.265114 1.009261 -0.014086 0.028972 -3.051634 1577.459961
201.156937 0.240580 1.009249 -0.020069 0.024200 -3.032162 1577.670044
200.957504 0.208046 1.009145 -0.018427 0.011703 -3.009736 1577.880005
200.753937 0.166695 1.008967 -0.013874 0.020135 -2.985604 1578.099976
200.553345 0.119814 1.008970 -0.008298 0.009876 -2.961821 1578.319946
200.358078 0.070494 1.008936 -0.003634 0.015734 -2.940090 1578.540039
200.156998 0.018169 1.008916 -0.000416 0.025361 -2.920463 1578.770020
199.955338 -0.034167 1.009008 0.001305 0.017121 -2.904768 1579.000000
199.754959 -0.085372 1.009102 0.001800 0.029027 -2.893715 1579.229980
199.552277 -0.136191 1.009352 0.002503 0.017218 -2.887441 1579.459961
199.350327 -0.185589 1.009410 0.003539 0.024132 -2.885176 1579.689941
199.147202 -0.233672 1.009439 0.003616 0.022017 -2.886121 1579.920044
198.943573 -0.280298 1.009381 0.002765 0.019878 -2.889365 1580.150024
198.740250 -0.325712 1.009369 0.001940 0.029780 -2.894056 1580.380005
198.543533 -0.369069 1.009485 0.001051 0.017709 -2.899310 1580.599976
198.348007 -0.411897 1.009362 0.000420 0.024013 -2.904734 1580.819946
198.151825 -0.454886 1.009322 0.000106 0.020483 -2.910053 1581.040039
197.956070 -0.497893 1.009244 -0.000260 0.019090 -2.916245 1581.260010
197.752151 -0.542931 1.009212 -0.000637 0.028733 -2.925242 1581.489990
197.555603 -0.585976 1.009279 0.015668 0.012635 -2.936942 1581.709961
197.351593 -0.622150 1.009366 0.040308 0.023618 -2.952862 1581.939941
197.143814 -0.639387 1.009502 0.045206 0.026837 -2.973478 1582.170044
196.939468 -0.636453 1.009564 0.038492 0.030298 -2.997061 1582.390015
196.739029 -0.619287 1.009618 0.025937 0.022712 -3.022997 1582.599976
196.537643 -0.593233 1.009507 0.012764 0.011551 -3.051207 1582.810059
196.330551 -0.561936 1.009248 0.005140 0.022629 -3.082390 1583.030029
196.123688 -0.530289 1.009071 0.001709 0.029135 -3.114186 1583.250000
195.923584 -0.501105 1.009011 0.000310 0.029809 -3.141539 1583.459961
195.720596 -0.473216 1.009034 -0.002841 0.029416 3.119934 1583.670044
195.515091 -0.447973 1.009113 -0.014034 0.028297 3.105042 1583.880005
195.307495 -0.429238 1.009194 -0.020306 0.026832 3.097322 1584.089966
195.098419 -0.419260 1.009231 -0.019829 0.025733 3.096030 1584.300049
194.898315 -0.417442 1.009238 -0.015868 0.026218 3.099419 1584.500000
194.697296 -0.421340 1.009214 -0.010687 0.024315 3.106124 1584.699951
194.496078 -0.428834 1.009112 -0.005818 0.022639 3.115000 1584.900024
194.295364 -0.438019 1.009094 -0.002094 0.020099 3.125065 1585.099976
194.087296 -0.447939 1.009109 0.000759 0.003607 3.135452 1585.310059
193.886703 -0.457121 1.008934 0.001377 0.013191 -3.139800 1585.520020
193.680939 -0.465622 1.008783 0.004482 0.025925 -3.135981 1585.739990
193.474030 -0.471338 1.008712 0.014954 0.029949 -3.137852 1585.959961
193.273514 -0.470386 1.008826 0.019412 0.026281 3.137701 1586.170044
193.072311 -0.461480 1.009032 0.017240 0.014000 3.125324 1586.380005
192.865036 -0.444801 1.009108 0.012562 0.019569 3.109777 1586.599976
192.660019 -0.422901 1.009091 0.007381 0.011803 3.092843 1586.819946
192.459396 -0.398363 1.008961 0.003155 0.016076 3.076147 1587.040039
192.252289 -0.371874 1.008885 0.000444 0.024586 3.059992 1587.270020
192.045059 -0.345631 1.008996 -0.001044 0.015443 3.046803 1587.500000
191.839981 -0.320397 1.009022 -0.000882 0.029069 3.038975 1587.729980
191.632706 -0.295768 1.009196 -0.005453 0.018852 3.037790 1587.959961
191.425537 -0.274290 1.009313 -0.014380 0.022434 3.043224 1588.189941
191.217209 -0.259795 1.009367 -0.017240 0.031304 3.054803 1588.420044
191.013153 -0.253352 1.009421 -0.015447 0.036166 3.070015 1588.640015
190.812241 -0.253008 1.009523 -0.011318 0.035316 3.086506 1588.849976
190.605942 -0.256617 1.009611 -0.006650 0.032463 3.103429 1589.060059
190.395996 -0.262360 1.009640 -0.002737 0.028693 3.119648 1589.270020
190.194199 -0.268450 1.009609 -0.000259 0.025690 3.133471 1589.469971
189.991898 -0.274310 1.009579 0.001012 0.023895 -3.138756 1589.670044
189.789810 -0.279557 1.009454 0.001725 0.022463 -3.131564 1589.869995
189.588318 -0.283891 1.009312 0.004691 0.024406 -3.128072 1590.069946
189.387070 -0.286378 1.009234 0.007070 0.023363 -3.127707 1590.270020
189.186783 -0.286240 1.009131 0.006842 0.007947 -3.129711 1590.469971
188.982849 -0.283396 1.008783 0.004547 0.002273 -3.132727 1590.680054
188.778107 -0.278560 1.008424 0.001596 0.016544 -3.136266 1590.900024
188.576355 -0.273224 1.008189 -0.000297 0.027581 -3.139963 1591.119995
188.372223 -0.268280 1.008221 -0.001222 0.034783 3.139655 1591.339966
188.172226 -0.264270 1.008504 -0.001469 0.032390 3.136575 1591.550049
187.969406 -0.261005 1.008849 -0.001315 0.011800 3.133948 1591.760010
187.760971 -0.258287 1.008991 -0.000841 0.018682 3.131669 1591.979980
187.554520 -0.256012 1.009087 -0.000446 0.029866 3.129672 1592.199951
187.345276 -0.253907 1.009161 0.000068 0.026314 3.126792 1592.420044
187.144119 -0.251728 1.009126 0.002367 0.018828 3.123059 1592.630005
186.934875 -0.248340 1.009034 0.004025 0.023784 3.118592 1592.849976
186.726471 -0.243104 1.009044 0.004011 0.012295 3.113892 1593.069946
186.522217 -0.236131 1.008983 0.003124 0.017858 3.109443 1593.290039
186.320190 -0.227809 1.008942 0.001967 0.019777 3.105412 1593.510010
186.119614 -0.218679 1.008824 0.000890 0.015789 3.101954 1593.729980
185.912460 -0.208849 1.008770 0.000098 0.027342 3.099071 1593.959961
185.711731 -0.199317 1.008844 -0.000218 0.036917 3.097753 1594.180054
185.505096 -0.189730 1.009009 -0.002080 0.030851 3.098930 1594.400024
185.304016 -0.181352 1.009276 -0.004470 0.029795 3.101948 1594.609985
185.100128 -0.174708 1.009420 -0.005115 0.027704 3.106224 1594.819946
184.894196 -0.170084 1.009482 -0.004481 0.029361 3.111182 1595.030029
184.685898 -0.167183 1.009543 -0.003208 0.025746 3.116394 1595.239990
184.477783 -0.165507 1.009602 -0.001652 0.008066 3.121150 1595.449951
184.275497 -0.164544 1.009451 -0.000688 0.011716 3.124106 1595.660034
184.068817 -0.163724 1.009114 0.001976 0.018628 3.124798 1595.880005
183.863861 -0.161878 1.008873 0.004948 0.029882 3.123512 1596.099976
183.656555 -0.157700 1.008856 0.005454 0.017716 3.120665 1596.319946
183.450821 -0.151079 1.008825 0.004351 0.016714 3.116978 1596.540039
183.247528 -0.142589 1.008793 0.002910 0.022983 3.112893 1596.760010
183.044968 -0.132911 1.008847 0.001482 0.014030 3.108702 1596.979980
182.836349 -0.122317 1.008823 0.000431 0.025735 3.104599 1597.209961
182.635529 -0.112050 1.008869 -0.000073 0.031937 3.101508 1597.430054
182.430496 -0.101856 1.008914 -0.004960 0.030861 3.100998 1597.650024
182.221542 -0.094244 1.009007 -0.017567 0.028129 3.104607 1597.869995
182.019485 -0.094143 1.009097 -0.023171 0.028467 3.112708 1598.079956
181.815125 -0.103248 1.009173 -0.021853 0.027236 3.125470 1598.290039
181.609024 -0.120838 1.009242 -0.016874 0.027215 -3.140777 1598.500000
181.402649 -0.144603 1.009361 -0.009729 0.008271 -3.120390 1598.709961
181.201645 -0.171480 1.009297 -0.004151 0.013195 -3.098932 1598.920044
180.995529 -0.200459 1.009107 -0.001046 0.024925 -3.076878 1599.140015
180.789856 -0.229023 1.009018 0.004916 0.013745 -3.057578 1599.359985
180.587067 -0.254295 1.008855 0.014990 0.017830 -3.043492 1599.579956
180.385529 -0.272466 1.008809 0.018080 0.018968 -3.036399 1599.800049
180.185043 -0.282481 1.008880 0.015000 0.010348 -3.034916 1600.020020
179.980057 -0.286048 1.008746 0.003879 0.017619 -3.035931 1600.250000
179.776474 -0.288397 1.008700 -0.006760 0.032513 -3.037606 1600.479980
179.569244 -0.295283 1.008812 -0.010734 0.022558 -3.038443 1600.709961
179.361359 -0.308279 1.008816 -0.010074 0.025893 -3.038706 1600.939941
179.161362 -0.325978 1.008841 -0.007267 0.023295 -3.038464 1601.160034
178.961349 -0.347199 1.008793 -0.004140 0.017522 -3.038662 1601.380005
178.753983 -0.371256 1.008818 -0.001583 0.027533 -3.040857 1601.609985
178.553360 -0.394977 1.008879 0.003342 0.033106 -3.044912 1601.829956
178.347809 -0.417479 1.009027 0.006822 0.034924 -3.050236 1602.050049
178.146133 -0.436442 1.009235 0.007213 0.034805 -3.055902 1602.260010
177.939453 -0.452753 1.009503 0.005852 0.032466 -3.061655 1602.469971
177.739319 -0.466268 1.009711 0.003870 0.016518 -3.066916 1602.670044
177.532028 -0.478731 1.009732 0.001942 0.006828 -3.071857 1602.880005
177.331390 -0.489984 1.009500 0.000631 0.015729 -3.076047 1603.089966
177.124268 -0.501374 1.009207 -0.000171 0.025435 -3.080219 1603.310059
176.916351 -0.512680 1.009252 0.005158 0.024744 -3.085751 1603.530029
176.707474 -0.521640 1.010288 0.011761 0.026304 -3.094026 1603.750000
176.506973 -0.525420 1.012568 0.012869 0.016038 -3.105235 1603.959961
176.299423 -0.523750 1.015883 0.010679 0.014196 -3.119047 1604.180054
176.095215 -0.517388 1.020116 0.007562 0.022294 -3.133664 1604.400024
175.892227 -0.507942 1.024869 0.004153 0.013416 3.134973 1604.619995
175.692535 -0.496973 1.030005 0.001590 0.024727 3.121599 1604.839966
175.492416 -0.485575 1.035439 -0.000085 0.018011 3.109779 1605.060059
175.284531 -0.474002 1.040896 -0.000836 0.018572 3.098530 1605.290039
175.077927 -0.462914 1.044925 0.000764 0.029765 3.088288 1605.520020
174.876999 -0.451806 1.046298 0.001981 0.031296 3.079823 1605.739990
174.672943 -0.439579 1.045172 0.002067 0.017704 3.072871 1605.959961
174.470200 -0.426414 1.041617 0.001635 0.025559 3.067581 1606.180054
174.266785 -0.412359 1.036204 0.000950 0.017404 3.063891 1606.400024
174.065231 -0.397914 1.029531 0.000511 0.016740 3.062373 1606.619995
173.857727 -0.382749 1.022097 -0.000617 0.012919 3.063514 1606.849976
173.653473 -0.368159 1.015561 -0.002964 0.023900 3.066813 1607.079956
173.447983 -0.354890 1.010712 -0.003906 0.027603 3.071529 1607.310059
173.239990 -0.343301 1.007543 -0.003352 0.021255 3.077002 1607.540039
173.031631 -0.333274 1.005939 -0.002299 0.030026 3.082575 1607.770020
172.828583 -0.324449 1.005680 -0.001229 0.036301 3.088321 1607.989990
172.619568 -0.315788 1.006117 -0.000539 0.028574 3.095560 1608.209961
172.417908 -0.307715 1.008213 -0.002528 0.014042 3.103854 1608.420044
172.210068 -0.300582 1.015176 -0.004872 0.018205 3.113147 1608.640015
172.004257 -0.295791 1.028557 -0.005414 0.026529 3.122316 1608.859985
171.796738 -0.293504 1.048274 -0.004544 0.031421 3.130830 1609.079956
171.595032 -0.293260 1.072076 -0.003062 0.030754 3.137993 1609.290039
171.390060 -0.294287 1.099141 -0.001557 0.027725 -3.139191 1609.500000
171.183258 -0.295965 1.128189 -0.000373 0.026353 -3.134446 1609.709961
170.985229 -0.297728 1.156911 0.000312 0.026059 -3.131575 1609.910034
170.786407 -0.299399 1.185834 0.000531 0.025076 -3.131386 1610.109985
170.587540 -0.300872 1.213997 0.001598 0.013476 -3.134446 1610.310059
170.382446 -0.301593 1.240224 0.005702 0.012788 -3.140413 1610.520020
170.181732 -0.299971 1.261499 0.008022 0.019132 3.134949 1610.729980
169.974609 -0.294829 1.278213 0.007429 0.008616 3.125586 1610.949951
169.772827 -0.286496 1.289945 0.005559 0.021572 3.116199 1611.170044
169.571686 -0.275781 1.298055 0.003475 0.030449 3.107328 1611.390015
169.366852 -0.263518 1.304000 0.001605 0.035344 3.099971 1611.609985
169.166260 -0.251066 1.308605 -0.000072 0.023624 3.095068 1611.819946
168.965179 -0.238812 1.312414 -0.002315 0.014698 3.092251 1612.030029
168.757675 -0.227268 1.315876 -0.003602 0.022837 3.091155 1612.250000
168.550232 -0.217406 1.319159 -0.003672 0.028779 3.091582 1612.469971
168.349670 -0.209409 1.322420 -0.003021 0.031998 3.093045 1612.680054
168.145737 -0.202429 1.325832 -0.001963 0.018575 3.095240 1612.890015
167.943512 -0.196237 1.329126 -0.000873 0.010870 3.097819 1613.099976
167.736496 -0.190228 1.332702 -0.000138 0.023150 3.100660 1613.319946
167.529694 -0.184181 1.336528 0.000245 0.029312 3.103902 1613.540039
167.329651 -0.178130 1.340437 0.000379 0.030026 3.108131 1613.750000
167.126984 -0.171874 1.343822 -0.001455 0.025558 3.113622 1613.959961
166.923325 -0.166243 1.345467 -0.003884 0.024354 3.119840 1614.170044
166.719421 -0.162234 1.344895 -0.004568 0.015920 3.126294 1614.380005
166.518463 -0.160184 1.342047 -0.003918 0.011685 3.132494 1614.589966
166.312668 -0.159832 1.337006 -0.002700 0.021892 3.138327 1614.810059
166.108810 -0.160711 1.330672 -0.001414 0.010750 -3.139819 1615.030029
165.900223 -0.162295 1.322945 -0.000384 0.022226 -3.135620 1615.260010
165.691925 -0.164071 1.314735 0.000276 0.021372 -3.132512 1615.489990
165.483643 -0.165729 1.306455 0.000501 0.019828 -3.130541 1615.719971
165.276001 -0.167168 1.298406 0.000609 0.030033 -3.129720 1615.949951
165.064667 -0.168381 1.291710 0.000952 0.032481 -3.129884 1616.180054
164.857666 -0.169223 1.287400 0.001039 0.034381 -3.130716 1616.400024
164.654999 -0.169705 1.285355 0.000898 0.034523 -3.131921 1616.609985
164.447830 -0.169925 1.285039 0.000644 0.029637 -3.133357 1616.819946
164.238129 -0.169966 1.286057 0.000407 0.028571 -3.134873 1617.030029
164.036789 -0.169915 1.287882 0.000240 0.026686 -3.136295 1617.229980
163.834656 -0.169827 1.290143 0.000117 0.016762 -3.137627 1617.430054
163.625900 -0.169714 1.292580 0.000050 0.003504 -3.139156 1617.640015
163.425034 -0.169596 1.294832 -0.000002 0.013911 -3.141326 1617.849976
163.218826 -0.169404 1.297156 0.001441 0.024799 3.138847 1618.069946
163.011902 -0.168539 1.299578 0.002694 0.028919 3.135413 1618.290039
162.803268 -0.166449 1.302031 0.002632 0.013530 3.131829 1618.510010
162.597717 -0.163193 1.304361 0.002017 0.018841 3.128464 1618.729980
162.393982 -0.159056 1.306641 0.001289 0.026199 3.125440 1618.949951
162.188370 -0.154332 1.309047 0.000595 0.034075 3.122864 1619.170044
161.987579 -0.149514 1.311454 0.000060 0.031258 3.120876 1619.380005
161.784363 -0.144650 1.313824 -0.000285 0.013892 3.119790 1619.589966
161.584229 -0.139972 1.315975 -0.000026 0.017282 3.120868 1619.800049
161.377243 -0.135225 1.317902 -0.001709 0.021728 3.124981 1620.020020
161.170486 -0.131451 1.319227 -0.005972 0.029564 3.131385 1620.239990
160.961121 -0.130380 1.319807 -0.007390 0.020544 3.139268 1620.459961
160.752838 -0.132650 1.319463 -0.006197 0.012209 -3.135506 1620.680054
160.548904 -0.137682 1.318285 -0.004255 0.023563 -3.127385 1620.900024
160.344757 -0.144587 1.316569 -0.002417 0.030949 -3.119899 1621.119995
160.136658 -0.152587 1.314557 -0.000932 0.035684 -3.113379 1621.339966
159.933334 -0.160675 1.312558 0.000128 0.018110 -3.108339 1621.550049
159.731644 -0.168603 1.310322 0.000492 0.011610 -3.105711 1621.760010
159.525543 -0.176456 1.308174 0.001774 0.009236 -3.106717 1621.979980
159.324997 -0.183119 1.307210 0.006085 0.016811 -3.110997 1622.199951
159.117737 -0.187043 1.308431 0.008144 0.028647 -3.118006 1622.430054
158.916382 -0.187142 1.312096 0.007580 0.036710 -3.126192 1622.650024
158.708542 -0.184018 1.318015 0.005493 0.036050 -3.134967 1622.869995
158.505539 -0.178917 1.324965 0.002917 0.015498 3.139921 1623.079956
158.304840 -0.172796 1.332507 0.001019 0.018601 3.132345 1623.290039
158.096588 -0.166136 1.340854 -0.000084 0.026595 3.125341 1623.510010
157.896362 -0.159926 1.349054 -0.000674 0.031085 3.119226 1623.719971
157.693161 -0.153996 1.356279 -0.000376 0.024582 3.113317 1623.930054
157.489304 -0.148165 1.357439 0.001297 0.022393 3.107773 1624.140015
157.285919 -0.141789 1.348971 0.002304 0.020457 3.102804 1624.349976
157.084717 -0.134513 1.330859 0.002336 0.005785 3.098547 1624.560059
156.880692 -0.126095 1.302092 0.001868 0.017226 3.095030 1624.780029
156.679504 -0.116914 1.265248 0.001114 0.025743 3.092405 1625.000000
156.477005 -0.107123 1.222803 0.000361 0.030126 3.090624 1625.219971
156.280746 -0.097435 1.179361 -0.000137 0.024342 3.089621 1625.430054
156.084274 -0.087751 1.135527 -0.000331 0.012105 3.088435 1625.640015
155.882462 -0.077937 1.090399 0.000699 0.013722 3.085232 1625.859985
155.684845 -0.067330 1.050549 0.014618 0.014139 3.078987 1626.079956
155.481979 -0.049120 1.019034 0.025678 0.026770 3.068166 1626.310059
155.277420 -0.018116 0.999066 0.026380 0.033959 3.052269 1626.540039
155.077225 0.023859 0.989530 0.021099 0.035661 3.032306 1626.760010
154.881790 0.072687 0.987179 0.013147 0.021394 3.009395 1626.969971
154.686874 0.126025 0.988964 0.006111 0.017862 2.984997 1627.180054
154.494202 0.180634 0.992969 0.001751 0.023255 2.960720 1627.390015
154.301514 0.235140 0.997735 -0.000260 0.026859 2.938636 1627.599976
154.107040 0.289232 1.002306 -0.000881 0.031461 2.921320 1627.810059
153.909760 0.342906 1.006135 -0.009065 0.015920 2.910425 1628.020020
153.713913 0.391138 1.008818 -0.036110 0.008831 2.906765 1628.229980
153.511154 0.424737 1.010394 -0.050650 0.012741 2.911121 1628.449951
153.307556 0.435749 1.010984 -0.049728 0.020565 2.923543 1628.670044
153.100235 0.426096 1.010948 -0.039065 0.024982 2.943610 1628.890015
152.899399 0.402943 1.010627 -0.021861 0.009505 2.969130 1629.099976
152.692627 0.370919 1.009996 -0.009574 0.014377 2.999978 1629.319946
152.488968 0.336832 1.009505 -0.004236 0.027474 3.034439 1629.540039
152.283310 0.303729 1.009132 -0.001787 0.029901 3.070847 1629.760010
152.083771 0.273791 1.008965 -0.000819 0.031663 3.105620 1629.969971
151.880707 0.245532 1.008920 0.002164 0.030179 3.138815 1630.180054
151.674698 0.219603 1.008955 0.005393 0.030101 -3.114326 1630.390015
151.466568 0.196822 1.009000 0.006473 0.012305 -3.088602 1630.599976
151.262314 0.177512 1.009019 0.005486 0.010989 -3.067503 1630.810059
151.053680 0.160344 1.009000 0.003835 0.020628 -3.050544 1631.030029
150.846100 0.144960 1.008978 0.002411 0.028221 -3.038715 1631.250000
150.645782 0.130835 1.009067 0.001473 0.032299 -3.031751 1631.459961
150.442505 0.116625 1.009299 0.000582 0.014874 -3.028602 1631.670044
150.241974 0.102553 1.009395 -0.000362 0.012110 -3.029870 1631.880005
150.036484 0.087741 1.009324 -0.000598 0.019589 -3.036669 1632.099976
149.833466 0.072866 1.009189 0.006118 0.013797 -3.048735 1632.319946
149.633560 0.060912 1.009053 0.013662 0.023382 -3.065198 1632.540039
149.433289 0.054864 1.009062 0.014908 0.016507 -3.085219 1632.760010
149.225510 0.055562 1.009033 0.012021 0.020853 -3.107490 1632.989990
149.017944 0.061915 1.009087 0.007937 0.026706 -3.129319 1633.219971
148.817902 0.071287 1.009068 0.003891 0.017358 3.134587 1633.439941
148.609909 0.082600 1.009072 0.000893 0.029345 3.117235 1633.670044
148.408066 0.093669 1.009094 -0.000737 0.033366 3.104136 1633.890015
148.201111 0.104448 1.009208 -0.001373 0.035256 3.096369 1634.109985
147.998550 0.114293 1.009277 -0.003485 0.023006 3.095034 1634.319946
147.795975 0.122144 1.009115 -0.016610 0.012052 3.099929 1634.530029
147.587906 0.122810 1.008913 -0.026501 0.018587 3.111717 1634.750000
147.382797 0.111885 1.008907 -0.025282 0.008807 3.130230 1634.969971
147.183075 0.090016 1.008779 -0.019754 0.016697 -3.129864 1635.189941
146.976868 0.058520 1.008727 -0.013265 0.028769 -3.101805 1635.420044
146.776855 0.023070 1.008816 -0.007788 0.034288 -3.073289 1635.640015
146.571640 -0.015279 1.008996 -0.003071 0.030412 -3.045412 1635.859985
146.373291 -0.052585 1.009145 0.000443 0.015513 -3.021584 1636.069946
146.168060 -0.090532 1.009263 0.001570 0.022103 -3.002308 1636.290039
145.963074 -0.127163 1.009348 0.007012 0.028225 -2.990726 1636.510010
145.764740 -0.158945 1.009428 0.020224 0.029709 -2.987789 1636.719971
145.562439 -0.182941 1.009453 0.025822 0.027754 -2.993132 1636.930054
145.356735 -0.196967 1.009428 0.023840 0.026581 -3.006196 1637.140015
145.148788 -0.201934 1.009385 0.019345 0.019680 -3.026241 1637.349976
144.941513 -0.199251 1.009271 0.020997 0.016521 -3.051968 1637.560059
144.736465 -0.188593 1.009148 0.020916 0.018839 -3.082371 1637.770020
144.532944 -0.170216 1.009006 0.017680 0.023263 -3.115943 1637.979980
144.329498 -0.145568 1.008996 0.012870 0.027408 3.132569 1638.189941
144.124695 -0.116599 1.009029 0.007661 0.026462 3.098855 1638.400024
143.918640 -0.085278 1.009067 0.003120 0.025698 3.069286 1638.609985
143.712204 -0.053518 1.009054 -0.003262 0.019390 3.045473 1638.819946
143.507111 -0.023766 1.009078 -0.007567 0.021775 3.027730 1639.030029
143.302505 0.002520 1.009088 -0.008603 0.023943 3.015827 1639.239990
143.097488 0.025246 1.009084 -0.007565 0.025682 3.009100 1639.449951
142.891251 0.045160 1.009110 -0.005622 0.026479 3.006717 1639.660034
142.683731 0.063246 1.009051 -0.003503 0.024686 3.007802 1639.869995
142.475739 0.080365 1.008988 -0.001801 0.025896 3.011425 1640.079956
142.266953 0.097287 1.009009 -0.000852 0.027878 3.016057 1640.290039
142.067001 0.113628 1.008997 0.000380 0.017865 3.019651 1640.489990
141.859329 0.131178 1.008947 0.003801 0.014218 3.022143 1640.699951
141.655685 0.150162 1.008882 0.005808 0.019457 3.023465 1640.910034
141.455200 0.171418 1.008935 0.005668 0.008510 3.023697 1641.119995
141.251358 0.195617 1.008875 0.004320 0.014568 3.023221 1641.339966
141.051193 0.221388 1.008783 0.002778 0.028171 3.022305 1641.560059
140.848923 0.248631 1.008861 0.001532 0.034611 3.022304 1641.780029
140.641556 0.277044 1.009001 0.000242 0.032467 3.024764 1642.000000
140.439362 0.304439 1.009099 -0.004288 0.032714 3.029605 1642.209961
140.233337 0.330253 1.009194 -0.008245 0.028321 3.036141 1642.420044
140.025879 0.352649 1.009191 -0.010275 0.002915 3.043921 1642.630005
139.825714 0.369430 1.009022 -0.021704 -0.001800 3.053099 1642.839966
139.625610 0.376471 1.008683 -0.029534 0.015277 3.065073 1643.060059
139.418839 0.369781 1.008420 -0.028470 0.029266 3.081352 1643.290039
139.217300 0.351247 1.008415 -0.021858 0.033788 3.100938 1643.510010
139.010223 0.324222 1.008554 -0.013765 0.034314 3.124012 1643.729980
138.807510 0.293927 1.008869 -0.007154 0.033727 -3.134851 1643.939941
138.600571 0.261929 1.009177 -0.002378 0.030518 -3.109376 1644.150024
138.400818 0.231500 1.009409 0.000130 0.028531 -3.086512 1644.349976
138.199554 0.201909 1.009481 0.001342 0.023352 -3.067527 1644.550049
137.998581 0.173656 1.009424 0.005800 0.021253 -3.053796 1644.750000
137.798538 0.148266 1.009346 0.012273 0.022789 -3.045551 1644.949951
137.598648 0.127764 1.009291 0.014681 0.024837 -3.042582 1645.150024
137.398178 0.112782 1.009263 0.013385 0.023760 -3.044056 1645.349976
137.197601 0.102671 1.009124 0.010038 0.020111 -3.048863 1645.550049
136.989105 0.095918 1.008920 0.005627 0.004442 -3.056437 1645.760010
136.787735 0.091661 1.008646 0.002244 0.008979 -3.065355 1645.969971
136.582672 0.088150 1.008436 0.000466 0.023349 -3.075413 1646.189941
136.377411 0.084362 1.008436 -0.000511 0.033039 -3.086722 1646.410034
136.177429 0.079973 1.008583 -0.000797 0.035030 -3.099655 1646.619995
135.972549 0.075202 1.008758 0.007483 0.033415 -3.115289 1646.829956
135.763763 0.073460 1.008950 0.017185 0.027214 -3.134040 1647.040039
135.563797 0.078254 1.009114 0.019077 0.012162 3.128399 1647.239990
135.358612 0.090801 1.009044 0.016037 0.005636 3.105534 1647.449951
135.151382 0.110600 1.008848 0.011465 0.016406 3.082242 1647.670044
134.948624 0.135045 1.008752 0.006564 0.010568 3.060500 1647.890015
134.741669 0.163034 1.008647 0.002460 0.022711 3.040806 1648.119995
134.534836 0.191956 1.008592 -0.000252 0.030361 3.024914 1648.349976
134.333252 0.219705 1.008689 -0.006546 0.030165 3.015086 1648.569946
134.127716 0.244100 1.008815 -0.027210 0.026369 3.011952 1648.790039
133.918823 0.256798 1.008996 -0.037907 0.026245 3.016388 1649.010010
133.716232 0.253907 1.009106 -0.036273 0.024892 3.027663 1649.219971
133.511383 0.237330 1.009157 -0.028458 0.024265 3.045233 1649.430054
133.305939 0.210691 1.009136 -0.016080 0.007240 3.068041 1649.640015
133.105957 0.178740 1.008903 -0.004572 0.007045 3.091693 1649.849976
132.903061 0.145462 1.008579 0.013244 0.018951 3.114098 1650.069946
132.701965 0.119873 1.008450 0.022972 0.027131 3.131390 1650.290039
132.500137 0.105969 1.008528 0.022712 0.014624 -3.141023 1650.510010
132.291611 0.103203 1.008590 0.017265 0.026003 -3.134851 1650.739990
132.090622 0.108799 1.008680 0.011121 0.032936 -3.133141 1650.959961
131.884811 0.119151 1.008850 0.003860 0.031368 -3.132937 1651.180054
131.684738 0.129747 1.008986 -0.012078 0.025300 -3.131940 1651.390015
131.483505 0.134842 1.009115 -0.023015 0.025675 -3.128418 1651.599976
131.282288 0.130241 1.009140 -0.023259 0.010111 -3.121267 1651.810059
131.076569 0.115184 1.009001 -0.018803 0.015462 -3.110672 1652.030029
130.874237 0.091997 1.008867 -0.012999 0.026377 -3.096556 1652.250000
130.670425 0.063401 1.008823 -0.007704 0.033029 -3.079975 1652.469971
130.471756 0.033207 1.008922 -0.003498 0.031824 -3.063394 1652.680054
130.270599 0.002061 1.009035 0.000196 0.009993 -3.047711 1652.890015
130.065384 -0.028987 1.008891 0.011308 0.005117 -3.034667 1653.109985
129.858002 -0.054395 1.008690 0.025073 0.019325 -3.026781 1653.339966
129.651505 -0.067439 1.008636 0.025906 0.014193 -3.026667 1653.569946
129.446594 -0.067884 1.008619 0.020706 0.019215 -3.033798 1653.800049
129.241562 -0.058987 1.008777 0.014284 0.026813 -3.048199 1654.030029
129.034348 -0.044594 1.008886 0.007224 0.018978 -3.068565 1654.260010
128.827438 -0.027968 1.008987 0.002832 0.029083 -3.092267 1654.489990
128.627258 -0.012112 1.009077 0.000106 0.018666 -3.115988 1654.709961
128.427673 0.002815 1.009028 -0.000643 0.023805 -3.137258 1654.930054
128.227905 0.016598 1.009038 -0.002799 0.019732 3.129519 1655.150024
128.019562 0.028865 1.009011 -0.007283 0.024046 3.117764 1655.380005
127.819054 0.036962 1.009055 -0.008774 0.033949 3.111242 1655.599976
127.613426 0.041134 1.009194 -0.007922 0.035034 3.108751 1655.819946
127.411812 0.042017 1.009361 -0.005843 0.031630 3.109350 1656.030029
127.207687 0.040812 1.009540 -0.003132 0.012464 3.112171 1656.239990
127.007217 0.038503 1.009486 -0.001087 0.018213 3.116372 1656.449951
126.799477 0.035886 1.009366 -0.000093 0.026485 3.121562 1656.670044
126.590210 0.033568 1.009264 0.000091 0.029387 3.125914 1656.890015
126.387688 0.031695 1.009274 0.000140 0.027682 3.127786 1657.099976
126.184395 0.030253 1.009297 0.003210 0.009962 3.127115 1657.310059
125.976357 0.030368 1.009199 0.006587 0.020732 3.124381 1657.530029
125.769913 0.033584 1.009168 0.007414 0.026426 3.120146 1657.750000
125.561783 0.040258 1.009161 0.006242 0.030896 3.115076 1657.969971
125.359886 0.049343 1.009240 0.004259 0.032295 3.109949 1658.180054
125.154327 0.060215 1.009354 0.002270 0.030820 3.104929 1658.390015
124.945824 0.072006 1.009422 0.000724 0.027433 3.100302 1658.599976
124.736908 0.083982 1.009487 -0.000214 0.007416 3.096014 1658.810059
124.533821 0.095488 1.009300 -0.000828 0.010615 3.091044 1659.020020
124.326668 0.106841 1.008935 -0.000520 0.022392 3.084139 1659.239990
124.119949 0.118162 1.008769 0.003920 0.031356 3.075719 1659.459961
123.919403 0.130896 1.008785 0.006941 0.030381 3.067007 1659.670044
123.716949 0.146701 1.008838 0.006860 0.013914 3.058218 1659.880005
123.508499 0.166069 1.008837 0.005327 0.018143 3.049767 1660.099976
123.302567 0.187662 1.008888 0.003354 0.016517 3.042310 1660.319946
123.099724 0.210457 1.008908 0.001560 0.013760 3.036094 1660.540039
122.900581 0.233540 1.008926 0.000253 0.023518 3.031245 1660.760010
122.701866 0.256659 1.008910 -0.000528 0.015645 3.028163 1660.979980
122.496468 0.280304 1.008798 -0.000402 0.023472 3.028506 1661.209961
122.290459 0.303770 1.008912 -0.002634 0.020948 3.033776 1661.439941
122.084259 0.325163 1.009063 -0.017230 0.020262 3.044370 1661.670044
121.877502 0.338106 1.009211 -0.025163 0.027358 3.060681 1661.900024
121.677330 0.339380 1.009347 -0.022622 0.016692 3.081251 1662.119995
121.469292 0.330186 1.009335 -0.016587 0.025952 3.105660 1662.349976
121.268295 0.314379 1.009358 -0.010632 0.032544 3.130931 1662.569946
121.062523 0.294577 1.009441 -0.005410 0.033387 -3.126979 1662.790039
120.861679 0.274009 1.009531 -0.001373 0.024624 -3.104430 1663.000000
120.660431 0.253464 1.009439 0.001184 0.012249 -3.085323 1663.209961
120.453537 0.233097 1.009262 0.001594 0.022170 -3.071278 1663.430054
120.247124 0.214246 1.009099 0.014854 0.028172 -3.064789 1663.650024
120.038002 0.202545 1.009110 0.037040 0.028449 -3.066797 1663.869995
119.834991 0.206335 1.009292 0.043724 0.026014 -3.076833 1664.079956
119.629631 0.227301 1.009458 0.038880 0.024303 -3.093988 1664.290039
119.423355 0.262978 1.009551 0.027929 0.019265 -3.117397 1664.500000
119.219620 0.308348 1.009430 0.013966 0.001327 3.137369 1664.709961
119.023933 0.357642 1.008991 0.005724 0.013167 3.105751 1664.920044
118.823318 0.409681 1.008601 0.002129 0.027277 3.069575 1665.140015
118.620888 0.461014 1.008477 0.000749 0.028551 3.031230 1665.359985
118.425735 0.510210 1.008366 0.026748 0.014984 2.993562 1665.569946
118.226486 0.572767 1.008459 0.064745 0.006938 2.953098 1665.790039
118.039879 0.660780 1.008597 0.067615 -0.007722 2.911462 1666.010010
117.872253 0.773967 1.008478 0.057768 -0.003121 2.871810 1666.229980
117.721252 0.906860 1.008251 0.043916 0.010400 2.833840 1666.449951
117.580383 1.053064 1.008082 0.023023 0.007308 2.796672 1666.670044
117.446358 1.203896 1.008031 0.014702 0.023881 2.761594 1666.890015
117.312332 1.356953 1.008104 0.004033 0.017601 2.727810 1667.109985
117.177994 1.507769 1.008177 -0.000013 0.017766 2.695665 1667.329956
117.037216 1.660671 1.008237 -0.005123 0.019442 2.663547 1667.560059
116.893326 1.808219 1.008282 -0.008124 0.033984 2.632444 1667.790039
116.747986 1.945981 1.008441 -0.009158 0.023319 2.603735 1668.010010
116.597916 2.079208 1.008647 -0.006770 0.023870 2.575528 1668.229980
116.444290 2.209127 1.008891 -0.003034 0.029317 2.547457 1668.449951
116.287491 2.338058 1.009017 -0.000446 0.009936 2.519708 1668.670044
116.128067 2.469319 1.008819 0.016279 0.004252 2.490954 1668.900024
115.973419 2.608012 1.008586 0.034487 0.023335 2.461086 1669.140015
115.830261 2.759659 1.008674 0.032543 0.015384 2.429977 1669.380005
115.704346 2.915923 1.008785 0.026032 0.026790 2.400493 1669.609985
115.584389 3.082246 1.009010 0.016089 0.024212 2.370349 1669.839966
115.467514 3.254375 1.009162 0.007592 0.024289 2.340055 1670.069946
115.356186 3.421390 1.009386 0.002758 0.029778 2.310819 1670.290039
115.243164 3.589813 1.009458 -0.002265 0.008291 2.282566 1670.510010
115.126503 3.759671 1.009189 -0.014301 0.011229 2.257500 1670.739990
115.006676 3.920978 1.008950 -0.021418 0.028750 2.239829 1670.969971
114.877426 4.076935 1.008928 -0.019137 0.016426 2.231470 1671.199951
114.741310 4.226597 1.009005 -0.014538 0.031342 2.231090 1671.430054
114.597763 4.375273 1.009195 -0.008911 0.021654 2.238584 1671.660034
114.450897 4.522585 1.009294 -0.003849 0.021985 2.251388 1671.890015
114.303139 4.669558 1.009241 -0.001161 0.030208 2.267222 1672.119995
114.159599 4.813257 1.009256 -0.000517 0.036712 2.282348 1672.339966
114.012230 4.962168 1.009358 0.001188 0.031304 2.294395 1672.560059
113.870522 5.108086 1.009384 0.017119 0.019909 2.301224 1672.770020
113.735046 5.258209 1.009352 0.030023 0.022005 2.302276 1672.979980
113.609062 5.416249 1.009345 0.032242 0.025399 2.296915 1673.189941
113.492165 5.583437 1.009327 0.027844 0.024131 2.285043 1673.400024
113.383186 5.758066 1.009246 0.025118 0.024988 2.267297 1673.609985
113.280952 5.938845 1.009160 0.020383 0.021980 2.244138 1673.819946
113.185066 6.122627 1.009090 0.012318 0.006269 2.216646 1674.030029
113.095825 6.303645 1.008907 0.006792 0.014701 2.186701 1674.239990
113.005775 6.491039 1.008727 0.003589 0.022886 2.153665 1674.459961
112.915909 6.678728 1.008597 0.001875 0.029151 2.120964 1674.680054
112.828621 6.859963 1.008649 0.000657 0.032216 2.091888 1674.890015
112.739342 7.043881 1.008784 0.001817 0.025354 2.065395 1675.099976
112.650009 7.228947 1.008906 0.007336 0.024491 2.040811 1675.310059
112.563026 7.415509 1.009056 0.010099 0.026595 2.017408 1675.520020
112.479279 7.604706 1.009195 0.009648 0.025792 1.995524 1675.729980
112.398697 7.796435 1.009295 0.007401 0.027786 1.976143 1675.939941
112.320702 7.989757 1.009386 0.004329 0.010044 1.960002 1676.150024
112.246269 8.179129 1.009217 0.002242 0.011498 1.949007 1676.359985
112.171204 8.372735 1.008887 -0.003883 0.010305 1.944154 1676.579956
112.095406 8.559707 1.008523 -0.035965 0.005746 1.946639 1676.800049
112.002808 8.741739 1.008288 -0.058484 0.013377 1.957289 1677.030029
111.885910 8.909624 1.008177 -0.059449 0.022322 1.975790 1677.260010
111.750412 9.060373 1.008068 -0.047230 0.026020 2.000259 1677.479980
111.604843 9.198174 1.007966 -0.027377 0.013195 2.028934 1677.689941
111.452950 9.329730 1.007906 -0.013183 0.014829 2.060539 1677.900024
111.292992 9.463964 1.007921 -0.005809 0.024170 2.096272 1678.119995
111.133171 9.599470 1.008080 -0.002536 0.028308 2.133951 1678.339966
110.980766 9.732007 1.008325 -0.000855 0.028458 2.170936 1678.550049
110.828613 9.867832 1.008603 -0.000440 0.029074 2.208322 1678.760010
110.676498 10.006669 1.008795 -0.000620 0.027907 2.245437 1678.969971
110.524170 10.147842 1.009010 -0.001168 0.028423 2.281283 1679.180054
110.371124 10.290858 1.009181 -0.001375 0.025723 2.314957 1679.390015
110.225128 10.427620 1.009238 -0.001260 0.022896 2.343979 1679.589966
110.071930 10.571014 1.009260 -0.001034 0.025328 2.370252 1679.800049
109.919075 10.713778 1.009219 -0.000642 0.007472 2.392053 1680.010010
109.770432 10.852263 1.009010 -0.000373 0.009221 2.410652 1680.219971
109.618759 10.992478 1.008718 -0.012199 0.019085 2.428200 1680.439941
109.464600 11.126915 1.008578 -0.025721 0.026290 2.445410 1680.660034
109.302208 11.253072 1.008523 -0.026685 0.015422 2.463677 1680.880005
109.134399 11.368233 1.008333 -0.021594 0.016153 2.482710 1681.099976
108.962677 11.474558 1.008340 -0.015136 0.028996 2.503157 1681.319946
108.785248 11.577275 1.008417 -0.017019 0.025686 2.525802 1681.540039
108.602234 11.674419 1.008435 -0.038566 0.019697 2.550613 1681.760010
108.410889 11.757461 1.008586 -0.049931 0.022156 2.577659 1681.979980
108.218155 11.820025 1.008713 -0.045892 0.020896 2.605713 1682.189941
108.017395 11.867596 1.008755 -0.034873 0.020417 2.635344 1682.400024
107.812729 11.903965 1.008820 -0.018322 0.005386 2.666412 1682.609985
107.611618 11.932878 1.008676 -0.008395 0.009503 2.697617 1682.819946
107.405426 11.960068 1.008526 -0.004205 0.022406 2.730720 1683.040039
107.199463 11.988067 1.008542 -0.002745 0.030431 2.764216 1683.260010
107.000542 12.017014 1.008651 -0.000760 0.021383 2.796301 1683.469971
106.802452 12.047318 1.008697 -0.000825 0.016019 2.828129 1683.680054
106.597855 12.079432 1.008768 -0.002609 0.025097 2.861224 1683.900024
106.392380 12.111913 1.008894 -0.003893 0.030798 2.893654 1684.119995
106.192871 12.143017 1.009058 -0.003901 0.031497 2.922952 1684.329956
105.990280 12.173820 1.009139 -0.002814 0.021711 2.949766 1684.540039
105.787918 12.203794 1.009048 -0.001754 0.019403 2.973137 1684.750000
105.586929 12.232992 1.008969 -0.000855 0.019793 2.992500 1684.959961
105.388138 12.261550 1.008941 -0.000209 0.008185 3.007667 1685.170044
105.185631 12.290503 1.008770 0.000285 0.018399 3.019139 1685.390015
104.985535 12.319081 1.008714 0.000715 0.016222 3.026549 1685.609985
104.778793 12.348731 1.008709 0.000713 0.017852 3.031370 1685.839966
104.573845 12.378107 1.008720 -0.000659 0.027869 3.034117 1686.069946
104.375023 12.405866 1.008937 -0.001484 0.035473 3.035137 1686.290039
104.170250 12.433268 1.009224 -0.001521 0.035407 3.034930 1686.510010
103.969368 12.459093 1.009479 -0.001175 0.032711 3.033874 1686.719971
103.765205 12.484575 1.009616 -0.000785 0.015295 3.032260 1686.930054
103.563667 12.509289 1.009539 -0.000341 0.014811 3.030290 1687.140015
103.356270 12.534495 1.009427 0.000132 0.022228 3.028111 1687.359985
103.149178 12.559635 1.009346 -0.000323 0.028543 3.026898 1687.579956
102.949333 12.583591 1.009279 -0.003120 0.028298 3.027265 1687.790039
102.747208 12.606483 1.009241 -0.004700 0.024180 3.029215 1688.000000
102.545235 12.627425 1.009203 -0.004414 0.011203 3.032510 1688.209961
102.338287 12.646944 1.008967 -0.003316 0.017098 3.036719 1688.430054
102.134132 12.664741 1.008821 -0.002052 0.013117 3.041325 1688.650024
101.933662 12.681346 1.008680 -0.000945 0.015632 3.045907 1688.869995
101.726654 12.698118 1.008655 -0.000201 0.026966 3.050352 1689.099976
101.518463 12.714996 1.008690 0.000240 0.018779 3.055023 1689.329956
101.311157 12.731993 1.008693 0.000640 0.024329 3.061708 1689.560059
101.102936 12.748928 1.008716 -0.007940 0.027799 3.071640 1689.790039
100.900864 12.761537 1.008873 -0.017250 0.032732 3.085065 1690.010010
100.693718 12.766655 1.009093 -0.019236 0.033187 3.102357 1690.229980
100.491203 12.763712 1.009287 -0.016298 0.032181 3.120968 1690.439941
100.284737 12.754374 1.009451 -0.011329 0.031437 3.140277 1690.650024
100.075325 12.740730 1.009504 -0.006172 0.021915 -3.122939 1690.859985
99.867249 12.724893 1.009351 -0.003779 0.007836 -3.102848 1691.069946
99.665184 12.708010 1.009031 -0.003409 0.014813 -3.083865 1691.280029
99.457855 12.689305 1.008781 -0.002769 0.010197 -3.065979 1691.500000
99.255981 12.669900 1.008438 -0.001880 0.012631 -3.050829 1691.719971
99.049202 12.649118 1.008289 -0.000844 0.025221 -3.038259 1691.949951
98.842339 12.627857 1.008287 -0.000044 0.017202 -3.029021 1692.180054
98.636902 12.606611 1.008384 0.000511 0.027720 -3.022934 1692.410034
98.429382 12.585195 1.008577 0.000818 0.018397 -3.019870 1692.640015
98.222435 12.564030 1.008785 0.000415 0.024298 -3.021044 1692.869995
98.014717 12.542805 1.009024 0.001383 0.022528 -3.027571 1693.099976
97.806671 12.522935 1.009201 0.017152 0.017550 -3.039683 1693.329956
97.599480 12.511540 1.009305 0.029000 0.025295 -3.057482 1693.560059
97.390778 12.513761 1.009315 0.027216 0.014387 -3.080956 1693.790039
97.183891 12.528929 1.009276 0.020930 0.024731 -3.108237 1694.020020
96.984818 12.552229 1.009311 0.013225 0.020361 -3.137820 1694.239990
96.786064 12.580443 1.009293 0.006112 0.018486 3.114800 1694.459961
96.579590 12.611775 1.009320 0.001481 0.026833 3.084156 1694.689941
96.380959 12.641603 1.009361 -0.001075 0.017463 3.058209 1694.910034
96.174622 12.671499 1.009302 -0.001496 0.027071 3.037627 1695.140015
95.975098 12.698994 1.009298 -0.010526 0.033109 3.026142 1695.359985
95.770279 12.721362 1.009250 -0.033605 0.031225 3.023671 1695.579956
95.569656 12.729447 1.009270 -0.041453 0.020900 3.030365 1695.790039
95.368469 12.721188 1.009085 -0.035234 0.006102 3.044805 1696.000000
95.162842 12.697542 1.008829 -0.026829 0.016049 3.066094 1696.219971
94.960266 12.663324 1.008584 -0.015830 0.009444 3.093693 1696.439941
94.762306 12.623628 1.008344 -0.007757 0.017216 3.125627 1696.660034
94.566261 12.582313 1.008311 -0.003633 0.030247 -3.122308 1696.880005
94.366661 12.541057 1.008430 -0.001878 0.035266 -3.086441 1697.099976
94.161148 12.500121 1.008715 -0.000676 0.033890 -3.053366 1697.319946
93.961212 12.461633 1.009004 0.002604 0.014881 -3.026325 1697.530029
93.763649 12.425273 1.009166 0.005622 0.017359 -3.004317 1697.739990
93.558754 12.390423 1.009248 0.006361 0.016008 -2.986855 1697.959961
93.356735 12.359090 1.009188 0.005193 0.010877 -2.974838 1698.180054
93.149986 12.329514 1.008982 0.003689 0.025301 -2.967357 1698.410034
92.943108 12.301435 1.009021 0.002215 0.017976 -2.964425 1698.640015
92.737083 12.274192 1.009046 0.001152 0.027401 -2.964991 1698.869995
92.538071 12.247891 1.009162 0.000526 0.019147 -2.968071 1699.089966
92.330933 12.220352 1.009147 -0.000211 0.018891 -2.974445 1699.319946
92.125122 12.192558 1.009084 -0.000339 0.026744 -2.985096 1699.550049
91.918228 12.164812 1.009072 0.013347 0.016449 -3.000230 1699.780029
91.712059 12.143931 1.009111 0.029588 0.028101 -3.019917 1700.010010
91.511620 12.136746 1.009235 0.030165 0.015967 -3.043551 1700.229980
91.302673 12.143353 1.009210 0.023930 0.019459 -3.071311 1700.459961
91.103325 12.160006 1.009197 0.016119 0.022955 -3.100619 1700.680054
90.903885 12.182819 1.009056 0.008076 0.015395 -3.131328 1700.900024
90.697517 12.209428 1.008896 0.002790 0.029508 3.120557 1701.130005
90.496941 12.235299 1.008928 0.000196 0.036780 3.092559 1701.349976
90.289970 12.260795 1.008966 -0.001297 0.034657 3.067570 1701.569946
90.087379 12.284479 1.008961 -0.001753 0.029415 3.047161 1701.780029
89.881989 12.307502 1.009045 -0.001076 0.028605 3.030468 1701.989990
89.674629 12.330276 1.009082 -0.000345 0.023520 3.017602 1702.199951
89.468437 12.352887 1.009133 0.000303 0.006651 3.008424 1702.410034
89.268517 12.375015 1.009068 0.000558 0.016310 3.002609 1702.619995
89.062759 12.398225 1.008989 0.000343 0.012806 2.999604 1702.839966
88.861137 12.421315 1.008821 0.000105 0.014021 2.999200 1703.060059
88.654091 12.445277 1.008696 -0.000298 0.023205 3.000884 1703.290039
88.447830 12.469275 1.008720 -0.000445 0.015653 3.004733 1703.520020
88.243767 12.493001 1.008762 -0.000571 0.021224 3.012004 1703.750000
88.040352 12.516202 1.008767 -0.006200 0.021715 3.022698 1703.979980
87.836082 12.536490 1.008872 -0.010529 0.031655 3.036120 1704.209961
87.627983 12.552132 1.009022 -0.009972 0.017444 3.051514 1704.439941
87.420357 12.562919 1.009080 -0.007393 0.027655 3.066935 1704.670044
87.219414 12.570122 1.009139 -0.004805 0.030861 3.081006 1704.890015
87.014389 12.575534 1.009179 -0.003601 0.030716 3.094085 1705.109985
86.805428 12.579680 1.009250 -0.002614 0.030823 3.105947 1705.329956
86.602470 12.582788 1.009300 -0.001604 0.030264 3.115915 1705.540039
86.396439 12.585396 1.009361 -0.000725 0.031130 3.124287 1705.750000
86.187508 12.587790 1.009423 -0.000056 0.027788 3.130953 1705.959961
85.987030 12.590048 1.009462 0.000348 0.026830 3.135718 1706.160034
85.785721 12.592389 1.009460 0.000528 0.019372 3.139033 1706.359985
85.576965 12.594958 1.009364 0.000450 0.005440 3.141525 1706.569946
85.375252 12.597605 1.009063 0.000328 0.010396 -3.139113 1706.780029
85.169868 12.600274 1.008588 -0.001802 0.016075 -3.136196 1707.000000
84.967247 12.601965 1.008290 -0.003289 0.027679 -3.133252 1707.219971
84.762451 12.601993 1.008249 -0.003390 0.031900 -3.130444 1707.439941
84.553276 12.600313 1.008454 -0.002661 0.036716 -3.127937 1707.660034
84.348839 12.597443 1.008821 -0.001666 0.016430 -3.125846 1707.869995
84.146469 12.593884 1.009015 -0.000743 0.014073 -3.124180 1708.079956
83.938240 12.589883 1.009122 0.000017 0.023199 -3.122902 1708.300049
83.730690 12.585992 1.009079 0.002692 0.018268 -3.122602 1708.520020
83.524742 12.583380 1.008940 0.005720 0.023774 -3.124177 1708.739990
83.318031 12.583271 1.008919 0.006582 0.033142 -3.128068 1708.959961
83.116737 12.585774 1.009071 0.005765 0.031769 -3.133477 1709.170044
82.911827 12.590453 1.009200 0.004067 0.029079 -3.139762 1709.380005
82.704407 12.596601 1.009365 0.002361 0.030137 3.136868 1709.589966
82.494560 12.603520 1.009570 0.001010 0.027028 3.130470 1709.800049
82.293442 12.610331 1.009658 0.000100 0.026051 3.124316 1710.000000
82.091843 12.617044 1.009624 -0.000413 0.021615 3.116988 1710.199951
81.891457 12.623601 1.009433 0.002609 0.016735 3.108052 1710.400024
81.683899 12.631566 1.009247 0.007671 0.020451 3.097337 1710.609985
81.478020 12.642642 1.009125 0.009578 0.023189 3.085779 1710.819946
81.272591 12.657674 1.009033 0.008688 0.025889 3.074159 1711.030029
81.066505 12.676326 1.009042 0.006309 0.024642 3.063169 1711.239990
80.861305 12.697433 1.009016 0.003469 0.007316 3.053385 1711.449951
80.662079 12.719364 1.008898 0.001437 0.014421 3.045653 1711.660034
80.458199 12.742376 1.010202 -0.000579 0.011876 3.039919 1711.880005
80.258606 12.764575 1.017817 -0.002303 0.020420 3.036429 1712.099976
80.059540 12.785610 1.034717 -0.002931 0.029636 3.034853 1712.319946
79.857101 12.805660 1.060956 -0.002706 0.030872 3.034846 1712.540039
79.659790 12.824123 1.093600 -0.002056 0.030316 3.035939 1712.750000
79.460266 12.842070 1.130652 -0.001105 0.009867 3.037819 1712.959961
79.264938 12.859234 1.170315 -0.000374 0.018522 3.040123 1713.170044
79.062271 12.876974 1.213701 -0.000013 0.026272 3.042653 1713.390015
78.867310 12.894152 1.255839 -0.000001 0.029658 3.044381 1713.599976
78.669731 12.911682 1.297402 0.000456 0.025338 3.044798 1713.810059
78.470695 12.929693 1.334385 0.002462 0.027294 3.043983 1714.020020
78.270195 12.948913 1.363670 0.003626 0.026703 3.042246 1714.229980
78.069542 12.969645 1.384365 0.003386 0.009362 3.039852 1714.439941
77.864403 12.992328 1.397630 0.002562 0.019321 3.037113 1714.660034
77.661499 13.015892 1.404308 0.001576 0.016937 3.034350 1714.880005
77.461014 13.039841 1.406354 0.000838 0.013838 3.032986 1715.099976
77.254768 13.064802 1.405794 -0.001734 0.028154 3.034941 1715.329956
77.054909 13.087706 1.404491 -0.010722 0.034582 3.040828 1715.550049
76.849083 13.106289 1.403326 -0.015137 0.033585 3.050907 1715.770020
76.647285 13.118127 1.402750 -0.014245 0.031059 3.063484 1715.979980
76.441597 13.124494 1.402867 -0.010874 0.030267 3.077451 1716.189941
76.233971 13.126763 1.403708 -0.006399 0.010179 3.092105 1716.400024
76.030991 13.126475 1.404926 -0.002317 0.013768 3.107628 1716.609985
75.823036 13.125238 1.406632 -0.002939 0.015208 3.125625 1716.829956
75.618256 13.122386 1.408117 -0.013324 0.021296 -3.137408 1717.050049
75.414040 13.113690 1.408977 -0.018910 0.030514 -3.114790 1717.270020
75.206581 13.096553 1.408961 -0.018081 0.032902 -3.090448 1717.489990
75.004715 13.072605 1.408081 -0.013639 0.030499 -3.067064 1717.699951
74.801247 13.043283 1.406457 -0.007668 0.010941 -3.044632 1717.910034
74.602257 13.011574 1.404174 -0.003023 0.015234 -3.024581 1718.119995
74.397461 12.977788 1.401308 -0.000013 0.023718 -3.006735 1718.339966
74.192215 12.944169 1.398454 0.001326 0.030567 -2.993749 1718.560059
73.993515 12.912471 1.395904 0.004554 0.027486 -2.986871 1718.770020
73.792412 12.882386 1.393619 0.008092 0.029324 -2.984833 1718.979980
73.588875 12.855184 1.391555 0.008431 0.016052 -2.986973 1719.189941
73.387627 12.831651 1.389563 0.006622 0.009902 -2.992067 1719.400024
73.181648 12.810400 1.387677 0.004670 0.022224 -2.999391 1719.619995
72.977318 12.791131 1.386030 0.002601 0.010015 -3.007990 1719.839966
72.777298 12.773265 1.384456 0.001090 0.021277 -3.016855 1720.060059
72.569061 12.754873 1.383008 0.000148 0.018115 -3.025877 1720.290039
72.362190 12.736413 1.381602 -0.000612 0.019581 -3.035502 1720.520020
72.156265 12.717571 1.380144 -0.000513 0.027415 -3.047223 1720.750000
71.956970 12.699497 1.379425 0.008873 0.029802 -3.061091 1720.969971
71.753876 12.685241 1.380614 0.016768 0.033622 -3.078072 1721.189941
71.545387 12.678253 1.383973 0.017685 0.032057 -3.097192 1721.410034
71.342354 12.678759 1.388668 0.011960 0.023987 -3.114523 1721.619995
71.138504 12.683870 1.393524 0.002405 0.024591 -3.128968 1721.829956
70.934464 12.689746 1.397632 -0.003927 0.017465 -3.139586 1722.040039
70.732994 12.693790 1.400574 -0.006346 0.011468 3.136835 1722.250000
70.526833 12.695060 1.402300 -0.006396 0.020021 3.133211 1722.469971
70.321892 12.693430 1.402946 -0.005298 0.028695 3.132546 1722.689941
70.114235 12.689567 1.402801 -0.003776 0.034391 3.134165 1722.910034
69.911705 12.684533 1.402092 -0.002124 0.021303 3.137299 1723.119995
69.709671 12.678883 1.400977 -0.000591 0.013779 -3.141377 1723.329956
69.501762 12.672976 1.399624 0.000394 0.018174 -3.135048 1723.550049
69.296982 12.667426 1.398137 -0.000431 0.010566 -3.127736 1723.770020
69.096970 12.661886 1.396547 -0.001393 0.021704 -3.120391 1723.989990
68.897011 12.655783 1.395206 -0.001741 0.035550 -3.113608 1724.209961
68.691650 12.648768 1.394274 -0.001509 0.035013 -3.107690 1724.430054
68.490135 12.641245 1.393709 -0.001011 0.032762 -3.103018 1724.640015
68.285828 12.633180 1.393248 -0.000495 0.011386 -3.099336 1724.849976
68.085381 12.625040 1.392734 -0.000069 0.017835 -3.096660 1725.060059
67.877594 12.616534 1.392242 0.000292 0.028431 -3.094946 1725.280029
67.677338 12.608385 1.391810 0.000410 0.028307 -3.094851 1725.489990
67.474907 12.600244 1.391400 0.000519 0.021272 -3.096693 1725.699951
67.273468 12.592397 1.391199 0.002337 0.013703 -3.100217 1725.910034
67.066093 12.585359 1.391615 0.003975 0.023264 -3.105059 1726.130005
66.859756 12.580108 1.392956 0.003981 0.011530 -3.110598 1726.349976
66.657372 12.576735 1.394821 0.003115 0.018318 -3.116164 1726.569946
66.456802 12.574763 1.397372 0.002019 0.023009 -3.121451 1726.790039
66.256454 12.573623 1.400266 0.000937 0.015340 -3.126201 1727.010010
66.049316 12.572832 1.403533 0.000149 0.028122 -3.130363 1727.239990
65.840645 12.572032 1.406916 -0.000289 0.016710 -3.133825 1727.469971
65.633728 12.571080 1.409781 0.000046 0.019071 -3.137180 1727.699951
65.427567 12.570190 1.411880 0.001059 0.033259 -3.140360 1727.930054
65.225540 12.569833 1.412989 0.001399 0.037360 3.140098 1728.150024
65.016701 12.570145 1.413164 0.001182 0.036925 3.137785 1728.369995
64.811348 12.570994 1.412609 0.000781 0.033518 3.136020 1728.579956
64.601875 12.572210 1.411398 0.000397 0.029562 3.134699 1728.790039
64.400261 12.573553 1.409749 0.000134 0.024166 3.133832 1728.989990
64.199272 12.574955 1.407810 -0.000045 0.007870 3.133558 1729.189941
63.994339 12.576384 1.405536 0.000239 0.009365 3.135196 1729.400024
63.785835 12.577928 1.402974 -0.000964 0.017502 3.140211 1729.619995
63.579914 12.578704 1.399033 -0.007595 0.023142 -3.134865 1729.839966
63.373768 12.576010 1.392642 -0.011236 0.030968 -3.124364 1730.060059
63.173809 12.568657 1.383966 -0.010912 0.032577 -3.112949 1730.270020
62.970009 12.556762 1.372922 -0.008387 0.030945 -3.101195 1730.479980
62.763294 12.541425 1.359914 -0.005120 0.027234 -3.089427 1730.689941
62.555202 12.524073 1.345585 -0.002174 0.023583 -3.076763 1730.900024
62.348297 12.505930 1.332218 -0.002931 0.008617 -3.063149 1731.109985
62.147205 12.487053 1.323178 -0.005087 0.014341 -3.049533 1731.319946
61.940762 12.465388 1.320233 -0.005675 0.022991 -3.036056 1731.540039
61.734585 12.441111 1.324311 -0.004787 0.029650 -3.024015 1731.760010
61.535118 12.415522 1.333933 -0.003223 0.033215 -3.014315 1731.969971
61.331848 12.388076 1.347586 -0.000235 0.027961 -3.007550 1732.180054
61.126724 12.360650 1.362988 0.010982 0.021522 -3.005191 1732.390015
60.921577 12.337757 1.378370 0.019826 0.024041 -3.008226 1732.599976
60.716450 12.322720 1.392531 0.019571 0.006704 -3.017172 1732.810059
60.516518 12.316016 1.404547 0.015809 0.010530 -3.030441 1733.020020
60.311752 12.315846 1.415244 0.011036 0.016580 -3.048497 1733.239990
60.109875 12.320079 1.424098 0.006030 0.012421 -3.069300 1733.459961
59.902466 12.326784 1.432070 0.002552 0.028057 -3.091604 1733.689941
59.701576 12.333520 1.439080 0.000614 0.034974 -3.112630 1733.910034
59.495007 12.339759 1.445817 0.000072 0.031635 -3.133919 1734.130005
59.294399 12.345989 1.451137 0.015455 0.019010 3.128275 1734.339966
59.085522 12.359447 1.454495 0.033585 0.022073 3.105043 1734.560059
58.877861 12.387461 1.455043 0.037450 0.023763 3.080866 1734.780029
58.680908 12.428970 1.453151 0.023741 0.013278 3.059462 1734.989990
58.479042 12.480800 1.449459 -0.004456 0.018187 3.042215 1735.209961
58.278751 12.529293 1.445301 -0.021398 0.029593 3.031729 1735.430054
58.074284 12.567398 1.441253 -0.025919 0.033365 3.027877 1735.650024
57.873528 12.592684 1.437895 -0.022589 0.032109 3.029183 1735.859985
57.668251 12.608850 1.435094 -0.015789 0.028252 3.034520 1736.069946
57.460430 12.618868 1.432728 -0.008656 0.024707 3.043814 1736.280029
57.252014 12.625652 1.430741 -0.004969 0.020701 3.056550 1736.489990
57.044422 12.630658 1.429161 -0.005005 0.024734 3.071294 1736.699951
56.836597 12.634048 1.427926 -0.004754 0.025398 3.086762 1736.910034
56.628227 12.635876 1.426883 -0.003498 0.014436 3.101677 1737.119995
56.423599 12.636432 1.425952 -0.001568 0.006827 3.115138 1737.329956
56.215954 12.636363 1.424994 -0.000123 0.021515 3.127138 1737.550049
56.010586 12.636337 1.424266 0.000690 0.011302 3.136774 1737.770020
55.809471 12.636645 1.423513 0.000943 0.018376 -3.139174 1737.989990
55.600986 12.637384 1.422891 0.001006 0.021397 -3.134051 1738.219971
55.392952 12.638503 1.422253 0.000792 0.018933 -3.131150 1738.449951
55.185905 12.639862 1.421666 0.000654 0.028286 -3.130094 1738.680054
54.977177 12.641329 1.421106 0.000433 0.017162 -3.130835 1738.910034
54.769749 12.642821 1.420396 0.000065 0.025356 -3.133997 1739.140015
54.561119 12.644276 1.419474 0.001885 0.028573 -3.139605 1739.369995
54.358395 12.646459 1.418133 0.004294 0.033430 3.136761 1739.589966
54.150837 12.650513 1.416155 0.004807 0.033280 3.129285 1739.810059
53.948250 12.656396 1.413563 0.004044 0.033386 3.122155 1740.020020
53.741550 12.663954 1.410480 0.002781 0.032051 3.115555 1740.229980
53.541702 12.672229 1.407114 0.001444 0.025388 3.110984 1740.430054
53.341515 12.680843 1.403048 -0.003067 0.018244 3.109090 1740.630005
53.133472 12.688421 1.397597 -0.007978 0.019723 3.110275 1740.839966
52.927479 12.692657 1.390865 -0.009183 0.011299 3.114689 1741.050049
52.726303 12.693045 1.382902 -0.007773 0.008085 3.121346 1741.260010
52.521431 12.690043 1.373469 -0.005648 0.023369 3.129593 1741.479980
52.316700 12.684699 1.363435 -0.003596 0.029923 3.138456 1741.699951
52.108719 12.677999 1.353038 -0.001774 0.032824 -3.136000 1741.920044
51.906803 12.671070 1.343088 -0.000249 0.016263 -3.128484 1742.130005
51.697964 12.663958 1.332795 0.001588 0.002969 -3.123092 1742.349976
51.497440 12.658075 1.323637 0.006706 0.010489 -3.121087 1742.569946
51.293060 12.655372 1.316399 0.009573 0.023587 -3.123088 1742.800049
51.088688 12.657307 1.311702 0.008729 0.019717 -3.128865 1743.030029
50.884457 12.663378 1.309184 0.006396 0.029028 -3.136741 1743.260010
50.677441 12.672279 1.308420 0.003441 0.017950 3.137465 1743.489990
50.471085 12.682512 1.309233 0.000935 0.025181 3.128466 1743.719971
50.263031 12.692903 1.312025 -0.000350 0.035762 3.120051 1743.949951
50.057899 12.702543 1.316149 -0.000862 0.036820 3.113132 1744.170044
49.855923 12.711379 1.321019 -0.000986 0.033470 3.107974 1744.380005
49.650738 12.719790 1.326031 -0.001265 0.012466 3.104358 1744.589966
49.449181 12.727495 1.329967 -0.001455 0.015557 3.102106 1744.800049
49.241531 12.734797 1.332510 -0.001322 0.013469 3.101022 1745.020020
49.037865 12.741391 1.333390 -0.000975 0.015721 3.100988 1745.239990
48.837097 12.747499 1.332778 -0.000686 0.027304 3.101736 1745.459961
48.635006 12.753354 1.330933 -0.003167 0.022392 3.103568 1745.680054
48.432327 12.757778 1.327835 -0.007842 0.026148 3.107802 1745.900024
48.228020 12.758892 1.323654 -0.009039 0.020291 3.115408 1746.119995
48.024544 12.756125 1.318598 -0.007522 0.015594 3.125553 1746.339966
47.823647 12.750164 1.312938 -0.005402 0.026020 3.136838 1746.560059
47.622932 12.742094 1.307402 -0.002554 0.003275 -3.134779 1746.780029
47.420422 12.732833 1.302457 0.000282 0.013097 -3.123749 1747.010010
47.213276 12.723639 1.298976 0.001620 0.031085 -3.114180 1747.250000
47.009823 12.715661 1.297435 0.001895 0.041662 -3.107181 1747.479980
46.806110 12.708650 1.297419 0.001679 0.041264 -3.102439 1747.699951
46.603634 12.702322 1.298332 0.001234 0.036531 -3.099530 1747.910034
46.395569 12.696179 1.299840 0.000796 0.032911 -3.097982 1748.119995
46.193867 12.690363 1.301487 0.000480 0.028635 -3.097691 1748.319946
45.990704 12.684528 1.303135 0.000226 0.023172 -3.098755 1748.520020
45.788033 12.678674 1.304709 0.000279 0.015255 -3.101342 1748.719971
45.578888 12.672761 1.306232 0.002326 0.010352 -3.105698 1748.930054
45.375114 12.667931 1.307447 0.004166 0.017141 -3.111254 1749.140015
45.174366 12.664832 1.308286 0.004423 0.011153 -3.117550 1749.349976
44.968914 12.663570 1.308761 0.003565 0.013279 -3.124284 1749.569946
44.767246 12.663905 1.308979 0.002407 0.024061 -3.130693 1749.790039
44.566170 12.665222 1.309007 0.001167 0.012301 -3.136513 1750.010010
44.359459 12.667076 1.308922 0.000248 0.026648 3.141543 1750.239990
44.151379 12.668973 1.309061 -0.000325 0.019473 3.137478 1750.469971
43.943707 12.670663 1.309027 -0.000503 0.021723 3.134638 1750.699951
43.735867 12.672091 1.308968 -0.000637 0.034491 3.133085 1750.930054
43.531765 12.673205 1.309018 -0.001082 0.034989 3.132669 1751.150024
43.331383 12.673896 1.309261 -0.001230 0.035211 3.133040 1751.359985
43.125965 12.674170 1.309682 -0.001082 0.033619 3.133966 1751.569946
42.916431 12.674086 1.310326 -0.000778 0.029353 3.135263 1751.780029
42.715565 12.673775 1.311047 -0.000388 0.008911 3.136713 1751.979980
42.510220 12.673327 1.311610 -0.000012 0.007421 3.138383 1752.189941
42.302284 12.672881 1.312066 0.000121 0.014092 3.140235 1752.410034
42.098167 12.672507 1.312245 -0.000111 0.025105 -3.141124 1752.630005
41.893291 12.672097 1.312170 -0.000283 0.022335 -3.139430 1752.849976
41.688648 12.671563 1.311728 -0.000306 0.015095 -3.137939 1753.069946
41.486500 12.670890 1.310939 -0.000219 0.028399 -3.136708 1753.290039
41.282166 12.670088 1.309874 -0.000119 0.031798 -3.135749 1753.510010
41.073608 12.669184 1.308629 -0.000054 0.034176 -3.135054 1753.729980
40.870281 12.668247 1.307364 -0.000083 0.018445 -3.134531 1753.939941
40.668449 12.667205 1.306365 -0.001636 0.011036 -3.133368 1754.150024
40.461903 12.665338 1.306769 -0.003995 0.022532 -3.130997 1754.369995
40.256176 12.661674 1.309421 -0.004571 0.014825 -3.127188 1754.589966
40.053371 12.656012 1.314073 -0.003793 0.014638 -3.122479 1754.810059
39.844616 12.648383 1.320841 -0.002607 0.026154 -3.117203 1755.040039
39.644615 12.639969 1.328633 -0.001387 0.014366 -3.112152 1755.260010
39.437984 12.630687 1.337503 -0.000447 0.027126 -3.107310 1755.489990
39.229763 12.621225 1.346715 0.000178 0.018712 -3.103284 1755.719971
39.022106 12.611929 1.355794 0.000364 0.022003 -3.101749 1755.949951
38.814377 12.603091 1.363914 0.004634 0.031570 -3.103657 1756.180054
38.611454 12.596633 1.369738 0.008268 0.035129 -3.108439 1756.400024
38.403931 12.593657 1.373293 0.007991 0.016663 -3.115623 1756.619995
38.197865 12.594228 1.374541 0.006104 0.021409 -3.123854 1756.839966
37.992229 12.597414 1.373959 0.004090 0.029699 -3.132454 1757.060059
37.783604 12.602209 1.372085 0.002190 0.030366 -3.140823 1757.280029
37.581047 12.607518 1.369670 0.000738 0.030444 3.135063 1757.489990
37.376659 12.612969 1.366926 -0.000110 0.007946 3.128198 1757.699951
37.169445 12.618569 1.363809 0.003488 -0.002170 3.120458 1757.920044
36.963730 12.625943 1.360825 0.008703 0.018819 3.110774 1758.150024
36.760185 12.637441 1.358583 0.010066 0.031932 3.098888 1758.380005
36.551853 12.653980 1.357133 0.008503 0.039413 3.085873 1758.609985
36.345482 12.673937 1.356225 0.005666 0.022965 3.073310 1758.829956
36.138954 12.696565 1.355330 0.010022 0.009683 3.060545 1759.050049
35.937977 12.723084 1.354233 0.015015 0.020060 3.046473 1759.270020
35.738712 12.755880 1.352847 0.015480 0.028785 3.030864 1759.489990
35.537449 12.795441 1.351161 0.012790 0.033130 3.015861 1759.709961
35.341591 12.838521 1.348867 0.007339 0.033369 3.003908 1759.920044
35.141861 12.884274 1.343239 -0.002791 0.031019 2.994797 1760.130005
34.938953 12.928678 1.332129 -0.009484 0.027797 2.988512 1760.339966
34.733673 12.968991 1.314954 -0.011174 0.027295 2.984720 1760.550049
34.536415 13.003021 1.293468 -0.009767 0.024151 2.983111 1760.750000
34.338974 13.033256 1.268457 -0.006897 0.007691 2.983267 1760.949951
34.137299 13.061337 1.239979 -0.003580 0.003019 2.985877 1761.160034
33.935120 13.087578 1.210984 -0.007616 0.006233 2.992232 1761.380005
33.730301 13.110249 1.187015 -0.014839 0.023680 3.003637 1761.609985
33.524841 13.125955 1.171885 -0.015025 0.016053 3.020265 1761.839966
33.320217 13.134424 1.165449 -0.011733 0.024151 3.039847 1762.069946
33.113922 13.137691 1.166509 -0.007649 0.027111 3.060888 1762.300049
32.905231 13.137976 1.172461 -0.003516 0.018810 3.081762 1762.530029
32.697140 13.137021 1.181236 -0.000771 0.030158 3.100911 1762.760010
32.494385 13.136284 1.190966 0.000512 0.037329 3.116660 1762.979980
32.285065 13.136223 1.200943 0.001101 0.036135 3.128988 1763.199951
32.080238 13.136835 1.210246 0.001601 0.017305 3.137179 1763.410034
31.877180 13.138167 1.220698 0.002551 0.013358 -3.141010 1763.619995
31.668663 13.140637 1.234899 0.003025 0.017633 -3.138722 1763.839966
31.463482 13.144337 1.252488 0.002626 0.008040 -3.138913 1764.060059
31.263897 13.149055 1.273571 0.002010 0.020969 -3.140876 1764.280029
31.064951 13.154476 1.298012 0.001635 0.032479 3.139396 1764.500000
30.861517 13.160413 1.325105 0.001280 0.034890 3.137624 1764.719971
30.662094 13.166401 1.352226 -0.000162 0.027303 3.138652 1764.930054
30.460625 13.171857 1.376447 -0.006377 0.022908 -3.140695 1765.140015
30.259268 13.174474 1.394166 -0.010713 0.025327 -3.134532 1765.349976
30.057034 13.172565 1.404058 -0.011280 0.031180 -3.126741 1765.560059
29.852083 13.165959 1.406492 -0.009250 0.029267 -3.118044 1765.770020
29.645231 13.155586 1.402793 -0.005948 0.015177 -3.109162 1765.979980
29.441723 13.143013 1.394722 -0.002805 0.010818 -3.100803 1766.189941
29.234016 13.129005 1.383443 -0.000549 0.019530 -3.093016 1766.410034
29.028429 13.115035 1.371006 0.001597 0.020506 -3.086729 1766.630005
28.823454 13.101981 1.359292 0.003833 0.025638 -3.082582 1766.849976
28.617107 13.090613 1.349386 0.004352 0.020514 -3.080909 1767.069946
28.411652 13.081220 1.341580 0.003596 0.016198 -3.081342 1767.290039
28.208681 13.073489 1.335761 0.002590 0.023865 -3.083291 1767.510010
28.006052 13.066766 1.331451 0.001490 0.013913 -3.086330 1767.729980
27.797409 13.060413 1.328093 0.000631 0.022192 -3.090106 1767.959961
27.588720 13.054167 1.325544 0.000178 0.032679 -3.094349 1768.189941
27.384310 13.047871 1.323373 -0.000102 0.034325 -3.100088 1768.410034
27.175249 13.041562 1.321454 0.007376 0.023349 -3.108614 1768.630005
26.974865 13.038635 1.320303 0.016177 0.025821 -3.120149 1768.839966
26.773169 13.042245 1.320137 0.018832 0.029558 -3.135239 1769.050049
26.568880 13.053416 1.320932 0.016719 0.030051 3.130266 1769.260010
26.362108 13.071170 1.322460 0.011805 0.021531 3.111172 1769.469971
26.156792 13.093271 1.324399 0.006257 0.009384 3.092026 1769.680054
25.957008 13.117223 1.326544 0.002360 0.016292 3.074128 1769.890015
25.750778 13.142692 1.328965 0.000191 0.026371 3.057742 1770.109985
25.543175 13.168000 1.331575 -0.000854 0.030534 3.045952 1770.329956
25.342577 13.191640 1.333959 -0.007972 0.016531 3.040449 1770.540039
25.134333 13.211804 1.335825 -0.027159 0.017043 3.041471 1770.760010
24.927616 13.219720 1.336866 -0.034402 0.015137 3.050085 1770.979980
24.723373 13.212471 1.336996 -0.029395 0.006840 3.065685 1771.199951
24.524378 13.192404 1.336255 -0.022377 0.020657 3.086677 1771.420044
24.325653 13.163515 1.335116 -0.015352 0.031331 3.112871 1771.640015
24.122732 13.129375 1.333717 -0.008971 0.035101 -3.140451 1771.859985
23.924002 13.094469 1.332243 -0.003304 0.023499 -3.110109 1772.069946
23.725052 13.059608 1.330765 0.004473 0.011891 -3.081005 1772.280029
23.520872 13.026878 1.330818 0.017510 0.019502 -3.055262 1772.500000
23.317633 13.002803 1.332223 0.022964 0.024182 -3.037029 1772.719971
23.113035 12.988952 1.325684 0.020711 0.021572 -3.027558 1772.939941
22.908152 12.983784 1.303461 0.014570 0.016616 -3.026903 1773.160034
22.705898 12.984482 1.264462 0.007354 0.006856 -3.033833 1773.380005
22.509592 12.988086 1.209587 0.002618 0.015701 -3.045884 1773.599976
22.316824 12.992149 1.143097 -0.000220 0.006856 -3.061173 1773.819946
22.129665 12.995642 1.069246 -0.001318 0.014808 -3.077916 1774.040039
21.945473 12.998002 0.990984 -0.001335 0.013863 -3.094665 1774.260010
21.759886 12.999415 0.915145 -0.002289 -0.053910 -3.110866 1774.489990
21.571421 13.000573 0.838560 -0.001777 -0.095043 -3.129548 1774.800049
