0.000000 0.000000 0.000000 0.780000
0.000000 0.000000 0.000000 0.970000
29.600000 0.000000 0.000000 0.970000
29.600000 0.000000 0.000000 1.770000
55.664001 0.000000 0.000000 1.970000
55.984001 0.000000 0.000000 1.970000
99.264000 0.000000 0.000000 2.780000
100.776001 0.000000 0.000000 2.970000
100.832001 0.000000 0.000000 2.970000
101.671997 0.000000 0.000000 3.780000
101.736000 0.000000 0.000000 3.970000
101.760002 0.000000 0.000000 3.970000
101.903999 0.000000 0.000000 4.780000
101.952003 0.000000 0.000000 4.970000
101.991997 0.000000 0.000000 4.970000
102.040001 0.000000 0.000000 5.780000
102.056000 0.000000 0.000000 5.970000
102.080002 0.000000 0.000000 5.970000
102.103996 0.000000 0.000000 6.780000
102.143997 0.000000 0.000000 6.970000
102.183998 0.000000 0.000000 6.970000
102.199997 0.000000 0.000000 7.780000
102.199997 0.000000 0.000000 7.970000
102.199997 0.000000 0.000000 7.970000
102.208000 0.000000 0.000000 8.770000
102.208000 0.000000 0.000000 8.970000
102.223999 0.000000 0.000000 8.970000
102.223999 0.000000 0.000000 9.780000
102.223999 0.000000 0.000000 9.970000
102.223999 0.000000 0.000000 9.970000
102.232002 0.000000 0.000000 10.780000
102.232002 0.000000 0.000000 10.970000
102.232002 0.000000 0.000000 10.970000
102.232002 0.000000 0.000000 11.770000
102.248001 0.000000 0.000000 11.970000
102.255997 0.000000 0.000000 11.970000
102.264000 0.000000 0.000000 12.770000
102.264000 0.000000 0.000000 12.970000
102.272003 0.000000 0.000000 12.970000
102.272003 0.000000 0.000000 13.780000
102.279999 0.000000 0.000000 13.970000
102.288002 0.000000 0.000000 13.970000
102.288002 0.000000 0.000000 14.770000
102.288002 0.000000 0.000000 14.970000
104.952003 0.000000 0.000000 14.970000
104.959999 0.409108 0.000000 15.780000
104.959999 0.618151 0.000000 15.970000
147.279999 0.618151 0.000000 15.970000
147.279999 1.444539 0.000000 16.780001
158.528000 1.651839 0.000000 16.969999
185.807999 1.651839 0.000000 16.969999
185.904007 2.274677 0.000000 17.780001
197.231995 2.274677 0.000000 17.969999
213.167999 2.274677 0.000000 17.980000
252.039993 2.895163 0.000000 18.780001
263.335999 3.309799 0.000000 18.969999
268.480011 3.309799 0.000000 18.980000
287.183990 3.925942 0.000000 19.780001
290.144012 4.127988 0.000000 19.969999
296.167999 4.127988 0.000000 19.969999
303.007996 4.739727 88.851364 20.780001
305.648010 4.943730 88.851364 20.969999
314.824005 4.943730 88.851364 20.980000
316.928009 5.146660 88.851364 21.780001
320.720001 5.146660 88.851364 21.969999
327.239990 5.146660 88.851364 21.980000
328.536011 5.957597 88.851364 22.780001
333.112000 6.162639 88.851364 22.980000
338.303986 6.162639 88.851364 22.980000
340.455994 6.982246 88.851364 23.780001
345.096008 6.982246 88.851364 23.969999
348.895996 7.189660 88.851364 23.980000
350.656006 7.805145 88.851364 24.780001
355.496002 8.012151 88.851364 24.969999
359.071991 8.012151 88.851364 24.980000
359.839996 8.833245 88.851364 25.780001
364.432007 9.034261 88.851364 25.969999
367.503998 9.034261 88.851364 25.969999
368.664001 9.652234 88.851364 26.780001
373.127991 9.860567 88.851364 26.980000
376.160004 9.860567 88.851364 26.980000
377.056000 10.675229 88.851364 27.780001
379.559998 10.880146 88.851364 27.980000
383.071991 10.880146 88.851364 27.980000
383.984009 11.707971 88.851364 28.780001
388.152008 11.908679 88.851364 28.980000
390.687988 11.908679 88.851364 28.980000
391.455994 12.527628 88.851364 29.780001
394.216003 12.733263 88.851364 29.980000
397.096008 12.733263 88.851364 29.980000
398.000000 13.142040 65.200119 30.780001
401.247986 13.142040 65.200119 30.980000
403.447998 13.142040 65.200119 30.980000
404.407990 13.546251 65.200119 31.780001
406.992004 13.755049 65.200119 31.969999
408.888000 13.755049 65.200119 31.980000
410.200012 14.583298 65.200119 32.779999
413.216003 14.790709 65.200119 32.980000
415.640015 14.790709 65.200119 32.980000
416.743988 15.598790 65.200119 33.779999
419.447998 15.804088 65.200119 33.980000
422.264008 15.804088 65.200119 33.980000
423.528015 16.421215 65.200119 34.779999
427.640015 16.629633 65.200119 34.970001
430.032013 16.629633 65.200119 34.970001
431.799988 17.238333 65.200119 35.779999
437.976013 17.441936 65.200119 35.980000
440.376007 17.441936 65.200119 35.980000
441.447998 18.252867 65.200119 36.779999
450.496002 18.453974 65.200119 36.980000
452.671997 18.453974 65.200119 36.980000
453.376007 19.074417 65.200119 37.779999
455.584015 19.275669 65.200119 37.980000
459.976013 19.275669 65.200119 37.980000
460.623993 20.094093 65.200119 38.779999
462.888000 20.301308 65.200119 38.980000
465.631989 20.301308 65.200119 38.980000
465.967987 20.915911 65.200119 39.779999
468.727997 20.915911 41.315670 39.980000
470.720001 20.915911 41.315670 39.980000
471.391998 21.118250 41.315670 40.779999
473.623993 21.321547 41.315670 40.980000
475.368011 21.321547 41.315670 40.980000
475.735992 21.943398 41.315670 41.779999
478.223999 22.145491 41.315670 41.980000
479.903992 22.145491 41.315670 41.980000
480.272003 22.959925 41.315670 42.779999
481.936005 23.161602 41.315670 42.980000
484.127991 23.161602 41.315670 42.980000
484.743988 23.975698 41.315670 43.779999
486.592010 24.183243 41.315670 43.980000
488.264008 24.183243 41.315670 43.980000
490.096008 24.801367 41.315670 44.779999
492.376007 25.008596 41.315670 44.980000
494.015991 25.008596 41.315670 44.980000
494.936005 25.825127 41.315670 45.779999
496.783997 26.030275 41.315670 45.980000
498.440002 26.030275 41.315670 45.980000
498.855988 26.648067 41.315670 46.779999
500.880005 26.855671 41.315670 46.970001
502.768005 26.855671 41.315670 46.970001
503.056000 27.676775 41.315670 47.779999
504.592010 27.881392 41.315670 47.980000
506.376007 27.881392 41.315670 47.980000
506.648010 28.494263 36.259212 48.779999
508.295990 28.494263 36.259212 48.980000
509.816010 28.494263 36.259212 48.980000
510.160004 28.698069 36.259212 49.779999
511.839996 28.903938 36.259212 49.980000
513.416016 28.903938 36.259212 49.980000
513.856018 29.722591 36.259212 50.779999
514.968018 29.931355 36.259212 50.980000
516.752014 29.931355 36.259212 50.980000
517.096008 30.555769 36.259212 51.779999
519.039978 30.763464 36.259212 51.980000
521.223999 30.763464 36.259212 51.980000
521.599976 31.578419 36.259212 52.779999
523.104004 31.786514 36.259212 52.980000
524.968018 31.786514 36.259212 52.980000
525.280029 32.607052 36.259212 53.779999
526.520020 32.815796 36.259212 53.980000
528.375977 32.815796 36.259212 53.980000
529.312012 33.431870 36.259212 54.779999
531.112000 33.635441 36.259212 54.980000
533.416016 33.635441 36.259212 54.980000
533.703979 34.453621 36.259212 55.779999
535.127991 34.659309 36.259212 55.980000
537.247986 34.659309 36.259212 55.980000
537.591980 35.495472 36.259212 56.779999
538.687988 35.704376 36.259212 56.980000
540.744019 35.704376 36.259212 56.980000
540.952026 36.110504 55.639679 57.779999
542.479980 36.110504 55.639679 57.980000
544.984009 36.110504 55.639679 57.980000
545.159973 36.515015 55.639679 58.779999
547.231995 36.721390 55.639679 58.980000
549.080017 36.721390 55.639679 58.980000
549.424011 37.546318 55.639679 59.779999
551.864014 37.747303 55.639679 59.980000
553.823975 37.747303 55.639679 59.980000
554.047974 38.576290 55.639679 60.779999
556.168030 38.784218 55.639679 60.980000
558.271973 38.784218 55.639679 60.980000
558.648010 39.613834 55.639679 61.779999
560.656006 39.613834 55.639679 61.980000
563.072021 39.613834 55.639679 61.980000
564.208008 40.437557 55.639679 62.779999
565.976013 40.646488 55.639679 62.980000
568.632019 40.646488 55.639679 62.980000
569.247986 41.451210 55.639679 63.779999
573.512024 41.660507 55.639679 63.980000
575.848022 41.660507 55.639679 63.980000
576.304016 42.475567 55.639679 64.779999
581.200012 42.680122 55.639679 64.980003
583.791992 42.680122 55.639679 64.980003
585.255981 43.300362 55.639679 65.779999
587.943970 43.500790 55.639679 65.980003
590.575989 43.500790 55.639679 65.980003
593.583984 44.326420 55.639679 66.779999
597.919983 44.530586 55.639679 66.980003
601.263977 44.530586 55.639679 66.980003
603.320007 44.736397 67.807510 67.779999
609.992004 44.936897 67.807510 67.970001
612.927979 44.936897 67.807510 67.970001
613.872009 45.344746 67.807510 68.769997
616.848022 45.546215 67.807510 68.980003
626.367981 45.546215 67.807510 68.980003
626.591980 46.365997 67.807510 69.779999
631.351990 46.571690 67.807510 69.980003
644.895996 46.571690 67.807510 69.980003
645.135986 47.388672 67.807510 70.779999
647.968018 47.388672 67.807510 70.980003
654.119995 47.388672 67.807510 70.980003
654.216003 48.209572 67.807510 71.779999
656.536011 48.412029 67.807510 71.980003
659.695984 48.412029 67.807510 71.980003
660.383972 49.235447 67.807510 72.779999
662.479980 49.440922 67.807510 72.980003
665.632019 49.440922 67.807510 72.980003
665.703979 50.047554 67.807510 73.779999
667.648010 50.249172 67.807510 73.980003
671.064026 50.249172 67.807510 73.980003
671.176025 51.057632 67.807510 74.769997
673.440002 51.265808 67.807510 74.980003
677.343994 51.265808 67.807510 74.980003
677.432007 51.888630 67.807510 75.779999
679.408020 52.089664 67.807510 75.980003
682.487976 52.089664 67.807510 75.980003
682.624023 52.906803 67.807510 76.779999
684.736023 53.108772 67.807510 76.980003
687.719971 53.108772 67.807510 76.980003
687.760010 53.714077 67.807510 77.779999
690.208008 53.921440 67.807510 77.980003
693.159973 53.921440 67.807510 77.980003
693.271973 54.736374 83.460175 78.779999
695.711975 54.736374 83.460175 78.980003
698.687988 54.736374 83.460175 78.980003
698.864014 54.940502 83.460175 79.779999
701.664001 55.147301 83.460175 79.970001
704.223999 55.147301 83.460175 79.970001
704.304016 55.760185 83.460175 80.779999
707.047974 55.967079 83.460175 80.980003
709.848022 55.967079 83.460175 80.980003
710.544006 56.791656 83.460175 81.779999
714.112000 56.996265 83.460175 81.980003
718.799988 56.996265 83.460175 81.980003
719.151978 57.608200 83.460175 82.779999
725.023987 57.814110 83.460175 82.980003
730.935974 57.814110 83.460175 82.980003
731.471985 58.634670 83.460175 83.779999
747.096008 58.839180 83.460175 83.980003
756.599976 58.839180 83.460175 83.980003
756.831970 59.455814 83.460175 84.779999
762.335999 59.661983 83.460175 84.980003
775.007996 59.661983 83.460175 84.980003
775.127991 60.479370 83.460175 85.779999
777.744019 60.680466 83.460175 85.980003
788.088013 60.680466 83.460175 85.980003
788.312012 61.300125 83.460175 86.779999
790.664001 61.504990 83.460175 86.980003
801.031982 61.504990 83.460175 86.980003
801.231995 62.324936 83.460175 87.779999
803.335999 62.324936 83.460175 87.980003
812.247986 62.324936 83.460175 87.980003
812.607971 63.154701 83.460175 88.779999
814.440002 63.360340 83.460175 88.980003
823.304016 63.360340 83.460175 88.980003
823.408020 63.979000 83.460175 89.779999
828.992004 64.180489 83.460175 89.980003
830.607971 64.180489 83.460175 89.980003
830.823975 64.797043 80.726135 90.779999
832.151978 64.797043 80.726135 90.980003
834.992004 64.797043 80.726135 90.980003
835.359985 65.203438 80.726135 91.779999
836.848022 65.405502 80.726135 91.980003
839.903992 65.405502 80.726135 91.980003
840.039978 66.227303 80.726135 92.779999
842.575989 66.227303 80.726135 92.980003
844.047974 66.227303 80.726135 92.980003
844.208008 67.046074 80.726135 93.779999
845.736023 67.246452 80.726135 93.980003
850.176025 67.246452 80.726135 93.980003
850.216003 68.067902 80.726135 94.779999
851.296021 68.270622 80.726135 94.980003
857.416016 68.270622 80.726135 94.980003
857.416016 68.884407 80.726135 95.769997
857.976013 69.086121 80.726135 95.980003
864.848022 69.086121 80.726135 95.980003
864.880005 69.905350 80.726135 96.769997
865.216003 70.110222 80.726135 96.980003
870.848022 70.110222 80.726135 96.980003
870.943970 70.512451 80.726135 97.779999
871.208008 70.712601 80.726135 97.980003
876.984009 70.712601 80.726135 97.980003
877.056030 71.533379 80.726135 98.779999
877.591980 71.740273 80.726135 98.980003
886.607971 71.740273 80.726135 98.980003
886.695984 72.145447 80.726135 99.779999
888.047974 72.145447 80.726135 99.980003
902.495972 72.145447 80.726135 99.980003
902.752014 72.964958 80.726135 100.779999
904.080017 73.166504 80.726135 100.980003
915.184021 73.166504 80.726135 100.980003
915.679993 73.781937 80.726135 101.779999
916.624023 73.988068 80.726135 101.980003
922.888000 73.988068 80.726135 101.980003
922.943970 74.811371 80.726135 102.779999
924.239990 74.811371 80.726135 102.980003
928.367981 74.811371 80.726135 102.980003
928.512024 75.623718 72.142944 103.779999
929.752014 75.623718 72.142944 103.980003
934.624023 75.623718 72.142944 103.980003
934.703979 76.241341 72.142944 104.779999
935.791992 76.450089 72.142944 104.980003
939.976013 76.450089 72.142944 104.980003
940.015991 77.270958 72.142944 105.779999
940.656006 77.475281 72.142944 105.970001
944.015991 77.475281 72.142944 105.970001
944.080017 78.302872 72.142944 106.779999
944.711975 78.511948 72.142944 106.980003
948.744019 78.511948 72.142944 106.980003
948.848022 79.117836 72.142944 107.779999
949.375977 79.318039 72.142944 107.980003
953.320007 79.318039 72.142944 107.980003
953.392029 80.133629 72.142944 108.779999
953.504028 80.341316 72.142944 108.980003
956.135986 80.341316 72.142944 108.980003
956.247986 81.155373 72.142944 109.779999
956.288025 81.359863 72.142944 109.980003
959.952026 81.359863 72.142944 109.980003
960.112000 81.967339 72.142944 110.779999
960.424011 82.174492 72.142944 110.980003
965.656006 82.174492 72.142944 110.980003
966.536011 82.996147 72.142944 111.779999
966.791992 83.199257 72.142944 111.980003
971.288025 83.199257 72.142944 111.980003
971.351990 83.610321 91.050034 112.779999
971.687988 83.610321 91.050034 112.980003
975.328003 83.610321 91.050034 112.980003
975.528015 84.012657 91.050034 113.779999
975.744019 84.217278 91.050034 113.980003
983.935974 84.217278 91.050034 113.980003
984.247986 85.033798 91.050034 114.779999
984.367981 85.033798 91.050034 114.980003
989.960022 85.033798 91.050034 114.980003
990.288025 85.854897 91.050034 115.779999
990.400024 86.059555 91.050034 115.980003
997.231995 86.059555 91.050034 115.980003
997.447998 86.875290 91.050034 116.779999
997.671997 86.875290 91.050034 116.980003
1003.968018 86.875290 91.050034 116.980003
1004.304016 87.702423 91.050034 117.779999
1004.512024 87.905067 91.050034 117.980003
1009.935974 87.905067 91.050034 117.980003
1010.208008 88.721642 91.050034 118.779999
1010.408020 88.931458 91.050034 118.980003
1013.455994 88.931458 91.050034 118.980003
1013.632019 89.748688 91.050034 119.779999
1014.135986 89.748688 91.050034 119.970001
1016.648010 89.748688 91.050034 119.970001
1017.104004 90.569229 91.050034 120.779999
1017.679993 90.772110 91.050034 120.980003
1020.648010 90.772110 91.050034 120.980003
1021.328003 91.380882 91.050034 121.779999
1021.888000 91.586899 91.050034 121.980003
1024.079956 91.586899 91.050034 121.980003
1024.239990 92.401222 73.808189 122.779999
1024.479980 92.401222 73.808189 122.980003
1030.079956 92.401222 73.808189 122.980003
1030.264038 92.602058 73.808189 123.779999
1030.479980 92.807777 73.808189 123.980003
1042.871948 92.807777 73.808189 123.980003
1043.031982 93.422943 73.808189 124.779999
1043.312012 93.627541 73.808189 124.980003
1059.176025 93.627541 73.808189 124.980003
1059.287964 94.437225 73.808189 125.779999
1060.663940 94.643181 73.808189 125.980003
1071.151978 94.643181 73.808189 125.980003
1071.328003 95.259346 73.808189 126.779999
1073.183960 95.460503 73.808189 126.980003
1081.368042 95.460503 73.808189 126.980003
1081.560059 96.270668 73.808189 127.779999
1082.608032 96.471970 73.808189 127.980003
1083.511963 96.471970 73.808189 127.980003
1083.663940 97.291275 73.808189 128.779999
1084.400024 97.498497 73.808189 128.979996
1085.432007 97.498497 73.808189 128.979996
1086.359985 98.110504 73.808189 129.779999
1086.784058 98.314720 73.808189 129.979996
1088.040039 98.314720 73.808189 129.979996
1089.423950 99.143028 73.808189 130.779999
1089.663940 99.346375 73.808189 130.979996
1091.423950 99.346375 73.808189 130.979996
1093.112061 100.167877 73.808189 131.779999
1093.312012 100.167877 73.808189 131.979996
1095.024048 100.167877 73.808189 131.979996
1097.807983 100.980339 73.808189 132.779999
1097.904053 101.186005 73.808189 132.979996
1109.008057 101.186005 73.808189 132.979996
1111.223999 101.796677 73.808189 133.779999
1111.391968 102.000122 83.331940 133.979996
1140.248047 102.000122 83.331940 133.979996
1142.816040 102.201576 83.331940 134.779999
1143.063965 102.407722 83.331940 134.979996
1158.599976 102.407722 83.331940 134.979996
1160.927979 103.223633 83.331940 135.779999
1161.031982 103.428391 83.331940 135.979996
1170.647949 103.428391 83.331940 135.979996
1173.024048 104.243843 83.331940 136.779999
1173.072021 104.444031 83.331940 136.979996
1176.911987 104.444031 83.331940 136.979996
1177.936035 105.274567 83.331940 137.779999
1177.936035 105.475998 83.331940 137.979996
1179.784058 105.475998 83.331940 137.979996
1180.423950 106.089577 83.331940 138.779999
1180.423950 106.289719 83.331940 138.979996
1188.887939 106.289719 83.331940 138.979996
1189.615967 107.107880 83.331940 139.779999
1189.615967 107.107880 83.331940 139.979996
1207.456055 107.107880 83.331940 139.979996
1207.927979 107.720993 83.331940 140.779999
1207.927979 107.921074 83.331940 140.979996
1215.647949 107.921074 83.331940 140.979996
1216.248047 108.738091 83.331940 141.779999
1216.248047 108.947548 83.331940 141.979996
1220.359985 108.947548 83.331940 141.979996
1221.072021 109.771965 83.331940 142.779999
1221.079956 109.771965 83.331940 142.979996
1222.712036 109.771965 83.331940 142.979996
1223.495972 110.595955 83.331940 143.779999
1223.504028 110.802963 83.331940 143.979996
1223.560059 110.802963 83.331940 143.979996
1224.400024 111.616058 83.331940 144.779999
1224.400024 111.817123 83.331940 144.979996
1225.015991 111.817123 83.331940 144.979996
1225.807983 112.223335 60.769493 145.779999
1225.816040 112.425262 60.769493 145.979996
1230.239990 112.425262 60.769493 145.979996
1230.767944 112.629456 60.769493 146.779999
1230.800049 112.837296 60.769493 146.979996
1235.119995 112.837296 60.769493 146.979996
1236.687988 113.447701 60.769493 147.779999
1236.703979 113.647728 60.769493 147.979996
1240.072021 113.647728 60.769493 147.979996
1241.271973 114.462578 60.769493 148.779999
1241.271973 114.666931 60.769493 148.990005
1244.823975 114.666931 60.769493 148.990005
1246.936035 115.274773 59.391613 149.779999
1246.952026 115.274773 59.391613 149.979996
1248.920044 115.274773 59.391613 149.979996
1249.911987 115.475060 59.391613 150.779999
1249.920044 115.681702 59.391613 150.979996
1252.160034 115.681702 59.391613 150.979996
1253.008057 116.491692 59.391613 151.779999
1253.015991 116.696388 59.391613 151.979996
1255.024048 116.696388 59.391613 151.979996
1255.608032 117.513115 59.391613 152.779999
1255.615967 117.721779 59.391613 152.979996
1257.047974 117.721779 59.391613 152.979996
1257.520020 118.342896 59.391613 153.789993
1257.560059 118.547470 59.391613 153.979996
1259.407959 118.547470 59.391613 153.979996
1259.791992 119.366165 59.391613 154.779999
1259.800049 119.568672 59.391613 154.979996
1261.624023 119.568672 59.391613 154.979996
1261.943970 120.180519 59.391613 155.770004
1261.975952 120.386909 59.391613 155.979996
1263.608032 120.386909 59.391613 155.979996
1263.943970 121.206894 59.391613 156.779999
1263.943970 121.412842 59.391613 156.979996
1265.712036 121.412842 59.391613 156.979996
1266.144043 122.019623 59.391613 157.779999
1266.151978 122.221558 59.391613 157.979996
1268.088013 122.221558 59.391613 157.979996
1268.495972 123.033836 44.264870 158.779999
1268.495972 123.033836 44.264870 158.979996
1270.375977 123.033836 44.264870 158.979996
1270.880005 123.236343 44.264870 159.789993
1270.887939 123.439072 44.264870 159.979996
1271.991943 123.439072 44.264870 159.979996
1272.663940 124.049644 44.264870 160.779999
1272.671997 124.254494 44.264870 160.979996
1273.543945 124.254494 44.264870 160.979996
1276.167969 125.085136 44.264870 161.789993
1276.167969 125.291794 44.264870 161.979996
1276.696045 125.291794 44.264870 161.979996
1278.864014 126.120514 44.264870 162.789993
1278.880005 126.120514 44.264870 162.979996
1279.239990 126.120514 44.264870 162.979996
1280.816040 126.944916 44.264870 163.779999
1280.816040 127.151672 44.264870 163.979996
1281.223999 127.151672 44.264870 163.979996
1283.088013 127.968681 44.264870 164.779999
1283.104004 128.176010 44.264870 164.979996
1283.439941 128.176010 44.264870 164.979996
1284.719971 128.790222 44.264870 165.779999
1284.719971 128.992828 44.264870 165.979996
1285.215942 128.992828 44.264870 165.979996
1286.855957 129.809525 44.264870 166.779999
1286.855957 129.809525 44.264870 166.979996
1287.095947 129.809525 44.264870 166.979996
1287.640015 130.618652 44.264870 167.789993
1287.656006 130.821686 44.264870 167.979996
1287.943970 130.821686 44.264870 167.979996
1288.151978 131.642563 44.264870 168.779999
1288.151978 131.846603 44.264870 168.979996
1288.359985 131.846603 44.264870 168.979996
1288.735962 132.459641 35.363308 169.789993
1288.735962 132.459641 35.363308 169.979996
1288.952026 132.459641 35.363308 169.979996
1290.160034 132.662155 35.363308 170.779999
1290.160034 132.868530 35.363308 170.979996
1290.208008 132.868530 35.363308 170.979996
1291.423950 133.701065 35.363308 171.789993
1291.439941 133.908798 35.363308 171.979996
1291.552002 133.908798 35.363308 171.979996
1294.760010 134.518188 35.363308 172.789993
1294.767944 134.725281 35.363308 172.970001
1294.784058 134.725281 35.363308 172.970001
1300.384033 135.541199 35.363308 173.789993
1300.391968 135.745544 35.363308 173.979996
1300.456055 135.745544 35.363308 173.979996
1305.208008 136.352936 35.363308 174.789993
1305.215942 136.553192 35.363308 174.979996
1305.423950 136.553192 35.363308 174.979996
1309.920044 137.364166 35.363308 175.789993
1309.943970 137.568558 35.363308 175.979996
1310.183960 137.568558 35.363308 175.979996
1313.215942 138.175278 35.363308 176.789993
1313.239990 138.378586 35.363308 176.979996
1313.328003 138.378586 35.363308 176.979996
1313.696045 138.985672 38.110695 177.789993
1313.719971 138.985672 38.110695 177.979996
1313.832031 138.985672 38.110695 177.979996
1313.871948 139.190277 38.110695 178.800003
1313.887939 139.396851 38.110695 178.979996
1314.063965 139.396851 38.110695 178.979996
1314.088013 140.214935 38.110695 179.779999
1314.104004 140.420532 38.110695 179.979996
1314.248047 140.420532 38.110695 179.979996
1314.319946 141.042847 38.110695 180.789993
1314.328003 141.247208 38.110695 180.979996
1314.816040 141.247208 38.110695 180.979996
1314.952026 142.061310 38.110695 181.789993
1314.975952 142.061310 38.110695 181.979996
1315.255981 142.061310 38.110695 181.979996
1315.576050 142.886383 38.110695 182.789993
1315.656006 143.088348 38.110695 182.979996
1316.056030 143.088348 38.110695 182.979996
1317.608032 143.904007 38.110695 183.800003
1317.728027 144.106628 38.110695 183.979996
1318.504028 144.106628 38.110695 183.979996
1320.624023 144.721542 38.110695 184.800003
1320.943970 144.921631 38.110695 184.979996
1321.343994 144.921631 38.110695 184.979996
1322.911987 145.529816 38.110695 185.789993
1323.287964 145.738205 38.110695 185.979996
1323.400024 145.738205 38.110695 185.979996
1323.791992 146.554489 38.110695 186.800003
1324.215942 146.761871 38.110695 186.979996
1324.504028 146.761871 38.110695 186.979996
1324.615967 147.379227 38.110695 187.800003
1324.887939 147.585480 78.097771 187.979996
1325.095947 147.585480 78.097771 187.979996
1325.848022 147.786789 78.097771 188.800003
1326.160034 147.786789 78.097771 188.979996
1326.287964 147.786789 78.097771 188.979996
1329.088013 148.604294 78.097771 189.800003
1329.432007 148.810043 78.097771 189.979996
1329.671997 148.810043 78.097771 189.979996
1331.160034 149.424774 78.097771 190.779999
1331.520020 149.630569 78.097771 190.979996
1331.984009 149.630569 78.097771 190.979996
1332.536011 150.439362 78.097771 191.809998
1332.984009 150.645264 78.097771 191.979996
1333.343994 150.645264 78.097771 191.979996
1333.391968 151.468140 78.097771 192.789993
1334.135986 151.672729 78.097771 192.979996
1334.895996 151.672729 78.097771 192.979996
1335.008057 152.282852 78.097771 193.789993
1336.296021 152.491440 78.097771 193.979996
1338.343994 152.491440 78.097771 193.979996
1340.047974 153.308868 78.097771 194.789993
1341.536011 153.516495 78.097771 194.979996
1345.488037 153.516495 78.097771 194.979996
1346.479980 154.132599 78.097771 195.789993
1348.128052 154.338562 78.097771 195.979996
1348.567993 154.338562 78.097771 195.979996
1349.527954 154.956146 78.097771 196.779999
1351.800049 155.161636 78.097771 196.979996
1351.920044 155.161636 78.097771 196.979996
1352.800049 155.774139 103.151894 197.789993
1354.680054 155.974854 103.151894 197.979996
1354.744019 155.974854 103.151894 197.979996
1355.456055 156.177551 103.151894 198.789993
1357.063965 156.177551 103.151894 198.979996
1357.368042 156.177551 103.151894 198.979996
1357.887939 156.994019 103.151894 199.779999
1359.343994 157.198166 103.151894 199.979996
1359.751953 157.198166 103.151894 199.979996
1360.432007 158.028275 103.151894 200.789993
1361.927979 158.236969 103.151894 200.979996
1362.063965 158.236969 103.151894 200.979996
1362.504028 158.854431 103.151894 201.789993
1363.647949 159.060120 103.151894 201.979996
1363.751953 159.060120 103.151894 201.979996
1364.072021 159.876251 103.151894 202.789993
1365.167969 160.082993 103.151894 202.979996
1365.296021 160.082993 103.151894 202.979996
1365.495972 160.696396 103.151894 203.800003
1366.176025 160.899261 103.151894 203.979996
1366.504028 160.899261 103.151894 203.979996
1366.784058 161.717880 103.151894 204.789993
1367.495972 161.923981 103.151894 204.979996
1367.839966 161.923981 103.151894 204.979996
1368.104004 162.531387 103.151894 205.800003
1368.663940 162.740875 103.151894 205.979996
1368.975952 162.740875 103.151894 205.979996
1369.280029 163.555099 103.151894 206.789993
1369.767944 163.555099 111.166138 206.979996
1369.927979 163.555099 111.166138 206.979996
1370.047974 163.757172 111.166138 207.800003
1370.552002 163.957184 111.166138 207.979996
1370.631958 163.957184 111.166138 207.979996
1370.816040 164.765976 111.166138 208.800003
1371.199951 164.970581 111.166138 208.979996
1371.264038 164.970581 111.166138 208.979996
1371.447998 165.582596 111.166138 209.789993
1371.719971 165.791458 111.166138 209.979996
1371.871948 165.791458 111.166138 209.979996
1372.008057 166.618301 111.166138 210.800003
1372.255981 166.823608 111.166138 210.979996
1372.375977 166.823608 111.166138 210.979996
1372.543945 167.442535 111.166138 211.789993
1372.864014 167.647003 111.166138 211.979996
1372.936035 167.647003 111.166138 211.979996
1372.991943 168.262939 111.166138 212.800003
1373.343994 168.469879 111.166138 212.979996
1373.432007 168.469879 111.166138 212.979996
1373.463989 169.296722 111.166138 213.789993
1373.751953 169.498444 111.166138 213.979996
1373.791992 169.498444 111.166138 213.979996
1373.839966 170.112839 111.166138 214.800003
1374.192017 170.316254 111.166138 214.979996
1374.312012 170.316254 111.166138 214.979996
1374.384033 171.130127 111.166138 215.789993
1374.599976 171.331970 111.166138 215.979996
1374.791992 171.331970 111.166138 215.979996
1374.816040 171.947861 111.166138 216.800003
1375.112061 172.154419 111.166138 216.979996
1375.375977 172.154419 111.166138 216.979996
1375.384033 172.963287 111.166138 217.789993
1375.735962 172.963287 111.166138 217.979996
1375.791992 172.963287 111.166138 217.979996
1375.791992 173.576569 117.509689 218.800003
1376.407959 173.576569 117.509689 218.979996
1376.576050 173.576569 117.509689 218.979996
1376.599976 173.985825 117.509689 219.789993
1377.056030 173.985825 117.509689 219.979996
1377.160034 173.985825 117.509689 219.979996
1377.167969 174.806412 117.509689 220.800003
1377.479980 175.013351 117.509689 220.979996
1377.536011 175.013351 117.509689 220.979996
1377.576050 175.832138 117.509689 221.800003
1377.855957 176.039993 117.509689 221.979996
1377.936035 176.039993 117.509689 221.979996
1377.936035 176.654755 117.509689 222.800003
1378.183960 176.858673 117.509689 222.979996
1378.239990 176.858673 117.509689 222.979996
1378.239990 177.675476 117.509689 223.800003
1378.423950 177.877304 117.509689 223.979996
1378.432007 177.877304 117.509689 223.979996
1378.439941 178.489166 117.509689 224.800003
1378.791992 178.692078 117.509689 224.979996
1378.823975 178.692078 117.509689 224.979996
1378.832031 179.518280 117.509689 225.789993
1379.151978 179.518280 117.509689 225.979996
1379.319946 179.518280 117.509689 225.979996
1379.328003 180.339050 117.509689 226.800003
1379.583984 180.540634 117.509689 226.979996
1379.855957 180.540634 117.509689 226.979996
1379.864014 181.359940 117.509689 227.800003
1380.079956 181.563507 117.509689 227.979996
1380.176025 181.563507 117.509689 227.979996
1380.199951 182.176544 117.509689 228.800003
1380.543945 182.379425 117.509689 228.979996
1380.751953 182.379425 117.509689 228.979996
1380.776001 182.784805 110.081108 229.809998
1381.031982 182.784805 110.081108 229.979996
1381.192017 182.784805 110.081108 229.979996
1381.287964 183.191193 110.081108 230.800003
1381.536011 183.398193 110.081108 230.979996
1381.552002 183.398193 110.081108 230.979996
1381.592041 184.209503 110.081108 231.800003
1381.800049 184.418945 110.081108 231.979996
1381.816040 184.418945 110.081108 231.979996
1382.000000 185.234222 110.081108 232.809998
1382.183960 185.234222 110.081108 232.979996
1382.208008 185.234222 110.081108 232.979996
1382.296021 186.039169 110.081108 233.800003
1382.463989 186.241867 110.081108 233.979996
1382.463989 186.241867 110.081108 233.979996
1382.663940 186.644592 99.118515 234.800003
1382.848022 186.644592 99.118515 234.979996
1382.855957 186.644592 99.118515 234.979996
1383.239990 187.466644 99.118515 235.800003
1383.416016 187.666763 99.118515 235.979996
1383.463989 187.666763 99.118515 235.979996
1383.583984 188.479065 99.118515 236.800003
1383.624023 188.479065 99.118515 236.979996
1383.703979 188.479065 99.118515 236.979996
1383.823975 189.299728 99.118515 237.800003
1383.864014 189.505417 99.118515 237.979996
1383.887939 189.505417 99.118515 237.979996
1383.968018 190.324097 99.118515 238.809998
1384.079956 190.324097 99.118515 238.979996
1384.680054 190.324097 99.118515 238.979996
1384.791992 191.140671 99.118515 239.789993
1384.823975 191.342499 99.118515 239.979996
1385.215942 191.342499 99.118515 239.979996
1385.583984 191.954376 99.118515 240.789993
1385.608032 192.154785 99.118515 240.979996
1385.959961 192.154785 99.118515 240.979996
1386.744019 192.961273 99.118515 241.800003
1386.767944 193.168716 99.118515 241.979996
1386.927979 193.168716 99.118515 241.979996
1387.560059 193.778168 99.118515 242.809998
1387.656006 193.986542 99.118515 242.979996
1387.864014 193.986542 99.118515 242.979996
1388.479980 194.805756 99.118515 243.809998
1388.552002 194.805756 99.118515 243.970001
1388.615967 195.008072 99.118515 243.990005
1389.015991 195.420746 106.398476 244.830002
1389.047974 195.420746 106.398476 244.979996
1389.264038 195.420746 106.398476 244.979996
1389.495972 195.826340 106.398476 245.809998
1389.712036 196.028336 106.398476 245.979996
1390.024048 196.028336 106.398476 245.990005
1390.176025 196.645905 106.398476 246.809998
1390.264038 196.854401 106.398476 246.979996
1390.504028 196.854401 106.398476 246.979996
1390.712036 197.668304 106.398476 247.809998
1390.751953 197.871460 106.398476 247.979996
1392.208008 197.871460 106.398476 247.979996
1392.287964 198.481445 106.398476 248.809998
1392.375977 198.684814 106.398476 248.979996
1394.248047 198.684814 106.398476 248.979996
1394.303955 199.502930 106.398476 249.800003
1394.359985 199.703476 106.398476 249.979996
1395.968018 199.703476 106.398476 249.979996
1396.056030 200.520645 106.398476 250.809998
1396.104004 200.724380 106.398476 250.979996
1397.328003 200.724380 106.398476 250.979996
1397.439941 201.329437 106.398476 251.800003
1397.504028 201.531876 106.398476 251.979996
1399.536011 201.531876 106.398476 251.979996
1399.687988 202.341934 106.398476 252.800003
1399.807983 202.548447 106.398476 252.979996
1400.095947 202.548447 106.398476 252.979996
1400.183960 203.160492 106.398476 253.789993
1400.199951 203.361633 106.398476 253.979996
1400.368042 203.361633 106.398476 253.979996
1400.423950 203.768845 109.310577 254.809998
1400.439941 203.768845 109.310577 254.979996
1400.583984 203.768845 109.310577 254.979996
1401.416016 204.173447 109.310577 255.800003
1401.527954 204.380264 109.310577 255.979996
1401.671997 204.380264 109.310577 255.979996
1401.864014 205.205414 109.310577 256.809998
1401.936035 205.413651 109.310577 256.980011
1402.135986 205.413651 109.310577 256.980011
1402.176025 206.229004 109.310577 257.809998
1402.248047 206.229004 109.310577 257.980011
1403.312012 206.229004 109.310577 257.980011
1403.384033 207.042542 109.310577 258.799988
1403.495972 207.247314 109.310577 258.980011
1405.671997 207.247314 109.310577 258.980011
1405.751953 208.060135 109.310577 259.790009
1405.823975 208.060135 109.310577 259.980011
1408.375977 208.060135 109.310577 259.980011
1408.439941 208.873993 109.310577 260.809998
1408.472046 209.076599 109.310577 260.980011
1410.144043 209.076599 109.310577 260.980011
1410.287964 209.894012 109.310577 261.809998
1410.296021 209.894012 109.310577 261.980011
1411.472046 210.095596 109.310577 261.989990
1411.536011 210.713043 109.310577 262.790009
1411.536011 210.918503 109.310577 262.980011
1412.608032 210.918503 109.310577 262.980011
1412.640015 211.533737 88.839264 263.799988
1412.640015 211.735413 88.839264 263.980011
1413.631958 211.735413 88.839264 263.980011
1413.640015 212.140289 88.839264 264.799988
1413.640015 212.340378 88.839264 264.980011
1414.144043 212.340378 88.839264 264.980011
1414.640015 213.161118 88.839264 265.799988
1414.647949 213.362122 88.839264 265.980011
1414.968018 213.362122 88.839264 265.980011
1415.183960 213.980972 88.839264 266.799988
1415.183960 214.186203 88.839264 266.980011
1415.615967 214.186203 88.839264 266.980011
1415.816040 214.996689 88.839264 267.809998
1415.864014 215.203186 88.839264 267.980011
1416.239990 215.203186 88.839264 267.980011
1416.303955 215.815308 88.839264 268.790009
1416.384033 216.022171 88.839264 268.980011
1417.008057 216.022171 88.839264 268.980011
1417.040039 216.851166 88.839264 269.799988
1417.056030 217.055603 88.839264 269.980011
1417.855957 217.055603 88.839264 269.980011
1417.959961 217.881256 88.839264 270.809998
1417.984009 217.881256 88.839264 270.970001
1418.176025 217.881256 88.839264 270.970001
1418.232056 218.705292 88.839264 271.799988
1418.232056 218.912369 88.839264 271.980011
1418.608032 218.912369 88.839264 271.980011
1418.647949 219.526413 88.839264 272.799988
1418.656006 219.728439 118.347191 272.980011
1418.703979 219.728439 118.347191 272.989990
1418.719971 219.929657 118.347191 273.799988
1418.728027 219.929657 118.347191 273.980011
1418.832031 219.929657 118.347191 273.980011
1419.511963 220.745071 118.347191 274.809998
1419.511963 220.745071 118.347191 274.980011
1419.647949 220.745071 118.347191 274.980011
1419.904053 221.565933 118.347191 275.799988
1419.911987 221.771744 118.347191 275.980011
1419.991943 221.771744 118.347191 275.980011
1420.072021 222.395065 118.347191 276.809998
1420.072021 222.601303 118.347191 276.980011
1420.176025 222.601303 118.347191 276.980011
1420.199951 223.422852 118.347191 277.790009
1420.199951 223.626816 118.347191 277.980011
1420.328003 223.626816 118.347191 277.980011
1420.368042 224.237778 118.347191 278.799988
1420.375977 224.439667 118.347191 278.980011
1420.495972 224.439667 118.347191 278.980011
1420.552002 225.268295 118.347191 279.799988
1420.552002 225.472031 118.347191 279.980011
1420.735962 225.472031 118.347191 280.000000
1420.751953 226.081207 118.347191 280.809998
1420.751953 226.283707 118.347191 280.980011
1421.015991 226.283707 118.347191 280.980011
1421.024048 227.098740 118.347191 281.809998
1421.024048 227.300858 118.347191 281.980011
1421.832031 227.300858 118.347191 281.980011
1421.855957 227.910019 118.347191 282.799988
1421.855957 228.121536 118.347191 282.980011
1423.176025 228.121536 118.347191 282.989990
1423.208008 228.937057 118.347191 283.809998
1423.208008 229.138367 111.712715 283.980011
1423.904053 229.138367 111.712715 283.980011
1424.215942 229.138367 111.712715 284.799988
1424.215942 229.340454 111.712715 284.980011
1424.832031 229.340454 111.712715 284.980011
1425.336060 229.956650 111.712715 285.809998
1425.336060 230.161453 111.712715 285.980011
1425.712036 230.161453 111.712715 285.989990
1425.760010 230.977692 111.712715 286.809998
1425.760010 230.977692 111.712715 286.980011
1426.104004 230.977692 111.712715 286.980011
1426.192017 231.793259 111.712715 287.809998
1426.192017 231.996887 111.712715 287.980011
1426.504028 231.996887 111.712715 287.980011
1426.511963 232.806717 111.712715 288.809998
1426.511963 233.016052 111.712715 288.980011
1426.832031 233.016052 111.712715 288.980011
1426.848022 233.631195 111.712715 289.809998
1426.848022 233.831635 111.712715 289.980011
1427.056030 233.831635 111.712715 289.980011
1427.088013 234.651627 111.712715 290.809998
1427.095947 234.851730 111.712715 290.980011
1427.312012 234.851730 111.712715 290.980011
1427.375977 235.674133 111.712715 291.809998
1427.375977 235.674133 111.712715 291.980011
1427.567993 235.674133 111.712715 291.980011
1427.608032 236.494232 113.046860 292.809998
1427.608032 236.494232 113.046860 292.980011
1428.432007 236.494232 113.046860 292.980011
1428.927979 236.696701 113.046860 293.809998
1428.927979 236.902115 113.046860 293.980011
1430.031982 236.902115 113.046860 293.980011
1430.167969 237.713226 113.046860 294.809998
1430.167969 237.915802 113.046860 294.980011
1431.280029 237.915802 113.046860 294.980011
1431.303955 238.728729 113.046860 295.809998
1431.312012 238.936157 113.046860 295.980011
1432.703979 238.936157 113.046860 295.989990
1432.712036 239.753616 113.046860 296.809998
1432.712036 239.753616 113.046860 296.980011
1434.199951 239.753616 113.046860 296.980011
1434.232056 240.576859 113.046860 297.809998
1434.248047 240.778534 113.046860 297.980011
1435.063965 240.778534 113.046860 297.980011
1435.088013 241.388290 113.046860 298.809998
1435.239990 241.594788 113.046860 298.980011
1435.911987 241.594788 113.046860 298.980011
1435.911987 242.008102 81.593185 299.809998
1436.056030 242.008102 81.593185 299.980011
1436.232056 242.008102 81.593185 299.980011
1436.264038 242.613632 81.593185 300.799988
1436.391968 242.819000 81.593185 300.980011
1436.423950 242.819000 81.593185 300.989990
1436.456055 243.434235 81.593185 301.809998
1436.527954 243.636688 81.593185 301.980011
1436.552002 243.636688 81.593185 301.980011
1436.576050 244.461945 81.593185 302.809998
1436.583984 244.670746 81.593185 302.980011
1436.647949 244.670746 81.593185 302.980011
1437.447998 245.288361 81.593185 303.809998
1437.447998 245.492844 81.593185 303.980011
1437.463989 245.492844 81.593185 303.980011
1437.656006 246.310730 81.593185 304.809998
1437.656006 246.310730 81.593185 304.980011
1437.671997 246.310730 81.593185 304.980011
1437.767944 247.126297 81.593185 305.809998
1437.767944 247.333115 81.593185 305.980011
1437.791992 247.333115 81.593185 305.980011
1437.823975 247.948090 81.593185 306.799988
1437.839966 248.152115 81.593185 306.980011
1437.864014 248.152115 81.593185 306.980011
1437.895996 248.978012 81.593185 307.809998
1437.895996 248.978012 81.593185 307.980011
1437.904053 248.978012 81.593185 307.980011
1437.904053 249.788010 127.294365 308.809998
1437.911987 249.788010 127.294365 308.980011
1437.984009 249.788010 127.294365 308.980011
1438.104004 249.990326 127.294365 309.809998
1438.104004 249.990326 127.294365 309.980011
1438.119995 249.990326 127.294365 309.980011
1438.176025 250.810028 127.294365 310.809998
1438.176025 251.016312 127.294365 310.980011
1438.215942 251.016312 127.294365 310.980011
1438.527954 251.837219 127.294365 311.809998
1438.552002 252.039398 127.294365 311.980011
1438.656006 252.039398 127.294365 311.980011
1439.239990 252.860718 127.294365 312.809998
1439.255981 252.860718 127.294365 312.980011
1439.287964 252.860718 127.294365 312.980011
1439.608032 253.685516 127.294365 313.820007
1439.687988 253.885559 127.294365 313.980011
1439.687988 253.885559 127.294365 313.980011
1441.520020 254.506393 127.294365 314.809998
1441.552002 254.714859 127.294365 314.980011
1441.552002 254.714859 127.294365 314.980011
1441.784058 255.536331 127.294365 315.809998
1441.807983 255.536331 127.294365 315.980011
1441.807983 255.536331 127.294365 315.980011
1441.936035 256.341766 127.294365 316.809998
1441.959961 256.547821 127.294365 316.980011
1441.959961 256.547821 127.294365 316.980011
1442.088013 257.363922 127.294365 317.809998
1442.112061 257.363922 127.294365 317.980011
1442.119995 257.363922 127.294365 317.980011
1442.208008 258.182159 98.195351 318.799988
1442.232056 258.182159 98.195351 318.980011
1442.264038 258.182159 98.195351 318.980011
1442.328003 258.383453 98.195351 319.809998
1442.359985 258.383453 98.195351 319.980011
1442.439941 258.383453 98.195351 319.980011
1442.504028 259.414276 98.195351 320.809998
1442.543945 259.414276 98.195351 320.970001
1442.663940 259.414276 98.195351 320.970001
1442.760010 260.233429 98.195351 321.809998
1442.760010 260.435181 98.195351 321.980011
1442.791992 260.435181 98.195351 321.980011
1442.880005 261.254883 98.195351 322.809998
1442.880005 261.254883 98.195351 322.980011
1443.119995 261.254883 98.195351 322.980011
1443.248047 262.064331 98.195351 323.809998
1443.248047 262.265198 98.195351 323.980011
1443.343994 262.265198 98.195351 323.980011
1443.552002 262.880127 98.195351 324.809998
1443.583984 263.082611 98.195351 324.980011
1443.767944 263.082611 98.195351 324.980011
1444.031982 263.898529 98.195351 325.809998
1444.112061 263.898529 98.195351 325.980011
1444.176025 263.898529 98.195351 325.980011
1444.400024 264.724365 98.195351 326.809998
1444.599976 264.932648 98.195351 326.980011
1444.703979 264.932648 98.195351 326.980011
1444.848022 265.751373 98.195351 327.809998
1444.975952 265.751373 98.195351 327.970001
1445.239990 265.751373 98.195351 327.970001
1445.432007 266.571228 98.195351 328.809998
1445.488037 266.779846 98.195351 328.980011
1445.631958 266.779846 98.195351 328.980011
1445.784058 267.609711 98.195351 329.790009
1445.839966 267.817230 98.195351 329.980011
1445.904053 267.817230 98.195351 329.980011
1445.991943 268.017578 98.551285 330.809998
1445.991943 268.017578 98.551285 330.980011
1446.040039 268.017578 98.551285 330.980011
1446.167969 268.633911 98.551285 331.809998
1446.176025 268.836823 98.551285 331.980011
1446.280029 268.836823 98.551285 331.980011
1446.287964 269.656464 98.551285 332.809998
1446.287964 269.656464 98.551285 332.980011
1446.375977 269.656464 98.551285 332.980011
1446.375977 270.472290 98.551285 333.809998
1446.375977 270.675110 98.551285 333.980011
1447.375977 270.675110 98.551285 333.989990
1447.407959 271.485413 98.551285 334.809998
1447.407959 271.485413 98.551285 334.980011
1447.984009 271.485413 98.551285 334.980011
1447.984009 272.300659 98.551285 335.809998
1447.984009 272.503876 98.551285 335.980011
1448.135986 272.503876 98.551285 335.980011
1448.135986 273.113800 98.551285 336.809998
1448.135986 273.320312 98.551285 336.980011
1448.239990 273.320312 98.551285 336.980011
1448.239990 273.932526 98.551285 337.790009
1448.239990 274.134857 98.551285 337.980011
1448.303955 274.134857 98.551285 337.980011
1448.303955 274.954407 98.551285 338.809998
1448.303955 274.954407 98.551285 338.970001
1448.359985 274.954407 98.551285 338.970001
1448.359985 275.763062 98.551285 339.809998
1448.359985 275.963165 98.551285 339.980011
1448.407959 275.963165 98.551285 339.980011
1448.407959 276.778809 98.551285 340.809998
1448.407959 276.778809 98.551285 340.980011
1448.463989 276.778809 98.551285 340.980011
1448.463989 277.181671 80.055443 341.809998
1448.463989 277.181671 80.055443 341.980011
1448.543945 277.181671 80.055443 341.980011
1448.543945 277.801178 80.055443 342.809998
1448.552002 278.010071 80.055443 342.980011
1448.592041 278.010071 80.055443 342.980011
1448.592041 278.836670 80.055443 343.809998
1448.592041 279.037567 80.055443 343.980011
1449.776001 279.037567 80.055443 343.980011
1449.791992 279.644989 80.055443 344.809998
1449.791992 279.849731 80.055443 344.980011
1449.959961 279.849731 80.055443 344.980011
1449.968018 280.661865 80.055443 345.809998
1449.968018 280.870605 80.055443 345.980011
1450.031982 280.870605 80.055443 345.980011
1450.047974 281.485962 80.055443 346.809998
1450.047974 281.694489 80.055443 346.980011
1450.160034 281.694489 80.055443 346.980011
1450.167969 282.505310 80.055443 347.809998
1450.167969 282.505310 80.055443 347.980011
1450.199951 282.505310 80.055443 347.989990
1450.208008 283.330597 80.055443 348.809998
1450.208008 283.532593 80.055443 348.980011
1450.208008 283.532593 80.055443 348.989990
1450.215942 283.947723 68.968483 349.799988
1450.215942 284.148254 68.968483 349.980011
1450.223999 284.148254 68.968483 349.980011
1450.223999 284.554871 68.968483 350.799988
1450.223999 284.758728 68.968483 350.980011
1450.271973 284.758728 68.968483 350.980011
1450.271973 285.581024 68.968483 351.809998
1450.271973 285.581024 68.968483 351.980011
1450.271973 285.581024 68.968483 351.980011
1450.280029 286.395538 68.968483 352.809998
1450.280029 286.605133 68.968483 352.980011
1450.328003 286.605133 68.968483 352.980011
1450.328003 287.414642 68.968483 353.809998
1450.328003 287.414642 68.968483 353.980011
1450.735962 287.620911 68.968483 353.989990
1450.751953 288.242432 68.968483 354.809998
1450.751953 288.442719 68.968483 354.980011
1450.968018 288.442719 68.968483 354.980011
1450.984009 289.268005 68.968483 355.799988
1450.984009 289.268005 68.968483 355.980011
1451.024048 289.268005 68.968483 355.980011
1451.024048 290.089172 68.968483 356.809998
1451.024048 290.295563 68.968483 356.980011
1451.047974 290.295563 68.968483 356.980011
1451.063965 291.119263 68.968483 357.809998
1451.063965 291.119263 68.968483 357.980011
1451.104004 291.119263 68.968483 357.980011
1451.128052 291.936951 68.968483 358.809998
1451.128052 292.138428 68.968483 358.980011
1451.144043 292.138428 68.968483 358.980011
1451.151978 292.343475 37.219299 359.809998
1451.151978 292.545288 37.219299 359.980011
1451.160034 292.545288 37.219299 359.980011
1451.192017 293.162415 37.219299 360.809998
1451.192017 293.162415 37.219299 360.980011
1451.199951 293.162415 37.219299 360.980011
1451.223999 293.982544 37.219299 361.809998
1451.232056 294.189575 37.219299 361.980011
1451.255981 294.189575 37.219299 361.980011
1451.271973 295.005981 37.219299 362.809998
1451.271973 295.206421 37.219299 362.980011
1451.271973 295.206421 37.219299 362.980011
1451.271973 295.818878 37.219299 363.809998
1451.271973 296.028076 37.219299 363.980011
1451.871948 296.028076 37.219299 363.980011
1451.871948 296.855347 37.219299 364.809998
1451.871948 297.058167 37.219299 364.980011
1451.887939 297.058167 37.219299 364.980011
1451.895996 297.871429 37.219299 365.809998
1451.895996 297.871429 37.219299 365.980011
1451.927979 297.871429 37.219299 365.980011
1451.927979 298.685303 37.219299 366.809998
1451.927979 298.886017 37.219299 366.980011
1451.968018 298.886017 37.219299 366.980011
1451.968018 299.704865 37.219299 367.809998
1451.968018 299.906799 48.670654 367.980011
1452.031982 299.906799 48.670654 367.989990
1452.031982 300.106934 48.670654 368.799988
1452.047974 300.106934 48.670654 368.980011
1452.128052 300.106934 48.670654 368.980011
1452.128052 300.914307 48.670654 369.809998
1452.144043 301.114929 48.670654 369.980011
1452.167969 301.114929 48.670654 369.980011
1452.167969 301.526184 48.670654 370.809998
1452.167969 301.727966 48.670654 370.980011
1452.751953 301.727966 48.670654 370.980011
1452.751953 302.759735 48.670654 371.809998
1452.839966 302.968811 48.670654 371.980011
1454.631958 302.968811 48.670654 371.980011
1454.640015 303.784485 48.670654 372.799988
1454.696045 303.990143 48.670654 372.980011
1456.151978 303.990143 48.670654 372.980011
1456.151978 304.604462 48.670654 373.809998
1456.192017 304.805542 48.670654 373.980011
1457.911987 304.805542 48.670654 373.980011
1457.911987 305.616394 48.670654 374.799988
1457.952026 305.821167 48.670654 374.980011
1458.040039 305.821167 48.670654 374.980011
1458.040039 306.427246 48.670654 375.809998
1458.040039 306.634369 48.670654 375.980011
1458.104004 306.634369 48.670654 375.980011
1458.112061 307.451172 48.670654 376.799988
1458.112061 307.655151 48.670654 376.980011
1458.151978 307.655151 48.670654 376.980011
1458.160034 308.265015 49.631084 377.809998
1458.160034 308.265015 49.631084 377.980011
1458.223999 308.265015 49.631084 377.980011
1458.248047 308.466766 49.631084 378.809998
1458.248047 308.670715 49.631084 378.980011
1458.312012 308.670715 49.631084 378.989990
1458.328003 309.488098 49.631084 379.799988
1458.328003 309.689972 49.631084 379.980011
1458.407959 309.689972 49.631084 379.980011
1458.407959 310.511017 49.631084 380.809998
1458.407959 310.511017 49.631084 380.980011
1458.472046 310.511017 49.631084 380.980011
1458.479980 311.338989 49.631084 381.809998
1458.479980 311.544830 49.631084 381.980011
1458.560059 311.544830 49.631084 381.980011
1458.583984 312.370178 49.631084 382.809998
1458.583984 312.572937 49.631084 382.980011
1459.047974 312.572937 49.631084 382.980011
1459.063965 313.391388 49.631084 383.809998
1459.063965 313.391388 49.631084 383.980011
1459.456055 313.391388 49.631084 383.980011
1459.479980 314.206635 49.631084 384.809998
1459.488037 314.407349 49.631084 384.980011
1459.552002 314.407349 49.631084 384.989990
1459.560059 315.228149 49.631084 385.809998
1459.560059 315.430389 49.631084 385.980011
1459.735962 315.430389 49.631084 385.980011
1459.751953 316.040100 67.986389 386.799988
1459.751953 316.241150 67.986389 386.980011
1459.848022 316.241150 67.986389 386.989990
1459.855957 316.241150 67.986389 387.809998
1459.855957 316.446655 67.986389 387.980011
1459.968018 316.446655 67.986389 387.980011
1459.975952 317.275787 67.986389 388.809998
1459.984009 317.480072 67.986389 388.980011
1460.088013 317.480072 67.986389 388.980011
1460.088013 318.294098 67.986389 389.809998
1460.088013 318.494293 67.986389 389.980011
1460.248047 318.494293 67.986389 389.980011
1460.255981 319.106049 67.986389 390.809998
1460.255981 319.307312 67.986389 390.980011
1460.312012 319.307312 67.986389 390.980011
1460.319946 320.131439 67.986389 391.809998
1460.319946 320.334351 67.986389 391.980011
1461.488037 320.334351 67.986389 391.980011
1461.504028 320.935547 67.986389 392.809998
1461.504028 321.144318 67.986389 392.980011
1461.599976 321.144318 67.986389 392.989990
1461.608032 321.958221 67.986389 393.809998
1461.608032 322.158600 67.986389 393.980011
1461.615967 322.158600 67.986389 393.980011
1461.647949 322.775848 67.986389 394.809998
1461.647949 322.980927 67.986389 394.980011
1461.687988 322.980927 67.986389 394.980011
1461.696045 323.788025 67.986389 395.809998
1461.696045 323.990875 67.986389 395.980011
1461.784058 323.990875 67.986389 395.989990
1461.784058 324.600647 67.986389 396.809998
1461.784058 324.805023 67.986389 396.980011
1461.895996 324.805023 67.986389 396.980011
1461.904053 325.626526 67.986389 397.809998
1461.904053 325.626526 88.897392 397.980011
1461.968018 325.626526 88.897392 397.980011
1461.968018 325.827911 88.897392 398.809998
1461.968018 326.029694 88.897392 398.980011
1462.047974 326.029694 88.897392 398.989990
1462.047974 326.648865 88.897392 399.809998
1462.047974 326.850372 88.897392 399.980011
1462.208008 326.850372 88.897392 399.989990
1462.215942 327.664246 88.897392 400.809998
1462.215942 327.871185 88.897392 400.980011
1463.488037 327.871185 88.897392 400.989990
1463.495972 328.480133 88.897392 401.790009
1463.520020 328.683441 88.897392 401.980011
1463.791992 328.683441 88.897392 402.000000
1463.800049 329.508179 88.897392 402.799988
1463.959961 329.716339 88.897392 402.980011
1464.104004 329.716339 88.897392 403.000000
1464.104004 330.536133 88.897392 403.809998
1464.239990 330.536133 88.897392 403.980011
1464.336060 330.536133 88.897392 403.989990
1464.336060 331.350983 88.897392 404.799988
1464.432007 331.559967 88.897392 404.980011
1464.479980 331.559967 88.897392 404.980011
1464.479980 332.371674 88.897392 405.809998
1464.592041 332.371674 88.897392 405.980011
1464.624023 332.371674 88.897392 405.980011
1464.631958 333.186859 88.897392 406.809998
1464.703979 333.392853 88.897392 406.980011
1464.791992 333.392853 88.897392 406.980011
1464.791992 334.208344 88.897392 407.809998
1464.943970 334.208344 88.897392 407.980011
1465.384033 334.415100 88.897392 407.989990
1465.384033 335.028381 88.897392 408.809998
1465.624023 335.231567 88.897392 408.980011
1465.839966 335.231567 88.897392 408.989990
1465.839966 335.639893 88.334328 409.809998
1466.104004 335.639893 88.334328 409.980011
1466.232056 335.639893 88.334328 409.980011
1466.232056 336.041077 88.334328 410.809998
1466.359985 336.258209 88.334328 410.970001
1466.463989 336.258209 88.334328 410.989990
1466.463989 336.883270 88.334328 411.809998
1466.543945 337.087311 88.334328 411.980011
1466.592041 337.087311 88.334328 411.980011
1466.624023 337.901825 88.334328 412.809998
1466.671997 338.102661 88.334328 412.980011
1466.696045 338.102661 88.334328 413.000000
1466.696045 338.712494 88.334328 413.809998
1466.784058 338.920563 88.334328 413.980011
1466.968018 338.920563 88.334328 414.000000
1467.000000 339.741852 88.334328 414.799988
1467.015991 339.943390 88.334328 414.980011
1467.056030 339.943390 88.334328 415.000000
1467.063965 340.761108 88.334328 415.809998
1467.119995 340.761108 88.334328 415.980011
1467.199951 340.761108 88.334328 415.980011
1467.199951 341.582031 88.334328 416.799988
1467.359985 341.784851 88.334328 416.980011
1467.423950 341.784851 88.334328 417.010010
1467.423950 342.397827 71.980362 417.809998
1467.479980 342.397827 71.980362 417.980011
1467.511963 342.397827 71.980362 417.989990
1467.511963 342.602112 71.980362 418.809998
1467.552002 342.805450 71.980362 418.980011
1467.631958 342.805450 71.980362 419.000000
1467.631958 343.619354 71.980362 419.809998
1467.663940 343.820068 71.980362 419.980011
1467.712036 343.820068 71.980362 419.989990
1467.712036 344.643372 71.980362 420.809998
1467.712036 344.643372 71.980362 420.980011
1467.751953 344.643372 71.980362 420.980011
1467.760010 345.453094 71.980362 421.809998
1467.784058 345.653748 71.980362 421.980011
1467.791992 345.653748 71.980362 421.989990
1467.800049 346.471039 71.980362 422.809998
1467.832031 346.471039 71.980362 422.980011
1467.880005 346.471039 71.980362 422.980011
1467.880005 347.291534 71.980362 423.809998
1467.895996 347.496338 71.980362 423.980011
1467.936035 347.496338 71.980362 423.980011
1467.936035 348.307617 71.980362 424.809998
1467.959961 348.511505 71.980362 424.980011
1468.047974 348.511505 71.980362 425.000000
1468.047974 349.121460 71.980362 425.809998
1468.063965 349.326599 71.980362 425.980011
1468.192017 349.326599 71.980362 425.980011
1468.199951 350.141418 71.980362 426.809998
1468.255981 350.348572 71.980362 426.980011
1468.352051 350.348572 71.980362 427.010010
1468.359985 350.550293 41.828552 427.809998
1468.359985 350.550293 41.828552 427.980011
1468.447998 350.550293 41.828552 428.000000
1468.488037 351.363220 41.828552 428.809998
1468.520020 351.571320 41.828552 428.980011
1468.640015 351.571320 41.828552 428.989990
1468.647949 352.394470 41.828552 429.809998
1468.703979 352.599518 41.828552 429.980011
1468.791992 352.599518 41.828552 429.989990
1468.791992 353.412628 41.828552 430.809998
1468.816040 353.412628 41.828552 430.980011
1468.887939 353.412628 41.828552 430.989990
1468.887939 354.228790 41.828552 431.799988
1468.895996 354.429230 41.828552 431.980011
1468.959961 354.429230 41.828552 431.980011
1468.959961 355.241882 41.828552 432.809998
1468.968018 355.241882 41.828552 432.980011
1469.024048 355.241882 41.828552 432.980011
1469.024048 356.056183 41.828552 433.809998
1469.047974 356.262268 41.828552 433.980011
1469.104004 356.262268 41.828552 433.980011
1469.104004 357.082489 41.828552 434.809998
1469.112061 357.287262 41.828552 434.980011
1469.119995 357.287262 41.828552 434.980011
1469.119995 357.897461 41.828552 435.809998
1469.176025 358.102448 84.245941 435.980011
1469.176025 358.102448 84.245941 435.980011
1469.183960 358.303040 84.245941 436.809998
1469.215942 358.303040 84.245941 436.980011
1469.239990 358.303040 84.245941 436.980011
1469.239990 359.124237 84.245941 437.799988
1469.303955 359.328186 84.245941 437.980011
1469.303955 359.328186 84.245941 437.980011
1469.303955 360.153137 84.245941 438.799988
1469.352051 360.153137 84.245941 438.980011
1469.359985 360.153137 84.245941 439.000000
1469.359985 360.964081 84.245941 439.809998
1469.359985 361.172974 84.245941 439.980011
1469.375977 361.172974 84.245941 439.989990
1469.375977 362.003998 84.245941 440.799988
1469.384033 362.208923 84.245941 440.980011
1469.407959 362.208923 84.245941 441.000000
1469.432007 362.821381 84.245941 441.809998
1469.432007 363.029236 84.245941 441.980011
1469.439941 363.029236 84.245941 442.000000
1469.439941 363.846802 84.245941 442.799988
1469.439941 364.051331 84.245941 442.980011
1469.439941 364.051331 84.245941 442.980011
1469.439941 364.664337 84.245941 443.809998
1469.439941 364.867004 84.245941 443.980011
1469.447998 364.867004 84.245941 443.989990
1469.447998 365.698334 84.245941 444.809998
1469.504028 365.904663 84.245941 444.980011
1469.504028 365.904663 84.245941 444.980011
1469.511963 366.519226 84.245941 445.809998
1469.567993 366.723511 84.245941 445.980011
1469.592041 366.723511 84.245941 445.989990
1469.592041 367.338287 82.528931 446.809998
1469.615967 367.338287 82.528931 446.980011
1469.640015 367.338287 82.528931 446.989990
1469.640015 367.741333 82.528931 447.809998
1469.663940 367.741333 82.528931 447.980011
1469.663940 367.741333 82.528931 447.980011
1469.663940 368.565216 82.528931 448.809998
1469.663940 368.768433 82.528931 448.980011
1469.663940 368.768433 82.528931 448.989990
1469.663940 369.593933 82.528931 449.809998
1469.663940 369.796295 82.528931 449.980011
1469.663940 369.796295 82.528931 449.980011
1469.663940 370.619751 82.528931 450.809998
1469.663940 370.619751 82.528931 450.980011
1469.696045 370.619751 82.528931 450.980011
1469.696045 371.439606 82.528931 451.809998
1469.696045 371.646667 82.528931 451.980011
1469.696045 371.646667 82.528931 451.989990
1469.696045 372.474823 82.528931 452.809998
1469.696045 372.683289 82.528931 452.980011
1469.696045 372.683289 82.528931 452.989990
1469.696045 373.299835 82.528931 453.799988
1469.703979 373.505890 82.528931 453.980011
1469.703979 373.505890 82.528931 453.989990
1469.703979 374.316406 82.528931 454.809998
1469.712036 374.316406 82.528931 454.980011
1469.712036 374.316406 82.528931 455.000000
1469.712036 375.135376 82.528931 455.809998
1469.712036 375.343658 82.528931 455.980011
1469.712036 375.343658 82.528931 455.989990
1469.800049 376.161804 82.528931 456.809998
1469.800049 376.369049 82.528931 456.980011
1469.800049 376.369049 82.528931 456.980011
1469.800049 376.979309 75.527077 457.799988
1469.800049 376.979309 75.527077 457.980011
1469.839966 376.979309 75.527077 457.980011
1469.839966 377.385406 75.527077 458.809998
1469.839966 377.385406 75.527077 458.980011
1469.855957 377.385406 75.527077 459.000000
1469.855957 378.202179 75.527077 459.809998
1469.855957 378.405548 75.527077 459.980011
1469.864014 378.405548 75.527077 459.980011
1469.864014 379.222656 75.527077 460.809998
1469.864014 379.431488 75.527077 460.980011
1469.871948 379.431488 75.527077 460.980011
1469.871948 380.255005 75.527077 461.809998
1469.871948 380.255005 75.527077 461.980011
1469.871948 380.255005 75.527077 461.989990
1469.871948 381.074890 75.527077 462.809998
1469.871948 381.284210 75.527077 462.980011
1469.871948 381.284210 75.527077 463.000000
1469.871948 382.111237 75.527077 463.809998
1469.871948 382.111237 75.527077 463.980011
1469.871948 382.111237 75.527077 463.989990
1469.871948 382.931732 75.527077 464.809998
1469.871948 383.140869 75.527077 464.980011
1469.871948 383.140869 75.527077 464.989990
1469.871948 383.750885 75.527077 465.809998
1469.880005 383.953949 75.527077 465.980011
1469.895996 383.953949 75.527077 465.980011
1470.024048 384.572845 82.218971 466.809998
1470.056030 384.773865 82.218971 466.980011
1470.072021 384.773865 82.218971 467.000000
1470.072021 384.773865 82.218971 467.809998
1470.079956 384.979462 82.218971 467.980011
1470.079956 384.979462 82.218971 467.980011
1470.079956 385.786835 82.218971 468.809998
1470.088013 385.995209 82.218971 468.980011
1470.088013 385.995209 82.218971 468.989990
1470.088013 386.806641 82.218971 469.809998
1470.088013 387.023102 82.218971 469.980011
1470.104004 387.023102 82.218971 469.980011
1470.104004 387.840637 82.218971 470.809998
1470.112061 387.840637 82.218971 470.970001
1470.144043 387.840637 82.218971 470.989990
1470.144043 388.659729 82.218971 471.809998
1470.144043 388.867249 82.218971 471.980011
1470.176025 388.867249 82.218971 471.980011
1470.183960 389.684113 82.218971 472.809998
1470.183960 389.684113 82.218971 472.980011
1470.223999 389.684113 82.218971 472.989990
1470.223999 390.498199 82.218971 473.809998
1470.223999 390.705933 82.218971 473.980011
1470.248047 390.705933 82.218971 474.000000
1470.248047 391.526184 82.218971 474.809998
1470.248047 391.526184 82.218971 474.980011
1470.248047 391.526184 82.218971 474.980011
1470.248047 392.347229 82.218971 475.809998
1470.255981 392.550079 82.218971 475.980011
1470.255981 392.550079 82.218971 475.989990
1470.255981 393.381104 82.218971 476.809998
1470.255981 393.588074 82.218971 476.980011
1470.255981 393.588074 82.218971 476.989990
1470.264038 393.991302 71.912331 477.809998
1470.271973 393.991302 71.912331 477.980011
1470.271973 393.991302 71.912331 478.000000
1470.271973 394.403473 71.912331 478.799988
1470.271973 394.604340 71.912331 478.980011
1470.271973 394.604340 71.912331 478.989990
1470.287964 395.421021 71.912331 479.809998
1470.287964 395.630005 71.912331 479.980011
1470.303955 395.630005 71.912331 480.000000
1470.303955 396.241882 71.912331 480.799988
1470.312012 396.449799 71.912331 480.980011
1470.312012 396.449799 71.912331 480.980011
1470.312012 397.268097 71.912331 481.809998
1470.319946 397.476898 71.912331 481.980011
1470.319946 397.476898 71.912331 481.989990
1470.319946 398.091370 71.912331 482.799988
1470.328003 398.295563 71.912331 482.980011
1470.343994 398.295563 71.912331 482.989990
1470.343994 399.115509 71.912331 483.809998
1470.352051 399.315552 71.912331 483.980011
1470.352051 399.315552 71.912331 483.989990
1470.663940 400.133850 71.912331 484.809998
1470.680054 400.133850 71.912331 484.980011
1470.680054 400.133850 71.912331 484.980011
1470.680054 400.947449 71.912331 485.809998
1470.680054 401.148987 71.912331 485.980011
1470.680054 401.148987 71.912331 485.980011
1470.687988 401.966125 71.912331 486.809998
1470.696045 401.966125 79.571922 486.980011
1470.696045 401.966125 79.571922 486.980011
1470.696045 402.167847 79.571922 487.799988
1470.703979 402.368317 79.571922 487.980011
1470.728027 402.368317 79.571922 487.989990
1470.728027 402.979187 79.571922 488.809998
1470.735962 403.188293 79.571922 488.980011
1470.735962 403.188293 79.571922 488.980011
1470.735962 404.015717 79.571922 489.809998
1470.744019 404.224060 79.571922 489.980011
1470.744019 404.224060 79.571922 490.000000
1470.744019 404.841614 79.571922 490.809998
1470.760010 405.045044 79.571922 490.980011
1470.767944 405.045044 79.571922 490.980011
1470.767944 405.853821 79.571922 491.799988
1470.767944 406.053986 79.571922 491.980011
1470.767944 406.053986 79.571922 491.989990
1470.767944 406.668060 79.571922 492.809998
1470.767944 406.868530 79.571922 492.980011
1470.767944 406.868530 79.571922 493.010010
1470.776001 407.682678 79.571922 493.809998
1470.791992 407.682678 79.571922 493.980011
1470.791992 407.887878 79.571922 493.989990
1471.040039 408.510193 79.571922 494.809998
1471.040039 408.711578 79.571922 494.980011
1471.063965 408.711578 79.571922 494.989990
1471.063965 409.536713 79.571922 495.809998
1471.063965 409.744720 79.571922 495.980011
1471.063965 409.744720 79.571922 495.989990
1471.063965 410.360962 79.571922 496.809998
1471.208008 410.565033 79.571922 496.980011
1471.208008 410.565033 79.571922 496.989990
1471.208008 411.376068 79.571922 497.809998
1471.312012 411.579865 79.571922 497.980011
1471.312012 411.579865 79.571922 497.980011
1471.312012 412.398926 79.571922 498.809998
1471.439941 412.398926 79.571922 498.980011
1471.439941 412.398926 79.571922 498.980011
1471.447998 413.014801 78.135872 499.809998
1471.479980 413.014801 78.135872 499.980011
1471.479980 413.014801 78.135872 499.980011
1471.479980 413.419800 78.135872 500.809998
1471.527954 413.419800 78.135872 500.980011
1471.527954 413.620026 78.135872 500.989990
1471.536011 414.446777 78.135872 501.809998
1471.567993 414.446777 78.135872 501.980011
1471.567993 414.446777 78.135872 502.000000
1471.567993 415.255676 78.135872 502.809998
1471.663940 415.458496 78.135872 502.980011
1471.663940 415.458496 78.135872 502.980011
1471.663940 416.278168 78.135872 503.799988
1471.911987 416.278168 78.135872 503.980011
1471.911987 416.481415 78.135872 504.000000
1472.031982 417.095123 78.135872 504.809998
1472.319946 417.297272 78.135872 504.980011
1472.319946 417.297272 78.135872 504.980011
1472.319946 417.908112 78.135872 505.809998
1472.416016 418.115753 78.135872 505.980011
1472.416016 418.115753 78.135872 505.980011
1472.416016 418.942566 78.135872 506.809998
1472.527954 419.146851 78.135872 506.980011
1472.527954 419.146851 78.135872 506.980011
1472.536011 419.966156 78.135872 507.809998
1472.647949 420.167694 78.135872 507.980011
1472.647949 420.167694 78.135872 507.980011
1472.647949 420.781097 78.135872 508.799988
1472.719971 420.984436 78.135872 508.970001
1472.719971 420.984436 78.135872 509.000000
1472.728027 421.589539 53.056976 509.809998
1472.791992 421.589539 53.056976 509.980011
1472.791992 421.589539 53.056976 509.980011
1472.807983 421.790039 53.056976 510.809998
1472.920044 421.993256 53.056976 510.980011
1472.920044 421.993256 53.056976 510.980011
1472.927979 422.815369 53.056976 511.799988
1472.968018 422.815369 53.056976 511.980011
1472.968018 422.815369 53.056976 511.980011
1472.984009 423.626587 53.056976 512.809998
1473.015991 423.835510 53.056976 512.979980
1473.015991 423.835510 53.056976 512.979980
1473.031982 424.654022 53.056976 513.809998
1473.088013 424.654022 53.056976 513.979980
1473.088013 424.654022 53.056976 513.979980
1473.095947 425.477692 53.056976 514.809998
1473.119995 425.680878 53.056976 514.979980
1473.135986 425.680878 53.056976 515.000000
1473.160034 426.497650 53.056976 515.809998
1473.223999 426.497650 53.056976 515.979980
1473.223999 426.497650 53.056976 515.979980
1473.223999 427.328796 53.056976 516.809998
1473.223999 427.531219 53.056976 516.979980
1473.223999 427.531219 53.056976 516.989990
1473.232056 428.361267 53.056976 517.809998
1473.232056 428.361267 53.056976 517.979980
1473.232056 428.361267 53.056976 517.979980
1473.248047 429.178589 53.056976 518.809998
1473.248047 429.381378 53.056976 518.979980
1473.248047 429.381378 53.056976 518.979980
1473.271973 430.202484 53.056976 519.809998
1473.271973 430.407043 53.056976 519.979980
1473.271973 430.407043 53.056976 519.989990
1473.303955 431.017670 53.056976 520.809998
1473.303955 431.224121 53.056976 520.979980
1473.303955 431.224121 53.056976 520.979980
1473.303955 431.633148 87.824028 521.809998
1473.303955 431.633148 87.824028 521.979980
1473.303955 431.633148 87.824028 521.979980
1473.368042 432.037140 87.824028 522.809998
1473.368042 432.242950 87.824028 522.979980
1473.368042 432.242950 87.824028 522.979980
1473.391968 433.055145 87.824028 523.809998
1473.391968 433.258453 87.824028 523.979980
1473.391968 433.258453 87.824028 524.000000
1473.432007 434.084412 87.824028 524.809998
1473.432007 434.293610 87.824028 524.969971
1473.432007 434.293610 87.824028 524.969971
1473.647949 434.906616 87.824028 525.809998
1473.647949 435.108887 87.824028 525.979980
1473.647949 435.108887 87.824028 525.979980
1473.671997 435.931549 87.824028 526.809998
1473.671997 435.931549 87.824028 526.979980
1473.671997 435.931549 87.824028 526.979980
1473.687988 436.749512 87.824028 527.809998
1473.687988 436.749512 87.824028 527.979980
1473.687988 436.956329 87.824028 528.000000
1473.719971 437.575745 87.824028 528.809998
1473.728027 437.779236 87.824028 528.979980
1473.728027 437.779236 87.824028 528.989990
1473.823975 438.599121 87.824028 529.809998
1473.823975 438.804321 87.824028 529.979980
1473.823975 438.804321 87.824028 529.989990
1473.871948 439.624237 87.824028 530.799988
1473.880005 439.832703 87.824028 530.979980
1473.880005 439.832703 87.824028 530.989990
1473.895996 440.443085 87.824028 531.809998
1473.911987 440.650543 87.824028 531.979980
1473.911987 440.650543 87.824028 531.989990
1474.063965 441.268524 78.851997 532.809998
1474.063965 441.473480 78.851997 532.979980
1474.063965 441.473480 78.851997 532.979980
1474.447998 441.676819 78.851997 533.809998
1474.447998 441.676819 78.851997 533.979980
1474.447998 441.676819 78.851997 534.000000
1474.456055 442.489288 78.851997 534.809998
1474.456055 442.696625 78.851997 534.979980
1474.463989 442.696625 78.851997 535.000000
1474.504028 443.521210 78.851997 535.809998
1474.520020 443.723755 78.851997 535.979980
1474.552002 443.723755 78.851997 535.979980
1474.696045 444.338074 78.851997 536.809998
1474.712036 444.545654 78.851997 536.979980
1474.719971 444.545654 78.851997 537.000000
1474.823975 445.364655 78.851997 537.809998
1474.832031 445.574188 78.851997 537.979980
1474.839966 445.574188 78.851997 537.979980
1474.959961 446.186890 78.851997 538.809998
1474.968018 446.391937 78.851997 538.979980
1474.975952 446.391937 78.851997 538.989990
1475.015991 447.210052 78.851997 539.809998
1475.015991 447.412048 78.851997 539.979980
1475.015991 447.412048 78.851997 539.989990
1475.112061 448.240875 78.851997 540.809998
1475.112061 448.240875 78.851997 540.979980
1475.112061 448.240875 78.851997 540.979980
1475.239990 449.055359 78.851997 541.809998
1475.239990 449.260223 78.851997 541.979980
1475.239990 449.260223 78.851997 541.989990
1475.904053 450.073090 78.851997 542.809998
1475.904053 450.073090 78.851997 542.979980
1475.904053 450.073090 78.851997 542.979980
1476.199951 450.482635 76.188721 543.809998
1476.199951 450.482635 76.188721 543.979980
1476.199951 450.482635 76.188721 543.989990
1476.312012 451.097565 76.188721 544.809998
1476.312012 451.299103 76.188721 544.979980
1476.312012 451.299103 76.188721 545.000000
1476.527954 452.115936 76.188721 545.809998
1476.527954 452.318085 76.188721 545.979980
1476.527954 452.318085 76.188721 545.989990
1476.712036 452.934753 76.188721 546.809998
1476.712036 453.141388 76.188721 546.979980
1476.712036 453.141388 76.188721 547.000000
1476.832031 453.757751 76.188721 547.809998
1476.832031 453.959167 76.188721 547.979980
1476.832031 453.959167 76.188721 547.989990
1477.040039 454.782227 76.188721 548.809998
1477.040039 454.986450 76.188721 548.979980
1477.040039 454.986450 76.188721 548.979980
1477.319946 455.596802 76.188721 549.809998
1477.319946 455.804138 76.188721 549.979980
1477.319946 455.804138 76.188721 550.000000
1477.504028 456.413788 70.118896 550.809998
1477.504028 456.413788 70.118896 550.979980
1477.504028 456.413788 70.118896 550.989990
1478.384033 456.618530 70.118896 551.809998
1478.384033 456.822906 70.118896 551.979980
1478.384033 456.822906 70.118896 551.979980
1479.063965 457.638550 70.118896 552.809998
1479.063965 457.843567 70.118896 552.979980
1479.063965 457.843567 70.118896 552.989990
1479.543945 458.461700 70.118896 553.809998
1479.543945 458.665131 70.118896 553.979980
1479.543945 458.665131 70.118896 554.000000
1479.927979 459.489960 70.118896 554.809998
1479.927979 459.690216 70.118896 554.979980
1479.927979 459.690216 70.118896 554.979980
1480.183960 460.308380 70.118896 555.809998
1480.183960 460.509827 70.118896 555.979980
1480.192017 460.509827 70.118896 556.000000
1480.552002 461.323364 70.118896 556.809998
1480.552002 461.531311 70.118896 556.979980
1480.552002 461.531311 70.118896 557.000000
1480.735962 462.352173 70.118896 557.809998
1480.735962 462.352173 70.118896 557.979980
1480.735962 462.352173 70.118896 557.989990
1481.079956 463.166077 70.118896 558.809998
1481.079956 463.369537 70.118896 558.979980
1481.079956 463.369537 70.118896 558.989990
1481.479980 464.183777 70.118896 559.809998
1481.479980 464.183777 70.118896 559.979980
1481.479980 464.183777 70.118896 559.979980
1482.040039 464.796906 56.594360 560.809998
1482.040039 464.796906 56.594360 560.979980
1482.040039 464.796906 56.594360 561.000000
1482.592041 465.199738 56.594360 561.809998
1482.592041 465.199738 56.594360 561.969971
1482.592041 465.199738 56.594360 562.000000
1483.336060 466.019470 56.594360 562.809998
1483.336060 466.220978 56.594360 562.979980
1483.336060 466.220978 56.594360 563.000000
1483.823975 467.039551 56.594360 563.809998
1483.823975 467.240814 56.594360 563.979980
1483.823975 467.240814 56.594360 564.000000
1484.239990 468.063690 56.594360 564.809998
1484.239990 468.063690 56.594360 564.979980
1484.239990 468.063690 56.594360 564.989990
1484.375977 468.884949 56.594360 565.799988
1484.375977 469.085297 56.594360 565.979980
1484.375977 469.085297 56.594360 565.979980
1484.456055 469.910889 56.594360 566.809998
1484.456055 469.910889 56.594360 566.979980
1484.463989 469.910889 56.594360 566.989990
1485.167969 470.741608 56.594360 567.809998
1485.167969 470.945648 56.594360 567.979980
1485.167969 470.945648 56.594360 567.989990
1486.416016 471.771515 56.594360 568.809998
1486.416016 471.771515 56.594360 568.979980
1486.416016 471.771515 56.594360 568.979980
1487.280029 472.586670 56.594360 569.809998
1487.280029 472.791046 56.594360 569.969971
1487.280029 472.791046 56.594360 570.000000
1488.864014 473.404694 39.898949 570.809998
1488.864014 473.404694 39.898949 570.979980
1488.864014 473.404694 39.898949 570.979980
1489.975952 473.810730 39.898949 571.809998
1489.975952 473.810730 39.898949 571.979980
1489.975952 473.810730 39.898949 571.979980
1491.248047 474.633270 39.898949 572.809998
1491.248047 474.851013 39.898949 572.979980
1491.248047 474.851013 39.898949 572.979980
1491.880005 475.665527 39.898949 573.809998
1491.880005 475.874451 39.898949 573.979980
1491.880005 475.874451 39.898949 573.989990
1492.520020 476.483490 39.898949 574.809998
1492.520020 476.684631 39.898949 574.969971
1492.520020 476.684631 39.898949 574.989990
1493.336060 477.497772 39.898949 575.809998
1493.336060 477.699951 39.898949 575.979980
1493.336060 477.699951 39.898949 576.000000
1494.135986 478.305786 39.898949 576.809998
1494.135986 478.509796 39.898949 576.979980
1494.135986 478.509796 39.898949 576.979980
1495.303955 479.334381 39.898949 577.809998
1495.303955 479.541565 39.898949 577.979980
1495.303955 479.541565 39.898949 577.979980
1496.463989 480.160187 39.898949 578.809998
1496.463989 480.363251 39.898949 578.979980
1496.463989 480.363251 39.898949 579.000000
1497.656006 481.185394 39.898949 579.809998
1497.656006 481.185394 39.199162 579.979980
1497.656006 481.185394 39.199162 579.979980
1500.135986 481.386322 39.199162 580.809998
1500.135986 481.587982 39.199162 580.979980
1500.135986 481.587982 39.199162 580.989990
1501.968018 482.193542 39.199162 581.809998
1501.968018 482.395874 39.199162 581.979980
1501.968018 482.395874 39.199162 581.989990
1504.255981 483.218781 39.199162 582.809998
1504.255981 483.418915 39.199162 582.979980
1504.255981 483.418915 39.199162 582.989990
1508.391968 484.244446 39.199162 583.809998
1508.391968 484.452942 39.199162 583.979980
1508.400024 484.452942 39.199162 583.989990
1513.183960 485.267792 39.199162 584.809998
1513.183960 485.267792 39.199162 584.979980
1513.183960 485.267792 39.199162 584.979980
1517.911987 486.078033 39.199162 585.809998
1517.911987 486.282959 39.199162 585.979980
1517.936035 486.282959 39.199162 586.000000
1521.407959 486.886536 39.199162 586.809998
1521.407959 487.092316 39.199162 586.979980
1521.447998 487.092316 39.199162 586.989990
1523.687988 487.898987 39.199162 587.809998
1523.687988 488.103180 39.199162 587.979980
1523.703979 488.103180 39.199162 587.989990
1526.088013 488.716003 45.033569 588.809998
1526.088013 488.916809 45.033569 588.979980
1526.088013 488.916809 45.033569 588.979980
1529.488037 489.119720 45.033569 589.809998
1529.488037 489.119720 45.033569 589.979980
1529.520020 489.119720 45.033569 589.989990
1535.088013 489.944244 45.033569 590.809998
1535.095947 490.149170 45.033569 590.979980
1535.095947 490.149170 45.033569 591.000000
1537.975952 490.962738 45.033569 591.809998
1537.975952 491.167603 45.033569 591.979980
1537.975952 491.167603 45.033569 591.989990
1543.208008 491.778625 45.033569 592.809998
1543.208008 491.980316 45.033569 592.979980
1543.208008 491.980316 45.033569 593.010010
1546.072021 492.794922 45.033569 593.809998
1546.072021 492.996460 45.033569 593.979980
1546.079956 492.996460 45.033569 593.989990
1548.952026 493.605072 45.033569 594.809998
1548.952026 493.808075 45.033569 594.979980
1548.952026 493.808075 45.033569 595.000000
1552.271973 494.642853 45.033569 595.809998
1552.271973 494.852264 45.033569 595.969971
1552.271973 494.852264 45.033569 595.989990
1555.751953 495.675812 45.033569 596.809998
1555.751953 495.878204 45.033569 596.979980
1555.760010 495.878204 45.033569 596.989990
1556.864014 496.492798 82.944054 597.809998
1556.864014 496.492798 82.944054 597.979980
1556.871948 496.492798 82.944054 597.989990
1557.287964 496.695618 82.944054 598.809998
1557.287964 496.899017 82.944054 598.979980
1557.296021 496.899017 82.944054 598.989990
1558.552002 497.511414 82.944054 599.809998
1558.552002 497.711670 82.944054 599.979980
1558.560059 497.711670 82.944054 600.010010
1560.232056 498.534790 82.944054 600.809998
1560.232056 498.737000 82.944054 600.979980
1560.232056 498.737000 82.944054 600.979980
1560.735962 499.350739 82.944054 601.809998
1560.735962 499.557220 82.944054 601.979980
1560.735962 499.557220 82.944054 601.989990
1561.112061 500.364471 82.944054 602.809998
1561.112061 500.364471 82.944054 602.979980
1561.112061 500.364471 82.944054 603.000000
1561.527954 501.189636 82.944054 603.809998
1561.527954 501.396545 82.944054 603.979980
1561.527954 501.396545 82.944054 603.989990
1562.088013 502.214661 82.944054 604.809998
1562.088013 502.419189 82.944054 604.979980
1562.088013 502.419189 82.944054 604.979980
1562.608032 503.031097 82.944054 605.809998
1562.608032 503.238312 82.944054 605.979980
1562.608032 503.238312 82.944054 605.989990
1563.936035 503.857269 102.405975 606.809998
1563.936035 503.857269 102.405975 606.979980
1563.936035 503.857269 102.405975 606.989990
1567.751953 504.061737 102.405975 607.809998
1567.751953 504.262726 102.405975 607.979980
1567.751953 504.262726 102.405975 608.000000
1574.552002 505.091370 102.405975 608.809998
1574.552002 505.301727 102.405975 608.979980
1574.552002 505.301727 102.405975 608.989990
1579.368042 506.117096 102.405975 609.809998
1579.368042 506.117096 102.405975 609.979980
1579.368042 506.117096 102.405975 610.010010
1583.319946 506.928467 102.405975 610.809998
1583.319946 507.130493 102.405975 610.979980
1583.319946 507.130493 102.405975 610.989990
1585.943970 507.746552 102.405975 611.809998
1585.943970 507.953003 102.405975 611.979980
1585.943970 507.953003 102.405975 612.000000
1588.687988 508.766235 102.405975 612.809998
1588.687988 508.970123 102.405975 612.979980
1588.687988 508.970123 102.405975 612.989990
1591.488037 509.798584 102.405975 613.809998
1591.488037 509.798584 102.405975 613.979980
1591.488037 509.798584 102.405975 613.989990
1593.624023 510.612122 102.405975 614.809998
1593.647949 510.812256 102.405975 614.979980
1593.647949 510.812256 102.405975 614.989990
1595.904053 511.427734 102.405975 615.809998
1595.927979 511.632965 102.405975 615.979980
1595.927979 511.632965 102.405975 616.000000
1596.904053 512.446655 102.405975 616.809998
1596.904053 512.446655 102.405975 616.969971
1596.904053 512.648193 102.405975 616.989990
1596.975952 512.849060 103.665527 617.809998
1596.975952 512.849060 103.665527 617.979980
1596.975952 512.849060 103.665527 617.989990
1597.008057 513.466919 103.665527 618.809998
1597.008057 513.669922 103.665527 618.979980
1597.008057 513.669922 103.665527 618.979980
1597.072021 514.288208 103.665527 619.809998
1597.095947 514.495239 103.665527 619.979980
1597.095947 514.495239 103.665527 619.979980
1597.135986 515.313049 103.665527 620.809998
1597.160034 515.521057 103.665527 620.969971
1597.160034 515.521057 103.665527 621.000000
1597.176025 516.132507 103.665527 621.809998
1597.192017 516.338867 103.665527 621.979980
1597.192017 516.338867 103.665527 621.989990
1597.192017 517.164673 103.665527 622.799988
1597.199951 517.164673 103.665527 622.979980
1597.199951 517.368591 103.665527 623.010010
1597.223999 517.978027 103.665527 623.809998
1597.223999 518.183228 103.665527 623.979980
1597.223999 518.183228 103.665527 624.010010
1597.271973 518.990051 103.665527 624.809998
1597.271973 518.990051 103.665527 624.979980
1597.271973 519.193787 103.665527 625.000000
1597.495972 519.812073 103.665527 625.809998
1597.504028 520.019348 103.665527 625.979980
1597.504028 520.019348 103.665527 626.000000
1598.079956 520.842957 103.665527 626.809998
1598.088013 520.842957 103.665527 626.979980
1598.088013 521.043152 103.665527 627.000000
1598.864014 521.653625 103.665527 627.809998
1598.864014 521.856201 103.665527 627.979980
1598.864014 521.856201 103.665527 628.000000
1600.975952 522.266724 100.763031 628.809998
1600.975952 522.266724 100.763031 628.979980
1600.975952 522.266724 100.763031 628.979980
1603.552002 522.669861 100.763031 629.809998
1603.552002 522.873657 100.763031 629.979980
1603.552002 522.873657 100.763031 630.010010
1605.823975 523.683350 100.763031 630.820007
1605.823975 523.887695 100.763031 630.979980
1605.823975 523.887695 100.763031 631.000000
1608.760010 524.698425 100.763031 631.820007
1608.760010 524.698425 100.763031 631.979980
1608.760010 524.698425 100.763031 631.989990
1610.592041 525.510559 100.763031 632.809998
1610.592041 525.718323 100.763031 632.979980
1610.592041 525.718323 100.763031 633.010010
1612.728027 526.532898 100.763031 633.809998
1612.728027 526.532898 100.763031 633.979980
1612.728027 526.532898 100.763031 634.000000
1616.656006 527.354309 100.763031 634.809998
1616.656006 527.558594 100.763031 634.979980
1616.656006 527.558594 100.763031 634.989990
1623.703979 528.162537 101.384193 635.820007
1623.703979 528.162537 101.384193 635.979980
1623.703979 528.162537 101.384193 635.989990
1629.407959 528.777405 101.384193 636.820007
1629.407959 528.987488 101.384193 636.979980
1629.407959 528.987488 101.384193 637.000000
1633.000000 529.809143 101.384193 637.820007
1633.000000 530.015076 101.384193 637.979980
1633.000000 530.015076 101.384193 638.010010
1637.176025 530.624939 101.384193 638.809998
1637.176025 530.825012 101.384193 638.979980
1637.183960 530.825012 101.384193 639.000000
1640.880005 531.640625 101.384193 639.809998
1640.880005 531.846252 101.384193 639.979980
1640.887939 531.846252 101.384193 639.979980
1643.671997 532.451050 101.384193 640.809998
1643.671997 532.652222 101.384193 640.979980
1643.671997 532.652222 101.384193 640.989990
1645.991943 533.464539 101.384193 641.880005
1645.991943 533.464539 101.384193 641.979980
1645.991943 533.665039 101.384193 642.010010
1647.583984 534.278076 101.384193 642.809998
1647.583984 534.479553 101.384193 642.979980
1647.583984 534.479553 101.384193 643.010010
1649.472046 535.091187 101.384193 643.809998
1649.472046 535.295776 101.384193 643.979980
1649.472046 535.295776 101.384193 643.989990
1652.816040 536.112122 101.384193 644.820007
1652.816040 536.313721 101.384193 644.979980
1652.816040 536.313721 101.384193 645.010010
1655.264038 537.129822 101.384193 645.820007
1655.264038 537.129822 120.028755 645.979980
1655.264038 537.129822 120.028755 645.979980
1657.463989 537.330750 120.028755 646.820007
1657.463989 537.330750 120.028755 646.979980
1657.463989 537.330750 120.028755 647.010010
1661.319946 538.156799 120.028755 647.809998
1661.319946 538.156799 120.028755 647.979980
1661.416016 538.366272 120.028755 648.010010
1664.560059 538.982788 120.028755 648.809998
1664.560059 539.183899 120.028755 648.979980
1664.560059 539.183899 120.028755 648.989990
1666.991943 540.003052 120.028755 649.830017
1666.991943 540.211304 120.028755 649.979980
1666.991943 540.211304 120.028755 649.989990
1670.776001 540.826294 120.028755 650.820007
1670.776001 541.030518 120.028755 650.969971
1670.776001 541.030518 120.028755 651.010010
1673.072021 541.851929 120.028755 651.809998
1673.072021 542.056030 120.028755 651.979980
1673.072021 542.056030 120.028755 651.979980
1674.040039 542.664612 120.028755 652.820007
1674.040039 542.871521 120.028755 652.979980
1674.040039 542.871521 120.028755 653.010010
1674.631958 543.693787 120.028755 653.820007
1674.631958 543.895569 120.028755 653.979980
1674.631958 543.895569 120.028755 653.989990
1674.880005 544.711243 120.028755 654.820007
1674.880005 544.711243 120.028755 654.979980
1674.880005 544.711243 120.028755 654.989990
1675.887939 545.516602 120.028755 655.809998
1675.887939 545.716797 120.028755 655.979980
1675.911987 545.716797 120.028755 655.979980
1679.407959 546.534851 120.028755 656.809998
1679.407959 546.534851 111.453583 657.010010
1679.407959 546.534851 111.453583 657.010010
1683.599976 546.735229 111.453583 657.820007
1683.599976 546.935303 111.453583 657.979980
1683.599976 546.935303 111.453583 657.979980
1688.832031 547.763550 111.453583 658.809998
1688.832031 547.966797 111.453583 658.979980
1688.839966 547.966797 111.453583 658.989990
1698.303955 548.584106 111.453583 659.809998
1698.303955 548.791809 111.453583 659.979980
1698.303955 548.791809 111.453583 659.979980
1703.784058 549.613708 111.453583 660.809998
1703.784058 549.816040 111.453583 660.979980
1703.784058 549.816040 111.453583 661.010010
1706.887939 550.420593 111.453583 661.820007
1706.887939 550.627319 111.453583 661.979980
1706.887939 550.627319 111.453583 661.979980
1709.391968 551.447998 111.453583 662.809998
1709.391968 551.655640 111.453583 662.979980
1709.391968 551.655640 111.453583 663.010010
1711.472046 552.477173 111.453583 663.820007
1711.472046 552.477173 111.453583 663.979980
1711.472046 552.477173 111.453583 663.979980
1713.223999 553.296814 111.453583 664.809998
1713.223999 553.505371 111.453583 664.979980
1713.223999 553.505371 111.453583 665.000000
1715.063965 554.114685 111.453583 665.820007
1715.063965 554.319519 111.453583 665.979980
1715.063965 554.319519 111.453583 666.010010
1716.647949 555.139526 111.453583 666.799988
1716.647949 555.339600 111.453583 666.979980
1716.647949 555.339600 111.453583 666.989990
1718.135986 555.952148 102.611801 667.820007
1718.135986 555.952148 102.611801 667.979980
1718.135986 555.952148 102.611801 668.010010
1720.328003 556.359131 102.611801 668.890015
1720.328003 556.359131 102.611801 668.979980
1720.328003 556.359131 102.611801 668.979980
1722.176025 557.188232 102.611801 669.820007
1722.176025 557.394958 102.611801 669.979980
1722.176025 557.394958 102.611801 669.989990
1724.008057 558.206604 102.611801 670.830017
1724.008057 558.206604 102.611801 670.979980
1724.008057 558.206604 102.611801 670.979980
1725.975952 559.029480 102.611801 671.820007
1725.975952 559.233154 102.611801 671.979980
1725.975952 559.233154 102.611801 671.989990
1728.479980 560.049255 102.611801 672.809998
1728.479980 560.258484 102.611801 672.979980
1728.479980 560.258484 102.611801 672.989990
1734.608032 560.864319 102.611801 673.799988
1734.608032 561.065674 102.611801 673.979980
1734.608032 561.065674 102.611801 673.989990
1745.744019 561.889954 102.611801 674.830017
1745.744019 562.096802 102.611801 674.979980
1745.744019 562.096802 102.611801 675.000000
1753.015991 562.916870 102.611801 675.820007
1753.015991 562.916870 102.611801 675.979980
1753.015991 562.916870 102.611801 675.989990
1756.543945 563.727722 102.611801 676.820007
1756.543945 563.929626 102.611801 676.979980
1756.543945 563.929626 102.611801 676.989990
1760.696045 564.539062 102.611801 677.809998
1760.696045 564.744873 102.611801 677.979980
1760.696045 564.744873 102.611801 678.000000
1763.927979 564.947693 107.052231 678.820007
1763.927979 565.148804 107.052231 678.979980
1763.927979 565.148804 107.052231 679.000000
1766.319946 565.564331 107.052231 679.820007
1766.319946 565.769531 107.052231 679.979980
1766.319946 565.769531 107.052231 679.989990
1768.192017 566.595581 107.052231 680.809998
1768.192017 566.802429 107.052231 680.969971
1768.192017 566.802429 107.052231 680.989990
1770.215942 567.621887 107.052231 681.820007
1770.215942 567.828857 107.052231 681.979980
1770.215942 567.828857 107.052231 681.979980
1771.871948 568.641663 107.052231 682.830017
1771.871948 568.641663 107.052231 682.979980
1771.871948 568.641663 107.052231 683.000000
1773.567993 569.465881 107.052231 683.820007
1773.567993 569.669128 107.052231 683.979980
1773.567993 569.669128 107.052231 683.979980
1775.400024 570.288574 107.052231 684.830017
1775.400024 570.489258 107.052231 684.979980
1775.599976 570.489258 107.052231 685.000000
1777.663940 571.314758 107.052231 685.820007
1777.663940 571.515747 107.052231 685.979980
1777.663940 571.515747 107.052231 686.000000
1781.687988 572.133545 107.052231 686.809998
1781.687988 572.342529 107.052231 686.979980
1781.687988 572.342529 107.052231 686.979980
1785.375977 573.157166 107.052231 687.820007
1785.375977 573.363525 107.052231 687.979980
1785.375977 573.363525 107.052231 688.000000
1800.271973 573.565186 90.223953 688.830017
1800.271973 573.565186 90.223953 688.979980
1800.271973 573.565186 90.223953 689.010010
1812.208008 574.388000 90.223953 689.820007
1812.208008 574.594727 90.223953 689.979980
1812.208008 574.594727 90.223953 690.010010
1821.144043 575.214478 90.223953 690.809998
1821.144043 575.422363 90.223953 690.979980
1821.144043 575.422363 90.223953 691.000000
1826.848022 576.234314 90.223953 691.830017
1826.848022 576.234314 90.223953 691.979980
1826.848022 576.234314 90.223953 691.989990
1828.384033 577.052856 90.223953 692.830017
1828.384033 577.256714 90.223953 692.979980
1828.384033 577.256714 90.223953 692.979980
1830.167969 578.076355 90.223953 693.830017
1830.167969 578.076355 90.223953 693.979980
1830.391968 578.076355 90.223953 694.000000
1832.336060 578.889709 90.223953 694.859985
1832.336060 579.093323 90.223953 694.979980
1832.336060 579.093323 90.223953 694.979980
1834.520020 579.706726 90.223953 695.830017
1834.520020 579.915161 90.223953 695.979980
1834.520020 579.915161 90.223953 696.010010
1836.072021 580.721069 90.223953 696.840027
1836.072021 580.721069 90.223953 696.979980
1836.072021 580.721069 90.223953 697.000000
1837.807983 581.531250 90.223953 697.830017
1837.816040 581.531250 128.085281 698.010010
1837.816040 581.531250 128.085281 698.010010
1839.479980 581.732117 128.085281 698.809998
1839.479980 581.732117 128.085281 698.979980
1839.479980 581.732117 128.085281 698.989990
1841.167969 582.545227 128.085281 699.809998
1841.167969 582.751404 128.085281 699.979980
1841.167969 582.751404 128.085281 700.010010
1842.927979 583.571716 128.085281 700.840027
1842.927979 583.571716 128.085281 700.979980
1842.927979 583.571716 128.085281 701.010010
1844.855957 584.393677 128.085281 701.820007
1844.855957 584.393677 128.085281 701.979980
1844.871948 584.595520 128.085281 701.989990
1847.287964 585.207642 128.085281 702.820007
1847.287964 585.415894 128.085281 702.979980
1847.287964 585.415894 128.085281 703.000000
1850.287964 586.229492 128.085281 703.830017
1850.287964 586.229492 128.085281 703.979980
1850.303955 586.229492 128.085281 703.989990
1853.871948 587.039612 128.085281 704.840027
1853.871948 587.248657 128.085281 704.979980
1853.959961 587.248657 128.085281 705.000000
1858.583984 587.857544 128.085281 705.830017
1858.583984 588.062256 128.085281 705.979980
1858.624023 588.062256 128.085281 706.000000
1866.463989 588.880249 128.085281 706.830017
1866.463989 589.086060 128.085281 706.979980
1866.463989 589.086060 128.085281 706.989990
1869.975952 589.899963 128.085281 707.840027
1869.975952 589.899963 128.085281 707.979980
1869.984009 589.899963 128.085281 707.989990
1872.199951 590.512939 101.608025 708.809998
1872.199951 590.512939 101.608025 708.979980
1872.199951 590.512939 101.608025 708.989990
1874.095947 590.923828 101.608025 709.830017
1874.095947 590.923828 101.608025 709.979980
1874.095947 590.923828 101.608025 710.010010
1875.663940 591.744141 101.608025 710.820007
1875.663940 591.950134 101.608025 710.979980
1875.663940 591.950134 101.608025 710.989990
1878.095947 592.770386 101.608025 711.840027
1878.095947 592.974243 101.608025 711.979980
1878.095947 592.974243 101.608025 712.000000
1880.608032 593.592896 101.608025 712.830017
1880.608032 593.798523 101.608025 712.979980
1880.608032 593.798523 101.608025 713.000000
1882.728027 594.411072 101.608025 713.809998
1882.728027 594.617676 101.608025 713.979980
1882.744019 594.617676 101.608025 714.010010
1884.719971 595.438782 101.608025 714.830017
1884.719971 595.438782 101.608025 714.979980
1884.719971 595.642029 101.608025 715.000000
1886.391968 596.252686 101.608025 715.809998
1886.391968 596.455750 101.608025 715.979980
1886.391968 596.455750 101.608025 716.000000
1889.920044 597.272583 101.608025 716.830017
1889.920044 597.476501 101.608025 716.979980
1889.959961 597.476501 101.608025 717.000000
1899.728027 598.304565 101.608025 717.809998
1899.728027 598.304565 101.608025 717.979980
1899.816040 598.505188 101.608025 718.000000
1902.943970 599.124695 101.608025 718.840027
1902.943970 599.331726 101.608025 718.979980
1902.943970 599.331726 101.608025 718.989990
1904.592041 600.144775 101.608025 719.830017
1904.592041 600.144775 116.762970 719.979980
1904.599976 600.144775 116.762970 719.979980
1906.608032 600.346191 116.762970 720.830017
1906.608032 600.346191 116.762970 720.979980
1906.615967 600.346191 116.762970 720.979980
1908.656006 601.169250 116.762970 721.809998
1908.656006 601.376770 116.762970 721.979980
1908.663940 601.376770 116.762970 721.979980
1911.000000 601.989441 116.762970 722.820007
1911.000000 602.193848 116.762970 722.979980
1911.151978 602.193848 116.762970 723.000000
1921.407959 603.012756 116.762970 723.830017
1921.407959 603.012756 116.762970 723.979980
1921.416016 603.012756 116.762970 723.989990
1936.776001 603.828003 116.762970 724.830017
1936.776001 604.030762 116.762970 724.979980
1936.776001 604.030762 116.762970 724.989990
1949.056030 604.849121 116.762970 725.809998
1949.056030 604.849121 116.762970 725.979980
1949.056030 604.849121 116.762970 725.979980
1959.280029 605.664795 116.762970 726.830017
1959.280029 605.867981 116.762970 726.979980
1959.280029 605.867981 116.762970 727.010010
1966.447998 606.073059 107.323280 727.840027
1966.447998 606.073059 107.323280 727.979980
1966.456055 606.073059 107.323280 727.979980
1970.208008 606.889221 107.323280 728.830017
1970.208008 607.093201 107.323280 728.979980
1970.223999 607.093201 107.323280 729.000000
1971.895996 607.919983 107.323280 729.820007
1971.895996 608.122559 107.323280 729.979980
1971.895996 608.122559 107.323280 729.979980
1973.312012 608.940002 107.323280 730.820007
1973.312012 608.940002 107.323280 730.979980
1973.319946 609.141907 107.323280 731.010010
1974.936035 609.756958 107.323280 731.830017
1974.936035 609.963806 107.323280 731.979980
1975.144043 609.963806 107.323280 731.979980
1978.656006 610.778503 107.323280 732.809998
1978.656006 610.778503 107.323280 732.969971
1978.671997 610.778503 107.323280 733.000000
1985.223999 611.607727 107.323280 733.820007
1985.223999 611.812439 107.323280 733.979980
1985.223999 611.812439 107.323280 733.979980
1990.199951 612.628113 107.323280 734.830017
1990.199951 612.628113 107.323280 734.979980
1990.199951 612.628113 107.323280 734.989990
1995.439941 613.447632 107.323280 735.830017
1995.439941 613.655884 107.323280 735.979980
1995.447998 613.655884 107.323280 735.979980
1999.303955 614.471497 107.323280 736.809998
1999.303955 614.471497 107.323280 736.979980
1999.312012 614.471497 107.323280 737.000000
2003.952026 615.086426 102.968987 737.830017
2003.952026 615.086426 102.968987 737.979980
2003.952026 615.086426 102.968987 738.010010
2006.192017 615.491028 102.968987 738.809998
2006.192017 615.491028 102.968987 738.979980
2006.199951 615.491028 102.968987 739.010010
2007.576050 616.315247 102.968987 739.830017
2007.576050 616.519592 102.968987 739.979980
2007.592041 616.519592 102.968987 739.979980
2008.800049 617.332642 102.968987 740.840027
2008.800049 617.536438 102.968987 740.979980
2008.848022 617.536438 102.968987 741.010010
2009.671997 618.148376 102.968987 741.830017
2009.671997 618.354248 102.968987 741.979980
2009.784058 618.354248 102.968987 741.979980
2011.144043 619.177795 102.968987 742.880005
2011.144043 619.177795 102.968987 742.979980
2011.176025 619.177795 102.968987 742.979980
2011.680054 620.000671 102.968987 743.820007
2011.680054 620.000671 102.968987 743.979980
2011.680054 620.205505 102.968987 743.989990
2012.079956 620.823730 102.968987 744.840027
2012.079956 621.026611 102.968987 744.979980
2012.088013 621.026611 102.968987 744.989990
2012.904053 621.844849 102.968987 745.840027
2012.904053 622.046692 102.968987 745.979980
2012.927979 622.046692 102.968987 746.010010
2014.280029 622.660034 102.968987 746.809998
2014.280029 622.865173 127.324585 746.979980
2014.303955 622.865173 127.324585 746.989990
2017.015991 622.865173 127.324585 747.830017
2017.015991 623.068176 127.324585 747.979980
2017.015991 623.068176 127.324585 747.979980
2026.095947 623.681458 127.324585 748.809998
2026.095947 623.881653 127.324585 748.979980
2026.104004 623.881653 127.324585 749.010010
2042.712036 624.698364 127.324585 749.830017
2042.712036 624.900330 127.324585 749.979980
2042.719971 624.900330 127.324585 749.979980
2050.719971 625.713684 127.324585 750.830017
2050.719971 625.713684 127.324585 750.979980
2050.800049 625.922546 127.324585 750.989990
2056.360107 626.534180 127.324585 751.809998
2056.360107 626.735779 127.324585 751.979980
2056.367920 626.735779 127.324585 751.979980
2061.399902 627.141052 110.006767 752.830017
2061.399902 627.141052 110.006767 752.979980
2061.399902 627.141052 110.006767 753.010010
2064.783936 627.755310 110.006767 753.830017
2064.783936 627.959167 110.006767 753.969971
2064.815918 627.959167 110.006767 753.969971
2068.263916 628.780334 110.006767 754.830017
2068.263916 628.982483 110.006767 754.979980
2068.271973 628.982483 110.006767 754.989990
2071.872070 629.589539 110.006767 755.809998
2071.872070 629.798889 110.006767 755.979980
2071.936035 629.798889 110.006767 756.010010
2073.552002 630.626648 110.006767 756.830017
2073.552002 630.835510 110.006767 756.979980
2073.632080 630.835510 110.006767 756.989990
2074.184082 631.660706 110.006767 757.840027
2074.184082 631.660706 110.006767 757.979980
2074.208008 631.660706 110.006767 758.000000
2075.176025 632.491760 110.006767 758.820007
2075.176025 632.696533 110.006767 758.979980
2075.231934 632.696533 110.006767 759.010010
2076.632080 633.518066 110.006767 759.820007
2076.632080 633.518066 110.006767 759.979980
2076.728027 633.518066 110.006767 760.010010
2079.271973 634.347290 110.006767 760.820007
2079.271973 634.551208 110.006767 760.979980
2079.271973 634.551208 110.006767 761.010010
2083.399902 635.369385 110.006767 761.840027
2083.399902 635.369385 110.006767 761.979980
2083.439941 635.369385 110.006767 761.989990
2091.583984 636.191589 110.006767 762.840027
2091.583984 636.191589 103.232330 763.010010
2091.607910 636.191589 103.232330 763.010010
2094.416016 636.392883 103.232330 763.840027
2094.416016 636.595581 103.232330 763.979980
2094.416016 636.595581 103.232330 764.010010
2095.775879 637.214050 103.232330 764.840027
2095.775879 637.421204 103.232330 764.979980
2095.800049 637.421204 103.232330 765.000000
2097.159912 638.237976 103.232330 765.840027
2097.159912 638.237976 103.232330 765.979980
2097.159912 638.444153 103.232330 766.010010
2098.511963 639.054260 103.232330 766.840027
2098.511963 639.259827 103.232330 766.979980
2098.560059 639.259827 103.232330 767.010010
2099.927979 639.882690 103.232330 767.840027
2099.927979 640.088501 103.232330 767.979980
2099.968018 640.088501 103.232330 768.000000
2101.687988 640.912720 103.232330 768.840027
2101.687988 640.912720 103.232330 768.979980
2101.791992 641.113159 103.232330 769.010010
2103.840088 641.730713 103.232330 769.840027
2103.840088 641.934875 103.232330 769.979980
2103.872070 641.934875 103.232330 769.989990
2107.248047 642.746765 103.232330 770.820007
2107.248047 642.746765 103.232330 770.979980
2107.312012 642.746765 103.232330 771.010010
2109.031982 643.557312 103.232330 771.840027
2109.031982 643.758362 103.232330 771.979980
2109.704102 643.758362 103.232330 772.010010
2110.783936 644.585571 103.232330 772.840027
2110.783936 644.585571 103.232330 772.979980
2111.120117 644.585571 103.232330 773.000000
2111.431885 644.785950 101.236801 773.820007
2111.431885 644.785950 101.236801 773.979980
2111.632080 644.785950 101.236801 774.010010
2111.815918 645.392883 101.236801 774.830017
2111.815918 645.597534 101.236801 774.979980
2111.959961 645.597534 101.236801 775.010010
2112.023926 646.412964 101.236801 775.840027
2112.023926 646.615295 101.236801 775.979980
2112.127930 646.615295 101.236801 776.000000
2112.199951 647.433838 101.236801 776.820007
2112.199951 647.635742 101.236801 776.979980
2112.271973 647.635742 101.236801 777.010010
2119.800049 648.449036 101.236801 777.840027
2119.800049 648.449036 101.236801 777.979980
2119.832031 648.449036 101.236801 778.000000
2124.407959 649.273682 101.236801 778.840027
2124.407959 649.474976 101.236801 778.979980
2124.416016 649.474976 101.236801 779.010010
2127.224121 650.298523 101.236801 779.840027
2127.224121 650.298523 101.236801 779.979980
2127.239990 650.298523 101.236801 780.000000
2129.488037 651.120911 101.236801 780.840027
2129.488037 651.327087 101.236801 780.979980
2129.976074 651.327087 101.236801 781.010010
2131.696045 652.147888 101.236801 781.840027
2131.696045 652.147888 101.236801 781.979980
2131.951904 652.147888 101.236801 782.010010
2133.775879 652.971069 101.236801 782.840027
2133.775879 652.971069 114.789726 782.979980
2133.879883 653.174622 114.789726 783.010010
2135.543945 653.376892 114.789726 783.830017
2135.543945 653.376892 114.789726 783.979980
2135.664062 653.587463 114.789726 784.010010
2137.144043 654.410034 114.789726 784.830017
2137.144043 654.410034 114.789726 784.979980
2137.199951 654.618591 114.789726 785.010010
2138.367920 655.236755 114.789726 785.840027
2138.367920 655.445068 114.789726 785.979980
2138.600098 655.445068 114.789726 786.010010
2140.312012 656.269226 114.789726 786.840027
2140.312012 656.478027 114.789726 786.979980
2140.424072 656.478027 114.789726 787.010010
2142.471924 657.085632 114.789726 787.840027
2142.471924 657.287537 114.789726 787.979980
2142.520020 657.287537 114.789726 788.000000
2144.048096 658.118958 114.789726 788.820007
2144.048096 658.320068 114.789726 788.979980
2144.095947 658.320068 114.789726 789.010010
2145.464111 659.150879 114.789726 789.840027
2145.464111 659.150879 114.789726 789.979980
2145.520020 659.150879 114.789726 790.000000
2146.847900 659.964905 114.789726 790.820007
2146.847900 660.172058 114.789726 790.979980
2147.704102 660.172058 114.789726 791.010010
2149.152100 660.986511 114.789726 791.840027
2149.152100 660.986511 114.789726 791.979980
2149.375977 660.986511 114.789726 792.010010
2151.815918 661.801086 114.789726 792.820007
2151.815918 662.009277 114.789726 792.979980
2152.248047 662.009277 114.789726 793.010010
2153.639893 662.617981 114.789726 793.840027
2153.639893 662.823120 115.061974 793.979980
2153.912109 662.823120 115.061974 794.010010
2155.335938 663.024292 115.061974 794.840027
2155.335938 663.024292 115.061974 794.979980
2155.511963 663.024292 115.061974 795.010010
2157.303955 663.849548 115.061974 795.820007
2157.303955 663.849548 115.061974 795.979980
2157.384033 664.050842 115.061974 796.010010
2158.568115 664.660400 115.061974 796.820007
2158.568115 664.864502 115.061974 796.979980
2158.600098 664.864502 115.061974 797.010010
2159.552002 665.473877 115.061974 797.830017
2159.552002 665.677490 115.061974 797.979980
2159.719971 665.677490 115.061974 798.000000
2160.583984 666.495422 115.061974 798.840027
2160.583984 666.495422 115.061974 798.979980
2160.808105 666.495422 115.061974 799.000000
2161.728027 667.314941 115.061974 799.830017
2161.728027 667.522583 115.061974 799.979980
2161.864014 667.522583 115.061974 800.010010
2163.239990 668.346802 115.061974 800.840027
2163.239990 668.346802 115.061974 800.979980
2164.063965 668.346802 115.061974 801.000000
2164.895996 669.157349 115.061974 801.840027
2164.895996 669.361206 115.061974 801.979980
2165.216064 669.361206 115.061974 802.010010
2166.447998 669.968506 115.061974 802.840027
2166.447998 670.176697 115.061974 802.979980
2166.912109 670.176697 115.061974 803.010010
2169.543945 670.995667 115.061974 803.840027
2169.543945 671.200867 115.061974 803.979980
2169.664062 671.200867 115.061974 804.010010
2172.087891 671.608276 119.059418 804.840027
2172.087891 671.608276 119.059418 804.979980
2172.216064 671.608276 119.059418 805.010010
2173.768066 672.016357 119.059418 805.840027
2173.768066 672.217896 119.059418 805.979980
2174.191895 672.217896 119.059418 806.000000
2175.719971 673.039734 119.059418 806.840027
2175.719971 673.246033 119.059418 806.979980
2176.127930 673.246033 119.059418 807.000000
2177.711914 673.852966 119.059418 807.820007
2177.711914 674.053223 119.059418 807.979980
2177.855957 674.053223 119.059418 808.010010
2179.912109 674.872742 119.059418 808.840027
2179.912109 674.872742 119.059418 808.979980
2180.023926 675.079590 119.059418 809.010010
2186.048096 675.686890 119.059418 809.840027
2186.048096 675.889099 119.059418 809.969971
2186.224121 675.889099 119.059418 810.010010
2190.568115 676.709595 119.059418 810.830017
2190.568115 676.909790 119.059418 810.969971
2190.944092 676.909790 119.059418 811.010010
2193.407959 677.723450 119.059418 811.880005
2193.407959 677.723450 119.059418 811.979980
2193.847900 677.723450 119.059418 812.010010
2196.072021 678.133545 115.804321 812.820007
2196.072021 678.133545 115.804321 812.969971
2196.439941 678.133545 115.804321 813.010010
2197.607910 678.536865 115.804321 813.840027
2197.607910 678.744324 115.804321 813.979980
2197.936035 678.744324 115.804321 814.010010
2200.208008 679.565735 115.804321 814.840027
2200.208008 679.767700 115.804321 814.979980
2200.424072 679.767700 115.804321 815.010010
2203.815918 680.583008 115.804321 815.830017
2203.815918 680.583008 115.804321 815.979980
2204.040039 680.791992 115.804321 816.010010
2205.736084 681.412842 115.804321 816.840027
2205.736084 681.614441 115.804321 816.979980
2206.104004 681.614441 115.804321 817.010010
2207.080078 682.227234 115.804321 817.840027
2207.080078 682.436096 115.804321 817.979980
2208.295898 682.436096 115.804321 818.010010
2209.560059 683.257019 115.804321 818.840027
2209.560059 683.461304 115.804321 818.979980
2210.447998 683.461304 115.804321 819.000000
2211.360107 684.268921 115.804321 819.830017
2211.360107 684.268921 115.804321 819.979980
2214.127930 684.268921 115.804321 820.010010
2215.055908 685.079895 115.804321 820.840027
2215.055908 685.285156 115.804321 820.979980
2223.176025 685.285156 115.804321 821.010010
2231.991943 685.910095 115.804321 821.840027
2231.991943 686.115295 115.804321 821.979980
2236.127930 686.115295 115.804321 822.010010
2243.399902 686.936279 115.804321 822.840027
2243.399902 687.143005 115.804321 822.979980
2246.191895 687.143005 115.804321 823.010010
2258.583984 687.962097 115.804321 823.840027
2258.583984 687.962097 86.169853 823.979980
2260.672119 687.962097 86.169853 824.010010
2268.127930 688.164856 86.169853 824.840027
2268.127930 688.164856 86.169853 824.969971
2269.632080 688.365173 86.169853 825.010010
2275.951904 688.975281 86.169853 825.840027
2275.951904 689.175781 86.169853 825.979980
2277.280029 689.175781 86.169853 826.010010
2283.679932 689.986816 86.169853 826.840027
2283.679932 689.986816 86.169853 826.979980
2284.783936 689.986816 86.169853 827.010010
2288.224121 690.810364 86.169853 827.840027
2288.224121 691.019348 86.169853 827.979980
2288.895996 691.019348 86.169853 828.010010
2292.976074 691.831604 86.169853 828.840027
2292.976074 691.831604 86.169853 828.979980
2293.592041 691.831604 86.169853 829.010010
2295.055908 692.641602 86.169853 829.820007
2295.055908 692.844482 86.169853 829.979980
2295.552002 692.844482 86.169853 830.010010
2296.327881 693.660461 86.169853 830.840027
2296.327881 693.660461 86.169853 830.979980
2296.879883 693.660461 86.169853 831.010010
2297.352051 694.487427 86.169853 831.840027
2297.352051 694.690247 86.169853 831.979980
2298.120117 694.690247 86.169853 832.010010
2299.031982 695.303711 86.169853 832.830017
2299.031982 695.510315 86.169853 832.979980
2299.672119 695.510315 86.169853 833.010010
2300.895996 696.337097 86.169853 833.830017
2300.895996 696.538635 86.169853 833.979980
2301.288086 696.538635 86.169853 834.000000
2303.367920 696.742981 46.029438 834.820007
2303.367920 696.742981 46.029438 834.979980
2303.687988 696.742981 46.029438 835.010010
2306.936035 697.352478 46.029438 835.840027
2306.936035 697.557129 46.029438 835.979980
2307.288086 697.557129 46.029438 836.010010
2312.872070 698.376404 46.029438 836.840027
2312.872070 698.577332 46.029438 836.979980
2313.144043 698.577332 46.029438 837.010010
2327.728027 699.190674 46.029438 837.830017
2327.728027 699.397156 46.029438 837.979980
2328.392090 699.397156 46.029438 838.000000
2336.823975 700.209961 46.029438 838.840027
2336.823975 700.415955 46.029438 838.979980
2337.951904 700.415955 46.029438 839.010010
2343.000000 701.224243 46.029438 839.830017
2343.000000 701.224243 46.029438 839.979980
2343.919922 701.224243 46.029438 840.010010
2347.840088 702.035522 46.029438 840.840027
2347.840088 702.243835 46.029438 840.979980
2348.456055 702.243835 46.029438 841.010010
2350.375977 702.863586 46.029438 841.830017
2350.375977 703.066711 46.029438 841.979980
2351.023926 703.066711 46.029438 842.010010
2352.528076 703.875122 46.029438 842.840027
2352.528076 704.081970 46.029438 842.979980
2352.976074 704.081970 46.029438 843.010010
2354.080078 704.899841 46.029438 843.820007
2354.080078 704.899841 46.029438 843.979980
2354.416016 704.899841 46.029438 844.010010
2354.743896 705.719971 46.029438 844.840027
2354.743896 705.719971 52.811161 844.979980
2354.983887 705.719971 52.811161 845.010010
2355.048096 705.921448 52.811161 845.820007
2355.048096 706.124268 52.811161 845.979980
2355.120117 706.124268 52.811161 846.010010
2355.199951 706.733521 52.811161 846.840027
2355.199951 706.937256 52.811161 846.979980
2355.367920 706.937256 52.811161 847.010010
2355.416016 707.754456 52.811161 847.830017
2355.416016 707.954895 52.811161 847.979980
2355.583984 707.954895 52.811161 848.010010
2355.600098 708.763000 52.811161 848.840027
2355.600098 708.763000 52.811161 848.979980
2355.775879 708.763000 52.811161 849.010010
2355.904053 709.574463 52.811161 849.830017
2355.904053 709.779175 52.811161 849.979980
2356.375977 709.779175 52.811161 850.010010
2356.535889 710.612305 52.811161 850.840027
2356.535889 710.612305 52.811161 850.979980
2356.656006 710.814758 52.811161 851.010010
2356.751953 711.429443 52.811161 851.830017
2356.751953 711.633118 52.811161 851.979980
2357.152100 711.633118 52.811161 852.000000
2357.216064 712.454895 52.811161 852.840027
2357.216064 712.454895 52.811161 852.969971
2357.335938 712.454895 52.811161 853.010010
2357.479980 713.276489 52.811161 853.809998
2357.479980 713.477539 49.084877 853.979980
2357.672119 713.477539 49.084877 854.010010
2358.840088 713.677979 49.084877 854.820007
2358.840088 713.677979 49.084877 854.979980
2359.055908 713.677979 49.084877 855.010010
2360.864014 714.494141 49.084877 855.840027
2360.864014 714.494141 49.084877 855.979980
2361.072021 714.698547 49.084877 856.010010
2362.471924 715.313110 49.084877 856.840027
2362.471924 715.519775 49.084877 856.979980
2362.632080 715.519775 49.084877 857.010010
2364.072021 716.339539 49.084877 857.840027
2364.072021 716.544495 49.084877 857.979980
2364.231934 716.544495 49.084877 858.010010
2365.224121 717.163757 49.084877 858.840027
2365.224121 717.364014 49.084877 858.979980
2365.352051 717.364014 49.084877 859.010010
2365.416016 718.197693 49.084877 859.840027
2365.416016 718.197693 49.084877 859.979980
2368.191895 718.403748 49.084877 860.010010
2368.231934 719.014832 49.084877 860.840027
2368.231934 719.218018 49.084877 860.979980
2371.991943 719.218018 49.084877 861.000000
2372.055908 720.043457 49.084877 861.840027
2372.055908 720.043457 49.084877 861.979980
2375.288086 720.043457 49.084877 862.010010
2375.343994 720.664246 71.087242 862.820007
2375.343994 720.664246 71.087242 862.979980
2378.248047 720.664246 71.087242 863.010010
2378.303955 721.067383 71.087242 863.840027
2378.303955 721.267639 71.087242 863.979980
2379.872070 721.267639 71.087242 864.010010
2380.087891 722.080627 71.087242 864.840027
2380.095947 722.080627 71.087242 864.979980
2380.159912 722.080627 71.087242 865.010010
2380.384033 722.894470 71.087242 865.830017
2380.384033 723.098633 71.087242 865.979980
2380.439941 723.098633 71.087242 866.010010
2380.592041 723.713379 71.087242 866.840027
2380.592041 723.917908 71.087242 866.979980
2380.607910 723.917908 71.087242 867.010010
2380.719971 724.735413 71.087242 867.830017
2380.719971 724.943359 71.087242 867.979980
2380.736084 724.943359 71.087242 868.010010
2380.872070 725.760010 71.087242 868.840027
2380.872070 725.760010 71.087242 868.979980
2380.887939 725.760010 71.087242 869.010010
2381.048096 726.780090 71.087242 869.890015
2381.048096 726.780090 71.087242 869.979980
2381.335938 726.780090 71.087242 870.010010
2381.367920 727.590637 71.087242 870.840027
2381.367920 727.796143 71.087242 870.979980
2381.632080 727.796143 71.087242 871.010010
2381.783936 728.411804 81.849037 871.820007
2381.783936 728.614563 81.849037 871.979980
2381.832031 728.614563 81.849037 872.010010
2381.887939 728.816040 81.849037 872.840027
2381.887939 728.816040 81.849037 872.979980
2381.927979 728.816040 81.849037 873.010010
2382.072021 729.628845 81.849037 873.840027
2382.072021 729.834167 81.849037 873.979980
2382.159912 729.834167 81.849037 874.010010
2382.176025 730.647827 81.849037 874.820007
2382.176025 730.851318 81.849037 874.979980
2382.224121 730.851318 81.849037 875.010010
2382.256104 731.676270 81.849037 875.840027
2382.256104 731.676270 81.849037 875.979980
2382.375977 731.676270 81.849037 876.010010
2382.447998 732.491516 81.849037 876.830017
2382.447998 732.695557 81.849037 876.979980
2382.528076 732.695557 81.849037 877.010010
2382.575928 733.513611 81.849037 877.840027
2382.575928 733.513611 81.849037 877.979980
2382.743896 733.513611 81.849037 878.010010
2382.743896 734.339233 81.849037 878.840027
2382.743896 734.547974 81.849037 878.979980
2382.815918 734.547974 81.849037 879.010010
2382.872070 735.369080 81.849037 879.820007
2382.872070 735.369080 81.849037 879.979980
2382.919922 735.573486 81.849037 880.010010
2383.048096 736.184570 81.849037 880.840027
2383.048096 736.392578 81.849037 880.979980
2383.600098 736.392578 81.849037 881.010010
2383.751953 737.210266 81.849037 881.840027
2383.751953 737.210266 81.849037 881.979980
2384.320068 737.210266 81.849037 882.010010
2384.360107 737.824280 73.781639 882.809998
2384.360107 737.824280 73.781639 882.979980
2385.048096 737.824280 73.781639 883.010010
2385.095947 738.225647 73.781639 883.809998
2385.095947 738.225647 73.781639 883.979980
2385.520020 738.433533 73.781639 884.010010
2385.607910 739.247375 73.781639 884.820007
2385.607910 739.247375 73.781639 884.979980
2386.008057 739.247375 73.781639 885.010010
2386.303955 740.063049 73.781639 885.830017
2386.303955 740.063049 73.781639 885.979980
2386.736084 740.263611 73.781639 886.010010
2386.912109 740.880127 73.781639 886.840027
2386.912109 741.089355 73.781639 886.979980
2387.728027 741.089355 73.781639 887.010010
2387.728027 741.906494 73.781639 887.840027
2387.728027 741.906494 73.781639 887.969971
2388.295898 741.906494 73.781639 888.010010
2388.295898 742.739929 73.781639 888.840027
2388.295898 742.941528 73.781639 888.969971
2388.768066 742.941528 73.781639 889.010010
2388.791992 743.146729 78.351921 889.840027
2388.791992 743.146729 78.351921 889.979980
2390.000000 743.146729 78.351921 890.000000
2390.063965 743.965271 78.351921 890.840027
2390.063965 743.965271 78.351921 890.979980
2390.312012 743.965271 78.351921 891.010010
2390.327881 744.981812 78.351921 891.840027
2390.327881 744.981812 78.351921 891.979980
2390.511963 744.981812 78.351921 892.010010
2390.560059 745.801453 78.351921 892.840027
2390.560059 746.010376 78.351921 892.979980
2390.840088 746.010376 78.351921 893.010010
2390.864014 746.836365 78.351921 893.820007
2390.864014 746.836365 78.351921 893.979980
2391.008057 747.040955 78.351921 894.010010
2391.031982 747.659668 78.351921 894.840027
2391.031982 747.861694 78.351921 894.979980
2391.199951 747.861694 78.351921 895.010010
2391.231934 748.476868 78.351921 895.809998
2391.231934 748.684937 78.351921 895.979980
2391.375977 748.684937 78.351921 896.010010
2391.560059 749.504028 78.351921 896.840027
2391.560059 749.504028 78.351921 896.979980
2391.672119 749.711731 78.351921 897.000000
2391.855957 750.530579 78.351921 897.840027
2391.855957 750.530579 78.351921 897.979980
2392.120117 750.530579 78.351921 898.010010
2392.208008 751.354309 78.351921 898.840027
2392.216064 751.562561 78.351921 898.979980
2392.280029 751.562561 78.351921 899.010010
2392.295898 752.170166 87.871376 899.840027
2392.312012 752.170166 87.871376 899.979980
2393.159912 752.170166 87.871376 900.010010
2393.696045 752.373047 87.871376 900.820007
2393.704102 752.576233 87.871376 900.979980
2393.879883 752.576233 87.871376 901.010010
2394.471924 753.394653 87.871376 901.830017
2394.471924 753.599670 87.871376 901.979980
2394.719971 753.599670 87.871376 902.010010
2394.904053 754.426880 87.871376 902.830017
2394.904053 754.426880 87.871376 902.979980
2395.144043 754.426880 87.871376 903.010010
2395.271973 755.236755 87.871376 903.840027
2395.271973 755.445312 87.871376 903.989990
2395.479980 755.445312 87.871376 904.020020
2395.600098 756.261230 87.871376 904.840027
2395.600098 756.261230 87.871376 904.979980
2395.959961 756.261230 87.871376 905.010010
2396.063965 757.081482 87.871376 905.820007
2396.063965 757.283081 87.871376 905.979980
2396.775879 757.283081 87.871376 906.010010
2397.072021 757.890442 87.871376 906.820007
2397.072021 758.109375 87.871376 906.979980
2397.592041 758.109375 87.871376 907.010010
2398.647949 758.927917 87.871376 907.840027
2398.679932 759.135132 87.871376 907.979980
2398.919922 759.135132 87.871376 908.010010
2405.144043 759.746765 87.871376 908.820007
2405.159912 759.955139 87.871376 908.979980
2405.912109 759.955139 87.871376 909.010010
2409.511963 760.775879 87.871376 909.840027
2409.511963 760.775879 87.871376 909.979980
2409.904053 760.775879 87.871376 910.010010
2411.352051 761.180847 80.895264 910.840027
2411.367920 761.180847 80.895264 910.979980
2411.568115 761.180847 80.895264 911.010010
2411.823975 761.583252 80.895264 911.840027
2411.864014 761.789062 80.895264 911.969971
2412.000000 761.789062 80.895264 912.010010
2412.552002 762.595459 80.895264 912.840027
2412.592041 762.798218 80.895264 912.979980
2412.672119 762.798218 80.895264 913.020020
2412.872070 763.616089 80.895264 913.840027
2412.879883 763.616089 80.895264 913.979980
2413.095947 763.816772 80.895264 914.010010
2413.327881 764.423340 80.895264 914.830017
2413.352051 764.625549 80.895264 914.979980
2413.632080 764.625549 80.895264 915.010010
2413.800049 765.450684 80.895264 915.840027
2413.815918 765.651245 80.895264 915.979980
2414.000000 765.651245 80.895264 916.010010
2414.120117 766.470520 80.895264 916.820007
2414.144043 766.470520 80.895264 916.979980
2414.288086 766.675232 80.895264 917.010010
2414.471924 767.290161 80.895264 917.840027
2414.503906 767.492249 80.895264 917.979980
2414.760010 767.492249 80.895264 918.010010
2415.184082 768.313904 80.895264 918.840027
2415.208008 768.313904 80.895264 918.979980
2415.320068 768.521729 80.895264 919.010010
2415.367920 769.128784 68.749405 919.830017
2415.407959 769.128784 68.749405 919.979980
2415.520020 769.128784 68.749405 920.010010
2415.607910 769.330933 68.749405 920.809998
2415.624023 769.532227 68.749405 920.979980
2415.719971 769.532227 68.749405 921.000000
2415.775879 770.348389 68.749405 921.809998
2415.791992 770.348389 68.749405 921.979980
2415.832031 770.549011 68.749405 922.010010
2415.959961 771.363281 68.749405 922.840027
2416.016113 771.363281 68.749405 922.979980
2416.048096 771.363281 68.749405 923.010010
2416.280029 772.183594 68.749405 923.840027
2416.367920 772.391479 68.749405 923.979980
2416.392090 772.391479 68.749405 924.010010
2416.768066 773.014587 68.749405 924.840027
2416.927979 773.216675 68.749405 924.979980
2416.951904 773.216675 68.749405 925.000000
2417.327881 774.038147 68.749405 925.830017
2417.431885 774.038147 68.749405 925.979980
2417.511963 774.238953 68.749405 926.010010
2417.672119 774.848328 68.749405 926.820007
2418.560059 775.055176 68.749405 926.979980
2418.760010 775.055176 68.749405 927.010010
2418.895996 775.878174 68.749405 927.830017
2419.815918 776.080688 68.749405 927.979980
2419.959961 776.080688 68.749405 928.010010
2420.464111 776.484924 101.969093 928.840027
2421.456055 776.484924 101.969093 928.979980
2421.647949 776.484924 101.969093 929.010010
2421.679932 776.886719 101.969093 929.840027
2422.399902 777.091003 101.969093 929.969971
2422.568115 777.091003 101.969093 930.000000
2422.592041 777.915039 101.969093 930.840027
2423.543945 778.120483 101.969093 930.979980
2423.592041 778.120483 101.969093 931.010010
2423.679932 778.731079 101.969093 931.809998
2424.496094 778.939148 101.969093 931.979980
2424.568115 778.939148 101.969093 931.989990
2424.664062 779.750977 101.969093 932.809998
2425.031982 779.750977 101.969093 932.979980
2425.063965 779.750977 101.969093 933.010010
2425.127930 780.567200 101.969093 933.830017
2425.216064 780.784729 101.969093 933.979980
2425.256104 780.784729 101.969093 934.010010
2425.360107 781.606079 101.969093 934.840027
2425.392090 781.806152 101.969093 934.979980
2425.456055 781.806152 101.969093 935.010010
2425.464111 782.415161 101.969093 935.830017
2425.503906 782.624268 101.969093 935.979980
2425.639893 782.624268 101.969093 936.010010
2425.639893 783.443726 101.969093 936.830017
2425.704102 783.648804 101.969093 936.979980
2425.832031 783.648804 101.969093 937.000000
2425.840088 784.264221 101.969093 937.830017
2425.959961 784.467163 101.969093 937.969971
2427.095947 784.467163 101.969093 938.000000
2427.295898 784.878174 94.150146 938.840027
2427.456055 784.878174 94.150146 938.979980
2428.783936 784.878174 94.150146 939.010010
2428.800049 785.481445 94.150146 939.840027
2428.944092 785.481445 94.150146 939.979980
2430.528076 785.481445 94.150146 940.010010
2430.600098 786.508606 94.150146 940.809998
2430.775879 786.508606 94.150146 940.979980
2431.696045 786.713501 94.150146 941.010010
2431.711914 787.330872 94.150146 941.809998
2431.855957 787.540100 94.150146 941.979980
2432.647949 787.540100 94.150146 942.010010
2432.647949 788.361755 94.150146 942.809998
2433.104004 788.567810 94.150146 942.979980
2433.664062 788.567810 94.150146 943.010010
2433.664062 789.388977 94.150146 943.840027
2433.832031 789.388977 94.150146 943.979980
2434.832031 789.593262 94.150146 944.010010
2434.840088 790.411865 94.150146 944.830017
2435.271973 790.411865 94.150146 944.979980
2436.904053 790.411865 94.150146 945.010010
2436.912109 791.241699 94.150146 945.840027
2437.447998 791.443115 94.150146 945.979980
2439.048096 791.443115 94.150146 946.010010
2439.080078 792.256714 94.150146 946.840027
2439.360107 792.256714 94.150146 946.979980
2439.464111 792.457214 94.150146 947.010010
2439.520020 792.660156 85.852089 947.840027
2439.615967 792.660156 85.852089 947.979980
2439.647949 792.660156 85.852089 948.000000
2439.696045 793.477173 85.852089 948.809998
2439.823975 793.686096 85.852089 948.979980
2439.927979 793.686096 85.852089 949.010010
2440.095947 794.511902 85.852089 949.840027
2440.431885 794.511902 85.852089 949.979980
2440.583984 794.511902 85.852089 950.000000
2440.624023 795.317139 85.852089 950.809998
2440.800049 795.517517 85.852089 950.979980
2440.815918 795.517517 85.852089 951.010010
2440.855957 796.135193 85.852089 951.840027
2441.144043 796.342407 85.852089 951.979980
2441.152100 796.342407 85.852089 952.010010
2441.191895 797.162598 85.852089 952.840027
2441.447998 797.366211 85.852089 952.979980
2441.464111 797.366211 85.852089 953.010010
2441.471924 797.976074 85.852089 953.840027
2441.632080 798.183899 85.852089 953.979980
2441.783936 798.183899 85.852089 954.010010
2441.791992 798.998474 85.852089 954.840027
2441.936035 799.204468 85.852089 954.979980
2442.008057 799.204468 85.852089 955.010010
2442.031982 799.815552 85.852089 955.840027
2442.191895 800.019714 85.852089 955.979980
2442.239990 800.019714 85.852089 956.010010
2442.248047 800.832825 85.852089 956.840027
2442.367920 801.041565 85.852089 956.979980
2442.416016 801.041565 85.852089 957.010010
2442.447998 801.655579 91.089569 957.809998
2442.496094 801.655579 91.089569 957.979980
2442.528076 801.655579 91.089569 958.010010
2442.568115 801.856018 91.089569 958.840027
2442.592041 802.057678 91.089569 958.979980
2442.647949 802.057678 91.089569 959.010010
2442.696045 802.872437 91.089569 959.840027
2442.728027 802.872437 91.089569 959.979980
2442.751953 802.872437 91.089569 960.010010
2442.815918 803.681641 91.089569 960.840027
2442.936035 803.887939 91.089569 960.989990
2442.968018 803.887939 91.089569 961.020020
2443.072021 804.705200 91.089569 961.840027
2443.112061 804.905762 91.089569 961.989990
2443.224121 804.905762 91.089569 962.020020
2443.320068 805.519897 91.089569 962.840027
2443.431885 805.726746 91.089569 962.979980
2443.479980 805.726746 91.089569 963.010010
2443.647949 806.536621 91.089569 963.840027
2443.711914 806.536621 91.089569 963.979980
2443.719971 806.741455 91.089569 964.010010
2443.751953 807.353882 91.089569 964.840027
2443.815918 807.563293 91.089569 964.979980
2443.823975 807.563293 91.089569 965.010010
2443.912109 808.378967 91.089569 965.840027
2444.040039 808.579163 91.089569 965.979980
2444.120117 808.579163 91.089569 966.000000
2444.208008 809.190857 91.089569 966.840027
2444.248047 809.392151 91.089569 966.979980
2444.256104 809.392151 91.089569 967.010010
2444.335938 810.205566 91.089569 967.880005
2444.343994 810.205566 91.089569 967.979980
2444.343994 810.415649 91.089569 968.020020
2444.424072 811.241455 91.089569 968.830017
2444.488037 811.241455 91.089569 968.989990
2444.488037 811.241455 91.089569 969.010010
2444.615967 811.648376 90.157021 969.840027
2444.664062 811.648376 90.157021 969.969971
2444.672119 811.648376 90.157021 970.010010
2444.728027 812.257385 90.157021 970.840027
2444.800049 812.467407 90.157021 970.979980
2444.800049 812.467407 90.157021 971.000000
2444.840088 813.288757 90.157021 971.840027
2444.895996 813.489502 90.157021 971.979980
2444.904053 813.489502 90.157021 972.010010
2444.919922 814.308289 90.157021 972.840027
2444.976074 814.308289 90.157021 972.979980
2444.976074 814.308289 90.157021 973.010010
2444.983887 815.125854 90.157021 973.840027
2444.991943 815.327759 90.157021 973.979980
2445.000000 815.327759 90.157021 974.010010
2445.040039 816.144653 90.157021 974.840027
2445.072021 816.144653 90.157021 974.979980
2445.072021 816.144653 90.157021 975.010010
2445.095947 816.959839 90.157021 975.840027
2445.120117 816.959839 90.157021 975.979980
2445.120117 817.164062 90.157021 976.010010
2445.127930 817.777954 90.157021 976.840027
2445.152100 817.979736 90.157021 976.979980
2445.152100 817.979736 90.157021 977.010010
2445.167969 818.793823 90.157021 977.840027
2445.392090 819.000610 90.157021 977.979980
2445.399902 819.000610 90.157021 978.010010
2445.447998 819.620605 90.157021 978.840027
2445.904053 819.829224 90.157021 978.979980
2445.912109 819.829224 90.157021 979.000000
2445.912109 820.434509 85.353584 979.820007
2446.144043 820.635803 85.353584 979.979980
2446.144043 820.635803 85.353584 980.000000
2446.152100 821.052002 85.353584 980.820007
2446.352051 821.052002 85.353584 980.989990
2446.360107 821.052002 85.353584 981.010010
2446.360107 821.866150 85.353584 981.820007
2446.464111 822.071472 85.353584 981.979980
2446.464111 822.071472 85.353584 982.010010
2446.471924 822.888123 85.353584 982.840027
2446.535889 822.888123 85.353584 982.979980
2446.535889 823.094666 85.353584 983.010010
2446.552002 823.705322 85.353584 983.840027
2446.600098 823.909729 85.353584 983.979980
2446.600098 823.909729 85.353584 984.010010
2446.600098 824.520996 85.353584 984.840027
2446.639893 824.723633 85.353584 984.979980
2446.639893 824.723633 85.353584 985.010010
2446.639893 825.547180 85.353584 985.820007
2446.664062 825.752869 85.353584 985.979980
2446.672119 825.752869 85.353584 986.010010
2446.672119 826.574158 85.353584 986.820007
2446.728027 826.574158 85.353584 986.979980
2446.736084 826.574158 85.353584 987.000000
2446.736084 827.395386 85.353584 987.840027
2446.743896 827.597595 85.353584 987.979980
2446.760010 827.597595 85.353584 988.010010
2446.760010 828.417969 85.353584 988.840027
2446.791992 828.619385 85.353584 988.979980
2446.919922 828.619385 85.353584 989.010010
2446.919922 829.235413 85.353584 989.840027
2446.959961 829.436768 85.353584 989.979980
2446.959961 829.436768 85.353584 990.010010
2446.959961 830.256653 85.353584 990.840027
2446.991943 830.256653 85.353584 990.979980
2447.000000 830.461243 85.353584 991.010010
2447.000000 830.665039 78.256882 991.840027
2447.016113 830.665039 78.256882 991.979980
2447.016113 830.665039 78.256882 992.010010
2447.031982 831.273438 78.256882 992.840027
2447.080078 831.483215 78.256882 992.979980
2447.104004 831.483215 78.256882 993.010010
2447.112061 832.301697 78.256882 993.840027
2447.159912 832.509277 78.256882 993.979980
2447.167969 832.509277 78.256882 994.010010
2447.184082 833.320679 78.256882 994.840027
2447.327881 833.320679 78.256882 994.989990
2447.335938 833.320679 78.256882 995.010010
2447.471924 834.147461 78.256882 995.840027
2447.840088 834.147461 78.256882 995.989990
2447.840088 834.147461 78.256882 996.010010
2449.087891 834.959412 78.256882 996.840027
2449.711914 835.168823 78.256882 996.979980
2449.719971 835.168823 78.256882 997.010010
2451.711914 835.983704 78.256882 997.830017
2452.288086 836.191040 78.256882 997.979980
2452.312012 836.191040 78.256882 998.010010
2453.768066 837.013611 78.256882 998.840027
2454.367920 837.013611 78.256882 998.979980
2454.367920 837.013611 78.256882 999.010010
2455.208008 837.834656 78.256882 999.830017
2455.592041 837.834656 78.256882 999.979980
2455.600098 838.039246 78.256882 1000.010010
2456.760010 838.240112 69.311211 1000.830017
2457.224121 838.240112 69.311211 1000.979980
2457.239990 838.240112 69.311211 1001.010010
2458.167969 838.850342 69.311211 1001.830017
2458.664062 839.050537 69.311211 1001.979980
2458.672119 839.050537 69.311211 1002.000000
2459.471924 839.860535 69.311211 1002.840027
2460.048096 839.860535 69.311211 1002.979980
2460.072021 840.069458 69.311211 1003.010010
2460.704102 840.689331 69.311211 1003.830017
2461.080078 840.898132 69.311211 1003.979980
2461.127930 840.898132 69.311211 1004.010010
2461.768066 841.717041 69.311211 1004.820007
2462.295898 841.717041 69.311211 1004.979980
2462.335938 841.717041 69.311211 1005.010010
2463.152100 842.526001 69.311211 1005.820007
2463.768066 842.727600 69.311211 1005.979980
2463.808105 842.727600 69.311211 1006.010010
2464.936035 843.542664 69.311211 1006.830017
2465.552002 843.542664 69.311211 1006.979980
2465.560059 843.542664 69.311211 1007.000000
2466.135986 844.351501 69.311211 1007.820007
2466.503906 844.557373 69.311211 1007.979980
2466.520020 844.557373 69.311211 1008.010010
2467.016113 845.371887 69.311211 1008.840027
2467.704102 845.580322 69.311211 1008.979980
2467.736084 845.580322 69.311211 1009.010010
2468.184082 846.190979 73.060387 1009.820007
2468.968018 846.190979 73.060387 1009.979980
2468.976074 846.190979 73.060387 1010.010010
2469.208008 846.392883 73.060387 1010.809998
2470.095947 846.599548 73.060387 1010.979980
2470.199951 846.599548 73.060387 1011.000000
2470.343994 847.419067 73.060387 1011.820007
2470.751953 847.619751 73.060387 1011.979980
2471.104004 847.619751 73.060387 1012.010010
2471.263916 848.445312 73.060387 1012.830017
2471.847900 848.647156 73.060387 1012.979980
2473.120117 848.647156 73.060387 1013.010010
2473.176025 849.465454 73.060387 1013.809998
2473.696045 849.465454 73.060387 1013.979980
2475.728027 849.465454 73.060387 1014.010010
2475.968018 850.286499 73.060387 1014.820007
2476.399902 850.486572 73.060387 1014.979980
2477.887939 850.486572 73.060387 1015.010010
2478.040039 851.295654 73.060387 1015.820007
2478.239990 851.295654 73.060387 1015.979980
2479.248047 851.295654 73.060387 1016.010010
2479.343994 852.121094 73.060387 1016.820007
2479.624023 852.323730 73.060387 1016.979980
2479.864014 852.323730 73.060387 1017.010010
2479.959961 853.146851 73.060387 1017.820007
2480.135986 853.146851 73.060387 1017.979980
2480.367920 853.355957 73.060387 1018.010010
2480.456055 853.968628 73.060387 1018.820007
2480.568115 854.169495 73.060387 1018.979980
2480.632080 854.169495 73.060387 1019.010010
2480.919922 854.779663 68.064941 1019.830017
2481.040039 854.779663 68.064941 1019.979980
2481.080078 854.779663 68.064941 1020.010010
2481.176025 855.184143 68.064941 1020.830017
2481.263916 855.184143 68.064941 1020.979980
2481.271973 855.184143 68.064941 1021.010010
2481.352051 855.998413 68.064941 1021.830017
2481.447998 856.201721 68.064941 1021.979980
2481.535889 856.201721 68.064941 1022.010010
2481.615967 857.015869 68.064941 1022.809998
2481.728027 857.217102 68.064941 1022.979980
2481.751953 857.217102 68.064941 1023.010010
2481.855957 857.827271 68.064941 1023.840027
2481.872070 858.028076 68.064941 1023.979980
2482.000000 858.028076 68.064941 1024.010010
2482.135986 858.855896 68.064941 1024.839966
2482.167969 859.057495 68.064941 1024.979980
2482.248047 859.057495 68.064941 1025.010010
2482.327881 859.879028 68.064941 1025.839966
2482.399902 859.879028 68.064941 1025.979980
2482.624023 859.879028 68.064941 1026.010010
2482.647949 860.701477 68.064941 1026.819946
2482.647949 860.909973 68.064941 1026.979980
2484.360107 860.909973 68.064941 1027.010010
2484.375977 861.726990 68.064941 1027.819946
2484.447998 861.726990 68.064941 1027.979980
2485.647949 861.726990 68.064941 1028.010010
2485.704102 862.561707 68.064941 1028.839966
2485.783936 862.768005 68.064941 1028.979980
2486.392090 862.768005 68.064941 1029.020020
2486.711914 863.380371 68.064941 1029.839966
2486.760010 863.585938 68.064941 1029.979980
2486.855957 863.585938 68.064941 1030.010010
2487.112061 864.408142 68.064941 1030.839966
2487.127930 864.408142 68.064941 1030.979980
2487.144043 864.408142 68.064941 1031.010010
2487.471924 865.021362 68.064941 1031.819946
2487.496094 865.225586 68.064941 1031.979980
2487.592041 865.225586 68.064941 1032.010010
2487.711914 865.428650 66.025505 1032.810059
2487.736084 865.428650 66.025505 1032.989990
2487.736084 865.631226 66.025505 1033.010010
2487.815918 866.257141 66.025505 1033.839966
2487.864014 866.257141 66.025505 1033.979980
2487.879883 866.257141 66.025505 1034.010010
2487.927979 867.081177 66.025505 1034.839966
2487.959961 867.288696 66.025505 1034.979980
2487.959961 867.288696 66.025505 1035.010010
2487.959961 868.099182 66.025505 1035.839966
2488.016113 868.099182 66.025505 1035.979980
2488.040039 868.099182 66.025505 1036.010010
2488.040039 868.909729 66.025505 1036.839966
2488.040039 869.113586 66.025505 1036.989990
2488.127930 869.113586 66.025505 1037.010010
2488.127930 869.920410 66.025505 1037.839966
2488.127930 869.920410 66.025505 1037.979980
2488.144043 869.920410 66.025505 1038.020020
2488.152100 870.738892 66.025505 1038.839966
2488.271973 870.945007 66.025505 1038.979980
2488.352051 870.945007 66.025505 1039.010010
2488.352051 871.760376 66.025505 1039.839966
2488.360107 871.760376 66.025505 1039.979980
2488.895996 871.760376 66.025505 1040.010010
2488.895996 872.579895 66.025505 1040.819946
2489.008057 872.787842 66.025505 1040.979980
2489.575928 872.787842 66.025505 1041.010010
2489.575928 873.595886 66.025505 1041.819946
2489.719971 873.595886 82.152504 1041.979980
2490.312012 873.595886 82.152504 1042.010010
2490.320068 873.795898 82.152504 1042.839966
2490.392090 873.795898 82.152504 1042.979980
2490.895996 873.795898 82.152504 1043.010010
2490.927979 874.615173 82.152504 1043.829956
2490.927979 874.824219 82.152504 1043.979980
2491.176025 874.824219 82.152504 1044.010010
2491.447998 875.438171 82.152504 1044.839966
2491.447998 875.647705 82.152504 1044.979980
2491.479980 875.647705 82.152504 1045.010010
2491.895996 876.463013 82.152504 1045.839966
2491.895996 876.664612 82.152504 1045.989990
2491.895996 876.664612 82.152504 1046.010010
2492.456055 877.481689 82.152504 1046.839966
2492.528076 877.684509 82.152504 1046.979980
2492.535889 877.684509 82.152504 1047.010010
2493.031982 878.301086 82.152504 1047.839966
2493.063965 878.504456 82.152504 1047.979980
2493.063965 878.504456 82.152504 1048.010010
2493.656006 879.334167 82.152504 1048.839966
2493.679932 879.536133 82.152504 1048.979980
2493.679932 879.536133 82.152504 1049.020020
2494.112061 880.142822 82.152504 1049.839966
2494.231934 880.351074 82.152504 1049.979980
2494.231934 880.351074 82.152504 1050.010010
2494.352051 881.171753 82.152504 1050.829956
2494.416016 881.375549 82.152504 1050.979980
2494.424072 881.375549 82.152504 1051.010010
2494.424072 882.191040 82.152504 1051.839966
2494.520020 882.191040 71.626602 1051.989990
2494.535889 882.191040 71.626602 1052.020020
2494.535889 882.391846 71.626602 1052.839966
2494.592041 882.391846 71.626602 1052.979980
2494.607910 882.391846 71.626602 1053.020020
2494.632080 883.217468 71.626602 1053.839966
2494.664062 883.217468 71.626602 1053.989990
2494.679932 883.421387 71.626602 1054.020020
2494.679932 884.042236 71.626602 1054.819946
2494.679932 884.244080 71.626602 1054.979980
2494.696045 884.244080 71.626602 1055.000000
2494.696045 885.069153 71.626602 1055.819946
2494.711914 885.069153 71.626602 1055.979980
2494.791992 885.275696 71.626602 1056.010010
2494.815918 885.885315 71.626602 1056.829956
2494.832031 886.088684 71.626602 1056.989990
2495.008057 886.088684 71.626602 1057.010010
2495.008057 886.908630 71.626602 1057.839966
2495.016113 887.112305 71.626602 1057.979980
2495.048096 887.112305 71.626602 1058.020020
2495.055908 887.928345 71.626602 1058.839966
2495.063965 887.928345 71.626602 1058.979980
2495.104004 888.132202 71.626602 1059.010010
2495.104004 888.754700 71.626602 1059.839966
2495.248047 888.957336 71.626602 1059.979980
2495.263916 888.957336 71.626602 1060.010010
2495.263916 889.777832 71.626602 1060.839966
2495.367920 889.983337 71.626602 1060.979980
2495.456055 889.983337 71.626602 1061.010010
2495.456055 890.184082 55.180000 1061.829956
2495.456055 890.184082 55.180000 1061.979980
2495.496094 890.184082 55.180000 1062.010010
2495.496094 890.799988 55.180000 1062.829956
2495.503906 891.007996 55.180000 1062.979980
2495.520020 891.007996 55.180000 1063.010010
2495.520020 891.831421 55.180000 1063.839966
2495.552002 892.033752 55.180000 1063.979980
2495.583984 892.033752 55.180000 1064.030029
2495.583984 892.850159 55.180000 1064.819946
2495.607910 892.850159 55.180000 1064.979980
2495.632080 893.050659 55.180000 1065.000000
2495.632080 893.667969 55.180000 1065.819946
2495.687988 893.876892 55.180000 1065.979980
2495.808105 893.876892 55.180000 1066.010010
2495.808105 894.699707 55.180000 1066.839966
2495.808105 894.902771 55.180000 1066.979980
2496.000000 894.902771 55.180000 1067.010010
2496.000000 895.720215 55.180000 1067.839966
2496.016113 895.720215 55.180000 1067.979980
2496.095947 895.720215 55.180000 1068.010010
2496.095947 896.540833 55.180000 1068.839966
2496.095947 896.747681 55.180000 1068.979980
2496.231934 896.747681 55.180000 1069.020020
2496.231934 897.568542 55.180000 1069.839966
2496.231934 897.568542 55.180000 1069.969971
2496.711914 897.776978 55.180000 1070.010010
2496.711914 898.390747 55.180000 1070.839966
2496.711914 898.597839 55.180000 1070.979980
2497.416016 898.597839 55.180000 1071.010010
2497.447998 899.005676 58.983875 1071.810059
2497.456055 899.005676 58.983875 1071.979980
2500.728027 899.005676 58.983875 1072.010010
2500.736084 899.409119 58.983875 1072.839966
2500.736084 899.610901 58.983875 1072.979980
2519.679932 899.610901 58.983875 1073.010010
2519.696045 900.435974 58.983875 1073.829956
2519.704102 900.636658 58.983875 1073.979980
2544.719971 900.636658 58.983875 1074.010010
2544.751953 901.460327 58.983875 1074.839966
2544.751953 901.460327 58.983875 1074.979980
2555.288086 901.460327 58.983875 1075.010010
2555.288086 902.274414 58.983875 1075.839966
2555.288086 902.477844 58.983875 1075.989990
2556.496094 902.477844 58.983875 1076.030029
2556.496094 903.295044 58.983875 1076.819946
2556.496094 903.295044 58.983875 1076.989990
2556.535889 903.498413 58.983875 1077.010010
2556.535889 904.111572 58.983875 1077.819946
2556.575928 904.318420 58.983875 1077.989990
2556.583984 904.318420 58.983875 1078.010010
2556.583984 905.138855 58.983875 1078.819946
2556.583984 905.344360 58.983875 1078.979980
2556.600098 905.344360 58.983875 1079.000000
2556.600098 905.951965 58.983875 1079.810059
2556.607910 906.154175 58.983875 1079.979980
2556.607910 906.154175 58.983875 1080.010010
2556.607910 906.981812 58.983875 1080.819946
2556.624023 907.183533 58.983875 1080.979980
2556.632080 907.183533 58.983875 1081.020020
2556.639893 907.591675 76.853485 1081.839966
2556.639893 907.591675 76.853485 1081.979980
2556.647949 907.591675 76.853485 1082.010010
2556.647949 907.994507 76.853485 1082.839966
2556.647949 908.194580 76.853485 1082.979980
2556.672119 908.194580 76.853485 1083.010010
2556.672119 909.022522 76.853485 1083.839966
2556.672119 909.222534 76.853485 1083.989990
2556.760010 909.222534 76.853485 1084.010010
2556.760010 909.837463 76.853485 1084.819946
2556.768066 910.041199 76.853485 1084.979980
2556.775879 910.041199 76.853485 1085.020020
2556.775879 910.859131 76.853485 1085.819946
2556.775879 910.859131 76.853485 1085.979980
2556.775879 910.859131 76.853485 1086.010010
2556.775879 911.681274 76.853485 1086.819946
2556.775879 911.885864 76.853485 1086.979980
2556.791992 911.885864 76.853485 1087.010010
2556.800049 912.505493 76.853485 1087.839966
2556.800049 912.707703 76.853485 1087.979980
2556.808105 912.707703 76.853485 1088.010010
2556.832031 913.526123 76.853485 1088.819946
2556.832031 913.526123 76.853485 1088.979980
2556.864014 913.526123 76.853485 1089.010010
2556.872070 914.345398 76.853485 1089.839966
2556.872070 914.547852 76.853485 1089.979980
2556.872070 914.547852 76.853485 1090.010010
2556.887939 915.377625 76.853485 1090.839966
2556.887939 915.581543 76.853485 1090.979980
2556.887939 915.581543 76.853485 1091.010010
2556.904053 916.201294 76.853485 1091.839966
2556.904053 916.404663 76.853485 1091.989990
2556.904053 916.404663 76.853485 1092.010010
2556.912109 916.607239 90.114471 1092.819946
2556.912109 916.607239 90.114471 1092.979980
2556.912109 916.809082 90.114471 1093.020020
2556.968018 917.212158 90.114471 1093.839966
2556.968018 917.419128 90.114471 1093.979980
2556.968018 917.419128 90.114471 1094.010010
2557.072021 918.239502 90.114471 1094.839966
2557.072021 918.444641 90.114471 1094.979980
2557.095947 918.444641 90.114471 1095.010010
2557.231934 919.254211 90.114471 1095.839966
2557.231934 919.254211 90.114471 1095.989990
2557.239990 919.254211 90.114471 1096.010010
2557.360107 920.070862 90.114471 1096.829956
2557.360107 920.272766 90.114471 1096.989990
2557.367920 920.272766 90.114471 1097.010010
2557.511963 921.091187 90.114471 1097.839966
2557.511963 921.091187 90.114471 1097.979980
2557.511963 921.295288 90.114471 1098.010010
2557.664062 921.909058 90.114471 1098.839966
2557.664062 922.113342 90.114471 1098.979980
2557.672119 922.113342 90.114471 1099.010010
2557.959961 922.929688 90.114471 1099.839966
2557.959961 922.929688 90.114471 1099.979980
2557.968018 922.929688 90.114471 1100.010010
2558.080078 923.754700 90.114471 1100.839966
2558.080078 923.964050 90.114471 1100.979980
2558.087891 923.964050 90.114471 1101.010010
2558.184082 924.787048 90.114471 1101.819946
2558.184082 924.787048 82.440613 1101.979980
2558.184082 924.787048 82.440613 1102.010010
2558.335938 924.987488 82.440613 1102.839966
2558.335938 924.987488 82.440613 1102.979980
2558.335938 925.188049 82.440613 1103.030029
2558.471924 925.801086 82.440613 1103.839966
2558.471924 926.007629 82.440613 1103.979980
2558.479980 926.007629 82.440613 1104.010010
2558.656006 926.836487 82.440613 1104.839966
2558.656006 927.036804 82.440613 1104.979980
2558.656006 927.036804 82.440613 1105.010010
2558.808105 927.854980 82.440613 1105.839966
2558.808105 927.854980 82.440613 1105.979980
2559.144043 928.055420 82.440613 1106.010010
2559.320068 928.672668 82.440613 1106.819946
2559.320068 928.880920 82.440613 1106.979980
2559.768066 928.880920 82.440613 1107.010010
2560.040039 929.693054 82.440613 1107.839966
2560.040039 929.901062 82.440613 1107.979980
2560.424072 929.901062 82.440613 1108.010010
2561.120117 930.521057 82.440613 1108.839966
2561.120117 930.725830 82.440613 1108.979980
2561.496094 930.725830 82.440613 1109.010010
2566.008057 931.551697 82.440613 1109.839966
2566.008057 931.551697 82.440613 1109.979980
2566.055908 931.759583 82.440613 1110.010010
2581.783936 932.577637 82.440613 1110.869995
2581.783936 932.577637 82.440613 1110.979980
2581.783936 932.577637 82.440613 1111.000000
2593.063965 933.391541 82.440613 1111.849976
2593.063965 933.592834 82.440613 1111.979980
2593.063965 933.592834 82.440613 1112.010010
2599.575928 933.797546 73.748116 1112.859985
2599.575928 933.797546 73.748116 1112.979980
2599.583984 933.797546 73.748116 1113.030029
2605.568115 934.410583 73.748116 1113.859985
2605.568115 934.618958 73.748116 1113.979980
2605.568115 934.618958 73.748116 1114.010010
2609.815918 935.446655 73.748116 1114.839966
2609.815918 935.647583 73.748116 1114.979980
2609.815918 935.647583 73.748116 1115.010010
2612.864014 936.474487 73.748116 1115.839966
2612.864014 936.474487 73.748116 1115.979980
2612.872070 936.679321 73.748116 1116.010010
2615.607910 937.295166 73.748116 1116.839966
2615.607910 937.503723 73.748116 1116.979980
2615.615967 937.503723 73.748116 1117.030029
2617.864014 938.325500 73.748116 1117.859985
2617.864014 938.325500 73.748116 1117.989990
2617.904053 938.325500 73.748116 1118.020020
2619.991943 939.144531 73.748116 1118.849976
2619.991943 939.348450 73.748116 1118.979980
2620.016113 939.348450 73.748116 1119.010010
2622.095947 940.165955 73.748116 1119.849976
2622.095947 940.165955 73.748116 1119.979980
2622.488037 940.165955 73.748116 1120.010010
2624.503906 940.992249 54.534393 1120.839966
2624.503906 940.992249 54.534393 1120.979980
2624.800049 940.992249 54.534393 1121.010010
2626.672119 941.192871 54.534393 1121.829956
2626.672119 941.192871 54.534393 1121.979980
2628.087891 941.192871 54.534393 1122.010010
2629.959961 942.015686 54.534393 1122.859985
2629.959961 942.217346 54.534393 1122.979980
2630.375977 942.217346 54.534393 1123.030029
2632.152100 943.041992 54.534393 1123.869995
2632.152100 943.246338 54.534393 1123.979980
2632.439941 943.246338 54.534393 1124.030029
2634.751953 944.056458 54.534393 1124.849976
2634.751953 944.056458 54.534393 1124.979980
2634.904053 944.056458 54.534393 1125.010010
2637.048096 944.882629 54.534393 1125.869995
2637.048096 945.090088 54.534393 1125.979980
2637.055908 945.090088 54.534393 1126.010010
2638.488037 945.908203 54.534393 1126.859985
2638.488037 946.108276 54.534393 1126.979980
2638.488037 946.108276 54.534393 1127.010010
2639.679932 946.926880 54.534393 1127.839966
2639.679932 946.926880 54.534393 1127.979980
2639.679932 946.926880 54.534393 1128.020020
2640.615967 947.738342 54.534393 1128.839966
2640.615967 947.943176 54.534393 1128.979980
2640.624023 947.943176 54.534393 1129.010010
2641.760010 948.555603 54.534393 1129.829956
2641.760010 948.757935 54.534393 1129.979980
2641.768066 948.757935 54.534393 1130.030029
2642.743896 949.582642 54.534393 1130.839966
2642.743896 949.789368 54.534393 1130.979980
2642.751953 949.789368 54.534393 1131.020020
2643.672119 950.192261 43.385006 1131.849976
2643.672119 950.192261 43.385006 1131.989990
2643.679932 950.192261 43.385006 1132.010010
2644.783936 950.805481 43.385006 1132.910034
2644.783936 950.805481 43.385006 1132.979980
2644.791992 950.805481 43.385006 1133.030029
2645.847900 951.622070 43.385006 1133.859985
2645.847900 951.827881 43.385006 1133.979980
2645.864014 951.827881 43.385006 1134.010010
2646.711914 952.645813 43.385006 1134.869995
2646.719971 952.645813 43.385006 1134.989990
2646.736084 952.645813 43.385006 1135.030029
2647.639893 953.466431 43.385006 1135.869995
2647.639893 953.673096 43.385006 1135.979980
2647.959961 953.673096 43.385006 1136.030029
2648.887939 954.500793 43.385006 1136.869995
2648.887939 954.500793 43.385006 1136.979980
2649.144043 954.708313 43.385006 1137.010010
2650.271973 955.328247 43.385006 1137.849976
2650.271973 955.537292 43.385006 1137.979980
2650.679932 955.537292 43.385006 1138.010010
2651.535889 956.359863 43.385006 1138.839966
2651.535889 956.567627 43.385006 1138.979980
2651.808105 956.567627 43.385006 1139.020020
2652.431885 957.382507 43.385006 1139.839966
2652.431885 957.382507 43.385006 1139.979980
2652.520020 957.585938 43.385006 1140.020020
2653.120117 958.396240 43.385006 1140.869995
2653.120117 958.396240 43.385006 1140.989990
2653.120117 958.396240 43.385006 1141.020020
2653.887939 958.803650 45.771255 1141.859985
2653.904053 958.803650 45.771255 1141.979980
2653.912109 958.803650 45.771255 1142.010010
2654.384033 959.413452 45.771255 1142.859985
2654.384033 959.413452 45.771255 1142.979980
2654.384033 959.413452 45.771255 1143.020020
2654.879883 960.441528 45.771255 1143.839966
2654.879883 960.441528 45.771255 1143.979980
2654.879883 960.441528 45.771255 1144.010010
2655.384033 961.251770 45.771255 1144.839966
2655.384033 961.460388 45.771255 1144.979980
2655.392090 961.460388 45.771255 1145.020020
2655.864014 962.275513 45.771255 1145.839966
2655.864014 962.275513 45.771255 1145.979980
2655.879883 962.275513 45.771255 1146.010010
2656.343994 963.103027 45.771255 1146.839966
2656.343994 963.310364 45.771255 1146.979980
2656.367920 963.310364 45.771255 1147.010010
2656.791992 964.120117 45.771255 1147.839966
2656.791992 964.120117 45.771255 1147.979980
2656.791992 964.120117 45.771255 1148.010010
2657.719971 964.941956 45.771255 1148.839966
2657.719971 965.147827 45.771255 1148.979980
2657.719971 965.147827 45.771255 1149.010010
2658.879883 965.767273 45.771255 1149.839966
2658.879883 965.969543 45.771255 1149.979980
2658.879883 965.969543 45.771255 1150.030029
2659.919922 966.584778 74.203941 1150.859985
2659.919922 966.787598 74.203941 1150.979980
2659.919922 966.787598 74.203941 1151.010010
2660.496094 966.988586 74.203941 1151.859985
2660.496094 966.988586 74.203941 1151.979980
2660.496094 966.988586 74.203941 1152.010010
2661.031982 967.805115 74.203941 1152.839966
2661.040039 968.007019 74.203941 1152.979980
2661.040039 968.007019 74.203941 1153.010010
2661.479980 968.835510 74.203941 1153.839966
2661.479980 968.835510 74.203941 1153.979980
2661.488037 969.040527 74.203941 1154.030029
2661.927979 969.649231 74.203941 1154.859985
2661.927979 969.850952 74.203941 1154.979980
2661.936035 969.850952 74.203941 1155.020020
2662.367920 970.667053 74.203941 1155.859985
2662.367920 970.667053 74.203941 1155.979980
2662.367920 970.868469 74.203941 1156.010010
2662.751953 971.485535 74.203941 1156.859985
2662.751953 971.685669 74.203941 1156.979980
2662.751953 971.685669 74.203941 1157.010010
2663.144043 972.508423 74.203941 1157.849976
2663.144043 972.508423 74.203941 1157.979980
2663.144043 972.711548 74.203941 1158.010010
2663.456055 973.331604 74.203941 1158.859985
2663.456055 973.533875 74.203941 1159.000000
2663.456055 973.533875 74.203941 1159.010010
2664.087891 974.355469 74.203941 1159.910034
2664.087891 974.355469 74.203941 1159.979980
2664.095947 974.355469 74.203941 1160.010010
2664.664062 974.964294 99.832008 1160.849976
2664.664062 974.964294 99.832008 1160.979980
2664.664062 974.964294 99.832008 1161.010010
2664.936035 975.166260 99.832008 1161.859985
2664.936035 975.371033 99.832008 1161.979980
2664.936035 975.371033 99.832008 1162.020020
2665.152100 976.196716 99.832008 1162.849976
2665.152100 976.196716 99.832008 1162.979980
2665.159912 976.196716 99.832008 1163.010010
2665.367920 977.020325 99.832008 1163.859985
2665.367920 977.226501 99.832008 1163.979980
2665.367920 977.226501 99.832008 1164.020020
2665.568115 978.045105 99.832008 1164.849976
2665.568115 978.253479 99.832008 1164.979980
2665.568115 978.253479 99.832008 1165.010010
2665.791992 978.870728 99.832008 1165.839966
2665.791992 979.072327 99.832008 1165.979980
2665.800049 979.072327 99.832008 1166.010010
2666.152100 979.889465 99.832008 1166.859985
2666.152100 980.090027 99.832008 1166.979980
2666.152100 980.090027 99.832008 1167.010010
2666.456055 980.708130 99.832008 1167.859985
2666.456055 980.908386 99.832008 1167.979980
2666.456055 980.908386 99.832008 1168.010010
2666.760010 981.724792 99.832008 1168.910034
2666.760010 981.724792 99.832008 1168.979980
2666.760010 981.927917 99.832008 1169.010010
2666.919922 982.539673 99.832008 1169.859985
2666.919922 982.743896 99.832008 1169.979980
2666.927979 982.743896 99.832008 1170.010010
2667.008057 983.558350 99.832008 1170.859985
2667.008057 983.558350 99.832008 1170.979980
2667.016113 983.761475 99.832008 1171.020020
2667.087891 983.963562 102.330177 1171.849976
2667.087891 983.963562 102.330177 1171.979980
2667.104004 983.963562 102.330177 1172.010010
2668.407959 984.578125 102.330177 1172.859985
2668.407959 984.781067 102.330177 1172.979980
2668.672119 984.781067 102.330177 1173.020020
2670.743896 985.606201 102.330177 1173.839966
2670.743896 985.606201 102.330177 1173.979980
2670.976074 985.807617 102.330177 1174.020020
2673.000000 986.428284 102.330177 1174.839966
2673.000000 986.635315 102.330177 1174.979980
2673.520020 986.635315 102.330177 1175.010010
2674.959961 987.444214 102.330177 1175.859985
2674.959961 987.444214 102.330177 1175.979980
2675.496094 987.444214 102.330177 1176.010010
2676.447998 988.262451 102.330177 1176.859985
2676.447998 988.466736 102.330177 1176.979980
2677.016113 988.466736 102.330177 1177.020020
2677.072021 989.282715 102.330177 1177.869995
2677.072021 989.282715 102.330177 1177.979980
2677.808105 989.486755 102.330177 1178.010010
2677.832031 990.315979 102.330177 1178.910034
2677.832031 990.315979 102.330177 1178.979980
2678.583984 990.315979 102.330177 1179.030029
2678.704102 991.132935 102.330177 1179.839966
2678.704102 991.132935 102.330177 1179.979980
2679.464111 991.132935 102.330177 1180.020020
2679.528076 991.947021 102.330177 1180.849976
2679.528076 992.152039 102.330177 1180.979980
2681.904053 992.152039 102.330177 1181.020020
2682.063965 992.764893 102.330177 1181.859985
2682.063965 992.967041 117.622322 1182.010010
2683.407959 992.967041 117.622322 1182.010010
2683.607910 993.168457 117.622322 1182.859985
2683.607910 993.168457 117.622322 1182.979980
2685.239990 993.168457 117.622322 1183.020020
2685.360107 993.985107 117.622322 1183.859985
2685.360107 993.985107 117.622322 1183.969971
2688.471924 993.985107 117.622322 1184.020020
2688.560059 994.804321 117.622322 1184.859985
2688.560059 995.007812 117.622322 1184.979980
2698.199951 995.007812 117.622322 1185.030029
2698.431885 995.628845 117.622322 1185.859985
2698.431885 995.835388 117.622322 1185.979980
2705.424072 995.835388 117.622322 1186.030029
2705.520020 996.654297 117.622322 1186.869995
2705.520020 996.857422 117.622322 1186.979980
2714.127930 996.857422 117.622322 1187.030029
2714.704102 997.680237 117.622322 1187.859985
2714.704102 997.680237 117.622322 1187.979980
2725.335938 997.680237 117.622322 1188.030029
2726.167969 998.490967 108.750267 1188.920044
2726.167969 998.490967 108.750267 1188.979980
2736.560059 998.490967 108.750267 1189.030029
2737.615967 998.691650 108.750267 1189.869995
2737.615967 998.899780 108.750267 1189.979980
2744.280029 998.899780 108.750267 1190.040039
2745.008057 999.722839 108.750267 1190.869995
2745.008057 999.927612 108.750267 1190.979980
2748.607910 999.927612 108.750267 1191.040039
2749.199951 1000.741577 108.750267 1191.880005
2749.199951 1000.741577 108.750267 1191.989990
2753.416016 1000.741577 108.750267 1192.020020
2753.991943 1001.557617 108.750267 1192.869995
2753.991943 1001.757935 108.750267 1192.989990
2759.919922 1001.757935 108.750267 1193.020020
2760.528076 1002.571960 108.750267 1193.869995
2760.528076 1002.571960 108.750267 1193.979980
2768.575928 1002.775513 108.750267 1194.030029
2768.951904 1003.396973 108.750267 1194.869995
2768.951904 1003.598938 108.750267 1195.000000
2774.104004 1003.598938 108.750267 1195.010010
2774.384033 1004.422485 108.750267 1195.869995
2774.384033 1004.422485 108.750267 1195.969971
2775.575928 1004.422485 108.750267 1196.030029
2776.008057 1005.245300 108.750267 1196.869995
2776.008057 1005.445923 108.750267 1196.989990
2776.552002 1005.445923 108.750267 1197.030029
2776.736084 1006.262512 108.750267 1197.880005
2776.736084 1006.262512 108.750267 1197.989990
2777.704102 1006.262512 108.750267 1198.040039
2777.968018 1006.463928 117.461990 1198.859985
2777.968018 1006.463928 117.461990 1198.979980
2779.488037 1006.463928 117.461990 1199.030029
2779.624023 1007.082825 117.461990 1199.859985
2779.624023 1007.288391 117.461990 1199.979980
2782.095947 1007.288391 117.461990 1200.030029
2782.239990 1008.106995 117.461990 1200.869995
2782.239990 1008.106995 117.461990 1200.979980
2785.087891 1008.308533 117.461990 1201.020020
2785.288086 1008.920837 117.461990 1201.859985
2785.288086 1009.121277 117.461990 1201.979980
2790.927979 1009.121277 117.461990 1202.010010
2790.944092 1009.947632 117.461990 1202.859985
2790.944092 1009.947632 117.461990 1202.969971
2798.295898 1010.151672 117.461990 1203.020020
2798.360107 1010.764282 117.461990 1203.859985
2798.360107 1010.964294 117.461990 1203.989990
2805.248047 1010.964294 117.461990 1204.040039
2805.280029 1011.776184 117.461990 1204.849976
2805.280029 1011.776184 117.461990 1204.989990
2809.864014 1011.776184 117.461990 1205.040039
2809.887939 1012.598450 117.461990 1205.839966
2809.887939 1012.803772 117.461990 1205.979980
2813.087891 1012.803772 117.461990 1206.030029
2813.087891 1013.617798 117.461990 1206.859985
2813.087891 1013.617798 117.461990 1206.979980
2815.696045 1013.617798 117.461990 1207.030029
2815.696045 1014.441162 117.461990 1207.859985
2815.696045 1014.649536 117.461990 1207.979980
2818.008057 1014.649536 117.461990 1208.020020
2818.008057 1015.054199 102.198715 1208.839966
2818.031982 1015.054199 102.198715 1208.979980
2820.184082 1015.054199 102.198715 1209.010010
2820.191895 1015.659424 102.198715 1209.920044
2820.191895 1015.659424 102.198715 1209.979980
2822.736084 1015.659424 102.198715 1210.030029
2822.783936 1016.479126 102.198715 1210.869995
2822.783936 1016.680481 102.198715 1211.010010
2825.055908 1016.680481 102.198715 1211.060059
2825.072021 1017.502625 102.198715 1211.859985
2825.072021 1017.502625 102.198715 1211.979980
2827.224121 1017.502625 102.198715 1212.040039
2827.224121 1018.313354 102.198715 1212.859985
2827.224121 1018.313354 102.647903 1212.979980
2829.424072 1018.313354 102.647903 1213.040039
2829.431885 1018.714233 102.647903 1213.839966
2829.431885 1018.714233 102.647903 1213.979980
2833.087891 1018.714233 102.647903 1214.040039
2833.087891 1019.522522 102.647903 1214.859985
2833.087891 1019.730774 102.647903 1214.979980
2836.144043 1019.730774 102.647903 1215.030029
2836.144043 1020.548584 102.647903 1215.859985
2836.144043 1020.752014 102.647903 1215.979980
2839.352051 1020.752014 102.647903 1216.050049
2839.352051 1021.355347 102.647903 1216.849976
2839.352051 1021.556885 102.647903 1216.979980
2843.184082 1021.556885 102.647903 1217.030029
2843.184082 1022.373047 102.647903 1217.849976
2843.184082 1022.373047 102.647903 1217.979980
2845.743896 1022.579163 102.647903 1218.040039
2845.751953 1023.196960 102.647903 1218.869995
2845.751953 1023.400574 102.647903 1218.979980
2847.983887 1023.400574 102.647903 1219.030029
2848.023926 1024.216797 102.647903 1219.839966
2848.023926 1024.216797 102.647903 1219.979980
2850.208008 1024.216797 102.647903 1220.020020
2850.216064 1025.241943 102.647903 1220.910034
2850.216064 1025.241943 102.647903 1220.979980
2852.656006 1025.241943 102.647903 1221.030029
2852.656006 1025.852783 114.184074 1221.859985
2852.656006 1026.055542 114.184074 1221.979980
2855.399902 1026.055542 114.184074 1222.040039
2855.399902 1026.460693 114.184074 1222.839966
2855.399902 1026.460693 114.184074 1222.979980
2858.216064 1026.663574 114.184074 1223.040039
2858.216064 1027.480591 114.184074 1223.869995
2858.216064 1027.480591 114.184074 1223.989990
2860.895996 1027.682617 114.184074 1224.020020
2860.904053 1028.296387 114.184074 1224.839966
2860.904053 1028.503174 114.184074 1224.979980
2863.488037 1028.503174 114.184074 1225.040039
2863.488037 1029.117310 114.184074 1225.839966
2863.496094 1029.320190 114.184074 1225.979980
2867.639893 1029.320190 114.184074 1226.030029
2867.639893 1030.138428 114.184074 1226.859985
2867.647949 1030.138428 114.184074 1226.979980
2872.808105 1030.138428 114.184074 1227.050049
2872.808105 1030.967896 114.184074 1227.849976
2872.823975 1031.169067 114.184074 1227.979980
2882.704102 1031.169067 114.184074 1228.040039
2882.704102 1031.779175 114.184074 1228.839966
2882.719971 1031.979370 114.184074 1228.979980
2889.031982 1031.979370 114.184074 1229.040039
2889.031982 1032.802368 114.184074 1229.859985
2889.040039 1032.802368 114.184074 1229.989990
2895.360107 1033.008667 114.184074 1230.030029
2895.360107 1033.624390 96.110245 1230.859985
2895.392090 1033.624390 96.110245 1230.969971
2902.312012 1033.624390 96.110245 1231.040039
2902.312012 1033.825073 96.110245 1231.839966
2902.312012 1034.028442 96.110245 1231.989990
2908.023926 1034.028442 96.110245 1232.040039
2908.023926 1034.848755 96.110245 1232.839966
2908.023926 1034.848755 96.110245 1233.000000
2913.991943 1035.050537 96.110245 1233.040039
2913.991943 1035.668701 96.110245 1233.839966
2913.991943 1035.873291 96.110245 1233.989990
2918.063965 1035.873291 96.110245 1234.030029
2918.063965 1036.703979 96.110245 1234.869995
2918.063965 1036.703979 96.110245 1234.979980
2920.503906 1036.909302 96.110245 1235.040039
2920.503906 1037.525879 96.110245 1235.869995
2920.503906 1037.732666 96.110245 1235.979980
2923.152100 1037.732666 96.110245 1236.040039
2923.152100 1038.543335 96.110245 1236.849976
2923.152100 1038.751587 96.110245 1236.989990
2925.248047 1038.751587 96.110245 1237.050049
2925.280029 1039.368286 96.110245 1237.859985
2925.280029 1039.572021 96.110245 1238.000000
2927.312012 1039.572021 96.110245 1238.040039
2927.312012 1040.390015 96.110245 1238.880005
2927.312012 1040.390015 96.110245 1238.979980
2929.127930 1040.599365 96.110245 1239.050049
2929.127930 1041.207397 109.240768 1239.869995
2929.152100 1041.207397 109.240768 1239.989990
2931.479980 1041.207397 109.240768 1240.040039
2931.479980 1041.412720 109.240768 1240.839966
2931.511963 1041.412720 109.240768 1240.979980
2935.152100 1041.619385 109.240768 1241.040039
2935.152100 1042.444824 109.240768 1241.880005
2935.152100 1042.444824 109.240768 1241.979980
2942.479980 1042.647461 109.240768 1242.040039
2942.511963 1043.256836 109.240768 1242.880005
2942.511963 1043.464722 109.240768 1242.979980
2946.823975 1043.464722 109.240768 1243.050049
2946.855957 1044.283569 109.240768 1243.869995
2946.855957 1044.283569 109.240768 1243.979980
2951.087891 1044.485107 109.240768 1244.040039
2951.135986 1045.089111 109.240768 1244.849976
2951.135986 1045.291260 109.240768 1244.979980
2960.416016 1045.291260 109.240768 1245.040039
2960.511963 1045.902466 106.878273 1245.839966
2960.511963 1046.105103 106.878273 1245.979980
2968.016113 1046.105103 106.878273 1246.050049
2968.023926 1046.105103 106.878273 1246.839966
2968.023926 1046.310059 106.878273 1246.989990
2975.280029 1046.310059 106.878273 1247.040039
2975.295898 1047.128906 106.878273 1247.849976
2975.295898 1047.128906 106.878273 1247.979980
2981.855957 1047.330444 106.878273 1248.040039
2981.879883 1048.146240 106.878273 1248.869995
2981.879883 1048.146240 106.878273 1248.989990
2989.239990 1048.146240 106.878273 1249.040039
2989.263916 1048.961548 106.878273 1249.859985
2989.263916 1049.166748 106.878273 1249.979980
2996.335938 1049.166748 106.878273 1250.050049
2996.352051 1049.784058 106.878273 1250.859985
2996.352051 1049.988647 106.878273 1250.989990
2999.951904 1049.988647 106.878273 1251.060059
3000.176025 1050.808228 106.878273 1251.839966
3000.176025 1051.008911 106.878273 1251.979980
3004.520020 1051.008911 106.878273 1252.040039
3004.552002 1051.832031 106.878273 1252.839966
3004.552002 1051.832031 106.878273 1252.989990
3010.216064 1052.032959 106.878273 1253.050049
3010.231934 1052.644897 106.878273 1253.859985
3010.231934 1052.644897 106.878273 1253.979980
3015.303955 1052.851807 106.878273 1254.050049
3015.343994 1053.466919 106.878273 1254.859985
3015.343994 1053.673340 106.878273 1254.979980
3022.295898 1053.673340 106.878273 1255.040039
3022.392090 1054.492310 106.014099 1255.839966
3022.392090 1054.492310 106.014099 1255.979980
3035.191895 1054.492310 106.014099 1256.040039
3035.256104 1054.695679 106.014099 1256.869995
3035.263916 1054.695679 106.014099 1256.979980
3051.639893 1054.695679 106.014099 1257.040039
3051.664062 1055.516479 106.014099 1257.859985
3051.664062 1055.717896 106.014099 1257.979980
3061.632080 1055.717896 106.014099 1258.040039
3061.672119 1056.528931 106.014099 1258.849976
3061.672119 1056.731079 106.014099 1258.979980
3068.280029 1056.731079 106.014099 1259.040039
3068.280029 1057.348877 106.014099 1259.849976
3068.280029 1057.549072 106.014099 1259.979980
3075.959961 1057.549072 106.014099 1260.040039
3075.968018 1058.370972 106.014099 1260.869995
3075.968018 1058.370972 106.014099 1260.979980
3083.679932 1058.575317 106.014099 1261.030029
3083.679932 1059.195190 106.014099 1261.869995
3083.679932 1059.399170 106.014099 1261.979980
3089.511963 1059.399170 106.014099 1262.040039
3089.543945 1060.215088 106.014099 1262.849976
3089.543945 1060.215088 106.014099 1262.979980
3092.823975 1060.417480 106.014099 1263.040039
3092.855957 1061.029907 106.014099 1263.849976
3092.855957 1061.236450 106.014099 1263.979980
3094.407959 1061.236450 106.014099 1264.040039
3094.464111 1062.044067 106.014099 1264.839966
3094.464111 1062.044067 106.014099 1264.989990
3095.751953 1062.044067 106.014099 1265.040039
3095.760010 1062.858276 106.014099 1265.839966
3095.760010 1062.858276 106.014099 1265.979980
3096.736084 1063.059204 106.014099 1266.040039
3096.760010 1063.259399 92.853874 1266.859985
3096.760010 1063.259399 92.853874 1266.989990
3097.543945 1063.259399 92.853874 1267.050049
3097.543945 1063.876465 92.853874 1267.869995
3097.543945 1064.082031 92.853874 1267.979980
3098.167969 1064.082031 92.853874 1268.040039
3098.167969 1064.897461 92.853874 1268.839966
3098.167969 1064.897461 92.853874 1268.989990
3098.872070 1065.102173 92.853874 1269.040039
3098.895996 1065.717651 92.853874 1269.869995
3098.895996 1065.923462 92.853874 1269.979980
3099.392090 1065.923462 92.853874 1270.040039
3099.407959 1066.743042 92.853874 1270.859985
3099.407959 1066.950073 92.853874 1270.979980
3099.959961 1066.950073 92.853874 1271.050049
3099.968018 1067.564209 92.853874 1271.869995
3099.968018 1067.772095 92.853874 1271.979980
3101.208008 1067.772095 92.853874 1272.030029
3101.224121 1068.385376 92.853874 1272.849976
3101.224121 1068.586304 92.853874 1272.979980
3102.104004 1068.586304 92.853874 1273.040039
3102.104004 1068.993530 110.663734 1273.869995
3102.104004 1068.993530 110.663734 1273.979980
3102.872070 1068.993530 110.663734 1274.040039
3102.872070 1069.602539 110.663734 1274.849976
3102.872070 1069.602539 110.663734 1274.979980
3103.664062 1069.808838 110.663734 1275.040039
3103.664062 1070.634888 110.663734 1275.869995
3103.664062 1070.634888 110.663734 1275.979980
3104.439941 1070.634888 110.663734 1276.040039
3104.439941 1071.466187 110.663734 1276.849976
3104.439941 1071.466187 110.663734 1276.979980
3105.520020 1071.668701 110.663734 1277.040039
3105.520020 1072.280884 110.663734 1277.859985
3105.520020 1072.486572 110.663734 1277.989990
3107.063965 1072.486572 110.663734 1278.040039
3107.104004 1073.308960 110.663734 1278.859985
3107.104004 1073.308960 110.663734 1278.979980
3112.327881 1073.513550 110.663734 1279.050049
3112.431885 1074.127319 110.663734 1279.859985
3112.431885 1074.335083 110.663734 1279.979980
3125.959961 1074.335083 110.663734 1280.040039
3125.968018 1075.147217 110.663734 1280.859985
3125.968018 1075.147217 110.663734 1280.979980
3133.135986 1075.351562 110.663734 1281.040039
3133.152100 1075.967407 110.663734 1281.859985
3133.152100 1076.172852 110.663734 1281.979980
3137.568115 1076.172852 110.663734 1282.050049
3137.600098 1076.788818 110.663734 1282.859985
3137.600098 1076.991089 110.663734 1282.979980
3140.872070 1076.991089 110.663734 1283.040039
3140.976074 1077.801758 110.663734 1283.859985
3140.976074 1078.004028 110.663734 1283.979980
3143.159912 1078.004028 110.663734 1284.040039
3143.271973 1078.207153 92.220009 1284.859985
3143.271973 1078.207153 92.220009 1284.979980
3144.976074 1078.207153 92.220009 1285.060059
3145.048096 1078.814453 92.220009 1285.859985
3145.048096 1079.019043 92.220009 1285.979980
3147.352051 1079.019043 92.220009 1286.050049
3147.375977 1079.832642 92.220009 1286.849976
3147.375977 1079.832642 92.220009 1286.979980
3149.719971 1080.041260 92.220009 1287.040039
3149.751953 1080.664673 92.220009 1287.859985
3149.751953 1080.868774 92.220009 1287.989990
3153.135986 1080.868774 92.220009 1288.050049
3153.135986 1081.684326 92.220009 1288.859985
3153.135986 1081.684326 92.220009 1288.979980
3158.791992 1081.891968 92.220009 1289.050049
3158.791992 1082.503784 92.220009 1289.859985
3158.791992 1082.503784 92.220009 1289.979980
3173.360107 1082.503784 92.220009 1290.040039
3173.360107 1083.310547 92.220009 1290.869995
3173.360107 1083.310547 92.220009 1290.979980
3185.696045 1083.515503 92.220009 1291.050049
3185.696045 1084.131226 92.220009 1291.869995
3185.696045 1084.332153 92.220009 1291.979980
3199.392090 1084.332153 92.220009 1292.050049
3199.392090 1085.149170 92.220009 1292.869995
3199.392090 1085.354004 92.220009 1292.979980
3215.167969 1085.354004 92.220009 1293.040039
3215.176025 1086.172607 92.220009 1293.859985
3215.176025 1086.172607 122.203957 1293.979980
3223.335938 1086.172607 122.203957 1294.050049
3223.335938 1086.374878 122.203957 1294.859985
3223.335938 1086.374878 122.203957 1294.969971
3228.104004 1086.374878 122.203957 1295.040039
3228.104004 1087.194580 122.203957 1295.859985
3228.104004 1087.400513 122.203957 1295.979980
3230.895996 1087.400513 122.203957 1296.040039
3230.895996 1088.221802 122.203957 1296.869995
3230.895996 1088.221802 122.203957 1296.979980
3232.919922 1088.423340 122.203957 1297.050049
3232.919922 1089.232422 122.203957 1297.920044
3232.919922 1089.232422 122.203957 1297.979980
3236.456055 1089.232422 122.203957 1298.040039
3236.456055 1089.839844 122.203957 1298.859985
3236.456055 1090.043457 122.203957 1298.979980
3242.687988 1090.043457 122.203957 1299.050049
3242.687988 1090.452759 99.615936 1299.859985
3242.687988 1090.452759 99.615936 1299.979980
3248.832031 1090.452759 99.615936 1300.050049
3248.832031 1091.056274 99.615936 1300.869995
3248.832031 1091.265015 99.615936 1300.979980
3254.176025 1091.265015 99.615936 1301.040039
3254.176025 1092.080566 99.615936 1301.869995
3254.176025 1092.289062 99.615936 1301.969971
3257.367920 1092.289062 99.615936 1302.050049
3257.367920 1093.103027 99.615936 1302.869995
3257.367920 1093.103027 99.615936 1302.979980
3259.615967 1093.305908 99.615936 1303.040039
3259.615967 1094.121948 99.615936 1303.859985
3259.615967 1094.121948 99.615936 1303.979980
3261.208008 1094.121948 99.615936 1304.050049
3261.208008 1094.936768 99.615936 1304.859985
3261.208008 1094.936768 99.615936 1304.979980
3262.879883 1095.141235 99.615936 1305.040039
3262.879883 1095.752197 99.615936 1305.869995
3262.879883 1095.953125 99.615936 1305.979980
3266.800049 1095.953125 99.615936 1306.060059
3266.800049 1096.767578 99.615936 1306.859985
3266.800049 1096.767578 99.615936 1306.979980
3273.008057 1096.973511 99.615936 1307.050049
3273.008057 1097.585205 99.615936 1307.869995
3273.008057 1097.787231 99.615936 1307.979980
3285.607910 1097.787231 99.615936 1308.040039
3285.607910 1098.609985 99.615936 1308.859985
3285.607910 1098.609985 104.632339 1308.989990
3315.511963 1098.609985 104.632339 1309.040039
3315.511963 1098.810547 104.632339 1309.859985
3315.511963 1098.810547 104.632339 1309.979980
3333.424072 1098.810547 104.632339 1310.069946
3333.424072 1099.634155 104.632339 1310.880005
3333.424072 1099.634155 104.632339 1310.979980
3347.040039 1099.840454 104.632339 1311.060059
3347.040039 1100.661987 104.632339 1311.859985
3347.040039 1100.661987 104.632339 1311.989990
3355.135986 1100.661987 104.632339 1312.060059
3355.135986 1101.480103 104.632339 1312.839966
3355.135986 1101.687744 104.632339 1312.979980
3363.184082 1101.687744 104.632339 1313.069946
3363.191895 1102.510986 104.632339 1313.880005
3363.191895 1102.510986 104.632339 1313.979980
3368.711914 1102.713379 104.632339 1314.040039
3368.728027 1103.324585 104.632339 1314.869995
3368.728027 1103.528564 104.632339 1315.000000
3373.496094 1103.528564 104.632339 1315.060059
3373.520020 1104.349365 104.632339 1315.859985
3373.520020 1104.349365 104.632339 1315.969971
3378.135986 1104.550171 104.632339 1316.050049
3378.135986 1105.365234 104.632339 1316.910034
3378.135986 1105.365234 104.632339 1316.979980
3382.184082 1105.365234 104.632339 1317.060059
3382.224121 1106.170288 104.632339 1317.880005
3382.224121 1106.170288 104.632339 1317.979980
3387.783936 1106.377563 104.632339 1318.069946
3387.823975 1106.991821 104.632339 1318.859985
3387.823975 1107.195557 104.632339 1318.979980
3396.639893 1107.195557 104.632339 1319.060059
3396.672119 1108.016113 104.632339 1319.869995
3396.672119 1108.016113 117.506302 1319.979980
3407.583984 1108.016113 117.506302 1320.050049
3407.592041 1108.217407 117.506302 1320.869995
3407.600098 1108.217407 117.506302 1320.979980
3420.424072 1108.418457 117.506302 1321.060059
3420.424072 1109.032715 117.506302 1321.869995
3420.456055 1109.241333 117.506302 1321.979980
3437.416016 1109.241333 117.506302 1322.050049
3437.471924 1110.059814 117.506302 1322.869995
3437.503906 1110.059814 117.506302 1322.989990
3447.167969 1110.267578 117.506302 1323.069946
3447.208008 1110.885376 117.506302 1323.869995
3447.208008 1110.885376 117.506302 1323.979980
3452.464111 1111.093628 117.506302 1324.060059
3452.503906 1111.915649 117.506302 1324.869995
3452.511963 1111.915649 117.506302 1324.979980
3455.991943 1112.116699 117.506302 1325.060059
3456.023926 1112.526245 106.838211 1325.869995
3456.023926 1112.726929 106.838211 1325.979980
3458.664062 1112.726929 106.838211 1326.069946
3458.760010 1113.140381 106.838211 1326.859985
3458.760010 1113.140381 106.838211 1326.979980
3460.887939 1113.345215 106.838211 1327.050049
3460.919922 1114.164185 106.838211 1327.869995
3460.919922 1114.164185 106.838211 1327.979980
3462.560059 1114.367920 106.838211 1328.079956
3462.568115 1114.972412 106.838211 1328.869995
3462.568115 1115.175659 106.838211 1328.979980
3463.951904 1115.175659 106.838211 1329.050049
3463.991943 1115.995972 106.838211 1329.869995
3463.991943 1115.995972 106.838211 1329.979980
3465.751953 1116.202881 106.838211 1330.050049
3465.760010 1116.813721 106.838211 1330.869995
3465.760010 1117.022339 106.838211 1330.979980
3471.416016 1117.022339 106.838211 1331.060059
3471.424072 1117.835938 106.838211 1331.859985
3471.424072 1117.835938 106.838211 1331.979980
3483.535889 1118.042236 106.838211 1332.069946
3483.543945 1118.657227 106.838211 1332.859985
3483.543945 1118.657227 106.838211 1332.979980
3495.815918 1118.864502 106.838211 1333.069946
3495.864014 1119.483276 106.838211 1333.869995
3495.872070 1119.685913 106.838211 1333.989990
3504.327881 1119.685913 106.838211 1334.069946
3504.375977 1120.508423 106.838211 1334.859985
3504.392090 1120.508423 106.838211 1334.979980
3511.775879 1120.508423 106.838211 1335.069946
3511.808105 1120.710327 97.163582 1335.859985
3511.808105 1120.710327 97.163582 1335.969971
3518.895996 1120.911621 97.163582 1336.069946
3518.904053 1121.522095 97.163582 1336.880005
3518.904053 1121.522095 97.163582 1336.979980
3525.095947 1121.728760 97.163582 1337.069946
3525.104004 1122.543579 97.163582 1337.869995
3525.104004 1122.543579 97.163582 1337.979980
3529.072021 1122.543579 97.163582 1338.060059
3529.072021 1123.370728 97.163582 1338.869995
3529.072021 1123.570923 97.163582 1338.979980
3531.327881 1123.570923 97.163582 1339.060059
3531.352051 1124.389404 97.163582 1339.869995
3531.352051 1124.389404 97.163582 1339.979980
3532.991943 1124.589966 97.163582 1340.060059
3533.008057 1125.202515 97.163582 1340.859985
3533.008057 1125.202515 97.163582 1340.989990
3533.808105 1125.202515 97.163582 1341.060059
3533.823975 1126.018188 97.163582 1341.869995
3533.823975 1126.018188 97.163582 1341.989990
3534.864014 1126.225952 97.163582 1342.069946
3534.864014 1126.843628 97.163582 1342.859985
3534.864014 1127.044067 97.163582 1342.979980
3535.968018 1127.044067 97.163582 1343.079956
3535.968018 1127.860962 97.163582 1343.869995
3535.968018 1127.860962 97.163582 1343.979980
3536.991943 1128.064209 97.163582 1344.069946
3537.000000 1128.678467 97.163582 1344.869995
3537.000000 1128.678467 119.875687 1344.979980
3537.791992 1128.881470 119.875687 1345.060059
3537.791992 1129.089111 119.875687 1345.859985
3537.800049 1129.089111 119.875687 1345.979980
3539.679932 1129.289429 119.875687 1346.079956
3539.679932 1130.114990 119.875687 1346.869995
3539.679932 1130.114990 119.875687 1346.979980
3541.496094 1130.316406 119.875687 1347.040039
3541.496094 1130.925293 119.875687 1347.859985
3541.496094 1131.125854 119.875687 1347.969971
3542.687988 1131.125854 119.875687 1348.079956
3542.775879 1131.941895 119.875687 1348.859985
3542.775879 1131.941895 119.875687 1348.989990
3543.912109 1132.145996 119.875687 1349.060059
3544.120117 1132.754028 119.875687 1349.880005
3544.120117 1132.957764 119.875687 1349.979980
3545.568115 1132.957764 119.875687 1350.069946
3545.872070 1133.776978 119.875687 1350.849976
3545.872070 1133.776978 119.875687 1350.979980
3547.711914 1133.982056 119.875687 1351.060059
3547.895996 1134.601440 119.875687 1351.869995
3547.895996 1134.810791 119.875687 1351.979980
3549.367920 1134.810791 119.875687 1352.040039
3549.399902 1135.434692 119.875687 1352.859985
3549.399902 1135.636475 119.875687 1352.979980
3552.511963 1135.636475 119.875687 1353.069946
3552.520020 1136.446411 97.622925 1353.869995
3552.520020 1136.446411 97.622925 1353.989990
3554.256104 1136.446411 97.622925 1354.060059
3554.256104 1136.649902 97.622925 1354.859985
3554.271973 1136.649902 97.622925 1354.979980
3554.808105 1136.649902 97.622925 1355.060059
3554.808105 1137.481323 97.622925 1355.869995
3554.808105 1137.687866 97.622925 1355.979980
3555.496094 1137.687866 97.622925 1356.050049
3555.496094 1138.514282 97.622925 1356.869995
3555.496094 1138.514282 97.622925 1356.979980
3556.664062 1138.720215 97.622925 1357.050049
3556.664062 1139.338989 97.622925 1357.859985
3556.664062 1139.543457 97.622925 1357.979980
3557.552002 1139.543457 97.622925 1358.060059
3557.552002 1140.356445 97.622925 1358.859985
3557.552002 1140.356445 97.622925 1358.989990
3558.719971 1140.560791 97.622925 1359.050049
3558.719971 1141.178833 97.622925 1359.880005
3558.719971 1141.383301 97.622925 1359.979980
3560.080078 1141.383301 97.622925 1360.060059
3560.080078 1141.995361 97.622925 1360.869995
3560.080078 1142.203247 97.622925 1360.979980
3561.815918 1142.203247 97.622925 1361.060059
3561.840088 1143.022583 97.622925 1361.849976
3561.840088 1143.230103 97.622925 1361.979980
3567.424072 1143.230103 97.622925 1362.030029
3567.424072 1144.046509 97.622925 1362.869995
3567.424072 1144.046509 97.622925 1362.979980
3576.239990 1144.247437 97.622925 1363.079956
3576.280029 1144.864868 97.622925 1363.849976
3576.280029 1144.864868 97.622925 1363.979980
3585.216064 1145.071533 97.622925 1364.060059
3585.216064 1145.478271 112.727463 1364.859985
3585.216064 1145.478271 112.727463 1364.979980
3590.672119 1145.478271 112.727463 1365.060059
3590.672119 1146.294434 112.727463 1365.859985
3590.672119 1146.501831 112.727463 1365.979980
3594.135986 1146.501831 112.727463 1366.079956
3594.159912 1147.322998 112.727463 1366.859985
3594.159912 1147.322998 112.727463 1366.979980
3596.968018 1147.322998 112.727463 1367.050049
3596.968018 1148.136597 112.727463 1367.869995
3596.968018 1148.136597 112.727463 1367.979980
3602.256104 1148.338257 112.727463 1368.069946
3602.256104 1148.946777 112.727463 1368.859985
3602.256104 1149.155396 112.727463 1368.969971
3606.456055 1149.155396 112.727463 1369.040039
3606.456055 1149.969360 112.727463 1369.869995
3606.456055 1149.969360 112.727463 1369.979980
3609.199951 1150.170654 112.727463 1370.079956
3609.199951 1150.787231 112.727463 1370.869995
3609.199951 1150.787231 112.727463 1370.979980
3611.783936 1150.988770 112.727463 1371.079956
3611.783936 1151.593994 112.727463 1371.869995
3611.783936 1151.593994 112.727463 1371.989990
3614.335938 1151.796875 112.727463 1372.060059
3614.335938 1152.416504 112.727463 1372.869995
3614.335938 1152.620728 112.727463 1372.979980
3614.919922 1152.620728 112.727463 1373.079956
3614.944092 1153.444336 112.727463 1373.869995
3614.944092 1153.444336 119.426659 1373.979980
3615.199951 1153.444336 119.426659 1374.069946
3615.208008 1153.647095 119.426659 1374.849976
3615.208008 1153.647095 119.426659 1374.989990
3615.416016 1153.847168 119.426659 1375.079956
3615.416016 1154.462280 119.426659 1375.869995
3615.416016 1154.669678 119.426659 1375.989990
3615.791992 1154.669678 119.426659 1376.079956
3615.815918 1155.485229 119.426659 1376.849976
3615.815918 1155.485229 119.426659 1376.979980
3616.087891 1155.686768 119.426659 1377.069946
3616.248047 1156.300415 119.426659 1377.869995
3616.248047 1156.507690 119.426659 1377.979980
3616.560059 1156.507690 119.426659 1378.079956
3616.568115 1157.124023 119.426659 1378.880005
3616.568115 1157.330200 119.426659 1378.989990
3617.120117 1157.330200 119.426659 1379.079956
3617.144043 1158.147461 119.426659 1379.869995
3617.144043 1158.348511 119.426659 1379.979980
3617.760010 1158.348511 119.426659 1380.069946
3617.775879 1158.958740 119.426659 1380.880005
3617.775879 1159.165161 119.426659 1380.989990
3618.479980 1159.165161 119.426659 1381.079956
3618.560059 1159.781982 119.426659 1381.869995
3618.560059 1159.984741 119.426659 1381.979980
3620.080078 1159.984741 119.426659 1382.069946
3620.135986 1160.798828 119.426659 1382.880005
3620.135986 1160.798828 119.426659 1383.000000
3627.976074 1160.798828 119.426659 1383.079956
3628.016113 1160.999268 102.013893 1383.869995
3628.016113 1161.199829 102.013893 1383.979980
3636.431885 1161.199829 102.013893 1384.069946
3636.560059 1161.817627 102.013893 1384.880005
3636.560059 1161.817627 102.013893 1384.979980
3642.775879 1162.021484 102.013893 1385.069946
3642.783936 1162.842163 102.013893 1385.869995
3642.783936 1162.842163 102.013893 1385.979980
3647.615967 1163.045898 102.013893 1386.079956
3647.704102 1163.662231 102.013893 1386.869995
3647.704102 1163.662231 102.013893 1386.989990
3651.592041 1163.868652 102.013893 1387.079956
3651.783936 1164.479858 102.013893 1387.869995
3651.783936 1164.683716 102.013893 1387.979980
3653.823975 1164.683716 102.013893 1388.079956
3654.216064 1165.498413 104.581406 1388.859985
3654.216064 1165.498413 104.581406 1388.989990
3654.263916 1165.498413 104.581406 1389.069946
3654.607910 1165.910156 104.581406 1389.880005
3654.607910 1165.910156 104.581406 1390.000000
3654.679932 1166.115601 104.581406 1390.079956
3654.951904 1166.927734 104.581406 1390.869995
3654.951904 1166.927734 104.581406 1390.989990
3654.968018 1167.127930 104.581406 1391.069946
3655.184082 1167.744629 104.581406 1391.880005
3655.184082 1167.947632 104.581406 1391.979980
3655.216064 1167.947632 104.581406 1392.079956
3655.384033 1168.770386 104.581406 1392.859985
3655.384033 1168.770386 104.581406 1392.979980
3655.439941 1168.974976 104.581406 1393.069946
3655.743896 1169.593262 104.581406 1393.880005
3655.743896 1169.800537 104.581406 1393.979980
3655.887939 1169.800537 104.581406 1394.079956
3656.000000 1170.614624 104.581406 1394.939941
3656.000000 1170.614624 104.581406 1394.989990
3656.063965 1170.823975 104.581406 1395.079956
3656.152100 1171.431030 104.581406 1395.859985
3656.152100 1171.639771 104.581406 1395.979980
3656.208008 1171.639771 104.581406 1396.079956
3656.280029 1172.453979 104.581406 1396.859985
3656.280029 1172.655029 104.581406 1396.979980
3656.303955 1172.655029 104.581406 1397.069946
3656.320068 1173.262451 104.581406 1397.869995
3656.320068 1173.262451 104.581406 1397.979980
3656.632080 1173.469238 104.581406 1398.069946
3656.639893 1174.086304 104.581406 1398.869995
3656.639893 1174.086304 119.428223 1398.989990
3657.528076 1174.290161 119.428223 1399.079956
3657.535889 1174.290161 119.428223 1399.869995
3657.535889 1174.492798 119.428223 1399.979980
3658.543945 1174.492798 119.428223 1400.060059
3658.552002 1175.101562 119.428223 1400.859985
3658.552002 1175.301636 119.428223 1400.979980
3659.416016 1175.301636 119.428223 1401.069946
3659.424072 1176.111816 119.428223 1401.869995
3659.424072 1176.312744 119.428223 1401.979980
3660.447998 1176.312744 119.428223 1402.069946
3660.479980 1177.130615 119.428223 1402.849976
3660.479980 1177.130615 119.428223 1402.979980
3661.216064 1177.337769 119.428223 1403.079956
3661.327881 1177.955811 119.428223 1403.869995
3661.327881 1177.955811 119.428223 1403.979980
3661.719971 1178.162842 119.428223 1404.060059
3661.728027 1178.779907 119.428223 1404.859985
3661.728027 1178.986084 119.428223 1404.989990
3661.904053 1178.986084 119.428223 1405.079956
3661.951904 1179.796509 119.428223 1405.869995
3661.951904 1179.796509 119.428223 1405.979980
3662.031982 1180.004761 119.428223 1406.069946
3662.080078 1180.607910 119.428223 1406.869995
3662.080078 1180.809326 119.428223 1406.989990
3662.152100 1180.809326 119.428223 1407.069946
3662.335938 1181.421509 119.428223 1407.859985
3662.335938 1181.622192 119.428223 1407.979980
3662.511963 1181.622192 119.428223 1408.079956
3662.808105 1182.441284 119.428223 1408.869995
3662.808105 1182.646729 119.428223 1408.979980
3662.944092 1182.646729 119.428223 1409.060059
3662.959961 1183.050781 100.754860 1409.869995
3663.048096 1183.050781 100.754860 1409.989990
3663.144043 1183.050781 100.754860 1410.060059
3663.144043 1183.455444 100.754860 1410.880005
3663.144043 1183.658325 100.754860 1410.989990
3663.208008 1183.658325 100.754860 1411.060059
3663.208008 1184.471802 100.754860 1411.859985
3663.208008 1184.676636 100.754860 1411.979980
3663.343994 1184.676636 100.754860 1412.060059
3663.343994 1185.496338 100.754860 1412.869995
3663.343994 1185.496338 100.754860 1412.979980
3663.439941 1185.496338 100.754860 1413.060059
3663.447998 1186.304321 100.754860 1413.880005
3663.447998 1186.504761 100.754860 1413.989990
3663.511963 1186.504761 100.754860 1414.069946
3663.511963 1187.331543 100.754860 1414.880005
3663.511963 1187.331543 100.754860 1414.979980
3663.575928 1187.537354 100.754860 1415.060059
3663.575928 1188.145020 100.754860 1415.859985
3663.575928 1188.348022 100.754860 1415.979980
3663.583984 1188.348022 100.754860 1416.079956
3663.583984 1189.172119 100.754860 1416.859985
3663.583984 1189.172119 100.754860 1416.979980
3663.583984 1189.172119 100.754860 1417.069946
3663.600098 1189.982056 100.754860 1417.869995
3663.600098 1189.982056 100.754860 1417.989990
3663.615967 1190.190186 100.754860 1418.069946
3663.624023 1190.599243 102.438965 1418.859985
3663.624023 1190.599243 102.438965 1418.979980
3663.624023 1190.599243 102.438965 1419.060059
3663.624023 1191.437866 102.438965 1419.869995
3663.624023 1191.640015 102.438965 1419.989990
3663.639893 1191.640015 102.438965 1420.069946
3663.647949 1192.453613 102.438965 1420.859985
3663.647949 1192.453613 102.438965 1420.989990
3663.679932 1192.655273 102.438965 1421.069946
3663.679932 1193.259033 102.438965 1421.839966
3663.679932 1193.460693 102.438965 1421.989990
3663.823975 1193.460693 102.438965 1422.060059
3663.823975 1194.274048 102.438965 1422.859985
3663.823975 1194.274048 102.438965 1422.989990
3663.872070 1194.475830 102.438965 1423.069946
3663.872070 1195.083740 102.438965 1423.859985
3663.872070 1195.285034 102.438965 1423.979980
3663.936035 1195.285034 102.438965 1424.060059
3663.959961 1196.101807 102.438965 1424.859985
3663.959961 1196.101807 102.438965 1424.989990
3664.031982 1196.303223 102.438965 1425.069946
3664.031982 1196.914062 102.438965 1425.869995
3664.031982 1197.117798 102.438965 1425.989990
3664.063965 1197.117798 102.438965 1426.050049
3664.063965 1197.938721 102.438965 1426.869995
3664.063965 1197.938721 102.438965 1426.979980
3664.104004 1198.145630 102.438965 1427.050049
3664.104004 1198.763794 102.438965 1427.859985
3664.104004 1198.967285 102.438965 1427.979980
3664.335938 1198.967285 102.438965 1428.069946
3664.352051 1199.578979 98.670517 1428.869995
3664.352051 1199.783081 98.670517 1428.979980
3664.823975 1199.783081 98.670517 1429.060059
3664.847900 1199.783081 98.670517 1429.869995
3664.855957 1199.984009 98.670517 1429.979980
3667.543945 1199.984009 98.670517 1430.079956
3667.568115 1200.814819 98.670517 1430.880005
3667.568115 1200.814819 98.670517 1430.979980
3669.479980 1201.023315 98.670517 1431.079956
3669.520020 1201.845825 98.670517 1431.859985
3669.520020 1201.845825 98.670517 1431.979980
3671.023926 1201.845825 98.670517 1432.069946
3671.048096 1202.666260 98.670517 1432.859985
3671.048096 1202.866821 98.670517 1432.989990
3672.568115 1202.866821 98.670517 1433.060059
3672.624023 1203.480957 98.670517 1433.869995
3672.624023 1203.681519 98.670517 1433.979980
3674.095947 1203.681519 98.670517 1434.079956
3674.167969 1204.506470 98.670517 1434.859985
3674.167969 1204.709473 98.670517 1434.979980
3675.439941 1204.709473 98.670517 1435.050049
3675.528076 1205.539917 98.670517 1435.859985
3675.528076 1205.539917 98.670517 1435.979980
3676.023926 1205.539917 98.670517 1436.069946
3676.080078 1206.356567 98.670517 1436.869995
3676.080078 1206.561523 98.670517 1437.000000
3676.224121 1206.561523 98.670517 1437.069946
3676.248047 1207.177734 98.670517 1437.859985
3676.248047 1207.384399 98.670517 1438.000000
3676.375977 1207.384399 98.670517 1438.050049
3676.407959 1208.206055 98.670517 1438.869995
3676.407959 1208.206055 98.670517 1439.000000
3676.439941 1208.206055 98.670517 1439.069946
3676.439941 1208.408325 98.166245 1439.859985
3676.439941 1208.408325 98.166245 1439.969971
3676.520020 1208.408325 98.166245 1440.060059
3676.520020 1209.018066 98.166245 1440.859985
3676.520020 1209.223755 98.166245 1441.000000
3676.656006 1209.223755 98.166245 1441.060059
3676.656006 1210.037720 98.166245 1441.869995
3676.656006 1210.242920 98.166245 1441.979980
3676.696045 1210.242920 98.166245 1442.060059
3676.696045 1211.061035 98.166245 1442.869995
3676.696045 1211.061035 98.166245 1442.979980
3676.775879 1211.061035 98.166245 1443.069946
3676.783936 1211.884888 98.166245 1443.859985
3676.783936 1212.086426 98.166245 1443.979980
3676.847900 1212.086426 98.166245 1444.079956
3676.879883 1212.898071 98.166245 1444.869995
3676.879883 1212.898071 98.166245 1445.000000
3676.951904 1212.898071 98.166245 1445.060059
3676.959961 1213.712646 98.166245 1445.859985
3676.959961 1213.921265 98.166245 1445.979980
3676.983887 1213.921265 98.166245 1446.069946
3676.991943 1214.741211 98.166245 1446.869995
3676.991943 1214.741211 98.166245 1446.989990
3677.072021 1214.942749 98.166245 1447.069946
3677.072021 1215.146729 100.515778 1447.859985
3677.072021 1215.146729 100.515778 1447.979980
3677.352051 1215.146729 100.515778 1448.069946
3677.352051 1215.750122 100.515778 1448.869995
3677.352051 1215.750122 100.515778 1448.989990
3677.583984 1215.955322 100.515778 1449.050049
3677.583984 1216.769165 100.515778 1449.880005
3677.583984 1216.769165 100.515778 1449.979980
3677.768066 1216.769165 100.515778 1450.069946
3677.832031 1217.580078 100.515778 1450.859985
3677.832031 1217.580078 100.515778 1450.989990
3678.095947 1217.780518 100.515778 1451.069946
3678.104004 1218.599121 100.515778 1451.869995
3678.104004 1218.599121 100.515778 1451.989990
3678.271973 1218.599121 100.515778 1452.050049
3678.295898 1219.412598 100.515778 1452.869995
3678.303955 1219.615356 100.515778 1452.989990
3678.615967 1219.615356 100.515778 1453.079956
3678.639893 1220.226685 100.515778 1453.859985
3678.639893 1220.432861 100.515778 1454.000000
3678.976074 1220.432861 100.515778 1454.060059
3679.000000 1221.252808 100.515778 1454.869995
3679.000000 1221.456421 100.515778 1454.979980
3679.416016 1221.456421 100.515778 1455.069946
3679.496094 1222.279663 100.515778 1455.880005
3679.496094 1222.279663 100.515778 1455.989990
3680.176025 1222.279663 100.515778 1456.079956
3680.295898 1223.099243 100.515778 1456.869995
3680.295898 1223.301880 100.515778 1457.000000
3681.280029 1223.301880 100.515778 1457.069946
3681.280029 1223.908813 97.749344 1457.859985
3681.280029 1223.908813 97.749344 1457.979980
3682.112061 1224.109131 97.749344 1458.069946
3682.112061 1224.109131 97.749344 1458.869995
3682.112061 1224.310181 97.749344 1458.989990
3683.248047 1224.310181 97.749344 1459.079956
3683.248047 1225.137451 97.749344 1459.859985
3683.248047 1225.344360 97.749344 1459.979980
3684.552002 1225.344360 97.749344 1460.079956
3684.552002 1226.162598 97.749344 1460.869995
3684.552002 1226.162598 97.749344 1460.979980
3686.080078 1226.369263 97.749344 1461.069946
3686.080078 1226.990723 97.749344 1461.859985
3686.080078 1227.192505 97.749344 1461.979980
3686.520020 1227.192505 97.749344 1462.079956
3686.520020 1228.012939 97.749344 1462.880005
3686.528076 1228.012939 97.749344 1462.989990
3686.679932 1228.213379 97.749344 1463.069946
3686.679932 1228.827637 97.749344 1463.849976
3686.679932 1229.033569 97.749344 1463.989990
3686.783936 1229.033569 97.749344 1464.060059
3686.783936 1229.860474 97.749344 1464.869995
3686.783936 1229.860474 97.749344 1465.000000
3686.927979 1230.065430 97.749344 1465.050049
3686.927979 1230.685669 97.749344 1465.869995
3686.936035 1230.893799 97.749344 1465.989990
3686.991943 1230.893799 97.749344 1466.050049
3686.991943 1231.511597 90.368233 1466.859985
3687.000000 1231.714233 90.368233 1466.989990
3687.023926 1231.714233 90.368233 1467.060059
3687.023926 1232.119263 90.368233 1467.859985
3687.023926 1232.119263 90.368233 1467.989990
3687.023926 1232.327637 90.368233 1468.069946
3687.023926 1233.143188 90.368233 1468.869995
3687.031982 1233.143188 90.368233 1468.979980
3687.040039 1233.351929 90.368233 1469.060059
3687.048096 1233.965820 90.368233 1469.869995
3687.048096 1234.170166 90.368233 1470.000000
3687.048096 1234.170166 90.368233 1470.060059
3687.055908 1234.988037 90.368233 1470.849976
3687.055908 1234.988037 90.368233 1470.979980
3687.112061 1235.188354 90.368233 1471.060059
3687.135986 1235.799561 90.368233 1471.859985
3687.135986 1236.004272 90.368233 1471.979980
3687.176025 1236.004272 90.368233 1472.060059
3687.656006 1236.817505 90.368233 1472.869995
3687.656006 1236.817505 90.368233 1472.979980
3687.704102 1237.023926 90.368233 1473.079956
3688.447998 1237.849487 90.368233 1473.869995
3688.447998 1237.849487 90.368233 1473.979980
3688.520020 1237.849487 90.368233 1474.060059
3689.656006 1238.670044 90.368233 1474.869995
3689.656006 1238.874268 90.368233 1474.979980
3689.736084 1238.874268 90.368233 1475.060059
3694.728027 1239.695679 90.368233 1475.869995
3694.728027 1239.695679 90.368233 1475.979980
3694.808105 1239.897461 90.368233 1476.079956
3700.031982 1240.511963 90.368233 1476.859985
3700.031982 1240.718628 90.368233 1476.979980
3700.080078 1240.718628 90.368233 1477.069946
3701.560059 1241.328003 104.831223 1477.859985
3701.568115 1241.328003 104.831223 1477.979980
3701.656006 1241.328003 104.831223 1478.060059
3702.303955 1241.531250 104.831223 1478.859985
3702.312012 1241.738403 104.831223 1478.979980
3702.456055 1241.738403 104.831223 1479.069946
3702.895996 1242.554199 104.831223 1479.869995
3702.895996 1242.756348 104.831223 1480.000000
3703.199951 1242.756348 104.831223 1480.069946
3703.711914 1243.371704 104.831223 1480.880005
3703.711914 1243.574341 104.831223 1480.979980
3704.263916 1243.574341 104.831223 1481.060059
3704.543945 1244.398438 104.831223 1481.859985
3704.543945 1244.398438 104.831223 1481.979980
3704.927979 1244.606567 104.831223 1482.079956
3705.335938 1245.220337 104.831223 1482.859985
3705.335938 1245.220337 104.831223 1482.979980
3705.656006 1245.426025 104.831223 1483.060059
3705.936035 1246.244385 104.831223 1483.869995
3705.936035 1246.244385 104.831223 1483.989990
3706.239990 1246.244385 104.831223 1484.060059
3706.503906 1247.060791 104.831223 1484.859985
3706.503906 1247.266724 104.831223 1484.989990
3706.823975 1247.266724 104.831223 1485.069946
3707.063965 1248.070312 104.831223 1485.859985
3707.063965 1248.070312 104.831223 1485.979980
3707.152100 1248.070312 104.831223 1486.060059
3707.384033 1248.877319 104.831223 1486.859985
3707.384033 1249.078247 104.831223 1486.979980
3707.447998 1249.078247 104.831223 1487.069946
3707.696045 1249.904297 104.831223 1487.869995
3707.696045 1249.904297 104.831223 1488.000000
3707.711914 1249.904297 104.831223 1488.060059
3708.439941 1250.726196 103.161674 1488.859985
3708.439941 1250.726196 103.161674 1488.989990
3708.632080 1250.726196 103.161674 1489.050049
3709.080078 1251.132446 103.161674 1489.859985
3709.080078 1251.132446 103.161674 1489.979980
3709.375977 1251.332764 103.161674 1490.060059
3709.743896 1252.159424 103.161674 1490.859985
3709.743896 1252.159424 103.161674 1490.989990
3710.231934 1252.363281 103.161674 1491.060059
3710.895996 1252.975342 103.161674 1491.869995
3710.895996 1253.177002 103.161674 1491.979980
3711.335938 1253.177002 103.161674 1492.060059
3711.592041 1254.008423 103.161674 1492.859985
3711.592041 1254.008423 103.161674 1492.989990
3711.927979 1254.213257 103.161674 1493.069946
3712.167969 1254.828613 103.161674 1493.869995
3712.167969 1255.032715 103.161674 1493.979980
3712.503906 1255.032715 103.161674 1494.050049
3712.656006 1255.845947 103.161674 1494.869995
3712.656006 1255.845947 103.161674 1494.979980
3713.159912 1256.052490 103.161674 1495.060059
3713.208008 1256.662231 103.161674 1495.869995
3713.208008 1256.869141 103.161674 1495.989990
3713.520020 1256.869141 103.161674 1496.079956
3713.543945 1257.685303 103.161674 1496.859985
3713.543945 1257.685303 103.161674 1496.989990
3714.127930 1257.685303 103.161674 1497.050049
3714.327881 1258.510132 103.161674 1497.859985
3714.327881 1258.510132 111.879250 1498.000000
3714.832031 1258.510132 111.879250 1498.060059
3714.847900 1258.711304 111.879250 1498.869995
3714.847900 1258.711304 111.879250 1498.969971
3714.991943 1258.912354 111.879250 1499.050049
3715.000000 1259.520508 111.879250 1499.849976
3715.000000 1259.727417 111.879250 1499.989990
3715.176025 1259.727417 111.879250 1500.050049
3715.184082 1260.543945 111.879250 1500.859985
3715.184082 1260.747925 111.879250 1500.989990
3715.327881 1260.747925 111.879250 1501.050049
3715.399902 1261.571899 111.879250 1501.859985
3715.399902 1261.571899 111.879250 1501.989990
3715.560059 1261.776367 111.879250 1502.060059
3715.568115 1262.388062 111.879250 1502.859985
3715.575928 1262.595581 111.879250 1502.979980
3715.687988 1262.595581 111.879250 1503.069946
3715.687988 1263.410767 111.879250 1503.859985
3715.687988 1263.410767 111.879250 1503.979980
3715.719971 1263.611206 111.879250 1504.040039
3715.728027 1264.227417 111.879250 1504.859985
3715.728027 1264.443726 111.879250 1504.989990
3715.832031 1264.443726 111.879250 1505.060059
3715.840088 1265.262085 111.879250 1505.869995
3715.840088 1265.469849 111.879250 1505.989990
3715.879883 1265.469849 111.879250 1506.069946
3715.887939 1266.291626 111.879250 1506.869995
3715.887939 1266.291626 111.879250 1506.979980
3715.936035 1266.497681 111.879250 1507.050049
3715.936035 1267.106934 111.879250 1507.859985
3715.936035 1267.315063 111.879250 1508.010010
3716.008057 1267.315063 111.879250 1508.079956
3716.008057 1267.921143 109.601357 1508.880005
3716.008057 1267.921143 109.601357 1509.000000
3716.040039 1267.921143 109.601357 1509.060059
3716.040039 1268.126221 109.601357 1509.869995
3716.080078 1268.330200 109.601357 1509.989990
3716.152100 1268.330200 109.601357 1510.060059
3716.152100 1269.151245 109.601357 1510.869995
3716.152100 1269.354858 109.601357 1511.010010
3716.159912 1269.354858 109.601357 1511.079956
3716.159912 1270.172974 109.601357 1511.869995
3716.159912 1270.172974 109.601357 1511.989990
3716.191895 1270.377075 109.601357 1512.040039
3716.199951 1270.992188 109.601357 1512.880005
3716.199951 1271.192383 109.601357 1512.989990
3716.231934 1271.192383 109.601357 1513.079956
3716.239990 1272.010986 109.601357 1513.869995
3716.239990 1272.010986 109.601357 1513.979980
3716.295898 1272.211182 109.601357 1514.069946
3716.295898 1272.823975 109.601357 1514.869995
3716.295898 1273.027100 109.601357 1514.979980
3716.327881 1273.027100 109.601357 1515.060059
3716.327881 1273.843384 109.601357 1515.880005
3716.327881 1274.048706 109.601357 1515.989990
3716.335938 1274.048706 109.601357 1516.069946
3716.352051 1274.877930 109.601357 1516.859985
3716.352051 1274.877930 109.601357 1516.979980
3716.360107 1275.086548 109.601357 1517.060059
3716.367920 1275.708008 109.601357 1517.869995
3716.367920 1275.914185 109.601357 1517.979980
3716.479980 1275.914185 109.601357 1518.069946
3716.503906 1276.735596 109.601357 1518.869995
3716.503906 1276.735596 109.601357 1519.000000
3716.600098 1276.943604 109.601357 1519.060059
3716.600098 1277.147949 78.908607 1519.859985
3716.600098 1277.147949 78.908607 1519.979980
3716.704102 1277.147949 78.908607 1520.060059
3716.704102 1277.764160 78.908607 1520.859985
3716.704102 1277.967407 78.908607 1520.989990
3716.815918 1278.176514 78.908607 1521.069946
3716.815918 1278.791870 78.908607 1521.880005
3716.815918 1279.000122 78.908607 1521.979980
3716.904053 1279.000122 78.908607 1522.050049
3716.904053 1279.625977 78.908607 1522.849976
3716.904053 1279.834595 78.908607 1523.000000
3717.048096 1279.834595 78.908607 1523.079956
3717.048096 1280.655029 78.908607 1523.859985
3717.048096 1280.856689 78.908607 1524.000000
3717.216064 1280.856689 78.908607 1524.050049
3717.224121 1281.667480 78.908607 1524.869995
3717.224121 1281.667480 78.908607 1524.989990
3717.384033 1281.874512 78.908607 1525.050049
3717.392090 1282.493530 78.908607 1525.869995
3717.392090 1282.702759 78.908607 1525.979980
3717.488037 1282.702759 78.908607 1526.079956
3717.488037 1283.516846 78.908607 1526.869995
3717.488037 1283.516846 78.908607 1526.979980
3717.607910 1283.719971 78.908607 1527.060059
3717.607910 1284.338623 78.908607 1527.859985
3717.607910 1284.544312 78.908607 1527.979980
3717.687988 1284.544312 78.908607 1528.060059
3717.687988 1285.360596 78.908607 1528.869995
3717.687988 1285.360596 112.656044 1528.979980
3717.832031 1285.360596 112.656044 1529.069946
3717.832031 1285.562134 112.656044 1529.859985
3717.832031 1285.562134 112.656044 1529.979980
3717.879883 1285.766235 112.656044 1530.060059
3717.879883 1286.379761 112.656044 1530.869995
3717.879883 1286.585083 112.656044 1530.979980
3717.887939 1286.585083 112.656044 1531.060059
3717.887939 1287.400391 112.656044 1531.859985
3717.887939 1287.400391 112.656044 1531.989990
3717.944092 1287.608032 112.656044 1532.060059
3717.944092 1288.433105 112.656044 1532.880005
3717.944092 1288.433105 112.656044 1532.989990
3718.104004 1288.433105 112.656044 1533.060059
3718.104004 1289.245605 112.656044 1533.869995
3718.104004 1289.245605 112.656044 1533.989990
3718.288086 1289.447876 112.656044 1534.060059
3718.288086 1290.070557 112.656044 1534.880005
3718.288086 1290.278442 112.656044 1534.979980
3718.392090 1290.278442 112.656044 1535.069946
3718.392090 1291.092285 112.656044 1535.849976
3718.392090 1291.294922 112.656044 1535.979980
3718.496094 1291.294922 112.656044 1536.069946
3718.496094 1291.911255 112.656044 1536.880005
3718.496094 1292.117676 112.656044 1536.989990
3718.664062 1292.117676 112.656044 1537.079956
3718.679932 1292.944580 112.656044 1537.880005
3718.679932 1292.944580 112.656044 1538.000000
3718.872070 1293.159790 112.656044 1538.069946
3718.936035 1293.773682 112.656044 1538.869995
3718.936035 1293.982056 112.656044 1538.979980
3719.159912 1293.982056 112.656044 1539.069946
3719.288086 1294.383057 107.263260 1539.880005
3719.288086 1294.383057 107.263260 1539.989990
3720.335938 1294.383057 107.263260 1540.079956
3720.416016 1294.797485 107.263260 1540.869995
3720.416016 1294.797485 107.263260 1541.000000
3725.256104 1295.005371 107.263260 1541.069946
3725.320068 1295.814941 107.263260 1541.869995
3725.320068 1295.814941 107.263260 1541.979980
3727.520020 1296.021240 107.263260 1542.079956
3727.528076 1296.630981 107.263260 1542.880005
3727.528076 1296.831787 107.263260 1542.979980
3728.303955 1296.831787 107.263260 1543.079956
3728.312012 1297.647705 107.263260 1543.880005
3728.312012 1297.647705 107.263260 1543.979980
3728.719971 1297.854614 107.263260 1544.079956
3728.728027 1298.470093 107.263260 1544.880005
3728.728027 1298.674194 107.263260 1544.989990
3729.023926 1298.674194 107.263260 1545.079956
3729.023926 1299.501709 107.263260 1545.869995
3729.023926 1299.501709 107.263260 1546.000000
3729.080078 1299.709961 107.263260 1546.079956
3729.080078 1300.328735 107.263260 1546.880005
3729.080078 1300.537476 107.263260 1546.979980
3729.191895 1300.537476 107.263260 1547.060059
3729.191895 1301.362549 107.263260 1547.869995
3729.191895 1301.362549 107.263260 1547.979980
3729.367920 1301.566162 107.263260 1548.069946
3729.375977 1302.181885 107.263260 1548.880005
3729.375977 1302.385010 107.263260 1548.979980
3729.456055 1302.385010 107.263260 1549.069946
3729.464111 1302.993774 111.764229 1549.880005
3729.464111 1302.993774 111.764229 1549.979980
3729.535889 1302.993774 111.764229 1550.060059
3729.543945 1303.613525 111.764229 1550.869995
3729.543945 1303.819946 111.764229 1550.979980
3729.679932 1303.819946 111.764229 1551.079956
3729.696045 1304.639160 111.764229 1551.880005
3729.696045 1304.639160 111.764229 1551.979980
3729.743896 1304.840576 111.764229 1552.069946
3729.823975 1305.452759 111.764229 1552.880005
3729.823975 1305.655884 111.764229 1552.979980
3730.135986 1305.655884 111.764229 1553.079956
3730.135986 1306.491089 111.764229 1553.880005
3730.135986 1306.491089 111.764229 1553.989990
3730.583984 1306.695435 111.764229 1554.060059
3730.583984 1307.308838 111.764229 1554.880005
3730.583984 1307.515625 111.764229 1554.979980
3730.864014 1307.515625 111.764229 1555.069946
3730.895996 1308.345581 111.764229 1555.880005
3730.895996 1308.345581 111.764229 1555.979980
3731.167969 1308.554199 111.764229 1556.069946
3731.167969 1309.156250 111.764229 1556.869995
3731.167969 1309.360718 111.764229 1556.979980
3731.535889 1309.360718 111.764229 1557.069946
3731.543945 1309.974365 111.764229 1557.880005
3731.543945 1310.179932 111.764229 1557.979980
3731.647949 1310.179932 111.764229 1558.079956
3731.656006 1310.990112 111.764229 1558.869995
3731.656006 1310.990112 111.764229 1558.979980
3731.728027 1311.190186 111.764229 1559.069946
3731.728027 1311.592773 101.534325 1559.869995
3731.728027 1311.592773 101.534325 1559.979980
3731.791992 1311.592773 101.534325 1560.079956
3731.823975 1311.995239 101.534325 1560.880005
3731.823975 1312.198242 101.534325 1560.979980
3731.864014 1312.198242 101.534325 1561.079956
3731.912109 1313.024048 101.534325 1561.880005
3731.912109 1313.024048 101.534325 1561.979980
3731.936035 1313.229858 101.534325 1562.079956
3731.944092 1313.843872 101.534325 1562.880005
3731.944092 1314.049561 101.534325 1562.989990
3731.959961 1314.049561 101.534325 1563.079956
3731.959961 1314.861084 101.534325 1563.880005
3731.959961 1314.861084 101.534325 1563.989990
3731.976074 1315.067993 101.534325 1564.079956
3731.976074 1315.683594 101.534325 1564.880005
3731.976074 1315.891968 101.534325 1564.989990
3732.055908 1315.891968 101.534325 1565.069946
3732.055908 1316.712280 101.534325 1565.880005
3732.055908 1316.712280 101.534325 1565.979980
3732.104004 1316.915161 101.534325 1566.069946
3732.104004 1317.536255 101.534325 1566.880005
3732.104004 1317.745117 101.534325 1566.979980
3732.135986 1317.745117 101.534325 1567.069946
3732.135986 1318.561523 101.534325 1567.880005
3732.135986 1318.561523 101.534325 1567.979980
3732.167969 1318.767334 101.534325 1568.069946
3732.167969 1319.388306 101.534325 1568.880005
3732.167969 1319.388306 101.534325 1568.979980
3732.199951 1319.589966 101.534325 1569.079956
3732.208008 1319.790161 102.621277 1569.869995
3732.208008 1319.790161 102.621277 1569.989990
3732.208008 1319.790161 102.621277 1570.060059
3732.248047 1320.396362 102.621277 1570.880005
3732.248047 1320.599365 102.621277 1570.979980
3732.271973 1320.599365 102.621277 1571.069946
3732.271973 1321.424805 102.621277 1571.880005
3732.271973 1321.424805 102.621277 1571.979980
3732.271973 1321.632568 102.621277 1572.069946
3732.288086 1322.447510 102.621277 1572.880005
3732.288086 1322.447510 102.621277 1572.989990
3732.288086 1322.447510 102.621277 1573.069946
3732.288086 1323.257690 102.621277 1573.869995
3732.288086 1323.462769 102.621277 1573.989990
3732.295898 1323.462769 102.621277 1574.069946
3732.295898 1324.272827 102.621277 1574.880005
3732.295898 1324.272827 102.621277 1574.979980
3732.303955 1324.272827 102.621277 1575.069946
3732.303955 1325.091064 102.621277 1575.880005
3732.303955 1325.091064 102.621277 1575.979980
3732.312012 1325.291260 102.621277 1576.079956
3732.320068 1326.111084 102.621277 1576.880005
3732.320068 1326.111084 102.621277 1576.979980
3732.320068 1326.319336 102.621277 1577.079956
3732.503906 1326.938721 102.621277 1577.869995
3732.503906 1327.140991 102.621277 1577.989990
3732.503906 1327.140991 102.621277 1578.069946
3732.503906 1327.964844 102.621277 1578.869995
3732.503906 1327.964844 102.621277 1578.989990
3732.511963 1328.167603 102.621277 1579.069946
3732.520020 1328.777466 102.621277 1579.880005
3732.520020 1328.985352 102.621277 1579.979980
3732.520020 1328.985352 102.621277 1580.069946
3732.543945 1329.600708 93.727844 1580.880005
3732.543945 1329.600708 93.727844 1580.989990
3732.552002 1329.600708 93.727844 1581.079956
3732.552002 1330.217651 93.727844 1581.880005
3732.552002 1330.421631 93.727844 1582.000000
3732.552002 1330.421631 93.727844 1582.079956
3732.583984 1331.238647 93.727844 1582.880005
3732.583984 1331.238647 93.727844 1582.979980
3732.607910 1331.441895 93.727844 1583.069946
3732.607910 1332.060913 93.727844 1583.880005
3732.607910 1332.269409 93.727844 1584.000000
3732.607910 1332.269409 93.727844 1584.069946
3732.615967 1333.085083 93.727844 1584.869995
3732.615967 1333.085083 93.727844 1584.989990
3732.624023 1333.292725 93.727844 1585.060059
3732.647949 1333.905029 93.727844 1585.859985
3732.647949 1334.113525 93.727844 1585.989990
3732.647949 1334.113525 93.727844 1586.069946
3732.728027 1334.931641 93.727844 1586.880005
3732.728027 1334.931641 93.727844 1586.989990
3732.728027 1335.137207 93.727844 1587.060059
3732.887939 1335.760010 93.727844 1587.880005
3732.887939 1335.960815 93.727844 1587.989990
3732.895996 1335.960815 93.727844 1588.079956
3732.951904 1336.786499 93.727844 1588.869995
3732.951904 1336.786499 93.727844 1588.979980
3732.959961 1336.992554 93.727844 1589.069946
3733.016113 1337.605835 93.727844 1589.880005
3733.016113 1337.812744 93.727844 1589.979980
3733.031982 1337.812744 93.727844 1590.079956
3733.120117 1338.420288 108.939560 1590.869995
3733.120117 1338.420288 108.939560 1590.989990
3733.167969 1338.622192 108.939560 1591.069946
3733.312012 1338.622192 108.939560 1591.869995
3733.312012 1338.826904 108.939560 1591.989990
3733.320068 1338.826904 108.939560 1592.069946
3733.384033 1339.637695 108.939560 1592.869995
3733.384033 1339.838623 108.939560 1592.979980
3733.479980 1339.838623 108.939560 1593.079956
3733.656006 1340.659424 108.939560 1593.880005
3733.656006 1340.659424 108.939560 1593.989990
3733.864014 1340.868042 108.939560 1594.069946
3734.080078 1341.476929 108.939560 1594.869995
3734.080078 1341.685425 108.939560 1594.979980
3734.144043 1341.685425 108.939560 1595.050049
3734.263916 1342.511353 108.939560 1595.859985
3734.263916 1342.511353 108.939560 1595.979980
3734.416016 1342.715576 108.939560 1596.069946
3734.696045 1343.537598 108.939560 1596.930054
3734.696045 1343.537598 108.939560 1596.989990
3734.847900 1343.537598 108.939560 1597.079956
3735.144043 1344.356812 108.939560 1597.859985
3735.144043 1344.558228 108.939560 1597.989990
3735.263916 1344.558228 108.939560 1598.069946
3735.552002 1345.176514 108.939560 1598.869995
3735.552002 1345.377808 108.939560 1598.979980
3735.568115 1345.377808 108.939560 1599.060059
3735.743896 1346.198120 108.939560 1599.859985
3735.743896 1346.198120 108.939560 1599.989990
3735.743896 1346.401489 108.939560 1600.060059
3736.144043 1347.023804 108.939560 1600.849976
3736.144043 1347.225464 108.939560 1600.989990
3736.152100 1347.225464 108.939560 1601.060059
3736.528076 1348.050781 108.939560 1601.869995
3736.528076 1348.050781 108.939560 1601.979980
3736.528076 1348.252808 108.939560 1602.069946
3737.248047 1348.453369 101.634087 1602.849976
3737.248047 1348.453369 101.634087 1602.979980
3737.256104 1348.453369 101.634087 1603.060059
3737.983887 1349.071167 101.634087 1603.859985
3737.983887 1349.273560 101.634087 1604.010010
3737.983887 1349.273560 101.634087 1604.079956
3739.023926 1350.095093 101.634087 1604.849976
3739.023926 1350.296753 101.634087 1604.989990
3739.023926 1350.296753 101.634087 1605.060059
3740.271973 1351.116089 101.634087 1605.859985
3740.271973 1351.116089 101.634087 1605.989990
3740.280029 1351.323730 101.634087 1606.060059
3741.711914 1351.935791 101.634087 1606.849976
3741.711914 1352.144043 101.634087 1606.979980
3741.711914 1352.144043 101.634087 1607.050049
3742.696045 1352.968872 101.634087 1607.859985
3742.696045 1352.968872 101.634087 1607.979980
3742.696045 1353.176636 101.634087 1608.050049
3743.927979 1353.790405 101.634087 1608.839966
3743.927979 1353.990479 101.634087 1608.979980
3743.927979 1353.990479 101.634087 1609.040039
3745.263916 1354.804321 101.634087 1609.859985
3745.263916 1354.804321 101.634087 1609.979980
3745.263916 1355.005371 101.634087 1610.050049
3746.815918 1355.620239 101.634087 1610.839966
3746.815918 1355.820801 101.634087 1610.979980
3746.832031 1355.820801 101.634087 1611.050049
3748.568115 1356.024658 99.988136 1611.859985
3748.568115 1356.024658 99.988136 1611.969971
3748.568115 1356.024658 99.988136 1612.050049
3750.872070 1356.640137 99.988136 1612.849976
3750.872070 1356.845947 99.988136 1612.979980
3750.872070 1356.845947 99.988136 1613.040039
3755.280029 1357.659790 99.988136 1613.859985
3755.280029 1357.868164 99.988136 1613.979980
3755.280029 1357.868164 99.988136 1614.040039
3763.983887 1358.688477 99.988136 1614.910034
3763.983887 1358.688477 99.988136 1614.979980
3763.991943 1358.688477 99.988136 1615.040039
3769.711914 1359.506958 99.988136 1615.859985
3769.711914 1359.708496 99.988136 1615.979980
3769.719971 1359.708496 99.988136 1616.050049
3777.959961 1360.317139 99.988136 1616.849976
3777.959961 1360.520142 99.988136 1616.979980
3777.968018 1360.520142 99.988136 1617.050049
3783.031982 1361.345947 99.988136 1617.859985
3783.031982 1361.345947 99.988136 1617.979980
3783.095947 1361.552124 99.988136 1618.060059
3784.399902 1362.161133 99.988136 1618.859985
3784.399902 1362.364502 99.988136 1618.979980
3784.447998 1362.364502 99.988136 1619.040039
3786.048096 1362.973877 99.988136 1619.849976
3786.048096 1363.180420 99.988136 1619.979980
3786.135986 1363.180420 99.988136 1620.040039
3787.392090 1363.999512 99.988136 1620.849976
3787.392090 1363.999512 99.988136 1620.979980
3788.256104 1364.199707 99.988136 1621.050049
3789.639893 1364.401245 95.941437 1621.859985
3789.639893 1364.401245 95.941437 1621.979980
3790.424072 1364.401245 95.941437 1622.050049
3791.719971 1365.422363 95.941437 1622.859985
3791.719971 1365.422363 95.941437 1622.979980
3792.711914 1365.626221 95.941437 1623.050049
3794.231934 1366.240112 95.941437 1623.849976
3794.231934 1366.445923 95.941437 1623.979980
3794.600098 1366.445923 95.941437 1624.040039
3798.855957 1367.264771 95.941437 1624.869995
3798.855957 1367.264771 95.941437 1624.979980
3798.855957 1367.469116 95.941437 1625.069946
3803.864014 1368.084839 95.941437 1625.849976
3803.864014 1368.286987 95.941437 1625.979980
3803.864014 1368.286987 95.941437 1626.050049
3821.144043 1368.896851 95.941437 1626.869995
3821.144043 1369.100586 95.941437 1626.979980
3821.152100 1369.100586 95.941437 1627.040039
3836.367920 1369.922607 95.941437 1627.859985
3836.367920 1369.922607 95.941437 1627.969971
3836.367920 1370.129395 95.941437 1628.040039
3844.000000 1370.744751 95.941437 1628.859985
3844.000000 1370.947144 95.941437 1628.979980
3844.008057 1370.947144 95.941437 1629.050049
3845.936035 1371.769165 95.941437 1629.859985
3845.936035 1371.769165 95.941437 1629.979980
3845.951904 1371.970581 95.941437 1630.050049
3846.991943 1372.587524 95.941437 1630.869995
3846.991943 1372.788940 95.941437 1630.979980
3847.112061 1372.788940 95.941437 1631.040039
3848.295898 1373.191528 112.964027 1631.869995
3848.303955 1373.191528 112.964027 1631.979980
3848.312012 1373.191528 112.964027 1632.050049
3849.552002 1373.595825 112.964027 1632.869995
3849.552002 1373.802368 112.964027 1632.979980
3849.600098 1373.802368 112.964027 1633.040039
3851.352051 1374.612183 112.964027 1633.890015
3851.352051 1374.814575 112.964027 1633.979980
3851.392090 1374.814575 112.964027 1634.060059
3852.919922 1375.631470 112.964027 1634.859985
3852.919922 1375.631470 112.964027 1634.979980
3852.968018 1375.631470 112.964027 1635.040039
3853.895996 1376.457397 112.964027 1635.869995
3853.895996 1376.457397 112.964027 1635.989990
3853.936035 1376.661377 112.964027 1636.040039
3854.927979 1377.280762 112.964027 1636.869995
3854.927979 1377.487671 112.964027 1636.979980
3854.959961 1377.487671 112.964027 1637.040039
3855.583984 1378.307861 112.964027 1637.869995
3855.583984 1378.307861 112.964027 1637.979980
3855.583984 1378.307861 112.964027 1638.050049
3855.968018 1379.120605 112.964027 1638.869995
3855.968018 1379.320801 112.964027 1638.979980
3855.968018 1379.320801 112.964027 1639.069946
3858.808105 1380.140015 112.964027 1639.859985
3858.808105 1380.140015 112.964027 1639.989990
3858.808105 1380.345093 112.964027 1640.060059
3861.800049 1380.959961 112.964027 1640.869995
3861.800049 1381.163940 112.964027 1640.989990
3861.800049 1381.163940 112.964027 1641.050049
3864.847900 1381.989014 112.964027 1641.859985
3864.847900 1381.989014 112.964027 1641.989990
3864.872070 1382.191406 112.964027 1642.069946
3865.127930 1382.393921 93.136002 1642.869995
3865.127930 1382.393921 93.136002 1642.989990
3865.360107 1382.393921 93.136002 1643.050049
3865.552002 1383.005615 93.136002 1643.869995
3865.552002 1383.005615 93.136002 1643.969971
3865.760010 1383.209717 93.136002 1644.060059
3865.864014 1384.031982 93.136002 1644.859985
3865.864014 1384.031982 93.136002 1644.979980
3865.959961 1384.239746 93.136002 1645.060059
3866.216064 1384.852173 93.136002 1645.869995
3866.216064 1385.053833 93.136002 1645.979980
3866.320068 1385.053833 93.136002 1646.060059
3866.424072 1385.868896 93.136002 1646.869995
3866.424072 1385.868896 93.136002 1646.989990
3866.464111 1386.078125 93.136002 1647.060059
3866.583984 1386.693726 93.136002 1647.869995
3866.583984 1386.898804 93.136002 1647.979980
3866.615967 1386.898804 93.136002 1648.060059
3866.656006 1387.714966 93.136002 1648.880005
3866.656006 1387.714966 93.136002 1648.989990
3866.687988 1387.923950 93.136002 1649.060059
3867.016113 1388.543579 93.136002 1649.880005
3867.016113 1388.751587 93.136002 1649.979980
3867.016113 1388.751587 93.136002 1650.060059
3869.224121 1389.563477 93.136002 1650.869995
3869.224121 1389.563477 93.136002 1650.979980
3869.224121 1389.770142 93.136002 1651.069946
3869.743896 1390.176514 110.395157 1651.880005
3869.743896 1390.176514 110.395157 1651.979980
3869.751953 1390.176514 110.395157 1652.060059
3869.775879 1390.581543 110.395157 1652.859985
3869.775879 1390.787109 110.395157 1652.979980
3869.775879 1390.787109 110.395157 1653.060059
3869.847900 1391.812988 110.395157 1653.859985
3869.847900 1391.812988 110.395157 1653.979980
3869.887939 1391.812988 110.395157 1654.060059
3869.887939 1392.629639 110.395157 1654.880005
3869.887939 1392.834595 110.395157 1654.989990
3869.912109 1392.834595 110.395157 1655.050049
3869.976074 1393.646729 110.395157 1655.859985
3869.976074 1393.646729 110.395157 1655.989990
3870.031982 1393.847534 110.395157 1656.069946
3870.048096 1394.471069 110.395157 1656.869995
3870.048096 1394.673096 110.395157 1656.979980
3870.055908 1394.673096 110.395157 1657.060059
3870.095947 1395.486572 110.395157 1657.880005
3870.095947 1395.486572 110.395157 1657.979980
3870.095947 1395.688477 110.395157 1658.060059
3870.112061 1396.300171 110.395157 1658.869995
3870.112061 1396.500977 110.395157 1658.979980
3870.120117 1396.500977 110.395157 1659.069946
3870.152100 1397.321899 110.395157 1659.880005
3870.152100 1397.321899 110.395157 1659.979980
3870.159912 1397.528687 110.395157 1660.050049
3870.184082 1397.928833 97.931870 1660.869995
3870.184082 1397.928833 97.931870 1660.979980
3870.191895 1397.928833 97.931870 1661.079956
3870.191895 1398.335938 97.931870 1661.869995
3870.191895 1398.335938 97.931870 1661.979980
3870.208008 1398.537476 97.931870 1662.060059
3870.303955 1399.359985 97.931870 1662.880005
3870.303955 1399.359985 97.931870 1662.979980
3870.303955 1399.359985 97.931870 1663.060059
3870.312012 1400.168579 97.931870 1663.869995
3870.312012 1400.375000 97.931870 1663.979980
3870.320068 1400.375000 97.931870 1664.050049
3870.320068 1400.988525 97.931870 1664.849976
3870.320068 1401.194458 97.931870 1664.979980
3870.320068 1401.194458 97.931870 1665.050049
3870.343994 1402.015381 97.931870 1665.859985
3870.343994 1402.015381 97.931870 1665.979980
3870.343994 1402.216797 97.931870 1666.040039
3870.439941 1402.827148 97.931870 1666.859985
3870.439941 1403.030518 97.931870 1666.989990
3870.439941 1403.030518 97.931870 1667.060059
3870.503906 1403.859619 97.931870 1667.859985
3870.503906 1403.859619 97.931870 1667.979980
3870.511963 1404.060303 97.931870 1668.050049
3870.511963 1404.682129 97.931870 1668.859985
3870.511963 1404.887817 97.931870 1668.979980
3870.511963 1404.887817 97.931870 1669.040039
3870.552002 1405.297852 116.460693 1669.869995
3870.552002 1405.297852 116.460693 1669.979980
3870.552002 1405.297852 116.460693 1670.069946
3870.568115 1405.709839 116.460693 1670.849976
3870.568115 1405.916748 116.460693 1670.979980
3870.568115 1405.916748 116.460693 1671.060059
3870.592041 1406.732544 116.460693 1671.859985
3870.592041 1406.942017 116.460693 1671.979980
3870.592041 1406.942017 116.460693 1672.050049
3870.592041 1407.755615 116.460693 1672.849976
3870.592041 1407.755615 116.460693 1672.979980
3870.592041 1407.963013 116.460693 1673.050049
3870.592041 1408.581543 116.460693 1673.869995
3870.592041 1408.782104 116.460693 1673.979980
3870.592041 1408.782104 116.460693 1674.060059
3871.191895 1409.603394 116.460693 1674.849976
3871.191895 1409.603394 116.460693 1674.979980
3871.199951 1409.603394 116.460693 1675.050049
3871.528076 1410.431396 116.460693 1675.859985
3871.528076 1410.639160 116.460693 1675.989990
3871.535889 1410.639160 116.460693 1676.060059
3871.936035 1411.246948 97.015884 1676.839966
3871.936035 1411.246948 97.015884 1676.979980
3871.968018 1411.246948 97.015884 1677.060059
3872.760010 1411.447021 97.015884 1677.859985
3872.768066 1411.649048 97.015884 1677.979980
3872.864014 1411.649048 97.015884 1678.060059
3872.864014 1412.472168 97.015884 1678.869995
3872.864014 1412.472168 97.015884 1678.979980
3872.904053 1412.472168 97.015884 1679.050049
3872.904053 1413.281372 97.015884 1679.859985
3872.904053 1413.485474 97.015884 1679.979980
3872.976074 1413.485474 97.015884 1680.060059
3872.983887 1414.109619 97.015884 1680.859985
3872.983887 1414.313477 97.015884 1680.979980
3873.239990 1414.313477 97.015884 1681.050049
3873.239990 1415.120361 97.015884 1681.869995
3873.239990 1415.120361 97.015884 1681.979980
3873.656006 1415.321167 97.015884 1682.050049
3873.672119 1415.935791 97.015884 1682.849976
3873.672119 1415.935791 97.015884 1682.979980
3874.016113 1416.140869 97.015884 1683.050049
3874.016113 1416.764038 97.015884 1683.869995
3874.016113 1416.966553 97.015884 1683.979980
3874.280029 1416.966553 97.015884 1684.060059
3874.295898 1417.783813 97.015884 1684.849976
3874.295898 1417.783813 97.015884 1684.979980
3874.687988 1417.985718 97.015884 1685.050049
3874.719971 1418.607300 97.015884 1685.869995
3874.719971 1418.813965 97.015884 1685.979980
3875.008057 1418.813965 97.015884 1686.060059
3875.016113 1419.624390 97.015884 1686.859985
3875.016113 1419.624390 97.015884 1686.979980
3875.208008 1419.825562 97.015884 1687.069946
3875.208008 1420.436401 97.015884 1687.859985
3875.208008 1420.641357 116.770485 1687.979980
3875.360107 1420.641357 116.770485 1688.060059
3875.360107 1420.641357 116.770485 1688.869995
3875.384033 1420.851196 116.770485 1688.979980
3875.543945 1420.851196 116.770485 1689.050049
3875.543945 1421.678223 116.770485 1689.849976
3875.543945 1421.887695 116.770485 1689.979980
3875.679932 1421.887695 116.770485 1690.050049
3875.687988 1422.702026 116.770485 1690.859985
3875.687988 1422.702026 116.770485 1690.979980
3875.872070 1422.906372 116.770485 1691.060059
3875.887939 1423.523560 116.770485 1691.849976
3875.887939 1423.730591 116.770485 1691.979980
3876.008057 1423.730591 116.770485 1692.040039
3876.008057 1424.544678 116.770485 1692.859985
3876.008057 1424.544678 116.770485 1692.979980
3876.087891 1424.750122 116.770485 1693.060059
3876.104004 1425.373901 116.770485 1693.849976
3876.104004 1425.577393 116.770485 1693.979980
3876.159912 1425.577393 116.770485 1694.040039
3876.191895 1426.390625 116.770485 1694.869995
3876.191895 1426.390625 116.770485 1694.979980
3876.224121 1426.592896 116.770485 1695.050049
3876.224121 1427.207397 116.770485 1695.849976
3876.224121 1427.413086 116.770485 1695.979980
3876.343994 1427.413086 116.770485 1696.069946
3876.343994 1428.228516 116.770485 1696.869995
3876.343994 1428.228516 116.770485 1696.979980
3876.464111 1428.228516 116.770485 1697.069946
3876.464111 1429.042358 103.084221 1697.859985
3876.464111 1429.042358 103.084221 1697.979980
3876.479980 1429.042358 103.084221 1698.069946
3876.479980 1429.244873 103.084221 1698.859985
3876.488037 1429.244873 103.084221 1698.979980
3876.511963 1429.244873 103.084221 1699.050049
3876.520020 1430.057007 103.084221 1699.869995
3876.520020 1430.262207 103.084221 1699.979980
3876.560059 1430.262207 103.084221 1700.050049
3876.583984 1431.079834 103.084221 1700.859985
3876.583984 1431.079834 103.084221 1700.969971
3876.639893 1431.286987 103.084221 1701.060059
3876.664062 1431.896729 103.084221 1701.880005
3876.664062 1432.104126 103.084221 1701.979980
3876.679932 1432.104126 103.084221 1702.050049
3876.679932 1432.721436 103.084221 1702.849976
3876.679932 1432.922485 103.084221 1702.979980
3876.711914 1432.922485 103.084221 1703.040039
3876.711914 1433.737427 103.084221 1703.859985
3876.711914 1433.737427 103.084221 1703.979980
3876.711914 1433.939087 103.084221 1704.040039
3876.711914 1434.551392 103.084221 1704.839966
3876.711914 1434.758179 103.084221 1704.979980
3876.719971 1434.758179 103.084221 1705.040039
3876.719971 1435.569702 103.084221 1705.859985
3876.719971 1435.569702 103.084221 1705.979980
3876.751953 1435.777222 103.084221 1706.050049
3876.751953 1436.391357 103.084221 1706.859985
3876.751953 1436.595215 103.084221 1706.979980
3876.751953 1436.595215 103.084221 1707.040039
3876.751953 1437.001465 92.634125 1707.839966
3876.768066 1437.001465 92.634125 1707.979980
3876.768066 1437.001465 92.634125 1708.040039
3876.768066 1437.404053 92.634125 1708.859985
3876.768066 1437.404053 92.634125 1708.979980
3876.768066 1437.609009 92.634125 1709.040039
3876.783936 1438.428711 92.634125 1709.859985
3876.783936 1438.428711 92.634125 1709.979980
3876.783936 1438.638062 92.634125 1710.040039
3876.783936 1439.243530 92.634125 1710.849976
3876.783936 1439.449707 92.634125 1710.979980
3876.783936 1439.449707 92.634125 1711.040039
3876.783936 1440.055664 92.634125 1711.849976
3876.783936 1440.256958 92.634125 1711.979980
3876.791992 1440.256958 92.634125 1712.040039
3876.791992 1441.078369 92.634125 1712.849976
3876.791992 1441.078369 92.634125 1712.979980
3876.791992 1441.284180 92.634125 1713.050049
3876.791992 1441.899048 92.634125 1713.859985
3876.791992 1442.100220 92.634125 1713.979980
3876.791992 1442.100220 92.634125 1714.040039
3876.791992 1442.920532 92.634125 1714.849976
3876.791992 1442.920532 92.634125 1714.979980
3876.791992 1443.124390 92.634125 1715.040039
3876.791992 1443.746460 92.634125 1715.849976
3876.791992 1443.952759 92.634125 1715.979980
3876.791992 1443.952759 92.634125 1716.060059
3876.791992 1444.364380 112.641876 1716.859985
3876.791992 1444.564453 112.641876 1716.979980
3876.791992 1444.564453 112.641876 1717.050049
3876.791992 1444.973022 112.641876 1717.839966
3876.791992 1445.180420 112.641876 1717.979980
3876.912109 1445.180420 112.641876 1718.040039
3876.912109 1446.196777 112.641876 1718.859985
3876.912109 1446.196777 112.641876 1718.979980
3877.239990 1446.397583 112.641876 1719.060059
3877.248047 1447.002075 112.641876 1719.849976
3877.248047 1447.002075 112.641876 1719.969971
3877.439941 1447.205688 112.641876 1720.040039
3877.447998 1447.826782 112.641876 1720.849976
3877.447998 1448.033691 112.641876 1720.969971
3877.632080 1448.033691 112.641876 1721.030029
3877.656006 1448.854370 112.641876 1721.849976
3877.656006 1448.854370 112.641876 1721.979980
3877.687988 1449.060547 112.641876 1722.050049
3877.736084 1449.676147 112.641876 1722.849976
3877.736084 1449.884155 112.641876 1722.979980
3877.823975 1449.884155 112.641876 1723.069946
3877.847900 1450.695801 112.641876 1723.839966
3877.847900 1450.695801 112.641876 1723.979980
3877.847900 1450.897827 112.641876 1724.040039
3877.872070 1451.508545 112.641876 1724.859985
3877.872070 1451.710938 112.641876 1724.979980
3877.872070 1451.710938 112.641876 1725.040039
3877.976074 1452.327026 112.641876 1725.849976
3877.976074 1452.532593 112.641876 1725.979980
3877.976074 1452.532593 112.641876 1726.069946
3877.983887 1453.347656 112.641876 1726.859985
3877.983887 1453.347656 112.641876 1726.979980
3877.983887 1453.553345 112.641876 1727.040039
3878.008057 1453.965942 112.989700 1727.859985
3878.008057 1453.965942 112.989700 1727.979980
3878.008057 1453.965942 112.989700 1728.050049
3878.008057 1454.368774 112.989700 1728.839966
3878.008057 1454.368774 112.989700 1728.979980
3878.008057 1454.577026 112.989700 1729.040039
3878.031982 1455.410034 112.989700 1729.859985
3878.031982 1455.410034 112.989700 1729.979980
3878.031982 1455.410034 112.989700 1730.040039
3878.063965 1456.234741 112.989700 1730.849976
3878.063965 1456.435791 112.989700 1730.979980
3878.063965 1456.435791 112.989700 1731.040039
3878.120117 1457.250244 112.989700 1731.849976
3878.120117 1457.250244 112.989700 1731.979980
3878.120117 1457.250244 112.989700 1732.040039
3878.191895 1458.066162 112.989700 1732.849976
3878.191895 1458.272705 112.989700 1732.979980
3878.191895 1458.272705 112.989700 1733.040039
3878.280029 1458.886597 112.989700 1733.849976
3878.280029 1459.095215 112.989700 1733.979980
3878.280029 1459.095215 112.989700 1734.040039
3878.360107 1459.913086 112.989700 1734.849976
3878.360107 1460.113403 112.989700 1734.979980
3878.360107 1460.113403 112.989700 1735.040039
3878.447998 1460.931030 112.989700 1735.839966
3878.447998 1460.931030 112.989700 1735.979980
3878.447998 1460.931030 112.989700 1736.040039
3878.656006 1461.749268 112.989700 1736.849976
3878.664062 1461.953125 112.989700 1736.979980
3878.664062 1461.953125 112.989700 1737.050049
3878.751953 1462.156982 108.842163 1737.849976
3878.751953 1462.156982 108.842163 1737.979980
3878.751953 1462.156982 108.842163 1738.040039
3878.887939 1462.769287 108.842163 1738.839966
3878.887939 1462.979370 108.842163 1738.979980
3878.887939 1462.979370 108.842163 1739.040039
3878.944092 1463.798096 108.842163 1739.849976
3878.944092 1464.005981 108.842163 1739.979980
3878.944092 1464.005981 108.842163 1740.040039
3879.095947 1464.831299 108.842163 1740.849976
3879.095947 1464.831299 108.842163 1740.979980
3879.095947 1465.036133 108.842163 1741.040039
3879.104004 1465.842407 108.842163 1741.859985
3879.104004 1465.842407 108.842163 1741.979980
3879.127930 1465.842407 108.842163 1742.040039
3879.263916 1466.668701 108.842163 1742.859985
3879.263916 1466.871948 108.842163 1742.979980
3879.263916 1466.871948 108.842163 1743.050049
3879.312012 1467.487549 108.842163 1743.839966
3879.312012 1467.694580 108.842163 1743.979980
3879.312012 1467.694580 108.842163 1744.040039
3879.312012 1468.521118 108.842163 1744.869995
3879.312012 1468.521118 108.842163 1744.979980
3879.312012 1468.730347 108.842163 1745.040039
3879.352051 1469.341431 108.842163 1745.859985
3879.352051 1469.549194 108.842163 1745.979980
3879.360107 1469.549194 108.842163 1746.040039
3879.447998 1470.374756 108.842163 1746.859985
3879.447998 1470.374756 108.842163 1746.979980
3879.447998 1470.575806 108.842163 1747.040039
3879.511963 1471.191406 108.842163 1747.839966
3879.511963 1471.394775 107.534462 1747.979980
3879.511963 1471.394775 107.534462 1748.050049
3879.560059 1471.596313 107.534462 1748.859985
3879.560059 1471.596313 107.534462 1748.979980
3879.568115 1471.596313 107.534462 1749.050049
3879.568115 1472.404541 107.534462 1749.849976
3879.568115 1472.404541 107.534462 1749.979980
3879.575928 1472.606812 107.534462 1750.040039
3879.575928 1473.223022 107.534462 1750.869995
3879.575928 1473.426514 107.534462 1750.979980
3879.575928 1473.426514 107.534462 1751.040039
3879.575928 1474.244873 107.534462 1751.839966
3879.575928 1474.244873 107.534462 1751.979980
3879.575928 1474.445312 107.534462 1752.040039
3879.575928 1475.062012 107.534462 1752.859985
3879.575928 1475.264282 107.534462 1752.979980
3879.575928 1475.264282 107.534462 1753.060059
3879.575928 1476.085571 107.534462 1753.849976
3879.575928 1476.085571 107.534462 1753.979980
3879.600098 1476.291626 107.534462 1754.040039
3879.600098 1476.912109 107.534462 1754.839966
3879.600098 1477.116943 107.534462 1754.979980
3879.600098 1477.116943 107.534462 1755.040039
3879.600098 1477.937988 107.534462 1755.849976
3879.600098 1477.937988 107.534462 1755.979980
3879.615967 1478.140137 107.534462 1756.040039
3879.624023 1478.755615 107.534462 1756.849976
3879.624023 1478.957275 107.534462 1756.979980
3879.632080 1478.957275 107.534462 1757.040039
3879.632080 1479.569946 107.534462 1757.839966
3879.632080 1479.770874 107.534462 1757.979980
3879.632080 1479.770874 107.534462 1758.050049
3879.632080 1479.974976 61.273117 1758.869995
3879.632080 1479.974976 61.273117 1758.979980
3879.664062 1479.974976 61.273117 1759.040039
3879.672119 1480.588745 61.273117 1759.839966
3879.679932 1480.796021 61.273117 1759.979980
3879.679932 1480.796021 61.273117 1760.040039
3879.679932 1481.614746 61.273117 1760.839966
3879.679932 1481.817261 61.273117 1760.979980
3879.687988 1481.817261 61.273117 1761.069946
3879.728027 1482.632812 61.273117 1761.849976
3879.728027 1482.632812 61.273117 1761.979980
3879.736084 1482.632812 61.273117 1762.040039
3879.751953 1483.444336 61.273117 1762.849976
3879.751953 1483.644531 61.273117 1762.979980
3879.751953 1483.644531 61.273117 1763.030029
3879.775879 1484.467041 61.273117 1763.859985
3879.775879 1484.467041 61.273117 1763.979980
3879.783936 1484.669067 61.273117 1764.040039
3879.791992 1485.276855 61.273117 1764.849976
3879.791992 1485.478394 61.273117 1764.979980
3879.791992 1485.478394 61.273117 1765.040039
3879.815918 1486.290527 61.273117 1765.849976
3879.815918 1486.290527 59.831764 1765.979980
3879.832031 1486.493774 59.831764 1766.040039
3879.847900 1486.694458 59.831764 1766.839966
3879.847900 1486.694458 59.831764 1766.979980
3879.855957 1486.902100 59.831764 1767.050049
3879.855957 1487.722046 59.831764 1767.849976
3879.864014 1487.927368 59.831764 1767.979980
3879.864014 1487.927368 59.831764 1768.050049
3879.904053 1488.541748 59.831764 1768.839966
3879.904053 1488.746094 59.831764 1768.979980
3879.919922 1488.746094 59.831764 1769.050049
3880.000000 1489.559692 59.831764 1769.849976
3880.000000 1489.761475 59.831764 1769.979980
3880.000000 1489.761475 59.831764 1770.050049
3880.048096 1490.583374 59.831764 1770.849976
3880.048096 1490.583374 59.831764 1770.979980
3880.080078 1490.583374 59.831764 1771.030029
3880.127930 1491.413208 59.831764 1771.859985
3880.127930 1491.619629 59.831764 1771.979980
3880.176025 1491.619629 59.831764 1772.040039
3880.208008 1492.442627 59.831764 1772.839966
3880.208008 1492.442627 59.831764 1772.979980
3880.216064 1492.648071 59.831764 1773.050049
3880.263916 1493.256958 59.831764 1773.859985
3880.263916 1493.464600 59.831764 1773.979980
3880.280029 1493.464600 59.831764 1774.040039
3880.367920 1494.278320 59.831764 1774.849976
3880.367920 1494.278320 59.831764 1774.979980
3880.375977 1494.484009 59.831764 1775.040039
3880.464111 1495.104370 59.831764 1775.839966
3880.464111 1495.309326 59.831764 1775.979980
3880.488037 1495.309326 59.831764 1776.060059
3880.568115 1496.129517 59.831764 1776.859985
3880.568115 1496.334595 59.831764 1776.979980
3880.760010 1496.334595 59.831764 1777.040039
3880.840088 1497.168091 59.831764 1777.859985
3880.840088 1497.168091 59.831764 1777.969971
3880.864014 1497.377930 59.831764 1778.060059
3880.951904 1498.191528 59.831764 1778.849976
3880.951904 1498.191528 59.831764 1778.979980
3880.951904 1498.191528 59.831764 1779.060059
3880.976074 1499.010742 59.831764 1779.849976
3880.976074 1499.010742 59.831764 1779.979980
3880.976074 1499.219238 59.831764 1780.040039
3881.031982 1499.825317 59.831764 1780.839966
3881.031982 1499.825317 59.831764 1780.979980
3881.055908 1499.825317 59.831764 1781.050049
3881.095947 1499.825317 59.831764 1781.859985
3881.095947 1499.825317 59.831764 1781.979980
3881.120117 1499.825317 59.831764 1782.050049
3881.176025 1499.825317 59.831764 1782.859985
3881.176025 1499.825317 59.831764 1782.979980
3881.256104 1499.825317 59.831764 1783.050049
3881.335938 1499.825317 59.831764 1783.859985
3881.335938 1499.825317 59.831764 1783.979980
3881.360107 1499.825317 59.831764 1784.040039
3881.384033 1499.825317 59.831764 1784.859985
3881.384033 1499.825317 59.831764 1784.979980
3881.399902 1499.825317 59.831764 1785.040039
3881.416016 1499.825317 59.831764 1785.859985
3881.416016 1499.825317 59.831764 1785.979980
3881.439941 1499.825317 59.831764 1786.040039
3881.439941 1499.825317 59.831764 1786.859985
3881.439941 1499.825317 59.831764 1786.979980
3881.456055 1499.825317 59.831764 1787.040039
3881.503906 1499.825317 59.831764 1787.849976
3881.503906 1499.825317 59.831764 1787.979980
3881.528076 1499.825317 59.831764 1788.050049
3881.560059 1499.825317 59.831764 1788.849976
3881.568115 1499.825317 59.831764 1788.979980
3881.592041 1499.825317 59.831764 1789.040039
3881.615967 1499.825317 59.831764 1789.839966
3881.615967 1499.825317 59.831764 1789.979980
3881.615967 1499.825317 59.831764 1790.050049
3881.639893 1499.825317 59.831764 1790.859985
3881.639893 1499.825317 59.831764 1790.989990
3881.679932 1499.825317 59.831764 1791.050049
3881.687988 1499.825317 59.831764 1791.859985
3881.687988 1499.825317 59.831764 1791.979980
3881.711914 1499.825317 59.831764 1792.040039
3881.751953 1499.825317 59.831764 1792.839966
3881.760010 1499.825317 59.831764 1792.979980
3881.760010 1499.825317 59.831764 1793.040039
3881.800049 1499.825317 59.831764 1793.859985
3881.808105 1499.825317 59.831764 1793.979980
3881.823975 1499.825317 59.831764 1794.040039
3881.840088 1499.825317 59.831764 1794.859985
3881.840088 1499.825317 59.831764 1794.979980
3881.855957 1499.825317 59.831764 1795.040039
3881.887939 1499.825317 59.831764 1795.869995
3881.887939 1499.825317 59.831764 1795.979980
3881.895996 1499.825317 59.831764 1796.040039
3881.904053 1499.825317 59.831764 1796.849976
3881.919922 1499.825317 59.831764 1796.979980
3881.927979 1499.825317 59.831764 1797.040039
3881.968018 1499.825317 59.831764 1797.849976
3881.968018 1499.825317 59.831764 1797.979980
3881.976074 1499.825317 59.831764 1798.040039
3881.983887 1499.825317 59.831764 1798.859985
3881.983887 1499.825317 59.831764 1798.979980
3882.000000 1499.825317 59.831764 1799.040039
3882.023926 1499.825317 59.831764 1799.839966
3882.031982 1499.825317 59.831764 1799.979980
3882.080078 1499.825317 59.831764 1800.040039
3882.095947 1499.825317 59.831764 1800.859985
3882.095947 1499.825317 59.831764 1800.979980
3882.127930 1499.825317 59.831764 1801.040039
3882.152100 1499.825317 59.831764 1801.859985
3882.152100 1499.825317 59.831764 1801.969971
3882.176025 1499.825317 59.831764 1802.040039
3882.184082 1499.825317 59.831764 1802.839966
3882.184082 1499.825317 59.831764 1802.979980
3882.199951 1499.825317 59.831764 1803.050049
3882.216064 1499.825317 59.831764 1803.859985
3882.216064 1499.825317 59.831764 1803.979980
3882.224121 1499.825317 59.831764 1804.040039
3882.239990 1499.825317 59.831764 1804.849976
3882.239990 1499.825317 59.831764 1804.979980
3882.248047 1499.825317 59.831764 1805.040039
3882.248047 1499.825317 59.831764 1805.839966
3882.248047 1499.825317 59.831764 1805.979980
3882.263916 1499.825317 59.831764 1806.050049
3882.280029 1499.825317 59.831764 1806.859985
3882.280029 1499.825317 59.831764 1806.979980
3882.288086 1499.825317 59.831764 1807.040039
3882.288086 1499.825317 59.831764 1807.839966
3882.295898 1499.825317 59.831764 1807.979980
3882.303955 1499.825317 59.831764 1808.040039
3882.303955 1499.825317 59.831764 1808.859985
3882.303955 1499.825317 59.831764 1808.969971
3882.303955 1499.825317 59.831764 1809.060059
3882.303955 1499.825317 59.831764 1809.859985
3882.303955 1499.825317 59.831764 1809.979980
3882.320068 1499.825317 59.831764 1810.040039
3882.320068 1499.825317 59.831764 1810.859985
3882.320068 1499.825317 59.831764 1810.979980
3882.320068 1499.825317 59.831764 1811.060059
3882.320068 1499.825317 59.831764 1811.849976
3882.320068 1499.825317 59.831764 1811.979980
3882.320068 1499.825317 59.831764 1812.040039
3882.320068 1499.825317 59.831764 1812.839966
3882.320068 1499.825317 59.831764 1812.979980
3882.320068 1499.825317 59.831764 1813.030029
