0.000004 -0.000002 0.431919 -0.000000 -0.000000 0.000000 0.000000
0.000006 -0.000003 0.636535 -0.000000 -0.000001 0.000000 0.270000
0.000007 -0.000003 0.842453 -0.000001 -0.000001 0.000000 0.490000
0.000007 -0.000003 1.049551 -0.000000 -0.000001 0.000000 0.690000
0.000007 -0.000003 1.256632 -0.000000 -0.000001 0.000000 0.880000
0.000007 -0.000003 1.456768 -0.000000 -0.000000 0.000000 1.060000
0.000007 -0.000003 1.657313 -0.000000 -0.000000 0.000000 1.240000
0.000006 -0.000003 1.866396 0.000000 0.000000 0.000000 1.430000
0.000006 -0.000003 2.070973 0.000000 0.000000 -0.000000 1.620000
0.000006 -0.000003 2.280363 0.000000 0.000000 -0.000000 1.820000
0.000006 -0.000003 2.484816 -0.000000 -0.000000 -0.000000 2.060000
0.000004 -0.000002 2.281831 0.000000 0.000001 -0.000000 2.940000
0.000004 -0.000002 2.073633 0.000000 0.000001 -0.000000 3.140000
0.000004 -0.000002 1.864661 0.000000 0.000001 -0.000000 3.320000
0.000004 -0.000002 1.658167 0.000000 0.000000 -0.000000 3.490000
0.000004 -0.000002 1.449434 0.000000 0.000000 -0.000000 3.660000
0.000041 -0.000002 1.243980 -0.000002 0.006543 -0.000000 3.830000
0.004084 0.000001 1.035349 -0.000100 0.057905 -0.000002 4.020000
0.039617 0.000074 0.836338 -0.000481 0.112991 -0.000013 4.250000
0.169787 0.000565 0.680693 -0.000854 0.121661 -0.000000 4.540000
0.368290 0.001586 0.620121 -0.000722 0.089720 0.000101 4.800000
0.573025 0.002788 0.609536 -0.000240 -0.009842 0.000286 5.020000
0.778862 0.004137 0.624250 0.000566 -0.092732 0.000486 5.260000
0.703310 -0.034535 0.810072 0.021673 -0.070859 -0.017107 6.290000
0.521981 -0.066755 0.903731 0.019152 -0.037360 -0.031175 6.510000
0.349138 -0.101980 1.004475 0.011204 -0.007313 -0.047655 6.710000
0.180422 -0.140056 1.115682 0.007887 0.000748 -0.067728 6.910000
0.019743 -0.179339 1.231750 -0.001260 0.005561 -0.090582 7.110000
-0.147526 -0.219332 1.347580 -0.023022 -0.022998 -0.118027 7.330000
-0.322851 -0.247263 1.442080 -0.033740 -0.049081 -0.149311 7.560000
-0.516337 -0.254844 1.507142 -0.030693 -0.042721 -0.185056 7.800000
-0.718558 -0.242637 1.540612 -0.013859 -0.032617 -0.221906 8.040000
-0.925700 -0.220947 1.546367 0.017368 -0.027857 -0.258926 8.280000
-1.129226 -0.205229 1.531984 0.031116 -0.023199 -0.293908 8.510000
-1.327801 -0.201078 1.506472 0.027799 -0.009212 -0.326538 8.730000
-1.533342 -0.209291 1.476275 0.043446 0.002342 -0.360376 8.960000
-1.735035 -0.238195 1.452491 0.060939 0.007576 -0.393807 9.190000
-1.933318 -0.294571 1.439484 0.046779 0.014797 -0.426200 9.420000
-2.125136 -0.373451 1.438488 0.042474 0.005383 -0.458883 9.650000
-2.305380 -0.464291 1.447574 0.027025 0.000646 -0.489566 9.870000
-2.481931 -0.561532 1.463271 0.005946 -0.006021 -0.519426 10.090000
-2.661904 -0.659579 1.484087 0.010499 -0.024881 -0.550379 10.320000
-2.844502 -0.750123 1.506943 0.003136 -0.024625 -0.580959 10.550000
-3.029048 -0.830647 1.528836 0.000338 -0.026838 -0.611179 10.780000
-3.224065 -0.901999 1.546855 0.008247 -0.043044 -0.642554 11.020000
-3.419841 -0.957049 1.557760 0.004272 -0.037232 -0.672640 11.250000
-3.621750 -0.999671 1.562456 0.008901 -0.030228 -0.702775 11.480000
-3.827687 -1.033726 1.562126 0.018126 -0.025968 -0.733125 11.710000
-4.027972 -1.062424 1.558826 0.010765 -0.009045 -0.762042 11.930000
-4.234546 -1.092487 1.556037 0.005333 0.016516 -0.792062 12.160000
-4.429810 -1.130012 1.580968 -0.220497 0.145324 -0.830237 12.460000
-4.399027 -1.305665 1.671906 0.148677 -0.017541 -0.875031 13.410000
-4.520098 -1.466300 1.652939 0.093800 -0.018214 -0.892252 13.690000
-4.662100 -1.617080 1.623211 0.057391 -0.024269 -0.909075 13.920000
-4.812745 -1.754437 1.595060 0.035406 -0.058241 -0.927618 14.130000
-4.982709 -1.874919 1.573193 0.016162 -0.072864 -0.947649 14.340000
-5.167240 -1.968625 1.560090 -0.005676 -0.062191 -0.969584 14.550000
-5.356976 -2.034934 1.556567 0.005531 -0.050273 -0.993801 14.760000
-5.559910 -2.082828 1.562392 0.004138 -0.031225 -1.021066 14.980000
-5.762463 -2.116781 1.574424 0.009582 -0.018773 -1.049974 15.200000
-5.963311 -2.143514 1.587670 0.024571 -0.014759 -1.080275 15.420000
-6.166344 -2.167922 1.598786 0.017663 -0.007728 -1.111532 15.640000
-6.368405 -2.191589 1.605880 0.016708 -0.003399 -1.143582 15.860000
-6.568459 -2.215850 1.608724 0.026643 -0.003572 -1.176262 16.080000
-6.768767 -2.241652 1.607796 0.010477 -0.003355 -1.208886 16.299999
-6.973929 -2.267295 1.604015 0.015783 -0.015267 -1.242843 16.530001
-7.178452 -2.287087 1.598811 0.029525 -0.023928 -1.276833 16.760000
-7.379791 -2.298447 1.593594 0.033611 -0.023696 -1.309291 16.980000
-7.588416 -2.302778 1.588603 0.030518 -0.018188 -1.341688 17.200001
-7.791470 -2.302008 1.584225 0.013892 -0.010489 -1.372384 17.410000
-7.992042 -2.298055 1.580188 0.016388 -0.008104 -1.402955 17.620001
-8.199753 -2.291713 1.576452 0.025563 -0.007441 -1.434850 17.840000
-8.408610 -2.283859 1.573078 0.029257 -0.006251 -1.466696 18.059999
-8.610789 -2.275364 1.570106 0.030989 -0.004654 -1.497174 18.270000
-8.814620 -2.266273 1.567129 -0.015201 -0.000979 -1.527209 18.480000
-9.017069 -2.256217 1.563798 -0.092390 0.003595 -1.558257 18.709999
-9.219107 -2.244729 1.560763 -0.135138 0.004711 -1.598160 19.080000
-9.393232 -2.349155 1.557349 0.092610 0.071448 -1.648449 19.940001
-9.556596 -2.469126 1.558958 0.075660 0.055285 -1.666345 20.219999
-9.727346 -2.588332 1.559852 0.041823 0.028447 -1.684175 20.450001
-9.896128 -2.702773 1.560490 0.027434 0.018518 -1.701773 20.660000
-10.069563 -2.817329 1.561700 0.025990 -0.000701 -1.721686 20.870001
-10.245740 -2.924601 1.564642 0.035211 -0.012581 -1.743906 21.080000
-10.427008 -3.019201 1.569868 0.039937 -0.013145 -1.768513 21.290001
-10.614638 -3.100549 1.577174 0.033253 -0.011565 -1.795403 21.500000
-10.805661 -3.169597 1.583515 0.029621 -0.019299 -1.824205 21.709999
-11.006920 -3.226803 1.583209 0.036860 -0.022023 -1.855707 21.930000
-11.210496 -3.267098 1.573443 0.024122 -0.023335 -1.888391 22.150000
-11.412012 -3.292274 1.554382 0.023778 -0.012110 -1.921447 22.370001
-11.611763 -3.307307 1.527096 0.025006 0.000083 -1.954876 22.590000
-11.809869 -3.317591 1.496136 -0.012316 0.009833 -1.988559 22.809999
-12.012621 -3.337546 1.464870 -0.028419 0.056587 -2.025860 23.049999
-12.211495 -3.392634 1.439294 -0.026156 0.071371 -2.063196 23.299999
-12.397561 -3.484400 1.422588 -0.014862 0.067265 -2.097904 23.540001
-12.568542 -3.595708 1.413481 -0.008496 0.042720 -2.129156 23.760000
-12.738240 -3.720726 1.408887 -0.002135 0.023788 -2.159984 23.980000
-12.897427 -3.843700 1.407526 0.008172 0.023419 -2.189244 24.190001
-13.057384 -3.966554 1.409369 0.020618 0.021646 -2.218455 24.400000
-13.221960 -4.085651 1.414666 0.026699 0.019876 -2.247794 24.610001
-13.391625 -4.198069 1.422668 0.020853 0.004817 -2.277357 24.820000
-13.569912 -4.306165 1.433177 0.017262 0.010936 -2.307633 25.040001
-13.748678 -4.407244 1.445441 0.014725 0.023132 -2.337802 25.260000
-13.930572 -4.506012 1.458979 0.011418 0.029465 -2.368222 25.480000
-14.108071 -4.600868 1.472339 0.008106 0.031523 -2.397516 25.690001
-14.288969 -4.697517 1.485371 0.005112 0.030115 -2.427101 25.900000
-14.472003 -4.796076 1.497367 0.002025 0.019868 -2.456896 26.110001
-14.661406 -4.898952 1.508352 -0.000542 0.007786 -2.487968 26.330000
-14.844524 -4.999351 1.517887 -0.000180 0.017688 -2.518974 26.549999
-15.024731 -5.099292 1.526417 0.000923 0.025838 -2.549976 26.770000
-15.205961 -5.200492 1.534484 0.001438 0.032245 -2.581119 26.990000
-15.381862 -5.298315 1.540934 0.018825 0.019523 -2.610938 27.200001
-15.560949 -5.388221 1.543163 0.056932 0.011415 -2.641305 27.410000
-15.755534 -5.458603 1.539237 0.068868 0.001475 -2.674232 27.629999
-15.954649 -5.498449 1.528888 0.059208 -0.002462 -2.706905 27.850000
-16.154449 -5.511611 1.513462 0.040708 0.004887 -2.738639 28.070000
-16.362709 -5.508121 1.497630 0.006964 0.018538 -2.771392 28.299999
-16.570168 -5.504321 1.487872 -0.013483 0.034832 -2.803804 28.530001
-16.771620 -5.511789 1.486357 -0.019478 0.041587 -2.834166 28.750000
-16.978329 -5.533150 1.492337 -0.017843 0.038422 -2.863259 28.969999
-17.178322 -5.564240 1.502711 -0.014413 -0.009695 -2.888671 29.180000
-17.377699 -5.601702 1.515169 -0.010359 -0.090153 -2.913251 29.410000
-17.573471 -5.644235 1.529860 -0.000320 -0.124463 -2.943802 29.760000
-17.746664 -5.740600 1.558882 -0.043688 0.107451 -2.947389 30.620001
-17.915039 -5.853660 1.578656 -0.031960 0.093178 -2.919951 30.920000
-18.086004 -5.965923 1.596196 -0.020495 0.071602 -2.891128 31.150000
-18.254042 -6.074438 1.612286 -0.010746 0.047435 -2.861911 31.350000
-18.430552 -6.186878 1.628343 0.000519 0.014720 -2.830202 31.549999
-18.605206 -6.295043 1.643216 0.032914 -0.001531 -2.799081 31.750000
-18.784779 -6.390677 1.657085 0.060465 0.009270 -2.770112 31.959999
-18.976099 -6.462678 1.669237 0.058279 0.000691 -2.748203 32.180000
-19.178097 -6.508277 1.678977 0.052310 0.007158 -2.733692 32.410000
-19.382910 -6.527503 1.682510 0.068342 0.005218 -2.729868 32.639999
-19.583143 -6.517519 1.677306 0.066344 -0.002498 -2.736697 32.860001
-19.783569 -6.480519 1.663876 0.047297 -0.008597 -2.752224 33.080002
-19.979105 -6.424078 1.642135 0.031652 0.002757 -2.774379 33.299999
-20.171045 -6.357755 1.607226 0.013414 0.015301 -2.802812 33.520000
-20.361734 -6.291059 1.556869 -0.000493 0.018164 -2.836177 33.740002
-20.550167 -6.230145 1.493917 -0.009467 0.012118 -2.872718 33.959999
-20.734089 -6.177507 1.420096 -0.005789 0.020466 -2.911506 34.180000
-20.922256 -6.130660 1.340249 -0.020475 -0.030162 -2.951546 34.410000
-21.106310 -6.088875 1.262398 -0.040673 -0.096390 -2.993580 34.680000
-20.983170 -6.253836 1.275190 -0.080494 -0.090968 -3.030044 35.529999
-20.823135 -6.373299 1.316476 -0.052027 -0.054151 -3.015560 35.730000
-20.664515 -6.491607 1.360298 -0.032789 -0.028342 -2.995413 35.910000
-20.501972 -6.613993 1.407599 -0.015203 -0.007999 -2.970068 36.090000
-20.342962 -6.735422 1.455380 0.003281 0.008782 -2.940872 36.270000
-20.185316 -6.857491 1.503049 0.023370 0.011904 -2.907368 36.459999
-20.024193 -6.977834 1.544802 0.041053 -0.026305 -2.869799 36.669998
-19.849804 -7.081683 1.572407 0.042935 -0.054605 -2.826771 36.900002
-19.659410 -7.154809 1.581133 0.042158 -0.041812 -2.779830 37.139999
-19.457516 -7.194679 1.576211 0.046986 -0.053175 -2.733205 37.389999
-19.249638 -7.194916 1.567578 0.040559 -0.063714 -2.687913 37.639999
-19.048567 -7.161561 1.561581 0.025731 -0.057736 -2.647083 37.869999
-18.848139 -7.107542 1.559438 0.008201 -0.043370 -2.609462 38.090000
-18.651955 -7.046098 1.558548 -0.014566 -0.026517 -2.575264 38.299999
-18.452431 -6.986437 1.556159 -0.029770 -0.015689 -2.542733 38.509998
-18.251095 -6.935933 1.551075 -0.025644 0.003042 -2.513018 38.720001
-18.053293 -6.896990 1.542712 -0.026075 -0.001420 -2.487757 38.930000
-17.848864 -6.866919 1.531122 -0.015733 -0.006251 -2.468932 39.150002
-17.649017 -6.840469 1.522870 0.035548 -0.018114 -2.459171 39.369999
-17.446497 -6.792007 1.525826 0.069335 -0.039558 -2.459414 39.610001
-17.262373 -6.703710 1.543185 0.062227 -0.041431 -2.466926 39.849998
-17.097862 -6.587096 1.563655 0.002830 -0.030662 -2.476825 40.080002
-16.931274 -6.465456 1.577202 -0.046950 -0.022882 -2.487271 40.310001
-16.750883 -6.360563 1.578631 -0.065234 -0.020863 -2.494666 40.540001
-16.561861 -6.282870 1.567222 -0.060176 -0.019938 -2.496752 40.759998
-16.369541 -6.227636 1.546934 -0.038637 0.006964 -2.494648 40.970001
-16.169054 -6.189976 1.523638 -0.056603 0.034587 -2.486128 41.189999
-15.966347 -6.184757 1.504125 -0.070473 0.038211 -2.470323 41.419998
-15.768375 -6.218803 1.492342 -0.054173 0.032515 -2.448695 41.650002
-15.575046 -6.283379 1.489386 -0.049770 0.014576 -2.421445 41.880001
-15.389623 -6.364533 1.493864 -0.038341 0.000613 -2.391507 42.099998
-15.202154 -6.454413 1.500925 -0.019515 -0.014241 -2.358902 42.320000
-15.012925 -6.541951 1.503701 -0.015363 -0.028627 -2.324227 42.540001
-14.819922 -6.620532 1.498872 -0.003738 -0.027950 -2.288312 42.759998
-14.626510 -6.687117 1.486026 -0.001573 -0.030286 -2.251759 42.980000
-14.433301 -6.738633 1.468807 0.008720 -0.058901 -2.215438 43.200001
-14.228029 -6.764393 1.450499 0.012571 -0.075542 -2.177671 43.430000
-14.026717 -6.755784 1.435031 0.007897 -0.069801 -2.141572 43.650002
-13.821048 -6.718596 1.422752 -0.001638 -0.054860 -2.105954 43.869999
-13.623404 -6.665002 1.413993 0.023436 -0.008374 -2.072768 44.080002
-13.427958 -6.601003 1.407459 0.072110 0.055659 -2.036661 44.310001
-13.239874 -6.529755 1.405751 0.077098 0.077366 -1.995222 44.700001
-13.040701 -6.528482 1.454721 -0.119207 -0.038541 -1.951431 45.439999
-12.839429 -6.544502 1.501433 -0.087722 -0.031228 -1.935049 45.709999
-12.635664 -6.558181 1.544512 -0.044953 -0.017565 -1.919707 45.930000
-12.438688 -6.569716 1.585261 -0.024282 -0.004893 -1.903046 46.130001
-12.241370 -6.582943 1.620119 -0.015849 0.032041 -1.883863 46.330002
-12.041394 -6.610203 1.643123 -0.020367 0.060856 -1.860845 46.540001
-11.841008 -6.664524 1.649237 -0.023379 0.064509 -1.833830 46.759998
-11.656695 -6.741833 1.638718 -0.022739 0.052568 -1.805528 46.970001
-11.477265 -6.838447 1.615645 -0.019138 0.040514 -1.775240 47.180000
-11.302633 -6.948700 1.586443 -0.010127 0.039614 -1.743381 47.389999
-11.134911 -7.070738 1.556636 -0.009040 0.039659 -1.710187 47.599998
-10.981421 -7.197196 1.530785 -0.008718 0.033283 -1.677683 47.799999
-10.832952 -7.331016 1.508946 -0.012130 0.027908 -1.644626 48.000000
-10.688004 -7.469231 1.491565 -0.003266 0.011347 -1.611341 48.200001
-10.542003 -7.611477 1.478001 -0.001392 -0.027208 -1.577874 48.410000
-10.387517 -7.745125 1.468355 -0.040252 -0.072357 -1.542037 48.639999
-10.207737 -7.841300 1.462360 -0.053362 -0.081317 -1.503821 48.889999
-10.010000 -7.882664 1.458718 -0.051706 -0.060503 -1.468032 49.139999
-9.805443 -7.883451 1.456306 -0.047424 -0.032307 -1.435031 49.380001
-9.598842 -7.863978 1.454371 -0.029931 -0.010726 -1.403766 49.610001
-9.397854 -7.838616 1.452761 -0.024831 0.008769 -1.374209 49.830002
-9.194744 -7.816549 1.454154 -0.020322 0.031600 -1.344738 50.049999
-8.989349 -7.807344 1.460723 -0.014923 0.039342 -1.315022 50.270000
-8.783850 -7.814099 1.472210 -0.002483 0.031198 -1.285346 50.490002
-8.582971 -7.834015 1.487784 -0.006486 0.012790 -1.255966 50.709999
-8.378908 -7.855925 1.503364 -0.025547 -0.053436 -1.225507 50.939999
-8.174194 -7.847348 1.514574 -0.034179 -0.087749 -1.193205 51.180000
-7.981294 -7.790143 1.518540 -0.027401 -0.080140 -1.161825 51.419998
-7.801716 -7.690493 1.515190 -0.033804 -0.056487 -1.130703 51.660000
-7.636743 -7.567293 1.506908 -0.019405 -0.027139 -1.100904 51.889999
-7.476604 -7.435087 1.497777 -0.015926 0.029148 -1.070544 52.119999
-7.310620 -7.318273 1.493514 -0.020497 0.072897 -1.039432 52.349998
-7.126465 -7.233312 1.496595 -0.022579 0.079925 -1.007399 52.580002
-6.930451 -7.182472 1.506261 -0.020712 0.065961 -0.975893 52.799999
-6.729894 -7.155197 1.519717 0.005979 0.030499 -0.945681 53.009998
-6.526666 -7.141048 1.534362 0.069637 -0.029356 -0.917964 53.230000
-6.326664 -7.136642 1.550141 0.103204 -0.070901 -0.887432 53.520000
-6.482802 -7.002859 1.565145 0.028027 -0.116351 -0.877740 54.349998
-6.653973 -6.897951 1.563571 0.011921 -0.067321 -0.891057 54.560001
-6.830339 -6.784768 1.561689 0.003085 -0.030531 -0.910019 54.759998
-6.998468 -6.673794 1.559959 0.002607 -0.015981 -0.932578 54.950001
-7.172100 -6.558422 1.558472 0.016428 -0.002747 -0.960130 55.150002
-7.343547 -6.451122 1.557946 0.034801 0.006825 -0.990497 55.349998
-7.525239 -6.353674 1.558696 0.035034 0.014588 -1.024240 55.560001
-7.716560 -6.270176 1.560794 0.031835 0.011675 -1.061299 55.779999
-7.907700 -6.202621 1.562922 0.019616 0.000335 -1.099197 56.000000
-8.105904 -6.139500 1.560026 0.006621 -0.024351 -1.139062 56.230000
-8.301873 -6.070679 1.548605 0.004674 -0.040542 -1.178660 56.459999
-8.488452 -5.992350 1.529579 -0.000770 -0.037784 -1.215973 56.680000
-8.671451 -5.901478 1.506178 -0.005047 -0.036618 -1.252392 56.900002
-8.848585 -5.798530 1.481798 -0.000611 -0.036636 -1.287874 57.119999
-9.019997 -5.685382 1.458939 -0.005423 -0.020312 -1.322040 57.340000
-9.183621 -5.567608 1.438541 0.008442 -0.022705 -1.354901 57.560001
-9.344424 -5.446730 1.421378 0.013316 -0.005342 -1.386714 57.779999
-9.511593 -5.328540 1.411500 0.038662 0.059539 -1.418950 58.009998
-9.700491 -5.243785 1.414667 0.052954 0.089068 -1.453492 58.259998
-9.902850 -5.219570 1.430605 0.039645 0.078219 -1.488904 58.509998
-10.104150 -5.241446 1.451503 0.020284 0.013922 -1.522880 58.750000
-10.305888 -5.269878 1.467082 0.018772 -0.065579 -1.555697 58.990002
-10.507098 -5.263865 1.471838 0.019927 -0.093912 -1.588017 59.230000
-10.707280 -5.209013 1.463708 0.024845 -0.085827 -1.620245 59.470001
-10.890047 -5.120924 1.446531 0.005478 -0.049546 -1.649621 59.689999
-11.065711 -5.015525 1.428482 0.005264 0.014227 -1.679920 59.910000
-11.243948 -4.916995 1.418345 0.026345 0.053574 -1.711161 60.139999
-11.437963 -4.845764 1.422078 0.039253 0.060215 -1.743982 60.380001
-11.638924 -4.808536 1.439405 0.038536 0.048848 -1.776263 60.610001
-11.842867 -4.794004 1.464769 0.015189 0.022022 -1.807351 60.830002
-12.046523 -4.787316 1.489030 0.014911 -0.027361 -1.837675 61.049999
-12.252539 -4.766401 1.504654 0.025400 -0.058268 -1.869668 61.279999
-12.450343 -4.717092 1.507014 0.016090 -0.058231 -1.901356 61.509998
-12.637272 -4.640720 1.495809 0.028213 -0.045234 -1.932900 61.740002
-12.818839 -4.542651 1.475151 0.031386 -0.032083 -1.964429 61.970001
-12.991310 -4.434072 1.451699 0.033821 -0.020812 -1.994784 62.189999
-13.163149 -4.317047 1.428180 -0.020929 -0.005856 -2.024838 62.410000
-13.327976 -4.199329 1.406191 -0.094247 0.008161 -2.056284 62.650002
-13.487432 -4.080221 1.384611 -0.101204 0.010478 -2.098094 63.080002
-13.647385 -3.959613 1.396542 0.115426 -0.004935 -2.139793 63.880001
-13.813359 -3.840446 1.414480 0.089697 -0.002619 -2.155995 64.160004
-13.982804 -3.719303 1.430347 0.050807 -0.000866 -2.172141 64.389999
-14.149064 -3.600550 1.445078 0.038283 0.000749 -2.189614 64.599998
-14.311986 -3.484490 1.458470 0.011974 -0.000199 -2.208685 64.800003
-14.478727 -3.365005 1.471754 -0.005514 -0.012051 -2.230484 65.010002
-14.640210 -3.242451 1.486856 0.008371 -0.026112 -2.255434 65.230003
-14.795142 -3.108903 1.505074 0.009859 -0.028735 -2.283853 65.459999
-14.936756 -2.967936 1.525575 0.020625 -0.023177 -2.314069 65.690002
-15.070621 -2.818722 1.548819 0.030723 -0.015015 -2.345811 65.919998
-15.202332 -2.661898 1.573615 0.018667 -0.007103 -2.378588 66.150002
-15.330465 -2.503687 1.596302 0.014163 -0.014233 -2.411799 66.379997
-15.451638 -2.343085 1.610905 0.028584 -0.028010 -2.445325 66.610001
-15.564532 -2.172512 1.615355 0.019478 -0.027817 -2.478810 66.839996
-15.667421 -1.993971 1.609891 0.025313 -0.021939 -2.512156 67.070000
-15.763284 -1.808660 1.596491 0.023816 -0.013743 -2.545329 67.300003
-15.851008 -1.627916 1.578649 0.017288 -0.006313 -2.576798 67.519997
-15.936394 -1.447395 1.557784 0.028191 -0.001668 -2.608136 67.739998
-16.022236 -1.264875 1.537507 0.024016 -0.017732 -2.639421 67.959999
-16.101568 -1.077438 1.524400 0.024386 -0.044784 -2.670652 68.180000
-16.163818 -0.880897 1.520947 0.009258 -0.047301 -2.701452 68.400002
-16.205153 -0.680473 1.526724 0.004884 -0.034825 -2.732031 68.620003
-16.232687 -0.482105 1.538077 0.013207 0.024162 -2.762977 68.839996
-16.273375 -0.283516 1.551123 0.020450 0.073635 -2.795444 69.070000
-16.351757 -0.091245 1.562316 0.008416 0.075953 -2.829835 69.309998
-16.461367 0.076263 1.568842 0.015510 0.067070 -2.862924 69.540001
-16.598625 0.232508 1.571227 -0.000409 0.037265 -2.896164 69.769997
-16.748524 0.375699 1.570506 -0.014313 0.033857 -2.928993 70.000000
-16.906273 0.501551 1.567499 -0.004879 0.043918 -2.961641 70.230003
-17.075062 0.613692 1.563210 -0.005704 0.028061 -2.993500 70.459999
-17.249804 0.715614 1.558499 0.008583 0.032577 -3.025119 70.690002
-17.431793 0.814297 1.553930 0.018040 0.033165 -3.056630 70.919998
-17.613152 0.910738 1.549908 0.022384 0.032590 -3.086832 71.139999
-17.791967 1.006826 1.546526 0.016826 0.020502 -3.116042 71.349998
-17.970726 1.104672 1.543830 0.001484 0.005793 3.138083 71.559998
-18.152426 1.203154 1.542018 -0.002929 0.019542 3.108017 71.779999
-18.333815 1.295792 1.541438 -0.001385 0.031776 3.078036 72.000000
-18.520325 1.384008 1.542109 0.000904 0.034346 3.048146 72.220001
-18.703548 1.465292 1.543254 -0.007324 0.022350 3.020290 72.430000
-18.897388 1.544030 1.544115 -0.020327 0.028273 2.993216 72.650002
-19.095144 1.611740 1.543772 -0.023634 0.020841 2.970044 72.870003
-19.294451 1.667185 1.542031 -0.019764 0.016116 2.951016 73.089996
-19.493052 1.712444 1.538910 -0.013099 0.025547 2.936042 73.309998
-19.691643 1.751308 1.534676 -0.006207 -0.025141 2.925896 73.529999
-19.889832 1.786284 1.529277 0.001458 -0.096691 2.918707 73.779999
-19.839989 1.592196 1.568318 -0.063975 -0.092821 2.927683 74.769997
-19.694132 1.447173 1.590434 -0.045349 -0.057764 2.941976 74.980003
-19.550264 1.301052 1.613417 -0.030403 -0.032837 2.959516 75.169998
-19.411198 1.157062 1.636269 -0.014229 -0.005675 2.979332 75.349998
-19.269634 1.005990 1.658507 -0.015284 0.017229 3.003369 75.540001
-19.133945 0.848945 1.677566 -0.026978 0.021858 3.031251 75.739998
-19.008413 0.683111 1.691899 -0.015155 0.026192 3.062077 75.949997
-18.894829 0.510976 1.700703 -0.022313 0.012906 3.096168 76.169998
-18.793432 0.337983 1.704388 -0.021843 0.001490 3.131253 76.389999
-18.694063 0.156302 1.704336 -0.009797 0.000057 -3.115135 76.620003
-18.600704 -0.022006 1.700656 -0.023782 0.014401 -3.078145 76.849998
-18.515051 -0.211344 1.692920 -0.039757 0.022647 -3.039743 77.089996
-18.446730 -0.402533 1.682611 -0.027384 0.021378 -3.003456 77.320000
-18.390528 -0.599430 1.670290 -0.032118 0.015567 -2.967763 77.550003
-18.342339 -0.802159 1.656652 -0.017551 0.007623 -2.932859 77.779999
-18.298208 -1.003809 1.638512 -0.008061 -0.008030 -2.899358 78.010002
-18.251581 -1.198642 1.609804 -0.021692 -0.020163 -2.866708 78.239998
-18.195869 -1.389309 1.570188 -0.006453 -0.020150 -2.834886 78.470001
-18.129879 -1.579568 1.526460 -0.019489 -0.004334 -2.802467 78.709999
-18.061445 -1.768519 1.490826 -0.033347 0.007891 -2.770584 78.949997
-17.994316 -1.964108 1.467496 -0.023190 0.010439 -2.738920 79.190002
-17.933411 -2.155803 1.457020 -0.031485 0.016327 -2.708676 79.419998
-17.878294 -2.355142 1.457510 -0.020389 0.046558 -2.678308 79.650002
-17.843275 -2.554396 1.466960 -0.007616 0.064985 -2.648229 79.870003
-17.834158 -2.759832 1.482278 0.009306 0.052727 -2.617682 80.089996
-17.848927 -2.964396 1.501338 0.004503 0.046027 -2.586809 80.309998
-17.882080 -3.167927 1.522510 0.000266 0.031547 -2.555499 80.529999
-17.925877 -3.369056 1.543809 -0.000780 0.010447 -2.524349 80.750000
-17.969622 -3.563502 1.562209 -0.031679 -0.027816 -2.493666 80.970001
-17.993259 -3.769300 1.575612 -0.065289 -0.051582 -2.459543 81.209999
-17.973904 -3.971834 1.580629 -0.053533 -0.053188 -2.426044 81.449997
-17.914949 -4.167911 1.578018 -0.055161 -0.030497 -2.393998 81.690002
-17.830992 -4.355307 1.570062 -0.049150 -0.008826 -2.363220 81.919998
-17.735468 -4.538572 1.559327 -0.040041 0.007730 -2.333300 82.139999
-17.639223 -4.719022 1.548598 -0.018697 0.031477 -2.304324 82.349998
-17.550468 -4.906125 1.540080 -0.001137 0.052640 -2.274407 82.559998
-17.479542 -5.100410 1.534862 0.017219 0.044303 -2.244216 82.769997
-17.429134 -5.296313 1.533121 0.015885 0.039162 -2.213932 82.980003
-17.395172 -5.501325 1.534793 0.005326 0.034334 -2.182057 83.199997
-17.373894 -5.706354 1.538546 -0.005102 0.010182 -2.150512 83.419998
-17.353855 -5.906984 1.540544 -0.033518 -0.006042 -2.118972 83.639999
-17.319088 -6.111874 1.538197 -0.042230 -0.015165 -2.085729 83.870003
-17.264660 -6.309949 1.530587 -0.039357 -0.012669 -2.053090 84.099998
-17.192837 -6.501576 1.517958 -0.034465 -0.002041 -2.020932 84.330002
-17.110411 -6.685829 1.502643 0.026586 -0.042565 -1.989753 84.559998
-17.019295 -6.867130 1.484485 0.075253 -0.072863 -1.957724 84.849998
-16.979643 -7.065503 1.482060 -0.008112 0.129797 -1.892626 85.699997
-17.032795 -7.263834 1.509876 -0.016022 0.111050 -1.873750 86.029999
-17.079399 -7.462131 1.534397 -0.012323 0.062802 -1.858354 86.260002
-17.122948 -7.663781 1.558353 -0.003793 0.035759 -1.845895 86.470001
-17.165344 -7.861118 1.580538 0.015228 0.024604 -1.837524 86.669998
-17.213675 -8.057117 1.600724 0.027433 0.019624 -1.833931 86.870003
-17.271255 -8.247972 1.618075 0.027915 0.003836 -1.835909 87.070000
-17.340372 -8.438223 1.633017 0.023290 0.007623 -1.843170 87.279999
-17.420183 -8.628355 1.645801 0.016066 0.010891 -1.856902 87.500000
-17.504242 -8.811337 1.656004 -0.001306 0.008341 -1.874513 87.720001
-17.586254 -8.997634 1.661365 -0.054979 0.012803 -1.892368 87.949997
-17.642681 -9.196684 1.659189 -0.081066 0.009261 -1.905581 88.190002
-17.657568 -9.403005 1.649151 -0.071343 0.002729 -1.911456 88.430000
-17.637514 -9.604230 1.633492 -0.056736 0.014016 -1.910811 88.660004
-17.596432 -9.801330 1.614910 -0.034043 0.017749 -1.902620 88.879997
-17.545483 -10.001623 1.595838 -0.008817 0.028477 -1.887820 89.099998
-17.498919 -10.196056 1.579290 0.004982 0.036286 -1.868001 89.309998
-17.460766 -10.395275 1.565248 0.007683 0.042203 -1.845129 89.519997
-17.432259 -10.600627 1.553698 0.007467 0.035079 -1.823128 89.730003
-17.412821 -10.808519 1.544444 0.038933 0.011906 -1.804957 89.940002
-17.413240 -11.017086 1.537274 0.092349 0.006309 -1.792077 90.160004
-17.457548 -11.217128 1.531567 0.101615 -0.001464 -1.788137 90.389999
-17.548697 -11.395254 1.526574 0.082389 -0.001626 -1.792384 90.620003
-17.675573 -11.554555 1.522287 0.059777 0.014455 -1.803789 90.849998
-17.818895 -11.697367 1.519441 0.031509 0.000846 -1.823294 91.070000
-17.970737 -11.830472 1.521310 0.028932 0.009246 -1.847667 91.290001
-18.128981 -11.957077 1.529822 0.024135 0.011462 -1.876981 91.510002
-18.289827 -12.078770 1.542848 -0.026266 0.001288 -1.907797 91.730003
-18.441128 -12.211937 1.556665 -0.111841 0.015057 -1.938369 91.970001
-18.539373 -12.386737 1.565949 -0.127252 0.012145 -1.960852 92.239998
-18.555735 -12.592366 1.565943 -0.102124 0.019724 -1.971810 92.510002
-18.519199 -12.797549 1.559171 -0.068966 0.027528 -1.970168 92.750000
-18.464754 -12.990423 1.549842 -0.023907 0.021432 -1.959574 92.959999
-18.407429 -13.186988 1.540921 0.022470 0.035087 -1.942420 93.169998
-18.366228 -13.384496 1.534732 0.043708 0.039375 -1.919513 93.379997
-18.348541 -13.587865 1.530651 0.051763 -0.029763 -1.895105 93.599998
-18.352219 -13.792980 1.528192 0.047581 -0.103507 -1.863057 93.870003
-18.149145 -13.777416 1.550064 -0.094379 -0.083737 -1.803080 94.730003
-17.976744 -13.669147 1.560369 -0.056940 -0.041775 -1.791597 94.949997
-17.800171 -13.563231 1.570644 -0.031962 -0.016930 -1.778697 95.150002
-17.618216 -13.458212 1.581541 -0.012554 -0.000405 -1.763965 95.349998
-17.439152 -13.358431 1.592237 -0.008739 0.002773 -1.747357 95.550003
-17.256290 -13.260124 1.602987 -0.014948 -0.003320 -1.727794 95.760002
-17.076994 -13.166663 1.612969 -0.004368 0.000258 -1.706379 95.970001
-16.895441 -13.073552 1.622516 -0.013939 -0.007359 -1.681589 96.190002
-16.716686 -12.982636 1.631551 -0.022855 -0.014237 -1.654563 96.410004
-16.536976 -12.890830 1.639924 -0.004445 -0.024869 -1.625729 96.629997
-16.357121 -12.786076 1.644669 0.037794 -0.063576 -1.594740 96.860001
-16.203794 -12.655953 1.643039 0.054237 -0.074251 -1.561899 97.089996
-16.080677 -12.489270 1.634007 0.046365 -0.063008 -1.525604 97.330002
-15.993577 -12.306642 1.619505 0.022743 -0.055836 -1.490759 97.559998
-15.928109 -12.117187 1.602275 0.009110 -0.023492 -1.457289 97.779999
-15.869801 -11.926234 1.583311 -0.032851 -0.000854 -1.424686 98.000000
-15.796568 -11.733773 1.563054 -0.059126 0.011087 -1.391533 98.230003
-15.698858 -11.552422 1.543408 -0.049207 0.020065 -1.359230 98.459999
-15.579476 -11.384388 1.524508 -0.049353 0.009128 -1.326248 98.690002
-15.447875 -11.230820 1.507081 -0.042406 -0.001773 -1.294826 98.910004
-15.304311 -11.079048 1.490164 -0.035572 -0.010644 -1.263422 99.129997
-15.160928 -10.932817 1.474732 -0.026294 -0.008193 -1.233458 99.339996
-15.014423 -10.787415 1.463191 -0.026089 0.015155 -1.203335 99.550003
-14.862259 -10.650750 1.458297 -0.030677 0.030510 -1.172743 99.760002
-14.700699 -10.527388 1.460716 -0.031360 0.032214 -1.141677 99.970001
-14.529287 -10.416860 1.469689 -0.030606 0.026209 -1.110232 100.180000
-14.350058 -10.316110 1.483652 -0.016228 0.016607 -1.078692 100.389999
-14.170061 -10.222998 1.499393 -0.006613 0.001323 -1.047646 100.599998
-13.987222 -10.128795 1.514061 -0.020212 -0.013993 -1.015331 100.820000
-13.809558 -10.029663 1.524770 -0.015888 -0.020054 -0.983163 101.040001
-13.639276 -9.923812 1.530514 -0.018985 -0.017809 -0.951468 101.260002
-13.467706 -9.806386 1.531552 -0.028450 -0.011358 -0.918619 101.489998
-13.305644 -9.688287 1.528500 -0.016891 -0.001225 -0.887496 101.709999
-13.137770 -9.565246 1.521090 -0.023339 0.017585 -0.855145 101.940002
-12.972609 -9.452515 1.510648 -0.019069 0.022625 -0.824179 102.160004
-12.802423 -9.346994 1.497794 -0.013946 0.020592 -0.793403 102.379997
-12.621127 -9.244368 1.482652 -0.022741 0.019989 -0.761319 102.610001
-12.443750 -9.150547 1.467618 -0.012991 0.003452 -0.730822 102.830002
-12.263071 -9.051714 1.454342 -0.025999 -0.045808 -0.699464 103.059998
-12.100802 -8.933893 1.446437 -0.037516 -0.073905 -0.668048 103.290001
-11.964216 -8.784956 1.444312 -0.042276 -0.071191 -0.636995 103.519997
-11.855538 -8.614033 1.446875 -0.034349 -0.052401 -0.607433 103.739998
-11.764491 -8.427371 1.451595 0.035352 -0.023303 -0.577976 103.959999
-11.688439 -8.237545 1.457331 0.103370 0.004010 -0.545428 104.209999
-11.626186 -8.047146 1.468317 -0.061010 0.028880 -0.493304 104.879997
-11.489465 -7.897112 1.484701 -0.110430 0.027445 -0.465412 105.410004
-11.355024 -7.748188 1.496333 -0.081148 0.018241 -0.448049 105.669998
-11.221126 -7.595953 1.506364 -0.044226 0.009021 -0.430905 105.889999
-11.087257 -7.441438 1.516302 -0.029186 0.013392 -0.412541 106.099998
-10.949464 -7.285364 1.526997 -0.018793 0.024705 -0.391376 106.309998
-10.805938 -7.133330 1.538610 -0.007152 0.025355 -0.367321 106.519997
-10.658525 -6.989633 1.550727 0.002708 0.019032 -0.341033 106.730003
-10.503467 -6.850001 1.563807 -0.004921 0.016916 -0.311461 106.949997
-10.349197 -6.716863 1.573446 -0.024933 -0.009411 -0.280437 107.169998
-10.203354 -6.578747 1.574499 -0.043947 -0.026723 -0.247810 107.389999
-10.072054 -6.427145 1.566023 -0.027784 -0.035559 -0.214394 107.610001
-9.954914 -6.259266 1.550757 -0.027128 -0.025556 -0.179873 107.839996
-9.853969 -6.084289 1.535419 -0.035243 -0.008498 -0.145538 108.070000
-9.760982 -5.901690 1.523936 -0.021031 -0.002070 -0.111048 108.300003
-9.672241 -5.716830 1.517825 -0.026078 0.009810 -0.077037 108.529999
-9.582705 -5.529428 1.516967 -0.019722 0.011876 -0.043289 108.760002
-9.491694 -5.343038 1.519154 0.003559 0.015682 -0.010200 108.989998
-9.391864 -5.160458 1.519443 0.012739 0.048565 0.024085 109.230003
-9.272035 -4.993670 1.513846 0.007379 0.064853 0.057756 109.470001
-9.131279 -4.844505 1.501739 0.000297 0.060056 0.089630 109.699997
-8.976546 -4.707334 1.485475 -0.005762 0.030702 0.119914 109.919998
-8.823047 -4.578012 1.471610 -0.032147 0.003475 0.148981 110.129997
-8.670428 -4.434811 1.463404 -0.045091 -0.011960 0.180084 110.349998
-8.534618 -4.279900 1.462876 -0.039602 -0.018463 0.211024 110.570000
-8.417490 -4.116175 1.470098 -0.039172 -0.005087 0.241196 110.790001
-8.313147 -3.943821 1.483936 -0.028122 0.008714 0.271416 111.010002
-8.212392 -3.767925 1.500077 0.019850 0.038282 0.301555 111.230003
-8.097701 -3.603874 1.514018 0.055687 0.057854 0.331429 111.449997
-7.950778 -3.457673 1.523500 0.062753 0.040836 0.358862 111.680000
-7.780762 -3.340372 1.526581 0.050172 0.043225 0.384310 111.910004
-7.599752 -3.248400 1.524145 0.031521 0.027869 0.404243 112.129997
-7.410040 -3.169286 1.517667 0.014463 0.019411 0.421839 112.349998
-7.218551 -3.096589 1.508696 0.000673 0.022466 0.438679 112.570000
-7.028462 -3.022451 1.499553 -0.040952 0.012501 0.455605 112.790001
-6.843091 -2.927966 1.492983 -0.076113 0.012599 0.474737 113.019997
-6.679918 -2.803583 1.490426 -0.070137 -0.001939 0.497267 113.250000
-6.541933 -2.654093 1.491822 -0.057933 0.011041 0.519814 113.480003
-6.421851 -2.485464 1.496389 -0.026067 -0.011062 0.545610 113.709999
-6.317255 -2.312512 1.502029 0.023895 -0.080384 0.571571 113.949997
-6.225356 -2.134227 1.512779 0.014453 0.014059 0.611675 114.500000
-6.063089 -2.017502 1.537264 0.013067 0.108411 0.609016 115.110001
-5.888408 -1.913391 1.557636 0.006246 0.088593 0.598650 115.379997
-5.713696 -1.809995 1.576937 0.002164 0.065404 0.587902 115.599998
-5.539814 -1.706529 1.595570 0.000177 0.037640 0.575791 115.800003
-5.361601 -1.600077 1.612409 0.002719 0.014383 0.561935 116.000000
-5.185753 -1.496077 1.624704 0.006099 0.014893 0.547191 116.199997
-5.012111 -1.395910 1.631516 0.007678 0.016082 0.532626 116.400002
-4.830999 -1.294914 1.632863 0.007080 0.020610 0.519810 116.610001
-4.650321 -1.196622 1.628327 -0.011605 0.018696 0.511371 116.820000
-4.473829 -1.094801 1.617670 -0.036154 0.019702 0.508885 117.029999
-4.305897 -0.981375 1.601488 -0.044542 0.019441 0.513198 117.239998
-4.147954 -0.853611 1.580839 -0.040747 0.020359 0.524120 117.449997
-3.998861 -0.713299 1.557243 -0.029275 0.014315 0.541395 117.660004
-3.858742 -0.567309 1.533984 0.002644 -0.007216 0.562836 117.870003
-3.719672 -0.424412 1.515936 0.043580 0.007914 0.585106 118.089996
-3.559934 -0.293157 1.507772 0.056303 0.017188 0.604855 118.330002
-3.383924 -0.189153 1.511168 0.048377 0.018650 0.617261 118.570000
-3.193141 -0.107549 1.523143 0.053417 0.025436 0.621436 118.809998
-2.993841 -0.048534 1.537428 0.057001 0.024206 0.616116 119.040001
-2.789613 -0.010233 1.550077 0.040430 0.006567 0.602368 119.260002
-2.581760 0.012819 1.559887 0.028115 0.009618 0.582912 119.480003
-2.373272 0.026298 1.566645 0.021006 0.020388 0.557791 119.699997
-2.172519 0.035572 1.570251 0.004578 0.023144 0.529175 119.910004
-1.972024 0.047665 1.571265 -0.011039 0.032137 0.497208 120.120003
-1.771907 0.069175 1.570264 -0.018321 0.024927 0.463147 120.330002
-1.566027 0.102853 1.567551 -0.017976 0.019069 0.426072 120.550003
-1.365641 0.145982 1.563820 -0.012209 0.025000 0.388059 120.769997
-1.168018 0.196094 1.559740 -0.006207 0.013436 0.350370 120.989998
-0.966457 0.250799 1.554936 0.010292 0.011715 0.311626 121.220001
-0.767986 0.299014 1.548956 0.038760 0.018447 0.273836 121.449997
-0.566217 0.329145 1.541560 0.046395 0.017037 0.236441 121.680000
-0.361382 0.337569 1.532637 0.038922 0.015969 0.200252 121.910004
-0.155088 0.328118 1.522315 0.028165 0.025122 0.165675 122.139999
0.044489 0.308346 1.511736 0.014178 0.013739 0.133320 122.360001
0.251299 0.282636 1.499963 0.006806 0.026928 0.101023 122.589996
0.450654 0.257233 1.488412 -0.000789 0.004663 0.071024 122.809998
0.655137 0.231879 1.476727 -0.012799 -0.076188 0.041580 123.050003
0.854188 0.207783 1.468570 -0.017149 -0.129684 0.006669 123.419998
1.044875 0.143854 1.460455 0.037085 0.108222 -0.038019 124.209999
1.234689 0.068742 1.462586 0.027376 0.091562 -0.057134 124.500000
1.426274 -0.005411 1.464118 0.003509 0.045658 -0.074362 124.730003
1.623362 -0.075860 1.465471 -0.027938 0.032615 -0.088079 124.949997
1.817627 -0.129824 1.466675 -0.040469 0.027932 -0.096789 125.160004
2.015043 -0.165736 1.467587 -0.037537 0.012090 -0.100145 125.370003
2.219890 -0.185509 1.468219 -0.027986 0.023589 -0.099544 125.589996
2.425173 -0.192415 1.468612 -0.015905 0.008259 -0.093564 125.809998
2.625367 -0.192127 1.468923 -0.003159 0.007007 -0.085197 126.029999
2.828544 -0.190509 1.469694 0.004682 0.027291 -0.076108 126.260002
3.032389 -0.192020 1.471166 0.007184 0.018456 -0.068100 126.489998
3.235743 -0.197675 1.473112 0.006615 0.031096 -0.061282 126.720001
3.442588 -0.207201 1.475258 0.004601 0.020912 -0.055913 126.949997
3.648522 -0.218947 1.476638 -0.002542 0.007769 -0.050531 127.180000
3.848812 -0.228940 1.475171 -0.012839 0.024794 -0.043301 127.410004
4.050276 -0.232793 1.470022 -0.015601 0.023505 -0.032669 127.639999
4.253338 -0.229203 1.461559 -0.013475 0.020101 -0.018500 127.870003
4.456610 -0.219172 1.452420 -0.011429 0.031784 -0.001746 128.100006
4.664819 -0.203936 1.445012 -0.008658 0.037822 0.016815 128.330002
4.871168 -0.185713 1.440487 -0.005444 0.036381 0.034958 128.550003
5.074005 -0.166248 1.438542 -0.002615 0.032708 0.051422 128.759995
5.279722 -0.146120 1.438619 0.004698 0.014323 0.065758 128.970001
5.482296 -0.128602 1.439894 0.014838 0.015696 0.075953 129.179993
5.682159 -0.117448 1.442039 0.018726 0.021973 0.080532 129.389999
5.882148 -0.113820 1.444608 0.017583 0.027198 0.079053 129.600006
6.084276 -0.116793 1.447336 0.013652 0.029306 0.071703 129.809998
6.289253 -0.124472 1.449871 0.008857 0.028624 0.059775 130.020004
6.496579 -0.134786 1.451770 0.004110 0.027285 0.045268 130.229996
6.705401 -0.145855 1.452610 0.000647 0.025926 0.029660 130.440002
6.913803 -0.156382 1.452599 -0.001652 0.007069 0.014160 130.649994
7.116081 -0.165697 1.451462 -0.002221 0.011872 -0.000387 130.860001
7.323119 -0.174026 1.449331 -0.001654 0.024545 -0.013877 131.080002
7.530647 -0.181331 1.446660 -0.000898 0.029376 -0.024538 131.300003
7.731361 -0.187859 1.443863 -0.000499 0.029035 -0.031211 131.509995
7.934669 -0.194164 1.441125 -0.002078 0.029630 -0.034389 131.720001
8.140658 -0.199699 1.438839 -0.004176 0.030326 -0.034633 131.929993
8.348932 -0.203690 1.437050 -0.004445 0.014292 -0.032530 132.139999
8.553661 -0.205863 1.435578 -0.003430 0.007056 -0.028855 132.350006
8.761570 -0.206594 1.434501 -0.002306 0.017925 -0.024018 132.570007
8.964147 -0.206375 1.433563 -0.000712 -0.035638 -0.018581 132.789993
9.166758 -0.205396 1.432144 0.001370 -0.101939 -0.012246 133.050003
9.366824 -0.204459 1.429554 -0.002387 0.101101 0.004075 133.779999
9.569767 -0.200085 1.430018 -0.004396 0.123445 0.015336 134.210007
9.777661 -0.192974 1.430410 -0.002670 0.090147 0.021583 134.460007
9.985560 -0.185187 1.430824 -0.000117 0.059684 0.025702 134.669998
10.187167 -0.177813 1.431810 0.001592 0.037979 0.028333 134.860001
10.392644 -0.170932 1.433141 0.002277 0.008333 0.029929 135.050003
10.592787 -0.165019 1.434837 0.002302 0.000784 0.030699 135.240005
10.794711 -0.159908 1.437013 0.002056 0.006381 0.030762 135.440002
10.998168 -0.155577 1.439620 0.000748 -0.012636 0.030420 135.649994
11.205240 -0.151292 1.442083 -0.005081 0.000009 0.031165 135.880005
11.409935 -0.144433 1.443846 -0.008457 0.022730 0.034856 136.119995
11.613478 -0.133139 1.444808 -0.008034 0.020057 0.041905 136.360001
11.817500 -0.117630 1.444636 -0.006073 0.035850 0.050673 136.600006
12.019550 -0.099650 1.443654 -0.000239 0.034417 0.059344 136.830002
12.219149 -0.082406 1.442654 0.010095 0.033778 0.065278 137.050003
12.424335 -0.069460 1.442263 0.014464 0.026742 0.066855 137.270004
12.631566 -0.062850 1.442531 0.013236 0.017638 0.063330 137.490005
12.837415 -0.062078 1.443543 0.010375 0.025763 0.054403 137.710007
13.044754 -0.065700 1.444983 0.011113 0.028663 0.040283 137.929993
13.245361 -0.073256 1.446289 0.011697 0.030020 0.023174 138.139999
13.448051 -0.084977 1.447227 0.009027 0.011365 0.003615 138.350006
13.656311 -0.100671 1.447622 0.005779 0.015918 -0.017303 138.570007
13.861053 -0.118402 1.447356 0.003214 0.017510 -0.037394 138.789993
14.061756 -0.136829 1.446466 -0.001830 -0.003044 -0.055130 139.009995
14.261445 -0.154183 1.443914 -0.007461 0.018624 -0.068765 139.240005
14.467750 -0.168124 1.439418 -0.008892 0.020249 -0.075957 139.479996
14.674686 -0.177435 1.433333 -0.007620 0.027174 -0.076958 139.720001
14.876173 -0.183028 1.426373 -0.005500 0.028469 -0.073505 139.949997
15.079868 -0.186452 1.419997 -0.004645 0.008652 -0.066576 140.179993
15.287529 -0.187683 1.417445 -0.005429 0.024296 -0.056093 140.419998
15.487978 -0.186677 1.420544 -0.005547 0.036329 -0.043128 140.649994
15.696134 -0.183713 1.429072 -0.004673 0.041971 -0.028059 140.880005
15.903797 -0.179357 1.440602 -0.003426 0.024114 -0.012491 141.100006
16.103575 -0.174037 1.450816 -0.003225 0.021915 0.002207 141.309998
16.312262 -0.167280 1.457866 -0.002621 0.010318 0.016590 141.529999
16.520454 -0.159389 1.460583 -0.001071 -0.067947 0.029900 141.759995
16.723312 -0.150699 1.458512 -0.000094 -0.112986 0.043574 142.059998
16.922882 -0.144780 1.443650 0.005937 0.133371 0.051629 142.919998
17.127438 -0.143012 1.437823 0.003610 0.116376 0.044833 143.250000
17.333824 -0.140904 1.432616 0.000843 0.078434 0.039536 143.479996
17.537535 -0.138206 1.427348 -0.001996 0.048523 0.035905 143.679993
17.739845 -0.134466 1.421855 -0.003494 0.029589 0.033426 143.869995
17.943729 -0.129367 1.415837 -0.003571 0.020799 0.031837 144.059998
18.145809 -0.123048 1.409320 -0.002870 0.014369 0.031029 144.250000
18.354500 -0.115464 1.402080 -0.001851 0.011543 0.030860 144.449997
18.557108 -0.107415 1.394736 -0.000518 -0.009145 0.030845 144.649994
18.765755 -0.099035 1.388010 0.003868 -0.007042 0.029884 144.869995
18.969984 -0.092698 1.384845 0.007317 0.017732 0.026932 145.100006
19.170462 -0.090085 1.386461 0.007311 0.013775 0.021125 145.330002
19.377245 -0.091178 1.392524 0.005018 0.028511 0.011278 145.570007
19.578640 -0.094673 1.401464 0.003970 0.025969 -0.002522 145.800003
19.782866 -0.100263 1.408655 0.007743 0.026703 -0.019099 146.029999
19.989840 -0.109593 1.409682 0.009555 0.034983 -0.036594 146.259995
20.193489 -0.122993 1.403547 0.008641 0.036966 -0.051867 146.479996
20.393122 -0.139505 1.392062 0.003978 0.024117 -0.062908 146.690002
20.593683 -0.157393 1.379322 -0.004500 0.021583 -0.069555 146.899994
20.793678 -0.173286 1.368927 -0.009245 0.024785 -0.071605 147.110001
20.994598 -0.185351 1.362659 -0.010215 0.028048 -0.069345 147.320007
21.197887 -0.193381 1.361048 -0.008789 0.030074 -0.063347 147.529999
21.403419 -0.198072 1.363650 -0.006507 0.013781 -0.054294 147.740005
21.605661 -0.200097 1.369407 -0.005077 0.012757 -0.043585 147.949997
21.813072 -0.200063 1.378332 -0.003764 0.019526 -0.031688 148.169998
22.018864 -0.198630 1.388278 -0.000208 0.022449 -0.020814 148.389999
22.224918 -0.197497 1.395662 0.005786 0.030278 -0.012940 148.610001
22.433714 -0.199097 1.398268 0.008052 0.018096 -0.009328 148.830002
22.640913 -0.204290 1.395624 0.007523 0.015931 -0.008240 149.050003
22.845163 -0.212704 1.387759 0.006302 0.025218 -0.006992 149.270004
23.049171 -0.223451 1.376782 0.000155 0.012726 -0.004453 149.490005
23.249775 -0.233718 1.366513 -0.007309 0.021017 -0.000551 149.710007
23.449783 -0.240244 1.359418 -0.010003 0.021195 0.004469 149.929993
23.658512 -0.241825 1.356126 -0.008956 0.019647 0.010308 150.160004
23.866320 -0.238718 1.356967 -0.006173 0.020845 0.016112 150.389999
24.069567 -0.232585 1.359994 -0.002772 -0.050940 0.021844 150.619995
24.271921 -0.224377 1.364487 0.000485 -0.118811 0.027704 150.910004
24.472813 -0.217147 1.369920 0.003531 0.117355 0.029950 151.710007
24.673527 -0.216006 1.371847 0.001340 0.106229 0.027340 152.059998
24.882008 -0.214278 1.372459 -0.000742 0.065057 0.026998 152.309998
25.089685 -0.211564 1.373390 -0.003118 0.042313 0.027876 152.529999
25.296852 -0.207294 1.375574 -0.003899 0.034284 0.029444 152.740005
25.498230 -0.201523 1.378934 -0.003493 0.027886 0.032012 152.940002
25.700979 -0.194349 1.383460 -0.002412 0.025024 0.036464 153.139999
25.903454 -0.186227 1.388776 -0.002386 0.010326 0.043190 153.339996
26.110798 -0.176780 1.393196 -0.005469 0.008066 0.051934 153.550003
26.311523 -0.165375 1.394944 -0.007132 0.015070 0.061511 153.759995
26.516832 -0.150565 1.393664 -0.006508 0.007099 0.071254 153.979996
26.724958 -0.132364 1.389018 -0.005211 0.021401 0.078264 154.210007
26.931879 -0.111786 1.382109 -0.001224 0.018345 0.080423 154.440002
27.137703 -0.091228 1.375816 0.008820 0.021551 0.077467 154.669998
27.343935 -0.075147 1.372869 0.013874 0.027464 0.069753 154.899994
27.552242 -0.065820 1.373923 0.012823 0.016493 0.058270 155.130005
27.759296 -0.062870 1.378852 0.009441 0.027555 0.045232 155.360001
27.967785 -0.064273 1.386679 0.004367 0.005305 0.031629 155.589996
28.170143 -0.067474 1.395107 -0.003544 0.012739 0.020139 155.820007
28.377007 -0.068765 1.402611 -0.007601 0.026145 0.012544 156.059998
28.585217 -0.065833 1.408106 -0.007624 0.020166 0.009928 156.300003
28.785414 -0.059188 1.411525 -0.006160 0.036202 0.010837 156.529999
28.990652 -0.049714 1.413123 -0.000727 0.010361 0.014238 156.759995
29.192371 -0.040704 1.411561 0.012723 0.016289 0.017283 156.990005
29.400618 -0.038137 1.405873 0.018995 0.032132 0.017452 157.229996
29.605642 -0.044965 1.396851 0.017985 0.039920 0.012944 157.460007
29.810074 -0.059272 1.385522 0.013459 0.038455 0.003706 157.679993
30.011658 -0.077894 1.373589 0.005848 0.030286 -0.008341 157.889999
30.216341 -0.098199 1.363054 -0.001699 0.025824 -0.020874 158.100006
30.421961 -0.117150 1.355181 -0.005514 0.013865 -0.032072 158.309998
30.623901 -0.133131 1.350373 -0.006191 0.009978 -0.041385 158.520004
30.830187 -0.146507 1.348450 -0.005051 0.021612 -0.049103 158.740005
31.035009 -0.157249 1.349055 -0.005481 0.016376 -0.054204 158.960007
31.237726 -0.165254 1.351335 -0.008116 0.022255 -0.055670 159.179993
31.440453 -0.169755 1.354411 -0.008262 0.020046 -0.052654 159.399994
31.642307 -0.170763 1.357484 -0.006469 0.016340 -0.045960 159.619995
31.851187 -0.168981 1.360322 -0.004384 0.026353 -0.036579 159.850006
32.051838 -0.165708 1.362559 -0.002063 0.018482 -0.026455 160.070007
32.260769 -0.161717 1.364176 0.000115 0.026561 -0.016033 160.300003
32.462234 -0.158288 1.365015 0.001173 0.019595 -0.007072 160.520004
32.663086 -0.155623 1.365326 0.001448 0.019352 0.000516 160.740005
32.872200 -0.153669 1.365070 0.001291 0.029466 0.006822 160.970001
33.072517 -0.152434 1.364003 0.000772 -0.029699 0.011199 161.190002
33.276119 -0.151724 1.362079 -0.000510 -0.104727 0.014591 161.449997
33.478611 -0.152127 1.361774 0.001837 0.098827 0.015915 162.149994
33.683384 -0.152906 1.375928 0.000503 0.121502 0.013047 162.570007
33.883163 -0.152662 1.388114 -0.001009 0.081613 0.011119 162.809998
34.087013 -0.151490 1.397960 -0.004712 0.048583 0.010400 163.020004
34.291637 -0.148457 1.404629 -0.006725 0.034330 0.011475 163.220001
34.499992 -0.142921 1.407719 -0.006499 0.025599 0.014499 163.419998
34.708401 -0.135065 1.406998 -0.005119 0.018943 0.018929 163.619995
34.914318 -0.125502 1.403021 -0.003236 0.006747 0.024208 163.820007
35.122177 -0.114736 1.396786 0.002647 -0.015367 0.029511 164.029999
35.324116 -0.105420 1.389737 0.009276 0.006246 0.032707 164.250000
35.526909 -0.100502 1.383833 0.010845 0.013104 0.031678 164.479996
35.734890 -0.101137 1.380117 0.009111 0.021997 0.026549 164.720001
35.935040 -0.106114 1.378843 0.006328 0.031204 0.018888 164.949997
36.138817 -0.113670 1.378952 0.000848 0.017628 0.010349 165.179993
36.341778 -0.121031 1.378556 -0.006992 0.027562 0.003866 165.410004
36.547619 -0.124637 1.376244 -0.010448 0.037529 0.001098 165.639999
36.751545 -0.123102 1.371713 -0.010355 0.040190 0.000482 165.860001
36.953274 -0.117334 1.365472 -0.006804 0.024753 -0.000273 166.070007
37.156212 -0.109144 1.359180 0.000832 0.018582 -0.001822 166.279999
37.357334 -0.101617 1.354643 0.006006 0.022382 -0.004015 166.490005
37.566399 -0.096772 1.352414 0.007514 0.008251 -0.006847 166.710007
37.769943 -0.095616 1.352795 0.006565 0.019103 -0.009639 166.929993
37.971375 -0.097620 1.355671 0.004795 0.013510 -0.012481 167.149994
38.177212 -0.102412 1.360317 0.009951 0.002515 -0.016247 167.380005
38.383606 -0.112621 1.366653 0.015936 0.027757 -0.022842 167.619995
38.591202 -0.130948 1.373836 0.014400 0.019091 -0.033134 167.860001
38.790134 -0.155157 1.380606 0.003675 0.027530 -0.042457 168.089996
38.992199 -0.179942 1.386340 -0.019087 0.037761 -0.048457 168.320007
39.193100 -0.194896 1.390488 -0.029315 0.037299 -0.048898 168.539993
39.401554 -0.196796 1.393152 -0.028685 0.035494 -0.043350 168.759995
39.606476 -0.186987 1.394390 -0.022331 0.032575 -0.032253 168.970001
39.814964 -0.169039 1.394000 -0.006210 0.020854 -0.017221 169.179993
40.022549 -0.149575 1.391023 0.012419 0.019923 -0.002131 169.389999
40.228443 -0.135903 1.385147 0.021095 0.023995 0.010423 169.600006
40.434345 -0.131356 1.376570 0.021560 0.027106 0.018829 169.809998
40.641460 -0.135665 1.366174 0.015591 0.024384 0.022554 170.020004
40.849072 -0.146021 1.355410 0.007051 0.025190 0.022574 170.229996
41.056385 -0.158706 1.345366 0.000139 -0.005638 0.019700 170.440002
41.257885 -0.171474 1.336305 -0.005730 -0.081666 0.014869 170.660004
41.460918 -0.184632 1.331413 -0.012568 -0.165340 0.006857 170.990005
41.662071 -0.200092 1.325298 0.009633 0.114775 -0.027331 171.809998
41.861240 -0.219498 1.328845 0.005017 0.097064 -0.045343 172.100006
42.064114 -0.239393 1.331651 0.001869 0.056745 -0.059408 172.330002
42.266491 -0.259116 1.333624 0.001175 0.040724 -0.071419 172.539993
42.466179 -0.278629 1.334729 0.001173 0.031993 -0.082049 172.740005
42.668690 -0.298675 1.334920 0.001198 0.024487 -0.092585 172.940002
42.871418 -0.319131 1.334160 0.000897 0.025427 -0.104088 173.139999
43.073456 -0.340017 1.333199 0.006675 0.007776 -0.117189 173.339996
43.279034 -0.364620 1.334491 0.023818 0.006368 -0.133073 173.550003
43.485302 -0.399997 1.340717 0.032215 0.015106 -0.152496 173.770004
43.685589 -0.449160 1.352634 0.030224 0.021336 -0.175058 173.990005
43.883224 -0.511377 1.369917 0.022996 0.029176 -0.200517 174.210007
44.072544 -0.580104 1.390326 0.014705 0.025847 -0.227470 174.419998
44.260582 -0.654856 1.411134 0.036959 0.000936 -0.256493 174.630005
44.444515 -0.746336 1.428615 0.074989 -0.005850 -0.288656 174.850006
44.606949 -0.863668 1.439096 0.073697 -0.017280 -0.323379 175.070007
44.749748 -1.011534 1.442113 0.057780 -0.010233 -0.359156 175.300003
44.871269 -1.175388 1.434869 0.012433 0.013898 -0.394568 175.529999
44.990215 -1.339414 1.414474 -0.026100 0.038964 -0.430352 175.759995
45.123505 -1.491176 1.382368 -0.040320 0.030129 -0.463806 175.990005
45.272625 -1.624895 1.340316 -0.036434 0.034805 -0.492335 176.220001
45.436661 -1.743272 1.294318 -0.028291 0.025113 -0.512638 176.449997
45.611107 -1.849468 1.256513 -0.021128 0.031751 -0.525740 176.679993
45.787140 -1.944238 1.234335 -0.013492 0.024526 -0.531508 176.899994
45.967728 -2.034639 1.226610 -0.006513 0.021541 -0.532092 177.119995
46.149670 -2.122948 1.232062 -0.001757 0.026140 -0.528784 177.339996
46.331944 -2.212459 1.247058 0.027411 0.010768 -0.523392 177.559998
46.510380 -2.316965 1.269367 0.074729 0.008353 -0.518867 177.789993
46.664700 -2.449169 1.294545 0.078664 -0.002010 -0.519175 178.020004
46.791111 -2.608556 1.319337 0.065404 0.000529 -0.523310 178.250000
46.894871 -2.788317 1.342734 0.049443 0.014025 -0.532104 178.479996
46.982735 -2.973584 1.362403 0.005829 0.020952 -0.544135 178.699997
47.073719 -3.156912 1.376562 -0.046771 0.041951 -0.555946 178.919998
47.186584 -3.323763 1.384070 -0.066788 0.051560 -0.564282 179.139999
47.329029 -3.469392 1.384866 -0.061687 0.047966 -0.568088 179.360001
47.489410 -3.590434 1.380415 -0.044990 0.034294 -0.568275 179.570007
47.663418 -3.696195 1.373306 -0.047485 -0.005583 -0.564677 179.779999
47.847549 -3.781523 1.367469 -0.076494 -0.015996 -0.558032 180.000000
48.043545 -3.830509 1.365791 -0.085084 -0.007357 -0.546488 180.229996
48.248215 -3.838482 1.369653 -0.073194 0.005134 -0.529362 180.460007
48.453171 -3.816774 1.378256 -0.048061 0.007511 -0.507277 180.679993
48.658451 -3.778552 1.388796 0.011910 -0.045000 -0.481091 180.899994
48.853146 -3.732237 1.399810 0.061970 -0.088368 -0.453615 181.149994
49.045731 -3.678077 1.415802 -0.022967 0.063523 -0.393008 181.830002
49.250301 -3.664994 1.437653 -0.048664 0.098295 -0.365541 182.350006
49.457588 -3.649921 1.453966 -0.036423 0.071463 -0.347791 182.619995
49.659275 -3.633253 1.468013 -0.021916 0.043225 -0.333577 182.839996
49.863708 -3.615241 1.481816 -0.010046 0.025223 -0.323371 183.050003
50.069191 -3.599350 1.494652 0.045102 0.012695 -0.317696 183.259995
50.273705 -3.604638 1.505685 0.091071 0.022619 -0.317631 183.479996
50.472054 -3.653666 1.513841 0.090724 0.010160 -0.327195 183.710007
50.651272 -3.744692 1.518257 0.071054 0.016783 -0.342056 183.940002
50.817265 -3.867451 1.520165 0.047042 0.029795 -0.362595 184.169998
50.972107 -4.003810 1.519092 0.012893 0.025082 -0.385589 184.389999
51.127953 -4.143312 1.511643 -0.019988 0.030493 -0.407408 184.610001
51.284317 -4.267999 1.497094 -0.033525 0.034761 -0.425303 184.820007
51.451607 -4.380260 1.475212 -0.033462 0.033135 -0.439512 185.029999
51.629105 -4.480595 1.447160 -0.025954 0.027303 -0.450145 185.240005
51.811539 -4.570674 1.417058 -0.013368 -0.003731 -0.457384 185.449997
51.995934 -4.655136 1.391291 0.001699 0.007341 -0.464649 185.669998
52.181599 -4.741004 1.376006 0.009573 0.016726 -0.473001 185.899994
52.362286 -4.830089 1.373513 0.011261 0.016326 -0.481135 186.130005
52.546467 -4.927909 1.383177 0.006286 0.030219 -0.486108 186.369995
52.726208 -5.024819 1.398679 -0.035430 0.031196 -0.485731 186.600006
52.909416 -5.105475 1.413291 -0.064517 0.024798 -0.478759 186.820007
53.106712 -5.161809 1.424035 -0.067718 0.019692 -0.465371 187.039993
53.306198 -5.191247 1.429283 -0.056517 0.018555 -0.447292 187.250000
53.512554 -5.201447 1.429764 -0.030335 0.001573 -0.424218 187.460007
53.715244 -5.200863 1.427406 0.013413 0.002911 -0.400675 187.669998
53.916931 -5.206316 1.424931 0.041960 0.026222 -0.378553 187.889999
54.121246 -5.234954 1.424266 0.046865 0.039475 -0.361757 188.119995
54.315842 -5.287837 1.426223 0.039757 0.038046 -0.353928 188.339996
54.510040 -5.362587 1.430750 0.055034 0.027408 -0.354692 188.559998
54.689075 -5.456578 1.437146 0.067542 0.016843 -0.363534 188.770004
54.855747 -5.574348 1.444877 0.058104 0.000064 -0.380097 188.979996
55.006004 -5.709519 1.453120 0.043466 -0.000359 -0.401678 189.190002
55.148125 -5.862314 1.462242 0.030621 0.012647 -0.429154 189.410004
55.282219 -6.022680 1.471854 0.019901 0.022865 -0.461283 189.630005
55.408745 -6.180417 1.481357 0.012533 0.030114 -0.495264 189.839996
55.536682 -6.340316 1.490714 0.005487 0.011200 -0.531480 190.050003
55.661518 -6.498150 1.497595 0.022155 0.006925 -0.568694 190.259995
55.783184 -6.665224 1.500630 0.035074 0.007620 -0.608407 190.479996
55.892162 -6.837765 1.499364 0.031223 -0.000043 -0.647212 190.699997
55.987530 -7.013540 1.494047 0.028330 0.010042 -0.680136 190.919998
56.077808 -7.200180 1.485947 -0.012467 0.016723 -0.705995 191.149994
56.174721 -7.377557 1.478639 -0.069729 0.032099 -0.721238 191.380005
56.306759 -7.536509 1.473975 -0.087154 0.035490 -0.723778 191.619995
56.469452 -7.659588 1.472750 -0.075119 0.035563 -0.714274 191.850006
56.651909 -7.754827 1.473625 -0.044327 -0.001074 -0.694061 192.070007
56.844002 -7.831191 1.475179 -0.000715 -0.079377 -0.667144 192.300003
57.036301 -7.889832 1.477063 0.033479 -0.115801 -0.630769 192.610001
56.902824 -7.923740 1.327804 0.073610 -0.079204 -0.603327 193.419998
56.723717 -7.940588 1.222458 0.054513 -0.049391 -0.618595 193.649994
56.546787 -7.960626 1.116483 0.035281 -0.026980 -0.639297 193.850006
56.371201 -7.983025 1.008232 0.020766 -0.012334 -0.664393 194.039993
56.195869 -8.007321 0.897372 0.003972 0.001239 -0.693396 194.229996
56.027267 -8.031962 0.787321 -0.001991 0.005120 -0.725313 194.419998
55.860481 -8.058026 0.678368 0.000592 0.036137 -0.761448 194.619995
55.692017 -8.101789 0.575978 0.022289 0.101698 -0.804770 194.850006
55.541328 -8.208477 0.495607 0.024344 0.109772 -0.856685 195.119995
55.438156 -8.380223 0.455404 0.026172 0.089015 -0.908330 195.389999
55.373135 -8.575836 0.445590 0.022357 0.058036 -0.953200 195.630005
55.324795 -8.776068 0.450349 0.016950 0.030835 -0.992389 195.850006
55.282272 -8.973823 0.461616 0.020295 0.019424 -1.028038 196.059998
55.239700 -9.172923 0.475305 -0.000113 0.015733 -1.062076 196.270004
55.201244 -9.378311 0.489021 -0.018254 0.035584 -1.096143 196.490005
55.178970 -9.583562 0.500257 -0.023010 0.043604 -1.128597 196.710007
55.175564 -9.791893 0.508160 -0.018383 0.043948 -1.159771 196.929993
55.187160 -9.994876 0.512819 -0.012238 0.032886 -1.188666 197.139999
55.208065 -10.198377 0.514973 -0.007817 0.013413 -1.216773 197.350006
55.233223 -10.397113 0.515241 -0.000073 0.019474 -1.244717 197.559998
55.261086 -10.602978 0.514380 0.005581 0.024541 -1.273794 197.779999
55.288460 -10.809815 0.513084 0.007794 0.021950 -1.302958 198.000000
55.313156 -11.016523 0.511721 0.017942 0.011467 -1.332131 198.220001
55.330017 -11.220465 0.510425 0.028198 0.020850 -1.361282 198.440002
55.335583 -11.424829 0.509443 0.025271 0.010305 -1.391202 198.660004
55.330402 -11.626490 0.508705 0.019761 0.014634 -1.420788 198.880005
55.317451 -11.826235 0.508322 0.013550 0.020533 -1.450452 199.100006
55.300049 -12.025486 0.508202 0.006887 0.016830 -1.480193 199.320007
55.280117 -12.232219 0.508259 0.003400 0.029851 -1.511252 199.550003
55.261162 -12.433258 0.508446 0.001568 0.031680 -1.541101 199.770004
55.242828 -12.638857 0.508711 0.000967 0.031428 -1.570013 199.990005
55.225788 -12.838995 0.509012 0.000678 0.030070 -1.595696 200.199997
55.209061 -13.040956 0.509263 0.000069 0.011841 -1.618111 200.410004
55.192066 -13.248492 0.509384 -0.004935 0.014434 -1.635687 200.630005
55.179840 -13.451659 0.509279 -0.051048 0.003164 -1.645506 200.850006
55.192459 -13.656915 0.509165 -0.085686 -0.002582 -1.645822 201.080002
55.245625 -13.852237 0.508569 -0.075943 -0.015200 -1.635564 201.309998
55.334709 -14.033290 0.507735 -0.062108 -0.001103 -1.618714 201.539993
55.449951 -14.204964 0.506914 -0.029826 -0.009398 -1.593634 201.770004
55.577785 -14.366735 0.505630 0.033101 -0.067841 -1.563649 202.009995
55.711739 -14.516588 0.504942 0.083660 -0.105805 -1.525769 202.350006
55.722351 -14.670004 0.640317 0.034170 0.078866 -1.511771 203.169998
55.670784 -14.810219 0.773865 0.019322 0.071010 -1.540655 203.449997
55.620312 -14.960671 0.908703 0.008472 0.052483 -1.571464 203.679993
55.574783 -15.107867 1.037442 -0.002042 0.038259 -1.598622 203.880005
55.532925 -15.263607 1.163096 -0.044082 0.036177 -1.622939 204.080002
55.507748 -15.435011 1.276156 -0.081938 0.037043 -1.642673 204.289993
55.515244 -15.623042 1.365146 -0.079677 0.015873 -1.653820 204.509995
55.556087 -15.812652 1.422796 -0.054746 0.015191 -1.661535 204.729996
55.616711 -16.002230 1.453342 0.002691 0.031916 -1.667228 204.949997
55.672680 -16.195997 1.463959 0.039155 0.036601 -1.671705 205.169998
55.707695 -16.393812 1.461373 0.048039 0.024416 -1.675740 205.389999
55.718372 -16.600578 1.451195 0.040659 0.034452 -1.675536 205.619995
55.707703 -16.800869 1.439149 0.024029 0.021146 -1.671829 205.839996
55.685661 -17.000687 1.425721 0.002627 0.024471 -1.663570 206.059998
55.662178 -17.201447 1.411095 -0.011083 0.032624 -1.651549 206.279999
55.643471 -17.407103 1.395527 -0.016069 0.033411 -1.635844 206.500000
55.632614 -17.607935 1.380990 -0.023752 0.025370 -1.617267 206.710007
55.631897 -17.810516 1.368956 -0.033457 0.024681 -1.595425 206.919998
55.644810 -18.013838 1.360510 -0.033441 0.023488 -1.570731 207.130005
55.671120 -18.217220 1.355855 -0.027461 0.025179 -1.546300 207.339996
55.708023 -18.421078 1.354442 -0.018687 0.023584 -1.525274 207.550003
55.750919 -18.623838 1.355641 0.003499 0.008142 -1.509556 207.759995
55.790535 -18.821186 1.359510 0.026486 0.016236 -1.500890 207.970001
55.818909 -19.025616 1.366413 0.035486 0.024525 -1.499767 208.190002
55.830589 -19.231953 1.375436 0.030534 0.024895 -1.504099 208.410004
55.829048 -19.440376 1.385147 0.008999 0.025572 -1.509997 208.630005
55.824093 -19.640787 1.393872 -0.007767 0.030168 -1.514261 208.839996
55.823040 -19.843674 1.401507 -0.015583 0.031137 -1.515886 209.050003
55.829079 -20.049362 1.407775 -0.016579 0.031307 -1.514743 209.259995
55.842339 -20.257214 1.412610 -0.011727 0.016742 -1.511048 209.470001
55.860104 -20.462370 1.416187 -0.000935 0.013054 -1.507250 209.679993
55.877918 -20.663280 1.418996 0.006375 0.018210 -1.505426 209.889999
55.893394 -20.870275 1.421582 0.008759 0.006884 -1.505899 210.110001
55.904388 -21.071178 1.423732 0.008834 0.018928 -1.506074 210.330002
55.911652 -21.279030 1.426003 0.003593 0.017595 -1.504372 210.559998
55.917576 -21.485579 1.428116 -0.006508 0.026237 -1.500295 210.789993
55.927074 -21.693270 1.430098 -0.010534 0.003486 -1.493708 211.020004
55.941628 -21.896275 1.431143 -0.007670 -0.077514 -1.484831 211.259995
55.962151 -21.698650 1.373453 -0.007284 -0.091017 -1.443840 212.320007
55.958214 -21.490810 1.346912 -0.003249 -0.034771 -1.430911 212.509995
55.953995 -21.290613 1.323180 0.002169 -0.001198 -1.416332 212.690002
55.948875 -21.087421 1.302587 0.005455 0.001374 -1.398575 212.880005
55.941795 -20.883991 1.287359 0.007283 -0.000634 -1.377421 213.080002
55.931747 -20.681423 1.278494 0.008325 0.004051 -1.352907 213.289993
55.918468 -20.481283 1.276260 0.003233 -0.012286 -1.325179 213.509995
55.902191 -20.277441 1.281548 -0.001177 -0.026096 -1.294117 213.740005
55.883717 -20.071661 1.294201 -0.004483 -0.032926 -1.261274 213.970001
55.864285 -19.870829 1.311206 -0.002134 -0.017914 -1.228959 214.190002
55.843987 -19.670906 1.331376 -0.006985 -0.023485 -1.195971 214.410004
55.823681 -19.470358 1.353215 -0.004328 -0.012059 -1.162962 214.630005
55.803616 -19.265169 1.374623 -0.010207 -0.001011 -1.128945 214.860001
55.788361 -19.058544 1.393193 -0.025477 -0.016955 -1.093734 215.100006
55.781372 -18.850426 1.406569 -0.017439 -0.018611 -1.059510 215.339996
55.778080 -18.648335 1.411928 -0.012199 -0.034203 -1.026875 215.570007
55.771667 -18.440336 1.409570 -0.001479 -0.026377 -0.994749 215.800003
55.759953 -18.240017 1.401131 -0.001322 -0.024386 -0.964368 216.020004
55.743019 -18.039970 1.387990 -0.007654 -0.028337 -0.934156 216.240005
55.721989 -17.838737 1.373157 -0.001510 -0.017679 -0.904378 216.460007
55.697468 -17.639978 1.360312 -0.006577 -0.023908 -0.874681 216.679993
55.669445 -17.441050 1.351438 -0.012076 -0.028901 -0.844891 216.899994
55.638535 -17.239012 1.347061 -0.019854 -0.017370 -0.815018 217.119995
55.610836 -17.034761 1.346554 -0.039308 -0.001519 -0.785067 217.339996
55.596378 -16.827448 1.348877 -0.049627 0.003454 -0.754760 217.559998
55.598625 -16.625210 1.352529 -0.043880 0.005028 -0.725453 217.770004
55.614555 -16.420219 1.356809 -0.036078 0.002145 -0.695597 217.979996
55.640064 -16.215685 1.361273 -0.010163 0.018098 -0.666052 218.190002
55.675770 -16.012320 1.365715 -0.018727 0.034611 -0.634585 218.410004
55.730064 -15.812751 1.370023 -0.036056 0.034320 -0.601459 218.639999
55.804710 -15.619406 1.373796 -0.014736 0.007037 -0.567962 218.869995
55.879555 -15.431504 1.375856 0.029791 -0.073769 -0.536596 219.100006
55.913445 -15.232016 1.375952 0.049802 -0.105576 -0.502660 219.350006
55.875652 -15.031866 1.372907 0.039370 -0.095596 -0.465994 219.610001
55.784542 -14.853555 1.367777 0.022874 -0.063832 -0.432192 219.850006
55.663696 -14.685364 1.361210 0.047369 0.027072 -0.398041 220.089996
55.532471 -14.533809 1.354195 0.060026 0.090882 -0.361519 220.380005
55.387154 -14.391376 1.354629 -0.067590 -0.102176 -0.309828 221.160004
55.252281 -14.235577 1.369539 -0.062831 -0.096981 -0.289447 221.509995
55.121822 -14.082969 1.381418 -0.052704 -0.053618 -0.274960 221.740005
54.992794 -13.920965 1.390299 -0.066461 0.008630 -0.259980 221.949997
54.884365 -13.749763 1.395113 -0.072527 0.044459 -0.242386 222.149994
54.803070 -13.563916 1.395352 -0.065688 0.054333 -0.220816 222.350006
54.750610 -13.366961 1.391074 -0.052001 0.047906 -0.195996 222.550003
54.722065 -13.163180 1.382996 -0.037249 0.034215 -0.168774 222.750000
54.710430 -12.957077 1.374713 -0.022934 0.026725 -0.139953 222.949997
54.710915 -12.752961 1.370406 -0.019970 0.021309 -0.109581 223.149994
54.720364 -12.551961 1.372029 -0.007463 0.013869 -0.078100 223.350006
54.735905 -12.347960 1.380197 -0.004385 0.007426 -0.044505 223.559998
54.754971 -12.142398 1.395512 -0.016353 0.003615 -0.008854 223.779999
54.774517 -11.941790 1.415193 0.001215 -0.006888 0.026400 224.000000
54.790371 -11.741446 1.436351 -0.019409 -0.017822 0.062471 224.229996
54.796108 -11.534219 1.455879 -0.037466 -0.020019 0.099571 224.470001
54.789482 -11.328913 1.470884 -0.042755 -0.015465 0.134513 224.699997
54.773659 -11.124014 1.481658 -0.035418 -0.009128 0.167485 224.919998
54.752850 -10.924233 1.487287 -0.020013 -0.005853 0.198510 225.130005
54.727760 -10.716428 1.485756 -0.023389 -0.001373 0.230510 225.350006
54.700905 -10.509647 1.476555 -0.013328 -0.000417 0.262087 225.570007
54.673584 -10.306662 1.460719 -0.015993 0.002463 0.293156 225.789993
54.646564 -10.106657 1.439900 -0.018739 0.004342 0.323901 226.009995
54.620178 -9.909052 1.416973 -0.005020 0.004177 0.354211 226.229996
54.595490 -9.708602 1.396975 -0.016824 0.019937 0.385596 226.460007
54.577969 -9.507831 1.385399 -0.018338 0.023853 0.416865 226.690002
54.568600 -9.304648 1.383114 -0.015546 0.020792 0.448008 226.919998
54.565865 -9.099845 1.389331 -0.025830 0.023043 0.479122 227.149994
54.567413 -8.899623 1.401190 -0.016130 0.013138 0.509155 227.369995
54.570705 -8.699011 1.416720 -0.019021 0.012926 0.539037 227.589996
54.574486 -8.498035 1.433405 -0.023610 0.015570 0.569044 227.809998
54.578270 -8.294203 1.448776 -0.028560 0.019490 0.599380 228.029999
54.581787 -8.086134 1.461324 -0.014147 0.008688 0.630267 228.250000
54.584644 -7.879918 1.470512 -0.014890 0.011522 0.660948 228.470001
54.587288 -7.675532 1.476830 -0.015439 0.013164 0.691848 228.690002
54.589901 -7.472648 1.480813 -0.011152 0.009933 0.722764 228.910004
54.592571 -7.263625 1.483336 -0.017182 0.017032 0.754937 229.139999
54.594566 -7.063534 1.484480 -0.025535 0.002708 0.785612 229.360001
54.588226 -6.854972 1.483559 -0.045615 -0.009840 0.817580 229.589996
54.564487 -6.654840 1.480239 -0.052421 -0.010925 0.848147 229.809998
54.520275 -6.453080 1.475122 -0.055480 -0.020403 0.879201 230.029999
54.456280 -6.261548 1.469645 -0.054833 -0.030539 0.909117 230.240005
54.370518 -6.076368 1.463839 -0.005846 -0.044205 0.938848 230.449997
54.268127 -5.900864 1.457587 0.073399 -0.059903 0.968116 230.679993
54.150726 -5.737612 1.454643 0.110084 -0.050876 1.008078 231.080002
53.985619 -5.614752 1.469580 -0.127188 0.028055 1.052080 231.860001
53.830444 -5.486228 1.488030 -0.092427 0.021712 1.069295 232.119995
53.678078 -5.357653 1.504633 -0.047445 0.011547 1.085726 232.330002
53.524315 -5.227936 1.520352 -0.031284 -0.006676 1.103380 232.529999
53.365417 -5.100956 1.533452 -0.029923 -0.028126 1.123246 232.729996
53.199467 -4.984317 1.542533 -0.016599 -0.036971 1.145235 232.929993
53.021164 -4.878201 1.547320 -0.005572 -0.033819 1.170262 233.139999
52.834488 -4.784767 1.547610 -0.019768 -0.022482 1.198590 233.360001
52.645412 -4.702587 1.544208 -0.025837 -0.010052 1.228772 233.580002
52.453697 -4.624465 1.535437 -0.024694 0.014621 1.260543 233.800003
52.262882 -4.540839 1.519059 -0.020650 0.032088 1.293891 234.020004
52.085522 -4.450478 1.496823 -0.003530 0.029593 1.326666 234.229996
51.909569 -4.346821 1.467492 -0.009981 0.029904 1.361344 234.449997
51.740913 -4.234345 1.433374 -0.015568 0.025281 1.396265 234.669998
51.575974 -4.114629 1.399963 -0.017004 0.025072 1.431169 234.889999
51.413387 -3.988497 1.373173 -0.019446 0.026330 1.465965 235.110001
51.258778 -3.861877 1.356086 -0.021694 0.025717 1.498966 235.320007
51.103382 -3.729909 1.347362 -0.021281 0.022650 1.531753 235.529999
50.947113 -3.594374 1.346063 -0.011187 0.021970 1.564163 235.740005
50.794323 -3.455284 1.351949 0.012305 0.038274 1.596239 235.949997
50.653446 -3.306839 1.364039 0.026645 0.043680 1.627750 236.160004
50.529663 -3.147407 1.380243 0.031842 0.029523 1.657935 236.369995
50.419052 -2.973230 1.400245 0.021380 0.033317 1.689609 236.589996
50.322170 -2.791734 1.422020 0.008890 0.032629 1.720781 236.809998
50.232296 -2.604598 1.443613 -0.003929 0.021568 1.751586 237.029999
50.143177 -2.417073 1.461671 -0.020280 0.019553 1.782272 237.250000
50.047874 -2.231972 1.474531 -0.028104 0.022845 1.812973 237.470001
49.947762 -2.057600 1.481654 -0.030949 0.013112 1.842554 237.679993
49.831692 -1.884709 1.484397 -0.076401 -0.039679 1.875076 237.899994
49.687180 -1.742393 1.483092 -0.107984 -0.073212 1.910177 238.130005
49.505474 -1.656179 1.477507 -0.087801 -0.074513 1.944676 238.369995
49.302471 -1.629217 1.469241 -0.075810 -0.045580 1.976553 238.610001
49.102314 -1.640840 1.461144 -0.043686 -0.024291 2.006370 238.830002
48.898613 -1.670650 1.453479 -0.007153 -0.002227 2.036479 239.050003
48.692390 -1.701715 1.446013 0.008541 0.044967 2.068364 239.279999
48.490608 -1.710655 1.439196 0.025931 0.046766 2.099448 239.509995
48.287174 -1.691620 1.432485 0.074934 -0.022212 2.127152 239.759995
48.092049 -1.647117 1.428685 0.071971 -0.064876 2.163389 240.169998
47.888569 -1.647690 1.438876 -0.105353 0.040320 2.211279 240.929993
47.691662 -1.687583 1.453282 -0.086279 0.036776 2.230580 241.210007
47.489433 -1.731822 1.466414 -0.045899 0.020580 2.249725 241.440002
47.291134 -1.776144 1.478873 -0.029934 0.017306 2.268652 241.649994
47.087868 -1.820271 1.492097 -0.012461 0.029342 2.289861 241.860001
46.882378 -1.856416 1.506611 0.005326 0.041502 2.313786 242.070007
46.676796 -1.876884 1.522314 0.018059 0.035107 2.339780 242.279999
46.475834 -1.880575 1.538799 0.016891 0.030009 2.367472 242.490005
46.271187 -1.869429 1.556834 0.010649 0.025293 2.398154 242.710007
46.071522 -1.846624 1.572207 0.014346 0.029720 2.430041 242.929993
45.866936 -1.809380 1.581801 0.012437 0.037458 2.464139 243.160004
45.672756 -1.760846 1.583819 0.012007 0.021179 2.496524 243.380005
45.474068 -1.701357 1.578936 0.003035 0.029792 2.530692 243.610001
45.284016 -1.638474 1.569066 -0.000200 0.025830 2.563096 243.830002
45.093494 -1.571707 1.556715 0.007333 0.027880 2.594254 244.050003
44.903244 -1.498818 1.544430 0.011868 0.031594 2.623067 244.270004
44.713879 -1.418426 1.533609 0.011855 0.015537 2.648381 244.490005
44.529270 -1.333364 1.524795 0.008921 0.024417 2.669958 244.710007
44.346428 -1.244113 1.517993 0.005435 0.017947 2.686833 244.929993
44.166218 -1.153158 1.512463 0.007012 0.015935 2.697826 245.149994
43.981503 -1.055821 1.505877 0.016434 0.027567 2.701610 245.380005
43.805916 -0.955552 1.497527 0.018804 0.022673 2.697111 245.600006
43.633549 -0.848316 1.486726 0.015642 0.017051 2.687646 245.820007
43.465569 -0.736397 1.473498 0.009585 0.024777 2.677372 246.039993
43.297447 -0.622348 1.458812 -0.023734 0.028362 2.668972 246.259995
43.121685 -0.517635 1.443996 -0.049497 0.025889 2.665286 246.479996
42.934994 -0.432613 1.429891 -0.049866 0.009553 2.667906 246.699997
42.742599 -0.369813 1.416847 -0.041463 0.013004 2.675387 246.919998
42.545967 -0.324534 1.405083 -0.028122 0.013424 2.688757 247.139999
42.348335 -0.290925 1.396464 -0.018613 0.006283 2.707530 247.360001
42.144691 -0.264624 1.394310 -0.017667 0.022042 2.731766 247.589996
41.938446 -0.243687 1.400566 -0.016019 0.031970 2.760693 247.820007
41.734848 -0.226245 1.413637 -0.012498 0.033332 2.792001 248.039993
41.534996 -0.210649 1.430785 -0.006506 0.018163 2.824352 248.250000
41.327599 -0.195489 1.449281 -0.003598 0.001824 2.859430 248.470001
41.128105 -0.182314 1.463727 -0.007146 0.019597 2.895163 248.690002
40.921013 -0.170436 1.472381 -0.009045 0.027280 2.932353 248.919998
40.719757 -0.161081 1.474381 -0.009263 0.036124 2.965268 249.139999
40.512211 -0.153354 1.471317 -0.003349 0.034183 2.993772 249.360001
40.309113 -0.145511 1.465871 0.005676 0.032856 3.015965 249.570007
40.102695 -0.134135 1.459880 0.010072 0.019568 3.032906 249.779999
39.898434 -0.118296 1.454321 0.010063 0.008791 3.044940 249.990005
39.690899 -0.097619 1.449685 0.007937 0.015638 3.052975 250.210007
39.489830 -0.073986 1.446296 0.004142 -0.036870 3.056467 250.429993
39.289776 -0.047427 1.443370 -0.001641 -0.101571 3.056551 250.690002
39.090584 -0.025352 1.438858 -0.035810 0.099035 3.058390 251.490005
38.893524 -0.072203 1.433999 -0.032201 0.108641 3.084895 251.940002
38.692150 -0.120384 1.428797 -0.017759 0.071436 3.110183 252.199997
38.493557 -0.166065 1.423457 0.015285 0.036219 3.132993 252.419998
38.296612 -0.201216 1.418852 0.041841 0.033701 -3.131091 252.630005
38.095490 -0.217897 1.415082 0.045709 0.016940 -3.117505 252.839996
37.886429 -0.214332 1.411779 0.038356 0.013641 -3.109015 253.059998
37.680798 -0.193525 1.409125 0.027220 0.019785 -3.107549 253.279999
37.477261 -0.161582 1.407146 0.012774 0.006988 -3.112665 253.500000
37.279705 -0.125643 1.406804 -0.004380 0.017267 -3.120711 253.720001
37.075272 -0.092156 1.409870 -0.014840 0.031588 -3.130448 253.949997
36.875443 -0.068664 1.416342 -0.016264 0.036341 -3.139190 254.169998
36.669044 -0.053838 1.425880 -0.013148 0.037096 3.137094 254.389999
36.466331 -0.046042 1.436629 -0.009462 0.021521 3.132999 254.600006
36.263809 -0.042592 1.445576 -0.007220 0.017090 3.130875 254.809998
36.063644 -0.042251 1.450659 -0.004989 0.022727 3.130418 255.020004
35.863617 -0.043914 1.451127 -0.002944 0.027468 3.131497 255.229996
35.661983 -0.046629 1.447130 -0.001328 0.030078 3.134030 255.440002
35.458290 -0.049700 1.440041 -0.000494 0.014730 3.137822 255.649994
35.257385 -0.052846 1.432153 -0.000829 0.015603 -3.140791 255.860001
35.050228 -0.056361 1.425240 -0.001140 0.020347 -3.135653 256.079987
34.845219 -0.060252 1.420907 -0.001066 0.012154 -3.130879 256.299988
34.644234 -0.064514 1.419359 -0.001061 0.024426 -3.127671 256.519989
34.442905 -0.069172 1.420361 0.000063 0.019174 -3.126677 256.739990
34.242550 -0.073620 1.422628 0.002963 0.018028 -3.127625 256.959991
34.034435 -0.076742 1.425311 0.004486 0.026871 -3.130117 257.190002
33.834095 -0.077661 1.427437 0.004197 0.018388 -3.133504 257.410004
33.625439 -0.076616 1.428766 0.003081 0.027928 -3.137447 257.640015
33.423988 -0.074285 1.429069 0.000560 0.019966 -3.141153 257.859985
33.222775 -0.071946 1.427889 -0.004635 0.024074 3.139860 258.079987
33.020718 -0.071728 1.425030 -0.007271 0.032210 3.140479 258.299988
32.814381 -0.074769 1.420739 -0.007288 0.031867 -3.139286 258.519989
32.613457 -0.080654 1.415570 -0.005794 0.030978 -3.134259 258.730011
32.409916 -0.088697 1.410116 -0.001191 0.020977 -3.128631 258.940002
32.206924 -0.096876 1.405675 0.005944 0.021266 -3.124550 259.149994
32.005005 -0.102457 1.403208 0.009014 0.015539 -3.123725 259.359985
31.797230 -0.104150 1.402686 0.008931 0.008830 -3.125326 259.579987
31.594969 -0.101714 1.404375 0.007369 0.020352 -3.126565 259.799988
31.394548 -0.096398 1.406751 -0.000315 0.016122 -3.126453 260.019989
31.186895 -0.091429 1.407571 -0.007637 0.028878 -3.124406 260.250000
30.986843 -0.090477 1.405616 -0.009166 -0.007085 -3.120284 260.470001
30.786833 -0.093918 1.401298 -0.006002 -0.084879 -3.114228 260.709991
30.586178 -0.102701 1.395909 0.000841 -0.006811 -3.102069 261.230011
30.382587 -0.114896 1.384255 -0.002079 0.109885 -3.089230 261.850006
30.182165 -0.127752 1.380754 -0.001491 0.089354 -3.089668 262.119995
29.973127 -0.141067 1.378139 0.005932 0.048193 -3.095180 262.350006
29.768988 -0.151170 1.378115 0.013322 0.035388 -3.104335 262.559998
29.559790 -0.155869 1.380932 0.015085 0.017119 -3.117106 262.769989
29.352793 -0.154257 1.386117 0.013051 0.008801 -3.131832 262.980011
29.151369 -0.147251 1.393566 0.009875 0.019144 3.136147 263.190002
28.944386 -0.135876 1.402614 0.003426 -0.005758 3.120618 263.410004
28.739948 -0.123215 1.409244 -0.007523 0.007184 3.107957 263.640015
28.533897 -0.114332 1.410334 -0.013051 0.028241 3.100796 263.880005
28.332813 -0.112165 1.405334 -0.013789 0.039875 3.098923 264.109985
28.132002 -0.115759 1.395666 -0.011146 0.039168 3.099460 264.329987
27.924423 -0.123321 1.384095 -0.002659 0.020272 3.101041 264.549988
27.716938 -0.131366 1.374755 0.004869 0.024721 3.102943 264.769989
27.508718 -0.136471 1.369930 0.007683 0.028551 3.105054 264.989990
27.307871 -0.137413 1.370260 0.007322 0.028347 3.107082 265.200012
27.104740 -0.134813 1.375044 0.005357 0.027860 3.109075 265.410004
26.900158 -0.129829 1.382378 -0.000010 0.019568 3.111593 265.619995
26.696743 -0.124809 1.389690 -0.005258 0.023920 3.115746 265.829987
26.493715 -0.121878 1.395480 -0.006983 0.011158 3.122068 266.040009
26.285763 -0.121910 1.399019 -0.006387 0.012273 3.130075 266.260010
26.082327 -0.124806 1.399994 -0.004940 0.025373 3.138499 266.480011
25.878216 -0.129691 1.399234 -0.000607 0.026489 -3.136933 266.700012
25.672104 -0.134653 1.398842 0.004253 0.031021 -3.131479 266.920013
25.471735 -0.137567 1.399843 0.006284 0.033922 -3.128903 267.130005
25.267019 -0.137921 1.402608 0.006291 0.030636 -3.127164 267.339996
25.060289 -0.135929 1.406493 0.001418 0.013596 -3.124792 267.549988
24.856964 -0.133633 1.409430 -0.006177 0.016437 -3.121031 267.760010
24.656630 -0.134038 1.410364 -0.009613 0.015155 -3.115592 267.970001
24.450686 -0.138814 1.408875 -0.009358 0.010493 -3.108561 268.190002
24.249735 -0.147774 1.404797 -0.007256 0.024505 -3.101181 268.410004
24.049620 -0.159959 1.399404 -0.002510 0.003896 -3.093979 268.630005
23.847744 -0.172887 1.395594 0.011154 0.009862 -3.088886 268.859985
23.642292 -0.180188 1.396927 0.017967 0.023627 -3.088376 269.100006
23.439756 -0.178341 1.402373 0.009741 -0.047306 -3.094034 269.339996
23.239933 -0.167805 1.409938 -0.003259 -0.100554 -3.104409 269.640015
23.039892 -0.151418 1.416224 -0.003588 0.114922 -3.127426 270.450012
22.833958 -0.154927 1.410950 -0.003124 0.107667 -3.130963 270.820007
22.626682 -0.160295 1.404058 -0.000584 0.069674 -3.131681 271.070007
22.418159 -0.165329 1.397735 0.004902 0.046786 -3.132874 271.290009
22.208508 -0.168089 1.393003 0.007461 0.029763 -3.135783 271.500000
22.006840 -0.167819 1.389859 0.007159 0.009416 -3.140195 271.700012
21.800423 -0.164634 1.388011 0.005758 0.012585 3.137502 271.910004
21.599079 -0.159152 1.387639 0.003937 0.003664 3.131491 272.119995
21.397051 -0.151938 1.388812 0.001512 -0.001562 3.125408 272.339996
21.196524 -0.144009 1.392246 -0.000248 0.022048 3.119869 272.570007
20.988613 -0.136066 1.398296 -0.001135 0.018614 3.115268 272.809998
20.780603 -0.128854 1.406206 -0.001368 0.031684 3.111909 273.049988
20.576365 -0.122550 1.414935 -0.001894 0.033277 3.109966 273.279999
20.375196 -0.117397 1.422491 -0.005811 0.032546 3.110269 273.500000
20.169058 -0.114636 1.427693 -0.008114 0.032711 3.113694 273.720001
19.959614 -0.115231 1.430036 -0.007159 0.013740 3.120288 273.940002
19.753126 -0.118896 1.429554 -0.005191 0.019887 3.128585 274.160004
19.548193 -0.124660 1.426894 -0.002962 0.010257 3.137780 274.380005
19.339817 -0.131686 1.423471 0.001071 0.003809 -3.136265 274.609985
19.139494 -0.137899 1.421116 0.003599 0.024476 -3.129008 274.839996
18.939289 -0.142181 1.420954 0.003945 0.018252 -3.124366 275.070007
18.730762 -0.144509 1.423099 0.003206 0.029058 -3.121874 275.309998
18.527466 -0.145245 1.427211 0.001981 0.021717 -3.121359 275.540009
18.323381 -0.145258 1.432033 -0.000839 0.018433 -3.121646 275.769989
18.120518 -0.145828 1.436323 -0.002631 0.030737 -3.121845 276.000000
17.913235 -0.147946 1.439382 -0.003140 0.038821 -3.122204 276.230011
17.707289 -0.151665 1.441142 -0.002800 0.038381 -3.124296 276.450012
17.504313 -0.156447 1.441679 0.000144 0.030264 -3.128596 276.660004
17.298155 -0.161033 1.441277 0.005140 0.027971 -3.134578 276.869995
17.090227 -0.163412 1.440242 0.007499 0.026436 -3.141532 277.079987
16.881117 -0.162599 1.438687 0.007294 0.026027 3.134386 277.290009
16.671314 -0.158716 1.436913 0.005626 0.022782 3.127310 277.500000
16.463610 -0.152552 1.435092 0.004022 -0.007029 3.120591 277.709991
16.258425 -0.144542 1.432545 0.004606 -0.000830 3.113860 277.929993
16.054943 -0.134348 1.429489 0.004623 0.023855 3.106516 278.160004
15.850905 -0.121970 1.426266 0.004021 0.036831 3.100168 278.390015
15.649241 -0.108188 1.423128 0.002131 0.033539 3.097303 278.609985
15.442752 -0.093881 1.419830 -0.008635 0.022767 3.098963 278.829987
15.235545 -0.083745 1.416305 -0.018657 0.024951 3.106034 279.049988
15.028189 -0.082001 1.412521 -0.018411 -0.008526 3.119139 279.269989
14.821391 -0.089434 1.408176 -0.007679 -0.087712 3.137790 279.510010
14.621893 -0.106621 1.406442 0.003158 -0.053317 -3.116862 279.959991
14.416086 -0.120278 1.409541 0.001772 0.125809 -3.094025 280.630005
14.208420 -0.128900 1.417864 0.000995 0.096284 -3.089967 280.899994
13.999261 -0.137370 1.425291 0.004754 0.052482 -3.089304 281.119995
13.795794 -0.143935 1.431472 0.011343 0.035440 -3.092099 281.320007
13.588000 -0.146677 1.436409 0.013358 0.016955 -3.098905 281.519989
13.383051 -0.144589 1.439621 0.011646 0.001771 -3.109014 281.720001
13.176442 -0.137807 1.441307 0.009045 0.010128 -3.121892 281.929993
12.975786 -0.127625 1.441633 0.005830 0.013466 -3.136211 282.140015
12.769637 -0.115010 1.441302 0.000424 0.019978 3.132458 282.359985
12.564651 -0.102667 1.441060 -0.003216 0.025840 3.120184 282.579987
12.359453 -0.092135 1.441183 -0.004454 0.013672 3.110942 282.799988
12.157342 -0.083924 1.441723 -0.004152 0.023714 3.104463 283.019989
11.954826 -0.077636 1.442636 -0.003367 0.021599 3.100784 283.239990
11.752669 -0.072905 1.443598 -0.004127 0.017502 3.100095 283.459991
11.552079 -0.069951 1.444560 -0.004788 0.028558 3.102294 283.679993
11.349869 -0.068842 1.445309 -0.004120 0.016794 3.107464 283.899994
11.149271 -0.069369 1.445511 -0.003038 0.019339 3.115911 284.119995
10.940664 -0.071308 1.444995 -0.004818 0.026928 3.127459 284.350006
10.738840 -0.075113 1.443814 -0.005812 0.029730 3.139785 284.570007
10.534754 -0.081287 1.441917 -0.004708 0.015457 -3.131059 284.790009
10.332964 -0.089397 1.439297 -0.003283 0.022877 -3.120344 285.010010
10.131194 -0.098829 1.436257 -0.001348 0.020609 -3.112090 285.230011
9.929991 -0.108632 1.432751 0.001723 0.019208 -3.106398 285.450012
9.729517 -0.117531 1.429012 0.003489 0.028291 -3.103023 285.670013
9.527751 -0.124873 1.425292 0.003549 0.014112 -3.101460 285.890015
9.319969 -0.130743 1.421446 0.002449 0.016039 -3.100573 286.119995
9.114239 -0.135479 1.419052 0.000302 0.028438 -3.100171 286.350006
8.905520 -0.140348 1.419305 -0.001027 0.027200 -3.100159 286.579987
8.703773 -0.145732 1.421828 -0.001457 0.018875 -3.100403 286.799988
8.502981 -0.151880 1.426355 -0.001269 0.026925 -3.100852 287.019989
8.300967 -0.158727 1.432063 0.000600 0.020132 -3.101648 287.239990
8.099302 -0.165273 1.437249 0.004235 0.025324 -3.103705 287.459991
7.896289 -0.170056 1.440932 0.005661 0.023178 -3.107810 287.679993
7.693168 -0.172414 1.442668 0.004971 0.016145 -3.114205 287.899994
7.492213 -0.172609 1.442598 0.003861 0.025991 -3.122966 288.119995
7.289684 -0.171099 1.441100 0.005244 0.030507 -3.133436 288.339996
7.083635 -0.167409 1.438700 0.005563 0.027827 3.138607 288.559998
6.877691 -0.161422 1.435640 0.003524 -0.031095 3.127461 288.779999
6.675640 -0.153454 1.431762 0.000884 -0.100816 3.116036 289.029999
6.475544 -0.142333 1.423864 -0.000911 -0.034015 3.099355 289.579987
6.274225 -0.142864 1.427791 -0.009901 0.113503 3.109846 290.269989
6.073145 -0.149403 1.433004 -0.006023 0.087405 3.121524 290.540009
5.872848 -0.156502 1.437172 0.001327 0.051489 3.131064 290.760010
5.667966 -0.162231 1.441586 0.006758 0.039300 3.137955 290.970001
5.466609 -0.164847 1.446164 0.008221 0.032152 -3.141460 291.170013
5.262373 -0.164249 1.450951 0.007467 0.025395 -3.140116 291.369995
5.057687 -0.160854 1.455910 0.005577 0.016412 -3.140709 291.570007
4.857302 -0.155534 1.460931 0.002061 -0.011614 3.140559 291.769989
4.650903 -0.149110 1.466592 -0.001707 0.003868 3.138196 291.989990
4.444362 -0.143491 1.473503 -0.003135 0.024456 3.136230 292.220001
4.236957 -0.139644 1.481691 -0.003210 0.032334 3.135058 292.450012
4.033424 -0.137556 1.490673 -0.002598 0.038312 3.134493 292.670013
3.833020 -0.136668 1.499871 -0.001225 0.023261 3.133536 292.880005
3.632093 -0.136126 1.508379 0.003133 0.016508 3.131387 293.089996
3.424135 -0.134130 1.515887 0.006290 0.024627 3.127535 293.309998
3.215521 -0.129264 1.521765 0.006946 0.030124 3.122641 293.529999
3.013563 -0.121671 1.525871 0.005895 0.030471 3.118711 293.739990
2.809721 -0.111783 1.528275 0.002300 0.009576 3.116425 293.950012
2.600909 -0.100839 1.527442 -0.002733 0.017966 3.115829 294.170013
2.394691 -0.091399 1.522409 -0.005340 0.026225 3.116613 294.390015
2.186882 -0.084504 1.513575 -0.005630 0.032135 3.118389 294.609985
1.985007 -0.080311 1.502279 -0.004561 0.033005 3.120717 294.820007
1.779190 -0.078071 1.489435 -0.007192 0.029872 3.124108 295.029999
1.570701 -0.078897 1.477663 -0.013516 0.025487 3.129908 295.239990
1.361370 -0.085130 1.468696 -0.015039 0.017299 3.139119 295.450012
1.155199 -0.097269 1.462830 -0.012047 0.002924 -3.131850 295.660004
0.947542 -0.114834 1.460010 -0.008482 0.015980 -3.117072 295.880005
0.744279 -0.135606 1.460186 -0.004922 0.010161 -3.100557 296.100006
0.537096 -0.158875 1.462487 -0.001955 0.010727 -3.082334 296.329987
0.335263 -0.182367 1.465616 -0.001539 0.021238 -3.064268 296.559998
0.133668 -0.206234 1.468597 -0.001702 0.031358 -3.047554 296.790009
-0.071236 -0.230967 1.470712 -0.001210 0.018672 -3.033625 297.019989
-0.275932 -0.256187 1.471737 -0.000923 0.026705 -3.024986 297.250000
-0.481802 -0.281045 1.472188 0.017944 0.017051 -3.022979 297.480011
-0.687146 -0.296680 1.473286 0.039642 0.023763 -3.028342 297.709991
-0.894558 -0.293718 1.475855 0.040243 0.013528 -3.041947 297.940002
-1.100790 -0.271613 1.480101 0.032713 0.017844 -3.061740 298.170013
-1.306570 -0.234924 1.485806 0.021343 0.016419 -3.087445 298.399994
-1.506330 -0.190426 1.491241 -0.002838 -0.057384 -3.117152 298.630005
-1.703402 -0.139200 1.498923 -0.040975 -0.163492 3.132217 298.929993
-1.905871 -0.149287 1.523810 -0.050067 0.108974 3.126170 299.839996
-2.096731 -0.219491 1.550376 -0.035036 0.090686 -3.121832 300.140015
-2.286716 -0.291992 1.575541 -0.017557 0.054468 -3.087445 300.369995
-2.476413 -0.364366 1.600385 -0.005904 0.033901 -3.056111 300.579987
-2.671537 -0.436457 1.624096 0.017883 0.028751 -3.028333 300.790009
-2.870149 -0.499010 1.641466 0.043839 0.028714 -3.006858 301.000000
-3.072821 -0.542778 1.650126 0.048620 0.011027 -2.994201 301.209991
-3.273820 -0.565625 1.649952 0.040789 0.005339 -2.989280 301.420013
-3.479595 -0.571102 1.641361 0.028603 0.010847 -2.992493 301.640015
-3.681888 -0.563961 1.625711 0.019822 0.015062 -3.004317 301.859985
-3.882158 -0.549106 1.604326 0.013618 0.025738 -3.023728 302.079987
-4.083166 -0.530124 1.579546 0.006577 0.014834 -3.049497 302.299988
-4.281856 -0.509697 1.552579 0.002244 0.021219 -3.078896 302.519989
-4.480137 -0.489762 1.524848 -0.000183 0.016756 -3.109951 302.739990
-4.684344 -0.470889 1.498399 -0.011401 0.004304 -3.140804 302.970001
-4.889941 -0.458348 1.475621 -0.020478 0.025159 3.115972 303.209991
-5.097963 -0.457072 1.458581 -0.020794 0.039112 3.098863 303.450012
-5.306566 -0.465724 1.447157 -0.016712 0.040140 3.092818 303.679993
-5.514405 -0.480578 1.439715 -0.009935 0.021596 3.096177 303.899994
-5.722437 -0.497914 1.435476 0.021851 0.008939 3.104528 304.119995
-5.924282 -0.503163 1.437177 0.070500 0.010684 3.113792 304.339996
-6.128548 -0.474237 1.446252 0.083280 0.010905 3.121117 304.570007
-6.318349 -0.408611 1.461110 0.074266 0.014776 3.127783 304.790009
-6.496274 -0.316903 1.479623 0.042003 0.014616 3.135096 305.000000
-6.670971 -0.215255 1.498331 -0.071781 0.000062 -3.138433 305.209991
-6.859717 -0.142585 1.516702 -0.160910 -0.014196 -3.120606 305.450012
-7.060242 -0.171433 1.529534 -0.154207 -0.019098 -3.092569 305.739990
-7.217833 -0.305068 1.532016 -0.113545 0.001153 -3.064521 306.010010
-7.338654 -0.473887 1.528947 -0.045580 -0.001054 -3.036011 306.239990
-7.447360 -0.648083 1.524004 0.035924 0.030967 -3.010849 306.459991
-7.572665 -0.806394 1.519309 0.081881 0.060939 -2.987499 306.690002
-7.740303 -0.929167 1.515096 0.083480 0.052461 -2.971119 306.940002
-7.929828 -1.000080 1.511864 0.061195 0.055352 -2.960145 307.179993
-8.133969 -1.038039 1.509606 0.034427 0.032342 -2.955286 307.410004
-8.338523 -1.059118 1.508171 0.013286 0.028294 -2.951751 307.630005
-8.545914 -1.075140 1.507494 -0.001694 0.013392 -2.948469 307.850006
-8.750038 -1.092394 1.507593 -0.011684 0.019074 -2.945435 308.070007
-8.951398 -1.115525 1.508440 -0.014398 0.022482 -2.942763 308.290009
-9.150649 -1.145750 1.509979 -0.012300 0.014863 -2.940423 308.510010
-9.355058 -1.183230 1.512068 -0.008006 0.027574 -2.938830 308.739990
-9.559546 -1.225108 1.514230 -0.003814 -0.009859 -2.937502 308.970001
-9.760534 -1.268476 1.515567 -0.000740 -0.089144 -2.936649 309.220001
-9.955826 -1.312224 1.517349 0.000451 -0.088908 -2.935400 309.670013
-10.133291 -1.408341 1.524985 -0.033867 0.107914 -2.908768 310.440002
-10.310346 -1.512930 1.534094 -0.023045 0.085785 -2.884333 310.720001
-10.489530 -1.617702 1.542542 0.005685 0.035541 -2.860840 310.950012
-10.671453 -1.715566 1.554735 0.036285 0.033076 -2.840673 311.170013
-10.863462 -1.797567 1.572193 0.044715 0.030482 -2.825552 311.390015
-11.056353 -1.857903 1.593500 0.039753 0.029349 -2.817259 311.600006
-11.256849 -1.903301 1.618541 0.028463 0.022404 -2.815999 311.809998
-11.459375 -1.938024 1.644444 0.000798 -0.007656 -2.820754 312.019989
-11.657771 -1.973548 1.667142 -0.072515 -0.020282 -2.827592 312.239990
-11.849068 -2.046096 1.682623 -0.111295 -0.016795 -2.833933 312.489990
-12.006342 -2.177184 1.685362 -0.096756 -0.010343 -2.836123 312.750000
-12.121715 -2.341691 1.677532 -0.073911 0.007345 -2.833459 312.989990
-12.216853 -2.525492 1.664408 -0.019088 -0.002969 -2.823371 313.220001
-12.304124 -2.710259 1.650586 0.008395 0.026760 -2.808851 313.450012
-12.400069 -2.886173 1.639197 0.016614 0.040547 -2.789284 313.679993
-12.512613 -3.052193 1.631260 0.014807 0.039779 -2.765582 313.910004
-12.640774 -3.210138 1.626784 0.004902 0.042807 -2.737830 314.140015
-12.781328 -3.364105 1.624982 0.010739 0.016025 -2.707397 314.369995
-12.925876 -3.509294 1.624310 0.016535 0.024833 -2.674615 314.600006
-13.077622 -3.645367 1.623503 0.014063 0.037670 -2.640435 314.829987
-13.233545 -3.771299 1.622259 0.008519 0.041887 -2.607833 315.049988
-13.399820 -3.897002 1.620157 0.003863 0.032090 -2.576574 315.269989
-13.562572 -4.016414 1.617386 0.001363 0.006949 -2.549048 315.480011
-13.728771 -4.137345 1.614188 -0.000721 0.013941 -2.523659 315.700012
-13.891534 -4.256078 1.611223 -0.001810 0.017051 -2.502590 315.920013
-14.058958 -4.379352 1.608513 -0.001688 0.018273 -2.484294 316.149994
-14.224647 -4.502633 1.606379 -0.000785 0.028633 -2.467833 316.380005
-14.384474 -4.623026 1.603940 -0.007925 0.028833 -2.452502 316.600006
-14.544177 -4.748587 1.599576 -0.015489 0.032285 -2.436617 316.820007
-14.702498 -4.882524 1.592510 -0.016720 0.033341 -2.419909 317.040009
-14.852085 -5.018642 1.583208 -0.013663 0.031906 -2.404192 317.250000
-15.000340 -5.161213 1.571758 -0.008771 0.016868 -2.389444 317.459991
-15.142178 -5.302559 1.559404 -0.003605 -0.057020 -2.376114 317.670013
-15.282034 -5.445474 1.545368 0.000297 -0.112360 -2.362959 317.929993
-15.437419 -5.574152 1.533025 0.050950 0.107210 -2.354227 318.750000
-15.628418 -5.643719 1.546296 0.038463 0.101835 -2.381283 319.140015
-15.819337 -5.716794 1.558440 0.022211 0.069937 -2.408386 319.390015
-16.012577 -5.793139 1.569577 0.009102 0.039730 -2.436370 319.609985
-16.204264 -5.870827 1.579613 0.003280 0.028557 -2.465808 319.820007
-16.397291 -5.951285 1.588039 0.002518 0.026765 -2.497626 320.029999
-16.589710 -6.033258 1.594537 0.000560 0.008500 -2.531076 320.239990
-16.776783 -6.113631 1.598877 0.001146 0.011758 -2.565448 320.450012
-16.967787 -6.196072 1.601641 0.002100 0.013420 -2.601888 320.670013
-17.154585 -6.276557 1.603116 0.002192 0.008887 -2.636484 320.890015
-17.344101 -6.357672 1.604001 -0.000299 0.014041 -2.667778 321.119995
-17.530323 -6.438096 1.605541 -0.003293 0.028631 -2.693109 321.350006
-17.717976 -6.521460 1.608361 -0.004472 0.019701 -2.712110 321.579987
-17.904871 -6.607049 1.612333 -0.004087 0.026450 -2.725174 321.809998
-18.093199 -6.695364 1.617523 -0.003414 0.036021 -2.732742 322.040009
-18.278421 -6.783614 1.623248 -0.011282 0.030768 -2.734240 322.260010
-18.464607 -6.879002 1.628981 -0.046194 0.019042 -2.729098 322.480011
-18.633543 -6.986317 1.634100 -0.061969 0.008984 -2.717295 322.690002
-18.793617 -7.119024 1.638676 -0.053275 -0.005737 -2.698366 322.910004
-18.933683 -7.266711 1.642406 -0.044094 0.008130 -2.675576 323.130005
-19.060644 -7.426586 1.645690 -0.032096 0.019633 -2.647985 323.350006
-19.181948 -7.595677 1.648852 -0.020221 0.025277 -2.616405 323.570007
-19.296082 -7.761865 1.651257 -0.018430 0.012189 -2.583470 323.779999
-19.405048 -7.930012 1.651873 -0.031731 0.008749 -2.548893 323.989990
-19.509024 -8.111187 1.649945 -0.037192 0.009914 -2.511361 324.209991
-19.597656 -8.290952 1.645699 -0.036402 0.016605 -2.475009 324.420013
-19.678026 -8.478091 1.639563 -0.028136 0.016794 -2.438247 324.630005
-19.751860 -8.668825 1.632058 -0.012341 0.002544 -2.401758 324.839996
-19.823107 -8.864986 1.623382 -0.009276 0.015282 -2.364849 325.059998
-19.892429 -9.058826 1.614484 -0.004430 0.013457 -2.328906 325.279999
-19.961182 -9.249223 1.605602 -0.003081 0.016228 -2.294330 325.500000
-20.033098 -9.444556 1.596382 -0.009592 0.012512 -2.259592 325.730011
-20.100805 -9.638216 1.586285 -0.035571 0.009705 -2.226089 325.959991
-20.154341 -9.836267 1.574644 -0.049608 0.015279 -2.193398 326.190002
-20.188530 -10.034825 1.561919 -0.047922 0.020067 -2.162423 326.410004
-20.207981 -10.242855 1.547752 -0.035906 0.018784 -2.131416 326.630005
-20.216734 -10.445797 1.533499 -0.017845 0.006711 -2.101905 326.839996
-20.220032 -10.645946 1.518732 -0.010997 0.013598 -2.073191 327.049988
-20.221737 -10.852012 1.503238 0.005037 -0.010040 -2.043636 327.269989
-20.223305 -11.055766 1.488258 0.036135 -0.077404 -2.015306 327.510010
-20.225040 -11.259700 1.473920 0.039755 -0.140741 -1.980328 327.899994
-20.060175 -11.147004 1.516184 -0.073747 -0.097151 -1.946342 328.559998
-19.898354 -11.021936 1.550296 -0.055028 -0.062488 -1.934514 328.799988
-19.730686 -10.900393 1.583127 -0.021859 -0.021721 -1.922451 329.010010
-19.566225 -10.783884 1.611106 -0.006701 -0.019655 -1.907575 329.209991
-19.404331 -10.666621 1.631819 -0.000292 -0.024624 -1.890410 329.410004
-19.238941 -10.539947 1.643979 0.000223 -0.028534 -1.869804 329.619995
-19.078249 -10.408358 1.646703 -0.000699 -0.026298 -1.846612 329.829987
-18.921930 -10.272716 1.641655 -0.005955 -0.021331 -1.820987 330.040009
-18.767811 -10.136802 1.631805 -0.034372 0.006994 -1.793149 330.250000
-18.608095 -10.013266 1.620404 -0.055593 0.033024 -1.764030 330.459991
-18.428480 -9.909128 1.608968 -0.045769 0.043761 -1.731900 330.679993
-18.239546 -9.833118 1.599128 -0.042800 0.036079 -1.697959 330.899994
-18.042833 -9.779906 1.591596 -0.034567 0.022251 -1.663204 331.119995
-17.842148 -9.741379 1.586142 -0.007943 0.012211 -1.628837 331.339996
-17.638128 -9.709258 1.581104 -0.013137 -0.002121 -1.593383 331.570007
-17.438185 -9.678093 1.575013 -0.022692 -0.011815 -1.558208 331.799988
-17.238556 -9.642918 1.567176 -0.018316 -0.013258 -1.523759 332.029999
-17.039816 -9.602548 1.557218 -0.029961 -0.012330 -1.489838 332.260010
-16.837488 -9.556930 1.545488 -0.030221 -0.016214 -1.456293 332.489990
-16.641083 -9.505098 1.535975 -0.021392 -0.046054 -1.424417 332.709991
-16.447744 -9.433818 1.531089 -0.012903 -0.060397 -1.393225 332.929993
-16.263908 -9.338636 1.531263 0.002829 -0.049810 -1.362716 333.149994
-16.094515 -9.225478 1.536150 -0.007051 -0.039853 -1.332444 333.369995
-15.934762 -9.099097 1.545211 -0.019725 -0.029358 -1.302342 333.589996
-15.778448 -8.963760 1.557492 -0.022784 -0.017972 -1.272321 333.809998
-15.629653 -8.830519 1.571321 -0.026084 -0.010778 -1.243469 334.019989
-15.479485 -8.696029 1.586143 -0.015976 -0.002951 -1.214531 334.230011
-15.323265 -8.558011 1.601791 -0.012803 0.001507 -1.184095 334.450012
-15.168785 -8.426574 1.613926 -0.016403 0.031722 -1.153422 334.670013
-15.001700 -8.307008 1.616743 -0.025770 0.063001 -1.120932 334.899994
-14.819230 -8.215222 1.606949 -0.029754 0.066287 -1.087745 335.130005
-14.627794 -8.152327 1.586475 -0.027514 0.051426 -1.055323 335.350006
-14.433257 -8.107962 1.560593 -0.028762 0.020443 -1.024063 335.559998
-14.233368 -8.067062 1.533159 -0.032164 -0.004471 -0.992731 335.769989
-14.034135 -8.020137 1.507561 0.008269 -0.025982 -0.961790 335.980011
-13.839506 -7.964579 1.484354 0.082267 -0.045010 -0.931372 336.209991
-13.650250 -7.899376 1.463410 0.122925 -0.046645 -0.891929 336.579987
-13.474229 -7.796378 1.472071 -0.111574 0.027346 -0.842938 337.410004
-13.295781 -7.694872 1.490676 -0.094948 0.025086 -0.825780 337.700012
-13.121332 -7.597448 1.506331 -0.070061 0.019577 -0.809626 337.920013
-12.944438 -7.499262 1.520619 -0.044127 0.006444 -0.792190 338.119995
-12.771170 -7.399984 1.533751 -0.031459 -0.026957 -0.773187 338.309998
-12.595845 -7.284934 1.546833 -0.023808 -0.050127 -0.751335 338.510010
-12.436491 -7.156444 1.558792 -0.003766 -0.053096 -0.727661 338.709991
-12.291429 -7.011791 1.569968 -0.005685 -0.042692 -0.700862 338.920013
-12.159166 -6.854287 1.578617 -0.008627 -0.004276 -0.670744 339.140015
-12.026442 -6.693542 1.581087 -0.014112 0.040919 -0.637375 339.369995
-11.882008 -6.547441 1.576117 -0.005031 0.050317 -0.602618 339.600006
-11.722794 -6.420383 1.564089 -0.009091 0.048951 -0.567142 339.829987
-11.549119 -6.309083 1.546480 -0.010068 0.036827 -0.531173 340.059998
-11.367072 -6.210967 1.527898 0.032145 0.035880 -0.495376 340.290009
-11.176391 -6.138791 1.513276 0.053745 0.068527 -0.457474 340.529999
-10.977483 -6.112254 1.505777 0.051797 0.056417 -0.422901 340.769989
-10.771832 -6.126135 1.505359 0.034915 0.051168 -0.388912 341.010010
-10.568101 -6.165703 1.510757 0.017692 0.035346 -0.357319 341.239990
-10.370184 -6.215831 1.519650 0.004362 0.024649 -0.330211 341.459991
-10.171858 -6.269339 1.530846 -0.002817 0.025192 -0.309194 341.679993
-9.972507 -6.323411 1.541894 0.012729 0.026077 -0.296237 341.899994
-9.773463 -6.383658 1.550614 0.026229 0.028178 -0.292652 342.119995
-9.576699 -6.455235 1.556071 0.026474 0.010445 -0.298607 342.339996
-9.387865 -6.536364 1.558166 0.021335 0.015570 -0.311908 342.559998
-9.204972 -6.624827 1.557471 0.014501 0.015937 -0.331841 342.779999
-9.019679 -6.719975 1.554571 -0.032439 -0.011184 -0.356098 343.010010
-8.827225 -6.795988 1.551041 -0.108135 -0.021788 -0.379545 343.260010
-8.620122 -6.804438 1.547172 -0.106161 -0.028400 -0.396424 343.529999
-8.429153 -6.744603 1.543948 -0.087572 -0.012703 -0.404898 343.779999
-8.251874 -6.647480 1.541886 -0.057388 -0.008119 -0.403121 344.010010
-8.084219 -6.531502 1.539356 -0.046948 -0.022417 -0.393268 344.230011
-7.925778 -6.397474 1.534315 -0.043695 -0.025719 -0.377021 344.450012
-7.779400 -6.248202 1.526014 -0.023383 -0.025453 -0.354867 344.670013
-7.646642 -6.091496 1.514384 -0.026808 -0.010745 -0.328034 344.890015
-7.521838 -5.929875 1.500427 -0.016877 -0.004222 -0.296971 345.109985
-7.402545 -5.767927 1.484880 -0.014653 0.003824 -0.263019 345.329987
-7.280394 -5.600518 1.467449 -0.026082 0.015401 -0.225460 345.559998
-7.160290 -5.438486 1.452208 -0.032393 0.017791 -0.188054 345.779999
-7.035640 -5.271784 1.441585 -0.028595 0.013861 -0.149778 346.000000
-6.916210 -5.111127 1.435883 0.024030 -0.018295 -0.113866 346.209991
-6.794296 -4.944172 1.433037 0.086047 -0.055128 -0.076883 346.459991
-6.676880 -4.781847 1.432520 0.064974 -0.043917 -0.019033 346.959991
-6.548375 -4.626239 1.471498 -0.100502 0.082300 0.025399 347.739990
-6.420599 -4.466582 1.498453 -0.068258 0.055177 0.043017 348.000000
-6.297123 -4.309838 1.521336 -0.035757 0.029207 0.058865 348.209991
-6.173760 -4.152449 1.542289 -0.016640 0.025031 0.074982 348.410004
-6.046885 -3.995040 1.559938 -0.005261 0.028390 0.093341 348.609985
-5.915685 -3.841908 1.572974 0.006252 0.018657 0.114021 348.809998
-5.776381 -3.690025 1.581476 0.007911 0.014674 0.137945 349.019989
-5.630273 -3.540872 1.585550 -0.002102 0.022727 0.165507 349.239990
-5.482793 -3.397650 1.585783 -0.003325 -0.000662 0.194657 349.459991
-5.339053 -3.252111 1.581521 -0.048564 -0.047215 0.226595 349.690002
-5.222977 -3.082108 1.571326 -0.078655 -0.070454 0.263650 349.940002
-5.163865 -2.889880 1.555544 -0.067740 -0.061713 0.299980 350.190002
-5.153691 -2.689090 1.536509 -0.057283 -0.033163 0.334036 350.429993
-5.168917 -2.485439 1.517555 -0.024985 0.017050 0.366727 350.660004
-5.180594 -2.277296 1.501325 -0.003794 0.055254 0.400776 350.890015
-5.169411 -2.077541 1.489449 0.013742 0.054371 0.433501 351.109985
-5.131184 -1.873544 1.480640 0.008916 0.053293 0.467343 351.339996
-5.072228 -1.681083 1.475405 0.006684 0.041708 0.499446 351.559998
-4.996773 -1.492575 1.474054 0.026868 0.038165 0.531099 351.779999
-4.903341 -1.314682 1.477412 0.032681 0.047562 0.562429 352.000000
-4.789287 -1.147769 1.484675 0.030233 0.030467 0.592153 352.220001
-4.660846 -0.992394 1.494830 0.019077 0.032478 0.622038 352.440002
-4.521964 -0.843774 1.507012 0.008955 0.021684 0.651455 352.660004
-4.379143 -0.699657 1.520150 0.000926 0.018667 0.680627 352.880005
-4.236315 -0.557667 1.533830 -0.004531 0.026685 0.709761 353.100006
-4.093116 -0.413640 1.547407 -0.014568 0.020705 0.738899 353.320007
-3.956626 -0.264436 1.560291 -0.066945 -0.000702 0.768709 353.540009
-3.843914 -0.093315 1.572523 -0.099397 -0.013727 0.801373 353.769989
-3.776583 0.096738 1.582359 -0.085464 -0.022874 0.834905 354.000000
-3.751775 0.298072 1.590241 -0.067836 -0.007441 0.866571 354.230011
-3.756110 0.498023 1.596524 -0.028661 -0.015635 0.897983 354.450012
-3.777142 0.704062 1.601120 0.041241 -0.067247 0.929305 354.690002
-3.813581 0.901697 1.610023 0.103019 -0.192619 0.956383 355.079987
-3.943841 0.747836 1.612877 -0.011415 -0.137119 0.988411 355.589996
-4.066438 0.582458 1.612862 -0.009036 -0.082039 1.001733 355.820007
-4.189579 0.418868 1.612858 -0.010000 -0.024774 1.014301 356.019989
-4.316728 0.255878 1.614038 -0.028506 -0.006628 1.028432 356.220001
-4.448634 0.103405 1.616434 -0.038648 -0.003564 1.044285 356.420013
-4.594079 -0.042087 1.619768 -0.031164 0.007995 1.062399 356.630005
-4.750315 -0.177757 1.623773 -0.029543 -0.006114 1.084639 356.850006
-4.911357 -0.302295 1.628413 -0.014852 -0.002822 1.108653 357.070007
-5.077913 -0.424135 1.632123 0.006714 -0.004843 1.135483 357.299988
-5.241373 -0.548970 1.632428 0.009203 -0.030668 1.165511 357.540009
-5.396546 -0.682472 1.628821 0.011513 -0.028951 1.197410 357.779999
-5.543973 -0.825998 1.621305 0.000435 -0.037691 1.230587 358.019989
-5.683193 -0.973806 1.611437 -0.002248 -0.027649 1.263217 358.250000
-5.820451 -1.126582 1.600336 -0.006746 -0.013745 1.296146 358.480011
-5.956337 -1.277709 1.590753 -0.023126 -0.019217 1.329280 358.709991
-6.097779 -1.427106 1.584280 -0.022431 -0.013931 1.362001 358.940002
-6.244666 -1.573525 1.581003 -0.021931 -0.013911 1.394606 359.170013
-6.395964 -1.717273 1.580630 -0.022196 -0.017486 1.427109 359.399994
-6.543896 -1.853539 1.581930 -0.006877 -0.001718 1.457483 359.619995
-6.695654 -1.989456 1.581803 -0.020693 0.002999 1.489103 359.850006
-6.856401 -2.121604 1.576920 -0.034303 -0.001265 1.521856 360.089996
-7.018292 -2.240717 1.567133 -0.025990 0.000470 1.552645 360.320007
-7.185380 -2.353548 1.552580 -0.033339 -0.008802 1.583682 360.549988
-7.358687 -2.464095 1.534956 -0.013322 0.001154 1.614150 360.779999
-7.531644 -2.568196 1.519922 -0.023476 0.020651 1.644815 361.010010
-7.715940 -2.661263 1.511928 -0.035923 0.026341 1.677040 361.250000
-7.909999 -2.736878 1.512827 -0.030806 0.022082 1.709457 361.489990
-8.103708 -2.796300 1.521449 -0.036509 0.013725 1.740924 361.720001
-8.305122 -2.848466 1.535525 -0.018282 0.005680 1.772430 361.950012
-8.506989 -2.897223 1.548784 -0.024016 -0.002579 1.803913 362.179993
-8.709312 -2.947240 1.555229 -0.031194 -0.007582 1.835682 362.410004
-8.905956 -2.999634 1.552608 -0.036636 -0.008222 1.866434 362.630005
-9.097974 -3.054875 1.542070 -0.035174 -0.006373 1.896188 362.839996
-9.292831 -3.114361 1.525562 -0.006588 -0.007337 1.926103 363.049988
-9.489354 -3.178550 1.505650 -0.000079 -0.019011 1.956855 363.269989
-9.681453 -3.250989 1.485017 -0.012430 -0.024795 1.988809 363.500000
-9.867689 -3.334965 1.466333 0.051173 -0.019072 2.020951 363.739990
-10.047186 -3.430022 1.448635 0.101114 -0.007019 2.058007 364.049988
-10.229221 -3.514467 1.458139 -0.113618 0.035933 2.115649 364.959991
-10.424944 -3.562780 1.490567 -0.098703 0.028269 2.134167 365.299988
-10.620151 -3.613685 1.518443 -0.062063 0.016734 2.150613 365.540009
-10.820912 -3.667925 1.545362 -0.039957 0.011668 2.167918 365.760010
-11.020398 -3.722777 1.570137 -0.027569 0.009170 2.187099 365.970001
-11.212605 -3.775970 1.589787 -0.024959 0.009257 2.207940 366.170013
-11.405359 -3.829472 1.604087 -0.013243 0.004451 2.231266 366.369995
-11.603855 -3.884909 1.613230 -0.007698 0.002938 2.257855 366.579987
-11.805407 -3.941379 1.617277 -0.015700 0.008096 2.287780 366.799988
-12.003334 -3.996703 1.616963 -0.006404 0.000112 2.319293 367.019989
-12.202518 -4.054603 1.612113 -0.019298 -0.012870 2.352883 367.250000
-12.393968 -4.120718 1.602252 -0.040386 -0.016031 2.387303 367.480011
-12.583094 -4.202964 1.587837 -0.047454 -0.011808 2.422262 367.709991
-12.764807 -4.297553 1.570662 -0.042125 -0.005414 2.456068 367.929993
-12.938579 -4.398410 1.552302 -0.017234 -0.003073 2.488563 368.140015
-13.116374 -4.505533 1.531683 -0.003046 0.020112 2.522383 368.359985
-13.293542 -4.603547 1.510068 -0.003645 0.040084 2.556028 368.579987
-13.477552 -4.688172 1.487813 -0.007419 0.044802 2.589340 368.799988
-13.671239 -4.760707 1.465253 -0.011267 0.040504 2.622473 369.019989
-13.863684 -4.821839 1.443925 -0.003762 0.021792 2.653950 369.230011
-14.056543 -4.877185 1.423548 0.000841 0.017934 2.684748 369.440002
-14.256040 -4.926186 1.408612 0.036820 0.038429 2.715552 369.660004
-14.463417 -4.950416 1.405295 0.060166 0.045660 2.743750 369.890015
-14.668332 -4.936939 1.414878 0.058022 0.032488 2.766649 370.119995
-14.867687 -4.890285 1.435961 0.042854 0.035046 2.788097 370.350006
-15.056849 -4.823024 1.464026 0.017473 0.033483 2.807552 370.570007
-15.248848 -4.746544 1.494801 -0.015344 0.035147 2.827326 370.790009
-15.438810 -4.678161 1.522945 -0.030576 0.023560 2.847670 371.000000
-15.632546 -4.622065 1.547465 -0.031765 0.011084 2.869240 371.209991
-15.834781 -4.578172 1.568725 -0.026142 0.018654 2.892587 371.429993
-16.037010 -4.546143 1.585598 -0.017185 0.007289 2.917687 371.649994
-16.242668 -4.523488 1.598466 -0.045628 -0.010493 2.945046 371.880005
-16.445671 -4.526587 1.607026 -0.085781 -0.011175 2.975137 372.119995
-16.646189 -4.577523 1.611191 -0.079239 -0.014291 3.009211 372.369995
-16.827318 -4.668636 1.611712 -0.062541 0.004239 3.041539 372.609985
-16.997030 -4.781439 1.609380 -0.014973 0.030946 3.073319 372.839996
-17.165636 -4.890681 1.604647 0.022187 0.049759 3.104962 373.059998
-17.347746 -4.984240 1.597602 0.035877 0.055274 3.136926 373.279999
-17.536188 -5.054070 1.588822 0.034144 0.050114 -3.115803 373.489990
-17.736372 -5.106834 1.578725 0.026145 0.029101 -3.085697 373.700012
-17.940353 -5.146739 1.570249 0.015934 0.018835 -3.056169 373.910004
-18.143311 -5.178608 1.565829 0.006509 0.022226 -3.028311 374.119995
-18.345800 -5.207098 1.566321 -0.000201 0.022796 -3.003328 374.329987
-18.548225 -5.235540 1.571503 -0.003720 0.026851 -2.981993 374.540009
-18.750027 -5.265566 1.579790 -0.004544 -0.017846 -2.964499 374.750000
-18.948893 -5.296954 1.589283 -0.005091 -0.093383 -2.949890 374.980011
-19.148367 -5.330010 1.600251 -0.001999 -0.134656 -2.936208 375.350006
-18.985710 -5.210404 1.627258 0.051460 -0.110873 -2.940727 376.059998
-18.813030 -5.096652 1.639670 0.038248 -0.071103 -2.953849 376.290009
-18.644024 -4.981503 1.651620 0.020257 -0.030992 -2.970040 376.489990
-18.471664 -4.861400 1.664472 0.014125 -0.016228 -2.990955 376.690002
-18.301926 -4.740745 1.677453 0.001015 -0.007650 -3.015263 376.890015
-18.136297 -4.625391 1.687826 -0.028444 -0.019870 -3.042256 377.089996
-17.961342 -4.520391 1.693668 -0.045299 -0.036011 -3.073031 377.299988
-17.779066 -4.437756 1.693383 -0.044640 -0.041378 -3.104901 377.510010
-17.588089 -4.376816 1.687284 -0.038543 -0.033832 -3.134341 377.720001
-17.391867 -4.335621 1.676467 -0.050646 -0.030132 3.125361 377.929993
-17.192846 -4.317428 1.661684 -0.054830 -0.030099 3.109351 378.140015
-16.992752 -4.322818 1.644253 -0.043139 -0.010872 3.099640 378.350006
-16.789602 -4.346796 1.624178 -0.005563 0.003966 3.095372 378.570007
-16.589174 -4.372371 1.601465 0.047483 -0.005904 3.094288 378.799988
-16.387369 -4.373741 1.576675 0.064436 -0.008148 3.094006 379.040009
-16.190117 -4.340803 1.551469 0.059068 -0.015481 3.091341 379.279999
-15.993566 -4.278112 1.525970 0.042120 -0.019707 3.084783 379.519989
-15.805429 -4.200574 1.503444 0.016453 -0.003482 3.075193 379.750000
-15.623381 -4.117960 1.485024 0.014455 -0.020541 3.060133 379.980011
-15.440153 -4.033213 1.471673 0.015131 -0.035663 3.041207 380.209991
-15.256980 -3.950954 1.463276 0.013485 -0.038200 3.023268 380.429993
-15.065196 -3.869396 1.458686 -0.009688 -0.034310 3.008561 380.649994
-14.876628 -3.802283 1.459230 -0.054083 -0.040958 2.999571 380.859985
-14.674039 -3.761779 1.465469 -0.071750 -0.036870 2.995497 381.079987
-14.469751 -3.758152 1.476117 -0.064292 -0.025287 2.997623 381.299988
-14.267761 -3.785990 1.490349 -0.048518 -0.031022 3.008026 381.519989
-14.065166 -3.836511 1.506997 -0.022874 -0.024116 3.023544 381.739990
-13.872628 -3.891682 1.520975 0.046522 -0.003124 3.040180 381.950012
-13.668256 -3.927045 1.529727 0.104267 0.002742 3.057816 382.179993
-13.463154 -3.908726 1.529030 0.112486 -0.001372 3.071085 382.420013
-13.272918 -3.837132 1.519437 0.069723 -0.010125 3.076771 382.649994
-13.093060 -3.740235 1.506060 0.008956 -0.032435 3.074430 382.869995
-12.907623 -3.644115 1.492793 -0.029036 -0.035180 3.065134 383.089996
-12.716618 -3.566593 1.481288 -0.041483 -0.028252 3.051051 383.309998
-12.523224 -3.512706 1.471965 -0.033393 -0.038045 3.037169 383.529999
-12.324445 -3.479695 1.465748 -0.044830 -0.037464 3.025565 383.750000
-12.120996 -3.471454 1.464051 -0.065311 -0.036807 3.018521 383.970001
-11.914822 -3.495118 1.466800 -0.064656 -0.033609 3.017080 384.190002
-11.716857 -3.545995 1.472871 -0.051370 -0.028730 3.021828 384.399994
-11.528423 -3.613697 1.480957 -0.032990 -0.017826 3.031890 384.600006
-11.336532 -3.694605 1.489744 0.003700 0.048102 3.046700 384.809998
-11.153952 -3.777839 1.498157 0.032787 0.107475 3.069655 385.049988
-10.976613 -3.870801 1.506151 0.006957 0.016266 3.114318 385.630005
-10.794669 -3.965221 1.531215 -0.051356 -0.120162 -3.131870 386.299988
-10.612546 -4.048388 1.548288 -0.032022 -0.077078 -3.117584 386.549988
-10.420684 -4.133497 1.564375 -0.018186 -0.039430 -3.101884 386.769989
-10.237971 -4.214490 1.578395 -0.022873 -0.014969 -3.084848 386.970001
-10.057086 -4.300219 1.590362 -0.032953 -0.004001 -3.065517 387.170013
-9.873275 -4.399061 1.599912 -0.037214 -0.002915 -3.042745 387.380005
-9.695621 -4.508212 1.606324 -0.033291 -0.004285 -3.017626 387.589996
-9.523064 -4.625627 1.610030 -0.022635 -0.003233 -2.990543 387.799988
-9.356392 -4.746298 1.611592 -0.002329 -0.002235 -2.961942 388.010010
-9.187655 -4.865653 1.610813 0.039563 -0.039933 -2.931085 388.230011
-9.005975 -4.961414 1.607007 0.066553 -0.061990 -2.897388 388.459991
-8.804927 -5.014813 1.599578 0.064152 -0.051446 -2.859168 388.700012
-8.596858 -5.024485 1.589184 0.039439 -0.051015 -2.821355 388.940002
-8.391138 -5.005629 1.577944 0.020982 -0.029273 -2.784909 389.170013
-8.193685 -4.973487 1.566862 0.012553 -0.033023 -2.751205 389.390015
-7.994669 -4.931663 1.555791 0.009725 -0.037727 -2.717785 389.609985
-7.793025 -4.881093 1.544998 0.009609 -0.019061 -2.684607 389.829987
-7.595190 -4.825430 1.534347 -0.005373 0.000398 -2.652156 390.049988
-7.397017 -4.774682 1.521205 -0.058561 0.020818 -2.619482 390.279999
-7.195390 -4.755786 1.503847 -0.077757 0.028088 -2.586993 390.519989
-6.995874 -4.780723 1.482653 -0.066992 0.024225 -2.555001 390.760010
-6.797683 -4.841798 1.457965 -0.057044 0.008044 -2.522707 391.000000
-6.606812 -4.922117 1.433861 -0.004373 -0.003602 -2.493363 391.230011
-6.421142 -4.998641 1.416176 0.027722 -0.050852 -2.465202 391.459991
-6.226158 -5.046225 1.408582 0.036936 -0.067302 -2.435272 391.700012
-6.018578 -5.051556 1.411948 0.027000 -0.061715 -2.403044 391.950012
-5.814445 -5.021480 1.424558 0.003652 -0.058277 -2.371724 392.190002
-5.618777 -4.973977 1.442144 -0.010039 -0.045325 -2.342453 392.410004
-5.424378 -4.919511 1.462469 -0.018996 -0.034157 -2.314047 392.619995
-5.224963 -4.862518 1.483915 -0.007776 -0.006774 -2.285679 392.829987
-5.030707 -4.807539 1.503353 0.012187 -0.001966 -2.257004 393.040009
-4.839716 -4.747860 1.518334 0.019812 -0.030607 -2.227086 393.260010
-4.649699 -4.671914 1.526896 0.024561 -0.031278 -2.194963 393.489990
-4.469613 -4.580196 1.528308 0.015104 -0.033992 -2.162794 393.720001
-4.295812 -4.475142 1.523986 0.000565 -0.037913 -2.130554 393.950012
-4.128977 -4.364518 1.516205 -0.011109 -0.039023 -2.099509 394.170013
-3.957550 -4.246712 1.506310 -0.015813 -0.032534 -2.068351 394.390015
-3.791388 -4.131835 1.495953 0.011302 0.019007 -2.039257 394.600006
-3.622737 -4.014791 1.484811 0.049771 0.084861 -2.005960 394.839996
-3.462670 -3.894630 1.476100 0.145242 0.076526 -1.964751 395.329987
-3.640351 -3.796084 1.483693 0.111472 -0.043889 -1.981768 395.829987
-3.809338 -3.681216 1.492653 0.078032 -0.034198 -1.997272 396.079987
-3.970315 -3.560354 1.501703 0.038294 -0.019487 -2.017100 396.290009
-4.135196 -3.430661 1.511508 0.015428 0.002486 -2.042598 396.500000
-4.299316 -3.306168 1.521607 0.003142 0.053485 -2.073043 396.709991
-4.475981 -3.201936 1.532685 0.004047 0.082683 -2.108869 396.929993
-4.671740 -3.131643 1.544082 -0.006584 0.070730 -2.148693 397.160004
-4.874708 -3.096483 1.555316 0.005866 0.059303 -2.190055 397.390015
-5.076818 -3.085927 1.566097 0.006678 0.040215 -2.230412 397.609985
-5.282389 -3.090095 1.573733 -0.014488 0.040324 -2.270451 397.829987
-5.485165 -3.112279 1.574845 -0.020940 0.050967 -2.309802 398.049988
-5.686220 -3.156316 1.568127 -0.017401 0.048861 -2.347742 398.269989
-5.877900 -3.216105 1.555391 -0.005960 0.039206 -2.382701 398.480011
-6.070594 -3.285342 1.540662 0.021463 0.020250 -2.416753 398.690002
-6.266146 -3.350485 1.528421 0.039868 0.005711 -2.450370 398.899994
-6.463873 -3.401423 1.520633 0.036503 -0.010500 -2.483386 399.109985
-6.668230 -3.436501 1.517995 0.035801 -0.000858 -2.515922 399.329987
-6.871225 -3.456067 1.520713 0.026942 0.003852 -2.547645 399.549988
-7.071947 -3.465006 1.526581 0.021355 -0.005707 -2.578383 399.769989
-7.275062 -3.462325 1.530690 0.045662 -0.009296 -2.609286 400.000000
-7.474720 -3.438562 1.528549 0.051623 -0.009926 -2.640088 400.230011
-7.671604 -3.391767 1.518990 0.042347 -0.006814 -2.670568 400.459991
-7.865184 -3.327039 1.502832 0.042737 0.004162 -2.700542 400.690002
-8.050053 -3.250024 1.486888 0.053493 -0.011003 -2.729967 400.910004
-8.231116 -3.152293 1.475763 0.060127 -0.018515 -2.759474 401.130005
-8.397563 -3.036890 1.471656 0.052370 -0.017533 -2.787793 401.339996
-8.556813 -2.903572 1.474217 0.043095 -0.009690 -2.816367 401.549988
-8.702598 -2.765528 1.481796 0.018865 -0.010099 -2.844237 401.750000
-8.847030 -2.619544 1.492690 -0.024212 0.009274 -2.873610 401.959991
-9.000249 -2.481455 1.504492 -0.070821 0.060732 -2.907915 402.190002
-9.180555 -2.385041 1.513743 -0.080704 0.066948 -2.942315 402.440002
-9.379780 -2.347608 1.517594 -0.062449 0.059973 -2.974004 402.690002
-9.587475 -2.353479 1.516762 -0.036295 0.048468 -3.001966 402.929993
-9.788023 -2.379622 1.513106 -0.015199 0.027011 -3.024256 403.149994
-9.990830 -2.413230 1.507677 -0.000599 0.028528 -3.043455 403.369995
-10.195923 -2.447018 1.501471 0.002948 0.023476 -3.058109 403.589996
-10.401890 -2.479128 1.496582 -0.004833 0.025595 -3.066444 403.809998
-10.599546 -2.511012 1.494387 -0.009446 0.021084 -3.067399 404.019989
-10.805011 -2.547529 1.494550 -0.009173 0.008734 -3.061374 404.239990
-11.004804 -2.586842 1.497301 -0.008282 0.022067 -3.049162 404.459991
-11.202231 -2.628635 1.501733 -0.004572 -0.014009 -3.031531 404.679993
-11.403115 -2.674362 1.506563 0.004245 -0.090266 -3.008265 404.929993
-11.598241 -2.722323 1.512388 0.007977 -0.105356 -2.971280 405.369995
-11.801267 -2.742397 1.534761 0.011001 0.112608 -2.969979 406.170013
-12.006554 -2.757930 1.553647 0.005039 0.089273 -2.984185 406.450012
-12.205635 -2.774073 1.569961 0.000565 0.048468 -2.996133 406.670013
-12.407731 -2.792090 1.585071 -0.017577 0.028845 -3.005261 406.880005
-12.611535 -2.818586 1.596712 -0.044985 0.022807 -3.010079 407.089996
-12.812397 -2.862942 1.603370 -0.050518 0.008010 -3.008761 407.299988
-13.004571 -2.926206 1.604694 -0.042738 0.000882 -3.002177 407.510010
-13.194460 -3.008235 1.600968 -0.033073 0.013481 -2.990147 407.730011
-13.377254 -3.101496 1.593606 -0.018084 0.006831 -2.972658 407.950012
-13.552810 -3.198705 1.584089 0.010323 0.006541 -2.954392 408.170013
-13.731981 -3.288461 1.574486 0.076081 0.014528 -2.937990 408.399994
-13.932420 -3.340985 1.566687 0.098018 0.012314 -2.928142 408.649994
-14.140612 -3.336302 1.561699 0.082460 0.011396 -2.926954 408.899994
-14.336982 -3.290877 1.559706 0.059705 0.019260 -2.933196 409.130005
-14.528131 -3.224018 1.559421 0.026842 -0.002287 -2.947209 409.350006
-14.712900 -3.146836 1.560757 0.026537 0.006240 -2.965951 409.570007
-14.901226 -3.057948 1.563640 0.026322 0.012655 -2.991356 409.799988
-15.079093 -2.966265 1.567248 0.017161 0.007458 -3.020285 410.019989
-15.261124 -2.867006 1.571514 0.018694 0.021666 -3.053698 410.250000
-15.436875 -2.769068 1.575845 0.019055 0.029368 -3.088297 410.470001
-15.617435 -2.668128 1.580037 0.016661 0.029585 -3.124655 410.690002
-15.793847 -2.569557 1.583529 0.016146 0.025554 3.122882 410.899994
-15.972398 -2.468756 1.586052 0.016881 0.023872 3.086864 411.109985
-16.151094 -2.365714 1.587577 0.009397 0.007477 3.050813 411.320007
-16.324764 -2.263063 1.588003 0.008624 0.010591 3.015631 411.529999
-16.502039 -2.156322 1.587600 0.008594 0.017000 2.979664 411.750000
-16.677019 -2.052153 1.587077 -0.040690 0.011336 2.946552 411.970001
-16.860462 -1.967692 1.587577 -0.093312 0.016880 2.919112 412.200012
-17.060936 -1.929765 1.589428 -0.101241 0.020231 2.901625 412.440002
-17.264845 -1.942984 1.592336 -0.082066 0.021254 2.896480 412.670013
-17.468319 -1.990137 1.595904 -0.045975 0.004257 2.902457 412.890015
-17.659754 -2.050795 1.599009 0.018978 -0.002051 2.913179 413.100006
-17.857450 -2.104396 1.601041 0.076847 0.029164 2.927257 413.329987
-18.057884 -2.116057 1.600915 0.085017 0.028729 2.937767 413.570007
-18.262463 -2.076424 1.597814 0.068179 0.035944 2.944296 413.820007
-18.451557 -2.003161 1.592736 0.045509 0.043307 2.944368 414.049988
-18.638351 -1.911548 1.586388 0.023939 0.037985 2.940768 414.269989
-18.820929 -1.816566 1.580797 -0.037890 0.005156 2.937152 414.480011
-19.008781 -1.739955 1.580449 -0.122805 -0.024373 2.937997 414.700012
-19.210585 -1.726343 1.587663 -0.120382 -0.052627 2.946348 414.950012
-19.399235 -1.795990 1.598010 -0.018972 -0.092126 2.959400 415.230011
-19.546791 -1.933045 1.612999 0.077610 -0.068592 2.975623 415.670013
-19.469748 -2.121870 1.637719 -0.107690 -0.071413 3.004412 416.420013
-19.370457 -2.301600 1.648182 -0.087781 -0.049347 3.020791 416.690002
-19.274290 -2.487203 1.656265 -0.045487 -0.020894 3.037958 416.910004
-19.183954 -2.668360 1.663457 -0.022345 -0.007629 3.057770 417.109985
-19.094967 -2.849803 1.669183 0.000264 -0.014477 3.080314 417.309998
-18.999756 -3.032151 1.672544 0.003520 -0.031151 3.106268 417.519989
-18.897003 -3.203987 1.673036 0.013722 -0.027809 3.134240 417.730011
-18.781811 -3.370043 1.670595 0.002400 -0.028959 -3.118043 417.950012
-18.653399 -3.533367 1.665555 -0.016474 -0.031004 -3.084166 418.179993
-18.522472 -3.687570 1.658938 -0.018376 -0.017812 -3.050834 418.399994
-18.389748 -3.842368 1.648416 -0.028700 0.009350 -3.016882 418.619995
-18.265671 -4.002996 1.631852 -0.042303 0.022626 -2.982415 418.839996
-18.154600 -4.175626 1.608842 -0.041780 0.023568 -2.947505 419.059998
-18.060020 -4.351710 1.581552 -0.039848 0.017742 -2.913919 419.269989
-17.973873 -4.536054 1.551188 -0.015695 0.015996 -2.880663 419.480011
-17.897308 -4.720810 1.522775 -0.011054 0.033310 -2.847629 419.690002
-17.833876 -4.914162 1.499691 -0.017503 0.043745 -2.813289 419.910004
-17.790079 -5.110621 1.485045 -0.008866 0.036256 -2.779509 420.130005
-17.761890 -5.316838 1.478392 -0.017872 0.029314 -2.744906 420.359985
-17.745314 -5.516586 1.479945 -0.026551 -0.001548 -2.712235 420.579987
-17.723099 -5.716901 1.490447 -0.036432 -0.048480 -2.679707 420.799988
-17.675047 -5.912425 1.509707 -0.040929 -0.066588 -2.647879 421.019989
-17.593788 -6.099956 1.535695 -0.036285 -0.060609 -2.616816 421.239990
-17.489328 -6.270747 1.564905 -0.030256 -0.043941 -2.587474 421.450012
-17.368282 -6.433399 1.594260 0.003640 -0.012150 -2.558048 421.660004
-17.245150 -6.593117 1.616797 0.015354 0.057230 -2.525680 421.880005
-17.145235 -6.768752 1.625633 0.015102 0.092193 -2.490930 422.119995
-17.092045 -6.964858 1.616303 0.011640 0.082793 -2.456098 422.369995
-17.082428 -7.166610 1.591455 -0.005632 0.068742 -2.422767 422.609985
-17.096945 -7.364821 1.560672 -0.019630 0.044708 -2.392014 422.829987
-17.118740 -7.563878 1.533282 -0.031174 0.022405 -2.362282 423.040009
-17.137339 -7.769504 1.513541 -0.036287 0.010465 -2.332368 423.250000
-17.147165 -7.978896 1.503649 -0.032832 0.004040 -2.302266 423.459991
-17.147518 -8.179169 1.503406 -0.027668 0.004536 -2.273496 423.660004
-17.140869 -8.387567 1.510252 -0.003350 0.005186 -2.243237 423.869995
-17.134901 -8.589483 1.521182 0.009413 0.025943 -2.213161 424.079987
-17.138819 -8.796608 1.534417 0.018110 0.022953 -2.182216 424.299988
-17.155371 -8.997833 1.547311 0.015556 0.024068 -2.151612 424.519989
-17.184568 -9.203378 1.559176 0.009649 0.019566 -2.119950 424.750000
-17.220673 -9.400011 1.567853 0.026044 -0.054649 -2.091265 424.980011
-17.262342 -9.598867 1.573573 0.034282 -0.104763 -2.058183 425.290009
-17.279541 -9.799998 1.577657 -0.059783 0.098398 -2.005513 426.149994
-17.258944 -9.999781 1.584783 -0.050959 0.092285 -1.985637 426.480011
-17.238581 -10.203014 1.591426 -0.028626 0.054054 -1.966965 426.720001
-17.218117 -10.410743 1.597977 -0.017725 0.036035 -1.948265 426.940002
-17.197756 -10.616759 1.604322 -0.020711 0.025480 -1.928015 427.149994
-17.175268 -10.815956 1.609816 -0.023561 0.016222 -1.906179 427.350006
-17.147598 -11.014313 1.614532 -0.017172 0.000777 -1.882008 427.549988
-17.113358 -11.215755 1.618433 -0.013953 0.000811 -1.855072 427.760010
-17.073254 -11.419185 1.621758 -0.014331 0.011567 -1.825200 427.980011
-17.030293 -11.617339 1.623955 -0.007876 -0.008002 -1.793997 428.200012
-16.982121 -11.812414 1.623032 -0.026315 -0.000805 -1.761034 428.429993
-16.920942 -12.007449 1.617318 -0.039793 0.015219 -1.726170 428.670013
-16.847061 -12.194698 1.607470 -0.039551 0.024684 -1.692049 428.899994
-16.763206 -12.378010 1.594756 -0.030630 0.025321 -1.658793 429.119995
-16.671982 -12.563131 1.580757 0.012603 0.004012 -1.626458 429.339996
-16.588587 -12.750736 1.568223 0.061770 0.025988 -1.597839 429.570007
-16.538588 -12.948417 1.559458 0.073086 0.029219 -1.578298 429.809998
-16.531013 -13.151087 1.555122 0.059789 0.029876 -1.569688 430.049988
-16.555098 -13.350302 1.554877 0.040440 0.039411 -1.571212 430.279999
-16.596395 -13.549150 1.557678 0.021691 0.034569 -1.580221 430.500000
-16.643259 -13.744056 1.560794 -0.001225 0.022378 -1.591764 430.709991
-16.687815 -13.939520 1.561832 -0.017602 0.027611 -1.603194 430.920013
-16.723612 -14.137185 1.559516 -0.022462 0.032124 -1.612880 431.130005
-16.749060 -14.338778 1.553542 -0.020148 0.032232 -1.620386 431.339996
-16.765612 -14.544377 1.544215 -0.014461 0.029337 -1.625920 431.549988
-16.775961 -14.751984 1.533112 -0.007632 0.014749 -1.630251 431.760010
-16.782978 -14.956579 1.524486 -0.001086 0.014930 -1.633956 431.970001
-16.789507 -15.157721 1.521429 0.002809 0.016372 -1.636964 432.179993
-16.797657 -15.364520 1.524769 0.004279 0.008041 -1.639401 432.399994
-16.807655 -15.565345 1.534606 0.003978 0.021152 -1.641015 432.619995
-16.819654 -15.765488 1.550020 0.002676 0.030869 -1.642365 432.839996
-16.833351 -15.969424 1.569409 0.008745 0.026617 -1.645152 433.059998
-16.853418 -16.174078 1.588703 0.059721 0.005129 -1.651188 433.279999
-16.899160 -16.369011 1.604709 0.093824 -0.003938 -1.661992 433.500000
-16.988976 -16.556570 1.615860 0.093369 -0.003665 -1.678104 433.730011
-17.113306 -16.720594 1.621073 0.074644 0.003315 -1.697847 433.950012
-17.257442 -16.866108 1.621998 0.042200 -0.002208 -1.721351 434.160004
-17.412649 -17.001612 1.620137 0.022038 0.005724 -1.747344 434.369995
-17.570202 -17.131256 1.616713 0.005849 0.006164 -1.775899 434.579987
-17.727997 -17.260040 1.612147 -0.039600 -0.053508 -1.805454 434.799988
-17.885988 -17.388489 1.607381 -0.084588 -0.124616 -1.837817 435.089996
-17.921896 -17.184111 1.610051 0.040814 -0.124399 -1.885287 435.850006
-17.906843 -16.976767 1.611287 0.030029 -0.079932 -1.897083 436.070007
-17.895449 -16.773283 1.613191 0.019409 -0.046935 -1.908844 436.260010
-17.885958 -16.572502 1.615465 0.003953 -0.014428 -1.921546 436.440002
-17.875469 -16.364195 1.616841 -0.018796 -0.003008 -1.937016 436.630005
-17.858067 -16.155693 1.616088 -0.031075 -0.010731 -1.955378 436.829987
-17.827763 -15.948659 1.612593 -0.034336 -0.000685 -1.977568 437.040009
-17.783316 -15.747021 1.606048 -0.025037 -0.011474 -2.002387 437.260010
-17.725824 -15.548475 1.597678 -0.023267 -0.013112 -2.030633 437.489990
-17.657476 -15.359066 1.590223 -0.024554 -0.028372 -2.060515 437.720001
-17.575241 -15.172834 1.585434 -0.019301 -0.040947 -2.092316 437.950012
-17.483343 -14.992212 1.583704 -0.011960 -0.039486 -2.124398 438.170013
-17.386595 -14.816650 1.584309 -0.005521 -0.028243 -2.155916 438.380005
-17.286602 -14.641112 1.586347 0.019388 -0.002134 -2.187797 438.589996
-17.195456 -14.459764 1.589002 0.080322 0.030490 -2.220142 438.809998
-17.143332 -14.259829 1.591462 0.096748 0.048472 -2.254419 439.049988
-17.150545 -14.058017 1.592376 0.080124 0.044846 -2.289590 439.290009
-17.205620 -13.856469 1.591425 0.056995 0.011528 -2.326103 439.529999
-17.277399 -13.667154 1.589026 0.026799 -0.029325 -2.358911 439.750000
-17.345572 -13.469615 1.585656 0.000220 -0.043534 -2.390300 439.970001
-17.396503 -13.268125 1.581405 -0.009098 -0.043447 -2.421060 440.190002
-17.427467 -13.066360 1.576418 0.001548 -0.042543 -2.451687 440.410004
-17.441912 -12.861996 1.570259 0.003922 -0.043735 -2.482278 440.630005
-17.440495 -12.654394 1.561167 -0.000653 -0.050596 -2.512929 440.850006
-17.421938 -12.453507 1.548707 0.001061 -0.049594 -2.542462 441.059998
-17.387636 -12.250407 1.532599 0.002795 -0.039557 -2.572217 441.269989
-17.341694 -12.047631 1.514779 -0.001642 -0.025106 -2.602024 441.480011
-17.288330 -11.849368 1.499000 0.003806 -0.023543 -2.631857 441.690002
-17.229637 -11.654617 1.487587 0.004101 -0.017581 -2.661617 441.899994
-17.167980 -11.464373 1.481097 0.002600 -0.010090 -2.691151 442.109985
-17.102791 -11.271238 1.479271 0.014363 -0.014593 -2.722104 442.329987
-17.037840 -11.080287 1.482013 0.013265 -0.002446 -2.752757 442.549988
-16.975233 -10.883276 1.489650 0.031533 0.009031 -2.784929 442.779999
-16.925310 -10.683498 1.501709 0.043117 0.010004 -2.817289 443.010010
-16.890827 -10.484574 1.516453 0.044742 0.005866 -2.848642 443.230011
-16.867580 -10.286510 1.532281 0.027941 0.004892 -2.878593 443.440002
-16.850006 -10.081117 1.547526 -0.052294 0.022304 -2.909142 443.660004
-16.835972 -9.879291 1.561172 -0.108217 0.033134 -2.944085 443.929993
-16.809467 -9.678805 1.567699 0.109037 -0.057862 -3.009108 444.850006
-16.736269 -9.491983 1.565376 0.102896 -0.046130 -3.026541 445.239990
-16.666704 -9.300041 1.562739 0.063340 -0.026419 -3.039562 445.489990
-16.598551 -9.106104 1.560442 0.036821 -0.011924 -3.054242 445.709991
-16.532698 -8.913161 1.559788 0.031599 -0.007777 -3.071410 445.920013
-16.467627 -8.716045 1.560683 0.026620 -0.006334 -3.091420 446.130005
-16.403570 -8.517035 1.563024 0.025977 -0.006843 -3.114279 446.339996
-16.343092 -8.326311 1.566442 0.023608 -0.005623 -3.138537 446.540009
-16.283762 -8.135234 1.571364 0.023287 0.008038 3.118219 446.739990
-16.227530 -7.934431 1.578668 0.025903 0.020705 3.088306 446.950012
-16.181908 -7.732882 1.587870 0.011057 0.022901 3.056750 447.160004
-16.147602 -7.534869 1.598331 0.011047 0.020200 3.024147 447.369995
-16.121798 -7.331352 1.610618 0.016726 0.014362 2.989244 447.589996
-16.102757 -7.130462 1.623441 0.009381 0.006844 2.954263 447.809998
-16.087099 -6.925677 1.634929 0.012007 0.020324 2.917816 448.040009
-16.081127 -6.723532 1.638727 0.015062 0.044500 2.881478 448.269989
-16.093922 -6.519913 1.632614 0.005331 0.042527 2.845300 448.500000
-16.125420 -6.317327 1.617056 0.006474 0.036375 2.809775 448.730011
-16.169085 -6.117783 1.594056 0.016193 -0.014482 2.775616 448.959991
-16.201643 -5.914732 1.563802 0.046119 -0.062102 2.740390 449.200012
-16.194029 -5.714507 1.529701 0.039009 -0.069538 2.706506 449.440002
-16.143961 -5.520889 1.494445 0.031763 -0.055831 2.674389 449.679993
-16.060278 -5.335823 1.465335 0.033506 -0.049030 2.643150 449.920013
-15.953609 -5.164935 1.448428 0.035347 -0.037582 2.613868 450.149994
-15.833236 -5.005248 1.442846 0.022310 -0.023005 2.586208 450.369995
-15.703745 -4.849884 1.446437 0.028172 -0.011129 2.558450 450.589996
-15.569269 -4.694593 1.457131 0.022854 0.001362 2.530471 450.809998
-15.437186 -4.537684 1.471083 0.009244 0.037590 2.501912 451.029999
-15.322338 -4.374526 1.485282 0.013924 0.063530 2.472472 451.250000
-15.228438 -4.190370 1.498255 0.001521 0.055656 2.441121 451.480011
-15.159826 -3.996399 1.508195 0.008228 0.040593 2.409467 451.709991
-15.105787 -3.796891 1.514717 0.024539 -0.005814 2.377800 451.940002
-15.044467 -3.600286 1.518787 0.044300 -0.034212 2.345453 452.170013
-14.960544 -3.412010 1.520994 0.031636 -0.042032 2.313366 452.399994
-14.854733 -3.237114 1.521749 0.041574 -0.029177 2.281864 452.630005
-14.729951 -3.069985 1.521559 0.022489 -0.018587 2.250224 452.859985
-14.596978 -2.910821 1.519100 0.011543 0.003908 2.218617 453.089996
-14.466899 -2.754508 1.512380 0.020940 0.027696 2.187045 453.320007
-14.343544 -2.590996 1.501183 0.009976 0.026774 2.155358 453.549988
-14.229325 -2.421473 1.485883 0.014517 0.027279 2.123834 453.779999
-14.122429 -2.246308 1.467754 -0.005714 0.008269 2.092465 454.010010
-14.019768 -2.067473 1.448454 -0.071081 -0.040465 2.062729 454.260010
-13.923704 -1.892421 1.426988 -0.095428 -0.065320 2.025779 454.649994
-13.863092 -1.700365 1.450778 0.073696 0.084869 1.974402 455.489990
-13.805555 -1.507129 1.485584 0.060049 0.069730 1.955993 455.779999
-13.745847 -1.313438 1.517363 0.034156 0.039235 1.938200 456.010010
-13.685784 -1.122360 1.548054 0.025039 0.030909 1.920614 456.220001
-13.622345 -0.925077 1.578526 0.036157 0.004759 1.900379 456.429993
-13.547769 -0.730930 1.604619 0.060939 -0.036206 1.876696 456.640015
-13.449044 -0.552353 1.623890 0.060601 -0.056067 1.850594 456.850006
-13.318558 -0.390505 1.636042 0.047759 -0.053057 1.822244 457.070007
-13.167418 -0.254239 1.640942 0.041828 -0.034452 1.792754 457.290009
-13.001445 -0.136773 1.638105 0.039835 -0.033753 1.761527 457.510010
-12.822949 -0.036671 1.625728 0.044320 -0.032618 1.729377 457.730011
-12.640616 0.043663 1.605038 0.041046 -0.024806 1.698115 457.940002
-12.449033 0.112168 1.577097 0.035934 -0.013771 1.666345 458.149994
-12.251734 0.172899 1.544118 0.018855 -0.006842 1.634126 458.359985
-12.056190 0.228640 1.511038 -0.003354 0.011916 1.601727 458.570007
-11.862849 0.290457 1.486488 -0.010656 0.047598 1.567340 458.790009
-11.676272 0.375195 1.478039 -0.008678 0.061326 1.531867 459.019989
-11.502690 0.487104 1.488264 -0.000775 0.058503 1.496858 459.250000
-11.344288 0.614963 1.510421 0.011019 0.008512 1.464401 459.470001
-11.187477 0.739233 1.534626 0.048439 -0.055270 1.431504 459.690002
-11.004744 0.836700 1.555400 0.073205 -0.079883 1.395754 459.929993
-10.801580 0.880997 1.565657 0.073203 -0.068896 1.361702 460.170013
-10.598440 0.880633 1.565058 0.050020 -0.046300 1.331150 460.390015
-10.397929 0.855992 1.557212 0.026308 -0.024064 1.301858 460.600006
-10.199275 0.819705 1.544880 0.011130 -0.008432 1.272701 460.809998
-9.996898 0.778100 1.531133 0.016954 0.001793 1.242536 461.029999
-9.797286 0.736694 1.519681 0.016530 0.005535 1.212643 461.250000
-9.599652 0.697031 1.511795 0.013547 0.006365 1.183009 461.470001
-9.397052 0.658959 1.507066 0.001391 0.023754 1.152152 461.700012
-9.190146 0.633358 1.504623 0.000741 0.056389 1.119557 461.940002
-8.990014 0.634992 1.503370 0.006504 0.065431 1.088107 462.170013
-8.782701 0.663729 1.502283 0.011283 0.057637 1.056159 462.399994
-8.586482 0.708343 1.501006 0.005875 0.035409 1.026547 462.609985
-8.390077 0.762356 1.499191 -0.011219 0.001519 0.999063 462.820007
-8.192696 0.821380 1.496529 -0.053181 -0.059119 0.975006 463.049988
-7.998396 0.882765 1.493992 -0.087513 -0.114513 0.950691 463.380005
-7.801169 0.847328 1.489581 0.127436 0.043299 0.903778 464.230011
-7.613090 0.772624 1.490544 0.100291 0.041347 0.884474 464.510010
-7.418873 0.700212 1.490674 0.065774 0.029634 0.865345 464.730011
-7.222572 0.628822 1.491073 0.043907 0.007623 0.845234 464.929993
-7.030652 0.555722 1.492539 0.031237 -0.011327 0.824247 465.119995
-6.841841 0.475857 1.495301 0.012428 -0.022829 0.801486 465.309998
-6.654352 0.386259 1.499387 0.001402 -0.024554 0.775904 465.510010
-6.472846 0.288852 1.504908 0.013207 -0.014474 0.747265 465.720001
-6.292937 0.183058 1.512106 0.024590 -0.003626 0.715619 465.940002
-6.116265 0.073219 1.519984 0.023777 0.011054 0.682614 466.160004
-5.937694 -0.035349 1.524842 0.006205 0.039919 0.648357 466.380005
-5.752162 -0.130320 1.523858 -0.006326 0.052472 0.613001 466.600006
-5.559026 -0.204843 1.516444 -0.016304 0.041696 0.577734 466.820007
-5.362853 -0.259374 1.503108 -0.005875 0.040931 0.542458 467.040009
-5.163275 -0.299125 1.485636 -0.009171 0.014710 0.507868 467.260010
-4.959983 -0.331656 1.466793 0.007581 0.004055 0.472723 467.489990
-4.763399 -0.364720 1.450400 0.027683 0.010568 0.438258 467.720001
-4.567917 -0.405733 1.437914 0.025606 0.004712 0.404477 467.950012
-4.366118 -0.457941 1.429229 0.026347 0.015041 0.370676 468.190002
-4.171329 -0.514360 1.426127 0.010465 0.027566 0.339132 468.420013
-3.971646 -0.568412 1.429407 -0.000620 0.040484 0.308147 468.649994
-3.774072 -0.611617 1.437802 -0.010661 0.024863 0.279195 468.869995
-3.575682 -0.644873 1.450081 -0.007728 0.028714 0.250467 469.089996
-3.375636 -0.669779 1.465138 0.001897 0.021935 0.221987 469.309998
-3.176425 -0.694149 1.482534 0.049718 -0.011130 0.193234 469.529999
-2.971028 -0.746216 1.504536 0.084918 -0.029749 0.160366 469.769989
-2.793510 -0.836677 1.527021 0.072540 -0.036842 0.129747 470.000000
-2.637853 -0.961601 1.550383 0.055596 -0.018280 0.105768 470.230011
-2.495634 -1.104820 1.572269 -0.035154 0.025799 0.088824 470.459991
-2.336254 -1.230874 1.594028 -0.104433 0.063520 0.078879 470.709991
-2.141479 -1.289641 1.613746 -0.106514 0.053524 0.085423 470.980011
-1.935513 -1.271654 1.628845 -0.075521 0.054528 0.102407 471.239990
-1.740474 -1.213098 1.639412 -0.041205 0.030145 0.127179 471.470001
-1.550718 -1.138175 1.643262 -0.019277 0.029779 0.155340 471.690002
-1.358583 -1.055968 1.636860 -0.006206 0.028943 0.188020 471.910004
-1.173887 -0.976614 1.621337 0.002252 0.010166 0.221266 472.119995
-0.984140 -0.897092 1.595835 0.005002 0.016349 0.253798 472.339996
-0.796853 -0.822347 1.566565 0.011625 0.014917 0.280710 472.559998
-0.593465 -0.748719 1.540365 0.017422 0.025536 0.301149 472.799988
-0.394819 -0.686803 1.525784 0.016303 0.018578 0.310707 473.029999
-0.194389 -0.632927 1.522352 0.012040 0.021998 0.312426 473.260010
0.007868 -0.584397 1.528857 0.007175 0.015410 0.308019 473.489990
0.204369 -0.540555 1.540506 -0.000035 -0.058549 0.299226 473.720001
0.400866 -0.499857 1.556085 -0.008016 -0.115447 0.284869 474.019989
0.201509 -0.468592 1.566842 -0.041655 -0.120881 0.283948 474.839996
0.000228 -0.459743 1.560108 -0.024594 -0.063676 0.296329 475.040009
-0.207486 -0.449911 1.552870 -0.013414 -0.025084 0.313463 475.230011
-0.416352 -0.438804 1.547095 -0.007523 -0.007766 0.334800 475.420013
-0.619877 -0.426610 1.544444 -0.005894 -0.005840 0.359443 475.609985
-0.826643 -0.413171 1.545589 0.001605 0.003897 0.387930 475.809998
-1.032261 -0.399620 1.550764 0.000302 -0.000290 0.419985 476.019989
-1.237404 -0.386284 1.560217 -0.007976 -0.015408 0.455271 476.239990
-1.439839 -0.373472 1.572587 -0.014617 -0.022721 0.491716 476.459991
-1.644549 -0.359806 1.583158 -0.027979 -0.021804 0.528827 476.679993
-1.844089 -0.342090 1.588084 -0.029525 -0.014562 0.564092 476.890015
-2.044890 -0.318409 1.586955 -0.016867 -0.000298 0.598638 477.100006
-2.250292 -0.288489 1.579334 -0.022081 -0.005598 0.634635 477.320007
-2.452741 -0.253753 1.566608 -0.009281 -0.002007 0.669422 477.540009
-2.657660 -0.217029 1.551139 0.006581 -0.015386 0.704159 477.769989
-2.855901 -0.189354 1.536187 0.002383 -0.036097 0.737752 478.000000
-3.063318 -0.175657 1.522849 0.004556 -0.032571 0.771850 478.239990
-3.271443 -0.176737 1.512420 -0.010117 -0.035815 0.805053 478.480011
-3.475570 -0.187511 1.505134 -0.009638 -0.023867 0.835958 478.709991
-3.681475 -0.203429 1.499790 -0.016362 -0.019616 0.866457 478.940002
-3.888855 -0.220839 1.495731 -0.020406 -0.016873 0.896754 479.170013
-4.089793 -0.236945 1.493038 -0.025394 -0.018140 0.925855 479.390015
-4.294577 -0.251924 1.491511 -0.024953 -0.016966 0.955139 479.609985
-4.501650 -0.265872 1.491040 -0.012485 -0.007872 0.984252 479.829987
-4.706147 -0.278929 1.491089 -0.019177 -0.011516 1.013899 480.049988
-4.909988 -0.290658 1.492295 -0.025744 0.004047 1.043892 480.269989
-5.113091 -0.293428 1.497391 -0.041939 0.032441 1.074290 480.489990
-5.315498 -0.274444 1.507163 -0.035393 0.042477 1.105444 480.709991
-5.513882 -0.231594 1.520962 -0.029207 0.038267 1.137267 480.929993
-5.706831 -0.169528 1.537556 -0.015848 0.014152 1.169398 481.149994
-5.903227 -0.101386 1.552949 0.005386 -0.061717 1.201997 481.380005
-6.106016 -0.064302 1.563246 0.016599 -0.098783 1.235471 481.619995
-6.306037 -0.080712 1.565733 0.019832 -0.087496 1.269283 481.859985
-6.500062 -0.144460 1.560991 -0.002997 -0.072503 1.302802 482.100006
-6.685807 -0.237111 1.551701 -0.007030 -0.038808 1.334339 482.329987
-6.862886 -0.338774 1.540740 -0.021940 -0.015668 1.364265 482.549988
-7.042319 -0.440776 1.529345 -0.027702 -0.001686 1.393965 482.769989
-7.224872 -0.536312 1.518507 -0.022293 0.006661 1.423574 482.989990
-7.408494 -0.622849 1.508465 -0.031131 0.000993 1.453635 483.209991
-7.595076 -0.702310 1.499415 0.007370 0.013273 1.483113 483.429993
-7.780988 -0.776769 1.491206 0.078679 0.040511 1.514708 483.670013
-7.969478 -0.847893 1.483102 0.104362 0.043277 1.556915 484.079987
-8.169723 -0.846122 1.498865 -0.115233 -0.002757 1.602860 484.890015
-8.369312 -0.844775 1.516620 -0.093992 -0.004218 1.619414 485.170013
-8.575536 -0.848509 1.532572 -0.052767 -0.003703 1.635468 485.399994
-8.778847 -0.854868 1.547573 -0.036106 -0.000890 1.652578 485.609985
-8.986739 -0.862707 1.561961 -0.014632 -0.003530 1.672235 485.820007
-9.191506 -0.872365 1.574217 -0.017206 -0.007200 1.694310 486.029999
-9.392943 -0.885345 1.583750 -0.013181 -0.008817 1.718743 486.239990
-9.598889 -0.902963 1.590737 -0.012131 -0.007245 1.746412 486.459991
-9.799773 -0.923942 1.595266 -0.024995 -0.002610 1.776000 486.679993
-10.000355 -0.947634 1.597390 -0.020102 -0.011352 1.807114 486.899994
-10.199110 -0.977926 1.595339 -0.026887 -0.031063 1.839269 487.119995
-10.396049 -1.023153 1.588150 -0.034330 -0.037515 1.872213 487.339996
-10.592806 -1.086689 1.576009 -0.033272 -0.032916 1.905637 487.559998
-10.779812 -1.162732 1.561599 -0.026885 -0.037976 1.937961 487.769989
-10.962651 -1.254119 1.546934 -0.025206 -0.045092 1.970417 487.980011
-11.146775 -1.367533 1.533106 -0.007970 -0.037656 2.004126 488.200012
-11.311039 -1.487148 1.522055 -0.007812 -0.027286 2.036017 488.410004
-11.472409 -1.618978 1.513025 -0.017272 -0.017366 2.069010 488.630005
-11.628632 -1.754047 1.506873 -0.010281 0.020685 2.101578 488.850006
-11.793546 -1.879746 1.505043 0.008167 0.090342 2.136477 489.079987
-11.978623 -1.961767 1.508459 0.011683 0.116946 2.173274 489.320007
-12.184001 -1.983642 1.515935 0.008283 0.102081 2.209391 489.559998
-12.388363 -1.960371 1.525385 0.002368 0.074084 2.242326 489.779999
-12.592755 -1.913676 1.535508 -0.014928 0.030464 2.273591 489.989990
-12.790498 -1.866372 1.543601 -0.049942 -0.025995 2.304339 490.190002
-12.996534 -1.839858 1.548744 -0.065649 -0.058437 2.337308 490.399994
-13.204283 -1.851367 1.549599 -0.054501 -0.064381 2.370423 490.619995
-13.398726 -1.900415 1.545561 -0.052868 -0.043856 2.401762 490.839996
-13.584539 -1.978058 1.537480 -0.039479 -0.014919 2.432582 491.059998
-13.767826 -2.069349 1.525728 -0.017518 0.026326 2.463439 491.279999
-13.955859 -2.155444 1.511046 0.000780 0.045371 2.494993 491.500000
-14.149958 -2.224933 1.494376 0.013542 0.041109 2.526359 491.720001
-14.346532 -2.275381 1.476658 0.003469 0.036185 2.557372 491.940002
-14.545854 -2.313789 1.462193 -0.024905 0.012690 2.588154 492.160004
-14.746225 -2.356519 1.454880 -0.045311 -0.003112 2.619466 492.380005
-14.945673 -2.415497 1.455706 -0.049334 -0.007735 2.650904 492.600006
-15.133850 -2.489309 1.463442 -0.043737 -0.005315 2.680962 492.809998
-15.318477 -2.576807 1.476092 -0.023334 -0.008961 2.711286 493.019989
-15.495794 -2.671122 1.492058 -0.018648 0.001275 2.741190 493.230011
-15.676074 -2.772631 1.510730 -0.007023 0.001621 2.772464 493.450012
-15.853382 -2.874572 1.528780 0.051566 -0.047245 2.802326 493.679993
-16.026449 -2.975497 1.548425 0.124713 -0.112381 2.832716 494.000000
-16.041494 -3.175410 1.569898 -0.101186 -0.051149 2.895179 494.899994
-15.994149 -3.375265 1.580447 -0.082844 -0.035843 2.910261 495.179993
-15.948535 -3.578937 1.590302 -0.045048 -0.016911 2.924853 495.410004
-15.905720 -3.777987 1.600002 -0.029602 -0.008142 2.941330 495.619995
-15.864109 -3.980545 1.609857 -0.023787 -0.002394 2.960515 495.829987
-15.825249 -4.183521 1.619425 -0.024683 -0.000455 2.982376 496.040009
-15.789722 -4.386186 1.628210 -0.009971 0.002685 3.006505 496.250000
-15.757525 -4.584004 1.635957 -0.012739 0.001385 3.032745 496.459991
-15.726648 -4.786756 1.643127 -0.021317 -0.001929 3.062263 496.679993
-15.697702 -4.987809 1.648366 -0.010624 0.010997 3.093313 496.899994
-15.675505 -5.193505 1.647436 -0.023104 0.038987 3.127318 497.130005
-15.672962 -5.398944 1.637951 -0.017929 0.043012 -3.120740 497.359985
-15.691435 -5.603283 1.620501 -0.015419 0.036209 -3.085157 497.589996
-15.726464 -5.806086 1.596265 -0.024332 0.028496 -3.049300 497.820007
-15.770125 -6.001098 1.570721 -0.011981 0.011407 -3.015198 498.040009
-15.818629 -6.202244 1.549667 -0.023881 0.006083 -2.980218 498.269989
-15.865712 -6.404711 1.539317 -0.022572 0.000654 -2.945589 498.500000
-15.908607 -6.608036 1.540359 -0.020062 -0.000106 -2.911736 498.730011
-15.947042 -6.811290 1.551974 -0.030757 0.008166 -2.878488 498.959991
-15.981678 -7.010268 1.570686 -0.029362 0.010787 -2.846814 499.179993
-16.015877 -7.212445 1.591938 -0.005298 0.020416 -2.815371 499.399994
-16.056734 -7.410550 1.610196 0.004131 0.043463 -2.784051 499.619995
-16.113823 -7.603431 1.622644 0.012647 0.039917 -2.753103 499.839996
-16.190983 -7.797400 1.628577 0.006763 0.038269 -2.721031 500.070007
-16.278572 -7.977903 1.627933 -0.005433 0.039158 -2.690455 500.290009
-16.376575 -8.158940 1.622563 -0.013623 0.034910 -2.659812 500.510010
-16.476055 -8.334986 1.614417 -0.015720 0.027393 -2.630375 500.720001
-16.577932 -8.513252 1.605647 0.000988 0.022852 -2.600971 500.929993
-16.683830 -8.687682 1.599498 0.020652 0.030492 -2.571673 501.140015
-16.799667 -8.853364 1.597613 0.028637 0.022185 -2.542991 501.350006
-16.930845 -9.013717 1.600257 0.025869 0.020572 -2.513066 501.570007
-17.070108 -9.161916 1.607282 0.017148 0.028616 -2.482930 501.790009
-17.217318 -9.304423 1.617080 -0.004635 0.028304 -2.452863 502.010010
-17.364527 -9.450022 1.623734 -0.051788 0.014794 -2.422220 502.230011
-17.494619 -9.609664 1.622926 -0.075350 0.007566 -2.390421 502.450012
-17.598099 -9.788096 1.612985 -0.073409 0.008554 -2.358342 502.670013
-17.672930 -9.974421 1.595391 -0.055377 0.007316 -2.327212 502.880005
-17.728798 -10.167211 1.573124 -0.007593 -0.048248 -2.295223 503.089996
-17.771418 -10.365783 1.547137 0.037346 -0.099556 -2.263453 503.339996
-17.773422 -10.564831 1.512940 -0.096950 0.053433 -2.202997 504.140015
-17.683388 -10.747828 1.521494 -0.091151 0.062756 -2.180789 504.570007
-17.602398 -10.930861 1.531711 -0.063269 0.046294 -2.163426 504.820007
-17.521589 -11.120153 1.541525 -0.035015 0.027893 -2.145785 505.040009
-17.441788 -11.311105 1.551221 -0.026091 0.022729 -2.126976 505.250000
-17.365568 -11.496734 1.560098 -0.007277 0.007657 -2.106512 505.450012
-17.288618 -11.687343 1.568659 0.008915 0.012379 -2.082990 505.660004
-17.218567 -11.881003 1.577311 0.018209 0.038405 -2.055732 505.880005
-17.167156 -12.076041 1.585991 0.018418 0.046988 -2.026800 506.100006
-17.135258 -12.276950 1.594919 0.009939 0.049904 -1.996254 506.320007
-17.119112 -12.476624 1.603762 0.003608 0.039429 -1.965795 506.529999
-17.111633 -12.680632 1.612593 0.002637 0.017695 -1.934590 506.739990
-17.108351 -12.882215 1.621313 -0.003960 0.019426 -1.902777 506.950012
-17.106279 -13.091039 1.630030 0.000695 0.003701 -1.869523 507.170013
-17.108137 -13.299136 1.636017 0.060811 -0.007068 -1.838262 507.399994
-17.142181 -13.501283 1.635150 0.104462 0.003953 -1.812317 507.649994
-17.235464 -13.685074 1.625016 0.088649 -0.002171 -1.797752 507.910004
-17.368105 -13.839621 1.607709 0.002382 0.012109 -1.788430 508.160004
-17.496405 -13.992757 1.586728 -0.085424 0.040849 -1.781425 508.410004
-17.577839 -14.175324 1.564309 -0.099466 0.031311 -1.770041 508.670013
-17.597118 -14.380618 1.542232 -0.082420 0.038175 -1.757091 508.929993
-17.573412 -14.578824 1.523949 -0.049152 0.014606 -1.740329 509.160004
-17.526773 -14.779490 1.510521 -0.033410 0.009559 -1.721749 509.390015
-17.466251 -14.977405 1.504568 -0.025769 0.018853 -1.700338 509.619995
-17.400436 -15.166349 1.505605 -0.014286 0.013124 -1.676598 509.839996
-17.328531 -15.361783 1.512763 -0.011023 0.023795 -1.649275 510.070007
-17.259125 -15.549555 1.523406 0.000895 -0.000675 -1.620956 510.290009
-17.188967 -15.739902 1.535194 0.028550 -0.074569 -1.591415 510.529999
-17.005033 -15.661928 1.570448 -0.053583 -0.102724 -1.528125 511.480011
-16.921709 -15.472419 1.576807 -0.029828 -0.053374 -1.517072 511.700012
-16.838062 -15.284832 1.583000 -0.015824 -0.025115 -1.504947 511.899994
-16.752836 -15.095789 1.589387 -0.007056 -0.008797 -1.491011 512.099976
-16.668888 -14.911386 1.595760 -0.007761 -0.010186 -1.475060 512.299988
-16.582287 -14.722681 1.602345 -0.003761 -0.005856 -1.456257 512.510010
-16.498404 -14.540190 1.608549 -0.003528 -0.006102 -1.435299 512.719971
-16.413465 -14.355145 1.614753 -0.012055 -0.017992 -1.410893 512.940002
-16.328930 -14.170849 1.620543 -0.011729 -0.018126 -1.384288 513.159973
-16.244682 -13.986657 1.622052 -0.013159 -0.014268 -1.355892 513.380005
-16.160009 -13.803679 1.615152 -0.020766 -0.018292 -1.325867 513.599976
-16.073454 -13.621101 1.599609 -0.009723 -0.006430 -1.295275 513.820007
-15.983076 -13.434337 1.574541 -0.019479 -0.014904 -1.262117 514.049988
-15.895030 -13.256228 1.544325 -0.011483 -0.007200 -1.230098 514.270020
-15.802319 -13.075499 1.514187 -0.021502 0.025058 -1.196241 514.500000
-15.694418 -12.904478 1.493393 -0.047981 0.037537 -1.160719 514.739990
-15.561972 -12.752157 1.486266 -0.038428 0.034969 -1.125233 514.979980
-15.408156 -12.615894 1.492460 -0.044554 0.022301 -1.089560 515.219971
-15.243079 -12.492391 1.508598 -0.043097 0.009611 -1.055405 515.450012
-15.073273 -12.374548 1.530345 -0.028801 -0.005762 -1.022781 515.669983
-14.911100 -12.257917 1.552122 0.000345 -0.059467 -0.992257 515.880005
-14.763783 -12.119554 1.572119 0.012028 -0.099689 -0.961383 516.099976
-14.649477 -11.946627 1.587255 0.010937 -0.101130 -0.928626 516.330017
-14.577691 -11.755197 1.595679 0.003097 -0.080373 -0.896965 516.549988
-14.535242 -11.556201 1.599068 0.007796 -0.043975 -0.867011 516.760010
-14.509164 -11.354032 1.599039 0.003872 -0.018756 -0.837516 516.969971
-14.490277 -11.146708 1.595586 -0.009947 -0.013621 -0.807242 517.190002
-14.473627 -10.942161 1.588816 -0.020113 -0.014323 -0.777199 517.409973
-14.456356 -10.738093 1.579379 -0.012252 -0.006115 -0.747518 517.630005
-14.438068 -10.537435 1.567919 -0.019720 -0.009364 -0.717655 517.849976
-14.417929 -10.337964 1.555093 -0.022012 0.002636 -0.687772 518.070007
-14.388464 -10.132654 1.539683 -0.038918 0.037839 -0.656382 518.299988
-14.334796 -9.934179 1.521736 -0.038270 0.050844 -0.624337 518.530029
-14.252927 -9.745619 1.501669 -0.027695 0.045197 -0.591706 518.760010
-14.148554 -9.567391 1.479747 -0.034448 0.032604 -0.558645 518.989990
-14.032708 -9.401551 1.458952 -0.017638 0.029967 -0.526939 519.210022
-13.905631 -9.243943 1.442975 -0.012825 0.044567 -0.495083 519.429993
-13.764371 -9.098759 1.434135 -0.006443 0.043059 -0.462949 519.650024
-13.610962 -8.967031 1.432320 -0.004183 0.033995 -0.430989 519.869995
-13.449613 -8.846514 1.436915 -0.015781 0.030641 -0.398996 520.090027
-13.282730 -8.732403 1.445464 0.021832 -0.007382 -0.367729 520.309998
-13.113531 -8.621205 1.455850 0.078427 -0.056251 -0.337762 520.559998
-12.941598 -8.518065 1.473411 -0.067525 0.073636 -0.274992 521.309998
-12.761184 -8.427678 1.490943 -0.089195 0.093466 -0.250531 521.760010
-12.584352 -8.334252 1.503203 -0.057325 0.058945 -0.232076 522.000000
-12.404454 -8.237013 1.514410 -0.030537 0.031607 -0.214805 522.210022
-12.225725 -8.139284 1.525578 -0.017636 0.021040 -0.197016 522.409973
-12.045744 -8.040930 1.536008 -0.009477 0.017615 -0.177093 522.609985
-11.866559 -7.944565 1.544592 -0.007503 0.020268 -0.154840 522.809998
-11.688368 -7.851270 1.550696 0.001977 0.005646 -0.130520 523.010010
-11.507014 -7.758653 1.554410 0.000713 0.007694 -0.103232 523.219971
-11.322565 -7.666844 1.555798 -0.006270 0.017645 -0.072949 523.440002
-11.140371 -7.577905 1.555472 -0.003766 0.008219 -0.041491 523.659973
-10.956318 -7.487404 1.553432 -0.023390 -0.010141 -0.008251 523.890015
-10.779665 -7.384126 1.548400 -0.066397 -0.021084 0.027100 524.130005
-10.624891 -7.252424 1.539904 -0.075817 -0.019269 0.062962 524.369995
-10.496410 -7.095335 1.528813 -0.068063 -0.008875 0.097171 524.599976
-10.387964 -6.921044 1.519122 -0.061834 -0.011644 0.130653 524.820007
-10.298067 -6.737072 1.514343 -0.052630 -0.014472 0.162642 525.030029
-10.222372 -6.541885 1.514735 -0.024997 -0.019847 0.194496 525.239990
-10.160225 -6.346144 1.520347 -0.019185 -0.009839 0.225533 525.450012
-10.107086 -6.152783 1.530720 -0.017863 0.000876 0.256256 525.659973
-10.056217 -5.953982 1.544051 0.015388 0.004623 0.287953 525.880005
-9.996155 -5.755098 1.554672 0.050540 0.051083 0.323205 526.119995
-9.901218 -5.576506 1.555746 0.054078 0.079597 0.358800 526.369995
-9.765409 -5.427124 1.545701 0.039687 0.076179 0.390928 526.609985
-9.607866 -5.301601 1.528768 0.016245 0.048773 0.419434 526.830017
-9.442457 -5.185367 1.509713 -0.011770 0.033310 0.447521 527.039978
-9.274405 -5.064769 1.490880 -0.023751 0.012901 0.476348 527.250000
-9.113864 -4.938986 1.474211 -0.017220 -0.001378 0.503167 527.460022
-8.956892 -4.807497 1.462084 0.009188 0.012919 0.525363 527.679993
-8.793652 -4.677707 1.457546 0.027317 0.026772 0.540334 527.909973
-8.628566 -4.564389 1.461075 0.031004 0.033594 0.546118 528.130005
-8.451144 -4.460921 1.470926 0.026170 0.034690 0.544438 528.349976
-8.272414 -4.369514 1.484097 0.016965 0.014588 0.537262 528.559998
-8.084968 -4.281054 1.498122 -0.009390 0.004840 0.528014 528.780029
-7.898916 -4.187219 1.506979 -0.045876 0.015130 0.519595 529.010010
-7.727374 -4.076192 1.507019 -0.052779 0.010168 0.515671 529.239990
-7.572610 -3.945736 1.497899 -0.045953 0.013314 0.513310 529.469971
-7.431307 -3.799314 1.481156 -0.027068 0.022178 0.509968 529.700012
-7.293591 -3.644481 1.462470 0.017857 0.033335 0.504723 529.929993
-7.151405 -3.502940 1.448028 0.042343 0.037787 0.496823 530.150024
-6.992974 -3.377487 1.438946 0.044922 0.022578 0.485823 530.369995
-6.822901 -3.271334 1.435503 0.035796 0.027670 0.474781 530.590027
-6.644356 -3.180407 1.436485 0.022048 -0.017305 0.462369 530.809998
-6.458369 -3.099061 1.440047 0.007612 -0.092007 0.449498 531.059998
-6.269364 -3.030523 1.446668 -0.013140 -0.089485 0.433407 531.520020
-6.236138 -2.830044 1.470687 -0.093922 0.063300 0.446580 532.289978
-6.218344 -2.626523 1.485377 -0.070507 0.058637 0.472134 532.559998
-6.194493 -2.423012 1.498488 -0.047127 0.045458 0.499209 532.780029
-6.167265 -2.221685 1.510803 -0.024534 0.017346 0.527480 532.979980
-6.140306 -2.017232 1.524329 -0.026324 0.000172 0.557767 533.179993
-6.119653 -1.813744 1.539328 -0.022304 -0.011798 0.590215 533.380005
-6.107941 -1.605483 1.555988 -0.013484 -0.017745 0.625493 533.590027
-6.106177 -1.396953 1.574455 -0.020700 -0.004269 0.663011 533.809998
-6.111353 -1.193089 1.591519 -0.014185 0.018661 0.700798 534.030029
-6.113892 -0.989110 1.601888 -0.002063 0.040978 0.738649 534.250000
-6.104059 -0.783319 1.603491 0.012491 0.032459 0.775780 534.469971
-6.080260 -0.580652 1.596358 0.011027 0.032694 0.811956 534.690002
-6.043956 -0.380734 1.581704 0.004487 0.030547 0.847121 534.909973
-5.998919 -0.182726 1.562092 0.005631 0.015166 0.880803 535.130005
-5.949139 0.009929 1.541066 0.003091 0.024655 0.913375 535.349976
-5.891295 0.209527 1.520541 0.000860 0.026442 0.946234 535.580017
-5.831324 0.400010 1.503785 0.000297 0.018897 0.975350 535.799988
-5.766364 0.596904 1.489291 -0.004108 0.026715 1.001392 536.030029
-5.699521 0.794452 1.478489 0.004592 0.018442 1.021891 536.260010
-5.628514 0.989101 1.472724 0.020663 0.026544 1.036673 536.489990
-5.545824 1.179778 1.472638 0.025519 0.036963 1.046037 536.719971
-5.451965 1.361525 1.477252 0.022284 0.039159 1.050383 536.940002
-5.350137 1.536120 1.484829 0.015648 0.030020 1.051040 537.150024
-5.241570 1.709322 1.494139 0.008285 0.011328 1.049152 537.359985
-5.132339 1.877260 1.504290 0.002841 0.019555 1.045782 537.570007
-5.018814 2.050051 1.514899 -0.000961 -0.016642 1.040997 537.789978
-4.907761 2.219011 1.524056 -0.003954 -0.093207 1.035259 538.030029
-4.943010 2.018930 1.575983 0.019487 -0.100295 1.004630 539.030029
-5.018965 1.826237 1.589673 0.009655 -0.042493 0.992562 539.219971
-5.092911 1.637517 1.603240 0.010854 -0.011803 0.978236 539.400024
-5.166726 1.440987 1.614472 0.023613 0.001447 0.960563 539.590027
-5.230752 1.248704 1.620093 0.030004 0.004750 0.940545 539.780029
-5.285343 1.051180 1.619415 0.021106 0.015982 0.917676 539.979980
-5.329467 0.852660 1.611462 0.020858 0.004705 0.890907 540.190002
-5.364993 0.651002 1.596762 0.014347 -0.002047 0.861125 540.409973
-5.395876 0.447129 1.577735 -0.032128 0.005390 0.830881 540.640015
-5.445562 0.247273 1.558130 -0.124820 -0.013803 0.803188 540.900024
-5.576974 0.090682 1.542316 -0.142428 -0.034792 0.783101 541.200012
-5.768478 0.016527 1.534360 -0.104993 -0.037474 0.776449 541.460022
-5.972399 -0.017048 1.531392 -0.056517 -0.021512 0.778891 541.679993
-6.171959 -0.036220 1.531576 -0.002788 -0.024238 0.789548 541.880005
-6.379611 -0.062568 1.535042 0.054246 -0.045134 0.807452 542.090027
-6.573984 -0.116073 1.541317 0.079432 -0.041892 0.832751 542.299988
-6.753932 -0.206650 1.549317 0.073824 -0.031153 0.865024 542.520020
-6.915484 -0.331976 1.558684 0.048190 -0.039491 0.901334 542.750000
-7.061456 -0.481299 1.568855 0.022017 -0.042389 0.940864 542.979980
-7.196646 -0.639044 1.578896 0.003554 -0.035218 0.980459 543.200012
-7.326241 -0.795775 1.586970 -0.008859 -0.027926 1.018797 543.409973
-7.458720 -0.953095 1.591649 -0.015698 -0.023690 1.057068 543.619995
-7.595239 -1.108312 1.592316 -0.014864 -0.014691 1.094721 543.830017
-7.733601 -1.258818 1.591050 -0.012418 -0.010886 1.131515 544.039978
-7.872242 -1.404269 1.590556 -0.012872 -0.017650 1.167368 544.250000
-8.017719 -1.553197 1.592238 -0.004871 -0.006789 1.203150 544.469971
-8.159902 -1.697372 1.596608 -0.008865 -0.017053 1.237619 544.690002
-8.301092 -1.840114 1.603815 -0.011967 -0.015727 1.270683 544.909973
-8.449881 -1.985225 1.611386 -0.041496 0.017950 1.303638 545.140015
-8.608398 -2.109487 1.616014 -0.068928 0.031910 1.335384 545.369995
-8.787618 -2.204472 1.616151 -0.071442 0.028694 1.367048 545.599976
-8.979764 -2.270907 1.611820 -0.057006 0.018737 1.397345 545.820007
-9.176242 -2.319993 1.603025 -0.026222 -0.013906 1.426595 546.030029
-9.374932 -2.370670 1.588905 0.000693 -0.046900 1.455061 546.239990
-9.566138 -2.437344 1.569792 0.018891 -0.052971 1.483289 546.450012
-9.750967 -2.527797 1.545397 0.017369 -0.049336 1.513015 546.669983
-9.920250 -2.636626 1.517687 0.003002 -0.042877 1.542863 546.890015
-10.079426 -2.759078 1.489510 -0.004289 -0.026242 1.572707 547.109985
-10.232837 -2.887845 1.464234 -0.020076 -0.017876 1.602623 547.330017
-10.387236 -3.018803 1.443526 -0.029818 -0.013360 1.632774 547.549988
-10.547099 -3.150282 1.427650 -0.035487 -0.012225 1.663393 547.770020
-10.706511 -3.276080 1.416315 -0.023377 -0.005606 1.692795 547.979980
-10.865548 -3.397857 1.407751 0.043828 0.026289 1.721984 548.190002
-11.027515 -3.520192 1.400778 0.098215 0.051600 1.756990 548.450012
-11.183261 -3.645836 1.401508 -0.092767 -0.072251 1.814156 549.270020
-11.311903 -3.804941 1.415587 -0.089127 -0.064838 1.833914 549.679993
-11.438629 -3.961947 1.426428 -0.070460 -0.049312 1.848194 549.929993
-11.564776 -4.117862 1.435900 -0.044384 -0.023235 1.862603 550.140015
-11.694278 -4.272994 1.446374 -0.033284 0.018087 1.879131 550.340027
-11.832374 -4.418882 1.459764 -0.035888 0.041823 1.898990 550.539978
-11.988981 -4.553242 1.476771 -0.020506 0.046598 1.922706 550.750000
-12.153727 -4.666158 1.496415 -0.023736 0.038206 1.949018 550.960022
-12.333674 -4.766432 1.519383 -0.018819 0.024056 1.978771 551.179993
-12.516757 -4.854639 1.543450 -0.007230 0.010603 2.009882 551.400024
-12.704530 -4.939325 1.563964 -0.016758 -0.001836 2.043464 551.630005
-12.889486 -5.023980 1.573143 -0.031860 -0.009161 2.078110 551.859985
-13.075807 -5.115269 1.568780 -0.034443 -0.010667 2.113439 552.090027
-13.256183 -5.210448 1.552755 -0.037332 -0.007369 2.147573 552.309998
-13.430322 -5.307528 1.529628 -0.011358 -0.012089 2.180172 552.520020
-13.604364 -5.413267 1.503570 0.001299 -0.050598 2.212973 552.739990
-13.762177 -5.537830 1.480088 -0.009413 -0.074657 2.246609 552.969971
-13.896404 -5.693410 1.462638 -0.006813 -0.065538 2.281050 553.210022
-14.003157 -5.870999 1.453063 -0.021367 -0.049145 2.314765 553.450012
-14.090065 -6.057454 1.450576 -0.016027 -0.021380 2.346276 553.679993
-14.172475 -6.247333 1.453078 -0.025760 0.032784 2.377691 553.909973
-14.270657 -6.425775 1.459425 -0.031717 0.062466 2.409106 554.140015
-14.396056 -6.585498 1.467713 -0.019636 0.060080 2.440967 554.369995
-14.545019 -6.725626 1.476674 -0.029103 0.050672 2.472981 554.599976
-14.706355 -6.847952 1.485120 -0.016464 0.029460 2.503892 554.820007
-14.875993 -6.962514 1.492960 -0.016317 0.017516 2.534488 555.039978
-15.048537 -7.072598 1.499481 -0.021978 0.020262 2.565207 555.260010
-15.225374 -7.180359 1.504207 -0.023155 0.021542 2.596266 555.479980
-15.398948 -7.281891 1.507089 -0.025643 0.022310 2.626284 555.690002
-15.577295 -7.383129 1.508547 -0.024573 0.020235 2.656714 555.900024
-15.758507 -7.484195 1.508973 -0.002907 0.004044 2.687553 556.109985
-15.933968 -7.580791 1.508874 0.009965 0.004008 2.718003 556.320007
-16.117481 -7.676648 1.509168 -0.002339 0.023165 2.751214 556.549988
-16.302185 -7.764216 1.510713 -0.013622 0.031558 2.784046 556.780029
-16.493629 -7.848545 1.513304 -0.028323 0.021022 2.816810 557.010010
-16.680853 -7.934124 1.515688 -0.039067 0.011040 2.848247 557.229980
-16.867041 -8.029660 1.517080 -0.004218 -0.025969 2.880014 557.450012
-17.045181 -8.132383 1.517058 0.056608 -0.076831 2.909738 557.690002
-17.213898 -8.241914 1.515715 0.084717 -0.090033 2.948439 558.090027
-17.185858 -8.440054 1.545464 -0.106567 -0.027351 2.993037 558.909973
-17.145555 -8.634928 1.572973 -0.090424 -0.016123 3.007504 559.179993
-17.112211 -8.832133 1.597901 -0.054702 -0.012146 3.022348 559.400024
-17.079145 -9.035944 1.618164 -0.032925 -0.022898 3.039727 559.609985
-17.041916 -9.234809 1.630985 -0.021599 -0.028985 3.058603 559.809998
-16.996389 -9.433743 1.636253 -0.016097 -0.028908 3.079946 560.010010
-16.942606 -9.630321 1.634300 -0.013474 -0.024301 3.103717 560.210022
-16.882484 -9.822950 1.626684 -0.001817 -0.014435 3.129510 560.409973
-16.816446 -10.017026 1.615965 -0.002966 -0.005599 -3.124749 560.619995
-16.747969 -10.211988 1.605895 -0.017520 -0.002115 -3.092913 560.840027
-16.681734 -10.403851 1.599425 -0.011973 0.001000 -3.060129 561.059998
-16.615866 -10.600884 1.597256 -0.021982 0.000566 -3.025095 561.289978
-16.552488 -10.798190 1.599846 -0.019869 -0.000112 -2.989704 561.520020
-16.490599 -10.993690 1.605319 0.000345 -0.017835 -2.955174 561.750000
-16.418947 -11.185996 1.612356 -0.012494 -0.051273 -2.919930 561.989990
-16.323393 -11.368169 1.619526 -0.022728 -0.059785 -2.884753 562.229980
-16.204672 -11.536764 1.625754 -0.026969 -0.050313 -2.851396 562.460022
-16.070862 -11.694844 1.630694 -0.015965 -0.028429 -2.819897 562.679993
-15.930920 -11.848666 1.631689 -0.005476 0.037775 -2.787835 562.900024
-15.808008 -12.010866 1.624899 -0.014668 0.095516 -2.753988 563.130005
-15.728546 -12.194974 1.608554 -0.004185 0.094441 -2.718888 563.369995
-15.698425 -12.392803 1.584068 -0.006828 0.077159 -2.684222 563.609985
-15.705449 -12.592783 1.558525 -0.010844 0.063235 -2.651148 563.840027
-15.735914 -12.792665 1.536868 -0.012214 0.045996 -2.619427 564.059998
-15.778258 -12.987869 1.520616 -0.005526 0.022893 -2.589353 564.270020
-15.828295 -13.190692 1.508668 -0.013838 0.019596 -2.558171 564.489990
-15.879881 -13.393270 1.501510 -0.018393 0.015655 -2.526999 564.710022
-15.928390 -13.595785 1.499871 -0.030607 -0.021304 -2.495995 564.929993
-15.957701 -13.794287 1.506321 -0.060308 -0.048918 -2.464962 565.150024
-15.950100 -13.998243 1.521403 -0.052090 -0.056655 -2.432793 565.380005
-15.905943 -14.193361 1.540016 -0.012402 -0.015056 -2.402478 565.609985
-15.853274 -14.386578 1.556883 0.028107 0.057245 -2.369370 565.849976
-15.833793 -14.586615 1.568397 0.046230 0.069380 -2.335743 566.099976
-15.862685 -14.787239 1.571963 0.037336 0.072211 -2.302614 566.349976
-15.930299 -14.984160 1.568900 0.021523 0.061076 -2.271196 566.590027
-16.016108 -15.170692 1.563207 0.008020 0.048497 -2.241992 566.809998
-16.109587 -15.353434 1.556987 0.001207 0.022087 -2.213878 567.020020
-16.205105 -15.535127 1.551024 -0.003965 0.015209 -2.185593 567.229980
-16.298508 -15.714339 1.546115 -0.006329 0.010040 -2.157160 567.440002
-16.390181 -15.895093 1.541917 -0.000093 -0.060297 -2.128240 567.659973
-16.478561 -16.076134 1.537547 0.006384 -0.110591 -2.095874 567.940002
-16.630026 -16.210857 1.542031 0.094642 0.082858 -2.054137 568.919983
-16.828926 -16.245687 1.557425 0.071765 0.079202 -2.079700 569.250000
-17.030012 -16.290564 1.570694 0.038240 0.049643 -2.109130 569.489990
-17.225229 -16.338833 1.582720 0.021557 0.035435 -2.138846 569.700012
-17.426991 -16.392462 1.594983 0.015136 0.028548 -2.171825 569.909973
-17.621290 -16.446959 1.606422 0.008571 0.019656 -2.205600 570.109985
-17.813421 -16.503658 1.616033 -0.012508 0.020018 -2.240746 570.309998
-18.007011 -16.570156 1.622075 -0.028577 0.031125 -2.278516 570.520020
-18.190376 -16.650196 1.623307 -0.032841 0.021492 -2.315611 570.729980
-18.369467 -16.747164 1.619446 -0.026279 0.022489 -2.354075 570.950012
-18.538467 -16.855026 1.611362 -0.015142 0.028431 -2.391796 571.169983
-18.702013 -16.970369 1.600728 -0.017255 -0.000582 -2.426285 571.390015
-18.865223 -17.098829 1.588531 -0.046679 0.007700 -2.457610 571.630005
-19.007113 -17.241796 1.577135 -0.054204 0.015304 -2.478303 571.869995
-19.129427 -17.404520 1.567464 -0.043592 0.014913 -2.486938 572.109985
-19.237328 -17.582701 1.559902 -0.032341 0.026203 -2.484355 572.349976
-19.333988 -17.763802 1.554386 -0.016980 0.005064 -2.471102 572.580017
-19.423054 -17.945625 1.550254 -0.021911 0.017921 -2.450082 572.809998
-19.507038 -18.131607 1.546937 -0.024543 0.026980 -2.421822 573.039978
-19.585135 -18.317265 1.544313 -0.023559 0.032460 -2.389297 573.260010
-19.662621 -18.511305 1.541879 -0.016553 0.025070 -2.352619 573.479980
-19.735249 -18.699434 1.539861 -0.004442 0.008440 -2.315433 573.690002
-19.809221 -18.891825 1.539298 0.000359 0.019958 -2.275534 573.909973
-19.885149 -19.081116 1.541237 0.002207 0.019082 -2.235320 574.130005
-19.963491 -19.267206 1.545451 0.002478 0.015952 -2.195697 574.349976
-20.046999 -19.457876 1.551932 0.000067 0.027086 -2.155227 574.580017
-20.129091 -19.640102 1.559416 -0.002893 0.015820 -2.117961 574.799988
-20.213224 -19.829422 1.566804 -0.018682 0.023525 -2.080594 575.030029
-20.290604 -20.023186 1.572297 -0.027776 0.028611 -2.044496 575.260010
-20.355606 -20.216679 1.575240 -0.027047 0.031793 -2.010986 575.479980
-20.409967 -20.409386 1.575866 -0.021398 0.033259 -1.979774 575.690002
-20.458950 -20.608862 1.574663 -0.014085 0.031204 -1.949917 575.900024
-20.504879 -20.813051 1.571948 -0.007147 0.027981 -1.923785 576.109985
-20.547802 -21.009361 1.565493 0.003653 0.021400 -1.903470 576.309998
-20.592663 -21.204006 1.551757 0.012483 0.020402 -1.887814 576.510010
-20.644735 -21.405098 1.528031 0.015424 0.021797 -1.876156 576.719971
-20.702873 -21.603054 1.495144 0.013753 0.022958 -1.868930 576.929993
-20.766300 -21.798668 1.454956 0.009789 0.013428 -1.865597 577.140015
-20.831379 -21.986492 1.413203 0.003861 -0.055047 -1.865693 577.349976
-20.899649 -22.173401 1.368450 -0.002593 -0.109405 -1.868471 577.609985
-20.839571 -21.980726 1.389024 -0.006365 -0.088268 -1.843059 578.890015
-20.771818 -21.789202 1.426777 -0.006885 -0.064309 -1.822729 579.109985
-20.703959 -21.598726 1.464312 -0.005764 -0.039761 -1.800366 579.309998
-20.637108 -21.412437 1.499705 -0.004671 -0.018858 -1.776225 579.500000
-20.566580 -21.218243 1.533019 -0.006379 -0.013691 -1.748228 579.700012
-20.496059 -21.028248 1.560260 -0.007510 -0.015529 -1.718186 579.900024
-20.425102 -20.841475 1.581090 -0.007970 -0.019948 -1.686553 580.099976
-20.350323 -20.647694 1.596184 -0.002740 -0.008012 -1.652475 580.309998
-20.277325 -20.459284 1.604645 -0.004788 -0.012283 -1.617828 580.520020
-20.202175 -20.266048 1.607670 -0.009060 -0.022569 -1.581383 580.739990
-20.126677 -20.072496 1.606324 -0.011329 -0.028163 -1.545071 580.960022
-20.053644 -19.884800 1.602513 -0.011994 -0.028536 -1.510748 581.169983
-19.980091 -19.695108 1.597031 -0.011712 -0.007257 -1.477359 581.380005
-19.901047 -19.501913 1.588597 -0.030543 0.002516 -1.443126 581.599976
-19.812304 -19.317394 1.577179 -0.042115 -0.000037 -1.409744 581.820007
-19.709442 -19.139162 1.563253 -0.037330 -0.002315 -1.377258 582.039978
-19.596369 -18.965601 1.549265 -0.008500 -0.015148 -1.345486 582.260010
-19.486292 -18.792543 1.538981 0.007848 -0.039813 -1.314285 582.479980
-19.389822 -18.612608 1.533714 0.020504 -0.036292 -1.283295 582.700012
-19.311541 -18.427708 1.533293 0.013925 -0.036540 -1.252761 582.919983
-19.246040 -18.229410 1.537438 0.005153 -0.030046 -1.221218 583.150024
-19.191563 -18.029854 1.543748 -0.003653 0.000577 -1.190266 583.380005
-19.135052 -17.830769 1.548691 -0.037461 0.005829 -1.158659 583.619995
-19.063284 -17.638273 1.550183 -0.036585 0.010873 -1.127847 583.859985
-18.974518 -17.451986 1.547616 -0.041036 0.002223 -1.096658 584.099976
-18.875372 -17.275028 1.541646 -0.031581 -0.008950 -1.066571 584.330017
-18.770384 -17.095266 1.533413 -0.013629 -0.033354 -1.036173 584.559998
-18.676979 -16.915934 1.524687 -0.001542 -0.042366 -1.007074 584.780029
-18.597843 -16.729513 1.515849 0.006144 -0.036010 -0.977799 585.000000
-18.533855 -16.539543 1.507481 -0.007301 -0.036292 -0.948228 585.219971
-18.480362 -16.344542 1.500182 -0.009078 -0.019409 -0.918430 585.440002
-18.430819 -16.149223 1.495778 -0.026768 0.003523 -0.888283 585.659973
-18.373623 -15.957013 1.495432 -0.041789 0.013074 -0.857801 585.880005
-18.301702 -15.767163 1.498555 -0.029190 0.013276 -0.827031 586.099976
-18.215536 -15.572933 1.503009 -0.023716 -0.005073 -0.794418 586.330017
-18.130739 -15.387426 1.506843 -0.015214 -0.014943 -0.763241 586.549988
-18.048027 -15.196975 1.509151 0.058379 0.009341 -0.731365 586.780029
-17.972610 -15.008472 1.510304 0.124611 0.037757 -0.693764 587.070007
-17.905897 -14.818384 1.529622 -0.114964 -0.034965 -0.640347 587.969971
-17.837345 -14.625873 1.561288 -0.098274 -0.029612 -0.623532 588.299988
-17.768894 -14.431680 1.591023 -0.057994 -0.017723 -0.608822 588.539978
-17.702969 -14.242753 1.619260 -0.035637 -0.009617 -0.592912 588.750000
-17.635355 -14.048503 1.647522 -0.014468 -0.003593 -0.574296 588.960022
-17.568607 -13.856649 1.670810 -0.018258 -0.004450 -0.552947 589.169983
-17.502745 -13.666755 1.686590 -0.018682 -0.005316 -0.529077 589.380005
-17.435211 -13.469863 1.694571 -0.008819 -0.003987 -0.501905 589.599976
-17.370380 -13.277725 1.694867 -0.015335 -0.003034 -0.472708 589.820007
-17.303211 -13.081417 1.688513 -0.007762 0.025122 -0.440314 590.049988
-17.226246 -12.896390 1.676358 -0.018384 0.054108 -0.406387 590.280029
-17.121832 -12.716689 1.659544 -0.012231 0.051641 -0.369964 590.520020
-16.999857 -12.556762 1.641091 -0.019662 0.044481 -0.334610 590.750000
-16.860304 -12.403491 1.621709 -0.015714 0.027601 -0.298882 590.979980
-16.719746 -12.261424 1.603095 -0.006842 -0.005634 -0.265703 591.200012
-16.581398 -12.115346 1.582446 -0.032958 -0.024972 -0.231792 591.429993
-16.453856 -11.952518 1.559235 -0.031010 -0.031972 -0.196784 591.669983
-16.346327 -11.778160 1.535183 -0.025320 -0.032295 -0.162974 591.909973
-16.261457 -11.595342 1.516108 -0.037477 -0.055355 -0.129990 592.150024
-16.208281 -11.398718 1.507142 -0.043400 -0.058658 -0.097922 592.390015
-16.188026 -11.195051 1.508985 -0.043705 -0.046380 -0.067803 592.619995
-16.190464 -10.988008 1.519265 -0.038391 -0.029437 -0.039028 592.840027
-16.205013 -10.784172 1.534274 -0.013077 -0.012120 -0.011349 593.049988
-16.223715 -10.583323 1.550363 -0.017350 0.008710 0.016732 593.260010
-16.238806 -10.375334 1.565167 -0.022771 0.021129 0.046444 593.479980
-16.244442 -10.168364 1.576079 -0.008481 0.020275 0.076394 593.700012
-16.240807 -9.965985 1.582515 -0.019900 0.019726 0.106570 593.919983
-16.229509 -9.764467 1.584887 -0.015302 0.012690 0.137038 594.140015
-16.213829 -9.564793 1.584020 -0.018190 0.008817 0.167488 594.359985
-16.195452 -9.357067 1.580698 -0.026736 0.009105 0.199495 594.590027
-16.176159 -9.155886 1.575886 -0.021751 0.026292 0.230358 594.809998
-16.148338 -8.952281 1.569496 -0.015255 0.043890 0.261850 595.030029
-16.105270 -8.748104 1.561671 0.003320 0.034077 0.293737 595.250000
-16.048609 -8.549950 1.552786 -0.001406 0.033781 0.325608 595.469971
-15.980453 -8.356308 1.543292 -0.009642 0.030897 0.357660 595.690002
-15.904756 -8.164360 1.533618 -0.011773 0.009359 0.389604 595.909973
-15.830571 -7.974552 1.523601 -0.030170 0.002590 0.421384 596.130005
-15.764461 -7.781625 1.512987 -0.037919 0.001574 0.453210 596.349976
-15.708483 -7.582711 1.501755 -0.037958 0.005046 0.484983 596.570007
-15.663326 -7.386854 1.490602 -0.028725 0.005144 0.515524 596.780029
-15.623445 -7.182870 1.479110 0.031257 -0.041738 0.546255 597.000000
-15.590214 -6.984899 1.467636 0.078224 -0.077184 0.576291 597.260010
-15.477454 -6.816517 1.476246 0.048083 0.114506 0.612371 598.169983
-15.276614 -6.773706 1.505922 0.027149 0.100511 0.580988 598.500000
-15.074980 -6.724380 1.533148 0.010619 0.061939 0.548543 598.739990
-14.879544 -6.672401 1.558620 0.000321 0.038824 0.518874 598.950012
-14.679413 -6.614372 1.582910 -0.020760 0.026239 0.491795 599.159973
-14.482963 -6.546245 1.602287 -0.039573 0.023736 0.470134 599.369995
-14.294727 -6.462946 1.615106 -0.040745 0.010626 0.456212 599.580017
-14.118501 -6.366493 1.620971 -0.032652 0.008173 0.449784 599.789978
-13.945486 -6.255570 1.620944 -0.022526 0.022207 0.451325 600.010010
-13.777378 -6.136914 1.616326 -0.012878 0.015845 0.461853 600.229980
-13.613590 -6.015381 1.607340 -0.007393 0.015841 0.479405 600.450012
-13.453053 -5.893447 1.594367 -0.004569 0.023097 0.502496 600.669983
-13.293460 -5.771392 1.578770 -0.001694 0.010763 0.528571 600.890015
-13.130666 -5.647125 1.560519 0.006343 0.012872 0.554477 601.119995
-12.968783 -5.528260 1.541747 0.012606 0.030452 0.575290 601.349976
-12.800814 -5.413458 1.523622 0.012775 0.020447 0.588618 601.580017
-12.628691 -5.303668 1.506228 0.010120 0.028549 0.595466 601.809998
-12.451237 -5.196025 1.489905 0.001208 0.030674 0.596713 602.039978
-12.280480 -5.089534 1.478465 -0.058663 0.004884 0.595598 602.260010
-12.125370 -4.958366 1.475387 -0.106722 -0.012369 0.596421 602.489990
-12.009380 -4.785454 1.482274 -0.107440 -0.016041 0.600303 602.729980
-11.941693 -4.588896 1.494371 -0.055886 -0.007163 0.607569 602.960022
-11.897539 -4.390184 1.503197 0.002661 0.029987 0.618313 603.179993
-11.845131 -4.194252 1.505356 0.035815 0.042627 0.634127 603.400024
-11.766989 -4.001261 1.498753 0.044310 0.042077 0.654727 603.630005
-11.663328 -3.822514 1.482831 0.034887 0.043112 0.679651 603.859985
-11.545354 -3.661727 1.462175 0.008750 0.001871 0.705287 604.080017
-11.424774 -3.502666 1.442348 -0.047028 -0.005145 0.735891 604.309998
-11.324128 -3.329612 1.429166 -0.072930 0.000641 0.770713 604.549988
-11.256236 -3.137305 1.425431 -0.071891 0.012609 0.807295 604.789978
-11.217143 -2.932894 1.429923 -0.049349 0.018047 0.844054 605.020020
-11.192958 -2.725499 1.440346 -0.010033 0.029569 0.879620 605.239990
-11.166915 -2.524393 1.455204 0.015708 0.036916 0.913670 605.450012
-11.128190 -2.325353 1.472852 0.028013 0.023723 0.946826 605.659973
-11.072908 -2.124891 1.492835 0.025589 0.028743 0.981397 605.880005
-11.003462 -1.930239 1.513504 0.016921 0.030743 1.014913 606.099976
-10.923014 -1.738798 1.532447 0.032876 0.017648 1.044381 606.320007
-10.828861 -1.557385 1.545380 0.063155 0.015268 1.066956 606.539978
-10.711981 -1.392655 1.550244 0.065073 0.004941 1.079778 606.760010
-10.573982 -1.247666 1.547134 0.052290 0.003024 1.083740 606.979980
-10.413577 -1.113823 1.536872 0.038397 0.015870 1.078730 607.210022
-10.251076 -0.996653 1.522827 0.001600 -0.036313 1.064473 607.429993
-10.081239 -0.885945 1.505557 -0.037626 -0.092726 1.043721 607.690002
-9.916002 -0.772447 1.486470 -0.031773 0.100875 1.004970 608.469971
-9.849935 -0.578420 1.513668 -0.021528 0.106145 1.032820 608.919983
-9.783354 -0.382694 1.539246 -0.010381 0.085117 1.060759 609.179993
-9.717059 -0.194898 1.562654 -0.002152 0.058418 1.084911 609.390015
-9.646456 -0.004130 1.584171 0.020959 0.028651 1.105726 609.590027
-9.566775 0.184684 1.602191 0.044632 0.020197 1.122058 609.789978
-9.472836 0.364431 1.615250 0.048188 0.005174 1.131890 609.989990
-9.360351 0.538260 1.623129 0.040265 -0.000800 1.135749 610.200012
-9.238011 0.696810 1.625865 0.030538 0.010668 1.132937 610.409973
-9.102684 0.852087 1.624536 0.016612 -0.007994 1.121813 610.630005
-8.960768 0.998921 1.620988 0.037125 -0.011555 1.103403 610.859985
-8.805409 1.129914 1.617497 0.056180 0.001805 1.077414 611.099976
-8.633304 1.239341 1.615611 0.046084 -0.000333 1.044709 611.340027
-8.448138 1.330553 1.615784 0.039453 0.018426 1.008765 611.580017
-8.259314 1.409435 1.617847 0.020744 0.007696 0.970843 611.809998
-8.068443 1.480018 1.618095 0.037045 -0.016951 0.932057 612.039978
-7.868637 1.531120 1.611445 0.064504 -0.020405 0.891211 612.280029
-7.661869 1.550040 1.596311 0.052243 -0.023663 0.850088 612.520020
-7.461076 1.540971 1.574138 0.048548 -0.005982 0.812374 612.750000
-7.257869 1.513782 1.547192 0.000812 -0.023358 0.774973 612.979980
-7.060625 1.476739 1.519079 -0.065613 -0.060908 0.740216 613.229980
-6.868706 1.430420 1.486923 -0.059207 -0.053156 0.690671 613.710022
-6.741720 1.270819 1.474535 0.131800 0.017987 0.652404 614.469971
-6.606509 1.114745 1.474097 0.091237 0.016742 0.636896 614.729980
-6.470747 0.964895 1.472689 0.046929 0.011513 0.621806 614.940002
-6.332528 0.816040 1.471170 0.019370 0.016745 0.605508 615.140015
-6.190287 0.673026 1.472025 -0.024271 0.059832 0.586073 615.340027
-6.024785 0.546916 1.478703 -0.047799 0.093141 0.560758 615.559998
-5.835996 0.465601 1.491963 -0.053355 0.078504 0.533694 615.789978
-5.635799 0.432082 1.511274 -0.036743 0.065720 0.503999 616.020020
-5.435737 0.432300 1.534368 -0.018667 0.034555 0.474135 616.239990
-5.235799 0.445439 1.557226 0.036663 -0.023415 0.442899 616.460022
-5.031743 0.436556 1.577410 0.088132 -0.057163 0.405526 616.700012
-4.840353 0.369954 1.589928 0.102457 -0.052522 0.367284 616.950012
-4.673494 0.247520 1.593171 0.086384 -0.031234 0.331233 617.190002
-4.530410 0.098131 1.590133 0.046629 -0.018257 0.297234 617.409973
-4.401662 -0.059888 1.583906 0.028729 -0.001978 0.265059 617.619995
-4.276872 -0.222479 1.576405 0.022754 0.010759 0.233121 617.830017
-4.151952 -0.385331 1.569101 0.009930 0.011213 0.201388 618.039978
-4.027426 -0.543816 1.562518 0.004965 0.011393 0.170299 618.250000
-3.897580 -0.703516 1.556840 0.014513 0.017829 0.138249 618.469971
-3.766462 -0.859419 1.552610 0.003786 0.007848 0.107658 618.690002
-3.631849 -1.012128 1.550158 -0.071806 0.018235 0.080641 618.919983
-3.467360 -1.132023 1.551105 -0.166372 0.042077 0.057622 619.200012
-3.264210 -1.111889 1.554703 -0.153773 0.040217 0.054478 619.520020
-3.094374 -0.990719 1.558043 -0.099688 0.027691 0.067345 619.770020
-2.949441 -0.846004 1.561492 -0.049431 0.014630 0.084403 619.979980
-2.813458 -0.693965 1.565644 -0.013032 0.016100 0.101215 620.179993
-2.677339 -0.544080 1.568805 0.041480 0.033936 0.117395 620.380005
-2.525388 -0.408900 1.568899 0.077961 0.049912 0.131892 620.590027
-2.349159 -0.305186 1.564374 0.080920 0.034121 0.139901 620.809998
-2.151665 -0.238329 1.554255 0.061860 0.033123 0.143199 621.039978
-1.953459 -0.204424 1.541130 0.045927 0.025551 0.139362 621.260010
-1.750343 -0.192985 1.529749 0.057407 0.018506 0.128809 621.479980
-1.545575 -0.207167 1.523746 0.058473 0.013348 0.111382 621.700012
-1.342654 -0.246519 1.523927 0.044518 0.004227 0.089337 621.919983
-1.145523 -0.304525 1.529989 0.029972 0.013343 0.068359 622.140015
-0.951638 -0.371300 1.539000 -0.022557 0.022280 0.050567 622.359985
-0.757723 -0.424272 1.547200 -0.067451 0.032832 0.038857 622.580017
-0.552315 -0.444591 1.552514 -0.073640 0.016716 0.036481 622.809998
-0.349402 -0.427165 1.553290 -0.061586 0.023729 0.040889 623.039978
-0.147265 -0.379708 1.549890 -0.038166 0.010179 0.054276 623.270020
0.044931 -0.316183 1.543476 -0.003190 -0.066650 0.074355 623.500000
0.234020 -0.239319 1.533269 0.024294 -0.105550 0.102673 623.809998
0.033927 -0.221279 1.547388 -0.010287 -0.099567 0.170559 624.940002
-0.169214 -0.241309 1.561377 -0.010016 -0.065760 0.184265 625.169983
-0.374876 -0.259727 1.575356 -0.007054 -0.029735 0.198998 625.380005
-0.574321 -0.276086 1.589215 -0.006392 -0.014862 0.215471 625.580017
-0.780721 -0.291177 1.603238 -0.007439 -0.010555 0.235236 625.789978
-0.982751 -0.303582 1.616124 -0.010064 -0.019882 0.257638 626.000000
-1.182791 -0.313503 1.627641 -0.004928 -0.007860 0.281971 626.210022
-1.387107 -0.322169 1.638090 -0.006997 -0.016474 0.309692 626.429993
-1.589035 -0.329681 1.647341 -0.005913 -0.017485 0.339129 626.650024
-1.788887 -0.336877 1.655468 -0.003400 -0.011992 0.369682 626.869995
-1.993863 -0.344768 1.662952 0.000786 -0.026680 0.402710 627.099976
-2.199776 -0.358673 1.667813 0.022574 -0.041104 0.436549 627.330017
-2.399274 -0.388205 1.668928 0.032061 -0.036315 0.470058 627.549988
-2.596810 -0.436377 1.666505 0.029072 -0.024236 0.503967 627.770020
-2.788551 -0.499271 1.661047 0.016105 -0.032260 0.537197 627.989990
-2.977912 -0.572467 1.653702 0.009847 -0.014076 0.570291 628.210022
-3.169227 -0.653301 1.645208 0.007892 -0.012969 0.603880 628.440002
-3.353917 -0.737143 1.637918 0.005117 -0.029770 0.636776 628.669983
-3.537891 -0.826814 1.632841 0.005552 -0.020464 0.669209 628.900024
-3.719566 -0.920743 1.629754 -0.000368 -0.027484 0.701038 629.130005
-3.902051 -1.018436 1.628443 -0.002383 -0.024374 0.732469 629.359985
-4.084221 -1.118964 1.627162 0.014581 -0.020113 0.763411 629.590027
-4.259628 -1.226715 1.623356 0.026965 -0.032790 0.794213 629.820007
-4.427907 -1.349536 1.615910 0.026535 -0.041304 0.825354 630.049988
-4.584378 -1.483157 1.605138 0.019264 -0.040688 0.855755 630.270020
-4.731178 -1.622628 1.592183 0.012561 -0.019532 0.885236 630.479980
-4.872612 -1.763944 1.578159 -0.024418 0.017813 0.914431 630.690002
-5.025443 -1.896020 1.564497 -0.085006 0.039868 0.945023 630.919983
-5.208168 -1.986151 1.553500 -0.104672 0.037500 0.978713 631.169983
-5.410180 -2.018290 1.546693 -0.092303 0.023009 1.012086 631.409973
-5.616897 -2.012785 1.543158 -0.058404 0.013998 1.042324 631.630005
-5.823552 -1.989260 1.541453 -0.033474 0.008838 1.071086 631.840027
-6.021449 -1.958264 1.540691 -0.026509 0.001557 1.098947 632.039978
-6.227805 -1.921902 1.540039 -0.005161 -0.000225 1.128225 632.250000
-6.427318 -1.886076 1.538951 -0.010357 -0.005034 1.157729 632.460022
-6.630938 -1.850626 1.537358 -0.012723 -0.007402 1.188830 632.679993
-6.838333 -1.817554 1.534735 0.020326 -0.028457 1.220490 632.909973
-7.039253 -1.804845 1.530635 0.039568 -0.086495 1.251127 633.150024
-7.238407 -1.848405 1.523782 0.032477 -0.107351 1.285754 633.409973
-7.417843 -1.953957 1.514501 0.015258 -0.088539 1.320782 633.659973
-7.570929 -2.084678 1.504875 -0.017983 -0.031692 1.352098 633.880005
-7.727723 -2.221635 1.495716 -0.054192 0.020614 1.382033 634.099976
-7.898044 -2.338791 1.488093 -0.053339 0.045950 1.411855 634.320007
-8.081222 -2.425942 1.481577 -0.048531 0.046506 1.442952 634.539978
-8.274766 -2.484885 1.475944 -0.040041 0.034139 1.474619 634.760010
-8.472116 -2.522994 1.470824 0.034201 0.031300 1.504922 634.979980
-8.675635 -2.548729 1.465802 0.103328 0.027925 1.538671 635.250000
-8.864450 -2.617075 1.479146 -0.064469 -0.103632 1.597802 636.119995
-8.969843 -2.788565 1.506571 -0.062894 -0.083923 1.616638 636.469971
-9.077291 -2.958093 1.531661 -0.051755 -0.063123 1.631791 636.710022
-9.188417 -3.129253 1.555939 -0.037082 -0.041290 1.647662 636.919983
-9.302768 -3.302085 1.577522 -0.027599 -0.024351 1.665601 637.119995
-9.415492 -3.468601 1.593336 -0.023131 -0.015351 1.685149 637.309998
-9.530211 -3.633658 1.603263 -0.008283 -0.000395 1.706494 637.500000
-9.648860 -3.800554 1.607126 -0.002848 0.004417 1.731015 637.700012
-9.769386 -3.966488 1.604793 -0.008795 -0.002024 1.758627 637.909973
-9.893058 -4.132050 1.596138 -0.014190 0.016623 1.789292 638.130005
-10.025144 -4.290351 1.579558 -0.038815 0.029846 1.822901 638.359985
-10.171000 -4.430750 1.556349 -0.033409 0.030905 1.857407 638.590027
-10.330051 -4.554277 1.528126 -0.036422 0.021469 1.892696 638.820007
-10.501002 -4.666779 1.496567 -0.027989 0.011210 1.928291 639.049988
-10.677635 -4.770987 1.466740 -0.003459 0.034766 1.963512 639.280029
-10.862715 -4.857353 1.443365 -0.013765 0.064561 2.000354 639.520020
-11.066024 -4.912086 1.429543 -0.010098 0.058660 2.038162 639.770020
-11.271265 -4.934685 1.425832 -0.019611 0.048442 2.073867 640.010010
-11.477862 -4.937857 1.429338 -0.015866 0.028680 2.107864 640.239990
-11.678217 -4.933438 1.436644 -0.015339 -0.012498 2.139030 640.460022
-11.880940 -4.938967 1.447276 -0.044349 -0.045707 2.171132 640.690002
-12.078154 -4.974648 1.459449 -0.057502 -0.051920 2.202800 640.919983
-12.272589 -5.045848 1.471747 -0.052813 -0.040906 2.233819 641.150024
-12.456768 -5.140932 1.482950 -0.033765 -0.025136 2.263444 641.369995
-12.628505 -5.243674 1.492204 0.002882 0.017966 2.292134 641.580017
-12.804958 -5.338978 1.500673 0.020261 0.071763 2.323569 641.799988
-12.995578 -5.402268 1.508311 0.030388 0.076461 2.355626 642.030029
-13.201655 -5.424957 1.514826 0.021093 0.068532 2.388516 642.270020
-13.406645 -5.413581 1.520451 0.007845 0.051890 2.420269 642.500000
-13.608050 -5.384089 1.525262 0.003646 0.025509 2.450404 642.719971
-13.807384 -5.345987 1.528141 0.016559 0.025909 2.480535 642.940002
-14.001478 -5.296481 1.526348 0.030844 0.035895 2.510476 643.159973
-14.190062 -5.229451 1.518914 0.032060 0.024083 2.539257 643.380005
-14.378646 -5.143444 1.505798 0.013007 0.018081 2.569094 643.609985
-14.562024 -5.054060 1.492324 -0.052345 0.002793 2.599219 643.840027
-14.758314 -4.988326 1.483461 -0.090160 -0.004703 2.632152 644.080017
-14.965436 -4.969685 1.481890 -0.089195 -0.000668 2.665539 644.320007
-15.164888 -4.992079 1.486705 -0.069257 0.005174 2.696698 644.539978
-15.359443 -5.039434 1.495448 -0.054318 -0.022568 2.728154 644.750000
-15.554156 -5.114199 1.505963 -0.066382 -0.046823 2.760527 644.969971
-15.730638 -5.220634 1.515406 -0.055908 -0.052195 2.792319 645.190002
-15.885162 -5.354079 1.522310 -0.042187 -0.040573 2.823138 645.409973
-16.020596 -5.505282 1.526653 -0.038162 -0.018775 2.853507 645.630005
-16.143826 -5.666015 1.528720 0.020679 -0.026606 2.883776 645.849976
-16.261772 -5.835346 1.528340 0.091134 -0.044537 2.914904 646.109985
-16.374432 -6.001458 1.526463 -0.001238 0.068904 2.974952 646.809998
-16.568855 -6.031505 1.564863 -0.047134 0.100362 3.001112 647.340027
-16.770079 -6.074838 1.599400 -0.040686 0.078338 3.017980 647.609985
-16.978052 -6.126610 1.633712 -0.029016 0.054363 3.035493 647.840027
-17.174345 -6.179161 1.665709 -0.019331 0.038084 3.053143 648.039978
-17.365768 -6.232485 1.695453 -0.014245 0.001275 3.072239 648.229980
-17.559309 -6.292583 1.720664 -0.044240 -0.028331 3.094498 648.429993
-17.743149 -6.371030 1.736194 -0.070410 -0.035236 3.120458 648.640015
-17.917965 -6.484293 1.739424 -0.060908 -0.038099 -3.131462 648.869995
-18.065731 -6.621459 1.729472 -0.039314 -0.010784 -3.100010 649.099976
-18.200563 -6.768833 1.709581 0.019081 0.033280 -3.066683 649.330017
-18.351833 -6.906658 1.682799 0.052256 0.055338 -3.030416 649.570007
-18.526348 -7.012983 1.653376 0.054762 0.045804 -2.995568 649.809998
-18.711348 -7.086071 1.625171 0.024204 0.035423 -2.962429 650.039978
-18.906612 -7.146792 1.600417 -0.016596 0.033042 -2.928680 650.270020
-19.097534 -7.211883 1.581673 -0.035989 0.030717 -2.896038 650.489990
-19.288771 -7.292884 1.567473 -0.039319 0.030457 -2.863309 650.710022
-19.470081 -7.386008 1.557430 -0.030658 0.015982 -2.831672 650.919983
-19.643616 -7.489314 1.551462 -0.042001 -0.023501 -2.800078 651.130005
-19.807156 -7.613915 1.552188 -0.075977 -0.025577 -2.767158 651.359985
-19.940130 -7.766872 1.559765 -0.044422 -0.052583 -2.731369 651.599976
-20.040295 -7.943912 1.571150 0.026237 -0.090369 -2.695357 651.880005
-19.839560 -7.914792 1.615365 0.015712 -0.114040 -2.677533 652.780029
-19.672054 -7.802043 1.627803 0.011427 -0.061446 -2.692528 652.989990
-19.499411 -7.684608 1.640055 0.008963 -0.025453 -2.712819 653.190002
-19.326908 -7.565378 1.652276 0.001458 -0.007403 -2.737858 653.390015
-19.159298 -7.450097 1.662771 -0.016197 -0.008287 -2.766674 653.590027
-18.985870 -7.339412 1.671112 -0.025679 -0.019920 -2.800094 653.799988
-18.809666 -7.241246 1.676609 -0.025331 -0.027904 -2.836042 654.010010
-18.627796 -7.154304 1.679570 -0.018215 -0.033168 -2.873659 654.219971
-18.440256 -7.075654 1.680192 -0.012504 -0.015428 -2.912198 654.429993
-18.253551 -7.003884 1.676682 -0.000061 -0.012771 -2.950298 654.640015
-18.061567 -6.931254 1.666750 0.011842 -0.021369 -2.989490 654.859985
-17.870634 -6.855814 1.650471 0.016520 -0.025419 -3.027686 655.080017
-17.678772 -6.775529 1.628686 0.017990 -0.028216 -3.064803 655.299988
-17.493738 -6.694427 1.604574 0.007926 -0.019381 -3.098938 655.510010
-17.308990 -6.613980 1.581720 -0.013479 -0.024063 -3.132079 655.719971
-17.122929 -6.542692 1.563728 -0.023684 -0.032819 3.118812 655.929993
-16.923239 -6.482591 1.551474 -0.022621 -0.036523 3.085609 656.150024
-16.726810 -6.438677 1.546156 -0.014465 -0.039101 3.054476 656.359985
-16.524872 -6.404658 1.546058 -0.010593 -0.020206 3.023803 656.570007
-16.324133 -6.377638 1.549292 -0.004476 -0.006072 2.994069 656.780029
-16.112244 -6.351494 1.552869 0.013443 -0.005939 2.962504 657.010010
-15.907306 -6.321015 1.553261 0.025102 -0.011546 2.931670 657.239990
-15.706018 -6.281742 1.549394 0.021691 -0.006612 2.901809 657.469971
-15.508573 -6.234566 1.541035 0.025579 -0.019034 2.871847 657.700012
-15.309993 -6.180488 1.529017 0.016409 -0.014650 2.842481 657.929993
-15.112260 -6.122947 1.514859 0.020608 -0.007479 2.813075 658.159973
-14.917568 -6.059330 1.501066 0.039583 -0.007038 2.783249 658.390015
-14.723597 -5.982549 1.489345 0.031003 0.001836 2.753771 658.619995
-14.541776 -5.898404 1.480574 0.030921 -0.001724 2.725021 658.840027
-14.362701 -5.805867 1.473947 0.028620 -0.006849 2.695810 659.059998
-14.185064 -5.707963 1.469089 0.014450 -0.004222 2.666612 659.280029
-14.010740 -5.609296 1.465406 0.023157 -0.012876 2.636723 659.500000
-13.835198 -5.509442 1.462217 0.025788 -0.019602 2.606355 659.719971
-13.654819 -5.409042 1.458420 0.026362 -0.023995 2.575507 659.940002
-13.476911 -5.314054 1.453660 0.014163 -0.017670 2.545901 660.150024
-13.297775 -5.222589 1.447517 0.009423 -0.012359 2.516053 660.359985
-13.111805 -5.130970 1.439667 0.015844 -0.011813 2.484506 660.580017
-12.927144 -5.041991 1.432313 0.009991 -0.007774 2.453104 660.799988
-12.745437 -4.955854 1.428105 0.021080 -0.010557 2.421628 661.020020
-12.563703 -4.870489 1.428158 0.013917 -0.007289 2.390433 661.239990
-12.375290 -4.782740 1.432581 0.021933 -0.008244 2.357901 661.469971
-12.186479 -4.695002 1.440619 0.017743 -0.006258 2.325553 661.700012
-12.002435 -4.609825 1.449504 -0.055112 0.013711 2.294147 661.929993
-11.816791 -4.525554 1.458543 -0.103775 0.027196 2.256905 662.229980
-11.721730 -4.348947 1.475388 0.074256 0.094390 2.194224 663.169983
-11.725926 -4.147251 1.483514 0.067100 0.073913 2.176064 663.469971
-11.721727 -3.944716 1.490399 0.041197 0.039863 2.159023 663.700012
-11.712724 -3.742763 1.497092 0.026666 0.025524 2.142396 663.909973
-11.700885 -3.535284 1.503651 0.009765 0.024628 2.123691 664.119995
-11.691613 -3.326649 1.508777 -0.005408 0.030948 2.102468 664.330017
-11.690973 -3.118026 1.511767 -0.010903 0.033648 2.078746 664.539978
-11.701018 -2.909266 1.512375 -0.009503 0.033214 2.052697 664.750000
-11.720426 -2.700385 1.510972 -0.007009 0.023829 2.024668 664.960022
-11.745764 -2.494625 1.508093 -0.001274 -0.005011 1.995521 665.169983
-11.767705 -2.292434 1.505962 0.056583 -0.056638 1.963446 665.390015
-11.749313 -2.092137 1.508344 0.102692 -0.082174 1.924324 665.640015
-11.650507 -1.916546 1.516408 0.090873 -0.069093 1.883691 665.909973
-11.496479 -1.786118 1.528985 0.080054 -0.034048 1.847678 666.159973
-11.325110 -1.683798 1.543474 0.050772 -0.004059 1.815518 666.380005
-11.149434 -1.586421 1.556964 -0.015970 0.053407 1.784067 666.590027
-10.985944 -1.467698 1.568093 -0.064685 0.094961 1.748796 666.809998
-10.857664 -1.304640 1.574352 -0.077994 0.083618 1.713765 667.049988
-10.783879 -1.110951 1.574072 -0.060959 0.072435 1.679297 667.289978
-10.752782 -0.912169 1.569179 -0.038444 0.040814 1.649149 667.510010
-10.742161 -0.706319 1.560939 -0.006466 0.006149 1.619361 667.729980
-10.734380 -0.497987 1.548987 0.036059 0.008330 1.587837 667.960022
-10.709966 -0.295958 1.533952 0.056154 0.021637 1.556635 668.190002
-10.659510 -0.094825 1.516284 0.052562 0.025651 1.524952 668.419983
-10.588771 0.098421 1.497719 0.037169 0.020480 1.494191 668.640015
-10.507927 0.280719 1.481247 0.022336 0.003185 1.464813 668.849976
-10.416682 0.463401 1.470005 0.019693 0.012270 1.435051 669.070007
-10.320127 0.641155 1.467515 0.018120 0.023731 1.405306 669.289978
-10.218324 0.819224 1.474039 0.015300 0.030643 1.375263 669.510010
-10.116951 0.992190 1.487402 0.010034 0.025602 1.346172 669.719971
-10.013961 1.165564 1.505052 0.012350 0.004121 1.317011 669.929993
-9.904498 1.339345 1.526285 0.031752 0.006345 1.286592 670.150024
-9.786177 1.502989 1.548908 0.036608 0.004859 1.255612 670.369995
-9.657257 1.655488 1.571321 0.031900 0.006425 1.224708 670.590027
-9.513394 1.804739 1.594050 0.026735 0.019175 1.192753 670.820007
-9.368161 1.943141 1.613086 0.024523 0.013706 1.161948 671.039978
-9.216628 2.075397 1.620283 0.044396 0.002857 1.131018 671.260010
-9.054620 2.194237 1.609346 0.049819 -0.004732 1.099567 671.479980
-8.882615 2.295454 1.580601 0.038804 -0.010112 1.067998 671.700012
-8.705582 2.379873 1.535892 0.033663 0.003439 1.037189 671.919983
-8.524514 2.453262 1.480013 0.018756 0.002963 1.006054 672.140015
-8.343889 2.519811 1.417123 0.013870 0.013637 0.975383 672.359985
-8.163903 2.584322 1.351048 0.003839 0.007828 0.944889 672.580017
-7.984893 2.648891 1.288011 -0.033697 -0.052184 0.915904 672.809998
-7.803564 2.714668 1.223913 -0.051664 -0.086579 0.882479 673.130005
-7.635529 2.608563 1.265190 0.108552 -0.007180 0.827116 674.099976
-7.515705 2.455079 1.339440 0.087862 0.001554 0.811857 674.380005
-7.392765 2.309724 1.406527 0.047041 0.004602 0.796920 674.599976
-7.264152 2.163903 1.473757 0.033988 0.005149 0.779953 674.809998
-7.136648 2.023464 1.538173 0.023237 0.001243 0.761235 675.010010
-7.002390 1.875855 1.596744 0.018153 -0.015411 0.739119 675.219971
-6.873791 1.725477 1.638495 0.022092 -0.026736 0.714620 675.429993
-6.748655 1.562082 1.662246 0.008606 -0.026203 0.686924 675.650024
-6.635461 1.395647 1.666958 0.018871 -0.020525 0.657348 675.869995
-6.530191 1.225465 1.656559 0.017694 -0.013096 0.626332 676.090027
-6.425747 1.045902 1.635146 0.017533 -0.005428 0.592837 676.320007
-6.323713 0.867729 1.607413 0.019174 0.018425 0.558597 676.549988
-6.214155 0.695606 1.576740 0.022057 0.043038 0.523677 676.780029
-6.087314 0.533824 1.545898 0.012699 0.043261 0.488171 677.010010
-5.944451 0.384413 1.516016 0.015572 0.038206 0.452765 677.239990
-5.796123 0.250667 1.489841 0.011018 0.024885 0.419165 677.460022
-5.642017 0.123366 1.470190 0.018832 0.018962 0.386063 677.679993
-5.484146 -0.002195 1.459513 0.022680 0.013676 0.353149 677.900024
-5.325221 -0.128473 1.457363 0.014418 0.004683 0.320705 678.119995
-5.169413 -0.254493 1.462378 0.023807 0.011057 0.288924 678.340027
-5.013587 -0.383148 1.472759 0.022546 0.014756 0.258321 678.559998
-4.856081 -0.510592 1.486331 -0.038488 0.038086 0.231578 678.780029
-4.685377 -0.614300 1.502146 -0.087360 0.066895 0.209864 679.010010
-4.485475 -0.666088 1.518498 -0.089714 0.045116 0.200135 679.260010
-4.280214 -0.659986 1.530828 -0.039642 0.030784 0.195852 679.510010
-4.080983 -0.628591 1.538591 0.007042 0.035691 0.191964 679.750000
-3.874716 -0.597902 1.543181 0.026637 0.023438 0.186967 679.989990
-3.672801 -0.580546 1.544860 0.032670 0.028329 0.179936 680.219971
-3.465591 -0.577399 1.544310 0.030203 0.012037 0.168782 680.450012
-3.260374 -0.590094 1.540387 0.059360 -0.005346 0.153724 680.679993
-3.063671 -0.631063 1.531730 0.075617 -0.007205 0.134406 680.909973
-2.876713 -0.706321 1.518377 0.056631 -0.016185 0.110415 681.140015
-2.703229 -0.805028 1.504519 0.004664 0.008789 0.085601 681.369995
-2.526391 -0.904719 1.497157 -0.039350 0.044620 0.059202 681.609985
-2.338368 -0.977010 1.499670 -0.051331 0.039092 0.036218 681.849976
-2.139147 -1.016592 1.511601 -0.043383 0.042060 0.016242 682.090027
-1.937575 -1.029540 1.530010 -0.029846 0.026098 0.001576 682.320007
-1.733404 -1.025458 1.549498 -0.037037 0.011049 -0.008055 682.549988
-1.533373 -1.003228 1.564258 -0.043610 0.021292 -0.011424 682.780029
-1.334548 -0.961339 1.571839 -0.034302 0.012648 -0.006392 683.010010
-1.138974 -0.904573 1.572112 -0.022709 0.014588 0.005591 683.239990
-0.946361 -0.839508 1.567272 -0.009432 0.020726 0.024231 683.469971
-0.753272 -0.772584 1.560235 -0.002153 0.032201 0.048780 683.700012
-0.555688 -0.707381 1.553042 0.002654 0.021937 0.078061 683.929993
-0.356624 -0.645880 1.546829 0.003012 0.029716 0.110908 684.159973
-0.163014 -0.590075 1.542200 0.003150 0.004287 0.144256 684.380005
0.035862 -0.534709 1.538150 0.007224 -0.077916 0.179878 684.619995
0.231468 -0.481028 1.533525 0.006670 -0.114056 0.225976 684.969971
0.424521 -0.420362 1.521087 -0.009024 0.118059 0.283875 685.840027
0.612316 -0.351380 1.512309 -0.006552 0.098899 0.298896 686.140015
0.800729 -0.281393 1.502947 -0.003053 0.053950 0.310750 686.369995
0.995885 -0.209342 1.493270 0.018004 0.018156 0.319704 686.590027
1.193348 -0.146066 1.485044 0.047426 0.017432 0.324259 686.809998
1.394752 -0.103507 1.479100 0.051007 0.007527 0.322332 687.030029
1.597246 -0.083998 1.475287 0.042445 0.006354 0.314830 687.250000
1.798723 -0.083150 1.473478 0.032348 0.018227 0.301873 687.469971
2.002319 -0.094229 1.473369 0.022028 0.026964 0.283036 687.690002
2.209157 -0.111067 1.474393 0.005002 0.018321 0.258984 687.909973
2.415058 -0.127032 1.475851 -0.009772 0.024148 0.231211 688.130005
2.620310 -0.135633 1.477457 -0.015011 0.022519 0.200648 688.349976
2.823766 -0.135142 1.478964 -0.014257 0.018556 0.168183 688.570007
3.024853 -0.126764 1.480268 -0.010093 0.029822 0.133975 688.789978
3.227165 -0.112722 1.481280 -0.000839 0.015567 0.099551 689.010010
3.427452 -0.098213 1.481795 0.009697 0.022201 0.066035 689.229980
3.627778 -0.088018 1.481927 0.013424 0.019707 0.034611 689.450012
3.836542 -0.084000 1.481591 0.012394 0.019787 0.006845 689.679993
4.044329 -0.086283 1.480814 0.007747 0.022695 -0.012891 689.909973
4.252668 -0.092113 1.479741 -0.004105 0.025623 -0.023783 690.140015
4.453654 -0.096004 1.478544 -0.011817 0.028813 -0.026075 690.359985
4.656662 -0.094819 1.477318 -0.012929 0.016937 -0.021964 690.580017
4.858210 -0.087991 1.475941 -0.011316 0.024389 -0.015556 690.799988
5.060273 -0.076534 1.474451 -0.005427 0.017651 -0.009454 691.020020
5.260733 -0.063773 1.472946 0.011636 0.018338 -0.005937 691.239990
5.468863 -0.056706 1.471773 0.022254 0.026143 -0.006958 691.469971
5.677292 -0.060775 1.470734 0.017842 0.004788 -0.012862 691.700012
5.878904 -0.073103 1.469723 0.000765 0.017130 -0.019028 691.929993
6.086778 -0.086129 1.468768 -0.009839 0.023540 -0.023149 692.169983
6.287161 -0.093471 1.468089 -0.012785 0.024650 -0.024154 692.400024
6.489809 -0.094428 1.467445 -0.011882 0.034668 -0.023220 692.630005
6.697665 -0.089892 1.466709 -0.006441 0.021595 -0.020709 692.859985
6.897555 -0.082946 1.466080 -0.000303 0.027676 -0.017735 693.080017
7.099921 -0.076323 1.465804 0.003098 0.022827 -0.014503 693.299988
7.302708 -0.071543 1.465827 0.004050 0.017924 -0.011966 693.520020
7.504051 -0.068921 1.466053 0.003355 0.024984 -0.011272 693.739990
7.705945 -0.068210 1.466257 0.004660 0.020862 -0.012747 693.960022
7.907699 -0.069810 1.465847 0.006023 0.028215 -0.015750 694.179993
8.109933 -0.074184 1.464480 0.004986 -0.018502 -0.020061 694.400024
8.314124 -0.081250 1.461813 0.002103 -0.094099 -0.025517 694.650024
8.513846 -0.091645 1.456013 0.000220 -0.082608 -0.034719 695.109985
8.715466 -0.116757 1.453585 0.005488 0.111784 -0.058883 695.859985
8.916500 -0.140149 1.455764 0.002059 0.089900 -0.072116 696.140015
9.121266 -0.162693 1.456784 -0.008101 0.043661 -0.081654 696.369995
9.329486 -0.181122 1.457138 -0.020913 0.034513 -0.087079 696.590027
9.533927 -0.190540 1.456788 -0.024251 0.030211 -0.087360 696.799988
9.742177 -0.190621 1.455703 -0.021448 0.027893 -0.082195 697.010010
9.942513 -0.183260 1.454004 -0.015805 0.023832 -0.071987 697.210022
10.143104 -0.170870 1.451720 -0.009733 0.020634 -0.057260 697.409973
10.342808 -0.155753 1.448728 -0.004968 0.022770 -0.039555 697.609985
10.551981 -0.138923 1.444732 -0.001709 0.024280 -0.019297 697.820007
10.761244 -0.122337 1.439941 0.000081 0.024449 0.001168 698.030029
10.970548 -0.106552 1.434510 0.000936 0.022347 0.020573 698.239990
11.178867 -0.091861 1.429255 0.005211 0.017992 0.037377 698.450012
11.384973 -0.079898 1.426382 0.012090 0.018452 0.049460 698.659973
11.589107 -0.073098 1.427113 0.014017 0.013379 0.055411 698.869995
11.789282 -0.072149 1.431357 0.012140 0.008940 0.056732 699.080017
11.993240 -0.076333 1.438674 0.005993 0.018815 0.056093 699.299988
12.195666 -0.082436 1.446235 -0.004085 0.029798 0.054760 699.520020
12.400971 -0.085821 1.452099 -0.009354 0.023132 0.053913 699.739990
12.606447 -0.084318 1.455247 -0.009989 0.016792 0.053428 699.960022
12.809501 -0.077953 1.455533 -0.007898 0.020541 0.052693 700.179993
13.011259 -0.067865 1.454068 -0.003984 0.020133 0.051766 700.400024
13.212267 -0.055924 1.452328 -0.000639 0.029727 0.050651 700.619995
13.415295 -0.043615 1.451134 0.001221 0.015694 0.049507 700.840027
13.616447 -0.032035 1.450781 0.001887 0.021725 0.048433 701.059998
13.817280 -0.021414 1.451582 0.001969 0.018321 0.047431 701.280029
14.024224 -0.011869 1.453145 0.009625 0.000499 0.045618 701.510010
14.231043 -0.007548 1.454651 0.017532 0.021421 0.041048 701.750000
14.436646 -0.012188 1.455655 0.013868 0.013440 0.032406 701.989990
14.639946 -0.023441 1.455072 0.001236 0.024966 0.022978 702.229980
14.845474 -0.034741 1.452299 -0.006316 0.030589 0.015121 702.469971
15.046926 -0.041737 1.447579 -0.008482 0.025981 0.009965 702.700012
15.251484 -0.044076 1.441017 -0.007572 0.032332 0.006783 702.929993
15.457041 -0.042470 1.433253 -0.004620 -0.041174 0.005866 703.159973
15.656870 -0.038061 1.424199 -0.000265 -0.103387 0.006180 703.429993
15.859284 -0.037409 1.417504 0.014060 0.123100 -0.004468 704.270020
16.063051 -0.060354 1.431260 0.010551 0.120590 -0.026510 704.650024
16.268539 -0.083727 1.442736 0.004090 0.070551 -0.043228 704.890015
16.472528 -0.106475 1.452723 -0.002844 0.033063 -0.056210 705.099976
16.671608 -0.126705 1.460195 -0.012141 0.022612 -0.065169 705.299988
16.880495 -0.142752 1.464330 -0.016324 0.019306 -0.069555 705.510010
17.086943 -0.151926 1.464126 -0.014497 0.005281 -0.068496 705.719971
17.296164 -0.154887 1.459340 -0.010563 0.012041 -0.063068 705.940002
17.500425 -0.153187 1.451114 -0.006409 0.008737 -0.053897 706.159973
17.707413 -0.148575 1.440304 -0.003208 0.008754 -0.041580 706.390015
17.908718 -0.142718 1.428582 -0.001947 0.029370 -0.027881 706.619995
18.113699 -0.136542 1.416860 -0.001496 0.039606 -0.014010 706.849976
18.317732 -0.130498 1.406076 -0.000905 0.038436 -0.001757 707.070007
18.518875 -0.124669 1.396543 0.000016 0.020562 0.008294 707.280029
18.719559 -0.119072 1.389465 0.001074 0.014672 0.016464 707.489990
18.926647 -0.113853 1.386226 0.001628 0.022523 0.022967 707.710022
19.132460 -0.109421 1.387281 0.001565 0.012014 0.028060 707.929993
19.334284 -0.105776 1.392046 0.001516 0.021479 0.033701 708.150024
19.535480 -0.102461 1.398755 -0.003411 0.029531 0.040733 708.369995
19.739853 -0.097202 1.404668 -0.008627 0.033723 0.048989 708.590027
19.948965 -0.087648 1.408250 -0.009701 0.033431 0.058084 708.809998
20.152719 -0.074076 1.408923 -0.008149 0.032225 0.066847 709.020020
20.359579 -0.056901 1.407098 -0.005224 0.015981 0.075192 709.229980
20.562492 -0.038182 1.404193 0.004224 -0.007333 0.081883 709.440002
20.762991 -0.021654 1.402159 0.014365 0.010757 0.085226 709.659973
20.966776 -0.011692 1.403041 0.016433 0.012535 0.083183 709.890015
21.167494 -0.009854 1.407146 0.014017 0.020628 0.076321 710.119995
21.368464 -0.014362 1.413916 0.009626 0.030367 0.065539 710.349976
21.574284 -0.022422 1.420248 0.003745 0.036900 0.052309 710.580017
21.778263 -0.030702 1.423369 -0.000302 0.039683 0.038784 710.799988
21.980270 -0.037508 1.422694 -0.002371 0.037402 0.025029 711.010010
22.187923 -0.042658 1.418656 -0.002272 0.029896 0.009884 711.219971
22.388123 -0.046442 1.414043 0.001722 0.024656 -0.005280 711.419983
22.588453 -0.050724 1.410751 0.005188 0.021926 -0.020152 711.619995
22.797968 -0.057277 1.410342 0.006250 0.022311 -0.034644 711.830017
23.006727 -0.066442 1.413471 0.005541 0.024408 -0.047392 712.039978
23.214294 -0.077900 1.419318 0.003801 -0.012687 -0.058223 712.250000
23.421217 -0.091072 1.426145 0.002459 -0.091564 -0.067580 712.479980
23.622393 -0.105676 1.433319 0.001339 -0.125547 -0.076556 712.820007
23.824184 -0.127100 1.438844 -0.002344 0.134552 -0.086275 713.679993
24.027861 -0.144597 1.441182 -0.002920 0.107590 -0.086649 713.969971
24.231525 -0.160473 1.441720 -0.006668 0.066750 -0.085183 714.190002
24.435661 -0.173826 1.440752 -0.014501 0.042933 -0.081108 714.390015
24.636543 -0.182262 1.438302 -0.017038 0.023854 -0.073958 714.580017
24.836893 -0.185207 1.434124 -0.014565 0.000266 -0.063786 714.770020
25.039633 -0.182863 1.427968 -0.010994 0.003804 -0.050853 714.969971
25.244217 -0.176101 1.420157 -0.007174 0.003836 -0.034904 715.179993
25.449459 -0.166138 1.411591 -0.005656 0.000945 -0.016092 715.400024
25.654312 -0.153332 1.404140 -0.007422 0.020353 0.005248 715.630005
25.858105 -0.137430 1.399694 -0.007830 0.032360 0.027592 715.859985
26.057926 -0.118915 1.398501 -0.006674 0.037215 0.046911 716.080017
26.264420 -0.097492 1.399677 -0.003861 0.029138 0.061426 716.299988
26.464090 -0.075860 1.402230 0.004237 0.017060 0.069892 716.510010
26.671196 -0.055638 1.405261 0.011228 0.022974 0.073295 716.729980
26.878571 -0.040667 1.408044 0.013156 0.027381 0.071746 716.950012
27.078798 -0.031794 1.410148 0.011549 0.029606 0.066788 717.159973
27.282021 -0.027336 1.411703 0.008198 0.025511 0.059511 717.369995
27.486074 -0.025907 1.412020 0.004610 0.016406 0.050857 717.580017
27.687601 -0.026144 1.410487 0.001983 0.021699 0.041736 717.789978
27.888487 -0.026866 1.407034 0.000480 0.027975 0.032710 718.000000
28.091213 -0.027398 1.401861 -0.000356 0.028695 0.024283 718.210022
28.296013 -0.027477 1.395336 -0.000787 0.016526 0.016820 718.419983
28.497076 -0.027167 1.388872 0.000543 -0.005194 0.010256 718.630005
28.705376 -0.027167 1.383695 0.002673 0.014136 0.003522 718.859985
28.908596 -0.028437 1.381858 0.003136 0.013817 -0.002973 719.090027
29.117025 -0.031368 1.383462 0.001976 0.011106 -0.007709 719.330017
29.320927 -0.035135 1.388717 -0.001768 0.023353 -0.009783 719.570007
29.526264 -0.037921 1.397988 -0.003967 0.030116 -0.009482 719.809998
29.727365 -0.038623 1.409559 -0.004042 0.023767 -0.007415 720.039978
29.930864 -0.037364 1.423100 -0.003204 0.035825 -0.004312 720.270020
30.130861 -0.034785 1.436349 -0.001812 0.025122 -0.000833 720.489990
30.333199 -0.031521 1.446304 -0.000218 0.029927 0.002542 720.710022
30.538862 -0.028258 1.451146 0.000691 0.035318 0.005509 720.929993
30.740280 -0.025489 1.450531 0.000982 0.033851 0.007836 721.140015
30.946083 -0.023143 1.445318 0.000916 0.027872 0.009654 721.349976
31.151333 -0.021199 1.436820 0.000616 -0.032754 0.010944 721.559998
31.355156 -0.019612 1.425730 0.000211 -0.103716 0.011901 721.799988
31.554819 -0.018974 1.407509 -0.000120 -0.098348 0.012239 722.239990
31.754560 -0.049122 1.399095 0.013946 0.114024 -0.009945 723.080017
31.956303 -0.079011 1.401274 0.008247 0.098552 -0.030082 723.359985
32.157089 -0.106994 1.402526 -0.003063 0.068652 -0.047535 723.580017
32.358986 -0.131035 1.403875 -0.024875 0.046196 -0.061037 723.780029
32.559299 -0.145440 1.405963 -0.035491 0.030191 -0.069786 723.969971
32.762222 -0.147922 1.408757 -0.035467 0.019254 -0.073888 724.159973
32.963745 -0.138671 1.412277 -0.029190 0.012669 -0.072924 724.349976
33.171780 -0.118929 1.416689 -0.020262 0.010787 -0.066655 724.549988
33.374489 -0.092762 1.421264 -0.005842 0.008175 -0.057068 724.750000
33.581074 -0.064615 1.424268 0.012289 0.014819 -0.046279 724.960022
33.783520 -0.042895 1.424371 0.020665 0.023383 -0.036824 725.169983
33.985523 -0.030965 1.421286 0.020768 0.030789 -0.029534 725.380005
34.189899 -0.028539 1.415225 0.016294 0.027573 -0.024520 725.590027
34.394348 -0.033262 1.407561 0.009055 -0.002543 -0.021543 725.799988
34.598259 -0.041952 1.401028 0.000093 -0.000295 -0.018693 726.020020
34.801182 -0.050747 1.398831 -0.005025 0.018348 -0.015158 726.250000
35.001335 -0.056782 1.402242 -0.006456 0.018073 -0.011691 726.479980
35.209263 -0.059505 1.410573 -0.003480 0.030871 -0.010531 726.719971
35.413643 -0.060468 1.419026 0.003112 0.041343 -0.012017 726.950012
35.617676 -0.062853 1.424840 0.005996 0.027864 -0.015600 727.169983
35.824680 -0.067976 1.427149 0.006134 0.020905 -0.019214 727.390015
36.031097 -0.075820 1.425808 0.005279 0.024966 -0.020475 727.609985
36.237278 -0.085613 1.423044 -0.002410 0.012531 -0.018474 727.830017
36.439640 -0.093889 1.423746 -0.011051 0.018501 -0.012890 728.049988
36.640087 -0.096904 1.430503 -0.013330 0.012580 -0.003884 728.270020
36.844116 -0.093672 1.441760 -0.006428 0.000209 0.006812 728.500000
37.047276 -0.087106 1.453015 0.002659 0.025125 0.015400 728.739990
37.261272 -0.081776 1.460974 0.007297 0.042756 0.020033 728.989990
37.468945 -0.080334 1.463856 0.008000 0.044686 0.022170 729.219971
37.677414 -0.082214 1.462632 0.004764 0.024598 0.023845 729.440002
37.877964 -0.085619 1.458682 -0.001180 0.019065 0.025575 729.650024
38.086433 -0.088321 1.452790 -0.004861 0.022148 0.027368 729.869995
38.293453 -0.088501 1.445779 -0.005607 0.010382 0.029083 730.090027
38.495506 -0.085980 1.438517 -0.004633 0.018866 0.030446 730.309998
38.695496 -0.081213 1.431736 -0.002983 0.004874 0.031599 730.530029
38.900398 -0.074793 1.425172 -0.001336 -0.075095 0.032667 730.770020
39.103939 -0.067404 1.416909 0.000434 -0.105016 0.033353 731.119995
39.303310 -0.092076 1.418356 0.026249 0.135849 0.016879 732.030029
39.502846 -0.130759 1.426162 0.017367 0.106542 -0.004951 732.320007
39.701683 -0.167786 1.431393 -0.003703 0.044156 -0.025604 732.539978
39.903358 -0.200244 1.435058 -0.030083 0.026895 -0.043847 732.750000
40.107330 -0.219629 1.436629 -0.039625 0.023727 -0.058544 732.960022
40.312408 -0.222441 1.435845 -0.036836 0.024947 -0.067962 733.169983
40.518993 -0.210561 1.432958 -0.027993 0.025404 -0.070845 733.380005
40.725876 -0.188366 1.428552 -0.014895 0.006625 -0.066658 733.590027
40.926933 -0.161195 1.423361 -0.002881 0.009475 -0.057028 733.799988
41.131821 -0.132957 1.418150 0.004110 0.021384 -0.042021 734.020020
41.334904 -0.108278 1.413909 0.006632 0.012454 -0.023634 734.239990
41.534214 -0.087977 1.410674 0.006050 0.020224 -0.003606 734.460022
41.741684 -0.070788 1.408509 0.004207 0.018916 0.017102 734.690002
41.946819 -0.057790 1.408438 0.027529 0.001400 0.035083 734.919983
42.152233 -0.060080 1.412698 0.054754 0.017026 0.048303 735.159973
42.356560 -0.090954 1.422009 0.056935 0.026173 0.052903 735.400024
42.556591 -0.147386 1.435248 0.046207 0.030507 0.048502 735.630005
42.752689 -0.219620 1.450595 0.026677 0.016504 0.036079 735.849976
42.938332 -0.296698 1.466013 0.012126 0.001559 0.018464 736.059998
43.124931 -0.379726 1.481577 0.016943 0.007915 -0.005050 736.280029
43.305634 -0.466340 1.496007 0.022899 0.018549 -0.033389 736.500000
43.485291 -0.559271 1.509139 0.024122 0.026150 -0.065767 736.719971
43.666996 -0.659242 1.520918 0.020490 0.028127 -0.101230 736.940002
43.841908 -0.759412 1.530596 0.007848 0.007995 -0.136984 737.150024
44.020386 -0.863275 1.536933 -0.004268 0.012355 -0.174788 737.369995
44.195797 -0.961266 1.537731 -0.008813 0.026113 -0.212700 737.590027
44.374672 -1.053087 1.532733 -0.007768 0.034653 -0.250233 737.809998
44.560524 -1.140758 1.522604 -0.005057 0.036737 -0.286952 738.030029
44.744114 -1.222369 1.509678 -0.003461 0.017393 -0.320544 738.239990
44.935753 -1.304928 1.493878 -0.001430 0.014012 -0.351417 738.460022
45.123493 -1.383677 1.477804 -0.025487 0.004783 -0.375025 738.679993
45.317402 -1.450140 1.464259 -0.066882 0.006211 -0.389824 738.909973
45.515564 -1.484107 1.455627 -0.069409 -0.003428 -0.392739 739.140015
45.715858 -1.483526 1.451939 -0.058902 0.002673 -0.389539 739.369995
45.917999 -1.455972 1.452597 -0.037194 0.011490 -0.383867 739.599976
46.121517 -1.417296 1.454972 0.033497 0.030911 -0.378622 739.830017
46.322773 -1.400920 1.456725 0.080837 0.047951 -0.376613 740.059998
46.520950 -1.430485 1.456062 0.086637 0.050826 -0.380856 740.289978
46.707741 -1.503288 1.452169 0.069265 0.045881 -0.391117 740.510010
46.882835 -1.603606 1.445714 0.039833 -0.003298 -0.407742 740.719971
47.047340 -1.718352 1.437598 0.006219 -0.083567 -0.427265 740.940002
47.203773 -1.845622 1.426390 -0.017507 -0.112857 -0.453066 741.250000
47.382977 -1.939156 1.438714 -0.036564 0.107753 -0.471608 742.150024
47.582851 -1.973479 1.468216 -0.024517 0.101335 -0.444449 742.469971
47.779469 -2.009007 1.494209 -0.014214 0.077265 -0.417772 742.700012
47.982918 -2.048060 1.517884 0.009434 0.037544 -0.393060 742.909973
48.180820 -2.092919 1.536705 0.035787 0.027219 -0.372787 743.109985
48.374603 -2.151637 1.549910 0.045257 0.023485 -0.357528 743.309998
48.561909 -2.226444 1.557109 0.041711 0.020049 -0.348540 743.510010
48.742386 -2.315070 1.558874 0.031630 0.017969 -0.346323 743.710022
48.924667 -2.417837 1.556170 0.017531 0.001939 -0.350998 743.919983
49.096394 -2.522389 1.549524 -0.014513 -0.014467 -0.359287 744.130005
49.272842 -2.620808 1.535284 -0.076242 -0.004271 -0.369215 744.359985
49.466484 -2.682697 1.510770 -0.089086 -0.002272 -0.375643 744.609985
49.667393 -2.693015 1.478480 -0.074803 0.007855 -0.377044 744.859985
49.868107 -2.665688 1.443603 -0.049383 0.019218 -0.372026 745.099976
50.068840 -2.620468 1.415067 -0.024913 0.031452 -0.360710 745.330017
50.269222 -2.573018 1.397311 -0.011830 0.040903 -0.344345 745.549988
50.469280 -2.530808 1.389780 -0.004262 0.038872 -0.326832 745.760010
50.675755 -2.494147 1.390355 0.001247 0.029011 -0.310835 745.969971
50.883022 -2.464400 1.398040 0.028297 0.015444 -0.298408 746.179993
51.083935 -2.449867 1.413085 0.054296 0.026234 -0.290614 746.390015
51.287952 -2.461916 1.435551 0.058156 0.019365 -0.289720 746.609985
51.483170 -2.501728 1.462491 0.046786 0.017836 -0.292479 746.830017
51.677891 -2.564709 1.490279 0.007534 0.010113 -0.296426 747.059998
51.866982 -2.629051 1.506564 -0.048199 0.013717 -0.298021 747.289978
52.067211 -2.671948 1.506083 -0.063111 0.004159 -0.294350 747.530029
52.268353 -2.683592 1.492292 -0.018190 0.008259 -0.289440 747.770020
52.474884 -2.687109 1.476322 0.031401 0.038784 -0.286880 748.020020
52.677204 -2.711524 1.467615 0.046933 0.046541 -0.289334 748.260010
52.876724 -2.763303 1.467769 0.042414 0.043524 -0.297638 748.489990
53.071411 -2.835540 1.474945 0.025655 0.030751 -0.310371 748.710022
53.257961 -2.914855 1.482590 -0.017790 0.020639 -0.323259 748.919983
53.446278 -2.986630 1.485717 -0.050753 0.021616 -0.333714 749.130005
53.640461 -3.038714 1.481650 -0.059039 0.020031 -0.339696 749.340027
53.840649 -3.068419 1.471470 -0.046590 0.012347 -0.340058 749.549988
54.043152 -3.080238 1.461627 -0.028299 0.019903 -0.335376 749.760010
54.247372 -3.082661 1.456843 -0.011508 0.016097 -0.324643 749.969971
54.449646 -3.082301 1.458478 0.000156 0.010677 -0.308589 750.179993
54.656284 -3.083443 1.467736 0.003986 0.019373 -0.286539 750.400024
54.857712 -3.088322 1.481903 0.012070 -0.033429 -0.261158 750.619995
55.059086 -3.095569 1.498854 0.021981 -0.099268 -0.230188 750.880005
55.149208 -2.917346 1.526845 -0.103566 -0.041922 -0.144357 752.099976
55.074833 -2.725166 1.525412 -0.083859 -0.025894 -0.132067 752.359985
55.007660 -2.527572 1.523265 -0.061032 -0.015370 -0.118595 752.580017
54.946220 -2.331297 1.520925 -0.042778 -0.009002 -0.103342 752.780029
54.888901 -2.137962 1.518531 -0.017295 -0.001488 -0.086378 752.969971
54.831295 -1.936927 1.515883 0.002308 0.009378 -0.065868 753.169983
54.778656 -1.736238 1.513013 -0.003627 0.042875 -0.041103 753.380005
54.745296 -1.535140 1.509966 -0.018804 0.063808 -0.012787 753.599976
54.742531 -1.328578 1.506882 -0.011108 0.055629 0.018985 753.830017
54.769527 -1.116996 1.503686 -0.022941 0.043508 0.054009 754.070007
54.815502 -0.913339 1.500784 -0.013658 0.022435 0.089034 754.299988
54.869339 -0.712751 1.495000 -0.004035 -0.009847 0.123644 754.530029
54.917084 -0.511803 1.477271 -0.025505 -0.035357 0.159588 754.770020
54.942440 -0.312234 1.444045 -0.026582 -0.040656 0.195473 755.010010
54.942997 -0.113179 1.396367 -0.030906 -0.029790 0.230533 755.250000
54.925419 0.079178 1.339257 -0.029788 -0.015315 0.263528 755.479980
54.900307 0.269394 1.280807 0.071191 0.029640 0.294982 755.710022
54.919022 0.459405 1.221105 0.171730 0.084897 0.332191 756.030029
55.114292 0.500630 1.190852 0.129647 0.066927 0.341577 756.429993
55.313644 0.440826 1.193941 0.075011 0.041968 0.331439 756.679993
55.504261 0.364766 1.205842 0.038198 0.029740 0.316143 756.890015
55.693398 0.284515 1.222530 0.016881 0.025801 0.296094 757.090027
55.884487 0.204589 1.241729 -0.001730 0.010800 0.271642 757.289978
56.071205 0.129793 1.261259 -0.005163 0.010455 0.246125 757.489990
56.262169 0.057799 1.281200 -0.000967 0.022504 0.221116 757.700012
56.452785 -0.006798 1.300140 -0.029156 0.034859 0.199479 757.909973
56.655289 -0.055197 1.318477 -0.054005 0.042033 0.181326 758.130005
56.860756 -0.074205 1.334710 -0.055626 0.025047 0.169340 758.349976
57.063782 -0.065292 1.348891 -0.043190 0.024280 0.160804 758.570007
57.264503 -0.035417 1.361953 -0.026603 0.030916 0.155876 758.789978
57.466179 0.007301 1.374203 -0.014844 0.019395 0.155859 759.010010
57.665920 0.056584 1.385459 -0.014091 0.018410 0.160963 759.229980
57.863220 0.111190 1.395972 -0.013469 0.027965 0.171776 759.450012
58.061909 0.171280 1.405877 -0.011287 0.031083 0.187831 759.669983
58.254349 0.233058 1.415035 -0.008177 0.031457 0.206736 759.880005
58.448593 0.297634 1.423824 -0.004022 0.011266 0.228138 760.090027
58.638393 0.362026 1.431960 -0.003064 0.006460 0.251477 760.299988
58.830242 0.428743 1.440445 -0.011253 0.018677 0.277917 760.520020
59.018986 0.499242 1.449446 -0.016123 0.024304 0.306492 760.739990
59.205730 0.576092 1.458711 -0.014292 0.012851 0.336263 760.960022
59.395607 0.661342 1.468789 -0.010354 0.024566 0.366346 761.190002
59.583870 0.750861 1.479031 -0.001584 0.007653 0.394351 761.419983
59.767223 0.837240 1.487108 0.029402 0.008149 0.417118 761.650024
59.958622 0.910618 1.491572 0.043472 0.009316 0.432014 761.890015
60.156528 0.962201 1.491637 0.014067 -0.064788 0.436155 762.140015
60.355553 0.991767 1.486531 -0.017970 -0.098698 0.434454 762.479980
60.556004 0.974285 1.490729 0.053737 0.126587 0.408801 763.400024
60.757568 0.965690 1.508104 0.041016 0.103013 0.386691 763.700012
60.957436 0.960157 1.523115 0.020361 0.055248 0.365359 763.919983
61.165436 0.955574 1.537853 0.001979 0.027817 0.343492 764.130005
61.365719 0.954798 1.548728 -0.020253 0.027737 0.322176 764.330017
61.574173 0.965024 1.554219 -0.030577 0.024518 0.300811 764.539978
61.777912 0.989367 1.552938 -0.029313 0.009260 0.281728 764.750000
61.982338 1.027389 1.544871 -0.021398 0.019732 0.263640 764.969971
62.182255 1.075129 1.531497 -0.009353 0.019708 0.248715 765.190002
62.379581 1.125203 1.517118 0.034058 0.007447 0.235491 765.409973
62.583054 1.159539 1.506435 0.069392 0.008224 0.221279 765.640015
62.785984 1.159996 1.502296 0.065824 -0.001673 0.204612 765.869995
62.985268 1.127562 1.504947 0.055167 0.009641 0.187295 766.099976
63.184063 1.070154 1.513642 0.041634 0.020402 0.167404 766.330017
63.375759 0.998862 1.523358 0.049974 -0.001178 0.144876 766.549988
63.561089 0.908187 1.528351 0.067498 -0.014566 0.119883 766.770020
63.734364 0.791670 1.525320 0.065355 -0.016490 0.092519 766.989990
63.887543 0.657861 1.514339 0.055311 -0.008955 0.064658 767.200012
64.030960 0.507667 1.496494 0.038335 -0.002217 0.034916 767.409973
64.160973 0.356099 1.474669 0.028994 0.008875 0.005324 767.609985
64.288254 0.200521 1.449649 0.021426 0.016134 -0.025454 767.809998
64.415329 0.043969 1.423223 0.001963 0.014733 -0.055838 768.010010
64.549225 -0.111486 1.397679 -0.065748 0.026593 -0.084500 768.219971
64.704796 -0.242506 1.376118 -0.112488 0.049300 -0.109488 768.450012
64.898682 -0.317034 1.361173 -0.109334 0.050688 -0.123243 768.700012
65.100761 -0.327693 1.354365 -0.080532 0.042197 -0.124895 768.929993
65.308273 -0.301862 1.352518 -0.038591 0.028633 -0.118751 769.150024
65.511650 -0.262865 1.353472 -0.001988 0.031231 -0.108936 769.359985
65.718010 -0.225733 1.355528 0.018367 0.020453 -0.096333 769.570007
65.922508 -0.198535 1.357218 0.025296 0.013677 -0.082156 769.780029
66.122505 -0.183478 1.357783 0.022710 0.022279 -0.067174 769.989990
66.329025 -0.179107 1.357451 0.015243 -0.003302 -0.052678 770.210022
66.533730 -0.182147 1.358155 0.004765 0.006555 -0.037452 770.440002
66.739502 -0.187933 1.362251 -0.002593 0.021436 -0.021954 770.679993
66.944786 -0.192401 1.370329 -0.005620 0.022803 -0.007880 770.919983
67.151550 -0.193760 1.381657 -0.004905 0.032494 0.003175 771.159973
67.355713 -0.192490 1.393324 -0.001715 0.037020 0.010745 771.390015
67.557480 -0.190294 1.403265 0.000383 0.006217 0.015404 771.609985
67.757729 -0.188242 1.410599 0.000329 -0.075829 0.017880 771.840027
67.958862 -0.186861 1.415351 -0.001115 -0.122243 0.018244 772.169983
68.161644 -0.187681 1.406229 0.000651 0.136295 0.012534 773.039978
68.363480 -0.187253 1.398213 -0.000609 0.108558 0.010076 773.330017
68.565536 -0.186070 1.390340 -0.001309 0.051898 0.008973 773.549988
68.772743 -0.184194 1.383180 -0.002292 0.023707 0.009139 773.760010
68.990288 -0.181201 1.377912 -0.002739 0.018527 0.010450 773.979980
69.195198 -0.177247 1.375381 -0.002380 0.007328 0.012625 774.190002
69.403458 -0.172187 1.375163 -0.001707 0.014448 0.015451 774.409973
69.607742 -0.166484 1.377216 -0.001079 0.023467 0.018471 774.630005
69.812088 -0.160450 1.380719 0.001512 0.024041 0.020628 774.849976
70.017494 -0.155229 1.385363 0.005209 0.030728 0.020916 775.070007
70.226486 -0.152298 1.390671 0.006478 0.032916 0.018829 775.289978
70.430199 -0.152112 1.395994 0.005836 0.031256 0.015007 775.500000
70.637070 -0.154174 1.401159 0.004195 0.022672 0.009963 775.710022
70.843102 -0.157806 1.404638 0.002528 0.010070 0.004272 775.919983
71.044128 -0.162319 1.404041 0.001429 0.017013 -0.001524 776.130005
71.252113 -0.167480 1.397946 0.000781 0.026239 -0.007376 776.349976
71.461250 -0.172820 1.386586 0.000165 0.029030 -0.012817 776.570007
71.662918 -0.177902 1.372778 -0.000079 0.023470 -0.017507 776.780029
71.865044 -0.182894 1.360219 0.000060 0.024672 -0.021553 776.989990
72.067673 -0.187890 1.351419 0.000160 0.019537 -0.024835 777.200012
72.268471 -0.192904 1.347111 0.000282 0.010852 -0.026508 777.409973
72.474052 -0.198194 1.347617 0.000758 0.021523 -0.025084 777.630005
72.677994 -0.203688 1.352466 -0.001691 0.013535 -0.019939 777.849976
72.878746 -0.208164 1.359656 -0.006583 0.020782 -0.012117 778.070007
73.078766 -0.209589 1.367952 -0.008634 0.030683 -0.002858 778.289978
73.282402 -0.207074 1.376532 -0.007487 0.025421 0.005846 778.510010
73.487503 -0.201407 1.384487 -0.001018 0.019431 0.012410 778.729980
73.691483 -0.195366 1.391542 0.004217 0.025956 0.016064 778.950012
73.895889 -0.191272 1.397704 0.005944 0.012935 0.017078 779.169983
74.097137 -0.189962 1.403239 0.006018 0.020608 0.017974 779.390015
74.297241 -0.191263 1.408042 0.003308 0.018860 0.020380 779.609985
74.505295 -0.193731 1.409751 -0.003988 0.022017 0.024537 779.840027
74.713242 -0.193965 1.406421 -0.007714 0.013279 0.029962 780.070007
74.920952 -0.190250 1.398780 -0.006458 -0.067563 0.036742 780.309998
75.121803 -0.182793 1.386114 -0.002363 -0.106383 0.044937 780.630005
75.322090 -0.175756 1.361933 0.006564 0.139958 0.049603 781.570007
75.523438 -0.174811 1.356522 0.004162 0.117619 0.041878 781.880005
75.723763 -0.173794 1.350816 0.001259 0.075395 0.036002 782.099976
75.928024 -0.172271 1.345673 -0.002482 0.039150 0.031994 782.299988
76.128036 -0.169575 1.343200 -0.005062 0.025004 0.029661 782.489990
76.328064 -0.165021 1.343939 -0.005589 0.019005 0.028861 782.679993
76.536179 -0.158167 1.348283 -0.004757 0.016654 0.029820 782.880005
76.740784 -0.149620 1.355594 -0.003657 0.009620 0.032654 783.080017
76.949707 -0.139375 1.364620 -0.003554 0.011051 0.037097 783.289978
77.153358 -0.127952 1.373533 -0.003290 0.018669 0.042439 783.500000
77.353493 -0.115459 1.381501 -0.002348 0.004756 0.047956 783.710022
77.556015 -0.101792 1.387960 -0.001761 0.019226 0.052260 783.929993
77.756279 -0.087602 1.392548 -0.000360 0.018398 0.054066 784.150024
77.964134 -0.073017 1.395670 0.003790 0.020162 0.053460 784.380005
78.171494 -0.060458 1.398044 0.005937 0.029180 0.050937 784.609985
78.372063 -0.051133 1.400047 0.005565 0.017094 0.047664 784.830017
78.580421 -0.044157 1.401994 0.004058 0.018614 0.045423 785.059998
78.786530 -0.039053 1.403549 -0.000230 0.016809 0.044845 785.289978
78.990944 -0.033742 1.404272 -0.003636 0.032258 0.045620 785.520020
79.190987 -0.026637 1.403997 -0.004751 0.037691 0.046959 785.739990
79.398056 -0.016941 1.402742 -0.004360 0.039395 0.047748 785.960022
79.602081 -0.005528 1.400864 -0.002365 0.021342 0.047373 786.169983
79.805672 0.006708 1.398310 0.001351 0.012246 0.045920 786.380005
80.014526 0.018600 1.395339 0.003763 0.020613 0.043607 786.599976
80.222321 0.028630 1.392421 0.004283 0.028488 0.040422 786.820007
80.423042 0.036411 1.389859 0.003544 0.031191 0.036074 787.030029
80.626228 0.042731 1.387572 0.003572 0.015402 0.030407 787.239990
80.826942 0.047429 1.386266 0.004443 0.018442 0.024103 787.450012
81.035149 0.050322 1.386516 0.004336 0.017943 0.017290 787.669983
81.240639 0.051233 1.388030 0.003290 0.011745 0.010743 787.890015
81.441925 0.050640 1.390894 0.002065 0.024147 0.004901 788.109985
81.643120 0.049156 1.394191 0.001403 0.019438 -0.000235 788.330017
81.843735 0.047060 1.396567 0.001641 0.026791 -0.004807 788.549988
82.046204 0.044271 1.397214 0.001465 0.024162 -0.008996 788.770020
82.249138 0.040868 1.395823 0.001001 0.013116 -0.011756 788.989990
82.457512 0.037023 1.392934 -0.001484 0.021006 -0.012037 789.219971
82.665588 0.034010 1.390106 -0.004333 0.033032 -0.010133 789.450012
82.867790 0.033074 1.387933 -0.004402 -0.009228 -0.006565 789.669983
83.069313 0.034317 1.385738 -0.001800 -0.087588 -0.001591 789.909973
83.270607 0.037777 1.383749 0.001186 -0.118346 0.006421 790.309998
83.474197 0.042410 1.383777 -0.002567 0.113633 0.021582 791.109985
83.679062 0.049148 1.387276 -0.002286 0.093223 0.026646 791.400024
83.884613 0.058024 1.389252 -0.026611 0.050419 0.031289 791.630005
84.085831 0.077871 1.389952 -0.055881 0.029132 0.038055 791.840027
84.288498 0.119752 1.389355 -0.057997 0.005185 0.048766 792.049988
84.483292 0.183956 1.387191 -0.049703 -0.000178 0.061752 792.260010
84.667587 0.265821 1.383706 -0.038358 0.006992 0.077575 792.469971
84.844772 0.360123 1.379371 -0.025935 0.013653 0.096915 792.679993
85.025398 0.465809 1.375335 -0.008467 0.007820 0.120714 792.900024
85.200775 0.570947 1.374604 0.000414 0.020022 0.147231 793.119995
85.376038 0.672036 1.378719 0.004616 0.020275 0.176177 793.340027
85.552078 0.767649 1.387160 0.004999 0.019657 0.206863 793.559998
85.737144 0.862286 1.400274 0.001343 0.029118 0.240537 793.789978
85.917076 0.950150 1.415587 0.000529 0.015330 0.272284 794.010010
86.103157 1.038875 1.432770 0.011074 0.008018 0.301145 794.239990
86.286331 1.117766 1.448872 0.048077 0.017375 0.322707 794.469971
86.483482 1.175047 1.463303 0.060208 0.018978 0.334231 794.710022
86.689651 1.202221 1.474432 0.050615 0.016449 0.334456 794.950012
86.893532 1.205222 1.482508 0.037938 0.026832 0.325345 795.179993
87.093674 1.194249 1.487699 0.036818 -0.014589 0.307259 795.400024
87.291283 1.161678 1.488609 0.081839 -0.058238 0.280655 795.630005
87.476196 1.076004 1.482464 0.100259 -0.067396 0.245729 795.880005
87.621964 0.936652 1.469250 0.091586 -0.048625 0.209025 796.119995
87.734787 0.768127 1.452228 0.069416 -0.025071 0.172406 796.340027
87.831535 0.583773 1.433328 0.045518 -0.005443 0.135093 796.549988
87.919830 0.399219 1.414642 0.003055 0.024173 0.098443 796.750000
88.013763 0.222720 1.397358 -0.035155 0.062178 0.060300 796.950012
88.132095 0.061489 1.381756 -0.048401 0.080309 0.020749 797.159973
88.285133 -0.076810 1.368213 -0.043349 0.074789 -0.016769 797.380005
88.456314 -0.183996 1.357796 -0.031496 0.055699 -0.047355 797.590027
88.642708 -0.272792 1.350363 -0.036955 0.027327 -0.072142 797.799988
88.833809 -0.342421 1.346910 -0.044701 0.025254 -0.091823 798.010010
89.028015 -0.391082 1.347287 -0.040569 0.019585 -0.105452 798.219971
89.232002 -0.422341 1.350750 -0.029054 0.013816 -0.114086 798.440002
89.433998 -0.439378 1.356658 -0.016630 0.024551 -0.118370 798.659973
89.637131 -0.449117 1.363484 -0.003885 0.024157 -0.119097 798.880005
89.841652 -0.457929 1.368260 0.007983 0.029162 -0.119143 799.099976
90.048485 -0.471231 1.369285 0.012770 0.021988 -0.120643 799.320007
90.254395 -0.490731 1.366137 0.012266 0.017090 -0.123597 799.539978
90.457420 -0.515765 1.358994 0.009292 0.025761 -0.127287 799.760010
90.660217 -0.545089 1.349792 0.005264 0.017917 -0.131442 799.979980
90.861191 -0.576522 1.342456 0.001573 0.021999 -0.135326 800.200012
91.062088 -0.608538 1.339862 -0.000645 0.031105 -0.138686 800.419983
91.266899 -0.640638 1.342920 -0.001644 0.034588 -0.141400 800.640015
91.467384 -0.671153 1.350582 -0.001798 0.027405 -0.143351 800.849976
91.667221 -0.700741 1.360510 -0.001332 -0.038431 -0.144613 801.059998
91.869804 -0.730092 1.371883 -0.000275 -0.113683 -0.145506 801.309998
92.032852 -0.844886 1.403343 0.124086 0.036005 -0.164237 802.260010
92.053352 -1.044202 1.423665 0.094974 0.035807 -0.189701 802.580017
92.078400 -1.249355 1.442578 0.057182 0.025440 -0.215514 802.820007
92.105141 -1.448874 1.460481 0.031967 0.017651 -0.241246 803.030029
92.134659 -1.654223 1.479554 0.023655 0.015252 -0.269517 803.239990
92.166138 -1.859958 1.498387 -0.002151 0.009818 -0.299986 803.450012
92.201500 -2.056917 1.514678 -0.019895 0.034842 -0.332379 803.659973
92.254089 -2.250301 1.527557 -0.019878 0.055965 -0.367484 803.880005
92.334389 -2.442605 1.536208 -0.012600 0.056546 -0.404401 804.109985
92.433723 -2.621882 1.540596 -0.003611 0.048161 -0.439980 804.330017
92.543381 -2.791962 1.542148 0.004934 0.039611 -0.474099 804.539978
92.660866 -2.962848 1.541249 0.019671 0.011648 -0.508034 804.750000
92.772629 -3.135619 1.536107 0.053006 -0.016096 -0.542069 804.960022
92.862709 -3.315065 1.525782 0.062752 -0.030220 -0.576189 805.169983
92.926483 -3.509286 1.509869 0.052624 -0.031473 -0.610695 805.390015
92.961891 -3.705845 1.489538 0.048913 -0.011389 -0.643466 805.609985
92.977921 -3.906136 1.467366 0.022354 0.001279 -0.675977 805.830017
92.987755 -4.105360 1.449093 -0.005780 0.028978 -0.707716 806.049988
93.009888 -4.310505 1.438385 -0.016009 0.049423 -0.740375 806.280029
93.051834 -4.506495 1.437050 -0.015045 0.053097 -0.770863 806.500000
93.114067 -4.704501 1.443578 -0.010082 0.045137 -0.800992 806.719971
93.186279 -4.893537 1.453950 0.002999 -0.004002 -0.828786 806.929993
93.254982 -5.083038 1.464627 0.056408 -0.035725 -0.858452 807.150024
93.292572 -5.283827 1.472429 0.078040 -0.044284 -0.891427 807.390015
93.279839 -5.489576 1.474435 0.072776 -0.030930 -0.924507 807.640015
93.225945 -5.686934 1.470561 0.061959 -0.006691 -0.955688 807.880005
93.150780 -5.879032 1.463136 -0.008684 0.009959 -0.985318 808.109985
93.085472 -6.072154 1.455180 -0.088770 0.060268 -1.012829 808.349976
93.083664 -6.278656 1.448573 -0.107813 0.060806 -1.029558 808.619995
93.162506 -6.464657 1.444644 -0.084699 0.057928 -1.032911 808.880005
93.289474 -6.629205 1.443409 -0.051155 0.039616 -1.024302 809.119995
93.432037 -6.775859 1.445215 -0.025845 0.028495 -1.008723 809.340027
93.577972 -6.913374 1.450201 -0.009441 0.027722 -0.987770 809.549988
93.726051 -7.050688 1.457514 -0.000898 0.002672 -0.961653 809.760010
93.876297 -7.188288 1.465681 -0.022304 0.000999 -0.930105 809.979980
94.034500 -7.318792 1.473140 -0.042308 0.012991 -0.893444 810.210022
94.204437 -7.434417 1.478739 -0.045932 0.023153 -0.853960 810.440002
94.381569 -7.533333 1.482010 -0.038320 0.028741 -0.814448 810.659973
94.562439 -7.620584 1.483478 -0.026433 0.028448 -0.775913 810.869995
94.750519 -7.703433 1.483740 -0.026530 0.011494 -0.737303 811.080017
94.941208 -7.776480 1.483942 -0.053541 -0.006337 -0.699056 811.289978
95.134949 -7.827665 1.484547 -0.062963 -0.015042 -0.661150 811.500000
95.338905 -7.852627 1.485602 -0.048689 -0.022685 -0.622503 811.719971
95.547356 -7.851627 1.487607 -0.042744 -0.002525 -0.585104 811.950012
95.752350 -7.832109 1.490298 0.001602 -0.034485 -0.548666 812.179993
95.950615 -7.801827 1.493422 0.064407 -0.096206 -0.515586 812.440002
95.900375 -7.605001 1.475163 -0.043285 -0.112237 -0.464070 813.250000
95.757896 -7.462182 1.457668 -0.028372 -0.070304 -0.451882 813.479980
95.611694 -7.313238 1.439867 -0.013407 -0.031476 -0.441301 813.690002
95.469429 -7.167341 1.422242 -0.007874 -0.019883 -0.433521 813.890015
95.327675 -7.022779 1.404922 0.014773 -0.019446 -0.429920 814.090027
95.175781 -6.880611 1.388178 0.043142 -0.024968 -0.431463 814.299988
95.014664 -6.756999 1.373537 0.050011 -0.017399 -0.437920 814.510010
94.837570 -6.650687 1.360441 0.043287 -0.013481 -0.450708 814.729980
94.654541 -6.564742 1.349492 0.031775 -0.024085 -0.469987 814.950012
94.465889 -6.491762 1.340463 0.015376 -0.011570 -0.493398 815.169983
94.269104 -6.423203 1.332215 0.007745 -0.022460 -0.522836 815.400024
94.079765 -6.359108 1.324829 0.003760 -0.032181 -0.554448 815.619995
93.887260 -6.292309 1.320283 -0.000265 -0.024972 -0.588471 815.840027
93.694267 -6.222269 1.325190 0.002354 -0.026217 -0.624195 816.059998
93.500862 -6.149582 1.342303 0.001303 -0.016501 -0.660763 816.280029
93.310341 -6.076209 1.370399 0.002231 -0.011466 -0.697480 816.500000
93.124092 -6.003675 1.408272 0.009173 -0.022384 -0.734015 816.719971
92.937950 -5.930770 1.451476 -0.014300 -0.022886 -0.768339 816.940002
92.759026 -5.848524 1.488595 -0.071057 -0.027595 -0.797141 817.159973
92.595879 -5.734195 1.512787 -0.092678 -0.028989 -0.819608 817.390015
92.458954 -5.578467 1.519401 -0.079167 -0.024210 -0.833182 817.630005
92.355598 -5.401546 1.509480 -0.055706 -0.026535 -0.834651 817.859985
92.273125 -5.215450 1.488948 -0.027701 -0.014887 -0.827242 818.080017
92.199310 -5.024528 1.463786 -0.007743 -0.019772 -0.810776 818.299988
92.125710 -4.834146 1.442145 0.005632 -0.028011 -0.786978 818.520020
92.045059 -4.645902 1.428621 0.008886 -0.034005 -0.757115 818.739990
91.954880 -4.459705 1.424238 -0.005017 -0.010171 -0.722029 818.960022
91.870300 -4.278203 1.425909 -0.058932 0.065929 -0.684841 819.179993
91.828316 -4.080291 1.431411 -0.093121 0.104647 -0.640942 819.429993
91.872620 -3.878792 1.436514 -0.088112 0.095081 -0.590886 819.690002
91.977859 -3.700108 1.438633 -0.058307 0.065788 -0.545362 819.919983
92.107506 -3.538583 1.438279 -0.020331 0.031980 -0.505410 820.130005
92.245872 -3.382521 1.433420 -0.006617 -0.034689 -0.467946 820.340027
92.371468 -3.217347 1.420428 -0.006112 -0.092501 -0.430617 820.559998
92.457939 -3.034057 1.397820 0.010219 -0.095009 -0.393096 820.789978
92.496643 -2.838246 1.370948 -0.000035 -0.056004 -0.355406 821.030029
92.504227 -2.633239 1.353080 -0.031556 -0.014583 -0.318892 821.280029
92.507408 -2.428391 1.352466 -0.045239 0.007776 -0.285605 821.520020
92.520210 -2.221414 1.367088 -0.046011 0.016252 -0.254097 821.750000
92.544319 -2.015760 1.391030 -0.001288 0.016243 -0.224455 821.969971
92.575752 -1.815204 1.417930 0.083569 0.011534 -0.195908 822.200012
92.613632 -1.617948 1.449737 0.148867 -0.001509 -0.162608 822.539978
92.441673 -1.513909 1.481495 -0.032416 -0.111136 -0.112415 823.450012
92.244507 -1.448088 1.486206 -0.030595 -0.081125 -0.095654 823.719971
92.052742 -1.377997 1.489323 -0.019336 -0.039308 -0.081243 823.940002
91.861481 -1.305230 1.491895 0.015378 -0.020996 -0.068615 824.150024
91.669960 -1.242522 1.493358 0.070822 -0.014109 -0.059144 824.359985
91.470924 -1.210534 1.493077 0.091189 -0.008614 -0.053812 824.580017
91.267143 -1.222232 1.490378 0.080572 -0.006040 -0.054900 824.809998
91.068237 -1.273438 1.485784 0.062808 -0.018947 -0.064600 825.039978
90.877419 -1.348852 1.480189 0.039567 -0.023450 -0.080065 825.260010
90.693214 -1.433121 1.474644 0.004361 -0.025556 -0.100275 825.469971
90.506683 -1.514117 1.470193 -0.028182 -0.038968 -0.125358 825.679993
90.314995 -1.577960 1.467471 -0.043029 -0.033404 -0.155101 825.890015
90.112167 -1.620510 1.466251 -0.039540 -0.026396 -0.189435 826.109985
89.910423 -1.640891 1.466604 -0.023052 -0.033405 -0.225335 826.330017
89.707741 -1.645296 1.468060 -0.042562 -0.019083 -0.261959 826.549988
89.502983 -1.625324 1.469322 -0.090567 -0.017159 -0.296154 826.780029
89.305634 -1.557795 1.468769 -0.101135 -0.021849 -0.323887 827.020020
89.132446 -1.444765 1.465793 -0.082823 -0.025133 -0.340720 827.250000
88.984268 -1.308769 1.461122 -0.053966 -0.019700 -0.347097 827.460022
88.844200 -1.155962 1.454850 -0.022964 0.010547 -0.345615 827.669983
88.717743 -1.001145 1.446394 -0.029548 0.013466 -0.334880 827.880005
88.601418 -0.836367 1.434542 -0.032431 0.005724 -0.315906 828.099976
88.493942 -0.659881 1.419422 -0.021415 0.003147 -0.289523 828.330017
88.396317 -0.481754 1.402068 -0.026630 -0.012212 -0.257140 828.559998
88.301079 -0.300648 1.385265 0.004703 -0.029598 -0.220950 828.789978
88.195450 -0.127771 1.373996 0.028232 -0.058113 -0.182258 829.020020
88.065269 0.027177 1.370136 0.037299 -0.053539 -0.140948 829.250000
87.912033 0.159868 1.373173 0.026007 -0.047251 -0.099051 829.479980
87.741425 0.274973 1.382211 0.006576 -0.043861 -0.057594 829.710022
87.566071 0.376242 1.394730 0.009161 -0.035609 -0.018737 829.929993
87.382355 0.468357 1.409219 0.015066 -0.043292 0.019112 830.150024
87.197472 0.545266 1.423220 0.014419 -0.043515 0.054557 830.359985
87.003830 0.611485 1.436375 0.009760 -0.037177 0.089191 830.570007
86.804543 0.669026 1.448154 0.003372 -0.018110 0.122946 830.780029
86.609627 0.723439 1.457518 -0.041135 0.055146 0.155436 830.989990
86.423019 0.808497 1.465060 -0.084940 0.109047 0.189325 831.229980
86.282860 0.959100 1.467470 -0.014429 0.096898 0.227856 831.500000
86.207901 1.146551 1.463869 0.075232 0.048663 0.264371 831.809998
86.242393 1.345964 1.456416 -0.094842 0.067341 0.323200 832.640015
86.322075 1.533152 1.453452 -0.091182 0.053063 0.347180 833.030029
86.385056 1.724433 1.451110 -0.073974 0.043347 0.364763 833.280029
86.444435 1.925423 1.448393 -0.050065 0.030216 0.382981 833.500000
86.499519 2.122510 1.445042 -0.026688 0.017318 0.401710 833.700012
86.554276 2.322897 1.440359 -0.015916 0.014222 0.422433 833.900024
86.608887 2.521777 1.434128 -0.004636 0.006931 0.445446 834.099976
86.662659 2.714478 1.426552 0.000918 0.003012 0.470349 834.299988
86.717888 2.908051 1.417361 -0.006910 0.011698 0.498383 834.510010
86.776123 3.106095 1.407730 -0.013286 0.021607 0.529459 834.729980
86.836884 3.304282 1.400141 -0.015763 0.028352 0.561955 834.950012
86.898575 3.496055 1.395676 -0.014568 0.027617 0.594023 835.159973
86.963547 3.690291 1.394007 -0.013673 0.026253 0.626745 835.369995
87.030998 3.886370 1.394743 -0.010139 0.019656 0.659897 835.580017
87.098465 4.080303 1.396929 -0.002924 -0.012088 0.692673 835.789978
87.160522 4.272929 1.400351 -0.030650 -0.014001 0.726125 836.010010
87.207253 4.470410 1.404989 -0.042515 -0.010387 0.760874 836.239990
87.233543 4.676085 1.409695 -0.034693 -0.027417 0.796664 836.479980
87.233505 4.883149 1.411292 -0.055735 -0.020586 0.831710 836.729980
87.203606 5.082724 1.407830 -0.063221 -0.004860 0.864379 836.969971
87.150665 5.281895 1.399700 -0.053576 0.006304 0.895779 837.200012
87.084869 5.480159 1.388348 -0.027105 0.003698 0.926329 837.419983
87.016525 5.668489 1.376475 -0.005618 -0.002306 0.955104 837.630005
86.945389 5.857752 1.365044 -0.013915 0.010726 0.984758 837.849976
86.872292 6.052419 1.355546 -0.007610 0.007524 1.015707 838.080017
86.801346 6.243474 1.348850 -0.015916 0.016278 1.046360 838.309998
86.731667 6.434208 1.344904 -0.013623 0.012725 1.077110 838.539978
86.662277 6.624716 1.343418 -0.022528 0.017979 1.107644 838.770020
86.590630 6.817958 1.344000 -0.022423 0.016612 1.138507 839.000000
86.516197 7.013030 1.345834 -0.017148 0.012543 1.169381 839.229980
86.440056 7.207547 1.348469 -0.021385 0.020371 1.200155 839.460022
86.366104 7.395533 1.351619 0.002947 0.025579 1.229731 839.679993
86.301605 7.585297 1.355508 0.035517 0.045659 1.259527 839.900024
86.260414 7.789406 1.360255 0.045770 0.053985 1.290424 840.130005
86.250336 7.992850 1.365109 0.039213 0.052286 1.319485 840.349976
86.263084 8.194729 1.369777 0.027158 0.038664 1.346711 840.559998
86.289619 8.398933 1.373595 0.003407 -0.000681 1.373171 840.770020
86.316231 8.603141 1.375552 -0.050230 -0.010013 1.401569 840.989990
86.318558 8.804792 1.374709 -0.068182 -0.019847 1.432769 841.219971
86.282547 9.008630 1.370278 -0.017607 -0.082923 1.468785 841.479980
86.208305 9.194389 1.365581 0.022773 -0.080405 1.514066 841.929993
86.045723 9.309380 1.393596 -0.093244 0.086677 1.551275 842.640015
85.888260 9.439171 1.427760 -0.066851 0.066229 1.570519 842.909973
85.732231 9.573585 1.460105 -0.029538 0.039513 1.588780 843.130005
85.584480 9.706860 1.488602 0.000149 0.042898 1.606492 843.330017
85.442627 9.850190 1.512432 0.018499 0.045080 1.626481 843.530029
85.313316 10.003370 1.529812 0.028730 0.028150 1.648054 843.729980
85.194069 10.169565 1.540736 0.022655 0.027130 1.673207 843.940002
85.088600 10.339984 1.545336 0.010575 0.028991 1.700403 844.150024
84.991074 10.514718 1.545112 -0.000831 0.026889 1.729312 844.359985
84.895699 10.691540 1.541970 -0.024759 0.015867 1.759686 844.570007
84.793633 10.864497 1.537960 -0.045446 0.008142 1.791558 844.780029
84.678032 11.028020 1.534260 -0.042540 -0.006482 1.824764 844.989990
84.544807 11.183988 1.531472 -0.036724 -0.001437 1.858929 845.210022
84.402069 11.326840 1.530358 -0.029617 0.010349 1.892825 845.429993
84.252892 11.461476 1.530691 -0.020273 -0.005105 1.926752 845.650024
84.094765 11.588947 1.532557 -0.044362 -0.008310 1.961039 845.880005
83.926437 11.697630 1.535768 -0.051431 -0.008607 1.995143 846.109985
83.745857 11.786144 1.539630 -0.042600 -0.005882 2.028596 846.340027
83.556419 11.858120 1.544090 -0.039287 0.010666 2.060972 846.570007
83.358360 11.921269 1.548085 -0.017864 0.013693 2.093360 846.799988
83.158676 11.983108 1.548392 -0.003500 0.031123 2.125006 847.030029
82.968475 12.050050 1.543702 0.005378 0.031554 2.154881 847.250000
82.781738 12.126846 1.534261 0.007091 0.028086 2.184298 847.469971
82.599464 12.212105 1.520663 0.001144 0.030936 2.213636 847.690002
82.419823 12.303744 1.504395 0.000782 0.007151 2.242621 847.909973
82.238289 12.398039 1.485658 -0.016963 0.009344 2.272711 848.140015
82.056938 12.485733 1.466097 -0.026224 0.013898 2.302978 848.369995
81.871445 12.565175 1.446548 -0.023329 0.011070 2.333300 848.599976
81.683434 12.636360 1.428383 -0.022744 0.013401 2.363402 848.830017
81.492172 12.700124 1.415674 -0.028946 0.018510 2.393389 849.059998
81.294250 12.756219 1.411234 -0.026876 0.017846 2.423932 849.289978
81.091354 12.805012 1.414331 -0.018952 0.013343 2.454640 849.520020
80.887192 12.848222 1.424007 -0.018279 0.026145 2.485239 849.750000
80.687500 12.887710 1.436480 -0.017419 0.026027 2.515029 849.969971
80.483353 12.925648 1.446820 -0.020468 0.027203 2.545202 850.190002
80.283707 12.959441 1.451679 -0.021091 0.028887 2.574554 850.400024
80.079033 12.990678 1.450526 -0.018017 0.026260 2.604478 850.609985
79.881035 13.018248 1.444210 -0.012863 0.020138 2.633397 850.809998
79.674477 13.045035 1.433476 -0.001700 -0.008006 2.663749 851.020020
79.469994 13.069442 1.420450 -0.006725 -0.002739 2.694923 851.239990
79.266594 13.090119 1.407631 -0.014283 0.014154 2.727213 851.469971
79.066048 13.105910 1.397434 -0.013051 0.013588 2.759306 851.700012
78.857910 13.117863 1.389920 -0.013778 0.028141 2.792296 851.940002
78.655106 13.126756 1.385196 -0.002427 -0.006060 2.823684 852.169983
78.452904 13.133483 1.381884 0.018929 -0.081830 2.854149 852.419983
78.251617 13.138331 1.377925 0.021768 -0.093766 2.894565 852.840027
78.049797 13.128062 1.368070 -0.036029 0.128965 2.940266 853.679993
77.849449 13.113796 1.359901 -0.025961 0.095425 2.958301 853.950012
77.644440 13.098649 1.350815 -0.013560 0.052418 2.975745 854.169983
77.444359 13.083598 1.341294 -0.006575 0.032968 2.993409 854.369995
77.241203 13.068645 1.332149 0.001194 0.009618 3.013049 854.570007
77.033104 13.054727 1.326198 0.005166 0.012880 3.035728 854.780029
76.830147 13.044113 1.325490 0.005691 0.009726 3.060138 854.989990
76.623764 13.036461 1.330343 0.004267 0.011098 3.086144 855.210022
76.422531 13.031455 1.340536 0.001934 0.023824 3.110869 855.429993
76.222252 13.027958 1.354704 0.000573 0.011333 3.132538 855.650024
76.017014 13.025748 1.371386 0.021229 0.017058 -3.133667 855.880005
75.814278 13.034668 1.387523 0.052106 0.018868 -3.124922 856.109985
75.611908 13.068394 1.401775 0.062068 0.025884 -3.125291 856.340027
75.416161 13.127379 1.413011 0.053912 0.026146 -3.134765 856.559998
75.227364 13.203843 1.421483 0.035777 0.015852 3.131681 856.770020
75.041107 13.291733 1.427897 0.016599 0.004637 3.109161 856.979980
74.861977 13.382543 1.432452 0.004081 0.006889 3.082254 857.190002
74.679947 13.475369 1.435700 0.001035 0.024812 3.050009 857.409973
74.496811 13.564907 1.438066 -0.001951 0.018422 3.015023 857.630005
74.313904 13.650224 1.439816 -0.008970 0.014456 2.981185 857.849976
74.124275 13.729093 1.441280 -0.059194 0.016181 2.951223 858.080017
73.922523 13.778070 1.442642 -0.091178 0.017942 2.929934 858.320007
73.721184 13.779822 1.443583 -0.087199 0.018856 2.920717 858.549988
73.521248 13.743557 1.444257 -0.066517 0.018731 2.922306 858.770020
73.326912 13.684572 1.444544 -0.033005 -0.003817 2.933432 858.979980
73.139633 13.613643 1.443792 -0.023183 -0.008711 2.950719 859.190002
72.954460 13.531735 1.441179 -0.027676 0.004274 2.975175 859.409973
72.774719 13.441797 1.436417 -0.030363 0.016598 3.005428 859.630005
72.595009 13.343825 1.429615 -0.027718 0.023404 3.040300 859.849976
72.421173 13.244254 1.421675 -0.017363 0.016699 3.076860 860.059998
72.247971 13.142542 1.412780 -0.008838 0.012321 3.114947 860.270020
72.069298 13.037124 1.402689 -0.009080 0.021542 -3.127694 860.489990
71.890472 12.933578 1.392136 0.011933 0.023084 -3.088504 860.710022
71.709229 12.840597 1.381458 0.044377 0.035605 -3.054649 860.929993
71.519829 12.770481 1.370639 0.053399 0.026558 -3.030317 861.150024
71.324883 12.726536 1.360904 0.044274 0.020160 -3.014857 861.369995
71.118172 12.703159 1.354214 0.028699 0.033826 -3.006233 861.599976
70.913513 12.693611 1.351909 0.015073 0.035676 -3.005126 861.820007
70.711670 12.689553 1.353353 0.005109 0.032795 -3.008846 862.030029
70.505699 12.686150 1.357554 -0.001635 0.013492 -3.015811 862.239990
70.297791 12.681609 1.362725 -0.007469 -0.066543 -3.024918 862.460022
70.094055 12.676332 1.367872 -0.010097 -0.115812 -3.038111 862.739990
69.893044 12.669632 1.374453 0.006859 0.118678 -3.072257 863.580017
69.691360 12.666084 1.379778 0.004181 0.105355 -3.090012 863.940002
69.484695 12.662958 1.383489 0.000925 0.057789 -3.101839 864.190002
69.281960 12.659554 1.385934 -0.002617 0.030463 -3.110386 864.409973
69.074371 12.654720 1.387584 -0.004122 0.033449 -3.116333 864.630005
68.871994 12.648254 1.388144 -0.003958 0.031277 -3.119366 864.840027
68.666237 12.640163 1.387707 -0.003064 0.031046 -3.120223 865.049988
68.458145 12.630912 1.386469 -0.001759 0.005741 -3.119339 865.260010
68.256874 12.621337 1.384098 0.000496 -0.005242 -3.117461 865.469971
68.048790 12.611629 1.379027 0.001865 0.015483 -3.115026 865.700012
67.844116 12.603109 1.371509 0.001849 0.032501 -3.112727 865.929993
67.643784 12.595813 1.362458 0.001342 0.037283 -3.110818 866.150024
67.436729 12.588986 1.352050 0.001036 0.027782 -3.109455 866.369995
67.236725 12.582994 1.341631 0.003903 0.019398 -3.109515 866.580017
67.028221 12.578485 1.330829 0.006392 0.025639 -3.111802 866.799988
66.828094 12.576748 1.320907 0.006785 0.029737 -3.115730 867.010010
66.625488 12.577588 1.311829 0.005058 0.027099 -3.119370 867.219971
66.420952 12.580130 1.306493 0.000075 0.028715 -3.122043 867.429993
66.214226 12.582411 1.306835 -0.003354 0.027292 -3.123708 867.640015
66.005981 12.583008 1.313313 -0.004611 0.025354 -3.124493 867.849976
65.796898 12.581465 1.325464 -0.004302 0.028485 -3.124594 868.059998
65.596680 12.578206 1.340810 -0.002247 0.014292 -3.124278 868.260010
65.389969 12.574101 1.357337 0.003945 0.010483 -3.124891 868.469971
65.188660 12.571675 1.371489 0.007948 0.017624 -3.127773 868.679993
64.979813 12.572636 1.382510 0.009099 0.029195 -3.132953 868.900024
64.778191 12.577221 1.389123 0.007424 0.031264 -3.138202 869.109985
64.573364 12.584522 1.393014 0.002394 0.030291 3.140290 869.320007
64.365738 12.592541 1.395741 -0.001675 0.028079 3.136370 869.530029
64.156380 12.599599 1.398252 -0.003518 0.025507 3.133280 869.739990
63.956348 12.604755 1.401034 -0.003715 0.024989 3.131079 869.940002
63.756054 12.608369 1.404554 -0.003067 0.023599 3.129342 870.140015
63.555973 12.610751 1.408943 -0.002269 0.024605 3.126758 870.340027
63.355949 12.612306 1.414005 0.000349 0.018568 3.122119 870.539978
63.148094 12.614580 1.419358 0.011917 0.014328 3.114175 870.750000
62.944145 12.621778 1.424148 0.020058 0.021197 3.102495 870.960022
62.741779 12.637172 1.428148 0.021168 0.024665 3.087865 871.169983
62.539463 12.661121 1.431107 0.016854 0.022162 3.073370 871.380005
62.338654 12.690660 1.432856 -0.011005 0.011692 3.061495 871.590027
62.132236 12.715295 1.433368 -0.044207 0.018502 3.054302 871.809998
61.927402 12.720220 1.432409 -0.043932 -0.011511 3.055325 872.030029
61.723133 12.703238 1.429664 -0.011624 -0.087409 3.062988 872.270020
61.526691 12.664355 1.427855 0.030842 -0.134282 3.075958 872.650024
61.336510 12.588720 1.446974 -0.034801 0.108404 3.114026 873.500000
61.144615 12.526665 1.471161 -0.026467 0.089121 3.136262 873.780029
60.954601 12.466724 1.494310 -0.018586 0.068422 -3.125339 874.000000
60.762527 12.406849 1.516947 -0.010364 0.043745 -3.102786 874.200012
60.562763 12.345295 1.537306 0.001158 0.020744 -3.078222 874.400024
60.363605 12.286319 1.551739 0.008316 0.018525 -3.052208 874.599976
60.166859 12.232456 1.558843 0.010667 0.003539 -3.025672 874.799988
59.967266 12.182467 1.558397 0.008787 0.006002 -2.999605 875.010010
59.765026 12.136019 1.550448 0.005911 0.015157 -2.977509 875.229980
59.566196 12.095040 1.537898 0.034963 0.010368 -2.962905 875.450012
59.360512 12.070580 1.523751 0.066695 0.014772 -2.957076 875.679993
59.154068 12.077710 1.510966 0.060810 -0.001729 -2.962757 875.909973
58.952202 12.114776 1.500563 0.050078 0.009698 -2.975842 876.140015
58.752190 12.174031 1.492900 0.035357 0.021238 -2.997043 876.369995
58.558731 12.242712 1.487481 0.014090 0.028571 -3.023891 876.590027
58.370312 12.309988 1.483306 -0.000804 0.034439 -3.054161 876.799988
58.177807 12.372553 1.479175 -0.010941 0.017939 -3.087471 877.010010
57.977100 12.429813 1.472818 -0.010926 0.024773 -3.124966 877.229980
57.775673 12.479115 1.463088 -0.007476 0.020760 3.119372 877.450012
57.575123 12.522634 1.450140 -0.004160 0.011409 3.080586 877.669983
57.378487 12.562456 1.434116 -0.000088 0.024042 3.042812 877.890015
57.182068 12.601040 1.416306 -0.001699 0.014518 3.007690 878.109985
56.978985 12.638677 1.398943 -0.019037 0.021808 2.977255 878.340027
56.774464 12.667002 1.385693 -0.028479 0.030282 2.956308 878.570007
56.572586 12.682322 1.377640 -0.028127 0.033693 2.946596 878.789978
56.364418 12.687105 1.373688 -0.020188 0.015960 2.947413 879.010010
56.156567 12.683954 1.373076 -0.013790 0.019538 2.957166 879.229980
55.949276 12.676241 1.374934 -0.008402 0.018343 2.975378 879.450012
55.743847 12.666432 1.378201 -0.003371 0.010944 3.000018 879.669983
55.542652 12.656283 1.382055 -0.001776 0.026163 3.028808 879.890015
55.341183 12.647032 1.386343 -0.000567 0.016105 3.059664 880.109985
55.132641 12.638312 1.391075 0.000272 0.022679 3.091516 880.340027
54.923660 12.630696 1.396435 0.000110 0.033431 3.120849 880.570007
54.718861 12.624169 1.402216 -0.000057 0.035370 -3.137947 880.789978
54.517925 12.618189 1.408127 0.000133 0.022355 -3.118654 881.000000
54.311234 12.612209 1.413271 -0.000156 -0.059244 -3.102873 881.219971
54.109951 12.606682 1.417181 -0.002380 -0.118212 -3.089415 881.489990
53.906364 12.608706 1.410202 0.019671 0.129334 -3.091319 882.330017
53.701443 12.627419 1.395938 0.014839 0.115540 -3.110391 882.679993
53.501480 12.646136 1.383346 0.003737 0.069229 -3.121323 882.909973
53.295925 12.663405 1.372756 -0.008358 0.044386 -3.128355 883.119995
53.091549 12.675795 1.365283 -0.013606 0.033854 -3.132632 883.320007
52.883755 12.682388 1.360674 -0.013683 0.024448 -3.134851 883.520020
52.676094 12.683409 1.358855 -0.010897 0.019113 -3.135457 883.719971
52.470993 12.680184 1.359254 -0.005272 0.005503 -3.134857 883.919983
52.263088 12.675130 1.360674 0.007943 0.004216 -3.134618 884.130005
52.063076 12.673445 1.362088 0.016243 0.015621 -3.136547 884.340027
51.858219 12.678764 1.363024 0.016427 0.006779 3.141047 884.559998
51.650463 12.692046 1.362876 0.013535 0.021159 3.131768 884.789978
51.443890 12.711492 1.361771 0.008637 0.016177 3.118576 885.020020
51.239494 12.734245 1.359808 -0.000928 0.018787 3.104708 885.250000
51.036121 12.755759 1.357413 -0.009654 0.033172 3.093699 885.479980
50.836334 12.771701 1.355058 -0.012374 0.038236 3.087743 885.700012
50.628971 12.782183 1.352810 -0.011261 0.037001 3.086004 885.919983
50.424767 12.787750 1.350746 -0.008702 0.027700 3.087630 886.130005
50.218647 12.789794 1.349202 -0.010391 0.016197 3.092696 886.340027
50.014824 12.787728 1.348882 -0.012005 0.021025 3.101801 886.549988
49.812790 12.781131 1.350072 -0.010273 0.009352 3.115167 886.760010
49.606419 12.770088 1.352604 -0.007321 0.012901 3.131741 886.979980
49.404259 12.756236 1.356276 -0.004581 0.018183 -3.133731 887.200012
49.196560 12.740324 1.360720 0.000302 0.004097 -3.115842 887.429993
48.996212 12.725268 1.364892 0.004546 0.023976 -3.100905 887.659973
48.795357 12.712710 1.368428 0.005694 0.022266 -3.090503 887.890015
48.584290 12.702635 1.371130 0.004596 0.026318 -3.085837 888.130005
48.379688 12.695169 1.372675 0.004659 0.028459 -3.088054 888.359985
48.171535 12.689841 1.372850 0.008032 0.032697 -3.095438 888.590027
47.967686 12.687974 1.371809 0.008661 0.026210 -3.105779 888.809998
47.762222 12.689662 1.369592 0.006750 0.015386 -3.117218 889.030029
47.559029 12.694202 1.366409 0.004953 0.027001 -3.127259 889.250000
47.355671 12.700569 1.362537 0.001288 -0.013053 -3.134889 889.469971
47.154972 12.707775 1.357945 -0.002564 -0.088776 -3.140065 889.710022
46.953819 12.715946 1.352619 -0.003780 -0.113493 3.139461 890.119995
46.749725 12.719380 1.354870 -0.002942 0.133565 3.140140 890.900024
46.544823 12.717677 1.360924 -0.002394 0.091055 -3.141128 891.169983
46.339748 12.715027 1.364904 -0.003677 0.037199 -3.138841 891.390015
46.135735 12.710978 1.367022 -0.005940 0.028276 -3.135197 891.599976
45.929626 12.704621 1.366392 -0.006335 0.027704 -3.129541 891.809998
45.721985 12.695818 1.362688 -0.005501 0.026931 -3.122340 892.020020
45.513065 12.684933 1.356439 -0.003990 0.024060 -3.114378 892.229980
45.306126 12.672787 1.348482 0.001007 -0.009439 -3.106577 892.440002
45.102280 12.661416 1.338433 0.009485 0.001681 -3.100818 892.659973
44.898838 12.654570 1.326611 0.012667 0.014331 -3.099394 892.890015
44.690681 12.654106 1.313941 0.011052 0.018283 -3.103081 893.130005
44.483181 12.659275 1.300890 0.008247 0.035988 -3.110897 893.369995
44.277729 12.667516 1.289213 0.001053 0.033185 -3.120549 893.599976
44.075371 12.675170 1.280784 -0.007150 0.035685 -3.128369 893.820007
43.867065 12.679088 1.275906 -0.010301 0.033932 -3.132756 894.039978
43.663334 12.678144 1.274639 -0.009918 0.034425 -3.133855 894.250000
43.455227 12.672979 1.276069 -0.007418 0.028259 -3.132552 894.460022
43.255184 12.665444 1.279695 0.000638 0.023973 -3.130653 894.659973
43.055046 12.658423 1.285799 0.009761 0.024058 -3.130042 894.859985
42.845341 12.655170 1.294562 0.013082 0.010548 -3.132226 895.070007
42.640831 12.657446 1.304977 0.012183 0.006463 -3.136514 895.280029
42.433640 12.665172 1.317262 0.009723 0.018322 3.141100 895.500000
42.229729 12.676882 1.329926 0.004510 0.011922 3.134757 895.719971
42.029816 12.690142 1.340384 -0.000503 0.020897 3.128611 895.940002
41.821564 12.703243 1.347779 -0.003391 0.019418 3.122814 896.169983
41.614319 12.714231 1.351262 -0.003779 0.020979 3.119040 896.400024
41.407372 12.723035 1.351389 -0.002840 0.028877 3.118976 896.630005
41.207401 12.729794 1.349211 -0.005235 0.015672 3.122669 896.849976
41.000118 12.734066 1.345396 -0.008070 0.027891 3.129157 897.080017
40.799706 12.734394 1.341227 -0.008286 0.033291 3.136969 897.299988
40.593994 12.731005 1.337234 -0.006676 0.038052 -3.137770 897.520020
40.391525 12.724999 1.333681 -0.004231 0.024071 -3.129678 897.729980
40.189808 12.717422 1.330136 -0.001514 -0.006728 -3.122158 897.940002
39.989796 12.709191 1.325358 0.000381 0.013478 -3.115445 898.159973
39.785694 12.701025 1.319214 0.001258 0.016314 -3.109829 898.390015
39.583717 12.693618 1.311661 0.001346 0.022201 -3.105672 898.619995
39.380970 12.686856 1.302893 0.001135 0.030772 -3.102891 898.849976
39.177719 12.680573 1.293480 0.000408 -0.040859 -3.101388 899.080017
38.974373 12.674799 1.283057 -0.000593 -0.102475 -3.100826 899.359985
38.774166 12.671195 1.267562 0.000970 0.119756 -3.104837 900.219971
38.572441 12.666426 1.265944 -0.000469 0.124307 -3.107805 900.609985
38.368122 12.660471 1.263266 -0.000932 0.072964 -3.109413 900.849976
38.164074 12.654018 1.260566 -0.000662 0.033728 -3.110708 901.059998
37.954571 12.647134 1.260967 0.000003 0.023374 -3.111903 901.270020
37.744926 12.640275 1.266069 0.000581 0.025152 -3.112995 901.479980
37.544983 12.633989 1.275569 0.000782 0.023981 -3.114351 901.679993
37.345192 12.628045 1.288953 0.000866 0.020166 -3.116472 901.880005
37.136909 12.622307 1.303725 0.002296 0.018109 -3.119503 902.090027
36.931019 12.617626 1.314739 0.003548 0.019697 -3.123014 902.299988
36.726639 12.614453 1.319709 0.003610 0.027133 -3.126674 902.510010
36.521057 12.612746 1.318185 0.002869 0.027941 -3.130265 902.719971
36.314026 12.612176 1.310909 0.001727 0.014512 -3.133584 902.929993
36.111641 12.612227 1.300623 -0.001608 -0.006149 -3.136007 903.140015
35.911129 12.611525 1.290541 -0.005354 0.015952 -3.136488 903.359985
35.705555 12.608237 1.283747 -0.006188 0.014522 -3.134065 903.590027
35.503002 12.602015 1.281536 -0.001360 0.010573 -3.130852 903.820007
35.296825 12.596473 1.283664 0.025763 0.019727 -3.129389 904.059998
35.091152 12.604628 1.289813 0.039356 0.025107 -3.132531 904.299988
34.892601 12.631452 1.297566 0.035542 0.015805 -3.141011 904.530029
34.695648 12.675124 1.303694 0.036979 0.028445 3.129265 904.760010
34.495544 12.734909 1.305015 0.031670 0.029356 3.110502 904.989990
34.301880 12.803957 1.301167 0.018389 0.012702 3.087660 905.210022
34.111469 12.878592 1.292394 0.012182 0.024182 3.061675 905.429993
33.921150 12.955736 1.280197 0.001811 0.007541 3.032635 905.650024
33.727543 13.032814 1.267948 -0.021331 0.006922 3.003095 905.880005
33.530178 13.098694 1.259665 -0.031382 0.029941 2.977373 906.119995
33.334286 13.145157 1.258107 -0.028796 0.037321 2.960828 906.349976
33.136841 13.177019 1.262359 -0.021379 0.040574 2.952721 906.570007
32.929249 13.200953 1.271340 -0.013019 0.039082 2.952254 906.789978
32.723381 13.220152 1.282967 -0.006022 0.031301 2.959058 907.000000
32.516079 13.237882 1.295303 -0.000439 -0.028185 2.972001 907.210022
32.315269 13.253777 1.306815 0.005820 -0.101886 2.990399 907.440002
32.116257 13.268707 1.320086 0.006303 -0.113958 3.022385 907.849976
31.917639 13.244154 1.329606 -0.032026 0.128071 3.061882 908.640015
31.712620 13.210357 1.336631 -0.020436 0.086117 3.081580 908.909973
31.509283 13.176686 1.342187 -0.000967 0.035235 3.099312 909.130005
31.307673 13.146121 1.347684 0.012363 0.027490 3.115646 909.340027
31.103987 13.122242 1.353123 0.016074 0.030705 3.130865 909.549988
30.897566 13.106261 1.358245 0.013990 0.029678 -3.140193 909.760010
30.688797 13.096887 1.362857 0.009848 0.021962 -3.132724 909.969971
30.481544 13.092190 1.366894 0.008724 0.006246 -3.130075 910.179993
30.280518 13.091409 1.370685 0.009205 0.017714 -3.131078 910.390015
30.072906 13.094662 1.374584 0.008050 0.012406 -3.135425 910.609985
29.869553 13.101388 1.378340 0.005578 0.013467 3.141302 910.830017
29.669708 13.110380 1.382150 0.003371 0.025931 3.133699 911.049988
29.469490 13.120466 1.385320 -0.001175 0.016654 3.126067 911.270020
29.261900 13.129977 1.385668 -0.006487 0.027670 3.120271 911.500000
29.061348 13.135993 1.382274 -0.007864 0.021426 3.118221 911.719971
28.860556 13.138413 1.375362 -0.006809 0.019626 3.118994 911.940002
28.660633 13.137818 1.365519 -0.004885 0.024799 3.121664 912.159973
28.460566 13.135236 1.354208 -0.002444 0.014284 3.125614 912.380005
28.253723 13.131591 1.343360 -0.000512 0.028197 3.130367 912.609985
28.053278 13.128135 1.335296 0.000357 0.033882 3.135106 912.830017
27.847391 13.125101 1.329771 0.000650 0.036706 3.139676 913.049988
27.644920 13.122654 1.326742 0.000680 0.027881 -3.139555 913.260010
27.440817 13.120603 1.325272 0.000830 0.011345 -3.136352 913.469971
27.231604 13.118908 1.324332 0.000998 0.018770 -3.133880 913.690002
27.024654 13.117689 1.323703 0.000944 0.013352 -3.132275 913.909973
26.821266 13.116899 1.322855 0.000735 0.014910 -3.131233 914.130005
26.621189 13.116419 1.321282 0.000571 0.027544 -3.130409 914.349976
26.418892 13.116057 1.318802 -0.000226 0.035267 -3.129649 914.570007
26.210859 13.115419 1.315207 -0.001065 0.035716 -3.128957 914.789978
26.007736 13.114222 1.310982 -0.001500 0.013702 -3.128230 915.000000
25.807741 13.112333 1.308072 -0.002357 0.009000 -3.127156 915.210022
25.603945 13.109330 1.308808 -0.002659 0.020705 -3.125535 915.429993
25.401203 13.105108 1.314627 -0.002349 0.030023 -3.123403 915.650024
25.195007 13.099760 1.325423 -0.001684 0.034377 -3.120982 915.869995
24.995022 13.093910 1.338229 -0.000861 -0.015433 -3.118541 916.080017
24.788958 13.087420 1.351981 0.000232 -0.094622 -3.115920 916.320007
24.589128 13.080630 1.370598 0.001990 -0.020281 -3.115449 916.840027
24.387732 13.088719 1.373526 0.006613 0.110989 -3.135436 917.500000
24.185585 13.098760 1.374529 0.002475 0.088163 3.135658 917.770020
23.985130 13.108093 1.374846 -0.000163 0.049400 3.126753 917.989990
23.781588 13.116765 1.374556 -0.006682 0.020536 3.121185 918.200012
23.578234 13.121880 1.371498 -0.025628 0.013898 3.119805 918.409973
23.369143 13.115990 1.363840 -0.034492 0.013835 3.123978 918.630005
23.164677 13.095248 1.351502 -0.030363 0.006232 3.132706 918.849976
22.967016 13.061922 1.335919 -0.014167 0.014069 -3.141465 919.070007
22.763828 13.022978 1.321846 0.020826 0.028053 -3.134347 919.299988
22.557236 12.995836 1.314613 0.038182 0.036873 -3.131790 919.530029
22.352583 12.988731 1.315309 0.038446 0.035703 -3.132336 919.750000
22.151812 12.998615 1.321700 0.025751 0.023507 -3.133391 919.960022
21.950201 13.018568 1.330110 0.004603 0.022727 -3.133545 920.169983
21.748714 13.039696 1.337939 -0.009598 0.022584 -3.132810 920.380005
21.548405 13.055984 1.343602 -0.015203 0.010581 -3.131252 920.590027
21.343206 13.065510 1.346356 -0.014708 0.022202 -3.129541 920.809998
21.138971 13.067836 1.345839 -0.006803 0.021332 -3.127728 921.030029
20.934961 13.067626 1.342721 0.018762 0.025010 -3.127799 921.250000
20.729765 13.075457 1.337885 0.033703 0.024543 -3.131755 921.469971
20.524515 13.097625 1.332006 0.031659 0.008262 -3.140573 921.690002
20.324852 13.133699 1.326619 0.036825 0.015633 3.129994 921.909973
20.128551 13.185059 1.324172 0.040686 0.020411 3.112407 922.130005
19.933123 13.252815 1.325568 0.036926 0.026278 3.090209 922.349976
19.745762 13.330685 1.330489 0.028008 0.026890 3.064971 922.559998
19.557188 13.417445 1.338289 0.013393 0.020558 3.036606 922.770020
19.370197 13.503959 1.346902 -0.059957 -0.003249 3.008341 922.979980
19.172892 13.564432 1.355095 -0.127523 -0.018002 2.983318 923.210022
18.972673 13.558811 1.358943 -0.076265 -0.069601 2.969163 923.460022
18.782806 13.483916 1.357218 0.014644 -0.096564 2.954645 923.780029
18.633833 13.346555 1.356177 -0.047046 0.114549 2.955613 924.659973
18.439930 13.280492 1.365120 -0.045248 0.100367 2.980467 925.039978
18.241690 13.219230 1.372422 -0.025554 0.068582 3.005521 925.289978
18.049364 13.163480 1.377205 0.009533 0.053726 3.027937 925.500000
17.854292 13.118340 1.379156 0.030627 0.043951 3.048417 925.700012
17.652569 13.087983 1.377862 0.035792 0.036298 3.067195 925.900024
17.447439 13.073366 1.373443 0.031144 0.029271 3.083747 926.099976
17.241659 13.071784 1.366384 0.021973 0.007264 3.097399 926.299988
17.033535 13.079150 1.357866 0.008335 -0.012361 3.109648 926.510010
16.830376 13.090137 1.349427 -0.003599 0.010690 3.121925 926.729980
16.624132 13.099523 1.342552 -0.009259 0.027124 3.134388 926.960022
16.415548 13.103998 1.338308 -0.009893 0.035452 -3.137097 927.190002
16.210396 13.103389 1.336435 -0.007499 0.018644 -3.127038 927.409973
15.998097 13.099069 1.336265 -0.003020 0.003071 -3.118594 927.640015
15.794009 13.093326 1.337376 0.000722 0.024687 -3.113004 927.869995
15.588974 13.087840 1.339373 0.002795 0.035556 -3.110177 928.099976
15.386818 13.083611 1.341639 0.003249 0.037153 -3.109664 928.320007
15.178415 13.080534 1.343939 0.002486 0.014552 -3.110833 928.539978
14.973084 13.078519 1.346105 0.001295 0.002861 -3.113082 928.760010
14.766778 13.077108 1.348368 0.000708 0.022588 -3.116130 928.989990
14.561876 13.075892 1.350864 0.000369 0.017232 -3.119563 929.219971
14.358251 13.074718 1.353505 0.000114 0.028048 -3.123023 929.450012
14.152312 13.073424 1.356352 -0.000097 0.013427 -3.126247 929.679993
13.949984 13.072028 1.358911 -0.000342 0.007252 -3.128987 929.909973
13.745073 13.070415 1.360667 -0.000383 0.030738 -3.131220 930.150024
13.544434 13.068601 1.361810 -0.000414 0.039376 -3.132720 930.380005
13.344036 13.066597 1.362467 -0.000445 0.042898 -3.133609 930.599976
13.135535 13.064348 1.362620 -0.000126 0.010045 -3.134053 930.820007
12.931215 13.062162 1.362282 0.001327 0.006372 -3.134458 931.039978
12.724867 13.060600 1.361497 0.002187 0.024515 -3.135299 931.270020
12.517457 13.060116 1.360426 0.002146 0.033549 -3.136701 931.500000
12.313677 13.060598 1.359359 0.001595 0.036637 -3.138353 931.719971
12.104376 13.061696 1.358284 -0.000642 0.021825 -3.139825 931.940002
11.904168 13.062339 1.357881 -0.004693 0.022929 -3.139921 932.150024
11.704157 13.061038 1.358419 -0.006330 0.019800 -3.137873 932.359985
11.496603 13.056931 1.359921 -0.005773 0.012324 -3.134466 932.580017
11.293150 13.050308 1.362317 -0.004877 0.023539 -3.132461 932.799988
11.090789 13.041985 1.365356 0.003802 0.012216 -3.133260 933.020020
10.882884 13.035743 1.368056 0.015901 0.024872 -3.138527 933.250000
10.673878 13.037460 1.369797 0.019650 0.031946 3.134079 933.479980
10.469558 13.048183 1.370418 0.017301 0.034135 3.120203 933.700012
10.270309 13.065583 1.370014 0.011554 0.012603 3.104753 933.909973
10.069362 13.087999 1.368322 0.003063 -0.066426 3.087736 934.130005
9.868144 13.114809 1.365043 -0.004384 -0.119071 3.067257 934.419983
9.668028 13.128096 1.367759 -0.025481 0.119512 3.062093 935.309998
9.468322 13.108391 1.379161 -0.018643 0.104416 3.089108 935.640015
9.264663 13.086222 1.389107 -0.006855 0.049983 3.115243 935.880005
9.060995 13.064619 1.396886 0.010550 0.027312 3.139036 936.099976
8.854424 13.048600 1.401814 0.018646 0.027468 -3.124023 936.320007
8.646676 13.041410 1.403088 0.017199 0.011393 -3.109788 936.539978
8.442793 13.042206 1.400697 0.012995 0.019377 -3.101569 936.760010
8.240477 13.048579 1.395720 0.008162 0.019301 -3.100049 936.979980
8.039165 13.058020 1.389767 0.003473 0.021395 -3.103798 937.200012
7.838049 13.068285 1.384367 0.000642 0.028788 -3.111048 937.419983
7.633736 13.077986 1.380278 -0.000425 0.035339 -3.120378 937.640015
7.433513 13.086308 1.377817 -0.000770 0.033455 -3.130188 937.849976
7.229539 13.093736 1.376763 -0.001492 0.007039 -3.140002 938.059998
7.022314 13.100320 1.376333 -0.004197 0.000116 3.134134 938.280029
6.815896 13.104862 1.375776 -0.005231 0.016487 3.127392 938.510010
6.613475 13.106694 1.374996 -0.004482 0.014331 3.124068 938.739990
6.404789 13.106271 1.373811 -0.003319 0.031799 3.123469 938.979980
6.200548 13.104450 1.372329 -0.001528 0.024815 3.124994 939.210022
5.993876 13.102269 1.369601 0.001993 0.027267 3.127173 939.440002
5.793599 13.101316 1.365357 0.003679 0.034801 3.128688 939.659973
5.587664 13.102258 1.359363 0.003775 0.037204 3.129300 939.880005
5.385115 13.104905 1.352308 0.003013 0.033946 3.129203 940.090027
5.179279 13.108830 1.344564 0.001101 0.010718 3.128826 940.299988
4.977660 13.113012 1.337785 -0.002924 0.015002 3.129263 940.510010
4.770172 13.115983 1.333431 -0.005326 0.021340 3.131321 940.729980
4.564600 13.116510 1.332275 -0.005251 0.009538 3.135132 940.950012
4.363877 13.114635 1.334149 -0.004127 0.020273 3.139855 941.169983
4.154984 13.110753 1.338712 -0.002555 0.027438 -3.138147 941.400024
3.952928 13.106073 1.343258 0.001058 0.027697 -3.134178 941.619995
3.747985 13.101982 1.345220 0.003959 0.032400 -3.131921 941.840027
3.539851 13.099695 1.343366 0.004506 0.014572 -3.131645 942.059998
3.334268 13.099473 1.337478 0.003837 0.021257 -3.132754 942.280029
3.129629 13.100930 1.328282 0.002566 0.015183 -3.134930 942.500000
2.929104 13.103015 1.318461 -0.008391 -0.002634 -3.136937 942.719971
2.721463 13.100571 1.310291 -0.020691 0.021764 -3.136651 942.960022
2.515471 13.087403 1.306797 -0.020504 0.017407 -3.131346 943.200012
2.310256 13.063618 1.308161 -0.016234 0.027011 -3.121036 943.440002
2.111003 13.033360 1.313280 -0.009992 0.017380 -3.105758 943.669983
1.909486 12.998355 1.319651 0.001772 -0.063902 -3.086021 943.909973
1.713151 12.960236 1.325985 0.011095 -0.104794 -3.058878 944.229980
1.511787 12.960634 1.335225 0.032267 0.114707 -3.036209 945.140015
1.308556 12.997202 1.341671 0.021079 0.102034 -3.061755 945.469971
1.104366 13.030835 1.346351 0.006870 0.055937 -3.088770 945.710022
0.897636 13.061863 1.350858 -0.007544 0.040349 -3.114614 945.929993
0.692606 13.086642 1.355640 -0.013033 0.029212 -3.137539 946.140015
0.485870 13.104813 1.360558 -0.012506 0.008462 3.125906 946.349976
0.284530 13.116971 1.365577 -0.008987 0.014444 3.109282 946.559998
0.077514 13.125263 1.371210 -0.004378 0.010119 3.095711 946.780029
-0.123857 13.131640 1.376949 0.006689 0.005189 3.084804 947.000000
-0.326802 13.141388 1.382895 0.015174 0.023827 3.074083 947.229980
-0.528518 13.158558 1.388935 0.015035 0.014836 3.062309 947.460022
-0.727882 13.183016 1.395080 0.011926 0.028430 3.049924 947.690002
-0.929832 13.213408 1.401361 0.007437 0.026670 3.036471 947.919983
-1.132821 13.247043 1.406893 -0.003025 0.003501 3.023942 948.150024
-1.337495 13.278613 1.410803 -0.021011 0.020187 3.014942 948.390015
-1.542520 13.298985 1.412326 -0.025350 0.021954 3.012622 948.630005
-1.750522 13.306368 1.411534 -0.021649 0.026834 3.017434 948.869995
-1.954114 13.303781 1.409005 -0.015636 0.032827 3.029018 949.099976
-2.162737 13.295259 1.405410 -0.009803 0.018011 3.047222 949.330017
-2.370906 13.282948 1.401300 -0.009913 0.026432 3.070871 949.559998
-2.572135 13.267982 1.397432 -0.009478 0.025106 3.098163 949.780029
-2.774396 13.250003 1.393717 -0.006807 0.017539 3.128039 950.000000
-2.975204 13.229878 1.390430 -0.004657 0.028680 -3.125237 950.219971
-3.177432 13.208591 1.387359 0.009264 0.006274 -3.097282 950.440002
-3.381386 13.194808 1.383693 0.072492 -0.017637 -3.074044 950.669983
-3.584582 13.221830 1.378489 0.105096 -0.023304 -3.058728 950.919983
-3.767136 13.308050 1.371411 0.088785 -0.021564 -3.054573 951.169983
-3.925499 13.436745 1.363084 0.070245 -0.002023 -3.059814 951.409973
-4.063458 13.581595 1.354792 0.031707 0.003583 -3.074098 951.630005
-4.198269 13.734080 1.347230 0.003326 0.031881 -3.095037 951.849976
-4.340622 13.880355 1.341283 -0.007439 0.051077 -3.122167 952.070007
-4.498774 14.015660 1.336958 -0.008682 0.052429 3.129240 952.289978
-4.664612 14.134943 1.334193 -0.006435 0.043649 3.095584 952.500000
-4.839496 14.245608 1.332578 -0.028916 0.007875 3.060883 952.710022
-5.020122 14.341206 1.332880 -0.086538 0.005050 3.026719 952.929993
-5.214847 14.396092 1.335615 -0.105537 0.010154 2.997174 953.169983
-5.419687 14.391479 1.340250 -0.084693 0.007801 2.978565 953.419983
-5.618043 14.340944 1.346361 -0.057630 0.016675 2.971378 953.659973
-5.807460 14.267982 1.352120 -0.000997 -0.042237 2.976347 953.890015
-5.989548 14.183176 1.357227 0.048575 -0.089250 2.987113 954.159973
-6.165366 14.088200 1.367414 -0.049714 0.098791 3.029563 954.989990
-6.349925 14.014104 1.390955 -0.052666 0.097820 3.052469 955.419983
-6.540505 13.935735 1.411080 -0.035968 0.066349 3.072422 955.679993
-6.728754 13.856860 1.429271 -0.019455 0.037111 3.092066 955.900024
-6.916529 13.777463 1.447465 -0.010050 0.021835 3.113033 956.109985
-7.105050 13.697661 1.464835 -0.006995 0.015555 3.136305 956.320007
-7.291286 13.618695 1.480716 -0.007708 0.017557 -3.121361 956.530029
-7.474914 13.540504 1.494814 -0.004113 0.006708 -3.094878 956.739990
-7.661795 13.460234 1.507771 -0.007759 0.018272 -3.070002 956.960022
-7.846786 13.380891 1.517559 0.017032 0.022425 -3.050769 957.179993
-8.042050 13.310783 1.518229 0.067739 0.025263 -3.039121 957.409973
-8.242655 13.274849 1.505786 0.084987 0.026847 -3.037589 957.640015
-8.449993 13.280014 1.480029 0.075030 0.028846 -3.045978 957.869995
-8.644882 13.315374 1.446939 0.051581 0.019006 -3.062188 958.080017
-8.839027 13.368820 1.411724 -0.001947 -0.002875 -3.083308 958.289978
-9.032369 13.420565 1.383868 -0.059252 0.010115 -3.105242 958.510010
-9.236182 13.443018 1.371072 -0.075076 0.013710 -3.125098 958.750000
-9.443205 13.421524 1.375793 -0.045958 0.004394 -3.141447 959.000000
-9.643164 13.375086 1.389386 0.012315 0.028781 3.125123 959.250000
-9.839639 13.338473 1.403522 0.042110 0.047505 3.108743 959.489990
-10.040584 13.326551 1.413667 0.046212 0.049627 3.092227 959.719971
-10.244789 13.338066 1.418314 0.035951 0.036738 3.076575 959.940002
-10.444746 13.364674 1.418938 0.017918 0.020004 3.063077 960.150024
-10.643407 13.398338 1.417774 0.002912 0.022375 3.052086 960.359985
-10.841072 13.432598 1.416440 -0.005696 0.011924 3.043467 960.570007
-11.044319 13.464921 1.415550 -0.008978 0.011713 3.038292 960.789978
-11.242990 13.491882 1.415682 -0.013872 0.016683 3.037876 961.010010
-11.449182 13.512728 1.417558 -0.016763 0.028678 3.042708 961.239990
-11.649980 13.525180 1.421017 -0.015007 0.033175 3.051962 961.460022
-11.856546 13.531511 1.425850 -0.010958 0.036964 3.064073 961.679993
-12.059676 13.533716 1.431211 -0.005220 0.023715 3.076912 961.890015
-12.263668 13.534576 1.437129 0.006234 0.020210 3.088387 962.099976
-12.466176 13.538307 1.443405 0.013543 0.021349 3.096260 962.309998
-12.666621 13.547688 1.449726 0.014042 0.007537 3.099948 962.520020
-12.870404 13.563499 1.456164 0.012394 0.018299 3.102345 962.739990
-13.071246 13.584049 1.462713 -0.011147 0.016015 3.105001 962.960022
-13.278318 13.596981 1.470843 -0.072852 0.007158 3.110549 963.190002
-13.479075 13.574313 1.480928 -0.089765 -0.004833 3.121707 963.419983
-13.668087 13.508270 1.492315 -0.077504 -0.006933 3.136870 963.650024
-13.844351 13.406527 1.505130 -0.060057 0.007187 -3.127837 963.880005
-14.004640 13.287240 1.517314 -0.008592 -0.032818 -3.104796 964.099976
-14.157216 13.156381 1.528375 0.048336 -0.084138 -3.080230 964.349976
-14.340412 13.224547 1.572570 0.110717 0.038575 -3.032663 965.330017
-14.400689 13.416497 1.595130 0.079440 0.034722 -3.053441 965.580017
-14.467797 13.604728 1.616686 0.040006 0.021512 -3.078411 965.789978
-14.538622 13.791712 1.638723 0.018285 0.015719 -3.106473 965.989990
-14.613189 13.976382 1.658058 -0.011937 0.030614 -3.138205 966.190002
-14.700563 14.156945 1.670908 -0.022227 0.054298 3.108379 966.400024
-14.810699 14.327691 1.674484 -0.028347 0.045887 3.068966 966.619995
-14.943465 14.485783 1.667981 -0.017393 0.041286 3.026926 966.849976
-15.090540 14.629482 1.652934 0.001136 0.041398 2.984578 967.080017
-15.241813 14.763238 1.632436 0.026496 0.018202 2.944621 967.299988
-15.391049 14.903550 1.607068 0.054511 -0.007380 2.904985 967.520020
-15.524264 15.059323 1.578213 0.055396 -0.021870 2.866110 967.739990
-15.634964 15.229142 1.547286 0.048486 -0.018587 2.829505 967.960022
-15.725417 15.409119 1.515125 0.041029 -0.005174 2.794748 968.179993
-15.801883 15.595063 1.484713 0.007842 -0.007222 2.760994 968.400024
-15.874295 15.783337 1.459835 -0.004171 0.023949 2.727677 968.630005
-15.957782 15.972240 1.444172 -0.009806 0.033478 2.694568 968.869995
-16.055603 16.154232 1.438313 -0.006795 0.035930 2.662982 969.109985
-16.162451 16.324753 1.440074 0.002698 0.041667 2.633486 969.340027
-16.275934 16.489885 1.446559 0.009946 0.041927 2.605516 969.559998
-16.397779 16.660061 1.455712 0.012432 0.035333 2.577371 969.780029
-16.517820 16.826262 1.465104 0.006107 0.006593 2.550282 969.989990
-16.637985 16.996599 1.473197 0.022173 -0.010764 2.522277 970.210022
-16.747122 17.171978 1.477864 0.045343 0.000499 2.492913 970.440002
-16.837391 17.355864 1.477964 0.051802 0.014149 2.463028 970.669983
-16.909201 17.545107 1.474236 0.043688 0.020167 2.433385 970.890015
-16.968506 17.736063 1.467981 0.023202 0.008062 2.404056 971.099976
-17.023914 17.936520 1.459408 -0.003583 0.010099 2.373749 971.320007
-17.081123 18.129528 1.449561 -0.019796 0.032154 2.343354 971.539978
-17.154778 18.324770 1.438761 -0.025124 0.027243 2.312188 971.770020
-17.243301 18.512033 1.427823 -0.020317 0.028709 2.281043 972.000000
-17.344238 18.693769 1.417211 -0.009893 0.028331 2.249826 972.229980
-17.446344 18.866016 1.411635 0.026710 0.008137 2.220169 972.450012
-17.539600 19.048607 1.418047 0.060222 0.004900 2.188470 972.679993
-17.604805 19.241213 1.439479 0.066834 0.009241 2.157025 972.909973
-17.639746 19.437094 1.472787 0.054819 0.014505 2.128812 973.130005
-17.656105 19.641930 1.511365 0.009649 0.026995 2.104028 973.349976
-17.672794 19.840229 1.544515 -0.032091 0.039673 2.084018 973.559998
-17.707504 20.036959 1.569328 -0.049613 0.043857 2.068392 973.770020
-17.766499 20.230238 1.584040 -0.048325 0.038314 2.057436 973.979980
-17.847506 20.419067 1.589146 -0.036631 0.021621 2.050672 974.190002
-17.940828 20.597271 1.586581 -0.020681 -0.059204 2.048918 974.400024
-18.044004 20.769564 1.577222 -0.002950 -0.114827 2.048181 974.659973
-18.132660 20.949045 1.555061 0.050519 0.132416 2.038420 975.619995
-18.149750 21.148493 1.558507 0.038786 0.115889 2.012468 975.960022
-18.169527 21.351812 1.562645 0.020420 0.068880 1.987676 976.190002
-18.190901 21.560801 1.566998 0.007454 0.028425 1.962258 976.400024
-18.211691 21.762917 1.571127 0.009732 0.009500 1.935962 976.599976
-18.230955 21.980698 1.575228 0.018062 0.013194 1.904681 976.820007
-18.243111 22.185980 1.578525 0.021292 0.017729 1.872796 977.030029
-18.248463 22.391064 1.581067 0.019820 0.021409 1.839460 977.239990
-18.247940 22.596478 1.582979 0.012346 0.008293 1.805264 977.450012
-18.243345 22.797178 1.583962 -0.001521 0.002122 1.773510 977.659973
-18.241289 22.998117 1.581767 -0.045085 0.010651 1.745997 977.880005
-18.261179 23.198854 1.574277 -0.069123 0.016299 1.726767 978.109985
-18.316845 23.398832 1.560892 -0.061638 0.008226 1.717242 978.349976
-18.399189 23.580660 1.543244 -0.048871 0.020259 1.711965 978.580017
-18.501205 23.758402 1.523758 -0.003467 0.017250 1.709365 978.809998
-18.600872 23.936037 1.507697 0.043909 0.033969 1.705859 979.039978
-18.676586 24.123209 1.498098 0.057695 0.028660 1.698610 979.270020
-18.721714 24.319290 1.494888 0.050576 0.029414 1.688330 979.500000
-18.740858 24.522991 1.497327 0.034963 0.037387 1.674787 979.729980
-18.743351 24.726814 1.503175 0.017614 0.036599 1.660052 979.950012
-18.739399 24.928244 1.508275 -0.000290 0.036453 1.647505 980.159973
-18.736639 25.134823 1.510080 -0.011127 0.025875 1.638455 980.369995
-18.738949 25.339338 1.507916 -0.013291 -0.044126 1.634046 980.580017
-18.746841 25.543812 1.502186 -0.008247 -0.110189 1.632604 980.830017
-18.545403 25.525286 1.515646 0.095409 -0.063836 1.621004 981.909973
-18.384586 25.396942 1.528984 0.057903 -0.032230 1.607251 982.130005
-18.220572 25.273001 1.542915 0.031515 -0.012692 1.589756 982.330017
-18.051422 25.149759 1.558248 0.022932 -0.007758 1.568180 982.530029
-17.881407 25.029249 1.574268 0.011862 -0.000714 1.543648 982.729980
-17.714199 24.914358 1.588974 0.013537 0.018334 1.516410 982.929993
-17.540640 24.806339 1.601436 0.026544 0.028432 1.485560 983.140015
-17.356152 24.710342 1.610522 0.016633 0.028810 1.451653 983.359985
-17.170868 24.630985 1.615582 0.023100 0.020687 1.416513 983.580017
-16.974371 24.560413 1.617615 0.032245 0.009652 1.378911 983.809998
-16.780760 24.498228 1.617400 0.034543 0.001427 1.342583 984.030029
-16.582565 24.436035 1.614785 0.019155 -0.023003 1.306306 984.250000
-16.388269 24.363831 1.607143 0.013337 -0.061110 1.270698 984.469971
-16.206120 24.268095 1.593481 0.000137 -0.066490 1.235972 984.690002
-16.042217 24.148626 1.574237 0.001762 -0.056842 1.202061 984.909973
-15.894968 24.010698 1.550656 0.006457 -0.044076 1.169033 985.130005
-15.761378 23.859287 1.527369 -0.003399 -0.049931 1.137136 985.349976
-15.645313 23.694998 1.508361 -0.002433 -0.054750 1.105990 985.570007
-15.547842 23.518097 1.495092 -0.008835 -0.039292 1.075586 985.789978
-15.467088 23.335014 1.487745 0.008027 -0.035576 1.045877 986.010010
-15.395855 23.145504 1.485658 0.011838 -0.023858 1.016752 986.229980
-15.329476 22.953432 1.487034 0.007650 -0.001727 0.987904 986.450012
-15.259129 22.760246 1.489109 0.030581 0.035561 0.957690 986.679993
-15.165902 22.574976 1.489227 0.050675 0.051682 0.926052 986.919983
-15.045916 22.412399 1.485883 0.052542 0.046331 0.894703 987.150024
-14.904510 22.266459 1.479192 0.045444 0.032894 0.863880 987.369995
-14.753078 22.132938 1.470354 0.019545 0.018085 0.834316 987.580017
-14.596841 22.005438 1.459776 0.017311 0.007731 0.804754 987.789978
-14.434306 21.875525 1.447514 0.009401 -0.019307 0.773877 988.010010
-14.282913 21.742290 1.434568 0.018721 -0.049984 0.743136 988.229980
-14.144573 21.587961 1.420971 0.012590 -0.054361 0.710977 988.460022
-14.029223 21.418653 1.407357 0.018477 -0.044541 0.679031 988.690002
-13.931068 21.237610 1.395030 0.022350 -0.002418 0.647373 988.919983
-13.831565 21.057983 1.389921 0.007004 0.072350 0.614979 989.150024
-13.699708 20.899202 1.396256 -0.000012 0.104884 0.579596 989.390015
-13.535347 20.784567 1.412708 -0.000550 0.088250 0.545490 989.619995
-13.352431 20.700407 1.431573 0.023473 0.003120 0.513185 989.840027
-13.171624 20.612249 1.448092 0.049846 -0.068955 0.479049 990.059998
-13.010557 20.490417 1.459709 0.040045 -0.091142 0.444251 990.289978
-12.879892 20.322170 1.463522 0.046772 -0.076446 0.408215 990.539978
-12.793417 20.139061 1.459262 0.013995 -0.048860 0.375986 990.770020
-12.730444 19.944937 1.449970 -0.072575 -0.021888 0.343275 991.010010
-12.687312 19.748562 1.438157 -0.145059 0.009868 0.303683 991.349976
-12.565776 19.583427 1.431708 0.113825 0.076116 0.256497 992.289978
-12.410664 19.446566 1.438848 0.080983 0.053178 0.238017 992.559998
-12.254251 19.306707 1.445606 0.042770 0.027739 0.220218 992.780029
-12.103498 19.170576 1.452581 0.028499 0.014860 0.202499 992.979980
-11.952055 19.030861 1.459849 0.025874 -0.000830 0.182436 993.179993
-11.805852 18.887758 1.467108 0.027948 -0.008107 0.160052 993.380005
-11.667584 18.740307 1.474207 0.029329 -0.007510 0.135374 993.580017
-11.530848 18.581171 1.480139 0.017560 -0.001093 0.107161 993.789978
-11.399916 18.422262 1.481044 0.008923 0.017658 0.077048 994.000000
-11.268199 18.267832 1.475438 -0.001796 0.020584 0.045413 994.210022
-11.127948 18.115015 1.462934 -0.005040 0.020743 0.011408 994.429993
-10.985197 17.971952 1.444411 0.003496 0.027073 -0.023150 994.650024
-10.838029 17.835619 1.423653 -0.023433 0.023651 -0.056841 994.869995
-10.678128 17.712858 1.408566 -0.074919 0.042239 -0.087738 995.099976
-10.494573 17.629223 1.405260 -0.087830 0.047940 -0.110474 995.340027
-10.290228 17.595016 1.414126 -0.051794 0.030925 -0.124183 995.580017
-10.086580 17.585814 1.426512 0.053740 0.001356 -0.134551 995.809998
-9.888020 17.549919 1.437778 0.114540 -0.012747 -0.147330 996.049988
-9.702049 17.446611 1.443051 0.120322 -0.008672 -0.162049 996.309998
-9.561396 17.298849 1.440007 0.089267 -0.005148 -0.178046 996.539978
-9.449257 17.132429 1.433530 0.056115 -0.015848 -0.195939 996.750000
-9.353526 16.951092 1.428822 0.047572 -0.015866 -0.215247 996.960022
-9.273296 16.760336 1.428710 0.039439 -0.010671 -0.236874 997.169983
-9.205306 16.563515 1.434361 0.032782 -0.002146 -0.260957 997.380005
-9.145169 16.362965 1.445406 0.026166 0.005867 -0.287445 997.590027
-9.091452 16.170580 1.458489 0.018155 0.011597 -0.314668 997.789978
-9.035486 15.969374 1.472129 0.015793 0.018613 -0.344970 998.000000
-8.977240 15.768961 1.483880 0.015653 0.022282 -0.376730 998.210022
-8.915638 15.568750 1.492950 0.015464 0.022514 -0.409626 998.419983
-8.854175 15.378217 1.498925 0.014929 0.020894 -0.441641 998.619995
-8.790886 15.188401 1.502489 0.002027 0.015658 -0.473962 998.820007
-8.721152 14.995059 1.502520 -0.026159 0.029730 -0.507951 999.030029
-8.634544 14.805683 1.497327 -0.038947 0.042966 -0.543230 999.250000
-8.527900 14.631661 1.487153 -0.038774 0.029050 -0.575215 999.469971
-8.405450 14.473347 1.472731 -0.025790 0.032656 -0.602291 999.690002
-8.270776 14.325301 1.456382 -0.023261 0.020174 -0.621286 999.909973
-8.121317 14.182018 1.442493 -0.032200 0.024451 -0.632454 1000.140015
-7.960524 14.052068 1.435004 -0.031132 0.022176 -0.634038 1000.369995
-7.789739 13.934844 1.434299 -0.023110 0.020732 -0.628062 1000.599976
-7.612271 13.826984 1.439889 -0.013967 0.027706 -0.617137 1000.830017
-7.431417 13.724400 1.449045 -0.003879 -0.031649 -0.602547 1001.059998
-7.254596 13.628488 1.459408 0.006087 -0.099576 -0.585130 1001.320007
-7.077714 13.532639 1.478766 0.006100 0.107414 -0.554475 1002.099976
-6.909382 13.417356 1.496106 0.003207 0.108939 -0.555591 1002.539978
-6.738092 13.301332 1.509797 0.000923 0.088130 -0.559400 1002.799988
-6.571834 13.190125 1.521713 -0.010278 0.059245 -0.561779 1003.010010
-6.398550 13.080813 1.532235 -0.044757 0.031045 -0.561049 1003.210022
-6.214052 12.984094 1.541034 -0.065147 0.012735 -0.556186 1003.409973
-6.021883 12.909881 1.547489 -0.058896 -0.010880 -0.546552 1003.609985
-5.820251 12.858016 1.551498 -0.047598 -0.008900 -0.533798 1003.820007
-5.621245 12.827639 1.553497 -0.033181 -0.001391 -0.517023 1004.030029
-5.416469 12.810683 1.554140 -0.017601 0.002856 -0.495162 1004.250000
-5.208558 12.801869 1.553827 -0.027337 -0.004141 -0.468605 1004.479980
-5.006804 12.807559 1.552230 -0.061077 -0.009364 -0.438644 1004.710022
-4.807817 12.841461 1.549116 -0.058802 -0.018108 -0.404909 1004.940002
-4.615008 12.904111 1.544666 -0.050930 -0.008678 -0.370095 1005.169983
-4.427345 12.988750 1.539377 -0.031376 -0.004699 -0.333865 1005.400024
-4.249993 13.083135 1.533682 0.033854 -0.053418 -0.298546 1005.630005
-4.075338 13.187236 1.526948 0.078861 -0.082762 -0.258987 1005.940002
-3.921528 13.320531 1.522908 -0.108816 0.078264 -0.196401 1006.830017
-3.776766 13.463964 1.527901 -0.091353 0.068428 -0.178058 1007.140015
-3.626944 13.609667 1.531305 -0.048229 0.036978 -0.160595 1007.369995
-3.476196 13.755583 1.534172 -0.025422 0.022813 -0.143821 1007.580017
-3.328685 13.896304 1.537094 -0.000117 0.023677 -0.125962 1007.780029
-3.178563 14.029781 1.540865 0.013756 0.035520 -0.105715 1007.979980
-3.014577 14.156457 1.546032 0.015878 0.039929 -0.082048 1008.190002
-2.842392 14.269139 1.552426 0.010116 0.039516 -0.056070 1008.400024
-2.662550 14.371043 1.559858 0.005601 0.028488 -0.028065 1008.609985
-2.480187 14.464826 1.567452 0.017350 0.002756 -0.000145 1008.820007
-2.296263 14.547868 1.573222 0.077949 0.002635 0.025972 1009.039978
-2.094856 14.593998 1.574262 0.116555 0.014998 0.047656 1009.289978
-1.894985 14.572207 1.568148 0.097447 0.006880 0.055772 1009.539978
-1.706030 14.498643 1.556433 0.071240 0.019543 0.054744 1009.780029
-1.531063 14.400763 1.541993 0.046584 0.029287 0.044476 1010.000000
-1.359757 14.292699 1.526901 0.015412 0.025065 0.026863 1010.210022
-1.185633 14.183496 1.513668 -0.010988 0.030626 0.003468 1010.419983
-1.007022 14.083764 1.504224 -0.022439 0.030680 -0.024717 1010.630005
-0.824294 13.997854 1.498812 -0.024023 0.020542 -0.056258 1010.840027
-0.631901 13.922404 1.497187 -0.016886 0.025166 -0.092582 1011.059998
-0.436906 13.857453 1.498977 -0.007356 0.029492 -0.130878 1011.280029
-0.238100 13.797567 1.502989 -0.000705 0.023446 -0.170022 1011.500000
-0.038373 13.739320 1.505655 0.002407 0.020835 -0.207946 1011.719971
0.160849 13.680913 1.503960 0.003677 0.025006 -0.242631 1011.940002
0.359362 13.621516 1.497298 0.003233 0.011354 -0.273399 1012.159973
0.552776 13.562206 1.486203 0.004037 0.010551 -0.300793 1012.380005
0.749456 13.499580 1.473948 0.008326 0.021913 -0.325951 1012.609985
0.944691 13.432924 1.464636 0.009105 0.023982 -0.347919 1012.840027
1.138904 13.361629 1.459532 0.007096 0.018401 -0.366367 1013.070007
1.330738 13.287230 1.458917 0.004229 0.028889 -0.380717 1013.299988
1.523739 13.210067 1.461946 -0.006596 0.015984 -0.390653 1013.530029
1.716773 13.137527 1.467554 -0.036798 0.021733 -0.394402 1013.760010
1.916248 13.081166 1.474802 -0.046772 0.016524 -0.390156 1013.989990
2.121233 13.045939 1.482325 -0.038461 0.006006 -0.378473 1014.219971
2.326650 13.029155 1.489817 -0.031374 0.024085 -0.361125 1014.450012
2.528332 13.023997 1.496947 -0.023034 0.033292 -0.338390 1014.669983
2.737528 13.024149 1.503726 -0.014303 0.033697 -0.310544 1014.890015
2.942995 13.026001 1.508103 -0.011871 0.030908 -0.280214 1015.099976
3.152205 13.029090 1.506930 -0.013229 0.025575 -0.246963 1015.309998
3.352805 13.034337 1.499284 -0.010598 0.011908 -0.213307 1015.510010
3.559204 13.042540 1.486701 -0.003341 0.003065 -0.177123 1015.719971
3.766981 13.051883 1.472881 0.001705 0.013516 -0.139004 1015.940002
3.970678 13.059258 1.461621 0.002483 0.028231 -0.101360 1016.159973
4.176502 13.063887 1.454419 0.001895 0.032524 -0.066197 1016.380005
4.376555 13.066324 1.451262 0.001968 0.006416 -0.036504 1016.590027
4.584151 13.067729 1.450301 0.002240 -0.075690 -0.009411 1016.820007
4.787446 13.068136 1.453048 0.000626 -0.186598 0.018169 1017.140015
4.583260 13.038711 1.446368 0.009055 -0.148269 0.023844 1017.789978
4.379742 13.018445 1.436402 0.005241 -0.072938 0.011591 1017.989990
4.178934 12.998772 1.427071 0.005815 -0.032226 -0.002276 1018.169983
3.976318 12.978292 1.418256 -0.000774 -0.004928 -0.016335 1018.349976
3.769476 12.958365 1.410869 -0.020829 0.002544 -0.029621 1018.539978
3.562607 12.945992 1.406391 -0.034168 -0.002253 -0.040183 1018.739990
3.355106 12.947526 1.405596 -0.035683 -0.013638 -0.047186 1018.950012
3.153211 12.964023 1.408572 -0.024078 -0.013393 -0.052592 1019.159973
2.946341 12.991156 1.414887 -0.000567 -0.018084 -0.057999 1019.380005
2.741643 13.018018 1.423748 0.014432 -0.020243 -0.064697 1019.599976
2.538202 13.037831 1.433870 0.018515 -0.012995 -0.073596 1019.820007
2.337739 13.048700 1.444358 0.018799 -0.025223 -0.086131 1020.039978
2.136341 13.051558 1.454678 0.011127 -0.011266 -0.101752 1020.260010
1.929913 13.049871 1.464277 -0.002373 -0.010543 -0.121811 1020.489990
1.728821 13.049956 1.472612 -0.010787 -0.027750 -0.145565 1020.719971
1.526979 13.057076 1.479661 -0.014159 -0.020152 -0.172740 1020.950012
1.325799 13.072406 1.485569 -0.008966 -0.030899 -0.202328 1021.179993
1.121569 13.094449 1.490899 -0.004956 -0.026267 -0.234120 1021.409973
0.915421 13.120810 1.495592 -0.000268 -0.022204 -0.267268 1021.640015
0.709236 13.148871 1.499792 0.008215 -0.025529 -0.301372 1021.869995
0.509674 13.173992 1.503951 0.021846 -0.027160 -0.334601 1022.090027
0.305295 13.192697 1.508700 0.025405 -0.021446 -0.367821 1022.309998
0.098343 13.203253 1.513791 0.019480 -0.008967 -0.400625 1022.530029
-0.106358 13.206622 1.519179 0.019840 -0.017855 -0.433660 1022.750000
-0.311636 13.205229 1.523710 0.013523 -0.025449 -0.466414 1022.969971
-0.519673 13.203471 1.526348 0.007235 -0.026460 -0.498903 1023.190002
-0.728350 13.204523 1.526864 -0.000848 -0.014721 -0.530760 1023.409973
-0.933272 13.209171 1.525203 0.007299 -0.024592 -0.562301 1023.630005
-1.137981 13.216833 1.521890 -0.003754 -0.013985 -0.593000 1023.849976
-1.345591 13.232049 1.517554 -0.049308 -0.025211 -0.621077 1024.079956
-1.546929 13.276280 1.513278 -0.074840 -0.048672 -0.642295 1024.319946
-1.733838 13.365238 1.509292 -0.067344 -0.053628 -0.655004 1024.560059
-1.896645 13.483728 1.506031 -0.047656 -0.049108 -0.657615 1024.780029
-2.047636 13.619807 1.503548 -0.025483 -0.023503 -0.653142 1024.989990
-2.193231 13.764733 1.501472 -0.010900 -0.017812 -0.643787 1025.199951
-2.334617 13.909593 1.499970 0.025038 0.001506 -0.633387 1025.410034
-2.482876 14.043962 1.498969 0.077853 0.002996 -0.623968 1025.630005
-2.658126 14.149659 1.498574 0.088786 0.003545 -0.616990 1025.869995
-2.850491 14.209565 1.498483 0.075220 -0.004819 -0.616452 1026.109985
-3.049363 14.233706 1.498827 0.054875 -0.016511 -0.622825 1026.339966
-3.249599 14.238879 1.499159 0.020008 -0.008260 -0.633729 1026.560059
-3.449846 14.238464 1.498587 0.008061 -0.025504 -0.650996 1026.780029
-3.650412 14.241817 1.496577 -0.015226 -0.008573 -0.673180 1027.000000
-3.852719 14.253522 1.493004 -0.059137 0.058093 -0.702901 1027.239990
-4.053213 14.275734 1.489236 -0.084807 0.114585 -0.747000 1027.619995
-4.248861 14.239154 1.509207 0.115589 -0.066820 -0.792153 1028.469971
-4.448617 14.184850 1.532604 0.082133 -0.048152 -0.806143 1028.739990
-4.641156 14.133862 1.553206 0.040879 -0.024537 -0.819173 1028.949951
-4.834979 14.083509 1.573703 0.016808 -0.015678 -0.834694 1029.150024
-5.029412 14.035898 1.592584 0.002780 -0.027139 -0.852603 1029.349976
-5.232227 13.995658 1.609020 -0.002471 -0.035451 -0.873813 1029.560059
-5.432939 13.969131 1.621329 -0.013418 -0.026589 -0.897320 1029.770020
-5.636840 13.955438 1.630031 0.002293 -0.027682 -0.924090 1029.989990
-5.838626 13.952002 1.635555 0.016240 -0.026660 -0.952919 1030.209961
-6.042768 13.954947 1.636242 0.013024 -0.030835 -0.983503 1030.430054
-6.249162 13.966311 1.626289 0.005374 -0.041219 -1.015560 1030.650024
-6.447127 13.989614 1.604941 -0.006216 -0.033419 -1.047050 1030.859985
-6.649811 14.026721 1.571535 -0.006877 -0.024559 -1.080482 1031.079956
-6.845304 14.073236 1.528393 0.006889 -0.024325 -1.114097 1031.300049
-7.038120 14.126513 1.481246 0.004543 -0.031309 -1.147762 1031.520020
-7.229050 14.189988 1.440596 -0.003276 -0.047635 -1.181410 1031.739990
-7.416789 14.270750 1.412349 -0.012391 -0.041201 -1.215061 1031.959961
-7.596782 14.367646 1.397661 -0.009811 -0.033131 -1.248283 1032.180054
-7.768456 14.476050 1.395616 0.003829 -0.032495 -1.280891 1032.400024
-7.936704 14.591392 1.403189 0.020150 0.008423 -1.313159 1032.619995
-8.113196 14.698077 1.417033 0.055071 0.061851 -1.345710 1032.849976
-8.308542 14.765843 1.433671 0.068728 0.077029 -1.380135 1033.089966
-8.512210 14.782666 1.448516 0.059997 0.065288 -1.414443 1033.319946
-8.720040 14.763223 1.460543 0.047011 0.044576 -1.447640 1033.540039
-8.925929 14.724044 1.469538 0.027160 0.017324 -1.479229 1033.750000
-9.123230 14.680952 1.473499 0.020120 -0.020515 -1.508854 1033.949951
-9.329482 14.645247 1.471544 0.022185 -0.043899 -1.539799 1034.160034
-9.535590 14.628595 1.463200 0.024629 -0.047874 -1.570766 1034.369995
-9.741851 14.632280 1.449155 0.024273 -0.039433 -1.601764 1034.579956
-9.946942 14.652363 1.431469 -0.002254 -0.028958 -1.632493 1034.790039
-10.149776 14.687046 1.414335 -0.018012 -0.051503 -1.663194 1035.010010
-10.340773 14.746281 1.402606 -0.002033 -0.070083 -1.694755 1035.239990
-10.522079 14.840664 1.398965 -0.000903 -0.058058 -1.727492 1035.479980
-10.688809 14.962041 1.404021 0.018131 -0.045125 -1.759701 1035.719971
-10.843716 15.096501 1.415412 0.016052 -0.024568 -1.789969 1035.949951
-10.995806 15.236860 1.428863 0.014053 0.019975 -1.820356 1036.180054
-11.157373 15.366836 1.438395 0.038539 0.070176 -1.852103 1036.420044
-11.338217 15.460525 1.439644 0.028883 0.074758 -1.884615 1036.660034
-11.537390 15.516207 1.431778 0.029799 0.061729 -1.917755 1036.900024
-11.742378 15.542434 1.416967 0.017465 0.037176 -1.950045 1037.130005
-11.947931 15.552905 1.398569 -0.057715 -0.008881 -1.979697 1037.359985
-12.149995 15.554686 1.376807 -0.101584 -0.039690 -2.011013 1037.650024
-12.350807 15.573718 1.381126 0.114931 0.020821 -2.070093 1038.550049
-12.535783 15.636376 1.428188 0.102187 0.024766 -2.088208 1038.890015
-12.725743 15.697638 1.471945 0.077140 0.021024 -2.104540 1039.130005
-12.918895 15.758320 1.513512 0.048979 0.010049 -2.121789 1039.339966
-13.112695 15.820877 1.549680 0.032955 -0.020329 -2.140824 1039.540039
-13.304303 15.893530 1.577383 0.028484 -0.042813 -2.161756 1039.739990
-13.487422 15.981697 1.594305 0.027886 -0.048104 -2.184829 1039.939941
-13.660411 16.086164 1.600509 0.024272 -0.041300 -2.210011 1040.140015
-13.823713 16.203627 1.597665 0.014558 -0.028968 -2.237086 1040.339966
-13.984422 16.332624 1.587563 -0.012322 0.012398 -2.267936 1040.550049
-14.145062 16.453163 1.572376 -0.017519 0.069337 -2.302687 1040.770020
-14.327636 16.545784 1.553852 -0.020827 0.079771 -2.340495 1041.010010
-14.522465 16.594759 1.535613 -0.012022 0.069577 -2.377980 1041.250000
-14.729814 16.610031 1.519187 0.001238 0.052047 -2.415593 1041.489990
-14.936532 16.607492 1.506206 0.016883 -0.003884 -2.450620 1041.719971
-15.137737 16.612997 1.496728 0.057060 -0.035637 -2.485522 1041.949951
-15.339898 16.653196 1.490242 0.072336 -0.040117 -2.521098 1042.189941
-15.528234 16.731316 1.486171 0.069149 -0.027445 -2.553921 1042.420044
-15.705744 16.836105 1.483289 0.036414 -0.021410 -2.585372 1042.640015
-15.874963 16.955677 1.481180 0.014420 -0.018895 -2.616171 1042.859985
-16.032372 17.080187 1.479444 0.026118 -0.004753 -2.646049 1043.079956
-16.185465 17.210056 1.477690 0.033350 0.005938 -2.675591 1043.300049
-16.339767 17.345623 1.475822 0.033332 0.012181 -2.705200 1043.520020
-16.490099 17.479137 1.473881 0.020262 0.009664 -2.733810 1043.729980
-16.640625 17.612705 1.471581 0.013094 0.008893 -2.762348 1043.939941
-16.796768 17.750015 1.468844 0.016202 0.014861 -2.792272 1044.160034
-16.954288 17.883881 1.467262 0.000328 0.035201 -2.822541 1044.380005
-17.119295 18.006254 1.468575 -0.010768 0.053022 -2.853362 1044.599976
-17.296299 18.110693 1.472930 -0.021988 0.038103 -2.883831 1044.819946
-17.480017 18.196032 1.479982 -0.013665 0.037618 -2.914581 1045.040039
-17.669916 18.266996 1.489447 -0.000682 0.037948 -2.945501 1045.260010
-17.867189 18.330486 1.500861 0.009370 0.034977 -2.976672 1045.479980
-18.061354 18.389282 1.512793 0.012500 0.019296 -3.006629 1045.689941
-18.253477 18.450731 1.524176 0.046941 -0.030891 -3.036842 1045.900024
-18.440840 18.539291 1.534486 0.089244 -0.067182 -3.071250 1046.130005
-18.594021 18.674017 1.541162 0.076953 -0.073101 -3.106197 1046.369995
-18.702013 18.845776 1.543510 0.071553 -0.046834 -3.138625 1046.609985
-18.775234 19.036551 1.542587 0.022201 -0.033609 3.113070 1046.839966
-18.828403 19.233782 1.539299 -0.066783 -0.042070 3.082343 1047.079956
-18.865458 19.432850 1.533044 -0.105444 -0.036179 3.045693 1047.430054
-18.699944 19.553497 1.529214 0.061095 -0.094905 3.000540 1048.290039
-18.506210 19.622707 1.530271 0.059851 -0.071551 2.985729 1048.569946
-18.312515 19.702068 1.530882 0.035948 -0.034234 2.971681 1048.800049
-18.125414 19.784725 1.531081 0.027322 -0.022085 2.955001 1049.010010
-17.936012 19.872919 1.531209 0.018596 -0.014360 2.935609 1049.219971
-17.748037 19.963387 1.531772 0.012157 -0.010720 2.913571 1049.430054
-17.563213 20.053694 1.533674 0.014781 -0.016325 2.888961 1049.640015
-17.379246 20.143883 1.537269 0.016047 -0.019784 2.862099 1049.849976
-17.194387 20.233904 1.542498 0.016603 -0.020703 2.833267 1050.060059
-17.008648 20.323288 1.548934 0.006832 -0.010850 2.803104 1050.270020
-16.826124 20.409880 1.555989 0.005612 -0.007384 2.771842 1050.479980
-16.640049 20.497467 1.563607 0.014008 -0.004325 2.738221 1050.699951
-16.460775 20.587229 1.567930 0.035408 0.043779 2.704216 1050.920044
-16.294462 20.700628 1.564515 0.052828 0.078044 2.668398 1051.150024
-16.158531 20.847654 1.551339 0.047792 0.075657 2.631177 1051.380005
-16.048822 21.023148 1.529874 0.017045 0.001250 2.593068 1051.609985
-15.940935 21.197245 1.505121 -0.002410 -0.079281 2.557322 1051.839966
-15.802280 21.345631 1.479782 -0.017859 -0.096594 2.521124 1052.079956
-15.626055 21.452023 1.455550 -0.005447 -0.071924 2.483628 1052.329956
-15.438016 21.523872 1.436658 0.026082 0.012043 2.448445 1052.569946
-15.255184 21.605621 1.425007 0.041253 0.062565 2.415040 1052.810059
-15.086275 21.726669 1.419996 0.036304 0.071205 2.379734 1053.060059
-14.947492 21.878613 1.420000 0.039713 0.060516 2.345574 1053.300049
-14.833911 22.044565 1.422594 0.039074 0.034247 2.313884 1053.520020
-14.728245 22.217220 1.426011 0.039637 -0.005246 2.283353 1053.729980
-14.614088 22.391146 1.429567 0.039027 -0.029109 2.253084 1053.939941
-14.491913 22.550150 1.432474 0.036042 -0.035097 2.224444 1054.140015
-14.356634 22.699615 1.434415 0.030473 -0.030683 2.195780 1054.339966
-14.211742 22.839235 1.435408 0.013722 -0.023096 2.166998 1054.540039
-14.056533 22.974609 1.435297 0.006191 -0.012756 2.136812 1054.750000
-13.896377 23.106251 1.433582 0.011722 -0.000522 2.105378 1054.969971
-13.739347 23.233740 1.429756 0.023710 0.009492 2.074090 1055.189941
-13.582932 23.363533 1.423946 0.030042 0.014099 2.042699 1055.410034
-13.425028 23.498468 1.417740 0.032744 0.010044 2.010991 1055.630005
-13.270926 23.630703 1.414780 0.032792 0.002147 1.980477 1055.839966
-13.112350 23.762741 1.416161 0.010511 -0.007868 1.949883 1056.050049
-12.951128 23.891010 1.420105 -0.066429 -0.031047 1.920146 1056.270020
-12.789360 24.013134 1.426789 -0.140210 -0.054048 1.888435 1056.560059
-12.751046 23.810349 1.442377 -0.033012 -0.115118 1.887692 1057.319946
-12.764532 23.602724 1.446605 -0.021571 -0.077805 1.902330 1057.550049
-12.773693 23.397030 1.450797 -0.013727 -0.045996 1.921548 1057.750000
-12.780652 23.193434 1.455081 0.003464 -0.019402 1.944411 1057.939941
-12.783613 22.992388 1.459681 0.017726 -0.016127 1.971080 1058.130005
-12.778286 22.787205 1.464923 0.024090 -0.015181 2.002246 1058.329956
-12.761621 22.581011 1.470484 0.024581 -0.007563 2.037358 1058.540039
-12.733665 22.376846 1.476349 0.012646 -0.018243 2.075209 1058.760010
-12.697848 22.178438 1.482323 0.003719 -0.028482 2.113947 1058.979980
-12.654580 21.980701 1.485703 0.022780 -0.034664 2.152805 1059.199951
-12.596433 21.785385 1.483110 0.036276 -0.041408 2.191604 1059.420044
-12.517415 21.594128 1.473196 0.034409 -0.042871 2.230221 1059.640015
-12.423263 21.415155 1.457205 0.024565 -0.039483 2.266589 1059.849976
-12.315630 21.238705 1.437014 0.005088 -0.029767 2.302169 1060.060059
-12.203282 21.062794 1.416631 -0.017148 -0.020795 2.336492 1060.270020
-12.095123 20.884123 1.398879 -0.029472 -0.017739 2.369678 1060.479980
-11.995356 20.700293 1.384968 -0.031125 -0.015449 2.401910 1060.689941
-11.904439 20.511488 1.374987 -0.025619 -0.011849 2.433336 1060.900024
-11.821569 20.321003 1.368369 -0.017407 0.001191 2.463745 1061.109985
-11.747587 20.133533 1.364223 -0.022406 -0.001820 2.493716 1061.319946
-11.679252 19.938444 1.361666 -0.019359 -0.002563 2.524220 1061.540039
-11.618540 19.745098 1.360052 -0.016982 -0.006306 2.554003 1061.760010
-11.557870 19.535755 1.358591 -0.019643 -0.015560 2.586125 1062.000000
-11.501802 19.334450 1.357000 -0.011025 -0.011406 2.616249 1062.229980
-11.446424 19.135279 1.354961 -0.017048 -0.018061 2.646383 1062.459961
-11.390963 18.936314 1.353586 -0.018708 0.008027 2.676302 1062.689941
-11.347515 18.740112 1.356441 -0.046827 0.048880 2.706376 1062.920044
-11.338006 18.534702 1.365903 -0.059403 0.058841 2.738738 1063.160034
-11.368923 18.332312 1.380959 -0.056567 0.048735 2.771241 1063.390015
-11.427863 18.132288 1.398708 -0.041820 0.016661 2.803589 1063.609985
-11.493422 17.936287 1.413065 -0.022104 -0.040157 2.834749 1063.819946
-11.543765 17.736460 1.421410 0.007735 -0.063269 2.864971 1064.030029
-11.567359 17.535936 1.423222 0.080289 -0.033232 2.896732 1064.250000
-11.563085 17.335230 1.422521 0.167848 0.029282 2.938404 1064.550049
-11.612304 17.137167 1.430484 -0.103558 0.052043 2.986950 1065.489990
-11.723585 16.969913 1.455170 -0.087739 0.042288 3.004134 1065.780029
-11.837934 16.798367 1.479648 -0.061242 0.031970 3.021169 1066.010010
-11.948987 16.632547 1.500033 -0.041601 0.028585 3.038488 1066.209961
-12.067231 16.459742 1.516755 -0.019068 0.019219 3.058730 1066.410034
-12.187744 16.288353 1.528543 0.003120 0.006142 3.081256 1066.609985
-12.305569 16.125376 1.535243 -0.001175 0.010096 3.105895 1066.810059
-12.427287 15.962171 1.537817 0.003162 0.003364 3.133847 1067.020020
-12.550073 15.800998 1.536826 0.005751 -0.002038 -3.118611 1067.239990
-12.676891 15.636367 1.532687 -0.014186 0.013683 -3.083778 1067.479980
-12.802362 15.474204 1.527170 -0.014651 0.011281 -3.048129 1067.719971
-12.927048 15.311732 1.521327 -0.023499 0.021049 -3.012486 1067.959961
-13.049168 15.151156 1.516308 -0.030971 0.030697 -2.978126 1068.189941
-13.171535 14.989219 1.512682 -0.025224 0.032389 -2.944952 1068.410034
-13.294476 14.829161 1.513026 -0.007948 0.036767 -2.913341 1068.619995
-13.425724 14.669892 1.518831 0.005124 0.034104 -2.881890 1068.829956
-13.564377 14.517104 1.529721 0.014496 0.017729 -2.851085 1069.040039
-13.705983 14.374780 1.545109 0.008777 0.021014 -2.820498 1069.250000
-13.855754 14.232758 1.562738 -0.030815 0.001656 -2.789023 1069.469971
-13.993532 14.084637 1.576234 -0.072966 -0.025300 -2.756445 1069.689941
-14.106204 13.911237 1.582464 -0.071221 -0.041138 -2.721891 1069.920044
-14.181002 13.722267 1.579794 -0.063722 -0.029310 -2.689348 1070.150024
-14.225205 13.521038 1.569332 -0.050388 -0.010268 -2.657270 1070.380005
-14.249907 13.320290 1.553440 -0.029495 0.002413 -2.626333 1070.599976
-14.267582 13.116737 1.532803 -0.022258 0.019300 -2.595533 1070.819946
-14.286296 12.910180 1.508544 -0.018311 0.027969 -2.564542 1071.040039
-14.308804 12.709696 1.483089 -0.015573 0.029286 -2.534763 1071.250000
-14.336505 12.506720 1.456963 -0.008894 0.029238 -2.504862 1071.459961
-14.371726 12.303952 1.436512 0.024049 0.040898 -2.474690 1071.670044
-14.425174 12.108175 1.427944 0.049233 0.044615 -2.444733 1071.880005
-14.506080 11.919497 1.430246 0.059205 -0.020488 -2.418493 1072.099976
-14.608875 11.744929 1.440588 0.053021 -0.091514 -2.390831 1072.359985
-14.474940 11.880787 1.525977 -0.007648 -0.114257 -2.372300 1073.280029
-14.334350 12.023096 1.550978 -0.006725 -0.052607 -2.386171 1073.469971
-14.192327 12.162931 1.575492 -0.004926 -0.015793 -2.401042 1073.650024
-14.043195 12.306594 1.599043 -0.015122 0.001758 -2.416367 1073.839966
-13.889715 12.446677 1.617929 -0.026295 0.000046 -2.430047 1074.040039
-13.729490 12.578901 1.629871 -0.027195 0.003321 -2.440375 1074.250000
-13.562865 12.700915 1.633877 -0.023095 -0.004907 -2.444970 1074.469971
-13.388339 12.815134 1.630338 -0.017477 -0.024215 -2.442140 1074.699951
-13.217322 12.919203 1.621722 0.004471 -0.015864 -2.434452 1074.920044
-13.043880 13.030920 1.608476 0.056434 -0.015697 -2.424459 1075.150024
-12.891413 13.162083 1.591981 0.075314 -0.013323 -2.414992 1075.380005
-12.766587 13.317939 1.573466 0.065084 -0.007983 -2.408682 1075.609985
-12.666778 13.491384 1.553516 0.029356 -0.011012 -2.408026 1075.839966
-12.577238 13.670970 1.530755 -0.009883 -0.033726 -2.414167 1076.069946
-12.477964 13.848326 1.505330 -0.030472 -0.028575 -2.427123 1076.300049
-12.363061 14.015357 1.477512 -0.030643 -0.030574 -2.446015 1076.530029
-12.232768 14.171896 1.447388 -0.020142 -0.035274 -2.470316 1076.760010
-12.097308 14.316728 1.419905 0.014889 -0.015795 -2.498144 1076.979980
-11.961083 14.471498 1.398681 0.054902 -0.006594 -2.530070 1077.209961
-11.844855 14.641041 1.387376 0.055282 0.006350 -2.563333 1077.439941
-11.752419 14.824189 1.385481 0.051543 0.002353 -2.599007 1077.670044
-11.679350 15.019484 1.391579 0.044735 -0.008566 -2.636056 1077.900024
-11.620062 15.217145 1.402972 0.035925 -0.016943 -2.671999 1078.119995
-11.567074 15.413449 1.416914 0.021604 -0.018390 -2.706306 1078.329956
-11.512509 15.611156 1.429698 -0.014401 -0.035560 -2.740424 1078.540039
-11.444727 15.800025 1.436875 -0.038739 -0.058512 -2.773921 1078.750000
-11.347758 15.981556 1.435926 -0.042977 -0.061848 -2.809412 1078.969971
-11.222930 16.145361 1.426044 -0.027632 -0.060800 -2.844689 1079.189941
-11.082102 16.290180 1.410480 -0.005984 -0.044561 -2.878088 1079.400024
-10.929350 16.430403 1.392027 0.013418 -0.027305 -2.910487 1079.609985
-10.781209 16.564919 1.373942 0.023857 -0.016211 -2.940575 1079.810059
-10.635441 16.703287 1.356657 0.027832 -0.010694 -2.970227 1080.010010
-10.494131 16.846296 1.340837 0.023029 -0.004424 -2.999443 1080.209961
-10.352912 16.998743 1.326981 0.018447 0.009708 -3.029494 1080.420044
-10.223114 17.151627 1.316442 0.029423 0.009790 -3.059560 1080.630005
-10.099117 17.316734 1.308953 0.036962 0.002215 -3.091106 1080.849976
-9.983380 17.490200 1.304710 0.035498 -0.004314 -3.122638 1081.069946
-9.876928 17.662937 1.303000 0.022360 -0.004173 3.130641 1081.280029
-9.770663 17.842041 1.302196 -0.049452 0.027636 3.099949 1081.500000
-9.667190 18.018122 1.301593 -0.101214 0.050721 3.064126 1081.770020
-9.864560 17.981640 1.326693 -0.060274 0.097595 3.027327 1082.719971
-10.043674 17.883133 1.337201 -0.028606 0.054975 3.047131 1082.930054
-10.220340 17.789055 1.347712 -0.008992 0.029134 3.067580 1083.119995
-10.400077 17.696421 1.359035 -0.002928 0.020858 3.087926 1083.310059
-10.579235 17.607689 1.371297 0.018311 0.018297 3.106199 1083.500000
-10.766289 17.526472 1.386171 0.058349 0.025745 3.121313 1083.699951
-10.963284 17.469007 1.404288 0.074850 0.022171 3.129905 1083.910034
-11.168490 17.445166 1.425040 0.066666 0.010950 3.132383 1084.130005
-11.368962 17.453369 1.447528 0.048517 0.019646 3.133540 1084.349976
-11.567703 17.483259 1.468982 0.019805 0.022069 3.133366 1084.569946
-11.766947 17.521006 1.485185 -0.005371 0.031907 3.132790 1084.790039
-11.969600 17.555006 1.494216 -0.017676 0.019884 3.132158 1085.010010
-12.171959 17.579693 1.495858 -0.019712 0.021302 3.131198 1085.229980
-12.374000 17.594440 1.491275 -0.015794 0.024295 3.130090 1085.449951
-12.575297 17.601675 1.481943 0.004573 -0.003465 3.128613 1085.670044
-12.782802 17.613676 1.467708 0.056773 -0.002713 3.124022 1085.910034
-12.985254 17.657127 1.449879 0.079831 0.011188 3.114499 1086.160034
-13.173482 17.739941 1.431054 0.072195 0.020529 3.099381 1086.400024
-13.344875 17.846714 1.413108 0.049247 0.017576 3.079964 1086.619995
-13.505932 17.965063 1.396470 0.023642 -0.005292 3.057451 1086.829956
-13.663125 18.095230 1.383265 0.038828 -0.017635 3.031588 1087.050049
-13.808480 18.242702 1.376963 0.055433 -0.015418 3.001566 1087.280029
-13.934545 18.408657 1.378609 0.055303 -0.007124 2.968949 1087.510010
-14.041029 18.584505 1.386759 0.047993 0.004406 2.935824 1087.729980
-14.135033 18.764812 1.399096 0.037265 0.012751 2.903852 1087.939941
-14.225885 18.953026 1.414399 0.027670 0.018653 2.875191 1088.150024
-14.312498 19.136009 1.430242 0.002384 0.024891 2.853596 1088.349976
-14.404970 19.312941 1.444714 -0.061708 0.044960 2.838518 1088.550049
-14.528606 19.478512 1.456909 -0.102374 0.055253 2.831537 1088.770020
-14.689915 19.603971 1.463718 -0.099039 0.036430 2.837036 1089.000000
-14.875760 19.682035 1.464715 -0.072463 0.039259 2.847660 1089.229980
-15.071600 19.725538 1.461624 -0.034566 0.039015 2.862173 1089.449951
-15.278575 19.757252 1.455695 0.021793 0.031255 2.876998 1089.670044
-15.477296 19.797482 1.448532 0.054653 0.025427 2.887903 1089.880005
-15.671223 19.859940 1.440401 0.062143 0.021101 2.894077 1090.089966
-15.858162 19.946510 1.431598 0.054476 0.020530 2.894780 1090.300049
-16.037743 20.052395 1.422563 0.028067 -0.016713 2.888318 1090.510010
-16.204491 20.167025 1.413720 -0.012039 -0.088448 2.877982 1090.729980
-16.364534 20.292961 1.402900 -0.036018 -0.108797 2.860407 1091.050049
-16.566526 20.274082 1.408917 -0.074656 0.091539 2.843822 1092.050049
-16.745386 20.183002 1.422503 -0.053709 0.081809 2.868149 1092.329956
-16.927563 20.099247 1.434283 -0.036107 0.064087 2.894331 1092.550049
-17.113956 20.018837 1.445149 -0.021646 0.045281 2.922263 1092.750000
-17.300453 19.941883 1.456067 -0.008342 0.026385 2.951547 1092.939941
-17.488705 19.867100 1.469950 -0.002041 0.019643 2.982861 1093.130005
-17.675558 19.795935 1.487963 0.001597 0.011886 3.015763 1093.319946
-17.867159 19.725706 1.510676 0.006114 -0.002599 3.051155 1093.520020
-18.058256 19.657696 1.538462 0.001487 0.006176 3.088741 1093.729980
-18.251471 19.590685 1.571579 -0.005587 0.019741 3.127531 1093.949951
-18.443825 19.524687 1.607995 -0.009594 0.026054 -3.120015 1094.170044
-18.637463 19.458130 1.643727 0.004298 0.016267 -3.089514 1094.390015
-18.830025 19.396578 1.671313 0.023574 0.028700 -3.064965 1094.609985
-19.026163 19.347281 1.687014 0.030210 0.036774 -3.046785 1094.829956
-19.229748 19.312162 1.690343 0.026736 0.035736 -3.034784 1095.050049
-19.430782 19.289820 1.683562 0.019026 0.034779 -3.028230 1095.260010
-19.637283 19.274765 1.669305 0.010853 0.031861 -3.026735 1095.469971
-19.837112 19.264738 1.651453 0.030310 0.016336 -3.030603 1095.670044
-20.044582 19.267529 1.631513 0.075682 -0.011209 -3.041701 1095.880005
-20.241001 19.301514 1.612483 0.096298 -0.021446 -3.058909 1096.089966
-20.430754 19.378775 1.594597 0.091337 -0.015952 -3.081966 1096.310059
-20.598288 19.488420 1.579996 0.071642 -0.005698 -3.108622 1096.520020
-20.756277 19.623131 1.567978 0.049090 0.006055 -3.139217 1096.729980
-20.901800 19.764872 1.558744 0.029349 0.013553 3.111813 1096.930054
-21.044529 19.911005 1.551226 -0.005641 -0.011556 3.077801 1097.130005
-21.187248 20.059629 1.544863 -0.057001 -0.069917 3.043292 1097.349976
-21.325764 20.205542 1.538961 -0.080132 -0.102157 3.000538 1097.660034
-21.147345 20.308617 1.558221 0.078803 -0.089343 2.946825 1098.469971
-20.955992 20.375525 1.571739 0.059443 -0.059740 2.935943 1098.709961
-20.765099 20.451941 1.584712 0.032134 -0.026673 2.926838 1098.920044
-20.577902 20.531868 1.597871 0.020240 -0.017303 2.919576 1099.119995
-20.391851 20.613194 1.610198 -0.023548 -0.008427 2.916046 1099.319946
-20.203800 20.683374 1.618291 -0.085754 -0.023974 2.917662 1099.530029
-20.005724 20.715025 1.618884 -0.108361 -0.042215 2.925417 1099.760010
-19.800991 20.687119 1.609525 -0.091178 -0.045101 2.935041 1100.000000
-19.611341 20.616064 1.593287 -0.055528 -0.038486 2.942479 1100.219971
-19.427994 20.526915 1.572299 0.024876 -0.020151 2.946898 1100.430054
-19.242912 20.449955 1.547975 0.090859 -0.011160 2.948522 1100.640015
-19.047182 20.410480 1.520511 0.099058 0.006968 2.947399 1100.859985
-18.845951 20.419312 1.490587 0.090102 0.000359 2.937864 1101.089966
-18.646730 20.471502 1.460658 0.063100 -0.003824 2.922329 1101.319946
-18.457808 20.548328 1.436630 0.040896 -0.002702 2.902486 1101.540039
-18.272369 20.639977 1.421400 0.031068 -0.009719 2.877547 1101.760010
-18.089375 20.739250 1.415732 0.011755 -0.005128 2.849352 1101.979980
-17.911112 20.838722 1.418516 0.012139 -0.012427 2.817988 1102.199951
-17.734577 20.936750 1.428074 0.011271 -0.015982 2.784481 1102.420044
-17.558193 21.032244 1.441944 0.010651 -0.016059 2.749636 1102.640015
-17.373901 21.128363 1.458387 0.003398 -0.029260 2.712167 1102.869995
-17.185061 21.213825 1.472368 -0.019546 -0.058158 2.674567 1103.099976
-16.985415 21.273909 1.480927 -0.031241 -0.059388 2.636427 1103.329956
-16.786970 21.302919 1.483069 -0.027465 -0.047803 2.600041 1103.550049
-16.585598 21.308670 1.479893 -0.009219 -0.044772 2.564743 1103.770020
-16.380960 21.299309 1.472789 -0.005572 -0.022070 2.530477 1103.989990
-16.179743 21.281551 1.464156 -0.018383 -0.018067 2.497602 1104.209961
-15.977942 21.250639 1.457117 -0.031411 -0.038189 2.464600 1104.439941
-15.782495 21.197830 1.453891 -0.033841 -0.033445 2.431534 1104.670044
-15.594781 21.123737 1.454517 -0.022198 -0.035103 2.399449 1104.900024
-15.411376 21.033201 1.458795 -0.008037 -0.035283 2.367965 1105.130005
-15.228447 20.932274 1.465784 0.000278 -0.023982 2.336992 1105.359985
-15.054452 20.832443 1.473675 0.012114 -0.019990 2.307839 1105.579956
-14.878452 20.734884 1.478952 0.033527 -0.015308 2.278919 1105.800049
-14.695481 20.646519 1.478989 0.039924 -0.008754 2.250392 1106.020020
-14.505854 20.570807 1.473355 0.031730 -0.000232 2.222260 1106.239990
-14.313665 20.507349 1.462304 0.031880 -0.009185 2.193423 1106.459961
-14.117047 20.452164 1.446913 0.026020 -0.013369 2.164372 1106.680054
-13.917504 20.402496 1.430142 0.027228 0.005965 2.135283 1106.900024
-13.718038 20.364372 1.414845 0.044640 0.015224 2.105422 1107.119995
-13.514774 20.344244 1.402445 0.048193 0.014606 2.074798 1107.339966
-13.305896 20.341623 1.393298 0.042761 0.009455 2.043427 1107.560059
-13.102749 20.351257 1.387378 0.004959 0.013388 2.013582 1107.770020
-12.903340 20.367161 1.383354 -0.074508 0.031590 1.982884 1107.989990
-12.700392 20.387815 1.381322 -0.137811 0.041945 1.943729 1108.310059
-12.504091 20.350447 1.401743 0.094598 -0.070679 1.893052 1109.199951
-12.313531 20.282192 1.424435 0.081509 -0.055045 1.877960 1109.500000
-12.121824 20.216812 1.444378 0.046856 -0.029598 1.864619 1109.729980
-11.930526 20.153181 1.463384 0.029519 -0.018494 1.848937 1109.939941
-11.734686 20.087475 1.481224 0.002336 -0.034535 1.830327 1110.150024
-11.543520 20.011284 1.495373 -0.020493 -0.054632 1.809346 1110.359985
-11.364455 19.915541 1.504546 -0.033922 -0.048836 1.785485 1110.569946
-11.195407 19.795610 1.508574 -0.025978 -0.043263 1.758228 1110.790039
-11.042760 19.660154 1.508013 -0.010893 -0.036333 1.729216 1111.010010
-10.900989 19.515091 1.504188 -0.004119 -0.012482 1.698808 1111.229980
-10.760013 19.364590 1.497875 0.029230 -0.000723 1.666066 1111.459961
-10.612624 19.222662 1.490431 0.046413 0.002518 1.632653 1111.689941
-10.457768 19.096287 1.482800 0.048804 0.000520 1.599843 1111.910034
-10.288477 18.977165 1.475201 0.042503 -0.002659 1.566418 1112.130005
-10.118191 18.868618 1.468118 0.000624 -0.000187 1.535178 1112.339966
-9.947379 18.758581 1.460977 -0.016900 -0.035826 1.503191 1112.560059
-9.787127 18.632994 1.453653 -0.020458 -0.053654 1.469780 1112.790039
-9.648100 18.489113 1.446369 -0.016157 -0.049585 1.436370 1113.020020
-9.527374 18.329184 1.439018 0.003287 -0.032518 1.403133 1113.250000
-9.412543 18.164080 1.431634 0.038324 0.043055 1.370448 1113.479980
-9.274814 18.018534 1.424420 0.057297 0.088622 1.337166 1113.719971
-9.097239 17.916384 1.416758 0.045627 0.086850 1.300854 1113.969971
-8.898600 17.863251 1.409152 0.040512 0.065928 1.265398 1114.209961
-8.697503 17.841860 1.402359 0.034211 0.040647 1.232762 1114.430054
-8.495869 17.833767 1.397662 0.021228 -0.000310 1.201998 1114.640015
-8.294873 17.822929 1.397293 0.028345 -0.029233 1.171797 1114.849976
-8.087976 17.795362 1.402634 0.032605 -0.038680 1.140282 1115.069946
-7.885032 17.746815 1.413598 0.036533 -0.033180 1.108919 1115.290039
-7.693419 17.682947 1.428278 0.027699 -0.023319 1.078911 1115.500000
-7.505723 17.608038 1.445097 0.013098 -0.013277 1.048919 1115.709961
-7.315842 17.524937 1.464058 0.019467 -0.003315 1.017639 1115.930054
-7.129271 17.439266 1.481612 0.025208 -0.012556 0.986462 1116.150024
-6.945643 17.346893 1.495239 0.032441 -0.019570 0.955339 1116.369995
-6.764364 17.243643 1.503979 0.035569 -0.018460 0.924188 1116.589966
-6.593083 17.134592 1.508272 0.025809 -0.030002 0.894207 1116.800049
-6.430120 17.013340 1.511219 0.017345 -0.067021 0.864177 1117.010010
-6.287344 16.872425 1.514758 0.007087 -0.078705 0.834493 1117.219971
-6.166478 16.704618 1.519662 -0.006552 -0.064110 0.803722 1117.439941
-6.073745 16.526695 1.524516 -0.005074 -0.026935 0.772880 1117.660034
-5.991939 16.341995 1.526001 0.023029 0.012161 0.741280 1117.890015
-5.899462 16.155174 1.522511 0.026758 0.029578 0.709031 1118.130005
-5.795372 15.984438 1.514004 0.030865 0.031358 0.677980 1118.359985
-5.675333 15.820559 1.501213 0.014131 0.022834 0.646817 1118.589966
-5.545376 15.663131 1.485987 -0.069488 0.004110 0.616700 1118.829956
-5.410949 15.513025 1.470756 -0.149774 -0.018478 0.582957 1119.170044
-5.269753 15.368538 1.487166 0.132402 0.025295 0.531105 1120.069946
-5.132603 15.215652 1.518803 0.099880 0.020369 0.513417 1120.349976
-4.995410 15.061305 1.548028 0.050905 0.010788 0.496534 1120.569946
-4.862127 14.910719 1.576569 0.031618 0.008453 0.479380 1120.770020
-4.726411 14.757613 1.606268 0.023062 0.007158 0.459736 1120.969971
-4.590785 14.604808 1.633480 0.017800 0.000575 0.437672 1121.170044
-4.458265 14.452894 1.652967 0.018769 -0.006127 0.413397 1121.369995
-4.324671 14.292918 1.662355 0.022485 -0.007544 0.385730 1121.579956
-4.196796 14.130974 1.660260 0.025048 -0.005066 0.356104 1121.790039
-4.073516 13.966624 1.648248 0.023411 -0.001672 0.324896 1122.000000
-3.953466 13.800478 1.628739 0.026869 0.004366 0.292451 1122.209961
-3.834330 13.632215 1.604311 0.026765 0.008214 0.259007 1122.420044
-3.715398 13.462880 1.578094 0.011762 0.003992 0.225002 1122.630005
-3.598876 13.296547 1.554124 0.015113 0.008076 0.191043 1122.839966
-3.483716 13.132906 1.534803 0.013918 0.008062 0.157252 1123.050049
-3.364643 12.964534 1.520447 0.005819 0.003832 0.124292 1123.270020
-3.243558 12.797805 1.511155 -0.047307 0.031621 0.094620 1123.500000
-3.102261 12.655558 1.505111 -0.093053 0.076572 0.068600 1123.750000
-2.915673 12.574274 1.499771 -0.089581 0.065955 0.055613 1124.020020
-2.714492 12.560497 1.493978 -0.061672 0.061530 0.051178 1124.270020
-2.509967 12.582939 1.487691 -0.032348 0.036731 0.053307 1124.500000
-2.306879 12.619971 1.480800 -0.010027 0.027465 0.058361 1124.719971
-2.110834 12.659015 1.473787 0.002764 0.026824 0.065551 1124.930054
-1.912882 12.696012 1.468023 0.007548 0.027093 0.074402 1125.140015
-1.712909 12.729007 1.465210 0.007822 0.027747 0.084030 1125.349976
-1.511819 12.758007 1.465507 0.006340 0.009917 0.093564 1125.560059
-1.305590 12.784585 1.468884 0.003903 0.019688 0.103182 1125.780029
-1.101273 12.808862 1.474778 0.001773 0.003380 0.111694 1126.000000
-0.900399 12.831796 1.481292 0.000330 -0.074832 0.119117 1126.229980
-0.700510 12.853979 1.490431 -0.002541 -0.157693 0.126754 1126.560059
-0.500458 12.868352 1.498088 0.007888 0.116833 0.113045 1127.430054
-0.293947 12.879098 1.503350 0.003515 0.097033 0.100043 1127.729980
-0.089404 12.890244 1.507537 0.000771 0.054302 0.089377 1127.959961
0.113173 12.901785 1.510995 -0.000032 0.028396 0.078482 1128.170044
0.318204 12.913610 1.511290 0.002876 0.015037 0.066749 1128.380005
0.520267 12.924152 1.506000 0.005448 0.020094 0.054786 1128.589966
0.719917 12.932410 1.494794 0.005776 0.007645 0.043480 1128.800049
0.923182 12.938281 1.477071 0.005248 0.015543 0.034804 1129.020020
1.123150 12.941851 1.455676 -0.001236 0.023208 0.031047 1129.239990
1.323847 12.946507 1.438347 -0.015413 0.030967 0.033333 1129.459961
1.528075 12.958289 1.430123 -0.020754 0.022264 0.042468 1129.680054
1.731748 12.979384 1.431784 -0.017965 0.010663 0.057083 1129.900024
1.930489 13.008160 1.443016 -0.013391 0.024186 0.075016 1130.119995
2.127970 13.042344 1.461039 -0.004657 0.002482 0.095304 1130.339966
2.326784 13.078196 1.478891 0.014251 0.010129 0.114994 1130.569946
2.529881 13.107168 1.489884 0.023372 0.025215 0.130384 1130.810059
2.735720 13.124145 1.491208 0.021106 0.021712 0.138038 1131.050049
2.935467 13.130610 1.483267 0.016427 0.033544 0.137705 1131.280029
3.141778 13.130856 1.469449 0.011118 0.036232 0.129519 1131.510010
3.346357 13.128005 1.455518 0.006693 0.035289 0.115761 1131.729980
3.547018 13.124224 1.444319 0.002736 0.021395 0.098619 1131.939941
3.747588 13.120377 1.436236 0.000108 0.016668 0.079452 1132.150024
3.955130 13.117059 1.431600 -0.000683 0.019682 0.058914 1132.369995
4.160390 13.114712 1.430495 -0.000743 0.011985 0.038809 1132.589966
4.361648 13.113081 1.432220 -0.000709 0.022482 0.018703 1132.810059
4.562497 13.111992 1.435687 0.001204 0.024028 -0.001518 1133.030029
4.764501 13.110257 1.439612 0.005889 0.028650 -0.020802 1133.250000
4.969588 13.105722 1.443037 0.007614 0.032991 -0.038089 1133.469971
5.178169 13.097686 1.445543 0.001673 0.019129 -0.051779 1133.689941
5.385721 13.088877 1.447300 -0.007075 0.023622 -0.059646 1133.910034
5.593675 13.082948 1.448740 -0.011267 0.028322 -0.061051 1134.130005
5.794591 13.081555 1.450129 -0.011737 0.030514 -0.058544 1134.339966
5.998171 13.084307 1.451533 -0.007163 0.022094 -0.054515 1134.550049
6.201810 13.089301 1.451749 0.000534 0.023283 -0.049796 1134.760010
6.405305 13.093473 1.450402 0.004835 0.027647 -0.044828 1134.969971
6.610278 13.095005 1.447308 0.005971 0.027570 -0.039967 1135.180054
6.816756 13.093550 1.442706 0.005219 0.025402 -0.035460 1135.390015
7.021927 13.089671 1.437105 0.003787 -0.025408 -0.031684 1135.599976
7.228699 13.084015 1.430391 0.002127 -0.100129 -0.028095 1135.839966
7.428673 13.076429 1.423240 0.000414 -0.084542 -0.023200 1136.290039
7.631271 13.067967 1.418538 -0.001915 0.131544 -0.016925 1137.040039
7.833524 13.064359 1.419981 -0.001807 0.090727 -0.015384 1137.300049
8.041389 13.061789 1.420468 -0.004255 0.039011 -0.013652 1137.520020
8.248578 13.061025 1.420759 -0.007064 0.027476 -0.010482 1137.729980
8.457107 13.063058 1.420733 -0.007035 0.013069 -0.005085 1137.939941
8.661575 13.067883 1.420186 -0.005552 0.009912 0.001909 1138.150024
8.870066 13.075191 1.419182 -0.003793 0.018113 0.010060 1138.369995
9.074347 13.083901 1.417821 -0.000349 -0.005245 0.018233 1138.589966
9.276419 13.092508 1.414964 0.006123 0.010762 0.024557 1138.819946
9.481747 13.098037 1.409769 0.008841 0.025109 0.026698 1139.060059
9.688723 13.098924 1.402493 0.007911 0.024593 0.024335 1139.300049
9.889462 13.096013 1.393791 0.005791 0.035622 0.019285 1139.530029
10.096810 13.090679 1.384245 0.003361 0.033232 0.012567 1139.760010
10.300851 13.084430 1.376744 0.001195 0.032777 0.005554 1139.979980
10.509780 13.077992 1.372523 -0.000210 0.025430 -0.001402 1140.199951
10.710015 13.072217 1.371706 -0.000858 0.011804 -0.006740 1140.410034
10.915755 13.066763 1.373944 -0.000341 0.021452 -0.008995 1140.630005
11.120432 13.061808 1.378444 -0.003671 0.023050 -0.006985 1140.849976
11.325534 13.058820 1.383901 -0.009487 0.028697 -0.001339 1141.069946
11.533160 13.060194 1.389369 -0.011023 0.020400 0.007198 1141.290039
11.739890 13.066531 1.394056 -0.009062 0.015431 0.017314 1141.510010
11.943583 13.076838 1.397715 -0.006158 0.023901 0.027823 1141.729980
12.146972 13.089600 1.400575 0.000869 0.017273 0.037541 1141.949951
12.348857 13.101542 1.403951 0.010331 0.025394 0.044032 1142.170044
12.552054 13.108834 1.408530 0.013488 0.021638 0.045553 1142.390015
12.755254 13.110121 1.414137 0.011935 0.016365 0.042331 1142.609985
12.956592 13.106192 1.420971 0.009080 0.026637 0.035276 1142.829956
13.159142 13.098763 1.428192 0.003215 0.023064 0.025600 1143.050049
13.362574 13.090557 1.433832 -0.003953 0.029479 0.016233 1143.270020
13.569050 13.084644 1.437011 -0.007202 0.032414 0.009233 1143.489990
13.770230 13.082403 1.437486 -0.007483 0.032473 0.005029 1143.699951
13.975135 13.083428 1.435576 -0.006087 0.031023 0.002878 1143.910034
14.183022 13.086985 1.431815 -0.004144 0.028439 0.001563 1144.119995
14.392699 13.092121 1.426740 -0.001432 0.023715 -0.000499 1144.329956
14.602238 13.097514 1.420489 0.003417 0.022181 -0.003446 1144.540039
14.810980 13.101254 1.413302 0.006265 0.022162 -0.006946 1144.750000
15.017867 13.102213 1.405509 0.006387 0.006432 -0.010756 1144.959961
15.218426 13.100439 1.397165 0.005140 0.014340 -0.014339 1145.170044
15.423455 13.096303 1.388426 0.003199 -0.013115 -0.017940 1145.390015
15.625176 13.090569 1.379794 0.001260 -0.087366 -0.021393 1145.630005
15.825878 13.083014 1.371378 -0.001040 -0.120078 -0.025156 1146.030029
16.030991 13.076669 1.355447 -0.005032 0.133558 -0.018866 1146.819946
16.235706 13.076543 1.347048 -0.003548 0.095670 -0.014377 1147.089966
16.442240 13.077484 1.339063 0.000596 0.037284 -0.011016 1147.310059
16.647852 13.077903 1.333764 0.004723 0.026960 -0.009380 1147.520020
16.855013 13.076273 1.332062 0.006262 0.025610 -0.009862 1147.729980
17.062895 13.072008 1.334190 0.005996 0.025704 -0.012181 1147.939941
17.271461 13.065300 1.339546 0.004722 0.024061 -0.015793 1148.150024
17.479784 13.056664 1.346722 0.006086 0.018229 -0.020868 1148.359985
17.685877 13.045655 1.354102 0.009244 0.020709 -0.028236 1148.569946
17.890341 13.031152 1.360599 0.009412 0.013625 -0.038504 1148.780029
18.090651 13.013238 1.365449 0.007430 0.008617 -0.050683 1148.989990
18.294302 12.991856 1.368650 0.005063 0.019328 -0.064106 1149.209961
18.495651 12.968973 1.370378 -0.007656 0.017584 -0.076824 1149.430054
18.695856 12.950750 1.372153 -0.034462 0.024902 -0.086336 1149.650024
18.898157 12.947644 1.374954 -0.041395 0.016881 -0.089779 1149.869995
19.099831 12.962712 1.378827 -0.035465 0.009783 -0.087151 1150.089966
19.297785 12.992909 1.383774 -0.028317 0.021683 -0.078838 1150.310059
19.496269 13.033705 1.389445 -0.015090 0.026149 -0.064214 1150.530029
19.697151 13.078483 1.394607 0.001683 0.029857 -0.044676 1150.750000
19.901659 13.119932 1.398720 0.010153 0.036583 -0.021645 1150.969971
20.102306 13.153074 1.401142 0.011779 0.033518 0.001702 1151.180054
20.307493 13.179782 1.402139 0.009944 0.030318 0.024737 1151.390015
20.514767 13.200828 1.402020 0.020843 0.012690 0.045419 1151.599976
20.718510 13.211992 1.401757 0.041136 0.011844 0.061600 1151.810059
20.927759 13.205407 1.402040 0.044006 0.006518 0.071272 1152.030029
21.131134 13.179351 1.403234 0.036087 0.005341 0.073998 1152.250000
21.328190 13.138221 1.405217 0.022939 0.013252 0.070856 1152.469971
21.522377 13.089677 1.406322 -0.003654 0.027052 0.062962 1152.689941
21.718945 13.045577 1.405178 -0.020079 0.035789 0.052143 1152.910034
21.920160 13.013309 1.401286 -0.024383 0.021533 0.040586 1153.130005
22.121597 12.994034 1.394632 -0.020521 0.027423 0.028964 1153.349976
22.324421 12.985435 1.386075 -0.013936 0.017267 0.019208 1153.569946
22.525640 12.983971 1.378975 -0.008533 0.020386 0.011198 1153.790039
22.735352 12.986885 1.376056 -0.004001 0.028963 0.004890 1154.020020
22.939299 12.991594 1.378657 -0.001060 0.029313 0.000746 1154.239990
23.146105 12.996608 1.385101 0.000823 0.024464 -0.001841 1154.459961
23.354036 13.001004 1.393065 0.001614 0.028218 -0.003095 1154.680054
23.563086 13.004421 1.400667 0.001785 -0.010551 -0.003334 1154.900024
23.770613 13.007023 1.406712 0.002248 -0.090439 -0.002720 1155.140015
23.971832 13.008629 1.412361 0.001555 -0.129005 -0.001062 1155.520020
24.172523 13.002140 1.392159 0.000729 0.114476 -0.006259 1156.359985
24.375341 12.997184 1.376291 -0.000704 0.097085 -0.009514 1156.650024
24.580360 12.993346 1.361019 -0.001676 0.041596 -0.011357 1156.880005
24.788227 12.990529 1.348467 -0.004572 0.025172 -0.011402 1157.099976
24.988169 12.989767 1.342050 -0.006055 0.024860 -0.009391 1157.310059
25.197447 12.991605 1.342049 -0.005408 0.010508 -0.005067 1157.530029
25.402103 12.995831 1.348314 -0.003983 0.017764 0.000562 1157.750000
25.604441 13.001717 1.359917 -0.002602 0.025090 0.007002 1157.969971
25.807749 13.008664 1.374965 -0.002735 0.025972 0.014341 1158.189941
26.012758 13.016715 1.391011 -0.003455 0.029691 0.022328 1158.410034
26.220406 13.026205 1.406466 -0.003102 0.018670 0.030686 1158.630005
26.426615 13.036900 1.420052 -0.002171 0.015997 0.038848 1158.849976
26.630344 13.048371 1.431792 -0.001263 0.024839 0.046414 1159.069946
26.833790 13.060320 1.439664 -0.000690 0.012952 0.053134 1159.290039
27.033876 13.072354 1.439795 -0.000357 0.024969 0.058748 1159.510010
27.234903 13.084601 1.430973 -0.000143 0.032819 0.062789 1159.729980
27.439255 13.097012 1.415586 0.003491 0.016972 0.063984 1159.949951
27.642231 13.107683 1.398883 0.008996 0.021864 0.061401 1160.170044
27.845409 13.114409 1.384584 0.010937 0.030679 0.054719 1160.390015
28.052616 13.116567 1.374480 0.010103 0.035256 0.045549 1160.609985
28.255571 13.114864 1.368971 0.007199 0.026018 0.036243 1160.819946
28.459314 13.110664 1.367237 0.002165 0.009884 0.027549 1161.030029
28.667706 13.105638 1.369161 -0.001984 0.020530 0.019640 1161.250000
28.874126 13.101867 1.374426 -0.003696 0.012400 0.013141 1161.469971
29.076780 13.100037 1.381799 -0.003675 0.017080 0.008041 1161.689941
29.277126 13.100039 1.390538 -0.002868 0.029574 0.004306 1161.910034
29.480537 13.101426 1.399855 -0.001932 0.033812 0.001720 1162.130005
29.689240 13.103670 1.409186 -0.001031 0.029132 -0.000161 1162.349976
29.890694 13.106133 1.415784 0.000353 0.014168 -0.001466 1162.560059
30.098530 13.108429 1.417320 0.001352 0.022030 -0.002380 1162.780029
30.304758 13.110000 1.412846 0.001556 0.011209 -0.002918 1163.000000
30.506834 13.110779 1.402770 0.001285 0.017893 -0.003086 1163.219971
30.706995 13.110912 1.388142 0.000780 0.021219 -0.002988 1163.439941
30.913631 13.111195 1.371708 -0.013443 -0.002800 -0.001931 1163.670044
31.118380 13.119131 1.358078 -0.034185 0.017697 0.001903 1163.910034
31.320002 13.144582 1.350739 -0.034163 0.015034 0.011068 1164.150024
31.519760 13.187589 1.349837 -0.028151 0.025634 0.024821 1164.390015
31.712790 13.241367 1.354129 -0.015202 0.007762 0.043228 1164.619995
31.903530 13.301813 1.360473 0.009722 -0.071373 0.065030 1164.859985
32.092880 13.368198 1.368122 0.025560 -0.107578 0.095375 1165.209961
32.279591 13.440882 1.400424 -0.026677 0.112435 0.144106 1166.099976
32.470089 13.515604 1.428971 -0.021601 0.094550 0.162544 1166.410034
32.655670 13.589228 1.453130 -0.011816 0.053581 0.178708 1166.640015
32.840424 13.662830 1.475807 0.004046 0.032060 0.191719 1166.849976
33.029934 13.732110 1.492226 0.060259 0.010945 0.200672 1167.060059
33.229118 13.776756 1.496240 0.096747 0.001727 0.203470 1167.280029
33.435303 13.777673 1.484602 0.085578 -0.014961 0.197979 1167.510010
33.633324 13.736195 1.457886 0.069001 0.000050 0.187985 1167.739990
33.818676 13.667234 1.422017 0.048802 0.007280 0.171475 1167.959961
34.001392 13.579598 1.385100 0.042620 0.005966 0.149052 1168.180054
34.180710 13.477121 1.354465 0.038719 0.008565 0.121860 1168.400024
34.348263 13.368368 1.333938 0.023039 0.000287 0.091956 1168.609985
34.516960 13.249173 1.322091 0.019968 0.010879 0.058351 1168.829956
34.682682 13.126843 1.318984 0.019612 0.021059 0.022709 1169.050049
34.849728 13.002289 1.322038 0.004560 0.027173 -0.014229 1169.270020
35.021122 12.882226 1.327142 -0.022057 0.038350 -0.051778 1169.489990
35.201797 12.776862 1.331126 -0.034239 0.035333 -0.088741 1169.709961
35.390553 12.690684 1.332046 -0.032841 0.024749 -0.122358 1169.930054
35.582390 12.622554 1.329679 -0.032710 0.012492 -0.149718 1170.150024
35.782120 12.570475 1.324452 -0.044247 0.018764 -0.169898 1170.380005
35.984184 12.540961 1.317574 -0.042744 0.021274 -0.179061 1170.609985
36.189568 12.531997 1.309821 -0.031094 0.016640 -0.177196 1170.839966
36.395859 12.537393 1.301859 -0.019946 0.028626 -0.165777 1171.069946
36.595985 12.549642 1.295820 -0.008448 0.015375 -0.146480 1171.290039
36.803837 12.564772 1.295547 -0.001080 0.025959 -0.120766 1171.520020
37.003960 12.577790 1.302827 0.002099 0.020496 -0.092772 1171.739990
37.203842 12.588289 1.316892 0.003322 0.016995 -0.062576 1171.959961
37.410458 12.596708 1.335576 -0.000358 0.022022 -0.029899 1172.189941
37.617481 12.604596 1.352849 -0.005910 0.033695 0.002029 1172.420044
37.820641 12.614394 1.365113 -0.007763 0.037676 0.029930 1172.640015
38.020683 12.626969 1.371975 -0.006949 0.035617 0.051453 1172.849976
38.225590 12.642534 1.374275 -0.003917 0.022277 0.066151 1173.060059
38.429886 12.659331 1.372669 0.004805 0.010482 0.073788 1173.270020
38.629341 12.673774 1.368050 0.011417 0.019549 0.074909 1173.479980
38.835987 12.683784 1.361422 0.012851 0.011194 0.070254 1173.699951
39.038288 12.687933 1.353884 0.009478 0.013476 0.062895 1173.920044
39.246216 12.687942 1.346995 0.003530 0.027342 0.054125 1174.150024
39.447056 12.686822 1.342380 -0.000572 0.014884 0.045715 1174.369995
39.649769 12.686177 1.338971 -0.003384 -0.064350 0.037839 1174.599976
39.853024 12.686086 1.335940 -0.003667 -0.114953 0.028941 1174.910034
40.053860 12.682500 1.334217 0.006049 0.133130 0.006256 1175.750000
40.261189 12.674479 1.334153 0.003145 0.113308 -0.006006 1176.069946
40.468288 12.666770 1.332433 -0.001848 0.046896 -0.014261 1176.300049
40.671227 12.660666 1.330884 -0.009575 0.024901 -0.019181 1176.510010
40.875694 12.658525 1.330115 -0.012849 0.027539 -0.020192 1176.719971
41.081577 12.661557 1.329956 -0.012051 0.025234 -0.016924 1176.930054
41.288383 12.669300 1.330492 -0.009436 0.027906 -0.010269 1177.140015
41.495667 12.680483 1.331559 -0.004317 0.000728 -0.000996 1177.349976
41.703678 12.693255 1.331107 0.006092 -0.002334 0.008682 1177.569946
41.909599 12.703117 1.326826 0.011879 0.017723 0.016023 1177.800049
42.113480 12.706867 1.318254 0.012317 0.033415 0.019076 1178.030029
42.313702 12.704873 1.306478 0.009943 0.037901 0.018135 1178.250000
42.520813 12.698801 1.292883 0.004219 0.031385 0.014526 1178.469971
42.722511 12.691726 1.283188 -0.003890 0.027865 0.010975 1178.680054
42.926361 12.686650 1.280228 -0.008129 0.026392 0.009149 1178.890015
43.131657 12.685306 1.285115 -0.008771 0.027781 0.009366 1179.099976
43.338547 12.687836 1.297420 -0.007270 0.025611 0.011187 1179.310059
43.545986 12.693449 1.315157 -0.004750 0.015455 0.013913 1179.520020
43.750259 12.700889 1.334358 -0.001879 0.015196 0.016868 1179.729980
43.951107 12.708901 1.351794 0.000168 0.020859 0.019828 1179.939941
44.159290 12.716993 1.366189 0.001247 0.009557 0.022751 1180.160034
44.362343 12.724256 1.375952 0.001473 0.020380 0.025381 1180.380005
44.563908 12.730709 1.381529 0.002024 0.019271 0.027468 1180.599976
44.764351 12.735905 1.382967 0.007658 0.020966 0.027742 1180.819946
44.964554 12.737703 1.380638 0.011226 0.029083 0.024478 1181.040039
45.166676 12.734733 1.375424 0.010193 0.015396 0.017175 1181.260010
45.366734 12.727407 1.368126 0.007701 0.023974 0.007412 1181.479980
45.567253 12.716976 1.359737 0.004895 0.020711 -0.003905 1181.699951
45.767082 12.704789 1.350921 0.001312 0.009943 -0.014583 1181.920044
45.970970 12.692172 1.342427 -0.005185 0.020461 -0.023110 1182.150024
46.174377 12.682453 1.335723 -0.008534 0.028780 -0.027777 1182.380005
46.380409 12.677052 1.330970 -0.008078 0.019958 -0.028047 1182.609985
46.586491 12.675661 1.327833 -0.006358 0.028948 -0.024155 1182.839966
46.786983 12.677192 1.326103 -0.006465 0.034599 -0.017319 1183.060059
46.992775 12.681322 1.325263 -0.005311 0.018137 -0.008511 1183.280029
47.193573 12.687516 1.324435 -0.001691 -0.059231 0.001317 1183.500000
47.399101 12.695943 1.322851 0.002384 -0.110850 0.013802 1183.790039
47.600292 12.703202 1.326218 0.000125 0.133736 0.037634 1184.660034
47.802937 12.709330 1.337055 -0.000704 0.117226 0.041806 1185.000000
48.005444 12.716578 1.345319 0.002321 0.074573 0.042971 1185.229980
48.215187 12.723145 1.353701 0.010347 0.047765 0.041232 1185.439941
48.424648 12.726009 1.362627 0.013964 0.030090 0.036027 1185.640015
48.625881 12.724140 1.371741 0.013805 0.021512 0.028047 1185.829956
48.825821 12.717831 1.381180 0.011515 0.015626 0.017652 1186.020020
49.032448 12.707333 1.391299 0.007179 -0.003235 0.004715 1186.219971
49.237976 12.694220 1.400038 -0.004279 -0.014932 -0.008848 1186.430054
49.446461 12.682700 1.404785 -0.013877 0.011343 -0.020726 1186.660034
49.647980 12.678250 1.404376 -0.014701 0.010833 -0.027189 1186.890015
49.854115 12.681380 1.398863 -0.012342 0.028135 -0.028115 1187.130005
50.054882 12.690125 1.389908 -0.008479 0.038557 -0.023387 1187.359985
50.254627 12.701475 1.379710 -0.000746 0.038493 -0.016154 1187.579956
50.462070 12.712390 1.369510 0.005302 0.039284 -0.009133 1187.800049
50.667007 12.719998 1.360438 0.007377 0.035838 -0.003937 1188.010010
50.876831 12.724135 1.352416 0.006957 0.028956 -0.000231 1188.219971
51.078400 12.725172 1.345924 0.005569 0.012908 0.001960 1188.420044
51.285965 12.723806 1.340532 0.006322 0.007819 0.002528 1188.630005
51.487251 12.719874 1.336339 0.006531 0.019193 0.000771 1188.839966
51.696144 12.713050 1.333083 0.005558 0.028206 -0.004113 1189.060059
51.897488 12.704416 1.331057 0.003988 0.031759 -0.012035 1189.270020
52.101753 12.694354 1.329619 0.003094 0.016072 -0.023024 1189.479980
52.303516 12.683191 1.328240 0.004982 0.011209 -0.035870 1189.689941
52.510036 12.669631 1.326545 0.006324 0.022002 -0.050030 1189.910034
52.714504 12.653502 1.324625 0.005613 0.009385 -0.064026 1190.130005
52.914074 12.635271 1.322244 0.004062 0.021469 -0.076752 1190.349976
53.121727 12.614437 1.319496 0.002198 0.020360 -0.088170 1190.579956
53.328907 12.592644 1.316521 0.000922 0.021987 -0.095762 1190.810059
53.535622 12.570573 1.313743 -0.004252 0.016430 -0.097794 1191.040039
53.740662 12.551812 1.314595 -0.024774 0.019405 -0.093418 1191.270020
53.945900 12.545242 1.322223 -0.035123 0.027754 -0.082210 1191.500000
54.146053 12.554537 1.336180 -0.031744 0.024654 -0.067045 1191.719971
54.348343 12.576640 1.353651 -0.011710 0.020768 -0.050968 1191.939941
54.550861 12.602668 1.371189 0.006666 0.030593 -0.036053 1192.160034
54.756531 12.624206 1.386699 0.014945 0.033843 -0.023196 1192.380005
54.957306 12.637252 1.398612 0.015775 0.035062 -0.013190 1192.589966
55.161835 12.642984 1.407197 0.012622 -0.002622 -0.005978 1192.800049
55.362106 12.643106 1.412175 0.007242 -0.083870 -0.001008 1193.020020
55.563236 12.638137 1.416021 -0.003402 -0.156234 0.003924 1193.339966
55.763447 12.652871 1.395663 -0.022910 0.113296 0.029717 1194.160034
55.959953 12.690801 1.382106 -0.016615 0.097095 0.044545 1194.459961
56.156761 12.729982 1.370822 0.003078 0.056653 0.051823 1194.689941
56.353825 12.763927 1.363999 0.030330 0.038282 0.052934 1194.900024
56.558601 12.784714 1.363026 0.041070 0.025278 0.048084 1195.109985
56.764557 12.787930 1.367784 0.037140 0.006641 0.037420 1195.319946
56.965015 12.775373 1.377853 0.029077 0.016776 0.022505 1195.530029
57.172024 12.749798 1.393196 0.022086 0.019542 0.001338 1195.750000
57.377651 12.714758 1.412502 0.024957 0.022549 -0.024636 1195.969971
57.573685 12.672031 1.433651 0.023948 0.021955 -0.053392 1196.180054
57.768101 12.621068 1.455791 0.016720 0.007219 -0.085119 1196.390015
57.965485 12.562333 1.479269 0.011228 0.019432 -0.119912 1196.609985
58.160313 12.500410 1.502781 0.006003 0.013352 -0.156163 1196.829956
58.351696 12.437742 1.525503 0.002142 0.016870 -0.192811 1197.050049
58.548298 12.372986 1.547398 0.009502 0.008611 -0.230928 1197.280029
58.738499 12.304886 1.562501 0.036735 0.018920 -0.268337 1197.510010
58.922703 12.221192 1.568486 0.046036 0.025999 -0.305160 1197.739990
59.102959 12.116598 1.565359 0.039730 0.031198 -0.337975 1197.969971
59.274452 12.000627 1.554772 0.004643 0.035061 -0.362402 1198.189941
59.443012 11.887885 1.539054 -0.026187 0.034906 -0.377366 1198.400024
59.620697 11.784822 1.519281 -0.038029 0.031694 -0.383873 1198.609985
59.807625 11.696247 1.496921 -0.036063 0.024445 -0.383355 1198.819946
60.000793 11.621902 1.473568 -0.025947 0.017670 -0.377842 1199.030029
60.195381 11.558267 1.453892 -0.005800 0.011082 -0.369976 1199.239990
60.386276 11.498349 1.442920 0.010278 0.016971 -0.362825 1199.449951
60.581142 11.432151 1.442276 0.016223 0.009143 -0.357565 1199.670044
60.768341 11.360460 1.452039 0.014669 0.013887 -0.352586 1199.890015
60.956928 11.284122 1.468478 -0.054725 -0.021543 -0.346050 1200.119995
61.156933 11.240369 1.485976 -0.133489 -0.057794 -0.331594 1200.380005
61.351532 11.295154 1.495613 -0.136343 -0.056502 -0.311910 1200.660034
61.507870 11.431544 1.493845 -0.100098 -0.035827 -0.290653 1200.910034
61.634663 11.597062 1.485883 -0.051836 -0.019640 -0.267231 1201.130005
61.747959 11.772126 1.474890 -0.029390 -0.000160 -0.241752 1201.339966
61.853344 11.942716 1.462486 -0.020908 0.013835 -0.214931 1201.540039
61.960598 12.112346 1.448969 -0.016263 0.021734 -0.186148 1201.739990
62.078125 12.285066 1.434456 0.029314 0.045083 -0.154028 1201.949951
62.213917 12.440590 1.419366 0.075047 0.079154 -0.117713 1202.170044
62.381271 12.554819 1.403678 0.083555 0.067841 -0.082485 1202.400024
62.571079 12.618856 1.387979 0.066931 0.058847 -0.048325 1202.630005
62.778118 12.644525 1.372493 0.041929 0.026241 -0.017593 1202.859985
62.983932 12.647066 1.358535 0.020234 -0.065012 0.007891 1203.089966
63.185989 12.635020 1.344976 -0.000482 -0.111980 0.037159 1203.390015
63.389576 12.620236 1.349940 -0.008607 0.134384 0.081885 1204.260010
63.587772 12.642005 1.368869 -0.005749 0.113767 0.095798 1204.569946
63.792488 12.667026 1.384905 -0.002208 0.061454 0.104490 1204.800049
63.998577 12.692577 1.399022 0.004242 0.036617 0.109239 1205.010010
64.200356 12.715775 1.409944 0.010090 0.026486 0.110005 1205.209961
64.403084 12.735308 1.417629 0.011498 0.009921 0.106692 1205.410034
64.610741 12.750735 1.421944 0.009822 0.003334 0.099962 1205.619995
64.810883 12.761544 1.422874 0.007567 0.018131 0.091202 1205.829956
65.016914 12.769547 1.421165 0.005552 0.002898 0.080208 1206.050049
65.224205 12.774517 1.417561 0.011947 0.010977 0.066532 1206.280029
65.426590 12.773688 1.413696 0.016754 0.029191 0.049727 1206.510010
65.632812 12.765361 1.410481 0.016044 0.036414 0.029592 1206.739990
65.837196 12.750812 1.408400 0.012101 0.038488 0.008148 1206.959961
66.038055 12.732565 1.407112 0.006372 0.013436 -0.013365 1207.170044
66.244965 12.711449 1.406309 0.001413 0.009179 -0.034752 1207.390015
66.446167 12.690465 1.406434 -0.000919 0.024700 -0.053978 1207.609985
66.648232 12.670303 1.407477 -0.001572 0.031655 -0.069796 1207.829956
66.854309 12.651004 1.408472 -0.006565 0.033015 -0.080120 1208.050049
67.055519 12.635347 1.406600 -0.017169 0.032989 -0.083465 1208.260010
67.260971 12.626210 1.400303 -0.020318 0.020061 -0.079643 1208.469971
67.465141 12.625093 1.389525 -0.016703 0.004360 -0.069723 1208.680054
67.672089 12.631176 1.373613 -0.012174 0.017698 -0.054782 1208.900024
67.875488 12.642127 1.354754 -0.006191 0.000158 -0.036011 1209.119995
68.078690 12.655779 1.335607 0.002272 0.006108 -0.015861 1209.349976
68.283295 12.668195 1.319457 0.006094 0.031431 0.002465 1209.589966
68.484070 12.676462 1.308986 0.006647 0.040049 0.016845 1209.819946
68.684898 12.681156 1.303440 0.005140 0.033506 0.029031 1210.040039
68.890854 12.683820 1.301310 -0.000085 0.021203 0.039894 1210.260010
69.096970 12.686738 1.301769 -0.003869 0.028410 0.049156 1210.479980
69.305206 12.691827 1.303870 -0.004987 0.029937 0.056310 1210.699951
69.506721 12.699259 1.306786 -0.004442 0.030142 0.060413 1210.910034
69.710854 12.708929 1.309899 -0.002606 0.020557 0.061516 1211.119995
69.913765 12.719687 1.313052 0.001076 0.011626 0.060039 1211.329956
70.121765 12.730298 1.316891 0.003723 0.020645 0.056457 1211.550049
70.327423 12.739190 1.321468 0.004354 0.011903 0.051358 1211.770020
70.529160 12.745993 1.326499 0.003689 0.020799 0.045187 1211.989990
70.729965 12.751166 1.332012 0.002738 0.017869 0.038139 1212.209961
70.937950 12.755246 1.337134 0.002605 0.017482 0.030484 1212.439941
71.144363 12.758085 1.341009 0.002336 0.030007 0.023144 1212.670044
71.353088 12.759933 1.343454 0.001557 0.017288 0.016477 1212.900024
71.560791 12.761062 1.344380 0.000790 0.028981 0.010866 1213.130005
71.761299 12.761837 1.344025 0.000185 -0.000895 0.006554 1213.349976
71.964638 12.762522 1.342289 0.000160 -0.080811 0.003090 1213.589966
72.167664 12.762982 1.339038 0.000285 -0.126624 0.000003 1213.959961
72.370399 12.780751 1.350953 -0.018768 0.132966 0.021591 1214.790039
72.573509 12.810077 1.366704 -0.013015 0.102481 0.042644 1215.069946
72.778778 12.841144 1.381050 -0.009074 0.064950 0.062678 1215.290039
72.982895 12.873960 1.394254 -0.021669 0.031519 0.083466 1215.489990
73.179260 12.912201 1.406433 -0.032416 0.017591 0.105590 1215.680054
73.381439 12.962926 1.418211 -0.031064 -0.004456 0.131408 1215.880005
73.572014 13.022946 1.428504 -0.026540 -0.002852 0.158165 1216.079956
73.760139 13.093586 1.437960 -0.020441 0.011414 0.187414 1216.290039
73.950958 13.173797 1.444809 -0.010818 0.025401 0.219149 1216.510010
74.141968 13.257291 1.446838 -0.002204 0.030703 0.251256 1216.729980
74.327499 13.337321 1.443765 0.002630 0.031979 0.281042 1216.939941
74.517006 13.416172 1.436333 0.004515 0.031383 0.308456 1217.150024
74.710075 13.493316 1.425517 0.007501 0.020274 0.332177 1217.359985
74.903008 13.564623 1.413584 0.050924 -0.002125 0.350094 1217.569946
75.102425 13.613792 1.402502 0.089391 -0.013572 0.360343 1217.790039
75.309517 13.619850 1.393587 0.094156 -0.011313 0.361875 1218.020020
75.507790 13.582264 1.387950 0.076912 -0.004136 0.354365 1218.239990
75.697304 13.516268 1.385161 0.048887 -0.002314 0.339078 1218.449951
75.883743 13.433473 1.384341 0.024704 0.002363 0.317509 1218.660034
76.065895 13.344652 1.385156 0.016650 0.018556 0.290870 1218.869995
76.248169 13.255541 1.387149 0.004872 0.018814 0.259782 1219.079956
76.429993 13.171410 1.390453 -0.018529 0.024995 0.225641 1219.290039
76.620697 13.098057 1.395844 -0.029361 0.040275 0.187587 1219.510010
76.815811 13.044798 1.402920 -0.030569 0.024590 0.149559 1219.729980
77.020226 13.008540 1.411518 -0.020860 0.031329 0.108950 1219.959961
77.227966 12.986331 1.421361 -0.009128 0.033798 0.069006 1220.189941
77.430855 12.972224 1.430185 -0.012105 0.017587 0.034643 1220.410034
77.632568 12.965017 1.435022 -0.023494 0.026454 0.007086 1220.630005
77.835724 12.968616 1.434049 -0.026053 0.030434 -0.011505 1220.849976
78.042656 12.983594 1.427185 -0.022210 0.029728 -0.023222 1221.069946
78.242775 13.005961 1.417361 -0.005863 0.018797 -0.030221 1221.280029
78.441971 13.029459 1.408589 0.011301 0.025794 -0.035169 1221.489990
78.651192 13.047634 1.403161 0.018419 0.016251 -0.039561 1221.709961
78.866829 13.056410 1.402224 0.017663 0.016124 -0.043007 1221.939941
79.069908 13.055716 1.406025 0.013105 0.025090 -0.045192 1222.160034
79.272850 13.048117 1.413251 0.016710 0.015653 -0.047540 1222.380005
79.473259 13.032648 1.422386 0.023845 0.025695 -0.051439 1222.599976
79.674500 13.006619 1.432190 0.023626 0.031676 -0.058732 1222.819946
79.879211 12.970317 1.441899 0.018643 0.031814 -0.070251 1223.040039
80.077652 12.928454 1.450388 0.010510 0.007320 -0.085425 1223.250000
80.275360 12.882342 1.457005 -0.002523 -0.073285 -0.103800 1223.469971
80.473579 12.831762 1.462413 -0.015762 -0.137878 -0.128234 1223.770020
80.668755 12.773158 1.471966 0.012221 0.117858 -0.175783 1224.630005
80.863441 12.715239 1.486235 0.007931 0.101565 -0.195424 1224.949951
81.063942 12.656614 1.500162 0.004426 0.077781 -0.212988 1225.189941
81.264397 12.598516 1.513328 0.002072 0.047796 -0.229451 1225.400024
81.464943 12.540568 1.525222 0.001499 0.030083 -0.245001 1225.599976
81.657333 12.484832 1.534931 0.001679 0.021365 -0.258954 1225.790039
81.858421 12.426121 1.542982 0.001918 0.018928 -0.272573 1225.989990
82.056870 12.367517 1.548707 0.002008 0.012379 -0.285419 1226.189941
82.250381 12.309538 1.551051 0.003379 0.006076 -0.297273 1226.390015
82.446457 12.249345 1.548729 0.004354 0.016014 -0.308183 1226.599976
82.638016 12.188625 1.541755 0.003940 0.007391 -0.317378 1226.810059
82.832108 12.125238 1.529899 0.002816 0.012578 -0.324890 1227.030029
83.021629 12.061934 1.514578 0.000992 0.020856 -0.330290 1227.250000
83.218544 11.996627 1.498430 -0.019946 0.015014 -0.332849 1227.479980
83.415886 11.941564 1.486445 -0.039859 0.022043 -0.330558 1227.709961
83.618462 11.904477 1.480487 -0.038552 0.012047 -0.321813 1227.939941
83.823280 11.885659 1.480364 -0.031766 0.019343 -0.307985 1228.170044
84.031113 11.880280 1.485452 -0.020864 0.018469 -0.288494 1228.400024
84.230988 11.882520 1.493812 -0.011343 0.018135 -0.266477 1228.619995
84.439514 11.887819 1.504452 -0.002982 0.025860 -0.242398 1228.849976
84.640816 11.890794 1.512970 0.011967 0.031348 -0.219983 1229.069946
84.844894 11.885437 1.517244 0.019455 0.031797 -0.199690 1229.290039
85.050179 11.869186 1.516455 0.018976 0.016619 -0.182593 1229.510010
85.251961 11.843800 1.510616 0.014188 0.025234 -0.168277 1229.729980
85.452942 11.811532 1.500827 0.008310 0.016469 -0.157347 1229.949951
85.651260 11.775785 1.488323 0.003477 0.016630 -0.147959 1230.170044
85.854912 11.738559 1.475035 -0.023163 0.012505 -0.138076 1230.400024
86.056038 11.714092 1.465385 -0.054503 0.019112 -0.126481 1230.630005
86.259117 11.716207 1.461516 -0.060077 0.023461 -0.111624 1230.859985
86.457657 11.745009 1.463415 -0.051555 0.028651 -0.094085 1231.079956
86.661217 11.794841 1.469857 -0.030788 0.011483 -0.072373 1231.300049
86.857933 11.855293 1.477723 0.008185 -0.065160 -0.048784 1231.520020
87.048897 11.923130 1.487890 0.051891 -0.146502 -0.023793 1231.800049
87.244942 11.975939 1.480521 -0.013054 0.135852 0.034141 1232.660034
87.447350 12.002909 1.459888 -0.012183 0.111764 0.053810 1232.969971
87.653252 12.032187 1.439252 -0.010759 0.055010 0.071582 1233.199951
87.857689 12.064807 1.420620 -0.024388 0.028860 0.090004 1233.410034
88.054192 12.104742 1.405619 -0.032561 0.022737 0.109921 1233.609985
88.248886 12.155999 1.394064 -0.031957 0.017604 0.132245 1233.810059
88.439751 12.217869 1.386163 -0.026342 0.016905 0.156631 1234.010010
88.635963 12.291565 1.381306 -0.018532 0.018986 0.183863 1234.219971
88.829033 12.370177 1.378712 0.011562 0.017676 0.210005 1234.430054
89.021164 12.441175 1.376591 0.058764 0.016067 0.231427 1234.640015
89.225037 12.488663 1.373633 0.072573 0.002032 0.245372 1234.859985
89.427917 12.502265 1.368977 0.064840 -0.000701 0.251687 1235.079956
89.628120 12.486458 1.362269 0.052677 0.014819 0.250513 1235.300049
89.829987 12.449929 1.354142 0.027556 0.020142 0.240330 1235.520020
90.033943 12.405223 1.346315 0.000429 0.032060 0.222584 1235.739990
90.232193 12.366880 1.340251 -0.014496 0.028160 0.199609 1235.949951
90.431160 12.338457 1.335779 -0.019800 0.019365 0.172257 1236.160034
90.636879 12.320316 1.332700 -0.016348 0.028249 0.139746 1236.380005
90.843567 12.312241 1.330846 -0.009361 0.029922 0.104954 1236.599976
91.053078 12.310397 1.329957 -0.003326 0.029970 0.068544 1236.819946
91.255661 12.310997 1.329862 0.004913 0.025490 0.033149 1237.030029
91.459351 12.309832 1.330714 0.014071 0.024830 -0.001790 1237.239990
91.663704 12.302967 1.332753 0.017148 0.026601 -0.035186 1237.449951
91.868797 12.288973 1.335799 0.014695 0.023529 -0.064590 1237.660034
92.072975 12.269572 1.338947 -0.005656 0.014280 -0.087501 1237.869995
92.274071 12.252979 1.341192 -0.029846 0.019327 -0.101989 1238.079956
92.474457 12.248318 1.342118 -0.038871 0.021451 -0.107131 1238.290039
92.675766 12.258821 1.341438 -0.036793 0.023472 -0.103107 1238.500000
92.878387 12.282998 1.339293 -0.027990 0.022336 -0.090555 1238.709961
93.081627 12.316613 1.336082 -0.012207 0.023945 -0.071771 1238.920044
93.285332 12.353056 1.332198 0.002990 0.025395 -0.049367 1239.130005
93.489334 12.386209 1.327994 0.011191 0.012674 -0.025696 1239.339966
93.689430 12.413080 1.323670 0.013010 0.011898 -0.002214 1239.550049
93.894478 12.434115 1.319041 0.010414 0.020980 0.020783 1239.770020
94.106888 12.450059 1.314438 0.006325 0.012409 0.041049 1240.000000
94.314682 12.462161 1.310955 0.003738 0.015448 0.055961 1240.229980
94.519867 12.472088 1.312094 0.003599 0.027967 0.065571 1240.459961
94.728310 12.480588 1.319534 0.003369 0.035915 0.070503 1240.689941
94.934166 12.487880 1.332389 0.002718 0.035798 0.071617 1240.910034
95.136505 12.494423 1.348869 0.001749 0.025206 0.070130 1241.119995
95.336868 12.500512 1.365879 -0.000482 -0.049221 0.066849 1241.329956
95.541237 12.506044 1.383415 -0.003388 -0.117508 0.061434 1241.589966
95.741364 12.502555 1.395772 0.021073 0.121306 0.038507 1242.420044
95.945297 12.475147 1.382967 0.014474 0.106614 0.012628 1242.810059
96.148689 12.448511 1.370708 0.005501 0.074789 -0.009935 1243.060059
96.355904 12.423727 1.359334 -0.014223 0.048288 -0.030025 1243.280029
96.555313 12.406925 1.350240 -0.024764 0.035722 -0.045203 1243.479980
96.758781 12.399472 1.342725 -0.023765 0.009650 -0.055623 1243.680054
96.967560 12.401454 1.336498 -0.018862 0.006870 -0.061435 1243.890015
97.169914 12.411094 1.332070 -0.013195 0.015304 -0.060870 1244.099976
97.377403 12.426236 1.329627 -0.006921 0.007533 -0.053365 1244.319946
97.578812 12.443686 1.329924 -0.003140 0.019926 -0.040494 1244.540039
97.779152 12.461448 1.333289 -0.001953 0.032432 -0.023831 1244.760010
97.984100 12.478904 1.339497 -0.001680 0.035249 -0.006800 1244.979980
98.185127 12.495342 1.347257 -0.000700 0.028053 0.006852 1245.189941
98.387711 12.511130 1.355177 0.004950 0.013900 0.016799 1245.400024
98.596512 12.524750 1.361431 0.009979 0.020245 0.023341 1245.619995
98.803452 12.533454 1.364806 0.010609 0.013380 0.026108 1245.839966
99.006851 12.537108 1.365070 0.008557 0.016955 0.026167 1246.060059
99.208183 12.536871 1.362656 0.005778 0.024851 0.024334 1246.280029
99.409775 12.534260 1.359481 0.002504 0.015983 0.021154 1246.500000
99.618225 12.530596 1.357982 0.000034 0.024161 0.017119 1246.729980
99.826782 12.527249 1.359783 -0.001141 0.015133 0.012780 1246.959961
100.033051 12.524735 1.364881 -0.001356 0.022652 0.008494 1247.189941
100.239952 12.523117 1.373234 -0.001059 0.023843 0.004565 1247.420044
100.446457 12.522204 1.382233 -0.001238 0.003786 0.001347 1247.650024
100.654144 12.521966 1.388278 -0.001377 0.023550 -0.000974 1247.890015
100.861572 12.522465 1.389693 -0.001194 0.020980 -0.001776 1248.130005
101.070068 12.523542 1.386336 -0.000591 0.028638 0.000241 1248.369995
101.273544 12.524847 1.379535 -0.000936 0.025986 0.005745 1248.599976
101.479385 12.526829 1.372315 -0.004967 0.023315 0.014015 1248.829956
101.686371 12.531304 1.368023 -0.007127 0.029652 0.023803 1249.060059
101.886978 12.538948 1.367742 -0.006518 0.019687 0.033716 1249.280029
102.087105 12.549529 1.371342 -0.004726 0.026087 0.043191 1249.500000
102.288597 12.562272 1.378331 -0.002187 0.013237 0.051792 1249.719971
102.495163 12.576028 1.385959 0.005320 0.005516 0.058175 1249.949951
102.694878 12.586755 1.390476 0.010562 0.026795 0.059866 1250.180054
102.897049 12.592566 1.390740 0.011437 0.034909 0.056159 1250.410034
103.097084 12.593492 1.386798 0.009535 0.040654 0.048853 1250.630005
103.304657 12.590917 1.379507 0.005882 0.015003 0.038850 1250.849976
103.510071 12.586000 1.370454 0.003970 0.008371 0.027298 1251.069946
103.718681 12.579258 1.359973 0.003217 0.020889 0.014110 1251.300049
103.923416 12.571438 1.349508 0.001133 -0.034046 0.000383 1251.530029
104.125549 12.562304 1.338951 -0.001640 -0.100025 -0.014735 1251.800049
104.326241 12.554212 1.331553 -0.013770 0.108473 -0.024300 1252.560059
104.529373 12.569376 1.341504 -0.013766 0.106908 -0.001558 1252.969971
104.737045 12.589467 1.350706 -0.006413 0.073523 0.017677 1253.229980
104.941307 12.609335 1.357510 0.004554 0.045126 0.032835 1253.449951
105.146782 12.626278 1.361803 0.010936 0.036256 0.043578 1253.660034
105.347740 12.638175 1.363211 0.012128 0.031849 0.050200 1253.859985
105.551498 12.645588 1.361876 0.010522 0.025237 0.055050 1254.060059
105.755623 12.649218 1.358292 0.006805 0.012260 0.059685 1254.260010
105.965080 12.650583 1.352891 -0.001595 0.003522 0.064623 1254.469971
106.166382 12.652576 1.346229 -0.007400 0.014208 0.069378 1254.680054
106.372040 12.658138 1.338682 -0.008962 0.008322 0.074000 1254.900024
106.580627 12.668327 1.330740 -0.007537 0.018925 0.077957 1255.130005
106.787285 12.682465 1.323167 -0.004706 0.028792 0.080933 1255.359985
106.986969 12.698302 1.316947 0.003387 0.020126 0.081808 1255.579956
107.186783 12.712601 1.313157 0.011967 0.029253 0.079033 1255.800049
107.390045 12.721888 1.312424 0.014730 0.033892 0.071742 1256.020020
107.599091 12.725131 1.314586 0.013296 0.035603 0.060690 1256.239990
107.804115 12.723288 1.318574 0.010034 0.026703 0.047492 1256.449951
108.010567 12.717608 1.322352 0.012115 0.017499 0.032007 1256.660034
108.215027 12.707372 1.323737 0.014801 0.022170 0.013907 1256.869995
108.417946 12.691735 1.321900 0.012746 0.007531 -0.007120 1257.079956
108.624382 12.670476 1.316338 0.009083 0.013007 -0.031485 1257.300049
108.826141 12.645730 1.308379 0.011813 0.022018 -0.058285 1257.520020
109.027344 12.615829 1.301961 0.022566 0.028287 -0.087296 1257.739990
109.230179 12.576201 1.299956 0.023796 0.019656 -0.118625 1257.959961
109.430626 12.526695 1.302943 0.018561 0.011381 -0.151023 1258.180054
109.625549 12.470219 1.310688 0.013075 0.025552 -0.183541 1258.400024
109.820251 12.408728 1.321412 0.002648 0.026714 -0.215281 1258.619995
110.017220 12.346729 1.330050 -0.014190 0.030692 -0.242391 1258.839966
110.209854 12.292862 1.333300 -0.021328 0.023618 -0.261159 1259.050049
110.413666 12.245565 1.331738 -0.018643 0.010728 -0.272518 1259.270020
110.614929 12.207288 1.329271 -0.012330 0.019894 -0.276175 1259.489990
110.816338 12.174028 1.329357 -0.006636 0.019406 -0.272432 1259.709961
111.016830 12.143103 1.333258 -0.002023 0.015268 -0.263068 1259.930054
111.214706 12.112782 1.341579 0.000115 0.026296 -0.250129 1260.150024
111.413155 12.081443 1.353286 -0.006441 0.018556 -0.234816 1260.369995
111.611427 12.052835 1.365355 -0.023103 0.023473 -0.216830 1260.589966
111.812370 12.033381 1.375781 -0.028180 0.027096 -0.195968 1260.810059
112.017769 12.024035 1.383348 -0.006898 0.030784 -0.175049 1261.030029
112.227135 12.015936 1.387708 0.014760 0.032453 -0.157792 1261.250000
112.428787 12.000889 1.389086 0.022292 0.014021 -0.146955 1261.459961
112.635460 11.975127 1.388050 0.021931 0.016348 -0.141175 1261.680054
112.837898 11.939715 1.385423 0.016837 0.013718 -0.141631 1261.900024
113.039970 11.896301 1.381519 0.006644 -0.062243 -0.148333 1262.130005
113.233925 11.847561 1.375604 -0.004692 -0.109249 -0.160761 1262.420044
113.419075 11.771524 1.375512 0.030343 0.114734 -0.194965 1263.300049
113.601227 11.676107 1.393007 0.022148 0.103859 -0.216811 1263.660034
113.780922 11.586196 1.408023 0.014463 0.078438 -0.236352 1263.900024
113.963554 11.496638 1.422261 0.008752 0.055830 -0.256627 1264.109985
114.149216 11.406490 1.435873 0.007135 0.026456 -0.278532 1264.310059
114.335770 11.314847 1.448892 0.010309 0.013606 -0.302685 1264.510010
114.517921 11.222008 1.461224 0.012727 0.013608 -0.328924 1264.709961
114.695053 11.127226 1.472868 0.012834 0.014235 -0.356978 1264.910034
114.873894 11.024867 1.483380 0.050855 -0.022815 -0.388287 1265.119995
115.038895 10.898982 1.489689 0.115116 -0.070744 -0.426750 1265.349976
115.147240 10.728940 1.487858 0.113704 -0.083380 -0.468714 1265.599976
115.177292 10.530089 1.476882 0.092752 -0.058338 -0.507225 1265.849976
115.153137 10.329383 1.460888 0.071807 -0.025686 -0.542040 1266.079956
115.106400 10.134944 1.444343 0.022758 0.013721 -0.573923 1266.290039
115.062477 9.938572 1.431070 -0.038942 0.068062 -0.607425 1266.500000
115.053780 9.731008 1.423885 -0.069966 0.081377 -0.643416 1266.729980
115.102196 9.529809 1.424554 -0.067678 0.070923 -0.678418 1266.969971
115.196732 9.351622 1.432307 -0.047249 0.059155 -0.711175 1267.199951
115.317055 9.190173 1.443286 -0.008952 0.008886 -0.740373 1267.420044
115.441574 9.028372 1.452083 0.069009 -0.023731 -0.772447 1267.650024
115.534279 8.844470 1.453920 0.096689 -0.036023 -0.808488 1267.900024
115.567947 8.647261 1.445893 0.085849 -0.026302 -0.842544 1268.150024
115.553741 8.447199 1.429507 0.071882 -0.000183 -0.873772 1268.390015
115.514618 8.251743 1.408756 0.050852 0.015947 -0.903279 1268.609985
115.466316 8.055979 1.386772 0.019404 0.024416 -0.932089 1268.819946
115.419617 7.856173 1.365843 0.001059 0.035921 -0.961009 1269.030029
115.383034 7.653947 1.347669 -0.012676 0.028076 -0.989868 1269.239990
115.359024 7.454054 1.332741 -0.012913 0.024783 -1.018587 1269.449951
115.346046 7.248747 1.321290 -0.015535 0.024054 -1.048667 1269.670044
115.346321 7.047544 1.316478 -0.028521 0.033441 -1.078848 1269.890015
115.366714 6.839922 1.319552 -0.030697 0.035606 -1.110023 1270.119995
115.405502 6.643457 1.328949 -0.024572 0.020257 -1.138980 1270.339966
115.457680 6.444477 1.341485 0.014026 0.006381 -1.169101 1270.569946
115.502151 6.249522 1.352144 0.056417 0.011362 -1.199711 1270.800049
115.521477 6.042490 1.358745 0.058721 0.000390 -1.233258 1271.040039
115.510223 5.834526 1.359756 0.051365 0.011516 -1.265738 1271.280029
115.476822 5.632685 1.355985 0.034158 0.013247 -1.297389 1271.510010
115.430504 5.430310 1.348865 0.010553 0.011256 -1.328889 1271.739990
115.383408 5.231226 1.341161 -0.018399 0.027786 -1.359917 1271.969971
115.350098 5.030740 1.335690 -0.030648 0.037753 -1.390652 1272.199951
115.336617 4.825919 1.333211 -0.029408 0.028427 -1.419478 1272.430054
115.340607 4.619551 1.333688 -0.021101 0.029057 -1.445762 1272.660034
115.356491 4.414141 1.335837 -0.012076 -0.034341 -1.467048 1272.890015
115.379219 4.211708 1.338631 -0.002354 -0.101436 -1.487023 1273.160034
115.399384 4.012013 1.360342 0.019890 0.113517 -1.522356 1273.959961
115.378380 3.810713 1.403794 0.012720 0.104983 -1.546365 1274.359985
115.357758 3.611139 1.441624 0.006963 0.083345 -1.565860 1274.609985
115.338219 3.413235 1.477605 0.002879 0.058425 -1.582209 1274.819946
115.319031 3.210203 1.513753 -0.000224 0.036490 -1.594990 1275.020020
115.301750 3.013014 1.546111 -0.013444 0.015643 -1.603208 1275.209961
115.289192 2.808219 1.573899 -0.027519 0.013630 -1.606644 1275.410034
115.287025 2.607656 1.593461 -0.029820 0.002531 -1.603843 1275.609985
115.296661 2.405012 1.605018 -0.024981 0.001615 -1.595024 1275.819946
115.317230 2.201641 1.608452 -0.018349 0.015016 -1.579691 1276.040039
115.345985 2.001981 1.605730 -0.031687 0.019920 -1.558213 1276.260010
115.388069 1.803702 1.599586 -0.049471 0.018812 -1.531141 1276.479980
115.450241 1.608272 1.592182 -0.044823 0.003837 -1.498879 1276.699951
115.530174 1.421255 1.584904 -0.035883 0.008980 -1.464444 1276.920044
115.622986 1.241340 1.578585 -0.025338 0.015977 -1.428058 1277.140015
115.723671 1.065747 1.572610 -0.018391 0.011148 -1.390400 1277.359985
115.828751 0.895199 1.564803 -0.018845 0.020547 -1.352630 1277.579956
115.939011 0.725939 1.553913 -0.018067 0.028760 -1.314852 1277.800049
116.054909 0.556176 1.540419 -0.030578 0.005967 -1.277187 1278.020020
116.180115 0.396398 1.525819 -0.064427 -0.009907 -1.240153 1278.239990
116.324677 0.258068 1.511252 -0.067921 -0.018411 -1.203275 1278.459961
116.495796 0.140789 1.496585 -0.056814 -0.013731 -1.166513 1278.689941
116.681625 0.047067 1.483010 -0.046718 0.004083 -1.131554 1278.920044
116.871048 -0.030068 1.471098 -0.035841 0.018316 -1.098856 1279.140015
117.060089 -0.099688 1.460727 -0.024140 0.023801 -1.067983 1279.349976
117.253891 -0.169614 1.451305 -0.018681 0.024738 -1.037506 1279.560059
117.450371 -0.240869 1.443223 -0.018721 0.021257 -1.007287 1279.770020
117.639130 -0.308638 1.436936 -0.014153 0.012280 -0.978551 1279.969971
117.835213 -0.377293 1.431635 -0.006141 0.000859 -0.948818 1280.180054
118.033531 -0.443926 1.427695 -0.021367 -0.004598 -0.918397 1280.400024
118.228348 -0.499207 1.426106 -0.046270 -0.009530 -0.888106 1280.619995
118.426193 -0.535285 1.426854 -0.044756 -0.014980 -0.857264 1280.839966
118.625687 -0.551088 1.429284 -0.038508 -0.009100 -0.826924 1281.060059
118.825653 -0.550994 1.433083 -0.036530 0.006390 -0.796868 1281.280029
119.028244 -0.540967 1.437285 -0.024225 0.002469 -0.766300 1281.500000
119.230156 -0.523826 1.439369 -0.030113 0.004605 -0.736123 1281.719971
119.432503 -0.498891 1.437948 -0.026507 0.003369 -0.705701 1281.939941
119.633659 -0.467077 1.432760 -0.019248 0.002689 -0.675373 1282.160034
119.831657 -0.430695 1.424125 -0.020639 0.011116 -0.645259 1282.380005
120.034431 -0.390392 1.413121 0.028582 -0.033058 -0.614702 1282.609985
120.235207 -0.347925 1.400857 0.084045 -0.084329 -0.584663 1282.890015
120.434830 -0.329988 1.374217 -0.051041 0.113156 -0.521459 1283.750000
120.637398 -0.350564 1.356216 -0.046307 0.096111 -0.501322 1284.099976
120.839249 -0.367836 1.340387 -0.034657 0.071796 -0.484489 1284.339966
121.043106 -0.383552 1.326155 -0.020262 0.047444 -0.467380 1284.550049
121.248901 -0.399166 1.316663 -0.009336 0.033858 -0.448995 1284.750000
121.458534 -0.416406 1.313091 -0.000312 0.015408 -0.428287 1284.949951
121.663971 -0.435182 1.315389 0.005267 0.000495 -0.405597 1285.150024
121.869606 -0.456169 1.323726 0.002963 0.011094 -0.379557 1285.359985
122.068245 -0.478823 1.336994 0.002443 0.002746 -0.352202 1285.569946
122.267395 -0.503471 1.352960 0.013054 0.007211 -0.325350 1285.790039
122.466591 -0.535701 1.367103 0.031239 0.027603 -0.302666 1286.020020
122.663521 -0.584510 1.375789 0.035657 0.038360 -0.288593 1286.250000
122.854187 -0.649402 1.378063 0.030161 0.038374 -0.284476 1286.469971
123.048065 -0.729028 1.374936 0.020295 0.028663 -0.289452 1286.689941
123.233162 -0.813213 1.368036 0.012232 0.018204 -0.301266 1286.900024
123.415382 -0.900683 1.358525 0.007289 0.024025 -0.318125 1287.109985
123.596535 -0.989713 1.347643 0.003439 0.012524 -0.338685 1287.319946
123.782219 -1.081891 1.335581 0.000746 0.011995 -0.361892 1287.540039
123.964066 -1.171975 1.323649 0.000077 0.025103 -0.384910 1287.760010
124.147217 -1.261853 1.312269 0.000179 0.031653 -0.405139 1287.979980
124.334129 -1.352007 1.302848 -0.018224 0.023841 -0.419951 1288.199951
124.525299 -1.434210 1.298320 -0.043202 0.020881 -0.427473 1288.420044
124.723251 -1.498452 1.299830 -0.046217 0.007647 -0.426248 1288.640015
124.923683 -1.541722 1.306753 -0.038112 0.004811 -0.417701 1288.859985
125.123833 -1.567656 1.318433 -0.029676 0.019510 -0.402513 1289.079956
125.327271 -1.582962 1.333876 -0.020520 0.027660 -0.380469 1289.300049
125.535614 -1.593266 1.351829 -0.012031 0.029528 -0.352669 1289.520020
125.737350 -1.601695 1.369030 -0.007837 0.013170 -0.322000 1289.729980
125.945908 -1.608561 1.383918 -0.012757 0.016679 -0.286924 1289.949951
126.153122 -1.611718 1.394277 -0.016572 0.026340 -0.250054 1290.170044
126.353310 -1.610567 1.399843 -0.011874 0.023754 -0.216453 1290.380005
126.553520 -1.608914 1.401867 0.047255 0.005004 -0.188008 1290.589966
126.760071 -1.630663 1.401814 0.105585 -0.005880 -0.166686 1290.819946
126.951088 -1.704517 1.399811 0.100788 -0.022424 -0.157644 1291.060059
127.112724 -1.827597 1.396975 0.085110 -0.006572 -0.157381 1291.300049
127.248413 -1.981451 1.394485 0.053992 -0.000337 -0.168375 1291.530029
127.366875 -2.146506 1.393152 0.026244 0.003792 -0.187310 1291.750000
127.479149 -2.316357 1.394471 0.018884 0.021744 -0.212643 1291.969971
127.592926 -2.487922 1.398887 0.007631 0.018593 -0.243751 1292.189941
127.708809 -2.656865 1.405832 0.004115 0.019490 -0.278744 1292.410034
127.827065 -2.821846 1.414811 0.006760 0.023583 -0.316449 1292.630005
127.946732 -2.982620 1.424125 -0.020503 -0.028625 -0.354551 1292.849976
128.067535 -3.142949 1.432996 -0.052012 -0.087442 -0.395147 1293.109985
128.161957 -3.319041 1.444342 0.114819 -0.009377 -0.476571 1293.930054
128.061676 -3.499227 1.458202 0.123126 0.021748 -0.496115 1294.349976
127.976227 -3.683495 1.468309 0.075431 0.019897 -0.510454 1294.589966
127.895943 -3.871785 1.477374 0.030626 0.018934 -0.524638 1294.800049
127.821106 -4.067344 1.486498 -0.000065 0.051748 -0.540915 1295.010010
127.767967 -4.265053 1.495326 -0.013360 0.074989 -0.560489 1295.219971
127.746025 -4.463916 1.503169 -0.026406 0.061382 -0.582047 1295.430054
127.753693 -4.668229 1.510319 -0.015919 0.052996 -0.607376 1295.650024
127.785149 -4.870121 1.516848 -0.000263 0.042668 -0.635285 1295.869995
127.831039 -5.073179 1.523200 0.008452 0.026064 -0.665475 1296.089966
127.880119 -5.275792 1.527111 0.031923 -0.020695 -0.697059 1296.310059
127.910721 -5.473783 1.524469 0.064801 -0.048791 -0.730270 1296.530029
127.903641 -5.677748 1.512665 0.075378 -0.049433 -0.765248 1296.760010
127.851273 -5.889719 1.490805 0.065741 -0.033320 -0.801635 1297.000000
127.776047 -6.074826 1.466770 0.048246 -0.031801 -0.834260 1297.209961
127.679451 -6.254292 1.445820 0.041491 -0.051995 -0.867234 1297.420044
127.559952 -6.419930 1.432861 0.034528 -0.057466 -0.899398 1297.630005
127.420151 -6.567240 1.428810 0.017262 -0.048675 -0.930699 1297.839966
127.260597 -6.701485 1.434127 0.024067 -0.031697 -0.962858 1298.060059
127.092087 -6.822379 1.447482 0.005216 -0.022670 -0.994271 1298.280029
126.922958 -6.928189 1.464108 -0.008899 -0.055828 -1.023892 1298.500000
126.735718 -7.010511 1.481244 0.007557 -0.084628 -1.055416 1298.739990
126.533615 -7.051131 1.494106 0.017931 -0.079561 -1.087066 1298.979980
126.333176 -7.056809 1.501264 0.023360 -0.059503 -1.116015 1299.199951
126.131065 -7.043312 1.504387 0.025657 -0.037956 -1.143792 1299.410034
125.922440 -7.020290 1.504652 0.025751 -0.020119 -1.171976 1299.619995
125.720757 -6.995808 1.503133 0.026855 -0.009755 -1.199331 1299.819946
125.518349 -6.972733 1.500096 0.013619 0.007883 -1.226969 1300.020020
125.310883 -6.954943 1.494355 0.018655 0.025400 -1.256619 1300.229980
125.109215 -6.950070 1.485533 0.019963 0.030030 -1.286617 1300.439941
124.903954 -6.960269 1.473482 0.014806 0.025597 -1.318179 1300.660034
124.704857 -6.983050 1.459058 0.025181 0.016854 -1.349963 1300.880005
124.506599 -7.014692 1.443096 0.031595 0.008013 -1.382009 1301.099976
124.304924 -7.051169 1.426165 0.036379 0.002009 -1.414311 1301.319946
124.107124 -7.087598 1.409563 0.024858 -0.001795 -1.445306 1301.530029
123.908470 -7.122938 1.393302 0.005960 -0.001613 -1.476048 1301.739990
123.709213 -7.159728 1.380243 -0.025573 0.044154 -1.508936 1301.959961
123.517937 -7.221301 1.376411 -0.039428 0.093137 -1.545813 1302.199951
123.348160 -7.340410 1.386282 -0.032806 0.097556 -1.581972 1302.459961
123.221954 -7.500401 1.406675 -0.073871 0.078888 -1.607700 1302.699951
123.144653 -7.687882 1.431309 -0.124669 0.053166 -1.621610 1302.930054
123.130859 -7.894487 1.455448 -0.117202 0.015841 -1.622799 1303.160034
123.173027 -8.093732 1.475742 -0.091425 0.006839 -1.618004 1303.380005
123.250412 -8.279249 1.492327 -0.053610 -0.007575 -1.605676 1303.589966
123.350349 -8.458902 1.505186 0.008916 -0.071154 -1.586453 1303.810059
123.463486 -8.627237 1.514405 0.053906 -0.102352 -1.560919 1304.089966
123.545189 -8.819435 1.488997 0.009181 0.137659 -1.502026 1305.010010
123.542130 -9.021126 1.451566 0.000161 0.114717 -1.499356 1305.329956
123.544220 -9.224632 1.418152 0.000329 0.048159 -1.500419 1305.560059
123.546997 -9.425267 1.390714 0.014673 0.026445 -1.504678 1305.770020
123.544411 -9.628180 1.370307 0.023174 0.021452 -1.513012 1305.979980
123.532928 -9.829983 1.357819 0.021778 0.005791 -1.525744 1306.189941
123.511726 -10.034928 1.352770 0.018403 0.013584 -1.542906 1306.410034
123.483131 -10.236320 1.354676 0.014113 0.025693 -1.563896 1306.630005
123.449791 -10.438851 1.359864 0.003543 0.024542 -1.586307 1306.849976
123.416245 -10.642953 1.364319 -0.005865 0.030531 -1.607520 1307.069946
123.386429 -10.849538 1.365712 -0.009771 0.015277 -1.626118 1307.290039
123.362038 -11.053757 1.362887 -0.009756 0.017208 -1.643418 1307.510010
123.342644 -11.255920 1.356574 -0.005353 0.024271 -1.660473 1307.729980
123.325439 -11.459177 1.351754 0.004665 0.029654 -1.677275 1307.949951
123.305687 -11.665375 1.352227 0.010073 0.025784 -1.693753 1308.170044
123.281059 -11.871920 1.358722 0.010315 0.012874 -1.709301 1308.390015
123.252029 -12.074115 1.371151 0.008157 0.020902 -1.722842 1308.609985
123.219452 -12.274422 1.387955 -0.000853 0.017471 -1.733900 1308.829956
123.188141 -12.473261 1.403636 -0.023742 0.021405 -1.740545 1309.050049
123.166977 -12.673531 1.414138 -0.035886 0.029331 -1.741231 1309.270020
123.160355 -12.878868 1.418085 -0.032340 0.017954 -1.734659 1309.489990
123.167145 -13.085143 1.418894 -0.023268 0.016791 -1.722049 1309.709961
123.183090 -13.290533 1.420820 -0.014820 0.022784 -1.703647 1309.930054
123.203735 -13.495672 1.425607 -0.006176 0.012264 -1.679934 1310.150024
123.225639 -13.697292 1.434048 -0.001742 0.020409 -1.652080 1310.369995
123.246803 -13.897282 1.445991 -0.005067 0.016724 -1.620924 1310.589966
123.269020 -14.095546 1.461180 -0.013563 0.024983 -1.587295 1310.810059
123.295982 -14.294920 1.478653 -0.015099 0.018401 -1.551682 1311.030029
123.328613 -14.492966 1.497168 -0.012586 0.016186 -1.515547 1311.250000
123.365852 -14.688602 1.516321 -0.009528 0.026401 -1.479783 1311.469971
123.407837 -14.883736 1.533131 -0.044454 -0.007438 -1.444450 1311.689941
123.475456 -15.078038 1.540868 -0.108172 -0.042031 -1.404925 1311.930054
123.599709 -15.241178 1.533169 -0.066437 -0.075305 -1.361614 1312.189941
123.766975 -15.350651 1.512714 0.028838 -0.090636 -1.321074 1312.489990
123.858383 -15.175570 1.462829 -0.029289 -0.103803 -1.269559 1313.329956
123.835968 -14.978289 1.435679 -0.020804 -0.081920 -1.256536 1313.579956
123.814827 -14.773642 1.409632 -0.007971 -0.040396 -1.243480 1313.800049
123.793274 -14.568993 1.384457 0.000005 -0.018852 -1.228517 1314.010010
123.769440 -14.366405 1.361864 0.017582 -0.015037 -1.211240 1314.219971
123.735847 -14.160735 1.343890 0.028254 -0.024963 -1.190458 1314.439941
123.687820 -13.959761 1.332612 0.027603 -0.030161 -1.166601 1314.660034
123.624969 -13.760923 1.327493 0.019853 -0.035415 -1.139944 1314.880005
123.553757 -13.570457 1.327899 0.010045 -0.033351 -1.112059 1315.089966
123.475945 -13.378583 1.334699 -0.000207 -0.026286 -1.082351 1315.300049
123.396584 -13.186079 1.348250 -0.006508 -0.018076 -1.051384 1315.510010
123.319954 -12.995765 1.366026 -0.013828 0.006195 -1.019937 1315.719971
123.251312 -12.804067 1.383146 -0.050358 0.012669 -0.986604 1315.939941
123.206329 -12.605698 1.394446 -0.070330 0.006801 -0.951654 1316.170044
123.193352 -12.400660 1.396836 -0.067715 -0.002830 -0.916647 1316.400024
123.205605 -12.194963 1.391026 -0.050699 -0.007414 -0.883590 1316.619995
123.231392 -11.993005 1.380396 -0.021846 -0.003436 -0.852759 1316.829956
123.262184 -11.792577 1.368860 -0.014689 -0.014628 -0.821808 1317.040039
123.291985 -11.593384 1.359111 -0.005928 -0.016948 -0.791278 1317.250000
123.318329 -11.387853 1.351909 -0.000484 -0.014662 -0.759768 1317.469971
123.338783 -11.186936 1.348387 -0.015704 -0.022899 -0.728411 1317.689941
123.355026 -10.984274 1.348303 -0.022297 -0.024048 -0.697089 1317.910034
123.368546 -10.776859 1.350931 -0.026297 -0.022472 -0.665644 1318.130005
123.380074 -10.574516 1.355263 -0.017936 -0.013789 -0.635738 1318.339966
123.390938 -10.371854 1.361439 -0.020112 -0.011317 -0.605631 1318.550049
123.402107 -10.169406 1.369581 -0.020036 -0.009381 -0.575502 1318.760010
123.413879 -9.968513 1.378914 -0.006837 -0.002343 -0.545657 1318.969971
123.426491 -9.763899 1.389782 -0.021599 -0.007768 -0.514259 1319.189941
123.440102 -9.559747 1.401454 -0.026949 -0.010609 -0.482799 1319.410034
123.454483 -9.352713 1.413580 -0.028919 -0.011635 -0.451192 1319.630005
123.468269 -9.151552 1.424462 -0.028038 -0.016953 -0.420751 1319.839966
123.479599 -8.946684 1.432391 -0.022773 -0.023676 -0.390135 1320.050049
123.485069 -8.739259 1.436314 -0.009750 -0.021170 -0.359569 1320.260010
123.483612 -8.534673 1.436065 -0.004219 -0.016107 -0.329122 1320.469971
123.476021 -8.326129 1.431958 -0.015578 -0.014532 -0.297235 1320.689941
123.464966 -8.120397 1.425623 -0.013850 0.002687 -0.265491 1320.910034
123.457474 -7.918475 1.419426 -0.027452 0.019241 -0.233729 1321.130005
123.461433 -7.716785 1.415103 -0.033535 0.023649 -0.201899 1321.349976
123.478851 -7.512162 1.413173 -0.038122 0.020795 -0.169777 1321.569946
123.506187 -7.312241 1.413365 -0.024703 0.014115 -0.138946 1321.780029
123.540588 -7.106413 1.414405 0.054760 0.001569 -0.108153 1322.000000
123.577621 -6.904210 1.417000 0.144603 -0.012591 -0.075940 1322.270020
123.650764 -6.717429 1.417787 -0.119108 0.064666 -0.017313 1323.150024
123.756393 -6.541322 1.417752 -0.105432 0.054190 0.002835 1323.479980
123.858467 -6.361848 1.416901 -0.059061 0.028507 0.021015 1323.709961
123.960030 -6.178266 1.415797 -0.032259 0.016295 0.038725 1323.920044
124.058342 -5.998266 1.414672 -0.019993 0.012787 0.057600 1324.119995
124.156677 -5.818843 1.414864 -0.006521 0.013981 0.078838 1324.319946
124.255722 -5.644587 1.418547 -0.000769 0.019628 0.102380 1324.520020
124.362640 -5.469168 1.427028 0.005504 0.015666 0.129121 1324.729980
124.476738 -5.295602 1.440567 0.002515 0.015260 0.157395 1324.949951
124.592453 -5.131999 1.457164 0.023497 0.026385 0.184107 1325.170044
124.723068 -4.979515 1.472126 0.062236 0.054305 0.209508 1325.400024
124.885628 -4.854414 1.481196 0.069958 0.049034 0.229198 1325.640015
125.073952 -4.766187 1.482198 0.055046 0.042165 0.243562 1325.880005
125.272179 -4.708183 1.476259 0.032632 0.036952 0.253110 1326.109985
125.471748 -4.665027 1.466756 -0.017996 0.021057 0.259511 1326.329956
125.668869 -4.613861 1.457156 -0.061752 0.015581 0.266506 1326.550049
125.855103 -4.537507 1.449410 -0.065432 -0.001272 0.276267 1326.770020
126.053085 -4.414962 1.443281 -0.057093 0.008346 0.288917 1327.030029
126.213264 -4.282222 1.441122 -0.038777 0.010714 0.303965 1327.260010
126.358139 -4.142288 1.441566 -0.021806 0.013384 0.321759 1327.479980
126.498360 -3.997643 1.443618 -0.013683 0.021805 0.342563 1327.699951
126.638214 -3.850070 1.446264 -0.026810 0.021533 0.366634 1327.920044
126.775673 -3.695182 1.448507 -0.037411 0.017183 0.394031 1328.140015
126.901230 -3.537308 1.449589 -0.037607 0.015008 0.422736 1328.349976
127.020241 -3.370010 1.449518 -0.033069 0.016984 0.453370 1328.560059
127.133804 -3.195299 1.448309 -0.025962 0.019411 0.485571 1328.770020
127.238731 -3.024269 1.446273 -0.019590 0.022078 0.517298 1328.969971
127.342148 -2.850796 1.443861 -0.010988 0.016589 0.549732 1329.170044
127.444199 -2.678097 1.443093 -0.007514 0.019593 0.582347 1329.369995
127.551270 -2.498285 1.445626 -0.004902 0.018955 0.616681 1329.579956
127.657875 -2.321711 1.451765 0.000788 0.004878 0.650622 1329.790039
127.766617 -2.143964 1.461680 -0.001795 0.014850 0.685538 1330.010010
127.874557 -1.970256 1.474547 -0.004208 0.021521 0.719204 1330.229980
127.983643 -1.800159 1.487989 0.049530 0.001184 0.748767 1330.449951
128.115799 -1.643527 1.498446 0.117466 -0.009164 0.771899 1330.689941
128.293808 -1.536914 1.501263 0.112521 -0.021474 0.782904 1330.949951
128.494720 -1.496091 1.495396 0.091641 -0.005883 0.783715 1331.199951
128.700668 -1.496916 1.484297 0.065520 0.010106 0.773793 1331.430054
128.902206 -1.515634 1.471025 0.041482 0.018987 0.756154 1331.640015
129.101212 -1.539685 1.457078 0.017291 0.015627 0.732899 1331.839966
129.300385 -1.563717 1.443582 0.005040 0.015951 0.705087 1332.040039
129.506317 -1.585222 1.431368 0.005047 0.021979 0.671940 1332.250000
129.710800 -1.601716 1.421824 0.008663 0.025123 0.635736 1332.459961
129.915833 -1.614078 1.414992 0.010526 0.023579 0.597424 1332.670044
130.121262 -1.623893 1.410451 0.006084 0.012393 0.558044 1332.880005
130.323090 -1.632557 1.407505 0.005599 0.010105 0.518739 1333.089966
130.529495 -1.641117 1.405538 0.006690 0.010952 0.478212 1333.310059
130.736374 -1.650002 1.404132 -0.023640 -0.051244 0.438756 1333.540039
130.939407 -1.660267 1.402492 -0.047264 -0.100694 0.397227 1333.829956
131.140427 -1.689502 1.417879 0.060863 0.106264 0.329691 1334.719971
131.336945 -1.732887 1.445808 0.047330 0.090188 0.311528 1335.060059
131.534164 -1.773456 1.470784 0.029586 0.058678 0.296240 1335.300049
131.738159 -1.814330 1.495520 0.018362 0.038471 0.280583 1335.520020
131.941757 -1.854485 1.519931 0.009283 0.026262 0.263392 1335.729980
132.137756 -1.891497 1.542251 -0.004682 0.023861 0.244714 1335.930054
132.343155 -1.924419 1.563658 -0.011908 0.027854 0.222608 1336.140015
132.547714 -1.948559 1.582262 -0.015483 0.010328 0.198614 1336.349976
132.746475 -1.964353 1.598022 -0.011603 0.015403 0.172316 1336.560059
132.950455 -1.973855 1.612287 -0.005730 0.016963 0.143041 1336.780029
133.150208 -1.978781 1.622724 -0.014489 0.000912 0.114708 1337.000000
133.357849 -1.975522 1.624070 -0.034036 0.019029 0.088462 1337.239990
133.561600 -1.954360 1.612865 -0.035175 0.017589 0.071355 1337.479980
133.762787 -1.914996 1.591045 -0.029766 0.011121 0.064219 1337.719971
133.958618 -1.859898 1.566095 -0.042969 0.015745 0.066854 1337.959961
134.150711 -1.784137 1.545160 -0.045009 0.018187 0.079709 1338.199951
134.331711 -1.692056 1.531633 -0.033325 0.012129 0.100628 1338.430054
134.508362 -1.586981 1.525109 -0.026209 0.025390 0.127592 1338.660034
134.677567 -1.477876 1.523908 -0.026811 0.011036 0.158811 1338.880005
134.841263 -1.360211 1.523583 -0.050092 -0.003745 0.193728 1339.099976
134.991119 -1.226649 1.520934 -0.055773 -0.010663 0.231601 1339.319946
135.128586 -1.069532 1.514286 -0.045410 -0.010847 0.272589 1339.550049
135.248062 -0.899857 1.503304 -0.041116 0.008460 0.313347 1339.780029
135.353668 -0.727990 1.489914 -0.005986 0.016464 0.352442 1340.000000
135.460922 -0.559520 1.475504 0.036864 0.038586 0.390244 1340.219971
135.591293 -0.401205 1.460941 0.052352 0.053456 0.426933 1340.449951
135.741821 -0.269400 1.447913 0.047333 0.051767 0.455615 1340.670044
135.915298 -0.153501 1.435785 0.036392 0.034194 0.475654 1340.890015
136.093643 -0.056218 1.425536 0.041652 0.019971 0.486402 1341.099976
136.279266 0.025017 1.416846 0.043859 0.018239 0.488514 1341.310059
136.471313 0.089789 1.409544 0.038180 0.020833 0.481875 1341.520020
136.669250 0.141278 1.403303 0.028897 0.025360 0.467056 1341.729980
136.872223 0.184053 1.397712 0.015644 0.009450 0.444787 1341.939941
137.071350 0.221122 1.394179 -0.014716 -0.007726 0.418907 1342.150024
137.273514 0.265407 1.394513 -0.039665 0.015223 0.391095 1342.380005
137.471420 0.330553 1.400362 -0.039949 0.014815 0.367965 1342.619995
137.658997 0.415797 1.411128 -0.031413 0.023861 0.352298 1342.859985
137.834656 0.512506 1.425308 -0.019253 0.018072 0.346415 1343.089966
138.009506 0.618857 1.440159 0.002881 -0.061131 0.348866 1343.329956
138.179169 0.729971 1.454376 0.021103 -0.103320 0.359358 1343.650024
138.375488 0.686467 1.452787 0.114523 0.076647 0.374286 1344.630005
138.529938 0.559321 1.441350 0.084006 0.069056 0.351944 1344.900024
138.696884 0.432662 1.429107 0.047434 0.049288 0.326429 1345.119995
138.866959 0.311884 1.417447 -0.001445 0.048064 0.299949 1345.319946
139.037766 0.207332 1.407376 -0.038277 0.054723 0.271849 1345.510010
139.224930 0.120969 1.398163 -0.054616 0.042054 0.240884 1345.709961
139.423828 0.060143 1.390066 -0.050944 0.030828 0.206735 1345.920044
139.621902 0.025794 1.383674 -0.034258 0.033521 0.170624 1346.130005
139.829697 0.009389 1.378875 -0.021170 0.011835 0.133748 1346.349976
140.032364 0.004823 1.375325 -0.015884 0.016150 0.099226 1346.569946
140.240891 0.008868 1.372516 -0.010562 0.030455 0.068518 1346.800049
140.443665 0.018535 1.370189 -0.005954 0.036499 0.045451 1347.020020
140.652634 0.031279 1.367950 -0.002707 0.034018 0.028512 1347.239990
140.856049 0.044320 1.365578 0.004764 0.017151 0.017202 1347.449951
141.057693 0.054683 1.363385 0.017059 0.020028 0.008518 1347.660034
141.257965 0.057704 1.361717 0.021718 0.026173 0.000497 1347.869995
141.459457 0.051607 1.360614 0.020042 0.029908 -0.007384 1348.079956
141.663422 0.037359 1.360052 0.014868 0.027900 -0.014968 1348.290039
141.869125 0.017489 1.360064 0.005759 0.027630 -0.021890 1348.500000
142.076248 -0.004115 1.361037 -0.003367 0.027441 -0.027849 1348.709961
142.284851 -0.023732 1.363128 -0.007770 0.025009 -0.032613 1348.920044
142.494202 -0.039586 1.366123 -0.008349 0.025705 -0.035793 1349.130005
142.694138 -0.051092 1.369526 -0.006940 0.019447 -0.036983 1349.329956
142.901520 -0.060002 1.372984 -0.005658 0.004476 -0.036421 1349.540039
143.101868 -0.066198 1.375132 -0.004611 0.014636 -0.034636 1349.750000
143.307770 -0.070521 1.375652 -0.003272 0.012886 -0.031698 1349.969971
143.509628 -0.073321 1.374324 -0.001883 0.015348 -0.028191 1350.189941
143.717545 -0.075382 1.371113 -0.000764 0.024608 -0.024323 1350.420044
143.925446 -0.077201 1.366673 -0.000021 0.015493 -0.019863 1350.650024
144.131393 -0.079107 1.361457 0.000745 0.025828 -0.013129 1350.880005
144.338135 -0.081184 1.355949 -0.003524 0.020422 -0.003736 1351.109985
144.545135 -0.081425 1.350672 -0.008123 0.031098 0.007413 1351.339966
144.746368 -0.077876 1.346132 -0.008139 0.013999 0.018957 1351.560059
144.953049 -0.070685 1.342038 0.001166 0.005565 0.029301 1351.790039
145.161377 -0.064054 1.338973 0.009766 0.025373 0.035369 1352.030029
145.361465 -0.062331 1.337163 0.010084 0.010506 0.035742 1352.260010
145.566193 -0.065408 1.336070 0.002955 0.016618 0.033222 1352.500000
145.769424 -0.069747 1.335434 -0.002165 0.032566 0.029839 1352.739990
145.973923 -0.072394 1.334684 -0.004346 -0.039159 0.027001 1352.979980
146.175598 -0.073135 1.332994 -0.003905 -0.100756 0.024150 1353.270020
146.376907 -0.073730 1.338910 0.006055 0.128470 0.009677 1354.130005
146.580429 -0.080385 1.354444 0.003528 0.115375 -0.001769 1354.479980
146.789093 -0.087270 1.367699 0.000980 0.065992 -0.009943 1354.719971
146.993744 -0.093797 1.378803 0.000100 0.034201 -0.017012 1354.930054
147.193710 -0.100034 1.386159 0.000496 0.027741 -0.023412 1355.130005
147.395020 -0.106419 1.388950 0.001026 0.017602 -0.029247 1355.329956
147.603210 -0.113407 1.386720 0.001248 0.004795 -0.034558 1355.540039
147.804230 -0.120670 1.379526 0.001204 0.015867 -0.038896 1355.750000
148.011002 -0.128661 1.368136 -0.002193 0.013119 -0.042034 1355.969971
148.213608 -0.134746 1.355029 -0.021262 0.013742 -0.042336 1356.189941
148.422043 -0.130840 1.342120 -0.033769 0.025077 -0.038036 1356.420044
148.622681 -0.112389 1.331883 -0.023923 0.016996 -0.029782 1356.640015
148.821991 -0.085285 1.324723 0.014328 0.017949 -0.021473 1356.859985
149.028625 -0.065265 1.321668 0.038270 0.024830 -0.015835 1357.089966
149.235199 -0.064960 1.322594 0.039618 0.013850 -0.015489 1357.319946
149.438904 -0.084714 1.326618 0.033630 0.029237 -0.019827 1357.550049
149.636017 -0.118727 1.332433 0.023751 0.026665 -0.030310 1357.770020
149.835342 -0.162538 1.339000 0.016594 0.027986 -0.046214 1357.989990
150.037140 -0.212452 1.345621 0.010280 0.025711 -0.067352 1358.209961
150.239441 -0.265272 1.351653 0.003699 0.010771 -0.092746 1358.430054
150.437332 -0.317785 1.358742 0.000152 0.021821 -0.120364 1358.650024
150.634811 -0.368987 1.368562 -0.000737 0.025756 -0.148280 1358.869995
150.833115 -0.418823 1.381385 -0.001316 0.014545 -0.174753 1359.089966
151.029007 -0.466884 1.397099 -0.001081 0.024336 -0.198494 1359.310059
151.225708 -0.514200 1.414848 0.001893 0.026589 -0.218858 1359.530029
151.424011 -0.563088 1.430266 0.015189 0.025692 -0.236945 1359.750000
151.622330 -0.618816 1.439395 0.023381 0.030601 -0.254251 1359.969971
151.820740 -0.684752 1.441105 0.005349 0.010492 -0.270818 1360.189941
152.013596 -0.748232 1.437129 -0.070381 -0.021020 -0.282621 1360.410034
152.213333 -0.776300 1.429014 -0.116471 -0.028008 -0.287746 1360.650024
152.413116 -0.736560 1.418091 -0.107476 -0.020665 -0.284632 1360.900024
152.592728 -0.646391 1.407158 -0.057871 0.008856 -0.275011 1361.130005
152.766937 -0.538522 1.397825 -0.016921 0.035610 -0.257974 1361.349976
152.940140 -0.436788 1.390887 0.012976 0.029947 -0.235607 1361.560059
153.125534 -0.343718 1.385330 0.018555 0.039187 -0.207366 1361.780029
153.326019 -0.264012 1.380752 0.017245 0.036321 -0.174095 1362.010010
153.523453 -0.203556 1.377369 0.030207 0.034995 -0.140323 1362.229980
153.724976 -0.161922 1.374644 0.035135 0.031717 -0.107076 1362.449951
153.925842 -0.139632 1.371790 0.032283 -0.040205 -0.078465 1362.670044
154.129639 -0.131740 1.368297 0.022321 -0.104393 -0.047049 1362.939941
154.331268 -0.145999 1.364863 -0.012606 0.121125 0.008539 1363.760010
154.537918 -0.134000 1.368810 -0.012438 0.122542 0.029023 1364.150024
154.743973 -0.115807 1.371528 -0.007534 0.085605 0.042829 1364.390015
154.943573 -0.096947 1.373223 0.006398 0.050888 0.052555 1364.589966
155.143417 -0.081052 1.374355 0.020891 0.032613 0.058308 1364.780029
155.346100 -0.072146 1.374973 0.025427 0.011809 0.059765 1364.969971
155.554596 -0.072172 1.374589 0.022209 -0.006541 0.058292 1365.170044
155.762131 -0.081414 1.373104 0.018839 0.005980 0.056607 1365.380005
155.962158 -0.097765 1.371226 0.007889 0.014164 0.055531 1365.589966
156.167908 -0.116910 1.369748 -0.009449 0.021718 0.055261 1365.810059
156.373215 -0.130506 1.369500 -0.017780 0.022994 0.055914 1366.030029
156.578003 -0.134892 1.370432 -0.017891 0.016652 0.057300 1366.250000
156.780045 -0.130455 1.372280 -0.013692 0.025310 0.058747 1366.469971
156.982162 -0.119386 1.375021 -0.005415 0.021912 0.059993 1366.689941
157.184402 -0.105831 1.378798 0.005167 0.026082 0.058961 1366.910034
157.388580 -0.094436 1.383951 0.010210 0.022719 0.054174 1367.130005
157.593048 -0.087608 1.389791 0.010221 0.014162 0.045131 1367.349976
157.794373 -0.085462 1.395876 0.008610 0.016308 0.031817 1367.569946
158.002426 -0.087510 1.401192 0.010265 0.022092 0.014646 1367.800049
158.211060 -0.094383 1.404361 0.010276 0.033453 -0.004052 1368.030029
158.415726 -0.105451 1.404939 0.008096 0.036371 -0.021989 1368.250000
158.616745 -0.119294 1.403463 0.005054 0.032832 -0.038024 1368.459961
158.821381 -0.135040 1.400369 -0.000603 0.023151 -0.051816 1368.670044
159.026276 -0.150136 1.396487 -0.009959 0.023411 -0.061404 1368.880005
159.231140 -0.161098 1.392633 -0.014033 0.018636 -0.065289 1369.089966
159.433823 -0.166277 1.389133 -0.012818 0.008227 -0.063556 1369.300049
159.640350 -0.165995 1.385966 -0.009738 0.015275 -0.057030 1369.520020
159.844055 -0.161620 1.383515 -0.006831 0.029078 -0.046265 1369.739990
160.050522 -0.154886 1.381853 -0.004206 0.032735 -0.031014 1369.959961
160.251480 -0.147302 1.380763 -0.004910 0.025349 -0.012502 1370.170044
160.453705 -0.137945 1.380819 -0.010919 0.025162 0.009026 1370.380005
160.656815 -0.124440 1.382417 -0.013855 0.027390 0.032745 1370.589966
160.861282 -0.105480 1.385551 -0.012943 0.028296 0.057229 1370.800049
161.067352 -0.081367 1.389928 -0.009796 0.028448 0.080844 1371.010010
161.273880 -0.053481 1.394938 -0.005477 0.000239 0.102673 1371.219971
161.480408 -0.023150 1.400308 -0.002087 -0.005044 0.122487 1371.439941
161.683685 0.007842 1.405972 -0.000066 0.019295 0.139383 1371.670044
161.885208 0.038550 1.411971 0.001102 0.033078 0.152275 1371.900024
162.083084 0.068223 1.417881 0.001606 0.036023 0.160951 1372.119995
162.285400 0.098015 1.423215 0.000998 -0.014987 0.166314 1372.339966
162.484665 0.126683 1.427248 -0.001260 -0.092738 0.169081 1372.579956
162.683945 0.154223 1.430215 -0.001644 -0.102882 0.168523 1373.000000
162.881592 0.123155 1.407205 0.042088 0.126898 0.146313 1373.760010
163.081802 0.084066 1.389419 0.026199 0.091742 0.122607 1374.030029
163.284790 0.046196 1.371771 0.010743 0.048872 0.098924 1374.250000
163.481445 0.010985 1.355594 -0.000061 0.030965 0.075146 1374.449951
163.681244 -0.021737 1.342382 -0.007350 0.026421 0.049583 1374.650024
163.881973 -0.049759 1.333689 -0.008907 0.025952 0.022988 1374.849976
164.083328 -0.072888 1.329719 -0.007083 0.025181 -0.002381 1375.050049
164.284439 -0.092171 1.329581 -0.005941 0.014414 -0.024472 1375.250000
164.491974 -0.109093 1.331061 -0.006105 0.014391 -0.043607 1375.459961
164.695740 -0.122932 1.332281 -0.005332 0.019655 -0.058390 1375.670044
164.897949 -0.134358 1.332003 -0.004001 0.023156 -0.068880 1375.880005
165.100174 -0.144220 1.329818 -0.002683 0.026279 -0.075382 1376.089966
165.302795 -0.153239 1.325992 -0.001485 0.013363 -0.078343 1376.300049
165.511444 -0.162071 1.321302 -0.000771 0.017156 -0.078408 1376.520020
165.717407 -0.170696 1.316965 -0.000764 0.020878 -0.076053 1376.739990
165.922211 -0.179020 1.313666 -0.005301 0.020564 -0.071030 1376.959961
166.126282 -0.185213 1.311381 -0.009091 0.025170 -0.062410 1377.180054
166.330933 -0.187718 1.309859 -0.008910 0.014097 -0.050173 1377.400024
166.533096 -0.186404 1.308740 -0.007275 0.023475 -0.036672 1377.619995
166.735596 -0.182176 1.308167 -0.004960 0.022132 -0.023668 1377.839966
166.937759 -0.176213 1.307951 -0.000630 0.014375 -0.012190 1378.060059
167.145966 -0.170048 1.307618 0.002554 0.027147 -0.002315 1378.290039
167.346008 -0.165601 1.307274 0.003575 0.016324 0.004865 1378.510010
167.553543 -0.162862 1.306566 0.003153 0.024285 0.009830 1378.739990
167.762146 -0.161729 1.305738 0.002552 0.032335 0.012035 1378.969971
167.966766 -0.161776 1.306554 0.002897 0.038236 0.011926 1379.189941
168.168564 -0.162865 1.310392 0.002711 0.031187 0.010267 1379.400024
168.372955 -0.164899 1.317174 0.001857 0.011635 0.007558 1379.609985
168.573349 -0.167583 1.326531 0.001140 0.016790 0.004280 1379.819946
168.780258 -0.170755 1.338542 0.000865 0.015393 0.000500 1380.040039
168.984070 -0.174210 1.350003 0.001583 0.017112 -0.003591 1380.260010
169.185715 -0.178235 1.358641 0.002030 0.029039 -0.008025 1380.479980
169.390060 -0.183072 1.363436 0.001898 0.034059 -0.012671 1380.699951
169.599380 -0.188715 1.364289 0.001350 0.033532 -0.017184 1380.920044
169.802460 -0.194637 1.361993 0.000633 -0.006146 -0.021121 1381.130005
170.007980 -0.200945 1.357187 -0.000031 -0.087204 -0.024811 1381.359985
170.211121 -0.207643 1.347631 0.000464 -0.111108 -0.028982 1381.699951
170.411026 -0.223965 1.329788 0.004719 0.118241 -0.043419 1382.579956
170.611298 -0.242185 1.324948 0.001941 0.101799 -0.053528 1382.890015
170.810547 -0.259184 1.320171 -0.003434 0.062612 -0.060520 1383.119995
171.012314 -0.274161 1.317293 -0.010047 0.045714 -0.064110 1383.329956
171.213684 -0.285125 1.316756 -0.011551 0.026466 -0.063704 1383.530029
171.416031 -0.291880 1.318264 -0.009502 0.007395 -0.059974 1383.729980
171.622421 -0.294972 1.322012 -0.006628 0.013182 -0.053655 1383.939941
171.824280 -0.295350 1.327528 -0.005927 0.017179 -0.045180 1384.150024
172.033295 -0.293076 1.334364 -0.011800 0.023905 -0.033414 1384.369995
172.233109 -0.286417 1.341305 -0.014725 0.028971 -0.018757 1384.579956
172.435364 -0.274217 1.348150 -0.013817 0.030977 -0.001160 1384.790039
172.640778 -0.256861 1.354642 -0.010663 0.031303 0.018205 1385.000000
172.848419 -0.235714 1.360092 -0.005219 0.012289 0.038193 1385.209961
173.052124 -0.213215 1.362814 0.001166 0.012676 0.056574 1385.420044
173.251556 -0.191851 1.361931 0.004539 0.023505 0.071803 1385.630005
173.450882 -0.172655 1.357520 0.005490 0.027792 0.083264 1385.839966
173.652206 -0.155676 1.350036 0.004975 0.029284 0.091155 1386.050049
173.855408 -0.140589 1.340446 0.006616 0.014184 0.095579 1386.260010
174.055817 -0.128662 1.330632 0.015023 0.014207 0.095722 1386.469971
174.262802 -0.122789 1.321754 0.019530 0.023641 0.090317 1386.689941
174.470657 -0.125076 1.314986 0.018363 0.027844 0.078906 1386.910034
174.671829 -0.134070 1.310536 0.014325 0.030392 0.062873 1387.119995
174.875870 -0.147883 1.308181 0.010063 0.024003 0.042515 1387.329956
175.080566 -0.164951 1.309533 0.008420 0.024427 0.019243 1387.540039
175.285614 -0.184571 1.315415 0.006842 0.024930 -0.005867 1387.750000
175.491364 -0.206207 1.325617 0.004937 0.026346 -0.032326 1387.959961
175.698212 -0.229254 1.339421 0.002965 0.027658 -0.060105 1388.170044
175.896469 -0.252233 1.354696 0.009132 0.025479 -0.087701 1388.369995
176.094910 -0.278637 1.369906 0.020635 0.022718 -0.116360 1388.569946
176.291733 -0.312373 1.383696 0.023960 0.011598 -0.146081 1388.770020
176.492035 -0.356333 1.395878 0.020796 0.005923 -0.177119 1388.979980
176.693008 -0.409794 1.405922 0.015279 0.017679 -0.208149 1389.199951
176.889008 -0.468714 1.413382 0.001079 -0.003077 -0.237275 1389.420044
177.083038 -0.525043 1.417223 -0.055963 -0.014032 -0.262273 1389.650024
177.283890 -0.551188 1.415775 -0.091292 -0.000203 -0.280230 1389.900024
177.487183 -0.525720 1.408836 -0.085506 0.009059 -0.285940 1390.150024
177.680939 -0.462216 1.398837 -0.062747 0.014203 -0.280282 1390.380005
177.868195 -0.378983 1.387410 -0.000595 -0.035787 -0.265163 1390.599976
178.049347 -0.284856 1.375124 0.058583 -0.081909 -0.245629 1390.849976
178.221069 -0.183340 1.358621 0.006018 0.030763 -0.196905 1391.459961
178.424362 -0.151994 1.352566 -0.039694 0.103941 -0.166153 1392.060059
178.626694 -0.118681 1.350622 -0.031411 0.079140 -0.147944 1392.329956
178.825516 -0.083602 1.347477 -0.008274 0.050519 -0.130429 1392.550049
179.028641 -0.050810 1.342885 0.009024 0.040105 -0.111811 1392.760010
179.238403 -0.024918 1.336472 0.015700 0.034582 -0.090887 1392.969971
179.441605 -0.008553 1.328743 0.015326 0.028467 -0.069482 1393.170044
179.645844 0.000543 1.319718 0.011766 0.016848 -0.047444 1393.369995
179.846558 0.004470 1.309829 0.006196 0.003806 -0.025739 1393.569946
180.049606 0.005821 1.298356 0.000438 0.013440 -0.004308 1393.780029
180.257370 0.006899 1.285474 -0.003060 0.010501 0.015322 1394.000000
180.459885 0.009330 1.272052 -0.004401 0.013952 0.030026 1394.219971
180.667892 0.014087 1.257691 -0.003780 0.023483 0.038172 1394.449951
180.875351 0.020409 1.245029 0.006886 0.016058 0.038344 1394.680054
181.080872 0.023309 1.237531 0.017234 0.027568 0.030160 1394.910034
181.289551 0.017965 1.236397 0.020135 0.035614 0.014392 1395.140015
181.495361 0.003949 1.241016 0.017144 0.034927 -0.005465 1395.359985
181.697067 -0.016262 1.249435 0.011126 0.031587 -0.026297 1395.569946
181.902161 -0.040385 1.259124 0.001217 0.026795 -0.046100 1395.780029
182.108810 -0.064487 1.267525 -0.006201 0.027420 -0.062361 1395.989990
182.317001 -0.085693 1.273084 -0.009048 0.027439 -0.073942 1396.199951
182.516663 -0.102283 1.275400 -0.008878 0.024200 -0.080914 1396.400024
182.716553 -0.115527 1.275079 -0.006330 0.014093 -0.084496 1396.599976
182.922440 -0.126975 1.273731 0.002890 0.005791 -0.086330 1396.810059
183.130554 -0.139909 1.273517 0.010286 0.015386 -0.088506 1397.030029
183.333603 -0.157223 1.275819 0.011415 0.008223 -0.092492 1397.250000
183.539688 -0.180444 1.281480 0.009743 0.021052 -0.098249 1397.479980
183.744675 -0.208322 1.290130 0.004664 0.024272 -0.105610 1397.709961
183.950607 -0.237336 1.299378 -0.018689 0.021860 -0.112467 1397.939941
184.158005 -0.257181 1.306510 -0.034262 0.027794 -0.115861 1398.170044
184.359283 -0.261344 1.310414 -0.031790 0.012943 -0.113823 1398.390015
184.567978 -0.250907 1.311068 -0.025774 0.020053 -0.106895 1398.619995
184.767578 -0.230391 1.308997 -0.017351 0.015381 -0.094522 1398.839966
184.974258 -0.201633 1.305943 -0.021131 0.014714 -0.076251 1399.069946
185.178589 -0.164286 1.304402 -0.025500 0.019115 -0.052807 1399.300049
185.378555 -0.117709 1.304318 -0.004053 -0.045951 -0.024788 1399.530029
185.574570 -0.062301 1.305586 0.028394 -0.123302 0.007318 1399.810059
185.768600 -0.003056 1.305167 -0.014305 0.114787 0.065261 1400.569946
185.966949 0.040184 1.304152 -0.014101 0.100822 0.080798 1400.930054
186.167786 0.084031 1.302682 -0.006165 0.069822 0.083937 1401.180054
186.370331 0.126108 1.301103 0.015311 0.044821 0.080457 1401.400024
186.574203 0.159760 1.299946 0.026807 0.033266 0.071975 1401.609985
186.773209 0.181067 1.299353 0.028266 0.029958 0.060447 1401.810059
186.975067 0.191412 1.299296 0.023872 0.026538 0.046851 1402.010010
187.178085 0.192665 1.299731 0.017463 0.019507 0.032203 1402.209961
187.379471 0.187255 1.300799 0.014667 0.013746 0.016590 1402.410034
187.587189 0.175876 1.302874 0.012466 0.019291 -0.001146 1402.619995
187.792816 0.159795 1.305966 0.009305 0.023308 -0.020194 1402.829956
187.998032 0.140368 1.309937 0.005943 0.024757 -0.039258 1403.040039
188.203613 0.118950 1.314603 0.002795 0.026223 -0.056999 1403.250000
188.410034 0.096947 1.319749 -0.004408 0.025180 -0.071369 1403.459961
188.616974 0.077092 1.325208 -0.011180 0.021856 -0.080422 1403.670044
188.823120 0.062010 1.330817 -0.012546 0.010086 -0.083159 1403.880005
189.024307 0.052449 1.336200 -0.010303 0.002566 -0.080560 1404.089966
189.226669 0.047400 1.340980 -0.007370 0.012315 -0.073715 1404.310059
189.433792 0.045585 1.344553 -0.005189 0.028382 -0.063530 1404.540039
189.634628 0.045590 1.346479 -0.003342 0.036600 -0.051793 1404.760010
189.841888 0.046287 1.347094 -0.001642 0.036676 -0.038282 1404.979980
190.045090 0.047069 1.346623 -0.001082 0.019147 -0.024095 1405.189941
190.247162 0.048141 1.345806 -0.002839 0.015678 -0.009624 1405.400024
190.455872 0.050410 1.345648 -0.004096 0.024414 0.004836 1405.619995
190.665009 0.054475 1.346677 -0.004051 0.029170 0.017871 1405.839966
190.867081 0.060107 1.348761 -0.003088 0.029455 0.028529 1406.050049
191.070663 0.067066 1.351723 0.000509 0.002798 0.037124 1406.260010
191.276047 0.072871 1.354877 0.022349 0.000496 0.042424 1406.479980
191.481079 0.067888 1.357183 0.037532 0.016975 0.042442 1406.709961
191.682648 0.045518 1.358516 0.033566 0.009866 0.035131 1406.939941
191.880157 0.007688 1.358577 0.027275 0.025098 0.022071 1407.170044
192.079559 -0.041565 1.357959 0.021088 0.034347 0.002559 1407.400024
192.276276 -0.096425 1.357839 0.019640 0.034503 -0.021564 1407.619995
192.469406 -0.154964 1.359040 0.016393 0.028211 -0.048814 1407.829956
192.664093 -0.217942 1.361679 0.009800 0.012815 -0.079184 1408.040039
192.854950 -0.282551 1.365785 0.006121 0.015056 -0.111557 1408.250000
193.051407 -0.350442 1.371464 0.002268 0.002180 -0.147019 1408.469971
193.243607 -0.417938 1.377140 -0.008323 -0.074483 -0.183106 1408.699951
193.433746 -0.486744 1.384951 -0.019640 -0.151431 -0.225763 1409.030029
193.638199 -0.475618 1.372737 -0.060814 0.098432 -0.235957 1409.849976
193.838013 -0.419007 1.359803 -0.044076 0.088081 -0.202365 1410.150024
194.036453 -0.363120 1.347332 -0.020580 0.053605 -0.167342 1410.380005
194.234634 -0.309534 1.336275 -0.000691 0.036561 -0.131666 1410.589966
194.429260 -0.262186 1.327541 0.007479 0.034202 -0.095140 1410.790039
194.627533 -0.220954 1.320940 0.008714 0.029294 -0.056924 1410.989990
194.827820 -0.185552 1.316479 0.006541 0.027159 -0.017730 1411.189941
195.028458 -0.154545 1.313826 0.005423 0.004709 0.021152 1411.390015
195.231827 -0.125992 1.313029 0.009321 -0.000866 0.058845 1411.599976
195.434784 -0.101696 1.314758 0.011710 0.015773 0.091405 1411.819946
195.651810 -0.081935 1.319628 0.009936 0.010934 0.116112 1412.060059
195.856003 -0.068334 1.326360 0.007240 0.021992 0.129911 1412.290039
196.060547 -0.057714 1.334643 0.004841 0.022292 0.134852 1412.520020
196.265152 -0.048709 1.342759 0.005478 0.013365 0.131500 1412.750000
196.467041 -0.042200 1.347559 0.012649 0.027223 0.120060 1412.979980
196.671875 -0.040567 1.347290 0.014965 0.024354 0.100892 1413.209961
196.878784 -0.045023 1.341867 0.012012 0.018169 0.076624 1413.439941
197.083740 -0.054445 1.333578 0.006529 0.014848 0.050316 1413.670044
197.286423 -0.066335 1.326835 0.002629 0.029691 0.024426 1413.900024
197.492111 -0.078644 1.323963 -0.000029 0.020328 0.000776 1414.130005
197.697968 -0.090322 1.325313 -0.001019 0.023127 -0.017752 1414.359985
197.904724 -0.101113 1.330855 -0.002112 0.025150 -0.028855 1414.589966
198.112732 -0.110022 1.337719 -0.014080 0.018931 -0.031631 1414.819946
198.320206 -0.111876 1.342632 -0.023488 0.031400 -0.025703 1415.050049
198.521515 -0.103327 1.344225 -0.022321 0.016331 -0.011913 1415.270020
198.721268 -0.085206 1.342190 -0.017004 0.022983 0.006813 1415.489990
198.921234 -0.060120 1.336850 -0.009516 0.026219 0.028959 1415.709961
199.122940 -0.032261 1.328592 0.011588 0.025409 0.051161 1415.930054
199.326462 -0.010224 1.317889 0.026759 0.029161 0.069635 1416.150024
199.532471 -0.000139 1.305532 0.026745 0.011433 0.081697 1416.369995
199.735535 -0.002249 1.292066 0.022808 0.018762 0.087380 1416.589966
199.937424 -0.013925 1.278307 0.017544 0.018498 0.085246 1416.810059
200.138153 -0.032959 1.267412 0.022579 0.012065 0.075570 1417.030029
200.344833 -0.062627 1.263036 0.028142 0.022666 0.058166 1417.260010
200.543442 -0.102128 1.266757 0.026663 0.027810 0.034836 1417.479980
200.745041 -0.151491 1.277407 0.020435 0.027292 0.006031 1417.699951
200.938141 -0.204788 1.291503 0.005112 -0.019260 -0.025344 1417.910034
201.134888 -0.264014 1.307413 -0.016202 -0.094301 -0.061028 1418.150024
201.324493 -0.326212 1.328043 -0.017618 -0.092743 -0.113448 1418.579956
201.512192 -0.390819 1.371022 0.014322 0.109364 -0.160025 1419.319946
201.703629 -0.451550 1.403351 0.010257 0.087437 -0.175638 1419.599976
201.898987 -0.512730 1.433317 0.004944 0.048702 -0.188805 1419.829956
202.099823 -0.575148 1.462703 -0.003537 0.036619 -0.198473 1420.050049
202.297852 -0.633046 1.483922 -0.022918 0.029914 -0.203151 1420.260010
202.500244 -0.681808 1.493299 -0.032183 0.024680 -0.202070 1420.469971
202.705490 -0.717685 1.489524 -0.030844 0.021985 -0.194977 1420.680054
202.912323 -0.741365 1.473897 -0.023507 0.020471 -0.181940 1420.890015
203.115295 -0.755391 1.474218 0.023167 -0.289300 -0.166639 1421.119995
203.227890 -0.622054 1.574746 -0.029429 0.133823 -0.104614 1422.349976
203.424545 -0.565993 1.548051 -0.013385 0.082392 -0.081223 1422.589966
203.625748 -0.516267 1.514328 -0.004250 0.047706 -0.058233 1422.800049
203.827332 -0.470663 1.479100 0.005569 0.021425 -0.034254 1423.000000
204.028320 -0.429461 1.446064 0.009646 0.019024 -0.008283 1423.199951
204.226730 -0.393871 1.418348 0.009651 0.006477 0.019002 1423.400024
204.428436 -0.362172 1.395923 0.007019 0.006135 0.047778 1423.609985
204.632599 -0.333602 1.379577 0.003220 0.016395 0.076458 1423.829956
204.832947 -0.307559 1.369559 0.000433 0.011359 0.102201 1424.050049
205.037842 -0.281347 1.363899 -0.001160 0.023209 0.125050 1424.280029
205.243271 -0.254535 1.361212 -0.000708 0.029714 0.142857 1424.510010
205.443192 -0.228279 1.360448 0.007207 0.028589 0.153555 1424.729980
205.647003 -0.204486 1.361192 0.013777 0.035199 0.156690 1424.949951
205.847427 -0.186282 1.362804 0.015034 0.033646 0.152941 1425.160034
206.052887 -0.172990 1.364889 0.012738 0.028301 0.144852 1425.369995
206.260864 -0.163892 1.366388 0.007738 0.012276 0.134379 1425.579956
206.464554 -0.157590 1.356595 0.000466 -0.000848 0.122949 1425.790039
206.667847 -0.151554 1.322328 -0.004284 0.003341 0.110986 1426.010010
206.862228 -0.143944 1.260678 -0.005566 0.006611 0.099729 1426.229980
207.049713 -0.134074 1.174407 -0.004857 0.011978 0.089708 1426.449951
207.224060 -0.122745 1.075628 -0.003459 0.004589 0.081667 1426.660034
207.392258 -0.110365 0.967442 -0.001936 0.006678 0.075161 1426.869995
207.563004 -0.096934 0.847791 -0.000737 0.020674 0.070058 1427.089966
207.726105 -0.083820 0.732159 -0.002187 0.025880 0.067632 1427.300049
207.900558 -0.068502 0.624440 -0.011574 0.036136 0.069034 1427.520020
208.082947 -0.047379 0.542326 -0.016662 0.041965 0.075622 1427.739990
208.274185 -0.018136 0.488391 -0.015145 0.026830 0.087410 1427.959961
208.468918 0.018059 0.459755 -0.011568 0.033853 0.102872 1428.180054
208.668213 0.059469 0.450778 -0.007161 0.020511 0.121525 1428.400024
208.867462 0.103440 0.454782 -0.003288 0.019617 0.141339 1428.619995
209.065659 0.148103 0.465866 -0.001070 0.029311 0.160754 1428.839966
209.266678 0.193137 0.479233 -0.000182 0.032542 0.177679 1429.060059
209.462769 0.236554 0.491419 0.000137 0.034968 0.189122 1429.270020
209.662766 0.280272 0.501534 0.003557 0.016265 0.194883 1429.479980
209.861008 0.321783 0.508703 0.010160 0.014900 0.195335 1429.689941
210.065735 0.360047 0.513180 0.012772 0.014980 0.190763 1429.910034
210.267517 0.391977 0.515048 0.011353 0.011568 0.182257 1430.130005
210.465866 0.418267 0.515008 0.008506 0.024642 0.171559 1430.349976
210.665604 0.441217 0.513989 0.005494 0.032153 0.159715 1430.569946
210.870117 0.462822 0.512595 0.002705 0.034641 0.147792 1430.790039
211.070374 0.483397 0.511303 0.000522 0.024809 0.137125 1431.000000
211.271378 0.504180 0.510187 -0.000718 0.015415 0.128679 1431.209961
211.478989 0.526119 0.509202 -0.000779 0.022615 0.124138 1431.430054
211.684860 0.549935 0.513229 -0.038984 -0.001188 0.125212 1431.650024
211.884583 0.594595 0.536262 -0.097757 -0.039615 0.135356 1431.880005
212.059036 0.693660 0.589587 -0.107822 -0.051044 0.154100 1432.130005
212.178574 0.840739 0.666951 -0.088974 -0.038185 0.177453 1432.369995
212.255188 1.008823 0.754764 -0.052514 -0.026722 0.204357 1432.589966
212.307144 1.182366 0.842517 -0.036998 -0.046714 0.234173 1432.800049
212.334000 1.367429 0.924104 -0.051904 -0.077759 0.268192 1433.020020
212.319351 1.564736 0.988553 -0.053183 -0.080952 0.305105 1433.250000
212.260941 1.764934 1.029411 -0.050661 -0.062017 0.342635 1433.479980
212.178223 1.949688 1.048243 -0.030080 -0.037816 0.377427 1433.689941
212.080383 2.131565 1.053711 -0.014598 -0.016117 0.412632 1433.900024
211.978378 2.307905 1.050370 -0.011950 0.003322 0.447569 1434.109985
211.877686 2.489111 1.041611 0.003963 0.054992 0.484161 1434.329956
211.802124 2.680095 1.030712 0.008399 0.092274 0.522248 1434.560059
211.771317 2.878628 1.020212 0.018259 0.078724 0.558679 1434.790039
211.780731 3.081133 1.011649 0.005367 0.067548 0.594178 1435.020020
211.817276 3.280331 1.005992 -0.007148 0.051245 0.627556 1435.239990
211.866867 3.476428 1.002942 -0.015059 0.035785 0.659012 1435.449951
211.922318 3.677193 1.001800 -0.016171 0.020058 0.690167 1435.660034
211.977356 3.878410 1.001909 -0.008104 0.000746 0.720681 1435.869995
212.028397 4.073309 1.002627 -0.003008 0.007755 0.750223 1436.079956
212.081055 4.271084 1.003811 -0.000502 0.024053 0.780586 1436.300049
212.138123 4.465885 1.005195 0.004893 0.016886 0.810321 1436.520020
212.202499 4.664309 1.006530 0.001869 0.023316 0.840945 1436.750000
212.271820 4.860188 1.007770 -0.004169 0.032618 0.871407 1436.979980
212.343033 5.050654 1.008733 -0.008652 0.037462 0.900680 1437.199951
212.414597 5.238017 1.009327 -0.010482 0.031375 0.928954 1437.410034
212.487183 5.429852 1.009689 -0.013702 0.028567 0.957578 1437.619995
212.558517 5.625449 1.009905 -0.012485 0.018546 0.986728 1437.829956
212.626282 5.820612 1.009867 -0.008057 0.005253 1.015978 1438.040039
212.689453 6.010973 1.009625 -0.007690 0.017923 1.045147 1438.250000
212.752548 6.209014 1.009412 -0.029325 0.015574 1.075916 1438.469971
212.802933 6.409381 1.009339 -0.069392 -0.002943 1.107962 1438.689941
212.822510 6.612811 1.009064 -0.084626 -0.008163 1.140486 1438.910034
212.804810 6.818650 1.008541 -0.075907 -0.004946 1.173246 1439.130005
212.757889 7.016209 1.007898 -0.058063 0.002770 1.204650 1439.339966
212.690781 7.213991 1.007351 -0.038277 0.010025 1.236366 1439.550049
212.616730 7.402169 1.007110 -0.022695 0.015393 1.266805 1439.750000
212.539368 7.589960 1.007011 -0.013117 0.020525 1.297259 1439.949951
212.462799 7.777753 1.007054 -0.002438 0.018208 1.327657 1440.150024
212.387848 7.973005 1.007174 0.024184 0.018747 1.359200 1440.359985
212.327805 8.164876 1.007438 0.039126 0.031762 1.390501 1440.569946
212.287369 8.365812 1.007907 0.039305 0.023343 1.421651 1440.790039
212.268341 8.565404 1.008113 0.029167 0.029038 1.452416 1441.010010
212.265152 8.766104 1.008314 0.017291 0.012373 1.481719 1441.229980
212.271011 8.966741 1.007908 0.009571 -0.070596 1.509102 1441.459961
212.282791 9.167225 1.007067 -0.000978 -0.132051 1.541543 1441.780029
212.413025 9.313910 1.053892 0.090589 0.065794 1.548267 1442.670044
212.577011 9.417581 1.104648 0.070151 0.062836 1.518818 1442.959961
212.742706 9.529232 1.154632 0.048571 0.050341 1.487252 1443.189941
212.902206 9.641118 1.203110 0.033921 0.039903 1.455665 1443.390015
213.060608 9.755346 1.250979 0.015023 0.020839 1.422841 1443.579956
213.218430 9.871135 1.293398 0.000643 0.007544 1.388620 1443.770020
213.378403 9.990684 1.324430 0.001044 0.011399 1.351565 1443.969971
213.540146 10.114686 1.338457 0.006205 0.016295 1.312710 1444.180054
213.705246 10.244267 1.333948 -0.012536 0.014812 1.275721 1444.400024
213.855896 10.376899 1.316551 -0.094225 0.020120 1.245834 1444.619995
213.972839 10.546332 1.289589 -0.135932 0.023329 1.224688 1444.869995
214.014038 10.745018 1.260736 -0.120378 0.021900 1.218756 1445.119995
213.994400 10.950270 1.236212 -0.081354 0.015660 1.225908 1445.349976
213.945236 11.146056 1.218599 -0.037711 -0.004911 1.241947 1445.560059
213.881912 11.337077 1.209451 -0.020207 0.006677 1.263365 1445.770020
213.810699 11.532915 1.210347 -0.012889 0.019463 1.292242 1445.989990
213.739578 11.729005 1.221111 -0.010690 0.027606 1.326405 1446.209961
213.673386 11.919417 1.238622 -0.009587 0.029775 1.362653 1446.420044
213.609024 12.113702 1.260881 -0.008753 0.028688 1.401264 1446.630005
213.546234 12.310425 1.285277 -0.008432 0.015225 1.441152 1446.839966
213.483475 12.504944 1.309460 -0.018272 0.012410 1.481336 1447.050049
213.416733 12.696016 1.332168 -0.025061 0.015982 1.521148 1447.260010
213.343231 12.885004 1.352752 -0.025504 0.018356 1.557934 1447.469971
213.262772 13.072680 1.371163 -0.021470 0.019824 1.588456 1447.680054
213.178299 13.259289 1.387822 0.015876 0.020066 1.610626 1447.890015
213.104691 13.446074 1.404144 0.066590 0.028993 1.623116 1448.099976
213.059799 13.645927 1.421597 0.081495 0.016170 1.623466 1448.319946
213.053711 13.845790 1.439035 0.070493 0.011932 1.614121 1448.540039
213.081924 14.051678 1.457760 0.049305 0.019207 1.595587 1448.770020
213.131134 14.245515 1.474857 0.047917 -0.022513 1.568639 1448.989990
213.209747 14.433934 1.487691 0.095187 -0.058289 1.532772 1449.229980
213.344788 14.589838 1.491043 0.097867 -0.063442 1.489108 1449.489990
213.529984 14.693157 1.483251 0.079018 -0.039462 1.444113 1449.750000
213.724045 14.752995 1.469423 0.056895 -0.014253 1.402803 1449.979980
213.925079 14.795740 1.452374 0.028399 -0.000910 1.362217 1450.199951
214.129715 14.833251 1.433292 0.024386 0.016800 1.322178 1450.420044
214.326126 14.870898 1.414667 0.008201 0.014860 1.284551 1450.630005
214.528122 14.913967 1.395141 0.009799 0.019026 1.246611 1450.849976
214.726913 14.961577 1.376190 0.010873 0.018131 1.210084 1451.069946
214.922226 15.013204 1.358458 -0.020360 0.022833 1.177189 1451.290039
215.110138 15.080759 1.341808 -0.075984 0.058359 1.148851 1451.520020
215.277725 15.196617 1.325675 -0.093652 0.056750 1.131981 1451.770020
215.399902 15.358977 1.311545 -0.089361 0.035016 1.129560 1452.020020
215.473450 15.546357 1.302856 -0.086026 0.030885 1.137359 1452.260010
215.506638 15.749682 1.299796 -0.068941 0.031355 1.154432 1452.489990
215.512772 15.950803 1.301105 -0.046397 0.026923 1.177645 1452.699951
215.504700 16.160221 1.305563 -0.023374 0.016582 1.206576 1452.910034
215.489975 16.367012 1.311131 0.011540 -0.049225 1.238839 1453.119995
215.471024 16.571283 1.317070 0.040479 -0.106262 1.275982 1453.369995
215.445206 16.770273 1.328360 -0.046834 0.095811 1.347625 1454.119995
215.399612 16.967316 1.344466 -0.051288 0.112281 1.370425 1454.540039
215.354462 17.162045 1.356474 -0.029203 0.065194 1.386768 1454.780029
215.307648 17.366098 1.367263 0.004921 0.029850 1.402179 1455.000000
215.268906 17.564783 1.376711 0.022904 0.031701 1.418139 1455.209961
215.243088 17.764925 1.385008 0.027351 0.019728 1.435646 1455.420044
215.230560 17.972071 1.391759 0.022748 0.019320 1.455610 1455.640015
215.230011 18.176483 1.396861 0.014167 0.027250 1.476265 1455.859985
215.237305 18.382124 1.399659 0.009101 0.031112 1.495390 1456.079956
215.249557 18.591032 1.398385 0.007017 0.031935 1.510753 1456.300049
215.264465 18.793333 1.393132 0.004713 0.016394 1.520699 1456.510010
215.281006 18.993240 1.384182 0.002514 0.013672 1.526509 1456.719971
215.298920 19.198685 1.371648 0.001149 0.018321 1.528821 1456.939941
215.316696 19.400597 1.357556 -0.002712 -0.003774 1.528519 1457.160034
215.332550 19.600723 1.345800 -0.013644 0.010280 1.527840 1457.390015
215.341293 19.804211 1.341133 -0.017687 0.025952 1.529537 1457.630005
215.340561 20.010199 1.344584 -0.015198 0.025576 1.533643 1457.869995
215.332520 20.210526 1.354283 -0.009498 0.028351 1.537542 1458.099976
215.320862 20.414961 1.365958 0.001669 0.032550 1.540824 1458.329956
215.311264 20.615713 1.375409 0.008243 0.032756 1.543209 1458.550049
215.306137 20.820164 1.381374 0.009727 0.017154 1.544768 1458.770020
215.305878 21.023109 1.383271 0.008212 0.027964 1.545977 1458.989990
215.309631 21.227911 1.381348 0.003748 0.027989 1.546911 1459.209961
215.314957 21.435421 1.375916 -0.006186 0.029999 1.549384 1459.430054
215.317642 21.636433 1.368161 -0.011581 0.026399 1.554745 1459.640015
215.315689 21.838051 1.358741 -0.011543 0.011012 1.563154 1459.849976
215.308685 22.044783 1.347713 -0.009344 0.019916 1.573868 1460.069946
215.297668 22.249889 1.336292 -0.007448 0.025821 1.586172 1460.290039
215.283401 22.456354 1.326098 -0.009369 0.028716 1.600284 1460.510010
215.266098 22.655941 1.318946 -0.009908 0.028762 1.615744 1460.719971
215.245071 22.856655 1.314697 -0.007702 0.011072 1.633222 1460.930054
215.220306 23.062342 1.312832 -0.004521 0.016882 1.653556 1461.150024
215.193954 23.265121 1.313066 -0.007941 0.015601 1.676287 1461.369995
215.162933 23.463732 1.311527 -0.047050 0.002742 1.701342 1461.589966
215.109543 23.659609 1.303807 -0.071157 -0.001162 1.730455 1461.819946
215.023666 23.843040 1.289854 -0.030292 -0.064991 1.765469 1462.060059
214.908661 24.010056 1.276100 0.051923 -0.154465 1.803084 1462.390015
214.773117 24.162111 1.268651 -0.024269 0.131072 1.859028 1463.219971
214.668839 24.332586 1.286733 -0.018732 0.104213 1.876440 1463.500000
214.565125 24.509451 1.305786 -0.012678 0.073652 1.892673 1463.719971
214.460876 24.689573 1.325317 -0.007477 0.047619 1.909731 1463.920044
214.358078 24.868259 1.344666 -0.002474 0.018684 1.928015 1464.109985
214.256912 25.044775 1.363073 0.007917 -0.010409 1.946663 1464.300049
214.159195 25.220875 1.379882 0.023138 -0.003815 1.964348 1464.500000
214.066528 25.407862 1.394448 0.029102 0.008360 1.978964 1464.719971
213.989319 25.593174 1.404856 0.024805 0.006485 1.986622 1464.939941
213.922104 25.785608 1.411975 0.017938 0.022027 1.987133 1465.170044
213.862579 25.981409 1.415395 0.015255 0.031326 1.979199 1465.400024
213.809418 26.175106 1.415188 0.012890 0.034893 1.964089 1465.619995
213.758682 26.374765 1.411940 0.007915 0.018430 1.942922 1465.839966
213.710541 26.574284 1.406203 0.003838 0.021007 1.918784 1466.060059
213.663315 26.773424 1.399024 0.005350 0.023144 1.893708 1466.280029
213.619186 26.973379 1.391912 0.039768 0.011928 1.868024 1466.500000
213.592804 27.174107 1.386631 0.066276 0.010196 1.841180 1466.719971
213.595306 27.377199 1.383760 0.068529 0.013114 1.813148 1466.939941
213.626633 27.583267 1.383289 0.055738 0.016180 1.783867 1467.160034
213.677078 27.781681 1.384743 0.033409 0.007387 1.754816 1467.369995
213.738358 27.976244 1.387212 0.003399 -0.002486 1.728108 1467.579956
213.800018 28.170431 1.388565 -0.039765 0.017321 1.705432 1467.800049
213.841522 28.368916 1.386782 -0.059402 0.038300 1.689728 1468.030029
213.849960 28.571878 1.380943 -0.055408 0.040375 1.682885 1468.260010
213.830109 28.770773 1.373481 -0.037362 0.021995 1.682787 1468.479980
213.792740 28.968899 1.368523 -0.018091 0.027340 1.685494 1468.699951
213.747269 29.167994 1.368278 -0.004110 0.018665 1.691064 1468.920044
213.700867 29.365936 1.372779 0.003861 0.019585 1.698305 1469.140015
213.657242 29.563238 1.381937 0.006628 0.027573 1.706374 1469.359985
213.617279 29.762924 1.393270 0.009276 0.025435 1.713805 1469.579956
213.581833 29.964991 1.402805 0.011310 0.031242 1.718939 1469.800049
213.551147 30.171377 1.408082 0.010126 0.031642 1.720321 1470.020020
213.525940 30.372293 1.408587 0.019526 0.023608 1.717141 1470.229980
213.509064 30.574690 1.405768 0.041326 0.018762 1.708903 1470.439941
213.508545 30.777313 1.400882 0.048974 0.016967 1.695225 1470.650024
213.527237 30.979855 1.394927 0.045011 0.020057 1.676602 1470.859985
213.562790 31.182795 1.388669 0.033811 0.019896 1.653250 1471.069946
213.609802 31.383553 1.382506 0.009554 -0.028387 1.625693 1471.280029
213.663437 31.577242 1.376379 -0.019295 -0.096581 1.595871 1471.510010
213.725159 31.768480 1.372019 -0.018034 -0.063905 1.550910 1471.979980
213.705795 31.970266 1.366032 -0.028635 0.126878 1.570722 1472.709961
213.668015 32.173328 1.364997 -0.016172 0.085110 1.599557 1472.969971
213.628632 32.378460 1.364270 0.003875 0.030984 1.625910 1473.189941
213.593536 32.580212 1.366522 0.019969 0.023695 1.648491 1473.400024
213.567413 32.782780 1.372535 0.023213 0.013550 1.666178 1473.609985
213.551636 32.982410 1.381810 0.019505 0.008816 1.677844 1473.819946
213.544189 33.186596 1.394715 0.013845 0.018753 1.682715 1474.040039
213.542694 33.387951 1.409684 0.006382 -0.000835 1.679813 1474.260010
213.544144 33.589481 1.425400 -0.000883 0.013617 1.671797 1474.489990
213.544556 33.795860 1.440599 -0.003203 0.035169 1.660705 1474.729980
213.541840 33.999977 1.453649 -0.003138 0.041507 1.649330 1474.959961
213.536392 34.204281 1.464698 -0.002571 0.036829 1.638713 1475.180054
213.529297 34.404335 1.473538 -0.002206 0.012016 1.629939 1475.390015
213.520813 34.610115 1.479668 -0.002377 0.015455 1.622956 1475.609985
213.511307 34.812599 1.481224 -0.002524 0.024632 1.618206 1475.829956
213.500671 35.014885 1.478154 -0.002089 0.015409 1.615113 1476.050049
213.489334 35.214645 1.471146 0.006182 0.017441 1.611741 1476.270020
213.483521 35.420204 1.460741 0.063844 0.002987 1.605784 1476.500000
213.510941 35.626148 1.447488 0.100911 -0.003770 1.594564 1476.739990
213.586029 35.812393 1.432887 0.098526 -0.000507 1.579234 1476.969971
213.699982 35.981373 1.417879 0.075962 0.004457 1.560013 1477.189941
213.835526 36.135368 1.403577 0.039521 -0.003658 1.537030 1477.400024
213.981934 36.280609 1.389805 0.022316 0.008098 1.511874 1477.609985
214.130814 36.421207 1.377554 0.009147 0.014419 1.483972 1477.819946
214.277130 36.560894 1.370125 0.002079 0.022052 1.454004 1478.030029
214.418457 36.702896 1.369622 0.001057 0.027450 1.422483 1478.239990
214.555267 36.849571 1.376496 0.004784 0.032647 1.389772 1478.449951
214.689697 37.002068 1.389906 0.006575 0.029917 1.356188 1478.660034
214.822464 37.158306 1.407940 0.001487 0.011786 1.322728 1478.869995
214.950012 37.312031 1.428091 -0.035701 -0.008020 1.292723 1479.079956
215.064468 37.480171 1.449980 -0.136436 -0.038046 1.268437 1479.319946
215.092621 37.680302 1.469629 -0.153421 -0.053420 1.254540 1479.619995
214.989700 37.860443 1.477915 -0.118695 -0.032261 1.253767 1479.910034
214.842148 37.997589 1.479320 -0.079622 -0.010883 1.264572 1480.140015
214.678574 38.122120 1.477817 -0.047899 -0.002017 1.283234 1480.349976
214.511353 38.239521 1.473208 -0.032537 -0.002522 1.307108 1480.550049
214.339386 38.353981 1.464961 -0.026621 -0.001167 1.335590 1480.750000
214.165466 38.465050 1.453213 -0.022186 0.000455 1.367808 1480.949951
213.991394 38.572823 1.438439 -0.015964 0.002035 1.402775 1481.150024
213.820587 38.678051 1.422285 0.014796 0.025433 1.439753 1481.349976
213.657150 38.793583 1.405668 0.042466 0.062038 1.480661 1481.560059
213.515259 38.934181 1.389662 0.047302 0.074725 1.523065 1481.780029
213.403717 39.100624 1.375662 0.037213 0.070061 1.564219 1482.000000
213.318939 39.281490 1.364255 0.025138 0.047884 1.602201 1482.209961
213.249283 39.471493 1.354518 0.029718 -0.035745 1.636286 1482.420044
213.188828 39.665874 1.345950 0.032006 -0.104672 1.672294 1482.670044
213.154526 39.862885 1.337992 0.019469 0.094252 1.730655 1483.479980
213.173416 40.062691 1.342949 0.017417 0.114397 1.702541 1483.969971
213.185226 40.267811 1.345315 0.008485 0.089807 1.674703 1484.229980
213.194382 40.477062 1.345897 0.002136 0.047248 1.647617 1484.449951
213.201706 40.678535 1.344717 -0.000238 0.028864 1.622339 1484.650024
213.208069 40.881985 1.341499 -0.000116 0.021004 1.597865 1484.849976
213.214172 41.093063 1.336145 0.000547 0.002100 1.574735 1485.060059
213.220169 41.295654 1.328801 -0.001347 0.006607 1.556562 1485.270020
213.224930 41.500607 1.321131 -0.016219 0.017761 1.544633 1485.489990
213.222427 41.703236 1.315637 -0.025784 0.025016 1.541230 1485.709961
213.208710 41.907536 1.312978 -0.026588 0.032259 1.546581 1485.930054
213.185242 42.106518 1.313116 -0.021626 0.030333 1.559680 1486.140015
213.154053 42.307831 1.315343 -0.009487 0.005625 1.579352 1486.349976
213.119568 42.511776 1.318132 0.019440 0.001583 1.602329 1486.569946
213.094543 42.716110 1.320209 0.037821 0.020833 1.624854 1486.800049
213.088379 42.919033 1.320832 0.031830 0.007351 1.642435 1487.030029
213.097794 43.125759 1.321291 0.004388 0.017042 1.658698 1487.270020
213.108643 43.330833 1.324103 -0.015988 0.031857 1.673496 1487.510010
213.109360 43.530930 1.329602 -0.021695 0.025890 1.686840 1487.739990
213.097809 43.732918 1.337836 -0.018971 0.033829 1.698218 1487.969971
213.075363 43.939423 1.348019 -0.010879 0.034246 1.707275 1488.199951
213.047852 44.142212 1.356972 0.002016 0.036048 1.711742 1488.420044
213.021362 44.341434 1.362878 0.009843 0.029999 1.710803 1488.630005
212.998367 44.543190 1.365489 0.011381 0.011766 1.705010 1488.839966
212.979599 44.751015 1.364427 0.010082 0.019067 1.695596 1489.060059
212.965317 44.956898 1.360283 0.007378 0.013203 1.683907 1489.280029
212.954376 45.159481 1.353843 0.004718 0.017777 1.672836 1489.500000
212.945343 45.360344 1.346060 0.000466 0.026710 1.665000 1489.719971
212.934158 45.562424 1.339424 -0.038616 0.019680 1.662168 1489.939941
212.905136 45.761890 1.336998 -0.071054 0.014995 1.666066 1490.160034
212.845566 45.954163 1.339233 -0.066682 -0.002704 1.677767 1490.380005
212.753601 46.141037 1.346271 -0.054275 0.003629 1.694776 1490.609985
212.644318 46.308968 1.357033 -0.035392 0.007027 1.716544 1490.829956
212.520798 46.476215 1.369556 0.033787 0.004603 1.742027 1491.060059
212.415771 46.648067 1.380483 0.092922 0.026167 1.766377 1491.300049
212.359116 46.847988 1.387546 0.093642 0.020958 1.782911 1491.560059
212.359589 47.054096 1.388877 0.073710 0.029902 1.790678 1491.810059
212.394424 47.256454 1.386274 0.049430 0.036055 1.788558 1492.040039
212.442871 47.451824 1.381606 0.028153 0.034419 1.778705 1492.250000
212.497772 47.654243 1.375568 0.008898 0.020455 1.762109 1492.459961
212.551865 47.853493 1.368664 -0.022760 -0.048900 1.741576 1492.670044
212.604691 48.048569 1.360711 -0.046505 -0.104431 1.715663 1492.920044
212.652313 48.243324 1.346414 0.023811 0.095472 1.644329 1493.760010
212.685623 48.441841 1.357065 0.030169 0.125494 1.622242 1494.229980
212.721985 48.647457 1.364180 0.015984 0.071045 1.606773 1494.479980
212.757050 48.846500 1.369668 -0.004951 0.033336 1.593985 1494.689941
212.788315 49.050972 1.374858 -0.016941 0.028956 1.582300 1494.900024
212.811096 49.257675 1.379418 -0.019004 0.028487 1.571956 1495.109985
212.824921 49.466167 1.383205 -0.015628 0.026828 1.563257 1495.319946
212.831619 49.675617 1.386227 -0.010144 0.011164 1.556413 1495.530029
212.833954 49.879337 1.388298 0.000167 -0.008419 1.550492 1495.739990
212.836319 50.079773 1.388824 0.009813 0.009731 1.543373 1495.959961
212.843414 50.283062 1.387707 0.013384 0.027536 1.533853 1496.189941
212.857208 50.488873 1.385364 0.012182 0.035799 1.522441 1496.420044
212.876190 50.691925 1.382255 0.008582 0.036683 1.510667 1496.640015
212.898849 50.900017 1.378839 -0.002378 0.018246 1.500080 1496.859985
212.919800 51.107082 1.375428 -0.016788 0.022094 1.493258 1497.079956
212.933090 51.314114 1.372417 -0.021130 0.016766 1.491962 1497.300049
212.936813 51.519302 1.369770 -0.018431 0.014130 1.496400 1497.520020
212.932419 51.721409 1.367562 -0.013714 0.021423 1.506556 1497.739990
212.922531 51.922546 1.365874 -0.008077 0.014354 1.521358 1497.959961
212.909119 52.129932 1.364504 -0.001415 0.020793 1.537397 1498.189941
212.896393 52.337093 1.363203 0.011219 0.031884 1.550588 1498.420044
212.890091 52.539478 1.361965 0.016968 0.031271 1.557970 1498.640015
212.891876 52.744911 1.360538 0.015740 0.015511 1.559967 1498.859985
212.900864 52.948013 1.358784 0.012035 0.024037 1.558526 1499.079956
212.915054 53.150925 1.356786 0.006980 0.015095 1.554259 1499.300049
212.931870 53.351349 1.354224 0.001810 0.020222 1.548395 1499.520020
212.948959 53.550804 1.351032 -0.001169 0.025141 1.541659 1499.739990
212.965012 53.750858 1.347172 -0.002449 0.015682 1.534712 1499.959961
212.980087 53.958080 1.342430 -0.002356 0.028618 1.527688 1500.189941
212.993240 54.159042 1.337544 -0.001560 0.034319 1.522146 1500.410034
213.005722 54.365147 1.332284 -0.002007 0.028713 1.519539 1500.630005
213.016632 54.564884 1.327260 -0.007043 0.028727 1.520445 1500.839966
213.024750 54.767075 1.322374 -0.010090 0.030288 1.524762 1501.050049
213.028900 54.972374 1.317537 -0.010011 0.031211 1.531938 1501.260010
213.029205 55.180717 1.312642 -0.007910 0.027036 1.540929 1501.469971
213.026505 55.389790 1.307801 -0.004484 -0.005350 1.550871 1501.680054
213.021820 55.593224 1.302903 -0.000035 -0.083489 1.561315 1501.900024
213.015366 55.795868 1.297000 0.003477 -0.129617 1.574357 1502.209961
213.016022 55.591160 1.308401 -0.001146 -0.142815 1.571609 1502.930054
213.017044 55.380417 1.310596 0.000434 -0.085070 1.559463 1503.130005
213.017731 55.170177 1.313454 0.001153 -0.041314 1.544532 1503.310059
213.018280 54.967403 1.316790 -0.001514 -0.010287 1.527239 1503.479980
213.018219 54.757885 1.320967 -0.004771 0.000735 1.505820 1503.660034
213.016708 54.557266 1.325546 -0.007294 0.005847 1.481673 1503.839966
213.012939 54.357147 1.330430 -0.009230 0.015296 1.453922 1504.030029
213.006073 54.151798 1.335578 -0.005795 -0.000439 1.421400 1504.239990
212.996567 53.947578 1.341008 -0.002033 -0.019375 1.385655 1504.459961
212.984909 53.745483 1.346379 0.000146 -0.030321 1.348753 1504.680054
212.970901 53.540226 1.351350 0.001134 -0.028120 1.311336 1504.900024
212.954834 53.333267 1.355476 0.000683 -0.015334 1.274193 1505.119995
212.937820 53.129013 1.358889 0.006064 -0.022852 1.237614 1505.339966
212.920868 52.925365 1.361692 0.007266 -0.012563 1.202134 1505.560059
212.905579 52.715446 1.363758 0.020072 -0.013399 1.166142 1505.790039
212.897583 52.515480 1.365189 0.027603 -0.019357 1.132751 1506.010010
212.897598 52.312073 1.366407 0.029587 -0.025219 1.100201 1506.229980
212.904419 52.102833 1.367537 0.024888 -0.024092 1.068500 1506.449951
212.914948 51.899982 1.368497 0.009557 -0.007526 1.039324 1506.660034
212.927582 51.691647 1.369305 0.008909 -0.013809 1.008945 1506.880005
212.939178 51.486431 1.370379 0.002593 -0.028189 0.978875 1507.099976
212.944183 51.280510 1.372109 -0.001201 -0.035354 0.948823 1507.319946
212.939209 51.072067 1.374516 0.001555 -0.037398 0.918572 1507.540039
212.925552 50.869846 1.377335 0.005829 -0.034483 0.889442 1507.750000
212.905319 50.664669 1.380509 0.006366 -0.024183 0.860202 1507.959961
212.881699 50.460320 1.383269 0.007679 -0.007102 0.831019 1508.170044
212.859467 50.260746 1.385009 0.020811 -0.006711 0.801794 1508.380005
212.841751 50.053268 1.385477 0.028688 -0.010643 0.771002 1508.599976
212.830872 49.853233 1.384872 0.030308 -0.013888 0.741431 1508.810059
212.824768 49.649845 1.383310 0.018816 -0.008029 0.711856 1509.020020
212.821701 49.449181 1.378362 -0.003314 0.011052 0.682607 1509.229980
212.821899 49.242691 1.361015 0.016460 0.003511 0.650371 1509.459961
212.827881 49.042961 1.329040 0.012344 0.003012 0.618383 1509.689941
212.838943 48.840263 1.281733 0.020179 -0.004390 0.585055 1509.930054
212.852707 48.646877 1.224801 0.031241 -0.012896 0.552914 1510.160034
212.867722 48.456356 1.162784 0.033388 -0.015005 0.522005 1510.380005
212.884048 48.258930 1.101687 0.035100 -0.007331 0.490925 1510.599976
212.903198 48.064766 1.052728 0.037258 -0.000645 0.460860 1510.810059
212.927917 47.866566 1.016633 0.019512 0.005396 0.430736 1511.020020
212.958694 47.661388 0.992556 0.021020 0.005038 0.398969 1511.239990
212.993881 47.458447 0.980976 0.030904 0.001807 0.367000 1511.459961
213.033340 47.253029 0.978609 0.032403 0.002369 0.334845 1511.680054
213.074707 47.053829 0.981812 0.031842 0.003427 0.303916 1511.890015
213.119370 46.852188 0.987849 0.017573 0.003301 0.272847 1512.099976
213.165405 46.653038 0.994715 0.011648 0.002988 0.241904 1512.310059
213.213882 46.449593 1.001219 0.021084 0.002952 0.209536 1512.530029
213.263214 46.247272 1.006250 0.028739 0.002468 0.177128 1512.750000
213.311157 46.052006 1.009525 0.030447 0.002289 0.146121 1512.959961
213.359467 45.854187 1.011498 0.016635 -0.000492 0.115121 1513.170044
213.406052 45.658436 1.012274 0.012985 -0.005117 0.084468 1513.380005
213.450806 45.456989 1.012274 0.023988 -0.005374 0.052546 1513.599976
213.491119 45.256233 1.011820 0.011939 -0.006894 0.020909 1513.819946
213.526688 45.058891 1.011060 0.022038 -0.001644 -0.010355 1514.040039
213.560883 44.852886 1.010265 0.018142 0.000250 -0.042820 1514.270020
213.593109 44.648247 1.009425 0.019456 0.003039 -0.074847 1514.500000
213.624207 44.444077 1.008900 0.033838 0.004329 -0.106719 1514.729980
213.652679 44.243534 1.008688 0.034634 0.002364 -0.137334 1514.949951
213.678543 44.038277 1.008649 0.019759 -0.001240 -0.167954 1515.170044
213.701218 43.833645 1.008594 0.022786 0.002754 -0.198382 1515.390015
213.721893 43.628777 1.008604 0.029885 0.007965 -0.228948 1515.609985
213.741898 43.420242 1.008657 0.030530 0.010230 -0.259880 1515.829956
213.760910 43.217270 1.008743 0.023117 0.008786 -0.289792 1516.040039
213.779709 43.014233 1.008743 0.010106 0.004388 -0.319789 1516.250000
213.799164 42.806664 1.008404 0.010406 0.013268 -0.351119 1516.469971
213.821808 42.602966 1.007887 0.013874 0.027057 -0.382571 1516.689941
213.852127 42.399364 1.007468 0.016101 0.031648 -0.414268 1516.910034
213.891083 42.193665 1.007224 0.017866 0.030732 -0.446273 1517.130005
213.934952 41.994717 1.007185 0.012533 0.019814 -0.477183 1517.339966
213.981369 41.796581 1.007163 0.015012 0.003275 -0.507832 1517.550049
214.025803 41.592030 1.007134 0.028308 0.000884 -0.539758 1517.770020
214.061859 41.386692 1.007129 0.033866 0.003104 -0.571724 1517.989990
214.087921 41.187607 1.007199 0.033123 0.007173 -0.602328 1518.199951
214.107407 40.985023 1.007332 0.028493 0.015055 -0.633003 1518.410034
214.124191 40.779030 1.007516 0.016056 0.024328 -0.663852 1518.619995
214.143890 40.571236 1.007681 0.004925 0.026195 -0.694848 1518.829956
214.169373 40.365570 1.007744 -0.006447 0.015539 -0.725572 1519.040039
214.200455 40.166588 1.007590 -0.000634 0.022385 -0.756092 1519.250000
214.238785 39.961895 1.007359 0.005959 0.025306 -0.787817 1519.469971
214.281509 39.757309 1.007307 0.012042 0.028117 -0.819486 1519.689941
214.324753 39.559574 1.007509 0.011507 0.021570 -0.849836 1519.900024
214.368164 39.362003 1.007712 0.006119 0.008743 -0.879919 1520.109985
214.411926 39.159878 1.007873 0.011497 0.010123 -0.910987 1520.329956
214.451385 38.960827 1.007907 0.032165 0.006451 -0.941841 1520.550049
214.478973 38.761005 1.007914 0.043445 0.005941 -0.972816 1520.770020
214.490494 38.557484 1.008051 0.045407 0.013293 -1.003756 1520.989990
214.487213 38.347904 1.008265 0.039046 0.019589 -1.035033 1521.209961
214.474045 38.142342 1.008411 0.027984 0.020281 -1.065273 1521.420044
214.455276 37.933353 1.008612 0.020406 0.024327 -1.095653 1521.630005
214.435364 37.731991 1.008705 0.008699 0.013990 -1.124875 1521.829956
214.414688 37.523682 1.008561 0.001098 0.007214 -1.155247 1522.040039
214.395721 37.321915 1.008286 0.003468 0.016333 -1.185452 1522.250000
214.378082 37.113785 1.008074 0.007158 0.023975 -1.217041 1522.469971
214.361954 36.905075 1.008876 0.015031 0.020820 -1.248644 1522.689941
214.343262 36.705376 1.016089 0.038533 0.004710 -1.279052 1522.900024
214.310669 36.508743 1.033933 0.050337 -0.005112 -1.309925 1523.109985
214.255463 36.309086 1.065053 0.050570 -0.002609 -1.342085 1523.329956
214.183640 36.124344 1.105535 0.041843 0.002397 -1.372908 1523.540039
214.098114 35.944542 1.153506 0.023859 -0.001670 -1.404027 1523.750000
214.006210 35.771851 1.205884 0.014482 0.005469 -1.434595 1523.959961
213.908310 35.596344 1.264049 0.013128 0.019614 -1.466291 1524.180054
213.814651 35.428448 1.321281 0.012221 0.025947 -1.494857 1524.390015
213.721451 35.257530 1.377861 0.000957 0.031931 -1.519379 1524.599976
213.634018 35.081284 1.427013 -0.035197 0.044607 -1.539185 1524.810059
213.565231 34.895954 1.463236 -0.056949 0.046300 -1.553594 1525.020020
213.522720 34.701050 1.484988 -0.056826 0.044293 -1.562938 1525.229980
213.505341 34.497749 1.493437 -0.044102 0.036804 -1.567814 1525.439941
213.506927 34.289818 1.491571 -0.026921 0.011747 -1.568901 1525.650024
213.519592 34.086369 1.480995 -0.009129 0.003612 -1.569200 1525.859985
213.536270 33.881680 1.459097 0.005645 0.013360 -1.569794 1526.079956
213.549881 33.681591 1.426770 0.012066 0.011907 -1.571537 1526.300049
213.557541 33.485771 1.386445 0.012501 0.015013 -1.574245 1526.520020
213.559174 33.283993 1.337571 0.009678 0.027625 -1.577577 1526.750000
213.556061 33.089741 1.287707 0.005830 0.016748 -1.581197 1526.969971
213.550034 32.888191 1.233949 0.002420 0.025712 -1.584746 1527.199951
213.543213 32.694050 1.182427 0.000237 0.021353 -1.587996 1527.420044
213.536423 32.499680 1.132098 -0.001114 0.018192 -1.592276 1527.640015
213.529907 32.297878 1.081900 0.002924 0.023402 -1.599434 1527.869995
213.521500 32.094891 1.040255 0.015517 0.031893 -1.610390 1528.099976
213.506180 31.896261 1.011774 0.019978 0.027895 -1.625252 1528.319946
213.481812 31.695374 0.994402 0.017274 0.018309 -1.643542 1528.540039
213.449951 31.496159 0.986336 0.012779 0.027048 -1.663737 1528.760010
213.412567 31.295273 0.985146 0.008319 0.032493 -1.685011 1528.979980
213.371506 31.090088 0.988271 0.004304 0.035754 -1.705804 1529.199951
213.330368 30.889524 0.993309 0.001073 0.020377 -1.724205 1529.410034
213.289352 30.689693 0.998650 -0.001005 0.013377 -1.741563 1529.619995
213.249695 30.493620 1.003368 -0.001547 0.017676 -1.758901 1529.829956
213.209061 30.290543 1.007131 0.005208 0.023203 -1.777186 1530.050049
213.166046 30.087872 1.009625 0.010880 0.030084 -1.795385 1530.270020
213.119766 29.892546 1.011083 0.011627 0.032537 -1.812227 1530.479980
213.067825 29.694624 1.011797 0.009470 0.031674 -1.827710 1530.689941
213.011200 29.494513 1.011847 0.006132 0.026302 -1.841216 1530.900024
212.951782 29.293797 1.011501 0.003020 0.026061 -1.852339 1531.109985
212.893860 29.102232 1.011001 0.000777 0.023730 -1.860652 1531.310059
212.833115 28.902348 1.010373 -0.000525 0.005541 -1.867206 1531.520020
212.774689 28.709509 1.009591 -0.000694 0.002538 -1.872011 1531.729980
212.716293 28.515781 1.008748 -0.000102 0.016930 -1.875391 1531.949951
212.656052 28.316038 1.008198 0.000033 0.027186 -1.877331 1532.180054
212.597458 28.122435 1.008145 -0.000096 0.035990 -1.877936 1532.400024
212.536972 27.923119 1.008496 -0.000222 0.032852 -1.877568 1532.619995
212.478180 27.729685 1.008769 -0.000200 0.012624 -1.875956 1532.829956
212.417831 27.530788 1.006685 -0.002176 0.013617 -1.871855 1533.050049
212.359695 27.335569 0.995609 -0.006801 0.019766 -1.865163 1533.270020
212.304672 27.140663 0.971756 -0.008813 0.028248 -1.856114 1533.489990
212.252686 26.942684 0.934786 -0.008071 0.028717 -1.845545 1533.709961
212.205429 26.750475 0.889069 -0.005940 0.028705 -1.835061 1533.920044
212.159775 26.555599 0.835586 -0.003516 0.027163 -1.824918 1534.130005
212.117020 26.368221 0.779901 -0.001577 0.024663 -1.816061 1534.329956
212.074570 26.180273 0.721832 -0.000241 0.023100 -1.808634 1534.530029
212.032120 25.992493 0.662948 0.000390 0.023022 -1.804080 1534.729980
211.989441 25.805332 0.606102 0.006495 0.016825 -1.803489 1534.930054
211.942017 25.611681 0.555377 0.020878 0.021369 -1.807911 1535.140015
211.886246 25.420578 0.517706 0.027479 0.027904 -1.817992 1535.349976
211.819046 25.230263 0.493543 0.025911 0.027945 -1.833743 1535.560059
211.741333 25.040554 0.481089 0.019917 0.028455 -1.854437 1535.770020
211.651642 24.841892 0.477688 0.012640 0.028790 -1.880044 1535.989990
211.565536 24.660654 0.480212 0.006747 0.025646 -1.904743 1536.189941
211.477737 24.479504 0.485718 0.001883 0.012831 -1.929123 1536.390015
211.387253 24.293430 0.492485 -0.001306 0.004340 -1.953403 1536.599976
211.296677 24.105673 0.498975 -0.001499 0.011365 -1.976656 1536.819946
211.205048 23.913605 0.504447 -0.000214 0.026723 -1.997623 1537.050049
211.117508 23.729298 0.508256 0.000260 0.015677 -2.013932 1537.270020
211.030792 23.546963 0.510451 0.000389 0.020320 -2.026411 1537.489990
210.944183 23.365496 0.511445 0.000066 0.029632 -2.035313 1537.709961
210.855942 23.181246 0.511777 -0.000661 0.034937 -2.042257 1537.930054
210.765213 22.993050 0.511564 0.013885 0.022411 -2.049251 1538.150024
210.668015 22.808033 0.511038 0.041589 0.019048 -2.058025 1538.369995
210.555328 22.633324 0.510549 0.048384 0.010627 -2.070271 1538.589966
210.426651 22.473457 0.509961 0.041038 0.006139 -2.085561 1538.810059
210.286316 22.328022 0.509440 0.032228 0.020735 -2.103482 1539.030029
210.135635 22.189604 0.509085 0.021798 0.028120 -2.125159 1539.250000
209.977264 22.052677 0.508878 0.012400 0.031142 -2.150213 1539.469971
209.822098 21.920719 0.508831 0.002836 0.013421 -2.176800 1539.680054
209.669800 21.790787 0.508803 -0.003041 0.005121 -2.205036 1539.890015
209.517258 21.658207 0.508593 -0.002962 0.019752 -2.236219 1540.109985
209.362030 21.519308 0.508403 -0.001924 0.013816 -2.269600 1540.339966
209.210678 21.381121 0.508247 -0.000211 0.023609 -2.302334 1540.569946
209.059738 21.241604 0.508432 0.000634 0.023534 -2.333086 1540.800049
208.908310 21.101065 0.508747 0.001438 0.023054 -2.359073 1541.030029
208.756317 20.960373 0.509022 0.000256 0.021362 -2.377493 1541.260010
208.604553 20.819403 0.509099 -0.006449 0.023812 -2.387873 1541.489990
208.454117 20.675331 0.509196 -0.010655 0.033029 -2.390797 1541.719971
208.309906 20.530720 0.509384 -0.010955 0.035046 -2.387752 1541.939941
208.171280 20.385813 0.509565 -0.008995 0.036254 -2.381029 1542.150024
208.031754 20.235535 0.509771 -0.005464 0.013921 -2.371717 1542.359985
207.895645 20.086061 0.509681 -0.002327 0.014769 -2.361250 1542.569946
207.756119 19.931732 0.509509 -0.000554 0.024136 -2.350009 1542.790039
207.616165 19.777191 0.509282 0.000075 0.027871 -2.340398 1543.010010
207.481216 19.629183 0.509077 0.007700 0.017892 -2.334672 1543.219971
207.338287 19.478125 0.508906 0.018122 0.021770 -2.333722 1543.439941
207.189819 19.333065 0.508806 0.021276 0.028691 -2.338767 1543.660034
207.040298 19.199072 0.508838 0.018818 0.029256 -2.348883 1543.869995
206.883698 19.068253 0.508942 0.013769 0.030697 -2.363164 1544.079956
206.721558 18.938969 0.509047 0.008300 0.028172 -2.380269 1544.290039
206.556137 18.810238 0.509159 0.003804 0.025583 -2.398472 1544.500000
206.397614 18.687777 0.509218 -0.000439 0.021706 -2.415225 1544.699951
206.232742 18.558914 0.509242 -0.012750 0.020577 -2.429814 1544.910034
206.072647 18.426611 0.509418 -0.021529 0.022805 -2.439296 1545.119995
205.919434 18.288557 0.509538 -0.020537 0.007492 -2.442282 1545.329956
205.776093 18.148031 0.509352 -0.016312 0.011303 -2.439370 1545.540039
205.633926 17.998970 0.509030 -0.011477 0.023343 -2.429896 1545.760010
205.494583 17.846622 0.508729 -0.007335 0.029261 -2.415216 1545.979980
205.354706 17.690689 0.508668 -0.003715 0.028213 -2.397572 1546.199951
205.220596 17.540409 0.508622 -0.000572 0.012254 -2.379206 1546.410034
205.082947 17.386320 0.510363 -0.002768 0.009024 -2.358337 1546.630005
204.950226 17.235582 0.523738 -0.013721 0.014761 -2.335452 1546.849976
204.824173 17.083313 0.554638 -0.017867 0.011974 -2.310245 1547.069946
204.701904 16.922123 0.604499 -0.015412 0.007694 -2.282284 1547.300049
204.589249 16.760870 0.670380 -0.011182 0.019436 -2.253734 1547.530029
204.486313 16.605103 0.743774 -0.006386 0.012762 -2.226856 1547.750000
204.386887 16.449970 0.823152 -0.001543 0.019930 -2.204045 1547.969971
204.282028 16.288677 0.902732 0.029949 0.029234 -2.186913 1548.199951
204.162827 16.132479 0.967343 0.054887 0.034573 -2.178991 1548.430054
204.020370 15.986614 1.012152 0.050262 0.015165 -2.181975 1548.660034
203.860184 15.855162 1.037654 0.040683 0.022805 -2.192640 1548.890015
203.693588 15.738383 1.047338 0.029297 0.029709 -2.210651 1549.109985
203.524979 15.629931 1.047230 0.019022 0.032979 -2.234163 1549.319946
203.349960 15.521009 1.041544 0.009047 0.024662 -2.262819 1549.530029
203.174347 15.412430 1.033131 0.003869 0.003941 -2.295059 1549.739990
202.995895 15.303649 1.023942 0.011352 0.010559 -2.331518 1549.959961
202.819580 15.200541 1.015892 0.014791 0.011237 -2.369825 1550.180054
202.644638 15.103332 1.009691 -0.014254 0.006166 -2.406589 1550.400024
202.474152 14.998149 1.005588 -0.068616 0.013997 -2.438804 1550.630005
202.323242 14.862447 1.003727 -0.087247 0.018766 -2.461828 1550.869995
202.206863 14.699361 1.003427 -0.077283 0.020768 -2.472233 1551.099976
202.116241 14.516785 1.003961 -0.057156 0.023294 -2.471571 1551.319946
202.041641 14.325454 1.004870 -0.036464 0.024415 -2.461664 1551.530029
201.975754 14.134618 1.005908 -0.020578 0.025372 -2.444731 1551.729980
201.910645 13.940223 1.006967 -0.010416 0.026315 -2.422659 1551.930054
201.843796 13.745226 1.007832 -0.002154 0.021835 -2.399118 1552.130005
201.773712 13.554571 1.008554 0.050727 0.007437 -2.377272 1552.329956
201.681320 13.369482 1.009443 0.116694 0.003725 -2.358546 1552.550049
201.542618 13.219216 1.009735 0.122445 -0.006297 -2.348310 1552.790039
201.365677 13.125572 1.008918 0.099193 0.001278 -2.345881 1553.030029
201.168396 13.076043 1.007882 0.066037 0.009990 -2.352611 1553.260010
200.964493 13.050329 1.006961 0.031291 0.008111 -2.367503 1553.479980
200.757034 13.033719 1.006653 0.016179 0.023114 -2.388452 1553.699951
200.548355 13.016787 1.006732 0.000921 0.017955 -2.415193 1553.920044
200.342743 12.995443 1.007037 0.000096 0.027881 -2.446321 1554.140015
200.138046 12.967315 1.007438 0.001634 0.028908 -2.480788 1554.359985
199.932388 12.932962 1.007879 0.006088 0.032263 -2.517664 1554.579956
199.733200 12.895825 1.008267 0.008738 0.031430 -2.554335 1554.790039
199.530930 12.856256 1.008635 0.008647 0.025561 -2.591765 1555.000000
199.328354 12.816239 1.009071 0.003669 0.009692 -2.629209 1555.209961
199.130371 12.777214 1.009241 0.003289 0.016063 -2.665984 1555.420044
198.926117 12.736424 1.009342 0.004440 0.024445 -2.703631 1555.640015
198.721313 12.694840 1.009379 0.005070 0.028621 -2.739975 1555.859985
198.523346 12.654292 1.009330 0.004731 0.031040 -2.773110 1556.069946
198.322311 12.612714 1.009231 -0.000795 0.030977 -2.803897 1556.280029
198.118881 12.568549 1.009221 -0.006278 0.029892 -2.830953 1556.489990
197.914978 12.520525 1.009225 -0.008101 0.009261 -2.853588 1556.699951
197.717163 12.470208 1.009081 -0.007191 0.006581 -2.873151 1556.910034
197.518600 12.416602 1.008674 0.001018 0.004322 -2.891500 1557.130005
197.318314 12.363276 1.008260 0.011877 0.024177 -2.909871 1557.359985
197.116119 12.315680 1.008247 0.015127 0.032509 -2.928560 1557.589966
196.916367 12.276101 1.008439 0.013186 0.035632 -2.945943 1557.810059
196.719101 12.242776 1.008745 0.009008 0.028376 -2.961318 1558.020020
196.519257 12.212700 1.008995 0.004689 0.015638 -2.974833 1558.229980
196.312256 12.183571 1.009098 0.001382 0.022849 -2.986451 1558.449951
196.105469 12.155012 1.009151 -0.000648 0.027048 -2.995488 1558.670044
195.906387 12.127172 1.009271 -0.001631 0.030506 -3.001746 1558.880005
195.704788 12.098297 1.009366 -0.001772 0.016954 -3.005882 1559.089966
195.505722 12.069096 1.009346 -0.000955 0.003840 -3.009124 1559.300049
195.305542 12.039755 1.009007 0.008813 0.004967 -3.012390 1559.520020
195.103287 12.014619 1.008607 0.018826 0.023587 -3.015320 1559.750000
194.899277 11.998022 1.008551 0.011983 0.034850 -3.017889 1559.979980
194.697296 11.986525 1.008746 0.000488 0.041053 -3.019842 1560.199951
194.488235 11.973927 1.008940 -0.005950 0.019425 -3.021092 1560.420044
194.279907 11.958159 1.009118 -0.007883 0.019729 -3.021850 1560.640015
194.073517 11.938582 1.009291 -0.006935 0.018696 -3.022149 1560.859985
193.869843 11.915879 1.009360 -0.004723 0.011424 -3.022059 1561.079956
193.670715 11.891431 1.009240 -0.002462 0.025645 -3.021831 1561.300049
193.471603 11.865842 1.009214 -0.000692 0.016013 -3.021684 1561.520020
193.265411 11.839029 1.009100 0.000272 0.018311 -3.023442 1561.750000
193.060944 11.812967 1.008943 0.006209 0.024593 -3.028195 1561.979980
192.854523 11.789926 1.008896 0.011325 0.033168 -3.036105 1562.209961
192.652664 11.772625 1.008900 0.011020 0.017253 -3.046459 1562.430054
192.451370 11.760325 1.008901 0.008454 0.023550 -3.057839 1562.650024
192.249283 11.751652 1.008986 0.005426 0.023746 -3.069460 1562.869995
192.046783 11.745160 1.008994 0.002528 0.015640 -3.080520 1563.089966
191.846466 11.739715 1.009095 0.000562 0.025232 -3.090356 1563.310059
191.645767 11.734294 1.009128 -0.000543 0.016134 -3.099027 1563.530029
191.438095 11.728303 1.008934 -0.000165 0.020802 -3.108160 1563.760010
191.230835 11.722362 1.008692 0.003384 0.030667 -3.117486 1563.989990
191.028687 11.718130 1.008716 0.005051 0.035482 -3.126257 1564.209961
190.820557 11.716132 1.008790 0.004771 0.036849 -3.134455 1564.430054
190.615936 11.716240 1.008955 0.003535 0.035949 -3.141373 1564.640015
190.406235 11.717824 1.009136 0.002066 0.031297 3.135993 1564.849976
190.203842 11.720154 1.009239 0.000887 0.025862 3.131569 1565.050049
190.001053 11.722823 1.009318 0.000100 0.012264 3.128246 1565.250000
189.792862 11.725616 1.009205 -0.000196 0.005950 3.126083 1565.459961
189.591858 11.728242 1.009017 -0.000291 0.015827 3.125369 1565.670044
189.385712 11.730803 1.008922 -0.000870 0.009262 3.126080 1565.890015
189.185043 11.732903 1.008636 -0.001729 0.018536 3.127890 1566.109985
188.977142 11.734269 1.008520 -0.001983 0.020821 3.130560 1566.339966
188.769852 11.734702 1.008489 -0.001619 0.018060 3.133644 1566.569946
188.563690 11.734376 1.008541 -0.001081 0.028813 3.136785 1566.800049
188.355698 11.733586 1.008772 -0.000537 0.018809 3.139786 1567.030029
188.148224 11.732556 1.009106 -0.000185 0.028837 -3.140824 1567.260010
187.947403 11.731516 1.009269 0.000179 0.019836 -3.138767 1567.479980
187.746841 11.730572 1.009232 0.000183 0.021250 -3.137478 1567.699951
187.546600 11.729719 1.009183 0.000190 0.030780 -3.137298 1567.920044
187.342636 11.728992 1.009307 0.001285 0.035251 -3.138211 1568.140015
187.142578 11.728817 1.009389 0.002192 0.035539 -3.139821 1568.349976
186.937393 11.729522 1.009529 0.002259 0.032056 3.141291 1568.560059
186.728546 11.731134 1.009671 0.001837 0.028717 3.139006 1568.770020
186.528076 11.733344 1.009760 0.001227 0.016091 3.136804 1568.969971
186.320877 11.736088 1.009637 0.000667 0.006399 3.134860 1569.180054
186.120361 11.739017 1.009338 0.000472 0.017822 3.133787 1569.390015
185.913788 11.742175 1.009111 -0.000414 0.009904 3.133805 1569.609985
185.712219 11.744999 1.008798 -0.001943 0.017321 3.134771 1569.829956
185.494766 11.746981 1.008633 -0.002579 0.022139 3.136595 1570.069946
185.286926 11.747543 1.008428 -0.002171 0.015044 3.139143 1570.300049
185.082230 11.747008 1.008325 -0.001807 0.017736 -3.140619 1570.530029
184.878922 11.745539 1.008329 -0.002270 0.027513 -3.136645 1570.760010
184.672699 11.742956 1.008601 -0.002094 0.025890 -3.132493 1570.989990
184.464279 11.739353 1.009024 -0.001464 0.021862 -3.128508 1571.219971
184.255478 11.735052 1.009352 -0.000774 0.027861 -3.124953 1571.449951
184.054306 11.730583 1.009574 -0.000240 0.015780 -3.122061 1571.670044
183.845932 11.725855 1.009569 0.000120 0.027035 -3.119657 1571.900024
183.644623 11.721344 1.009438 0.000297 0.031024 -3.118208 1572.119995
183.439697 11.716952 1.009274 0.002331 0.027316 -3.118550 1572.339966
183.232101 11.713586 1.009269 0.005066 0.031043 -3.120928 1572.560059
183.030975 11.712363 1.009286 0.005468 0.017849 -3.125077 1572.770020
182.821960 11.713425 1.009160 0.004491 0.017037 -3.130614 1572.989990
182.615677 11.716415 1.008999 0.003204 0.023863 -3.136732 1573.209961
182.408722 11.720691 1.009007 0.001995 0.031358 3.140263 1573.430054
182.207764 11.725460 1.009080 0.000934 0.031638 3.134662 1573.640015
182.003922 11.730481 1.009166 0.000062 0.016700 3.129683 1573.849976
181.802383 11.735388 1.008975 -0.000321 0.012220 3.125738 1574.060059
181.595520 11.740243 1.008728 -0.000374 0.021842 3.123036 1574.280029
181.389175 11.744818 1.008606 -0.001312 0.027382 3.121788 1574.500000
181.180893 11.748812 1.008570 -0.002048 0.030189 3.121739 1574.719971
180.979965 11.751821 1.008713 -0.001949 0.016242 3.122583 1574.930054
180.771866 11.754105 1.008654 -0.001425 0.017994 3.124062 1575.150024
180.565948 11.755760 1.008641 -0.000807 0.018937 3.125935 1575.369995
180.362076 11.757079 1.008573 -0.000385 0.012947 3.127986 1575.589966
180.161835 11.758241 1.008583 -0.000081 0.025444 3.130011 1575.810059
179.961426 11.759420 1.008681 0.000076 0.015703 3.132042 1576.030029
179.753906 11.760717 1.008788 0.000304 0.022019 3.134880 1576.260010
179.546402 11.762162 1.008891 0.000021 0.022891 3.139027 1576.489990
179.338333 11.763446 1.008984 -0.002569 0.023601 -3.138960 1576.719971
179.129166 11.763383 1.009165 -0.004123 0.031534 -3.133322 1576.949951
178.924759 11.761316 1.009385 -0.004097 0.036283 -3.128202 1577.170044
178.723999 11.757492 1.009563 -0.003201 0.035246 -3.124276 1577.380005
178.518341 11.752276 1.009540 -0.001356 0.029378 -3.121682 1577.589966
178.310089 11.746516 1.009474 0.001087 0.027307 -3.120355 1577.800049
178.100357 11.741209 1.009516 0.002412 0.019223 -3.120097 1578.010010
177.893265 11.736976 1.009429 0.002546 0.003964 -3.120672 1578.219971
177.683990 11.733830 1.009210 0.002191 0.018835 -3.121823 1578.439941
177.477859 11.731700 1.008967 0.001546 0.010818 -3.123437 1578.660034
177.276428 11.730287 1.008727 0.000843 0.016180 -3.125236 1578.880005
177.068359 11.729173 1.008717 0.000312 0.023341 -3.127158 1579.109985
176.860413 11.728122 1.008796 -0.000093 0.007942 -3.128905 1579.339966
176.658279 11.727016 1.008734 -0.000363 0.014873 -3.130334 1579.569946
176.450348 11.725646 1.008691 -0.000436 0.032082 -3.131463 1579.810059
176.245773 11.724025 1.008768 -0.000330 0.039221 -3.131479 1580.040039
176.042831 11.722169 1.008769 -0.001489 0.027001 -3.129734 1580.260010
175.836838 11.719539 1.008909 -0.003264 0.029949 -3.126684 1580.479980
175.627625 11.715377 1.009057 -0.003742 0.031488 -3.122824 1580.699951
175.424500 11.709769 1.009186 -0.003234 0.030648 -3.118789 1580.910034
175.218338 11.702785 1.009386 -0.002264 0.027164 -3.114743 1581.119995
175.011642 11.694913 1.009357 -0.001159 0.008768 -3.110906 1581.329956
174.810257 11.686779 1.009205 -0.000309 0.014985 -3.107517 1581.540039
174.602997 11.678300 1.009019 0.000158 0.024653 -3.104771 1581.760010
174.394974 11.669887 1.008967 0.000309 0.028987 -3.104429 1581.979980
174.194443 11.662132 1.008952 0.004765 0.017464 -3.107187 1582.189941
173.986099 11.656301 1.008898 0.009749 0.023666 -3.113250 1582.410034
173.777542 11.654831 1.008868 0.011041 0.029795 -3.122287 1582.630005
173.575653 11.657932 1.008896 0.009585 0.030553 -3.132675 1582.839966
173.370773 11.664770 1.008985 0.006599 0.023618 3.139436 1583.050049
173.166458 11.674058 1.008970 0.003335 0.009190 3.128518 1583.260010
172.957932 11.684904 1.008927 0.001074 0.018223 3.118041 1583.479980
172.751831 11.695931 1.008767 -0.000263 0.026357 3.108487 1583.699951
172.544357 11.706705 1.008736 0.000338 0.023657 3.098524 1583.920044
172.336273 11.717854 1.008685 0.006950 0.021326 3.087434 1584.140015
172.128937 11.732043 1.008703 0.010638 0.025462 3.074758 1584.359985
171.920715 11.751083 1.008729 0.010633 0.030339 3.060913 1584.579956
171.719971 11.773835 1.008675 0.008104 0.016775 3.047481 1584.790039
171.521515 11.799599 1.008506 0.004963 0.015446 3.034953 1585.000000
171.316833 11.828279 1.008412 0.002297 0.024122 3.023340 1585.219971
171.111801 11.857890 1.008408 0.000501 0.029185 3.014010 1585.439941
170.913422 11.886589 1.008586 -0.000516 0.033749 3.008101 1585.650024
170.710938 11.915488 1.008849 -0.002400 0.032409 3.005380 1585.859985
170.504669 11.943810 1.009057 -0.004753 0.029315 3.005368 1586.069946
170.306000 11.969272 1.009192 -0.005182 0.017829 3.007375 1586.270020
170.099899 11.993630 1.009205 -0.004196 0.006026 3.010914 1586.479980
169.900436 12.015476 1.009163 -0.002753 0.007910 3.015288 1586.689941
169.698212 12.036420 1.009085 -0.001648 0.010204 3.020235 1586.910034
169.492126 12.057070 1.008966 -0.000463 0.022472 3.025402 1587.140015
169.287079 12.077512 1.008940 0.000129 0.016611 3.030802 1587.369995
169.083374 12.098011 1.008851 0.000845 0.031062 3.038152 1587.599976
168.875458 12.119283 1.008831 -0.002257 0.035697 3.048571 1587.829956
168.670151 12.138903 1.008829 -0.009788 0.035730 3.061017 1588.050049
168.468475 12.153922 1.009012 -0.012462 0.025583 3.074643 1588.260010
168.265656 12.163828 1.009174 -0.010930 0.012448 3.088906 1588.469971
168.057251 12.169153 1.009154 -0.007757 0.017718 3.103170 1588.689941
167.851730 12.170916 1.009061 -0.004410 0.012885 3.116208 1588.910034
167.650253 12.170690 1.008789 -0.001686 0.015861 3.127396 1589.130005
167.442017 12.169721 1.008574 0.000196 0.024531 3.136834 1589.359985
167.233459 12.168921 1.008592 0.001098 0.019058 -3.139276 1589.589966
167.025665 12.168670 1.008662 0.001441 0.028969 -3.134430 1589.819946
166.824890 12.169014 1.008622 0.001326 0.013655 -3.132052 1590.040039
166.618484 12.170053 1.008389 0.003220 0.012658 -3.132551 1590.270020
166.416046 12.172603 1.008256 0.005493 0.029274 -3.136048 1590.500000
166.210236 12.177636 1.008331 0.005897 0.036557 3.140991 1590.729980
166.006393 12.184953 1.008662 0.004843 0.039479 3.133604 1590.949951
165.805145 12.193792 1.008963 0.002988 0.022435 3.125917 1591.160034
165.603760 12.203618 1.009017 0.001276 0.014954 3.118327 1591.369995
165.395798 12.214176 1.008991 0.000327 0.026178 3.110935 1591.589966
165.186691 12.224730 1.008990 -0.000109 0.029463 3.104440 1591.810059
164.984451 12.234730 1.009068 -0.000356 0.027066 3.099325 1592.020020
164.781464 12.244535 1.009113 -0.000521 0.013906 3.095367 1592.229980
164.581635 12.253960 1.009091 -0.000547 0.021034 3.092515 1592.439941
164.373245 12.263561 1.009042 -0.000522 0.027144 3.090613 1592.660034
164.172440 12.272644 1.009132 -0.000501 0.032547 3.089698 1592.869995
163.967957 12.281775 1.009270 -0.000430 0.026545 3.089517 1593.079956
163.762985 12.290827 1.009310 -0.000201 0.006945 3.089915 1593.290039
163.554535 12.299975 1.009191 -0.000005 0.017092 3.090762 1593.510010
163.348724 12.309052 1.009226 -0.000003 0.028144 3.091837 1593.729980
163.140762 12.318294 1.009284 0.000017 0.028727 3.092814 1593.949951
162.939758 12.327302 1.009286 0.000383 0.030975 3.093566 1594.160034
162.735535 12.336648 1.009318 0.000541 0.031879 3.094127 1594.369995
162.527985 12.346394 1.009330 0.000537 0.028877 3.094505 1594.579956
162.318283 12.356466 1.009243 0.000441 0.028007 3.094729 1594.790039
162.117279 12.366282 1.009129 0.000321 0.024692 3.094818 1594.989990
161.916092 12.376211 1.009062 0.000212 0.022067 3.094811 1595.189941
161.715668 12.386164 1.009034 0.000131 0.023213 3.094682 1595.390015
161.515732 12.396116 1.009074 -0.000003 0.023505 3.093737 1595.589966
161.306412 12.406563 1.009015 0.001215 0.019481 3.091193 1595.800049
161.099014 12.417466 1.008880 0.003485 0.020515 3.087438 1596.010010
160.892914 12.429739 1.008874 0.004426 0.025717 3.082963 1596.219971
160.686417 12.443856 1.008894 0.004030 0.024313 3.078177 1596.430054
160.479691 12.459621 1.008960 0.002935 0.023704 3.073469 1596.640015
160.274124 12.476457 1.009040 0.001646 0.008415 3.069069 1596.849976
160.074112 12.493505 1.008953 0.000686 0.014909 3.065234 1597.060059
159.868149 12.511323 1.008775 0.000080 0.025167 3.062025 1597.280029
159.661697 12.529103 1.008542 -0.003201 0.022210 3.060998 1597.500000
159.455109 12.545029 1.008395 -0.013431 0.024269 3.063675 1597.719971
159.247452 12.555058 1.008397 -0.017833 0.021689 3.071256 1597.939941
159.040268 12.557272 1.008400 -0.015553 0.010911 3.083402 1598.160034
158.837311 12.552579 1.008306 -0.011606 0.021237 3.098631 1598.380005
158.635086 12.543205 1.008343 -0.004556 0.022546 3.115929 1598.599976
158.432571 12.532752 1.008381 0.008626 0.024366 3.132079 1598.819946
158.228989 12.526671 1.008580 0.015618 0.025605 -3.139069 1599.040039
158.024612 12.527834 1.008827 0.015327 0.015144 -3.132561 1599.260010
157.822739 12.535869 1.008863 0.012466 0.024874 -3.131535 1599.479980
157.619797 12.549131 1.008962 0.008994 0.033136 -3.136102 1599.699951
157.412125 12.565808 1.009117 0.005617 0.034577 3.138389 1599.920044
157.209000 12.583443 1.009343 0.002469 0.023830 3.127752 1600.130005
157.005737 12.601409 1.009351 -0.000003 0.011127 3.117075 1600.339966
156.797531 12.619511 1.009190 -0.001118 0.017141 3.108483 1600.560059
156.592316 12.635953 1.009019 -0.011740 0.019455 3.104333 1600.780029
156.388275 12.646581 1.008888 -0.020935 0.024862 3.105963 1601.000000
156.183746 12.647732 1.008835 -0.020786 0.013260 3.113931 1601.219971
155.982178 12.639535 1.008728 -0.016449 0.020171 3.126337 1601.439941
155.781601 12.624302 1.008741 -0.010910 0.021797 -3.140887 1601.660034
155.581482 12.604796 1.008824 -0.005548 0.017327 -3.123909 1601.880005
155.374023 12.582488 1.008799 -0.001954 0.027825 -3.108859 1602.109985
155.173309 12.561161 1.008708 0.006524 0.030921 -3.098866 1602.329956
154.968155 12.543239 1.008894 0.013715 0.036016 -3.093929 1602.550049
154.766556 12.531946 1.009153 0.014858 0.034103 -3.093693 1602.760010
154.560089 12.526673 1.009409 0.012502 0.030683 -3.096195 1602.969971
154.350754 12.526250 1.009494 0.007314 0.022617 -3.100231 1603.180054
154.141846 12.528539 1.009332 0.002067 0.019536 -3.105055 1603.390015
153.934494 12.531352 1.009156 -0.001044 0.024731 -3.110214 1603.599976
153.727005 12.533330 1.009062 -0.002340 0.026007 -3.115351 1603.810059
153.518616 12.533972 1.009135 -0.002486 0.022474 -3.120163 1604.020020
153.311722 12.533360 1.009134 -0.002044 0.006974 -3.124419 1604.229980
153.111191 12.531861 1.008922 -0.001259 0.013932 -3.128078 1604.439941
152.905014 12.529716 1.008735 -0.000536 0.026836 -3.131236 1604.660034
152.697479 12.527297 1.008723 -0.000158 0.028971 -3.134092 1604.880005
152.496597 12.524927 1.008670 0.000124 0.027407 -3.136938 1605.089966
152.294083 12.522722 1.008669 0.001513 0.022659 -3.139882 1605.300049
152.091705 12.521225 1.008753 0.002490 0.024806 3.140442 1605.510010
151.888489 12.520834 1.008925 0.002545 0.030120 3.137747 1605.719971
151.682755 12.521565 1.009114 0.001994 0.028653 3.135114 1605.930054
151.474915 12.523177 1.009261 0.001389 0.028495 3.132505 1606.140015
151.265396 12.525430 1.009394 0.001389 0.026604 3.130007 1606.349976
151.064774 12.528136 1.009522 0.001310 0.024722 3.127835 1606.550049
150.855057 12.531489 1.009548 0.000926 0.006057 3.126347 1606.760010
150.651901 12.535147 1.009381 0.001038 0.012006 3.127269 1606.969971
150.444061 12.539303 1.009194 -0.001092 0.022704 3.131995 1607.189941
150.236496 12.542498 1.009064 -0.010319 0.028444 3.140673 1607.410034
150.036148 12.541181 1.009017 -0.015169 0.031070 -3.130823 1607.619995
149.832672 12.533556 1.009073 -0.014825 0.030572 -3.116765 1607.829956
149.626480 12.519827 1.009078 -0.011452 0.026829 -3.101711 1608.040039
149.419983 12.501580 1.009215 -0.004952 0.000053 -3.086783 1608.250000
149.213181 12.481704 1.009250 0.011887 -0.003783 -3.073832 1608.469971
149.008728 12.467688 1.009018 0.023018 0.018841 -3.065359 1608.699951
148.805161 12.464911 1.008923 0.024373 0.033853 -3.064003 1608.930054
148.604248 12.472498 1.009007 0.019745 0.036103 -3.070145 1609.150024
148.396362 12.487574 1.009219 0.013160 0.035956 -3.082901 1609.369995
148.192139 12.506084 1.009457 0.007350 0.033242 -3.099718 1609.579956
147.983795 12.526260 1.009676 0.003043 0.030178 -3.119313 1609.790039
147.782944 12.545563 1.009771 0.000699 0.027644 -3.137780 1609.989990
147.580933 12.564222 1.009719 -0.000499 0.022633 3.129685 1610.189941
147.380310 12.581732 1.009547 -0.006911 0.005865 3.118117 1610.390015
147.176483 12.596309 1.009072 -0.016793 0.009073 3.110759 1610.599976
146.968948 12.603583 1.008575 -0.019974 0.021362 3.108333 1610.819946
146.762100 12.601903 1.008221 -0.014659 0.026578 3.110667 1611.040039
146.553162 12.593937 1.008232 -0.007680 0.028789 3.116327 1611.260010
146.352280 12.583611 1.008532 -0.001993 0.013556 3.123803 1611.469971
146.145203 12.572495 1.008740 0.001430 0.020344 3.132628 1611.689941
145.939346 12.562597 1.008919 0.002462 0.028428 -3.141433 1611.910034
145.731140 12.554295 1.009138 0.002172 0.031221 -3.132697 1612.130005
145.529114 12.547582 1.009345 0.001577 0.024059 -3.125144 1612.339966
145.327042 12.541704 1.009441 0.000984 0.012824 -3.117909 1612.550049
145.119675 12.536105 1.009321 -0.000845 0.015819 -3.109829 1612.770020
144.915375 12.530128 1.009091 -0.003514 0.023846 -3.101752 1612.989990
144.710770 12.522469 1.009016 -0.004309 0.019299 -3.094122 1613.209961
144.507446 12.512827 1.008930 -0.003660 0.015255 -3.087361 1613.430054
144.306900 12.501586 1.008836 -0.002433 0.024854 -3.081753 1613.650024
144.106400 12.489181 1.008838 -0.001191 0.017071 -3.077303 1613.869995
143.898392 12.475694 1.008853 -0.000202 0.025355 -3.073949 1614.099976
143.698303 12.462570 1.009062 0.000379 0.020373 -3.071872 1614.319946
143.498505 12.449588 1.009137 0.000586 0.019318 -3.070757 1614.540039
143.290558 12.436303 1.009195 0.000635 0.025087 -3.070446 1614.770020
143.082489 12.423248 1.009145 0.000907 0.008658 -3.071415 1615.000000
142.879623 12.411086 1.008777 0.003846 0.019555 -3.074342 1615.229980
142.677811 12.400805 1.008593 0.005746 0.029687 -3.079413 1615.459961
142.472992 12.393014 1.008573 0.005192 0.019411 -3.086298 1615.689941
142.267838 12.387615 1.008677 0.003793 0.031262 -3.093887 1615.920044
142.059006 12.383720 1.008992 0.002145 0.018576 -3.101624 1616.150024
141.850311 12.380692 1.009269 0.000825 0.024566 -3.108820 1616.380005
141.649750 12.377996 1.009436 0.000051 0.025229 -3.114904 1616.599976
141.448242 12.375175 1.009565 -0.000398 0.016451 -3.120714 1616.819946
141.239655 12.372007 1.009605 0.000017 0.026611 -3.127736 1617.050049
141.038223 12.369108 1.009517 0.003341 0.035312 -3.135168 1617.270020
140.831177 12.367723 1.009481 0.004989 0.029559 3.140445 1617.489990
140.630966 12.368555 1.009356 0.004594 0.014908 3.133568 1617.699951
140.424118 12.371490 1.009251 0.003417 0.022105 3.127236 1617.920044
140.217819 12.375999 1.009259 0.002053 0.025009 3.122240 1618.140015
140.011063 12.381354 1.009232 -0.001074 0.019622 3.119459 1618.359985
139.805283 12.386172 1.009258 -0.003968 0.028363 3.119038 1618.579956
139.598083 12.389265 1.009371 -0.004579 0.012751 3.120876 1618.800049
139.394150 12.390277 1.009383 -0.003841 0.018732 3.124194 1619.020020
139.191864 12.389614 1.009440 -0.002786 0.025165 3.128456 1619.239990
138.989349 12.387849 1.009418 -0.001540 0.012324 3.133209 1619.459961
138.781204 12.385394 1.009101 -0.000557 0.026053 3.138149 1619.689941
138.572525 12.382812 1.008937 0.000037 0.016313 -3.140421 1619.920044
138.365234 12.380360 1.008876 0.000293 0.026075 -3.136374 1620.150024
138.156403 12.378112 1.008937 0.000363 0.021991 -3.133043 1620.380005
137.947479 12.376069 1.008991 0.000309 0.013595 -3.130525 1620.609985
137.742035 12.374213 1.008864 0.000351 0.021384 -3.128823 1620.839966
137.536346 12.372489 1.008689 0.000402 0.035035 -3.127856 1621.069946
137.333740 12.370893 1.008790 0.000362 0.039714 -3.127511 1621.290039
137.133057 12.369360 1.009058 0.000251 0.038308 -3.127593 1621.500000
136.926193 12.367785 1.009286 0.000136 0.031825 -3.128158 1621.709961
136.725891 12.366242 1.009407 0.000014 0.027510 -3.129591 1621.910034
136.524643 12.364660 1.009467 0.000342 0.013074 -3.132169 1622.109985
136.317505 12.363233 1.009351 0.002204 0.009494 -3.135799 1622.319946
136.116058 12.362751 1.009191 0.003416 0.020533 -3.139955 1622.530029
135.906677 12.363767 1.009069 0.003490 0.025534 3.138673 1622.750000
135.705826 12.366200 1.009042 0.002741 0.030424 3.134461 1622.959961
135.502609 12.369749 1.009145 0.001636 0.015278 3.130570 1623.170044
135.301987 12.373901 1.009377 0.000718 0.011899 3.127220 1623.380005
135.096207 12.378457 1.009415 0.000112 0.025418 3.124363 1623.599976
134.889648 12.383039 1.009414 -0.000206 0.030305 3.122581 1623.819946
134.689560 12.387347 1.009430 -0.000714 0.029761 3.122510 1624.030029
134.486618 12.391332 1.009461 -0.002440 0.030697 3.123922 1624.239990
134.280731 12.394350 1.009421 -0.003393 0.026723 3.126438 1624.449951
134.074585 12.395991 1.009392 -0.003100 0.009030 3.129681 1624.660034
133.873657 12.396319 1.009270 -0.002272 0.016093 3.133159 1624.869995
133.666183 12.395681 1.009142 -0.001421 0.027138 3.136814 1625.089966
133.457031 12.394468 1.009086 -0.000725 0.031573 3.140262 1625.310059
133.253983 12.393064 1.009036 -0.000219 0.026100 -3.139982 1625.520020
133.050903 12.391618 1.008957 0.000088 0.004603 -3.137424 1625.729980
132.845245 12.390198 1.008911 0.000205 0.016908 -3.135191 1625.949951
132.642502 12.388891 1.008963 0.000237 0.027358 -3.133457 1626.170044
132.437469 12.387654 1.009106 0.000183 0.034213 -3.132211 1626.390015
132.237106 12.386477 1.009284 0.000101 0.031073 -3.131435 1626.599976
132.034317 12.385276 1.009332 0.000011 0.012640 -3.131007 1626.810059
131.825638 12.384017 1.009182 0.000020 0.017261 -3.130870 1627.030029
131.619263 12.382745 1.009016 0.000052 0.029412 -3.131218 1627.250000
131.410385 12.381421 1.008995 -0.000075 0.031557 -3.133486 1627.469971
131.207336 12.380080 1.009021 0.000225 0.031587 -3.138765 1627.680054
131.000916 12.379069 1.009115 0.005213 0.029501 3.136272 1627.890015
130.792175 12.380324 1.009217 0.009433 0.026269 3.126245 1628.099976
130.583496 12.385497 1.009338 0.009555 0.007385 3.115173 1628.310059
130.380844 12.394499 1.009325 0.007762 0.011919 3.104320 1628.520020
130.173920 12.407140 1.009202 0.005224 0.015845 3.093666 1628.739990
129.970901 12.421867 1.009141 0.002781 0.011907 3.085036 1628.959961
129.763077 12.438253 1.008955 0.001242 0.024668 3.080502 1629.189941
129.555099 12.454781 1.008772 -0.007185 0.020301 3.081775 1629.420044
129.346741 12.467351 1.008841 -0.018423 0.028833 3.089604 1629.650024
129.143997 12.471105 1.009031 -0.021275 0.033271 3.103250 1629.869995
128.935913 12.465607 1.009277 -0.018478 0.035333 3.121146 1630.089966
128.731888 12.453005 1.009509 -0.013118 0.033414 3.140366 1630.300049
128.523819 12.435508 1.009608 -0.007381 0.028430 -3.123141 1630.510010
128.323746 12.416463 1.009638 -0.002988 0.025522 -3.105165 1630.709961
128.123917 12.396803 1.009546 0.000116 0.007654 -3.088599 1630.910034
127.920937 12.377003 1.009093 0.001521 -0.005273 -3.072892 1631.119995
127.719894 12.357977 1.008513 0.001051 0.010305 -3.058691 1631.339966
127.515625 12.339197 1.008211 0.000370 0.018223 -3.046714 1631.569946
127.313301 12.320768 1.008227 -0.000026 0.020143 -3.037754 1631.800049
127.111137 12.302214 1.008351 -0.000006 0.031444 -3.031664 1632.030029
126.905884 12.283114 1.008627 -0.000000 0.016529 -3.028135 1632.260010
126.701729 12.263921 1.008936 0.000156 0.029945 -3.026766 1632.489990
126.493935 12.244163 1.009165 0.000524 0.036096 -3.026842 1632.719971
126.288712 12.224556 1.009369 0.000845 0.036174 -3.026209 1632.939941
126.088249 12.205343 1.009553 -0.002291 0.016850 -3.023794 1633.150024
125.880142 12.184085 1.009577 -0.007001 0.020166 -3.019466 1633.369995
125.673805 12.159689 1.009451 -0.008567 0.027744 -3.013672 1633.589966
125.475555 12.132483 1.009360 -0.007785 0.030410 -3.007814 1633.800049
125.274727 12.101679 1.009321 -0.005579 0.028192 -3.002758 1634.010010
125.072182 12.068466 1.009265 -0.001509 0.024234 -2.998981 1634.219971
124.869331 12.034742 1.009136 0.002062 0.023912 -2.996478 1634.430054
124.666672 12.002055 1.009057 0.003606 0.010572 -2.995136 1634.640015
124.468407 11.971642 1.008930 0.003656 0.011831 -2.994672 1634.849976
124.265175 11.942145 1.008900 0.002949 0.020543 -2.994935 1635.069946
124.064018 11.914287 1.008795 0.001859 0.009753 -2.995189 1635.290039
123.858315 11.886704 1.008700 0.000908 0.024012 -2.993212 1635.520020
123.652069 11.858920 1.008663 -0.007653 0.032477 -2.987759 1635.750000
123.450722 11.828009 1.008723 -0.014388 0.033978 -2.978691 1635.969971
123.244965 11.789729 1.008797 -0.015201 0.034879 -2.967022 1636.189941
123.044960 11.746119 1.008864 -0.010156 0.026829 -2.956269 1636.400024
122.843948 11.698931 1.008816 0.009832 0.022129 -2.948430 1636.609985
122.642570 11.656056 1.008812 0.025091 0.022734 -2.945288 1636.819946
122.439682 11.623417 1.008856 0.029017 0.023069 -2.947750 1637.030029
122.234940 11.602290 1.008931 0.025410 0.023212 -2.956117 1637.239990
122.028664 11.590843 1.009042 0.017737 0.014835 -2.970296 1637.449951
121.824783 11.586221 1.009013 0.009425 0.007903 -2.988714 1637.660034
121.616928 11.585253 1.008879 0.003856 0.019662 -3.010844 1637.880005
121.410522 11.585062 1.008822 0.001195 0.030602 -3.035183 1638.099976
121.200905 11.584022 1.008894 -0.000283 0.032248 -3.061639 1638.319946
120.997185 11.581926 1.008922 0.001026 0.029031 -3.088396 1638.530029
120.790840 11.579868 1.009007 0.006557 0.030654 -3.115077 1638.739990
120.581779 11.580220 1.009220 0.009098 0.021764 -3.140309 1638.949951
120.374107 11.584230 1.009256 0.008270 0.006023 3.121029 1639.160034
120.173027 11.591594 1.009121 0.006859 0.015013 3.105081 1639.369995
119.966354 11.601957 1.009054 -0.006320 0.023060 3.095981 1639.589966
119.759605 11.608771 1.009030 -0.033760 0.026812 3.095562 1639.810059
119.550751 11.600912 1.009034 -0.042825 0.016279 3.104594 1640.030029
119.344200 11.574471 1.008782 -0.036568 0.006173 3.121473 1640.250000
119.144180 11.532608 1.008310 -0.027865 0.017238 -3.138882 1640.469971
118.947838 11.480178 1.008190 -0.016105 0.010317 -3.110146 1640.689941
118.756020 11.422606 1.008146 -0.008250 0.021203 -3.077537 1640.910034
118.564606 11.363384 1.008300 -0.002969 0.021176 -3.041820 1641.130005
118.366081 11.302017 1.008287 -0.011010 0.000361 -3.002821 1641.359985
118.169136 11.234400 1.008242 -0.035210 0.014249 -2.961404 1641.599976
117.978828 11.150760 1.008315 -0.043696 0.027303 -2.919665 1641.839966
117.797791 11.050457 1.008513 -0.038395 0.033604 -2.879593 1642.069946
117.623352 10.938151 1.008815 -0.024668 0.023012 -2.841372 1642.290039
117.459221 10.823221 1.008817 -0.017834 -0.004641 -2.805999 1642.500000
117.300102 10.700126 1.008571 -0.045542 -0.008364 -2.770866 1642.719971
117.153923 10.558977 1.008225 -0.061728 0.000455 -2.735418 1642.949951
117.027306 10.397235 1.007855 -0.056026 0.007818 -2.700775 1643.180054
116.920059 10.225318 1.007585 -0.036123 0.018027 -2.668541 1643.400024
116.818581 10.043413 1.007548 -0.018342 0.029112 -2.636963 1643.619995
116.719795 9.865317 1.007758 -0.007308 0.033314 -2.607129 1643.829956
116.615456 9.685919 1.008091 -0.002188 0.034050 -2.577519 1644.040039
116.510132 9.515293 1.008411 -0.000426 0.030736 -2.549398 1644.239990
116.400055 9.345838 1.008651 -0.000574 0.026093 -2.521259 1644.439941
116.287048 9.178196 1.008809 -0.002093 0.023457 -2.493014 1644.640015
116.172577 9.012246 1.008916 -0.004075 0.023002 -2.464595 1644.839966
116.057518 8.847279 1.008951 -0.004342 0.017831 -2.435994 1645.040039
115.938187 8.676868 1.008911 0.004195 0.006155 -2.406377 1645.250000
115.820885 8.513564 1.008791 0.010678 0.018938 -2.377822 1645.459961
115.695259 8.348954 1.008732 0.012045 0.012661 -2.350002 1645.680054
115.567375 8.191697 1.008664 0.009676 0.019627 -2.325020 1645.900024
115.436668 8.038976 1.008633 0.006165 0.028713 -2.303846 1646.119995
115.302612 7.887072 1.008704 -0.001198 0.016736 -2.286249 1646.339966
115.170113 7.735734 1.008820 -0.012530 0.024674 -2.270394 1646.560059
115.035522 7.572614 1.008984 -0.016887 0.032050 -2.254098 1646.790039
114.910065 7.408201 1.009249 -0.015349 0.034188 -2.238243 1647.010010
114.792412 7.243572 1.009507 -0.011114 0.028046 -2.222839 1647.219971
114.677505 7.075399 1.009770 -0.006053 0.010312 -2.207340 1647.430054
114.561852 6.901659 1.009743 -0.001852 0.020691 -2.191246 1647.650024
114.447578 6.728787 1.009554 -0.000716 0.025903 -2.175155 1647.869995
114.332764 6.554694 1.009305 -0.002719 0.026458 -2.159892 1648.089966
114.223137 6.386577 1.009210 -0.003580 0.021922 -2.146763 1648.300049
114.110123 6.210367 1.009145 -0.003177 0.013231 -2.135005 1648.520020
114.000450 6.036603 1.009030 -0.002198 0.022408 -2.125624 1648.739990
113.892281 5.863172 1.008986 -0.001106 0.012984 -2.118571 1648.959961
113.786491 5.692461 1.008880 -0.000260 0.018345 -2.113776 1649.180054
113.676888 5.515124 1.008838 0.000550 0.032637 -2.110793 1649.410034
113.570358 5.342658 1.008872 -0.003226 0.015851 -2.108536 1649.630005
113.466286 5.170550 1.008894 -0.012947 0.022109 -2.104991 1649.849976
113.367302 4.995582 1.009058 -0.016206 0.022989 -2.098438 1650.069946
113.274498 4.816995 1.009079 -0.014020 0.016891 -2.088735 1650.290039
113.184013 4.628771 1.009089 -0.010125 0.026227 -2.075888 1650.520020
113.100815 4.446149 1.009152 -0.005733 0.016111 -2.061359 1650.739990
113.016518 4.255612 1.009069 -0.002369 0.025979 -2.045600 1650.969971
112.935768 4.071855 1.009054 -0.000311 0.021346 -2.031091 1651.189941
112.854980 3.888755 1.008843 0.002624 0.008333 -2.019047 1651.410034
112.771065 3.703325 1.008535 0.012969 0.017810 -2.011232 1651.640015
112.682022 3.522212 1.008448 0.018606 0.029426 -2.010008 1651.869995
112.583855 3.342522 1.008522 0.016522 0.020087 -2.015812 1652.099976
112.478600 3.165811 1.008572 0.012218 0.030039 -2.026970 1652.329956
112.367432 2.988941 1.008732 0.006814 0.014862 -2.042712 1652.560059
112.254814 2.814784 1.008960 0.002777 0.023823 -2.060571 1652.790039
112.141174 2.639976 1.009228 0.000892 0.033891 -2.079018 1653.020020
112.030144 2.468067 1.009347 -0.000227 0.035306 -2.097230 1653.239990
111.921890 2.299048 1.009420 0.002780 0.028831 -2.115815 1653.449951
111.810867 2.129138 1.009344 0.029256 0.017657 -2.135945 1653.660034
111.691010 1.967431 1.009280 0.049625 0.017260 -2.158176 1653.869995
111.555969 1.818778 1.009179 0.052624 0.019554 -2.182516 1654.079956
111.404930 1.683209 1.009071 0.044156 0.022060 -2.208851 1654.290039
111.241127 1.558041 1.009009 0.028350 0.012481 -2.237255 1654.500000
111.072350 1.442002 1.008797 0.013980 0.007672 -2.266541 1654.709961
110.904640 1.332632 1.008558 0.006382 0.019025 -2.296475 1654.920044
110.729767 1.219383 1.008319 0.002774 0.025829 -2.328708 1655.140015
110.554771 1.105207 1.004164 0.015086 0.016874 -2.361474 1655.359985
110.378349 0.996166 0.989646 0.030401 0.013088 -2.394811 1655.579956
110.188919 0.894018 0.960421 0.034810 0.015213 -2.430054 1655.810059
110.010017 0.812205 0.921561 0.030946 0.019506 -2.462362 1656.020020
109.825539 0.739099 0.873065 0.023505 0.023485 -2.494768 1656.229980
109.636406 0.671442 0.817552 0.015072 0.023800 -2.527210 1656.439941
109.453987 0.609631 0.760746 0.008157 0.022053 -2.557954 1656.640015
109.271225 0.548675 0.701850 0.004087 0.024469 -2.588478 1656.839966
109.088242 0.487068 0.642461 0.001698 0.021632 -2.618831 1657.040039
108.897392 0.422085 0.584997 0.007521 0.011495 -2.650300 1657.250000
108.709419 0.360616 0.538793 0.017017 0.017312 -2.681418 1657.459961
108.512428 0.302976 0.505055 0.017855 0.009485 -2.713888 1657.680054
108.317253 0.253764 0.485502 0.015917 0.015198 -2.745547 1657.900024
108.113686 0.209397 0.477489 0.012352 0.023432 -2.778143 1658.130005
107.908669 0.169342 0.478231 0.006684 0.014564 -2.810223 1658.359985
107.705261 0.131953 0.483907 0.003402 0.027766 -2.841456 1658.589966
107.499992 0.094459 0.491569 0.000906 0.020426 -2.871761 1658.819946
107.294655 0.056444 0.498944 -0.000307 0.026453 -2.899485 1659.050049
107.096466 0.018910 0.504774 -0.000699 0.033299 -2.922545 1659.270020
106.894814 -0.020007 0.508944 0.001476 0.017101 -2.942518 1659.489990
106.694420 -0.057965 0.511429 0.006379 0.022243 -2.960305 1659.709961
106.493477 -0.093086 0.512550 0.008150 0.030136 -2.976828 1659.930054
106.288605 -0.125057 0.512610 0.007086 0.032918 -2.993242 1660.150024
106.088348 -0.153150 0.512276 0.004878 0.030517 -3.009787 1660.359985
105.885925 -0.179150 0.511813 0.009416 0.011934 -3.027541 1660.569946
105.686867 -0.200564 0.511158 0.016652 0.017892 -3.046657 1660.780029
105.480034 -0.215325 0.510562 0.017687 0.013163 -3.068578 1661.000000
105.276718 -0.221809 0.510017 0.014211 0.012404 -3.090800 1661.219971
105.067955 -0.221618 0.509501 0.009371 0.029010 -3.112511 1661.449951
104.865417 -0.217338 0.509254 0.004896 0.034597 -3.131097 1661.670044
104.657310 -0.211144 0.509192 0.001219 0.035453 3.136408 1661.890015
104.454056 -0.204874 0.509184 -0.001037 0.017466 3.124501 1662.099976
104.252495 -0.199169 0.509064 -0.001868 0.011230 3.115803 1662.310059
104.046333 -0.194186 0.508838 -0.002259 0.017180 3.109921 1662.530029
103.842361 -0.190228 0.508715 -0.002375 0.026286 3.106914 1662.750000
103.638000 -0.187170 0.508791 -0.001865 0.014927 3.106325 1662.969971
103.436157 -0.184852 0.508823 -0.001258 0.023288 3.107527 1663.189941
103.234230 -0.182890 0.508956 -0.000762 0.017813 3.110036 1663.410034
103.033852 -0.181108 0.508937 -0.000330 0.017117 3.113361 1663.630005
102.826065 -0.179261 0.508890 -0.000168 0.028383 3.117252 1663.859985
102.626038 -0.177378 0.509066 -0.000044 0.015265 3.121167 1664.079956
102.418915 -0.175348 0.509143 0.000070 0.024996 3.125634 1664.310059
102.210594 -0.173256 0.509113 -0.000895 0.029692 3.130352 1664.540039
102.007698 -0.171607 0.509172 -0.001706 0.034041 3.134764 1664.760010
101.800636 -0.170701 0.509289 -0.001762 0.018096 3.139210 1664.979980
101.594894 -0.170601 0.509193 -0.000972 0.019990 -3.138126 1665.199951
101.391197 -0.171155 0.509157 -0.006681 0.013417 -3.129683 1665.420044
101.191032 -0.175242 0.509007 -0.021793 0.019065 -3.117941 1665.640015
100.983406 -0.189960 0.508894 -0.028359 0.030167 -3.101485 1665.869995
100.781914 -0.216916 0.508885 -0.025700 0.032633 -3.081355 1666.089966
100.576340 -0.255138 0.508954 -0.018603 0.032464 -3.057355 1666.310059
100.376511 -0.299044 0.509016 -0.011242 0.032428 -3.032086 1666.520020
100.173363 -0.347075 0.509101 -0.005240 0.030605 -3.006454 1666.729980
99.977539 -0.394367 0.509173 -0.001184 0.026013 -2.983465 1666.930054
99.780891 -0.441558 0.509224 0.000985 0.024096 -2.964203 1667.130005
99.584305 -0.487829 0.509279 0.002816 0.014650 -2.950382 1667.329956
99.381393 -0.533832 0.509201 0.010557 0.007435 -2.942319 1667.540039
99.183769 -0.574099 0.508939 0.016004 0.019165 -2.940892 1667.750000
98.977417 -0.608919 0.508675 0.016593 0.025829 -2.946049 1667.969971
98.778168 -0.635698 0.508592 0.013613 0.026987 -2.955612 1668.180054
98.576477 -0.657657 0.508684 0.008784 0.018616 -2.968061 1668.390015
98.376259 -0.676250 0.508725 0.004012 0.010493 -2.981874 1668.599976
98.171181 -0.693795 0.508751 0.001014 0.022666 -2.996492 1668.819946
97.966438 -0.711382 0.508796 -0.000444 0.029009 -3.010987 1669.040039
97.758842 -0.729998 0.508939 -0.001280 0.033897 -3.026197 1669.260010
97.556717 -0.748971 0.509054 0.000467 0.027000 -3.041690 1669.469971
97.352715 -0.767888 0.509136 0.005178 0.025113 -3.057275 1669.680054
97.147919 -0.784693 0.509156 0.007451 0.019423 -3.072093 1669.890015
96.944992 -0.798196 0.509036 0.007073 0.009268 -3.085449 1670.099976
96.737869 -0.808774 0.508792 0.005376 0.019006 -3.097208 1670.319946
96.533310 -0.816689 0.508671 0.003216 0.012511 -3.106861 1670.540039
96.332733 -0.822938 0.508436 0.001105 0.015178 -3.115669 1670.760010
96.126633 -0.828493 0.508213 0.005638 0.020908 -3.125687 1670.989990
95.920288 -0.830941 0.508167 0.013620 0.033996 -3.137972 1671.219971
95.718193 -0.827073 0.508416 0.014672 0.023023 3.130371 1671.439941
95.515053 -0.816625 0.508661 0.011789 0.021347 3.114237 1671.660034
95.312309 -0.801003 0.508869 0.007929 0.028764 3.098223 1671.880005
95.106819 -0.781905 0.509051 0.004567 0.034289 3.084302 1672.099976
94.906891 -0.761868 0.509351 -0.000518 0.018244 3.074828 1672.310059
94.698761 -0.741686 0.509464 -0.007752 0.018460 3.069532 1672.530029
94.492188 -0.725309 0.509445 -0.010791 0.020695 3.068976 1672.750000
94.287094 -0.713956 0.509367 -0.009696 0.010302 3.072489 1672.969971
94.086433 -0.707214 0.509148 -0.007208 0.024504 3.078489 1673.189941
93.885162 -0.703480 0.508990 -0.004758 0.031007 3.086201 1673.410034
93.679634 -0.701355 0.509049 -0.002624 0.036807 3.094667 1673.630005
93.477722 -0.699860 0.509270 -0.000833 0.024620 3.102742 1673.839966
93.275009 -0.698383 0.509412 0.000320 0.014821 3.109293 1674.050049
93.066521 -0.696543 0.509332 0.001993 0.012512 3.113042 1674.270020
92.862541 -0.693627 0.509048 0.005288 0.017586 3.113898 1674.489990
92.660721 -0.688269 0.508920 0.006448 0.021683 3.112462 1674.709961
92.459656 -0.679996 0.508950 0.005531 0.018157 3.109326 1674.930054
92.251213 -0.668805 0.508884 0.003721 0.019569 3.104939 1675.160034
92.043541 -0.655933 0.508811 0.002131 0.026384 3.099975 1675.390015
91.842857 -0.642710 0.508890 0.000979 0.032481 3.095135 1675.609985
91.638649 -0.629065 0.508975 0.000073 0.018016 3.090539 1675.829956
91.435577 -0.615591 0.508909 -0.000361 0.023850 3.086443 1676.050049
91.232277 -0.602373 0.508996 -0.000462 0.018423 3.082983 1676.270020
91.030548 -0.589523 0.508922 -0.000381 0.015983 3.080224 1676.489990
90.821991 -0.576443 0.508921 -0.000255 0.025985 3.078088 1676.719971
90.621986 -0.564017 0.509035 -0.000142 0.016795 3.077393 1676.939941
90.414986 -0.551287 0.509005 -0.002261 0.021583 3.078844 1677.170044
90.207687 -0.539765 0.509042 -0.006453 0.031656 3.080497 1677.400024
90.004906 -0.531216 0.510471 -0.004462 0.034062 3.080983 1677.619995
89.796562 -0.524092 0.516827 0.001295 0.032812 3.080416 1677.839966
89.593315 -0.516310 0.529046 0.004475 0.030600 3.079104 1678.050049
89.387016 -0.506255 0.547455 0.005274 0.029259 3.077314 1678.260010
89.188530 -0.494339 0.569802 0.004626 0.023325 3.075358 1678.459961
88.981537 -0.479969 0.596309 0.003162 0.004602 3.073735 1678.670044
88.781631 -0.464719 0.624783 0.002278 0.013916 3.074404 1678.880005
88.576744 -0.448133 0.655933 -0.000346 0.011972 3.078642 1679.099976
88.376778 -0.432552 0.690171 -0.009869 0.007679 3.086782 1679.319946
88.173752 -0.421685 0.733362 -0.015592 0.019476 3.099458 1679.550049
87.973061 -0.418759 0.783982 -0.014621 0.011660 3.115225 1679.780029
87.776108 -0.423234 0.841233 -0.011198 0.022510 3.129614 1680.010010
87.578651 -0.432978 0.903123 -0.002188 0.020195 3.140044 1680.239990
87.380898 -0.442740 0.962277 0.017938 0.023928 -3.138563 1680.469971
87.181145 -0.443473 1.014650 0.028705 0.038270 -3.141028 1680.699951
86.982727 -0.431166 1.057233 0.027827 0.038489 3.132420 1680.920044
86.786308 -0.408080 1.091227 0.021592 0.035913 3.117182 1681.130005
86.584572 -0.376750 1.119958 0.013687 0.033584 3.097518 1681.339966
86.388702 -0.342324 1.143905 0.007186 0.030882 3.076623 1681.540039
86.190468 -0.305947 1.165628 0.002370 0.024158 3.055402 1681.739990
85.992027 -0.269470 1.186124 -0.000283 0.022421 3.036320 1681.939941
85.794250 -0.233847 1.206252 -0.001379 0.021537 3.021475 1682.140015
85.597252 -0.199517 1.226195 -0.005478 0.023765 3.011687 1682.339966
85.400414 -0.167733 1.245130 -0.010273 0.022348 3.006569 1682.540039
85.193954 -0.138796 1.263447 -0.011208 0.011285 3.005581 1682.750000
84.991646 -0.115131 1.279799 -0.009122 0.008311 3.007934 1682.959961
84.785606 -0.095066 1.295069 -0.006215 0.017559 3.012878 1683.180054
84.582901 -0.077982 1.308775 -0.003303 0.009428 3.019612 1683.400024
84.376083 -0.061989 1.321944 -0.001139 0.021005 3.027470 1683.630005
84.169533 -0.046255 1.334962 -0.000062 0.033693 3.035718 1683.859985
83.966850 -0.030407 1.347751 0.000532 0.036713 3.044996 1684.079956
83.767456 -0.014307 1.360373 0.000506 0.029947 3.056153 1684.290039
83.565712 0.002066 1.372313 -0.004161 0.013220 3.069248 1684.500000
83.357796 0.017001 1.382745 -0.008648 0.019208 3.083874 1684.719971
83.152000 0.027817 1.390635 -0.009297 0.012780 3.098567 1684.939941
82.949936 0.034166 1.396046 -0.007699 0.018358 3.112172 1685.160034
82.749535 0.036918 1.399747 -0.005058 0.024740 3.124116 1685.380005
82.548996 0.037380 1.402241 -0.002421 0.013324 3.134432 1685.599976
82.342918 0.036665 1.403751 -0.000959 0.022622 -3.139546 1685.829956
82.136536 0.035423 1.404345 -0.000748 0.032564 -3.132045 1686.060059
81.934204 0.033800 1.404163 -0.000500 0.037206 -3.126538 1686.280029
81.725189 0.031776 1.403405 -0.000206 0.035442 -3.122610 1686.500000
81.520378 0.029561 1.402373 0.000001 0.025591 -3.120210 1686.709961
81.315025 0.027229 1.401027 0.000074 0.011197 -3.118953 1686.920044
81.114296 0.024922 1.399480 0.000208 0.016864 -3.118647 1687.130005
80.906509 0.022545 1.397951 0.000519 0.028798 -3.118799 1687.349976
80.706085 0.020332 1.396682 0.000669 0.029897 -3.118087 1687.560059
80.502983 0.018199 1.395602 -0.000232 0.021436 -3.115602 1687.770020
80.300369 0.015711 1.394927 -0.003857 0.018467 -3.111576 1687.979980
80.099556 0.011531 1.395017 -0.006086 0.025386 -3.106610 1688.189941
79.898033 0.004679 1.395983 -0.006238 0.029668 -3.101373 1688.400024
79.694008 -0.004933 1.397726 -0.005021 0.029373 -3.096662 1688.609985
79.487579 -0.016730 1.400525 -0.002779 0.027677 -3.093031 1688.819946
79.279594 -0.029669 1.406479 0.000198 0.024924 -3.090543 1689.030029
79.071114 -0.042479 1.416871 0.002039 0.018749 -3.089104 1689.239990
78.865234 -0.054234 1.431217 0.002569 0.006166 -3.088558 1689.449951
78.665886 -0.064528 1.449156 0.002376 0.015371 -3.088657 1689.660034
78.460335 -0.074078 1.471325 0.001852 0.025376 -3.089328 1689.880005
78.253647 -0.082890 1.496127 0.001049 0.030670 -3.090433 1690.099976
78.053108 -0.091077 1.521468 0.000511 0.025246 -3.091784 1690.310059
77.852203 -0.099145 1.545957 0.000424 0.008219 -3.093831 1690.520020
77.647369 -0.107166 1.564750 0.001456 0.018811 -3.096900 1690.739990
77.444427 -0.114507 1.571383 0.002383 0.030038 -3.100528 1690.959961
77.238701 -0.120978 1.564684 0.002307 0.029870 -3.104373 1691.180054
77.039223 -0.126370 1.547044 0.001700 0.031838 -3.107935 1691.390015
76.837082 -0.131221 1.521266 0.000918 0.014733 -3.111223 1691.599976
76.637733 -0.135661 1.490071 0.000366 0.013922 -3.114064 1691.810059
76.432610 -0.140093 1.453750 0.000055 0.024813 -3.116462 1692.030029
76.227028 -0.144539 1.416070 -0.000133 0.026160 -3.117307 1692.250000
76.029366 -0.148977 1.383406 -0.002011 0.024913 -3.116032 1692.459961
75.830467 -0.154340 1.359891 -0.003995 0.029582 -3.113213 1692.670044
75.629036 -0.161458 1.347769 -0.004081 0.020424 -3.109516 1692.880005
75.428703 -0.170123 1.344922 -0.000786 0.010994 -3.106055 1693.089966
75.223396 -0.179320 1.348253 0.002386 0.023870 -3.103732 1693.310059
75.017769 -0.187415 1.355013 0.003731 0.030585 -3.103144 1693.530029
74.808655 -0.193954 1.362733 0.003655 0.031609 -3.103978 1693.750000
74.605728 -0.198829 1.369494 0.002703 0.019009 -3.105752 1693.959961
74.404198 -0.202637 1.374712 0.001567 0.013164 -3.108085 1694.170044
74.197021 -0.205932 1.378389 0.000751 0.023333 -3.110830 1694.390015
73.989731 -0.209025 1.380391 0.000272 0.029385 -3.113666 1694.609985
73.789154 -0.212064 1.381064 -0.000227 0.031726 -3.116329 1694.819946
73.585274 -0.215347 1.380914 -0.000114 0.026764 -3.119050 1695.030029
73.380547 -0.218680 1.380281 0.002105 0.014724 -3.122483 1695.239990
73.178879 -0.221089 1.380035 0.004697 0.018940 -3.126922 1695.449951
72.969559 -0.221544 1.380657 0.005458 0.024105 -3.132729 1695.670044
72.769318 -0.219728 1.382349 0.004858 0.030041 -3.138894 1695.880005
72.566284 -0.216000 1.385054 0.003528 0.032192 3.138022 1696.089966
72.359932 -0.210922 1.388486 0.001990 0.026190 3.132044 1696.300049
72.152100 -0.205128 1.392441 0.000760 0.027234 3.126685 1696.510010
71.943939 -0.199130 1.396575 -0.000076 0.009359 3.122128 1696.719971
71.740936 -0.193345 1.400606 -0.000370 0.012595 3.118617 1696.930054
71.533409 -0.187627 1.404478 -0.000648 0.017935 3.116149 1697.150024
71.327988 -0.182289 1.407096 -0.001066 0.024982 3.114793 1697.369995
71.121689 -0.177399 1.407923 -0.001168 0.028360 3.114476 1697.589966
70.912613 -0.172922 1.406924 -0.000916 0.032355 3.115882 1697.810059
70.709198 -0.168904 1.404449 -0.000706 0.028011 3.119509 1698.020020
70.504654 -0.165226 1.400897 -0.002730 0.012614 3.125215 1698.229980
70.303955 -0.162777 1.396871 -0.005066 0.017142 3.132194 1698.439941
70.096458 -0.162504 1.392781 -0.005529 0.013167 3.140176 1698.660034
69.892952 -0.164739 1.388917 -0.004511 0.014266 -3.135084 1698.880005
69.692749 -0.168985 1.385301 -0.003029 0.027561 -3.127781 1699.099976
69.490410 -0.174597 1.381810 -0.000760 0.030988 -3.122218 1699.319946
69.284622 -0.179853 1.372166 0.016452 0.025064 -3.120304 1699.540039
69.077667 -0.177914 1.346927 0.031645 0.020603 -3.123740 1699.760010
68.881783 -0.163812 1.306597 0.030377 0.000414 -3.132846 1699.969971
68.685280 -0.136675 1.248856 0.024750 0.004019 3.136226 1700.189941
68.496788 -0.099877 1.177741 0.017261 0.009510 3.116970 1700.410034
68.314072 -0.057090 1.098850 0.009119 0.008429 3.093171 1700.630005
68.136612 -0.012019 1.014496 0.004315 0.021876 3.065757 1700.849976
67.958427 0.033603 0.926508 0.002195 0.033378 3.035724 1701.069946
67.774750 0.079490 0.836905 0.000838 0.033840 3.005442 1701.290039
67.594063 0.123394 0.752129 -0.000624 0.019977 2.978240 1701.500000
67.413506 0.166315 0.670633 -0.001625 0.009140 2.955023 1701.709961
67.228737 0.209074 0.594282 -0.005390 0.020393 2.936794 1701.930054
67.034882 0.250891 0.533119 -0.009065 0.035173 2.925162 1702.160034
66.842087 0.288141 0.494885 -0.009703 0.039328 2.920997 1702.380005
66.640007 0.323094 0.474535 -0.008224 0.038811 2.922306 1702.599976
66.439857 0.354854 0.467982 -0.005452 0.020542 2.927531 1702.810059
66.239632 0.384404 0.469943 -0.013179 0.013882 2.936432 1703.020020
66.032471 0.408951 0.477215 -0.028124 0.019757 2.950261 1703.239990
65.824966 0.421538 0.486665 -0.030150 0.010049 2.969285 1703.459961
65.620384 0.420850 0.495731 -0.024869 0.009171 2.992146 1703.680054
65.419762 0.409555 0.503098 -0.019123 0.024552 3.018226 1703.900024
65.217384 0.391416 0.508446 -0.013301 0.033781 3.047612 1704.119995
65.009651 0.369511 0.511790 -0.007421 0.032469 3.079687 1704.339966
64.807777 0.347270 0.513376 -0.001902 0.015700 3.111740 1704.550049
64.608200 0.325456 0.513591 0.001185 0.015621 -3.140051 1704.760010
64.402184 0.304166 0.512923 0.001910 0.020780 -3.109622 1704.979980
64.198112 0.284572 0.511883 0.001742 0.012143 -3.083511 1705.199951
63.997902 0.266372 0.510693 0.000970 0.020347 -3.063516 1705.420044
63.790344 0.248232 0.509639 0.002825 0.017595 -3.049757 1705.650024
63.583958 0.231585 0.509005 0.005182 0.030884 -3.042444 1705.880005
63.382576 0.217465 0.508828 0.005888 0.035866 -3.040505 1706.099976
63.174957 0.205075 0.508897 0.005068 0.034884 -3.042407 1706.319946
62.971573 0.194526 0.509104 0.003424 0.023924 -3.046825 1706.530029
62.767838 0.184961 0.509180 0.001614 0.012317 -3.052867 1706.739990
62.558640 0.175630 0.509138 0.000578 0.019429 -3.060105 1706.959961
62.351192 0.166347 0.509017 0.000286 0.027034 -3.067684 1707.180054
62.142017 0.156766 0.508984 0.000139 0.031835 -3.075239 1707.400024
61.938751 0.147239 0.509020 0.000193 0.031671 -3.082155 1707.609985
61.732033 0.137480 0.509101 0.000674 0.030294 -3.088472 1707.819946
61.522667 0.127795 0.509138 0.000920 0.026426 -3.093948 1708.030029
61.322220 0.118857 0.509177 0.000832 0.025022 -3.098276 1708.229980
61.121368 0.110230 0.509145 0.000641 0.025080 -3.101698 1708.430054
60.920341 0.101867 0.509057 0.000398 0.023094 -3.104234 1708.630005
60.719837 0.093716 0.509009 0.000166 0.024011 -3.105946 1708.829956
60.519436 0.085680 0.509030 -0.000033 0.024624 -3.106890 1709.030029
60.318962 0.077683 0.508983 -0.000088 0.022675 -3.106562 1709.229980
60.119076 0.069720 0.508985 0.000026 0.023692 -3.104121 1709.430054
59.909355 0.061344 0.509004 -0.001787 0.026034 -3.098951 1709.640015
59.709064 0.052568 0.508983 -0.005617 0.023675 -3.092189 1709.839966
59.509018 0.041670 0.508952 -0.007258 0.017589 -3.084369 1710.040039
59.302704 0.027513 0.508834 -0.006369 0.002692 -3.075702 1710.250000
59.095001 0.010414 0.508721 -0.004598 0.017597 -3.067060 1710.469971
58.890274 -0.008527 0.508729 -0.002803 0.028146 -3.059143 1710.689941
58.683552 -0.028843 0.508843 -0.001228 0.030331 -3.052283 1710.910034
58.483265 -0.048968 0.509038 -0.000123 0.022748 -3.046897 1711.119995
58.283318 -0.069072 0.509109 0.000499 0.012311 -3.042525 1711.329956
58.077946 -0.089492 0.509030 0.000899 0.022349 -3.038657 1711.550049
57.872890 -0.109541 0.508991 0.000330 0.029772 -3.035296 1711.770020
57.664742 -0.129884 0.509035 -0.000887 0.032616 -3.032482 1711.989990
57.462330 -0.150180 0.509305 -0.001423 0.020209 -3.030313 1712.199951
57.260986 -0.171053 0.509470 -0.001388 0.013096 -3.028676 1712.410034
57.054203 -0.193168 0.509474 -0.000962 0.021036 -3.027526 1712.630005
56.848240 -0.215715 0.509420 -0.000449 0.028721 -3.026875 1712.849976
56.649410 -0.237754 0.509466 -0.000082 0.031876 -3.026642 1713.060059
56.447350 -0.260250 0.509577 0.000152 0.019008 -3.026847 1713.270020
56.246761 -0.282557 0.509508 0.000075 0.012501 -3.028601 1713.479980
56.041573 -0.305191 0.509273 0.004998 0.012434 -3.033407 1713.699951
55.840309 -0.324871 0.508981 0.014483 0.022037 -3.042207 1713.920044
55.638504 -0.338129 0.508806 0.017938 0.031941 -3.055477 1714.140015
55.431927 -0.343862 0.508763 0.016048 0.033417 -3.072182 1714.359985
55.229794 -0.343208 0.508828 0.011477 0.030710 -3.089748 1714.569946
55.024105 -0.338428 0.508948 0.006682 0.031717 -3.107479 1714.780029
54.815269 -0.331478 0.509032 0.002762 0.026883 -3.124342 1714.989990
54.605736 -0.323866 0.509030 -0.000114 0.009656 -3.139297 1715.199951
54.401745 -0.316774 0.508738 -0.005380 0.005657 3.132616 1715.410034
54.195427 -0.312235 0.508427 -0.012727 0.018200 3.126425 1715.630005
53.991482 -0.313484 0.508362 -0.014632 0.017171 3.127135 1715.849976
53.789871 -0.321172 0.508365 -0.012265 0.016758 3.133560 1716.069946
53.581280 -0.334732 0.508461 -0.008706 0.026815 -3.138724 1716.300049
53.380859 -0.351172 0.508626 -0.004852 0.015780 -3.125048 1716.520020
53.173447 -0.370001 0.508728 -0.001325 0.025582 -3.107351 1716.750000
52.965405 -0.389052 0.508889 -0.002244 0.020100 -3.086290 1716.979980
52.757351 -0.409068 0.509086 -0.008132 0.028618 -3.063474 1717.209961
52.555859 -0.431902 0.509332 -0.010324 0.034474 -3.041397 1717.430054
52.349461 -0.459785 0.509568 -0.009269 0.036377 -3.020417 1717.650024
52.147419 -0.490861 0.509716 -0.006521 0.029872 -3.002384 1717.859985
51.943825 -0.524766 0.509659 -0.003438 0.012100 -2.986921 1718.069946
51.744568 -0.559376 0.509447 -0.001110 0.015274 -2.974473 1718.280029
51.539204 -0.595544 0.509214 0.000497 0.025395 -2.964845 1718.500000
51.332958 -0.631699 0.509130 0.001209 0.029354 -2.960020 1718.719971
51.134151 -0.665872 0.509067 0.011250 0.017426 -2.960906 1718.930054
50.926941 -0.695772 0.508989 0.034232 0.016951 -2.968092 1719.150024
50.720181 -0.710505 0.508968 0.041051 0.010990 -2.982229 1719.369995
50.515804 -0.706998 0.508844 0.035613 0.009202 -3.002062 1719.589966
50.315002 -0.688092 0.508749 0.027468 0.021039 -3.026527 1719.810059
50.113503 -0.658617 0.508776 0.018483 0.028498 -3.055462 1720.030029
49.908386 -0.623185 0.508812 0.010593 0.033203 -3.087926 1720.250000
49.708298 -0.587152 0.508920 0.003481 0.020751 -3.121115 1720.459961
49.508884 -0.551532 0.508904 -0.001168 0.011938 3.130115 1720.670044
49.304714 -0.516760 0.508774 -0.013938 0.014245 3.101506 1720.890015
49.103687 -0.490426 0.508641 -0.038702 0.023097 3.080479 1721.109985
48.901543 -0.481972 0.508591 -0.047172 0.026555 3.069104 1721.329956
48.695950 -0.494382 0.508606 -0.042183 0.027628 3.067805 1721.550049
48.496292 -0.522822 0.508658 -0.030738 0.024079 3.075687 1721.760010
48.296349 -0.562027 0.508701 -0.015711 0.007543 3.091558 1721.969971
48.092358 -0.608102 0.508657 -0.006358 0.017151 3.114789 1722.189941
47.890747 -0.654795 0.508674 -0.002671 0.028211 -3.139548 1722.410034
47.686649 -0.700484 0.508843 -0.001748 0.032480 -3.109406 1722.630005
47.487644 -0.743140 0.509118 0.000122 0.027516 -3.083399 1722.839966
47.287380 -0.783178 0.509280 0.027524 0.007981 -3.062720 1723.050049
47.082535 -0.810883 0.509300 0.056229 0.011372 -3.048561 1723.270020
46.881153 -0.812770 0.509275 0.057557 0.004142 -3.044189 1723.489990
46.675873 -0.786937 0.509000 0.046680 0.008785 -3.048404 1723.719971
46.474625 -0.739500 0.508688 0.032073 0.016981 -3.061505 1723.949951
46.274845 -0.679145 0.508549 0.016707 0.016956 -3.082813 1724.180054
46.076275 -0.613816 0.508577 0.008712 0.028858 -3.110525 1724.410034
45.882771 -0.550664 0.508730 0.005277 0.034878 -3.140934 1724.630005
45.683365 -0.488300 0.509137 -0.001051 0.027358 3.112602 1724.849976
45.490376 -0.432597 0.512866 -0.024422 0.021177 3.088457 1725.060059
45.287640 -0.387571 0.524064 -0.039402 0.024846 3.070137 1725.280029
45.083813 -0.361970 0.543306 -0.037254 0.009814 3.061014 1725.500000
44.883377 -0.354501 0.569759 -0.028347 0.016651 3.059685 1725.719971
44.684299 -0.360037 0.602542 -0.018357 0.027359 3.066484 1725.939941
44.482246 -0.373016 0.640160 -0.009991 0.032860 3.079697 1726.160034
44.284843 -0.388391 0.678693 -0.003668 0.027319 3.096038 1726.369995
44.086021 -0.404101 0.717451 0.001114 0.012051 3.114101 1726.579956
43.881470 -0.419148 0.757866 0.002988 0.021014 3.133290 1726.800049
43.677856 -0.432056 0.797996 0.002600 0.027644 -3.132011 1727.020020
43.481148 -0.442769 0.836133 0.002805 0.031051 -3.118470 1727.229980
43.281162 -0.451463 0.875300 0.016427 0.026052 -3.110238 1727.439941
43.079685 -0.453214 0.917334 0.027769 0.021139 -3.108607 1727.650024
42.879230 -0.443751 0.962273 0.027016 0.004907 -3.114109 1727.859985
42.685299 -0.423422 1.009349 0.021711 0.005990 -3.125535 1728.069946
42.488865 -0.393339 1.061372 0.015454 0.015687 3.139502 1728.290039
42.296219 -0.357626 1.114692 0.008356 0.009229 3.116020 1728.510010
42.099678 -0.317827 1.171726 0.003850 0.025181 3.088259 1728.739990
41.911125 -0.279292 1.226394 0.000149 0.011704 3.060358 1728.959961
41.717602 -0.240870 1.278048 -0.009803 0.012820 3.033568 1729.189941
41.518120 -0.207105 1.321103 -0.017245 0.037618 3.011884 1729.430054
41.318199 -0.182486 1.350854 -0.017520 0.045397 2.999546 1729.660034
41.115475 -0.165208 1.369734 -0.013852 0.039383 2.995577 1729.880005
40.913803 -0.152903 1.381031 -0.009230 0.037358 2.997995 1730.089966
40.706039 -0.142827 1.387881 -0.005058 0.031701 3.005071 1730.300049
40.505001 -0.134010 1.391935 -0.002057 0.026818 3.014727 1730.500000
40.303116 -0.125127 1.395070 -0.000192 0.023442 3.026061 1730.699951
40.101444 -0.115705 1.398273 0.000565 0.024037 3.038090 1730.900024
39.899979 -0.105569 1.402061 0.000738 0.022731 3.050440 1731.099976
39.699818 -0.094916 1.406466 -0.001095 0.007263 3.063544 1731.300049
39.495808 -0.084607 1.411419 -0.007340 0.010727 3.078396 1731.510010
39.287498 -0.077262 1.416871 -0.010965 0.022929 3.095394 1731.729980
39.079269 -0.074764 1.422533 -0.010867 0.027907 3.113243 1731.949951
38.878391 -0.076784 1.427982 -0.008447 0.030065 3.129829 1732.160034
38.674721 -0.082105 1.433393 -0.005237 0.027893 -3.138426 1732.369995
38.469757 -0.089380 1.438223 -0.001524 0.018751 -3.126207 1732.579956
38.266422 -0.097094 1.441930 0.001563 0.022896 -3.116908 1732.790039
38.063515 -0.104065 1.444165 0.003020 0.015481 -3.110393 1733.000000
37.863564 -0.109680 1.444876 0.003071 0.011192 -3.106361 1733.209961
37.658634 -0.114110 1.444228 0.002627 0.024394 -3.104371 1733.430054
37.453178 -0.117513 1.442515 0.002065 0.031754 -3.104297 1733.650024
37.243862 -0.120328 1.440336 0.001342 0.032160 -3.105667 1733.869995
37.040817 -0.122775 1.438316 0.000548 0.013900 -3.107909 1734.079956
36.840809 -0.125094 1.436215 0.000016 0.013448 -3.110683 1734.290039
36.635162 -0.127577 1.433988 -0.000051 0.024796 -3.113865 1734.510010
36.428749 -0.130264 1.431878 0.000024 0.028831 -3.117062 1734.729980
36.219395 -0.133134 1.429911 0.000038 0.033215 -3.120061 1734.949951
36.016209 -0.136013 1.428243 -0.000020 0.016279 -3.122600 1735.160034
35.815266 -0.138906 1.426530 -0.000006 0.014440 -3.124741 1735.369995
35.608253 -0.141903 1.424849 0.000050 0.025670 -3.126530 1735.589966
35.400188 -0.144901 1.423263 0.000045 0.030915 -3.127854 1735.810059
35.198490 -0.147777 1.421753 -0.000005 0.029326 -3.128675 1736.020020
34.995163 -0.150660 1.420414 -0.000035 0.013364 -3.129473 1736.229980
34.786507 -0.153611 1.418814 0.000700 0.003018 -3.131561 1736.449951
34.586121 -0.156031 1.416944 0.003159 0.013228 -3.134874 1736.670044
34.380718 -0.156950 1.415184 0.004422 0.024095 -3.139239 1736.900024
34.175259 -0.155691 1.413756 0.003899 0.020051 3.139078 1737.130005
33.969971 -0.152525 1.412423 0.002705 0.031843 3.134294 1737.359985
33.769245 -0.148260 1.411177 0.001493 0.036371 3.130026 1737.579956
33.562122 -0.143321 1.409940 0.000469 0.037897 3.126284 1737.800049
33.358418 -0.138382 1.408824 -0.000194 0.021579 3.123317 1738.010010
33.155014 -0.133578 1.407486 -0.000435 0.012869 3.120989 1738.219971
32.945858 -0.128846 1.405908 -0.000413 0.024014 3.119198 1738.439941
32.736576 -0.124303 1.404123 -0.000360 0.027989 3.117917 1738.660034
32.534798 -0.120056 1.402494 -0.000276 0.026589 3.116907 1738.869995
32.331852 -0.115842 1.402402 0.000263 0.020779 3.116015 1739.079956
32.129692 -0.111492 1.405990 0.000744 0.023238 3.115257 1739.290039
31.927420 -0.106785 1.414247 0.000874 0.026919 3.114642 1739.500000
31.723568 -0.101635 1.427087 0.000750 0.029152 3.114175 1739.709961
31.517513 -0.096087 1.443512 0.000511 0.019891 3.113844 1739.920044
31.313112 -0.090358 1.461969 0.000301 0.008957 3.113649 1740.130005
31.114161 -0.084651 1.481717 0.000165 0.016429 3.113569 1740.339966
30.908619 -0.078685 1.503239 0.000056 0.024869 3.113570 1740.560059
30.702032 -0.072674 1.525245 -0.000053 0.032102 3.113636 1740.780029
30.501045 -0.066863 1.546388 -0.000125 0.032947 3.113844 1740.989990
30.296118 -0.061005 1.567298 -0.000085 0.030551 3.114864 1741.199951
30.088480 -0.055164 1.586108 -0.001116 0.027343 3.117140 1741.410034
29.879442 -0.049818 1.598274 -0.003000 0.027286 3.120342 1741.619995
29.669601 -0.045690 1.601463 -0.003559 0.014103 3.124129 1741.829956
29.463800 -0.043088 1.595756 -0.003011 0.004890 3.128084 1742.040039
29.255810 -0.041776 1.581473 -0.002065 0.016816 3.132035 1742.260010
29.051952 -0.041411 1.561321 -0.001110 0.008273 3.135669 1742.479980
28.844574 -0.041565 1.536293 -0.000349 0.020281 3.138903 1742.709961
28.638254 -0.041874 1.509087 0.000139 0.030305 -3.141577 1742.939941
28.436945 -0.042096 1.482499 0.000490 0.035463 -3.138430 1743.160034
28.229879 -0.042156 1.456402 -0.000291 0.031007 -3.133696 1743.380005
28.028444 -0.042542 1.434517 -0.003658 0.028299 -3.127949 1743.589966
27.824947 -0.044564 1.417358 -0.005521 0.025989 -3.121584 1743.800049
27.620213 -0.049000 1.405234 -0.005482 0.028949 -3.115165 1744.010010
27.413427 -0.055840 1.397708 -0.004321 0.029377 -3.109059 1744.219971
27.205111 -0.064543 1.393711 -0.002663 0.009860 -3.103499 1744.430054
27.001678 -0.074157 1.392114 -0.001175 0.010499 -3.098804 1744.640015
26.794249 -0.084482 1.391866 -0.000049 0.021240 -3.094862 1744.859985
26.587551 -0.094785 1.392381 0.000572 0.030544 -3.091916 1745.079956
26.387194 -0.104539 1.392877 0.000762 0.031238 -3.089985 1745.290039
26.183485 -0.114182 1.392879 0.000642 0.031096 -3.089259 1745.500000
25.976906 -0.123734 1.392445 0.001703 0.025104 -3.090913 1745.709961
25.769449 -0.132533 1.392521 0.005716 0.024168 -3.095015 1745.920044
25.561850 -0.139043 1.393734 0.007591 0.020093 -3.101325 1746.130005
25.356337 -0.142442 1.396162 0.006822 0.007167 -3.109217 1746.339966
25.147360 -0.142906 1.400037 0.005147 0.018143 -3.118050 1746.560059
24.940878 -0.141141 1.405226 0.003411 0.026794 -3.126907 1746.780029
24.732841 -0.138057 1.411474 0.001727 0.029678 -3.135215 1747.000000
24.531557 -0.134574 1.418146 0.000380 0.022765 3.140957 1747.209961
24.330748 -0.131088 1.424944 -0.000416 0.011179 3.135911 1747.420044
24.124989 -0.127737 1.431939 -0.000822 0.015209 3.134353 1747.640015
23.922657 -0.125073 1.439663 -0.004863 0.019560 3.136496 1747.859985
23.721428 -0.124695 1.449389 -0.007626 0.027116 3.141413 1748.079956
23.519148 -0.127753 1.461215 -0.007228 0.015024 -3.134864 1748.300049
23.319151 -0.134023 1.474940 -0.005406 0.022924 -3.127152 1748.520020
23.118858 -0.142645 1.490492 -0.003442 0.031533 -3.119243 1748.739990
22.914465 -0.152756 1.507377 -0.001697 0.033635 -3.111649 1748.959961
22.714680 -0.163119 1.524240 -0.000474 0.028687 -3.105107 1749.170044
22.513325 -0.173589 1.541014 0.000416 0.011953 -3.100062 1749.380005
22.306358 -0.184126 1.558320 0.001334 0.014550 -3.098108 1749.599976
22.103287 -0.193540 1.573582 0.007467 0.016576 -3.100105 1749.819946
21.902271 -0.199478 1.585598 0.011663 0.030326 -3.106013 1750.040039
21.697889 -0.200378 1.594155 0.011727 0.033931 -3.115333 1750.260010
21.488365 -0.196345 1.599392 0.009067 0.033542 -3.126631 1750.479980
21.283834 -0.189004 1.602107 0.005771 0.032737 -3.137849 1750.689941
21.075560 -0.179631 1.603158 0.002868 0.028388 3.135381 1750.900024
20.875664 -0.169917 1.602906 0.000074 0.023171 3.128211 1751.099976
20.665976 -0.160113 1.600404 -0.003948 0.022751 3.123193 1751.310059
20.456879 -0.152188 1.594911 -0.005940 0.019883 3.120474 1751.520020
20.250404 -0.146899 1.586568 -0.005562 0.003577 3.119741 1751.729980
20.041994 -0.144029 1.575049 -0.004098 0.014447 3.120400 1751.949951
19.837795 -0.143059 1.561501 -0.002643 0.025242 3.122226 1752.170044
19.632420 -0.143146 1.546712 -0.001473 0.032793 3.124828 1752.390015
19.432449 -0.143645 1.531960 -0.000586 0.026890 3.127711 1752.599976
19.231281 -0.144218 1.517121 0.000096 0.013709 3.130711 1752.810059
19.024002 -0.144678 1.501670 0.000438 0.022155 3.133754 1753.030029
18.817286 -0.144849 1.486420 0.000439 0.029482 3.136431 1753.250000
18.617355 -0.144754 1.472149 0.000317 0.030299 3.138225 1753.459961
18.414328 -0.144459 1.458821 0.000811 0.030477 3.139150 1753.670044
18.208256 -0.143803 1.447270 0.001377 0.031211 3.139341 1753.880005
17.999207 -0.142582 1.437774 0.001459 0.028059 3.138778 1754.089966
17.798674 -0.140877 1.430627 0.001351 0.015617 3.137162 1754.290039
17.591427 -0.138546 1.425422 0.002060 0.009992 3.134508 1754.500000
17.389776 -0.135433 1.422781 0.002552 0.016500 3.131245 1754.709961
17.182646 -0.131139 1.422498 0.002305 0.007383 3.127479 1754.930054
16.981447 -0.125937 1.424113 0.001722 0.019571 3.123761 1755.150024
16.772684 -0.119764 1.427317 0.001046 0.030819 3.120123 1755.380005
16.569124 -0.113358 1.431224 0.000414 0.036726 3.117056 1755.599976
16.368971 -0.106980 1.435242 -0.000062 0.034814 3.114608 1755.810059
16.164036 -0.100540 1.439203 -0.000324 0.031527 3.112673 1756.020020
15.955770 -0.094160 1.442927 -0.000386 0.029703 3.111247 1756.229980
15.755219 -0.088169 1.446188 -0.000332 0.026928 3.110331 1756.430054
15.553522 -0.082255 1.449195 -0.000232 0.026384 3.109797 1756.630005
15.351289 -0.076390 1.451917 -0.000120 0.018144 3.109589 1756.829956
15.142966 -0.070415 1.454962 -0.001153 -0.010658 3.109908 1757.040039
14.938357 -0.065138 1.460541 -0.003305 0.005424 3.111411 1757.260010
14.733398 -0.061432 1.470758 -0.003941 0.012344 3.114761 1757.489990
14.532847 -0.059720 1.485510 -0.003479 0.018808 3.119526 1757.719971
14.333245 -0.059645 1.504398 -0.002561 0.029651 3.124989 1757.949951
14.130486 -0.060637 1.526039 -0.001450 0.022801 3.130643 1758.180054
13.926112 -0.062187 1.549502 -0.000564 0.029706 3.135991 1758.410034
13.727296 -0.063802 1.572756 -0.000019 0.020754 3.140677 1758.630005
13.528265 -0.065335 1.595886 0.000443 0.020240 -3.137379 1758.849976
13.321028 -0.066719 1.619130 -0.000575 0.024337 -3.130692 1759.079956
13.121358 -0.068455 1.637645 -0.003791 0.031637 -3.123483 1759.300049
12.917712 -0.072017 1.651044 -0.005084 0.025657 -3.116077 1759.520020
12.712884 -0.077943 1.659123 -0.004461 0.017263 -3.109022 1759.739990
12.509858 -0.085873 1.662623 -0.003109 0.027588 -3.102795 1759.959961
12.304804 -0.095311 1.662872 -0.001696 0.031549 -3.097514 1760.180054
12.095802 -0.105696 1.660982 -0.000552 0.031868 -3.093298 1760.400024
11.892869 -0.116018 1.658293 0.000155 0.018920 -3.090279 1760.609985
11.691303 -0.126217 1.655264 0.000496 0.013783 -3.088188 1760.819946
11.484254 -0.136492 1.652262 0.000658 0.018792 -3.086889 1761.040039
11.280746 -0.146302 1.649720 0.002106 -0.001467 -3.086650 1761.260010
11.077636 -0.154889 1.647323 0.006462 0.013512 -3.088650 1761.489990
10.869731 -0.160382 1.645101 0.008270 0.031820 -3.094349 1761.729980
10.665112 -0.161945 1.643221 0.007636 0.041124 -3.102728 1761.959961
10.460512 -0.160536 1.641475 0.005478 0.039861 -3.112209 1762.180054
10.257752 -0.157394 1.639705 0.003084 0.034922 -3.121640 1762.390015
10.050124 -0.153383 1.637712 0.001185 0.031105 -3.130758 1762.599976
9.849489 -0.149383 1.635692 0.000056 0.029325 -3.138905 1762.800049
9.647595 -0.145559 1.633197 -0.000237 0.012980 3.136552 1763.000000
9.439842 -0.141769 1.628749 0.000523 0.011373 3.129137 1763.209961
9.237276 -0.137890 1.621604 0.001119 0.018965 3.122689 1763.420044
9.036656 -0.133596 1.611627 0.001217 0.026467 3.117358 1763.630005
8.834839 -0.128748 1.599066 0.000898 0.029303 3.113190 1763.839966
8.631366 -0.123437 1.584766 0.000495 0.011803 3.110158 1764.050049
8.431875 -0.117989 1.569316 0.000239 0.013052 3.108200 1764.260010
8.227092 -0.112250 1.552453 -0.000027 0.024552 3.107130 1764.479980
8.021574 -0.106432 1.535278 -0.000300 0.031609 3.106882 1764.699951
7.821798 -0.100814 1.518927 -0.000447 0.032000 3.107249 1764.910034
7.618092 -0.095185 1.502695 -0.000451 0.032113 3.108205 1765.119995
7.411444 -0.089602 1.487443 -0.000800 0.021317 3.109808 1765.329956
7.205436 -0.084330 1.475149 -0.001099 0.021078 3.111782 1765.540039
7.000761 -0.079511 1.466429 -0.000916 0.012633 3.114003 1765.750000
6.800339 -0.075155 1.461250 -0.000681 0.009985 3.116269 1765.959961
6.595747 -0.071001 1.459130 -0.000420 0.021585 3.118518 1766.180054
6.392959 -0.067054 1.459585 -0.000193 0.012977 3.120539 1766.400024
6.184518 -0.063084 1.461609 -0.000033 0.022870 3.122319 1766.630005
5.975818 -0.059127 1.464514 -0.000075 0.025186 3.123901 1766.859985
5.775076 -0.055561 1.467738 -0.004076 0.019891 3.126262 1767.079956
5.574607 -0.053885 1.471429 -0.007819 0.031310 3.130661 1767.300049
5.371143 -0.055629 1.475488 -0.007936 0.018456 3.137679 1767.520020
5.168655 -0.060854 1.479577 -0.006206 0.020699 -3.137069 1767.739990
4.966734 -0.068731 1.483900 -0.004059 0.022408 -3.128044 1767.959961
4.765205 -0.078216 1.488306 -0.001948 0.015346 -3.119105 1768.180054
4.557036 -0.088795 1.492841 -0.000497 0.027241 -3.110540 1768.410034
4.355579 -0.099058 1.497241 0.000108 0.035286 -3.104060 1768.630005
4.148337 -0.109364 1.501790 0.000312 0.035671 -3.101187 1768.849976
3.945596 -0.119085 1.503843 0.004452 0.020949 -3.102978 1769.060059
3.743683 -0.126611 1.493149 0.015415 0.011248 -3.109844 1769.270020
3.537127 -0.127822 1.460628 0.020501 0.005776 -3.122879 1769.489990
3.338661 -0.120283 1.407315 0.017869 -0.004671 -3.140751 1769.709961
3.151149 -0.105292 1.334530 0.013374 0.010054 3.122158 1769.930054
2.969645 -0.085062 1.247684 0.008027 0.006576 3.100473 1770.150024
2.793976 -0.062070 1.152580 0.003528 0.013791 3.079323 1770.369995
2.621074 -0.038184 1.052542 0.000590 0.021513 3.059871 1770.589966
2.447830 -0.014457 0.952165 -0.001205 0.017152 3.042118 1770.810059
2.274962 0.008375 0.852463 -0.002249 0.025086 3.024821 1771.030029
2.100041 0.030525 0.757447 0.004492 0.024714 3.007108 1771.250000
1.913921 0.056911 0.672501 0.018159 0.039570 2.987279 1771.479980
1.719809 0.093791 0.606741 0.021505 0.032675 2.965115 1771.709961
1.529636 0.140153 0.561363 0.018223 0.027224 2.942681 1771.930054
1.337986 0.195156 0.529948 0.013019 0.030949 2.919752 1772.150024
1.146183 0.255736 0.509160 0.005542 -0.027609 2.896527 1772.369995
0.951422 0.321534 0.496000 -0.001852 -0.097643 2.871688 1772.630005
0.763928 0.391268 0.492206 -0.001202 -0.060622 2.829157 1773.250000
