43.736000 0.205800 0.000000 0.240000
69.639999 0.205800 0.000000 0.490000
99.375999 0.205800 0.000000 0.490000
100.328003 0.205800 0.000000 1.240000
100.480003 0.205800 0.000000 1.480000
100.704002 0.205800 0.000000 1.480000
100.872002 0.205800 0.000000 2.240000
100.959999 0.205800 0.000000 2.490000
118.624001 0.205800 0.000000 2.490000
118.720001 0.205800 0.000000 3.240000
118.896004 0.205800 0.000000 3.490000
154.240005 0.205800 0.000000 3.490000
154.272003 0.205800 0.000000 4.240000
171.175995 0.205800 0.000000 4.490000
198.600006 0.205800 0.000000 4.500000
210.895996 0.205800 0.000000 5.240000
223.720001 0.205800 0.000000 5.490000
233.240005 0.205800 0.000000 5.500000
266.951996 1.023851 0.000000 6.250000
273.791992 1.230793 0.000000 6.500000
278.295990 1.230793 0.000000 6.500000
294.056000 2.066217 0.000000 7.240000
297.119995 2.275209 0.000000 7.490000
307.112000 2.275209 0.000000 7.490000
311.855988 2.478724 0.000000 8.260000
315.312012 2.679763 0.000000 8.500000
324.768005 2.679763 0.000000 8.500000
326.816010 3.506245 0.000000 9.250000
331.112000 3.913538 0.000000 9.500000
338.791992 3.913538 0.000000 9.500000
340.112000 4.315515 0.000000 10.250000
345.223999 4.724955 0.000000 10.500000
351.088013 4.724955 0.000000 10.500000
352.687988 5.131188 173.634918 11.250000
357.160004 5.131188 173.634918 11.490000
363.480011 5.131188 173.634918 11.490000
364.936005 5.535539 173.634918 12.250000
369.592010 5.736902 173.634918 12.490000
374.063995 5.736902 173.634918 12.490000
375.088013 6.561990 173.634918 13.250000
378.687988 6.762242 173.634918 13.490000
383.312012 6.762242 173.634918 13.490000
384.528015 7.383943 173.634918 14.250000
387.992004 7.587865 173.634918 14.490000
391.832001 7.791613 173.634918 14.500000
393.104004 8.197259 173.634918 15.250000
397.167999 8.197259 173.634918 15.490000
405.696014 8.197259 173.634918 15.490000
406.727997 8.398329 173.634918 16.250000
409.600006 8.602700 173.634918 16.500000
412.040009 8.602700 173.634918 16.510000
412.832001 9.422585 173.634918 17.240000
415.208008 9.630159 173.634918 17.500000
416.959991 9.630159 173.634918 17.500000
417.824005 10.254403 173.634918 18.230000
420.303986 10.669645 173.634918 18.500000
421.584015 10.669645 173.634918 18.500000
422.272003 11.273440 173.634918 19.240000
424.880005 11.478254 173.634918 19.500000
426.167999 11.478254 173.634918 19.510000
426.824005 12.293749 173.634918 20.250000
430.152008 12.494907 173.634918 20.500000
431.208008 12.494907 173.634918 20.500000
431.671997 13.100920 173.634918 21.250000
435.559998 13.308591 173.634918 21.500000
436.623993 13.308591 173.634918 21.520000
437.152008 14.133779 173.634918 22.250000
442.343994 14.340020 173.634918 22.500000
443.104004 14.340020 173.634918 22.500000
443.519989 14.957752 173.634918 23.250000
453.424011 15.167003 173.634918 23.490000
453.880005 15.167003 173.634918 23.490000
454.391998 15.988892 173.634918 24.250000
459.888000 16.194874 173.634918 24.480000
460.135986 16.194874 173.634918 24.480000
461.247986 16.814709 173.634918 25.250000
463.847992 17.019335 173.634918 25.490000
464.112000 17.019335 173.634918 25.490000
465.167999 17.636633 173.634918 26.250000
468.032013 18.048180 173.634918 26.490000
468.440002 18.048180 173.634918 26.490000
469.559998 18.656073 173.634918 27.240000
472.279999 18.856894 173.634918 27.490000
472.488007 18.856894 173.634918 27.490000
473.144012 19.467379 173.634918 28.250000
475.335999 19.874863 173.634918 28.500000
475.712006 19.874863 173.634918 28.500000
476.488007 20.493811 173.634918 29.250000
478.679993 20.700994 173.634918 29.500000
478.936005 20.700994 173.634918 29.500000
479.992004 21.314369 173.634918 30.240000
480.175995 21.722120 173.634918 30.500000
481.895996 21.722120 173.634918 30.500000
482.575989 22.340042 173.634918 31.240000
484.536011 22.542425 173.634918 31.500000
484.808014 22.542425 173.634918 31.500000
485.135986 23.364120 173.634918 32.250000
487.600006 23.569443 173.634918 32.490002
487.816010 23.569443 173.634918 32.490002
488.272003 24.180025 173.634918 33.230000
488.519989 24.387531 173.634918 33.500000
490.328003 24.387531 173.634918 33.500000
490.584015 25.204020 173.634918 34.240002
490.895996 25.405863 173.634918 34.500000
492.488007 25.405863 173.634918 34.500000
492.847992 26.015564 173.634918 35.250000
494.511993 26.223185 173.634918 35.490002
494.760010 26.223185 173.634918 35.490002
495.112000 27.039909 173.634918 36.250000
496.631989 27.241316 173.634918 36.500000
496.959991 27.241316 173.634918 36.500000
497.351990 27.857327 173.634918 37.250000
498.615997 28.057919 173.634918 37.500000
498.880005 28.057919 173.634918 37.520000
499.264008 28.673256 100.918900 38.250000
500.623993 28.673256 100.918900 38.490002
500.847992 28.673256 100.918900 38.490002
501.272003 29.079096 100.918900 39.250000
501.480011 29.279459 100.918900 39.500000
502.903992 29.279459 100.918900 39.500000
503.216003 29.899103 100.918900 40.240002
504.519989 30.104443 100.918900 40.500000
504.768005 30.104443 100.918900 40.500000
505.112000 30.927839 100.918900 41.240002
506.615997 31.134024 100.918900 41.500000
506.752014 31.134024 100.918900 41.500000
507.023987 31.756607 100.918900 42.240002
508.376007 31.958261 100.918900 42.490002
508.575989 31.958261 100.918900 42.490002
508.888000 32.576073 100.918900 43.240002
509.216003 32.990250 100.918900 43.500000
510.575989 32.990250 100.918900 43.500000
510.808014 33.605122 100.918900 44.240002
510.928009 33.813965 100.918900 44.500000
512.304016 33.813965 100.918900 44.500000
512.528015 34.430614 100.918900 45.250000
513.903992 34.635345 100.918900 45.490002
514.119995 34.635345 100.918900 45.490002
514.328003 35.456974 100.918900 46.250000
516.039978 35.663624 100.918900 46.500000
516.192017 35.663624 100.918900 46.500000
516.455994 36.283195 100.918900 47.250000
518.208008 36.485859 100.918900 47.490002
518.296021 36.485859 100.918900 47.490002
518.799988 37.100315 53.381783 48.250000
521.840027 37.100315 53.381783 48.500000
521.911987 37.100315 53.381783 48.500000
522.536011 37.301151 53.381783 49.250000
525.056030 37.504711 53.381783 49.500000
525.112000 37.504711 53.381783 49.509998
525.463989 38.322594 53.381783 50.240002
528.815979 38.525032 53.381783 50.500000
528.927979 38.525032 53.381783 50.500000
529.359985 39.346584 53.381783 51.250000
535.440002 39.550091 53.381783 51.490002
535.520020 39.550091 53.381783 51.490002
537.088013 40.168377 53.381783 52.250000
537.096008 40.370037 53.381783 52.490002
539.831970 40.370037 53.381783 52.490002
542.960022 41.190212 53.381783 53.240002
543.015991 41.392193 53.381783 53.500000
546.823975 41.392193 53.381783 53.500000
548.528015 42.010426 53.381783 54.240002
552.159973 42.414135 53.381783 54.500000
552.159973 42.414135 53.381783 54.500000
552.703979 43.029018 53.381783 55.250000
552.744019 43.233116 53.381783 55.500000
557.096008 43.233116 53.381783 55.500000
557.143982 44.057274 53.381783 56.259998
562.288025 44.266418 53.381783 56.490002
562.351990 44.266418 53.381783 56.490002
562.408020 44.893036 53.381783 57.240002
562.432007 45.096073 63.538853 57.500000
567.559998 45.096073 63.538853 57.500000
567.656006 45.298168 63.538853 58.240002
567.687988 45.298168 63.538853 58.500000
570.776001 45.298168 63.538853 58.500000
570.911987 46.114189 63.538853 59.250000
570.960022 46.315125 63.538853 59.500000
573.127991 46.315125 63.538853 59.500000
573.216003 46.925179 63.538853 60.250000
573.255981 47.132317 63.538853 60.500000
575.359985 47.334324 63.538853 60.509998
575.455994 47.950626 63.538853 61.250000
577.328003 48.155746 63.538853 61.490002
577.367981 48.155746 63.538853 61.490002
577.559998 48.765827 63.538853 62.240002
577.591980 49.174656 63.538853 62.490002
579.288025 49.174656 63.538853 62.490002
579.447998 49.794006 63.538853 63.259998
579.455994 49.996597 63.538853 63.490002
581.383972 49.996597 63.538853 63.490002
581.479980 50.822124 63.538853 64.250000
582.952026 51.030964 63.538853 64.500000
582.968018 51.030964 63.538853 64.510002
583.143982 51.650375 63.538853 65.250000
583.159973 51.854584 63.538853 65.489998
585.607971 51.854584 63.538853 65.489998
585.760010 52.668255 63.538853 66.239998
585.807983 52.871777 73.973396 66.500000
588.112000 52.871777 73.973396 66.500000
588.408020 53.072815 73.973396 67.260002
591.911987 53.072815 73.973396 67.500000
591.919983 53.072815 73.973396 67.500000
592.263977 53.679432 73.973396 68.250000
592.343994 54.084209 73.973396 68.500000
596.343994 54.084209 73.973396 68.500000
596.455994 54.696064 73.973396 69.260002
596.536011 54.902470 73.973396 69.500000
599.119995 54.902470 73.973396 69.500000
599.671997 55.727459 73.973396 70.250000
607.728027 55.936581 73.973396 70.500000
607.864014 55.936581 73.973396 70.500000
608.127991 56.548458 73.973396 71.260002
608.375977 56.956669 73.973396 71.489998
623.351990 56.956669 73.973396 71.489998
623.487976 57.568760 73.973396 72.250000
623.752014 57.776886 73.973396 72.480003
634.416016 57.776886 73.973396 72.480003
634.479980 58.587845 73.973396 73.250000
634.599976 58.790829 73.973396 73.500000
644.872009 58.790829 73.973396 73.500000
645.023987 59.613964 73.973396 74.250000
645.127991 59.821880 73.973396 74.500000
654.320007 59.821880 73.973396 74.510002
654.343994 60.437229 73.973396 75.260002
654.455994 60.639706 73.973396 75.500000
662.296021 60.639706 73.973396 75.500000
662.328003 61.460087 59.899784 76.250000
662.416016 61.460087 59.899784 76.489998
669.728027 61.460087 59.899784 76.489998
669.831970 61.660351 59.899784 77.250000
669.943970 61.860794 59.899784 77.489998
674.624023 61.860794 59.899784 77.489998
674.719971 62.682617 59.899784 78.260002
674.807983 62.886299 59.899784 78.500000
677.968018 62.886299 59.899784 78.519997
678.151978 63.495289 59.899784 79.260002
678.408020 63.899361 59.899784 79.500000
680.848022 63.899361 59.899784 79.510002
680.880005 64.511597 59.899784 80.239998
681.039978 64.718994 59.899784 80.500000
683.791992 64.718994 59.899784 80.519997
683.799988 65.532730 59.899784 81.250000
684.096008 65.742256 59.899784 81.489998
689.552002 65.742256 59.899784 81.489998
689.599976 66.357063 59.899784 82.239998
689.919983 66.769257 59.899784 82.500000
696.640015 66.769257 59.899784 82.519997
696.695984 67.390015 59.899784 83.239998
697.015991 67.597206 59.899784 83.500000
704.895996 67.597206 59.899784 83.510002
704.943970 68.209251 59.899784 84.239998
705.096008 68.616859 59.899784 84.500000
711.656006 68.616859 59.899784 84.500000
711.687988 69.238724 59.899784 85.260002
711.703979 69.445229 59.899784 85.489998
719.432007 69.445229 59.899784 85.489998
719.432007 69.848289 60.955147 86.260002
719.455994 69.848289 60.955147 86.510002
732.687988 69.848289 60.955147 86.510002
732.791992 70.250580 60.955147 87.250000
732.815979 70.459923 60.955147 87.500000
747.744019 70.459923 60.955147 87.500000
747.831970 71.280655 60.955147 88.239998
747.848022 71.489067 60.955147 88.510002
759.544006 71.489067 60.955147 88.510002
759.583984 72.100731 60.955147 89.239998
759.599976 72.512276 60.955147 89.489998
769.432007 72.512276 60.955147 89.489998
769.463989 73.121010 60.955147 90.250000
769.512024 73.325859 60.955147 90.500000
776.359985 73.325859 60.955147 90.500000
776.567993 74.152824 60.955147 91.260002
776.679993 74.355133 60.955147 91.500000
782.671997 74.355133 60.955147 91.500000
782.736023 74.975060 60.955147 92.239998
782.864014 75.182335 60.955147 92.500000
786.856018 75.182335 60.955147 92.510002
786.888000 75.992004 60.955147 93.250000
787.023987 76.201118 60.955147 93.489998
788.703979 76.201118 60.955147 93.489998
788.848022 77.028244 60.955147 94.260002
788.968018 77.237236 60.955147 94.500000
790.328003 77.237236 60.955147 94.510002
790.392029 77.853798 60.955147 95.250000
790.567993 78.056656 76.212074 95.489998
791.952026 78.056656 76.212074 95.489998
792.304016 78.260147 76.212074 96.239998
792.552002 78.260147 76.212074 96.489998
794.135986 78.260147 76.212074 96.510002
794.343994 79.079376 76.212074 97.250000
794.599976 79.282043 76.212074 97.500000
796.072021 79.282043 76.212074 97.510002
796.328003 80.095947 76.212074 98.250000
796.463989 80.296188 76.212074 98.500000
797.976013 80.296188 76.212074 98.500000
798.504028 80.911560 76.212074 99.250000
798.624023 81.319672 76.212074 99.500000
800.575989 81.319672 76.212074 99.500000
800.711975 81.931252 76.212074 100.239998
800.791992 82.333359 76.212074 100.500000
802.567993 82.333359 76.212074 100.510002
802.744019 82.959534 76.212074 101.260002
802.768005 83.167336 76.212074 101.489998
804.583984 83.167336 76.212074 101.489998
804.695984 83.984489 76.212074 102.260002
804.703979 84.189438 76.212074 102.489998
806.616028 84.189438 76.212074 102.489998
806.831970 84.810593 76.212074 103.239998
806.856018 85.218391 76.212074 103.500000
808.783997 85.218391 76.212074 103.510002
809.216003 85.627762 95.959877 104.260002
809.231995 85.627762 95.959877 104.489998
810.455994 85.627762 95.959877 104.489998
810.495972 86.029961 95.959877 105.260002
810.520020 86.234833 95.959877 105.500000
812.280029 86.234833 95.959877 105.500000
812.296021 86.848495 95.959877 106.260002
812.296021 87.056641 95.959877 106.500000
814.312012 87.056641 95.959877 106.510002
814.328003 87.881882 95.959877 107.250000
814.367981 88.084290 95.959877 107.489998
816.096008 88.084290 95.959877 107.489998
816.192017 88.697289 95.959877 108.239998
816.216003 89.104431 95.959877 108.500000
818.151978 89.104431 95.959877 108.510002
818.271973 89.722755 95.959877 109.250000
818.271973 89.928001 95.959877 109.489998
819.927979 89.928001 95.959877 109.489998
820.007996 90.746674 95.959877 110.260002
820.007996 90.949532 95.959877 110.500000
822.239990 90.949532 95.959877 110.510002
822.296021 91.565857 95.959877 111.250000
822.312012 91.774071 95.959877 111.500000
824.416016 91.774071 95.959877 111.519997
824.447998 92.389877 95.959877 112.269997
824.463989 92.597794 95.959877 112.500000
827.783997 92.597794 95.959877 112.500000
827.968018 93.201721 89.334259 113.260002
827.976013 93.201721 89.334259 113.500000
833.943970 93.201721 89.334259 113.500000
834.143982 93.404770 89.334259 114.250000
834.184021 93.611916 89.334259 114.489998
840.960022 93.611916 89.334259 114.489998
841.255981 94.425812 89.334259 115.250000
841.312012 94.626236 89.334259 115.500000
846.968018 94.626236 89.334259 115.529999
847.888000 95.236397 89.334259 116.239998
848.112000 95.444733 89.334259 116.489998
854.520020 95.444733 89.334259 116.489998
857.031982 96.268539 89.334259 117.260002
857.856018 96.476494 89.334259 117.500000
861.208008 96.476494 89.334259 117.510002
863.903992 97.087807 89.334259 118.250000
864.304016 97.289833 89.334259 118.489998
869.599976 97.289833 89.334259 118.489998
871.943970 98.096451 89.334259 119.250000
872.575989 98.301506 89.334259 119.510002
878.992004 98.301506 89.334259 119.510002
881.776001 98.912888 89.334259 120.260002
882.455994 99.121445 89.334259 120.500000
888.471985 99.121445 89.334259 120.500000
890.856018 99.950096 89.334259 121.260002
891.695984 100.155830 89.334259 121.500000
894.903992 100.155830 89.334259 121.500000
895.992004 100.770798 89.334259 122.269997
896.719971 100.977028 89.334259 122.500000
899.335999 100.977028 89.334259 122.500000
899.783997 101.384590 90.793320 123.260002
900.392029 101.384590 90.793320 123.500000
903.328003 101.384590 90.793320 123.500000
903.512024 101.997505 90.793320 124.250000
903.968018 102.204636 90.793320 124.489998
905.679993 102.204636 90.793320 124.489998
905.783997 103.021294 90.793320 125.269997
906.624023 103.225426 90.793320 125.500000
907.927979 103.225426 90.793320 125.510002
908.479980 103.843323 90.793320 126.260002
909.927979 104.049347 90.793320 126.489998
910.328003 104.049347 90.793320 126.489998
910.960022 104.869545 90.793320 127.269997
911.736023 105.069992 90.793320 127.500000
912.632019 105.069992 90.793320 127.500000
913.231995 105.685928 90.793320 128.240005
914.616028 105.894066 90.793320 128.490005
916.679993 105.894066 90.793320 128.490005
916.984009 106.709061 90.793320 129.250000
919.151978 106.912804 90.793320 129.490005
921.919983 106.912804 90.793320 129.520004
922.552002 107.527390 90.793320 130.240005
924.656006 107.730721 90.793320 130.500000
926.719971 107.730721 90.793320 130.520004
927.176025 108.543037 90.793320 131.250000
929.247986 108.747559 90.793320 131.509995
931.447998 108.747559 90.793320 131.520004
934.031982 109.358246 90.793320 132.240005
935.992004 109.562851 90.793320 132.509995
938.200012 109.562851 90.793320 132.520004
941.383972 109.963303 139.357956 133.259995
942.599976 109.963303 139.357956 133.500000
944.432007 109.963303 139.357956 133.509995
946.695984 110.372711 139.357956 134.259995
948.351990 110.574867 139.357956 134.500000
949.840027 110.574867 139.357956 134.520004
951.127991 111.193092 139.357956 135.250000
953.432007 111.398033 139.357956 135.500000
955.495972 111.398033 139.357956 135.500000
956.607971 112.223030 139.357956 136.240005
959.599976 112.426567 139.357956 136.509995
961.168030 112.426567 139.357956 136.509995
962.080017 113.240288 139.357956 137.250000
963.880005 113.447617 139.357956 137.490005
965.432007 113.447617 139.357956 137.490005
966.536011 114.063492 139.357956 138.250000
968.192017 114.266655 139.357956 138.490005
969.520020 114.266655 139.357956 138.490005
970.799988 115.087112 139.357956 139.270004
972.583984 115.296135 139.357956 139.490005
974.088013 115.296135 139.357956 139.490005
977.159973 115.907791 139.357956 140.240005
978.823975 116.113304 139.357956 140.500000
980.392029 116.113304 139.357956 140.520004
982.312012 116.729248 139.357956 141.259995
983.447998 117.142960 139.357956 141.509995
985.583984 117.142960 139.357956 141.509995
987.719971 117.756226 157.241776 142.270004
989.495972 117.756226 157.241776 142.500000
992.648010 117.756226 157.241776 142.520004
994.536011 117.956749 157.241776 143.250000
996.408020 118.158066 157.241776 143.490005
1001.184021 118.158066 157.241776 143.490005
1005.335999 118.987747 157.241776 144.250000
1007.768005 119.193672 157.241776 144.490005
1019.728027 119.193672 157.241776 144.490005
1029.183960 119.810127 157.241776 145.240005
1031.000000 120.220146 157.241776 145.509995
1036.183960 120.220146 157.241776 145.520004
1049.079956 120.840797 157.241776 146.270004
1050.439941 121.044083 157.241776 146.500000
1055.208008 121.044083 157.241776 146.500000
1067.583984 121.869133 157.241776 147.270004
1068.495972 122.071518 157.241776 147.490005
1072.832031 122.071518 157.241776 147.490005
1082.848022 122.884033 157.241776 148.240005
1084.024048 123.090500 157.241776 148.490005
1088.160034 123.090500 157.241776 148.490005
1091.208008 123.712082 157.241776 149.259995
1092.456055 124.128265 157.241776 149.500000
1099.479980 124.128265 157.241776 149.500000
1102.336060 124.740662 157.241776 150.259995
1103.599976 124.947845 157.241776 150.490005
1114.904053 124.947845 157.241776 150.490005
1117.975952 125.352379 122.215515 151.229996
1119.352051 125.352379 122.215515 151.490005
1123.368042 125.352379 122.215515 151.490005
1125.712036 125.760300 122.215515 152.250000
1126.800049 125.966049 122.215515 152.509995
1130.504028 125.966049 122.215515 152.520004
1135.359985 126.790878 122.215515 153.240005
1136.911987 126.995110 122.215515 153.490005
1140.744019 126.995110 122.215515 153.490005
1150.991943 127.812248 122.215515 154.240005
1152.439941 128.017548 122.215515 154.500000
1154.647949 128.017548 122.215515 154.500000
1174.832031 128.626541 122.215515 155.259995
1175.816040 129.037628 122.215515 155.500000
1177.312012 129.037628 122.215515 155.500000
1193.767944 129.661224 122.215515 156.270004
1194.800049 129.861389 122.215515 156.509995
1196.624023 129.861389 122.215515 156.509995
1209.984009 130.683701 122.215515 157.259995
1211.095947 130.889267 122.215515 157.509995
1212.359985 130.889267 122.215515 157.509995
1214.359985 131.504089 122.215515 158.270004
1215.352051 131.711594 122.215515 158.500000
1217.232056 131.711594 122.215515 158.500000
1218.368042 132.530731 122.215515 159.259995
1219.576050 132.737823 122.215515 159.509995
1221.287964 132.737823 122.215515 159.520004
1222.336060 133.353516 112.081520 160.270004
1223.560059 133.556213 112.081520 160.509995
1225.583984 133.556213 112.081520 160.509995
1226.343994 133.556213 112.081520 161.240005
1227.463989 133.759186 112.081520 161.509995
1229.479980 133.759186 112.081520 161.509995
1232.280029 134.588669 112.081520 162.259995
1233.592041 134.797104 112.081520 162.509995
1234.984009 134.797104 112.081520 162.520004
1246.040039 135.411057 112.081520 163.240005
1247.511963 135.618866 112.081520 163.509995
1248.816040 135.618866 112.081520 163.520004
1277.687988 136.437134 112.081520 164.240005
1280.040039 136.638184 112.081520 164.509995
1281.952026 136.638184 112.081520 164.520004
1299.384033 137.255020 112.081520 165.250000
1300.784058 137.458389 112.081520 165.509995
1301.959961 137.458389 112.081520 165.520004
1311.040039 138.277161 112.081520 166.270004
1313.056030 138.486359 112.081520 166.490005
1314.895996 138.486359 112.081520 166.520004
1318.911987 139.104477 112.081520 167.240005
1321.000000 139.312378 112.081520 167.509995
1322.567993 139.513580 112.081520 167.520004
1324.271973 140.127655 112.081520 168.259995
1326.088013 140.329239 112.081520 168.509995
1327.432007 140.329239 112.081520 168.509995
1339.472046 140.944458 112.081520 169.270004
1341.904053 141.144958 112.081520 169.509995
1343.696045 141.144958 112.081520 169.520004
1360.167969 141.767136 113.576942 170.250000
1364.848022 141.968307 113.576942 170.500000
1366.031982 141.968307 113.576942 170.500000
1372.527954 142.585587 113.576942 171.270004
1376.303955 142.794830 113.576942 171.500000
1378.112061 142.794830 113.576942 171.500000
1380.088013 143.609894 113.576942 172.250000
1388.271973 143.813431 113.576942 172.500000
1389.391968 143.813431 113.576942 172.500000
1389.423950 144.426773 113.576942 173.270004
1397.784058 144.635223 113.576942 173.490005
1399.904053 144.635223 113.576942 173.490005
1400.943970 145.254028 113.576942 174.250000
1404.696045 145.667892 113.576942 174.509995
1406.647949 145.667892 113.576942 174.509995
1411.375977 146.275009 113.576942 175.250000
1414.504028 146.480270 113.576942 175.500000
1416.407959 146.480270 113.576942 175.500000
1420.592041 147.094604 113.576942 176.259995
1422.615967 147.297943 113.576942 176.509995
1425.592041 147.297943 113.576942 176.509995
1429.463989 148.113861 113.576942 177.259995
1431.871948 148.320358 113.576942 177.500000
1436.416016 148.320358 113.576942 177.500000
1437.504028 148.931381 113.576942 178.259995
1439.608032 149.137131 113.576942 178.490005
1447.744019 149.137131 113.576942 178.490005
1447.952026 149.550919 134.313278 179.259995
1450.104004 149.752228 134.313278 179.500000
1469.135986 149.752228 134.313278 179.500000
1469.359985 149.957962 134.313278 180.250000
1470.936035 150.158768 134.313278 180.509995
1489.287964 150.158768 134.313278 180.509995
1489.391968 150.974075 134.313278 181.250000
1490.728027 151.180573 134.313278 181.509995
1501.920044 151.180573 134.313278 181.520004
1502.128052 151.996063 134.313278 182.270004
1504.176025 152.196365 134.313278 182.509995
1511.640015 152.196365 134.313278 182.509995
1511.984009 152.814789 134.313278 183.240005
1513.631958 153.015839 134.313278 183.490005
1519.735962 153.015839 134.313278 183.490005
1524.936035 153.843094 134.313278 184.240005
1526.135986 154.050720 134.313278 184.509995
1530.728027 154.050720 134.313278 184.520004
1535.287964 154.670517 134.313278 185.240005
1536.447998 154.876495 134.313278 185.509995
1538.599976 154.876495 134.313278 185.509995
1542.223999 155.695099 134.313278 186.240005
1544.823975 155.895233 134.313278 186.490005
1546.352051 155.895233 134.313278 186.490005
1548.975952 156.514038 134.313278 187.240005
1551.407959 156.717300 134.313278 187.509995
1552.352051 156.717300 134.313278 187.520004
1554.255981 157.537338 134.313278 188.259995
1556.952026 157.745010 134.313278 188.509995
1558.112061 157.745010 134.313278 188.509995
1558.767944 158.354462 134.313278 189.270004
1564.911987 158.558105 134.313278 189.520004
1565.615967 158.558105 134.313278 189.520004
1565.911987 159.375534 134.313278 190.259995
1571.520020 159.375534 122.472183 190.509995
1572.920044 159.375534 122.472183 190.520004
1573.319946 159.576248 122.472183 191.250000
1576.192017 159.780167 122.472183 191.479996
1577.407959 159.780167 122.472183 191.479996
1577.776001 160.390137 122.472183 192.259995
1579.959961 160.594498 122.472183 192.509995
1581.456055 160.594498 122.472183 192.509995
1582.119995 161.412186 122.472183 193.250000
1586.079956 161.612259 122.472183 193.500000
1586.936035 161.612259 122.472183 193.500000
1589.303955 162.227158 122.472183 194.250000
1590.791992 162.434097 122.472183 194.509995
1591.703979 162.434097 122.472183 194.509995
1593.911987 163.049286 122.472183 195.240005
1597.079956 163.459015 122.472183 195.500000
1597.656006 163.459015 122.472183 195.500000
1598.871948 164.080872 122.472183 196.240005
1599.864014 164.281296 122.472183 196.509995
1601.079956 164.281296 122.472183 196.509995
1602.144043 165.098083 122.472183 197.270004
1603.119995 165.303619 122.472183 197.479996
1604.287964 165.303619 122.472183 197.479996
1605.744019 165.920837 122.472183 198.240005
1606.248047 166.121323 122.472183 198.520004
1607.567993 166.121323 122.472183 198.520004
1608.400024 166.735886 122.472183 199.240005
1608.624023 167.139481 122.472183 199.509995
1610.128052 167.139481 122.472183 199.520004
1610.864014 167.753296 122.472183 200.250000
1611.095947 167.960129 122.472183 200.490005
1612.776001 167.960129 122.472183 200.490005
1612.887939 168.769943 122.472183 201.250000
1613.264038 168.973984 122.472183 201.500000
1614.703979 168.973984 122.472183 201.500000
1614.864014 169.583679 124.524246 202.259995
1615.072021 169.583679 124.524246 202.509995
1616.543945 169.583679 124.524246 202.520004
1616.719971 169.784729 124.524246 203.250000
1618.479980 169.986649 124.524246 203.490005
1620.271973 169.986649 124.524246 203.490005
1620.456055 170.811707 124.524246 204.270004
1623.735962 171.020386 124.524246 204.490005
1625.520020 171.020386 124.524246 204.490005
1625.647949 171.632156 124.524246 205.259995
1627.135986 171.838684 124.524246 205.509995
1629.031982 171.838684 124.524246 205.520004
1629.312012 172.648224 124.524246 206.259995
1630.031982 172.849625 124.524246 206.500000
1631.703979 172.849625 124.524246 206.500000
1631.959961 173.458969 124.524246 207.270004
1632.968018 173.872131 124.524246 207.520004
1634.943970 173.872131 124.524246 207.520004
1635.128052 174.482895 124.524246 208.250000
1635.728027 174.691467 124.524246 208.490005
1644.391968 174.691467 124.524246 208.490005
1644.511963 175.310196 124.524246 209.259995
1644.744019 175.515976 124.524246 209.500000
1648.871948 175.515976 124.524246 209.520004
1649.183960 176.331604 124.524246 210.259995
1649.416016 176.534744 124.524246 210.500000
1651.303955 176.534744 124.524246 210.500000
1651.543945 177.141739 124.524246 211.270004
1651.735962 177.346939 124.524246 211.520004
1653.432007 177.346939 124.524246 211.520004
1653.719971 178.151398 124.524246 212.270004
1654.135986 178.354691 124.524246 212.490005
1655.592041 178.354691 124.524246 212.490005
1656.336060 178.354691 153.038208 213.270004
1656.703979 178.554840 153.038208 213.509995
1658.031982 178.554840 153.038208 213.520004
1658.439941 179.165970 153.038208 214.270004
1659.167969 179.371338 153.038208 214.490005
1660.776001 179.371338 153.038208 214.490005
1661.031982 180.199280 153.038208 215.250000
1661.192017 180.406647 153.038208 215.479996
1662.943970 180.406647 153.038208 215.479996
1663.199951 181.027420 153.038208 216.270004
1663.560059 181.231674 153.038208 216.509995
1665.984009 181.231674 153.038208 216.520004
1666.543945 181.842606 153.038208 217.259995
1666.776001 182.050690 153.038208 217.500000
1673.943970 182.050690 153.038208 217.500000
1674.368042 182.861877 153.038208 218.240005
1674.527954 183.064285 153.038208 218.490005
1685.112061 183.064285 153.038208 218.490005
1685.527954 183.676483 153.038208 219.250000
1685.687988 183.878311 153.038208 219.509995
1690.135986 183.878311 153.038208 219.509995
1690.592041 184.698608 153.038208 220.250000
1690.984009 184.898804 153.038208 220.490005
1692.823975 184.898804 153.038208 220.490005
1693.248047 185.512680 153.038208 221.250000
1693.984009 185.922745 153.038208 221.509995
1695.416016 185.922745 153.038208 221.509995
1696.024048 186.533218 153.038208 222.240005
1696.911987 186.738602 153.038208 222.520004
1698.488037 186.738602 153.038208 222.520004
1699.199951 187.356232 153.038208 223.259995
1700.024048 187.558151 153.038208 223.509995
1702.599976 187.558151 153.038208 223.509995
1703.592041 187.965408 118.144333 224.240005
1703.927979 187.965408 118.144333 224.500000
1712.391968 187.965408 118.144333 224.500000
1713.176025 188.372208 118.144333 225.259995
1713.343994 188.581009 118.144333 225.509995
1721.599976 188.581009 118.144333 225.509995
1722.671997 189.400894 118.144333 226.250000
1722.719971 189.604370 118.144333 226.500000
1742.583984 189.604370 118.144333 226.500000
1744.680054 190.425125 118.144333 227.259995
1744.696045 190.630157 118.144333 227.500000
1762.368042 190.630157 118.144333 227.500000
1768.047974 191.242249 118.144333 228.240005
1768.119995 191.446701 118.144333 228.500000
1774.079956 191.446701 118.144333 228.500000
1784.063965 192.268448 118.144333 229.250000
1784.144043 192.477005 118.144333 229.500000
1789.479980 192.477005 118.144333 229.500000
1797.040039 193.093735 118.144333 230.259995
1798.112061 193.498962 118.144333 230.520004
1800.183960 193.498962 118.144333 230.520004
1802.511963 194.110397 118.144333 231.250000
1803.560059 194.312256 118.144333 231.500000
1805.112061 194.312256 118.144333 231.500000
1806.567993 194.923065 118.144333 232.250000
1807.391968 195.130829 118.144333 232.490005
1809.112061 195.130829 118.144333 232.490005
1810.303955 195.949509 118.144333 233.279999
1810.472046 196.153305 118.144333 233.479996
1813.712036 196.153305 118.144333 233.479996
1815.000000 196.759964 112.549713 234.250000
1815.024048 196.759964 112.549713 234.520004
1817.031982 196.759964 112.549713 234.520004
1818.336060 196.962906 112.549713 235.240005
1818.416016 197.166092 112.549713 235.520004
1820.287964 197.166092 112.549713 235.520004
1821.839966 197.984558 112.549713 236.250000
1821.887939 198.187256 112.549713 236.509995
1824.631958 198.187256 112.549713 236.509995
1826.128052 198.798462 112.549713 237.240005
1826.144043 199.005325 112.549713 237.490005
1829.319946 199.005325 112.549713 237.490005
1831.199951 199.833633 112.549713 238.259995
1831.248047 200.036179 112.549713 238.520004
1837.248047 200.036179 112.549713 238.520004
1838.784058 200.650467 112.549713 239.259995
1838.871948 201.066345 112.549713 239.520004
1850.543945 201.066345 112.549713 239.520004
1853.183960 201.673508 112.549713 240.259995
1853.479980 201.880249 112.549713 240.500000
1861.488037 201.880249 112.549713 240.500000
1863.855957 202.509888 112.549713 241.250000
1864.384033 202.717255 112.549713 241.490005
1869.447998 202.717255 112.549713 241.490005
1873.920044 203.546997 112.549713 242.270004
1874.375977 203.754898 112.549713 242.520004
1879.391968 203.754898 112.549713 242.520004
1886.255981 204.161301 135.324570 243.240005
1886.855957 204.161301 135.324570 243.490005
1898.656006 204.161301 135.324570 243.490005
1903.552002 204.571014 135.324570 244.240005
1903.920044 204.780701 135.324570 244.490005
1914.239990 204.780701 135.324570 244.490005
1923.968018 205.600891 135.324570 245.259995
1924.088013 205.805206 135.324570 245.500000
1936.135986 205.805206 135.324570 245.500000
1941.352051 206.621475 135.324570 246.259995
1941.576050 206.828430 135.324570 246.520004
1951.416016 206.828430 135.324570 246.520004
1952.943970 207.645752 135.324570 247.250000
1953.063965 207.852997 135.324570 247.490005
1960.183960 207.852997 135.324570 247.490005
1961.880005 208.464645 135.324570 248.259995
1961.959961 208.664871 135.324570 248.520004
1964.624023 208.664871 135.324570 248.520004
1966.183960 209.476868 135.324570 249.259995
1966.248047 209.684799 135.324570 249.500000
1967.712036 209.684799 135.324570 249.500000
1969.215942 210.299698 135.324570 250.270004
1969.336060 210.503204 135.324570 250.520004
1970.447998 210.503204 135.324570 250.520004
1971.920044 211.119003 73.336037 251.250000
1972.223999 211.119003 73.336037 251.490005
1973.015991 211.119003 73.336037 251.490005
1974.368042 211.523636 73.336037 252.240005
1974.447998 211.727524 73.336037 252.490005
1975.504028 211.727524 73.336037 252.500000
1977.735962 212.343719 73.336037 253.270004
1977.744019 212.755127 73.336037 253.509995
1979.823975 212.755127 73.336037 253.509995
1984.791992 213.363602 73.336037 254.270004
1985.192017 213.569794 73.336037 254.490005
1988.303955 213.569794 73.336037 254.490005
2008.416016 214.182266 73.336037 255.259995
2008.488037 214.385071 73.336037 255.520004
2015.151978 214.385071 73.336037 255.520004
2029.911987 215.211212 73.336037 256.260010
2029.943970 215.419983 73.336037 256.500000
2039.488037 215.419983 73.336037 256.500000
2048.855957 216.025986 73.336037 257.260010
2048.864014 216.232025 73.336037 257.489990
2054.048096 216.437241 73.336037 257.519989
2055.983887 217.050522 73.336037 258.260010
2055.983887 217.259491 73.336037 258.500000
2059.800049 217.259491 73.336037 258.500000
2061.000000 218.078751 73.336037 259.250000
2061.008057 218.279297 73.336037 259.500000
2064.736084 218.279297 73.336037 259.500000
2066.392090 218.895142 73.336037 260.260010
2066.392090 219.101013 73.336037 260.510010
2069.808105 219.101013 73.336037 260.519989
2071.135986 219.508530 108.678238 261.260010
2071.144043 219.508530 108.678238 261.519989
2074.912109 219.508530 108.678238 261.519989
2076.392090 219.921494 108.678238 262.250000
2076.392090 220.125305 108.678238 262.480011
2079.800049 220.125305 108.678238 262.480011
2081.320068 220.941040 108.678238 263.269989
2081.520020 221.144135 108.678238 263.489990
2084.696045 221.144135 108.678238 263.489990
2086.503906 221.759109 108.678238 264.269989
2086.624023 221.959732 108.678238 264.489990
2089.592041 221.959732 108.678238 264.489990
2091.815918 222.769470 108.678238 265.279999
2091.879883 222.969711 108.678238 265.510010
2094.951904 222.969711 108.678238 265.510010
2098.144043 223.589096 108.678238 266.250000
2098.152100 223.789246 108.678238 266.489990
2101.864014 223.789246 108.678238 266.489990
2117.184082 224.612183 108.678238 267.269989
2117.184082 224.818283 108.678238 267.489990
2120.095947 224.818283 108.678238 267.489990
2126.239990 225.424667 108.678238 268.250000
2126.239990 225.836426 108.678238 268.500000
2129.216064 225.836426 108.678238 268.500000
2132.135986 226.449661 108.678238 269.260010
2132.144043 226.651306 108.678238 269.510010
2134.728027 226.651306 108.678238 269.510010
2137.352051 227.469345 108.678238 270.260010
2137.352051 227.669647 108.678238 270.489990
2138.872070 227.669647 108.678238 270.489990
2139.991943 227.874878 107.670235 271.269989
2139.991943 228.076935 107.670235 271.510010
2141.320068 228.076935 107.670235 271.510010
2142.055908 228.477554 107.670235 272.260010
2142.095947 228.682022 107.670235 272.510010
2143.095947 228.682022 107.670235 272.510010
2144.112061 229.498016 107.670235 273.250000
2144.120117 229.698349 107.670235 273.489990
2145.095947 229.698349 107.670235 273.489990
2145.887939 230.312225 107.670235 274.260010
2145.887939 230.516266 107.670235 274.510010
2146.496094 230.516266 107.670235 274.510010
2147.112061 231.340637 107.670235 275.269989
2147.112061 231.541077 107.670235 275.489990
2147.664062 231.541077 107.670235 275.489990
2148.575928 232.152863 107.670235 276.269989
2148.575928 232.357483 107.670235 276.519989
2149.040039 232.357483 107.670235 276.519989
2149.808105 233.171051 107.670235 277.250000
2149.808105 233.378189 107.670235 277.500000
2150.167969 233.378189 107.670235 277.500000
2151.360107 233.994690 107.670235 278.260010
2151.360107 234.194977 107.670235 278.500000
2151.632080 234.194977 107.670235 278.500000
2153.104004 235.010376 107.670235 279.260010
2153.104004 235.218933 107.670235 279.489990
2153.447998 235.218933 107.670235 279.489990
2154.855957 235.829819 107.670235 280.239990
2154.855957 236.037506 107.670235 280.489990
2155.144043 236.037506 107.670235 280.519989
2156.751953 236.444183 74.830521 281.250000
2156.751953 236.444183 74.830521 281.489990
2157.055908 236.444183 74.830521 281.489990
2158.263916 237.048126 74.830521 282.239990
2158.343994 237.257172 74.830521 282.489990
2158.511963 237.257172 74.830521 282.519989
2160.072021 238.076859 74.830521 283.269989
2160.095947 238.279709 74.830521 283.500000
2160.208008 238.279709 74.830521 283.500000
2161.808105 238.902298 74.830521 284.260010
2161.808105 239.111160 74.830521 284.510010
2161.991943 239.111160 74.830521 284.529999
2163.439941 239.921844 74.830521 285.269989
2163.439941 240.125153 74.830521 285.519989
2163.855957 240.125153 74.830521 285.519989
2165.864014 240.742371 74.830521 286.250000
2165.864014 240.948914 74.830521 286.510010
2166.384033 240.948914 74.830521 286.510010
2168.936035 241.774506 74.830521 287.260010
2168.936035 241.982452 74.830521 287.519989
2169.271973 241.982452 74.830521 287.519989
2171.167969 242.795792 74.830521 288.260010
2171.176025 242.996338 74.830521 288.489990
2171.327881 242.996338 74.830521 288.489990
2173.479980 243.611526 74.830521 289.250000
2173.488037 243.819321 74.830521 289.510010
2173.592041 243.819321 74.830521 289.510010
2175.704102 244.436020 56.963146 290.250000
2175.704102 244.639847 56.963146 290.489990
2175.791992 244.639847 56.963146 290.519989
2177.768066 244.841217 56.963146 291.269989
2177.775879 245.041336 56.963146 291.510010
2177.791992 245.041336 56.963146 291.510010
2181.456055 245.656952 56.963146 292.250000
2181.479980 245.862518 56.963146 292.500000
2182.127930 245.862518 56.963146 292.510010
2197.104004 246.679001 56.963146 293.269989
2197.104004 246.884811 56.963146 293.500000
2197.191895 246.884811 56.963146 293.500000
2204.904053 247.498505 56.963146 294.250000
2204.904053 247.698929 56.963146 294.489990
2205.256104 247.698929 56.963146 294.519989
2208.087891 248.517685 56.963146 295.250000
2208.095947 248.718750 56.963146 295.500000
2208.288086 248.718750 56.963146 295.500000
2211.639893 249.334991 56.963146 296.269989
2211.711914 249.536942 56.963146 296.489990
2211.840088 249.536942 56.963146 296.489990
2214.592041 250.347702 56.963146 297.239990
2214.592041 250.554413 56.963146 297.519989
2214.679932 250.554413 56.963146 297.519989
2216.632080 251.375183 56.963146 298.269989
2216.632080 251.575699 56.963146 298.500000
2216.719971 251.575699 56.963146 298.500000
2219.199951 252.189636 56.963146 299.269989
2219.208008 252.601273 56.963146 299.519989
2219.312012 252.601273 56.963146 299.519989
2221.991943 253.010300 68.806770 300.250000
2221.991943 253.010300 68.806770 300.480011
2222.000000 253.010300 68.806770 300.480011
2223.768066 253.419464 68.806770 301.260010
2223.768066 253.623016 68.806770 301.510010
2223.783936 253.623016 68.806770 301.510010
2225.224121 254.439636 68.806770 302.250000
2225.263916 254.645142 68.806770 302.489990
2225.295898 254.645142 68.806770 302.519989
2227.072021 255.261215 68.806770 303.239990
2227.080078 255.463577 68.806770 303.510010
2227.120117 255.463577 68.806770 303.519989
2229.568115 256.280670 68.806770 304.269989
2229.632080 256.486389 68.806770 304.510010
2229.887939 256.486389 68.806770 304.519989
2232.592041 257.096527 68.806770 305.239990
2232.615967 257.507568 68.806770 305.510010
2232.855957 257.507568 68.806770 305.510010
2235.904053 258.122345 68.806770 306.239990
2235.904053 258.328247 68.806770 306.510010
2235.912109 258.328247 68.806770 306.519989
2244.711914 258.945465 68.806770 307.269989
2244.711914 259.350494 68.806770 307.510010
2244.775879 259.350494 68.806770 307.510010
2262.040039 259.971558 68.806770 308.329987
2262.048096 260.177002 68.806770 308.500000
2262.080078 260.177002 68.806770 308.500000
2277.375977 260.995453 68.806770 309.260010
2277.375977 261.195862 68.806770 309.519989
2277.384033 261.195862 68.806770 309.519989
2287.647949 261.604797 103.184364 310.239990
2287.647949 261.604797 103.184364 310.519989
2287.664062 261.604797 103.184364 310.529999
2295.367920 262.010834 103.184364 311.279999
2295.367920 262.217468 103.184364 311.510010
2295.520020 262.217468 103.184364 311.510010
2301.679932 263.039093 103.184364 312.269989
2301.687988 263.241760 103.184364 312.519989
2301.760010 263.241760 103.184364 312.519989
2304.191895 263.860748 103.184364 313.290009
2304.208008 264.062897 103.184364 313.489990
2304.248047 264.062897 103.184364 313.489990
2305.664062 264.885071 103.184364 314.239990
2305.664062 265.092133 103.184364 314.510010
2305.768066 265.092133 103.184364 314.510010
2307.231934 265.709167 103.184364 315.250000
2307.231934 265.910980 103.184364 315.489990
2307.384033 266.115753 103.184364 315.519989
2309.008057 266.729553 103.184364 316.279999
2309.008057 266.932098 103.184364 316.489990
2309.288086 266.932098 103.184364 316.519989
2310.976074 267.554749 103.184364 317.279999
2310.976074 267.763397 103.184364 317.510010
2311.280029 267.763397 103.184364 317.510010
2313.000000 268.585297 103.184364 318.279999
2313.000000 268.789032 103.184364 318.489990
2313.040039 268.789032 103.184364 318.510010
2316.783936 269.595642 103.184364 319.290009
2316.783936 269.798431 103.184364 319.519989
2316.783936 269.798431 117.491852 319.540009
2325.384033 269.999878 117.491852 320.260010
2325.384033 269.999878 117.491852 320.510010
2325.384033 269.999878 117.491852 320.529999
2335.592041 270.617615 117.491852 321.279999
2335.639893 270.825043 117.491852 321.510010
2335.672119 270.825043 117.491852 321.510010
2346.479980 271.645844 117.491852 322.260010
2346.479980 271.845978 117.491852 322.489990
2346.520020 271.845978 117.491852 322.529999
2357.135986 272.467865 117.491852 323.290009
2357.135986 272.676208 117.491852 323.510010
2357.263916 272.676208 117.491852 323.519989
2360.295898 273.487671 117.491852 324.290009
2360.295898 273.690613 117.491852 324.510010
2360.407959 273.690613 117.491852 324.519989
2362.072021 274.295471 117.491852 325.269989
2362.072021 274.503693 117.491852 325.510010
2362.127930 274.503693 117.491852 325.510010
2363.535889 275.331177 117.491852 326.279999
2363.535889 275.537567 117.491852 326.489990
2363.568115 275.537567 117.491852 326.519989
2365.488037 276.362549 117.491852 327.279999
2365.488037 276.566040 117.491852 327.519989
2365.511963 276.566040 117.491852 327.529999
2367.431885 277.183746 117.491852 328.260010
2367.431885 277.387726 117.491852 328.510010
2367.479980 277.387726 117.491852 328.510010
2369.456055 277.789948 89.439384 329.279999
2369.456055 277.789948 89.439384 329.489990
2369.488037 277.789948 89.439384 329.500000
2371.607910 278.197632 89.439384 330.290009
2371.607910 278.405945 89.439384 330.510010
2371.639893 278.405945 89.439384 330.510010
2374.775879 279.224518 89.439384 331.290009
2374.775879 279.433105 89.439384 331.489990
2374.832031 279.433105 89.439384 331.510010
2387.976074 280.246918 89.439384 332.269989
2387.976074 280.454498 89.439384 332.510010
2388.112061 280.454498 89.439384 332.510010
2402.736084 281.066528 89.439384 333.279999
2402.736084 281.483795 89.439384 333.519989
2402.864014 281.483795 89.439384 333.529999
2422.367920 282.106567 89.439384 334.290009
2422.367920 282.312622 89.439384 334.500000
2422.552002 282.312622 89.439384 334.510010
2429.736084 282.925110 89.439384 335.290009
2429.736084 283.133789 89.439384 335.489990
2429.904053 283.133789 89.439384 335.500000
2431.343994 283.958771 89.439384 336.279999
2431.343994 284.160889 89.439384 336.489990
2431.711914 284.160889 89.439384 336.510010
2433.775879 284.778687 89.439384 337.279999
2433.775879 284.981293 89.439384 337.519989
2433.976074 284.981293 89.439384 337.519989
2435.728027 285.804199 89.439384 338.279999
2435.728027 286.004364 107.210564 338.489990
2435.823975 286.004364 107.210564 338.529999
2437.936035 286.204468 107.210564 339.290009
2437.944092 286.204468 107.210564 339.519989
2437.944092 286.204468 107.210564 339.529999
2439.647949 286.819550 107.210564 340.290009
2439.647949 287.025208 107.210564 340.500000
2439.656006 287.025208 107.210564 340.500000
2441.343994 287.845306 107.210564 341.269989
2441.343994 288.047974 107.210564 341.519989
2441.343994 288.047974 107.210564 341.519989
2443.496094 288.667572 107.210564 342.279999
2443.496094 288.873169 107.210564 342.500000
2443.503906 288.873169 107.210564 342.500000
2445.199951 289.696808 107.210564 343.269989
2445.199951 289.900909 107.210564 343.489990
2445.231934 289.900909 107.210564 343.500000
2447.615967 290.517822 107.210564 344.260010
2447.615967 290.724762 107.210564 344.510010
2447.624023 290.724762 107.210564 344.519989
2450.872070 291.543610 107.210564 345.279999
2450.872070 291.744904 107.210564 345.489990
2450.872070 291.744904 107.210564 345.489990
2461.904053 292.351410 107.210564 346.279999
2461.904053 292.551971 107.210564 346.489990
2461.919922 292.551971 107.210564 346.519989
2474.352051 293.366608 107.210564 347.290009
2474.352051 293.567169 107.210564 347.519989
2474.360107 293.567169 107.210564 347.519989
2485.464111 293.967346 104.037529 348.290009
2485.464111 294.167694 104.037529 348.500000
2485.503906 294.167694 104.037529 348.510010
2491.760010 294.373749 104.037529 349.269989
2491.760010 294.574524 104.037529 349.510010
2491.855957 294.574524 104.037529 349.519989
2494.288086 295.397522 104.037529 350.260010
2494.352051 295.604279 104.037529 350.510010
2494.424072 295.604279 104.037529 350.519989
2495.736084 296.219116 104.037529 351.299988
2495.743896 296.419159 104.037529 351.510010
2495.872070 296.419159 104.037529 351.519989
2497.248047 297.227661 104.037529 352.290009
2497.248047 297.432678 104.037529 352.500000
2497.335938 297.432678 104.037529 352.519989
2498.687988 298.250275 104.037529 353.279999
2498.719971 298.250275 104.037529 353.489990
2498.823975 298.457764 104.037529 353.519989
2500.224121 299.068878 104.037529 354.279999
2500.256104 299.270203 104.037529 354.489990
2500.352051 299.270203 104.037529 354.500000
2501.991943 300.081512 104.037529 355.290009
2502.000000 300.081512 104.037529 355.500000
2502.000000 300.081512 104.037529 355.500000
2503.552002 300.893219 104.037529 356.290009
2503.560059 301.093933 104.037529 356.500000
2503.560059 301.093933 104.037529 356.529999
2505.583984 301.897827 104.037529 357.279999
2505.583984 301.897827 104.037529 357.489990
2505.583984 302.106293 104.037529 357.519989
2508.320068 302.722961 104.037529 358.290009
2508.335938 302.930298 104.037529 358.489990
2508.335938 302.930298 104.037529 358.519989
2516.895996 303.132446 88.912903 359.290009
2516.904053 303.132446 88.912903 359.500000
2516.944092 303.132446 88.912903 359.500000
2525.399902 303.743500 88.912903 360.279999
2525.407959 303.944336 88.912903 360.489990
2525.511963 303.944336 88.912903 360.519989
2534.072021 304.773041 88.912903 361.299988
2534.072021 304.975494 88.912903 361.519989
2534.191895 304.975494 88.912903 361.519989
2539.951904 305.599182 88.912903 362.269989
2539.968018 305.799988 88.912903 362.510010
2539.968018 305.799988 88.912903 362.519989
2542.280029 306.619690 88.912903 363.269989
2542.288086 306.828339 88.912903 363.500000
2542.288086 306.828339 88.912903 363.500000
2543.704102 307.435150 88.912903 364.290009
2543.711914 307.642212 88.912903 364.510010
2543.711914 307.846985 88.912903 364.519989
2545.216064 308.452057 88.912903 365.299988
2545.224121 308.660278 88.912903 365.510010
2545.231934 308.660278 88.912903 365.519989
2547.063965 309.284363 88.912903 366.269989
2547.072021 309.490356 88.912903 366.489990
2547.087891 309.693146 88.912903 366.529999
2549.335938 310.309631 88.912903 367.309998
2549.343994 310.511902 70.477264 367.489990
2549.407959 310.511902 70.477264 367.519989
2552.327881 310.711945 70.477264 368.279999
2552.335938 310.711945 70.477264 368.500000
2552.367920 310.711945 70.477264 368.510010
2564.904053 311.531219 70.477264 369.290009
2564.904053 311.732117 70.477264 369.489990
2564.936035 311.732117 70.477264 369.519989
2572.167969 312.344574 70.477264 370.279999
2572.167969 312.546539 70.477264 370.510010
2572.208008 312.546539 70.477264 370.519989
2575.728027 313.357269 70.477264 371.269989
2575.728027 313.566376 70.477264 371.510010
2575.847900 313.566376 70.477264 371.519989
2578.656006 314.170013 70.477264 372.290009
2578.656006 314.375763 70.477264 372.500000
2578.768066 314.584229 70.477264 372.529999
2585.063965 315.199158 70.477264 373.279999
2585.063965 315.399445 70.477264 373.500000
2585.224121 315.399445 70.477264 373.500000
2599.479980 316.219147 70.477264 374.299988
2599.479980 316.421478 70.477264 374.489990
2599.624023 316.421478 70.477264 374.519989
2610.320068 317.037628 70.477264 375.269989
2610.327881 317.240784 70.477264 375.510010
2610.439941 317.240784 70.477264 375.510010
2614.048096 318.051270 70.477264 376.299988
2614.048096 318.255096 87.455185 376.519989
2614.239990 318.255096 87.455185 376.519989
2616.343994 318.457123 87.455185 377.290009
2616.343994 318.457123 87.455185 377.489990
2616.607910 318.457123 87.455185 377.500000
2618.343994 319.074371 87.455185 378.269989
2618.343994 319.485077 87.455185 378.510010
2618.679932 319.485077 87.455185 378.559998
2620.592041 320.098267 87.455185 379.269989
2620.592041 320.506042 87.455185 379.519989
2620.968018 320.506042 87.455185 379.519989
2622.968018 321.109955 87.455185 380.290009
2622.968018 321.311493 87.455185 380.489990
2623.231934 321.311493 87.455185 380.500000
2625.511963 322.124390 87.455185 381.279999
2625.511963 322.326660 87.455185 381.500000
2625.719971 322.326660 87.455185 381.510010
2628.176025 322.931641 87.455185 382.269989
2628.176025 323.138245 87.455185 382.489990
2628.256104 323.138245 87.455185 382.519989
2631.144043 323.964081 87.455185 383.279999
2631.144043 324.171692 87.455185 383.519989
2631.191895 324.171692 87.455185 383.519989
2635.768066 324.784332 87.455185 384.269989
2635.768066 324.990540 87.455185 384.519989
2635.864014 324.990540 87.455185 384.519989
2645.439941 325.813477 87.455185 385.279999
2645.439941 325.813477 78.862045 385.500000
2645.488037 325.813477 78.862045 385.510010
2658.704102 326.018585 78.862045 386.269989
2658.704102 326.218750 78.862045 386.500000
2658.751953 326.218750 78.862045 386.500000
2669.912109 326.830688 78.862045 387.279999
2669.912109 327.035889 78.862045 387.489990
2669.912109 327.035889 78.862045 387.510010
2680.239990 327.855255 78.862045 388.299988
2680.239990 328.056335 78.862045 388.510010
2680.271973 328.056335 78.862045 388.519989
2688.592041 328.669861 78.862045 389.269989
2688.592041 328.873779 78.862045 389.489990
2688.600098 328.873779 78.862045 389.519989
2690.879883 329.693451 78.862045 390.299988
2690.879883 329.893951 78.862045 390.500000
2690.895996 329.893951 78.862045 390.500000
2692.176025 330.718140 78.862045 391.309998
2692.176025 330.919647 78.862045 391.519989
2692.208008 330.919647 78.862045 391.519989
2693.976074 331.538513 78.862045 392.290009
2693.976074 331.738922 78.862045 392.510010
2694.008057 331.738922 78.862045 392.510010
2695.704102 332.562164 78.862045 393.279999
2695.768066 332.771088 78.862045 393.519989
2695.887939 332.771088 78.862045 393.519989
2697.503906 333.376038 88.056473 394.279999
2697.528076 333.576141 88.056473 394.500000
2697.639893 333.576141 88.056473 394.510010
2699.407959 333.576141 88.056473 395.290009
2699.431885 333.779907 88.056473 395.500000
2699.496094 333.779907 88.056473 395.519989
2701.751953 334.604858 88.056473 396.290009
2701.768066 334.807068 88.056473 396.510010
2701.823975 334.807068 88.056473 396.510010
2704.431885 335.422302 88.056473 397.269989
2704.431885 335.834991 88.056473 397.519989
2704.456055 335.834991 88.056473 397.519989
2714.815918 336.454193 88.056473 398.290009
2714.815918 336.661591 88.056473 398.500000
2714.912109 336.661591 88.056473 398.519989
2722.791992 337.477051 88.056473 399.299988
2722.800049 337.682129 88.056473 399.510010
2722.815918 337.682129 88.056473 399.519989
2730.887939 338.299652 88.056473 400.299988
2730.887939 338.506500 88.056473 400.510010
2730.912109 338.506500 88.056473 400.510010
2738.496094 339.334320 88.056473 401.279999
2738.503906 339.542542 88.056473 401.500000
2738.511963 339.542542 88.056473 401.500000
2741.552002 340.154633 88.056473 402.269989
2741.552002 340.360626 88.056473 402.489990
2741.568115 340.360626 88.056473 402.519989
2747.343994 341.175995 88.056473 403.290009
2747.343994 341.376129 88.056473 403.500000
2747.392090 341.376129 88.056473 403.500000
2751.879883 341.995789 88.056473 404.290009
2751.912109 342.201782 88.056473 404.500000
2752.008057 342.201782 88.056473 404.500000
2755.295898 342.402771 74.417793 405.299988
2755.303955 342.603455 74.417793 405.510010
2755.312012 342.603455 74.417793 405.510010
2757.312012 343.209351 74.417793 406.290009
2757.320068 343.415588 74.417793 406.489990
2757.320068 343.415588 74.417793 406.529999
2758.872070 344.034821 74.417793 407.290009
2758.872070 344.238129 74.417793 407.519989
2758.872070 344.238129 74.417793 407.519989
2759.783936 345.060394 74.417793 408.309998
2759.872070 345.264557 74.417793 408.510010
2759.872070 345.264557 74.417793 408.529999
2760.904053 345.882324 74.417793 409.279999
2760.919922 346.083618 74.417793 409.519989
2760.927979 346.083618 74.417793 409.519989
2761.823975 346.904572 74.417793 410.299988
2761.855957 347.114441 74.417793 410.500000
2761.887939 347.114441 74.417793 410.510010
2763.176025 347.942322 74.417793 411.299988
2763.184082 348.150482 74.417793 411.510010
2763.191895 348.150482 74.417793 411.519989
2764.392090 348.772522 74.417793 412.269989
2764.392090 348.979095 74.417793 412.489990
2764.464111 348.979095 74.417793 412.519989
2765.632080 349.602051 74.417793 413.279999
2765.632080 349.809387 74.417793 413.519989
2765.679932 349.809387 74.417793 413.519989
2766.783936 350.425903 105.605659 414.279999
2766.783936 350.425903 105.605659 414.489990
2766.864014 350.425903 105.605659 414.500000
2768.224121 350.833740 105.605659 415.279999
2768.224121 350.833740 105.605659 415.489990
2768.271973 351.037292 105.605659 415.519989
2769.520020 351.649048 105.605659 416.299988
2769.520020 351.852081 105.605659 416.510010
2769.535889 351.852081 105.605659 416.519989
2770.624023 352.671661 105.605659 417.290009
2770.624023 352.880524 105.605659 417.500000
2770.632080 352.880524 105.605659 417.510010
2772.031982 353.499359 105.605659 418.290009
2772.040039 353.707886 105.605659 418.500000
2772.040039 353.707886 105.605659 418.510010
2773.176025 354.524353 105.605659 419.290009
2773.184082 354.728302 105.605659 419.489990
2773.191895 354.728302 105.605659 419.529999
2774.535889 355.332611 105.605659 420.290009
2774.535889 355.541565 105.605659 420.489990
2774.552002 355.541565 105.605659 420.500000
2776.887939 356.354706 105.605659 421.279999
2776.887939 356.557404 105.605659 421.489990
2776.919922 356.557404 105.605659 421.510010
2778.560059 357.170990 105.605659 422.279999
2778.560059 357.373718 105.605659 422.489990
2778.624023 357.373718 105.605659 422.529999
2780.503906 358.198639 105.605659 423.279999
2780.503906 358.398743 105.605659 423.489990
2780.552002 358.398743 71.940811 423.489990
2782.256104 358.599365 71.940811 424.299988
2782.256104 358.599365 71.940811 424.510010
2782.263916 358.599365 71.940811 424.519989
2784.479980 359.214417 71.940811 425.290009
2784.479980 359.417511 71.940811 425.489990
2784.479980 359.417511 71.940811 425.489990
2787.864014 360.247742 71.940811 426.290009
2787.872070 360.448242 71.940811 426.500000
2787.872070 360.448242 71.940811 426.519989
2794.343994 361.060822 71.940811 427.279999
2794.343994 361.266479 71.940811 427.489990
2794.343994 361.266479 71.940811 427.500000
2816.743896 362.081787 71.940811 428.279999
2816.775879 362.284973 71.940811 428.519989
2816.783936 362.284973 71.940811 428.519989
2846.696045 362.887756 71.940811 429.290009
2846.696045 363.094879 71.940811 429.510010
2846.728027 363.094879 71.940811 429.510010
2864.072021 363.915894 71.940811 430.290009
2864.072021 364.122711 71.940811 430.500000
2864.087891 364.122711 71.940811 430.519989
2872.847900 364.738464 71.940811 431.279999
2872.847900 364.941223 71.940811 431.500000
2872.879883 364.941223 71.940811 431.510010
2880.208008 365.756409 102.861908 432.269989
2880.216064 365.756409 102.861908 432.510010
2880.248047 365.756409 102.861908 432.519989
2884.303955 365.957428 102.861908 433.290009
2884.312012 366.157593 102.861908 433.489990
2884.384033 366.157593 102.861908 433.510010
2887.791992 366.960205 102.861908 434.299988
2887.808105 367.167114 102.861908 434.500000
2887.847900 367.167114 102.861908 434.500000
2889.488037 367.775787 102.861908 435.290009
2889.528076 367.984528 102.861908 435.510010
2889.528076 367.984528 102.861908 435.510010
2891.367920 368.798676 102.861908 436.279999
2891.456055 369.001770 102.861908 436.489990
2891.456055 369.001770 102.861908 436.500000
2893.152100 369.815460 102.861908 437.290009
2893.327881 370.018005 102.861908 437.489990
2893.327881 370.018005 102.861908 437.489990
2895.496094 370.633118 102.861908 438.309998
2895.624023 370.838104 102.861908 438.500000
2895.632080 370.838104 102.861908 438.519989
2900.431885 371.659729 102.861908 439.309998
2900.471924 371.659729 102.861908 439.510010
2900.479980 371.659729 102.861908 439.510010
2912.528076 372.491882 102.861908 440.279999
2912.528076 372.695129 102.861908 440.510010
2912.575928 372.695129 102.861908 440.519989
2918.431885 373.516022 102.861908 441.299988
2918.456055 373.722015 102.861908 441.489990
2918.456055 373.722015 102.861908 441.529999
2921.399902 374.342133 102.861908 442.290009
2921.424072 374.342133 110.823212 442.489990
2921.424072 374.342133 110.823212 442.510010
2923.367920 374.542236 110.823212 443.290009
2923.392090 374.743317 110.823212 443.500000
2923.392090 374.743317 110.823212 443.519989
2925.016113 375.356934 110.823212 444.279999
2925.063965 375.564636 110.823212 444.489990
2925.063965 375.564636 110.823212 444.510010
2926.808105 376.386047 110.823212 445.299988
2926.832031 376.594666 110.823212 445.510010
2926.872070 376.594666 110.823212 445.519989
2928.288086 377.415405 110.823212 446.279999
2928.320068 377.622437 110.823212 446.510010
2928.327881 377.622437 110.823212 446.519989
2930.095947 378.232544 110.823212 447.279999
2930.104004 378.439117 110.823212 447.510010
2930.127930 378.439117 110.823212 447.519989
2931.800049 379.266296 110.823212 448.290009
2931.815918 379.469482 110.823212 448.500000
2931.840088 379.469482 110.823212 448.510010
2933.815918 380.083771 110.823212 449.290009
2933.815918 380.285980 110.823212 449.500000
2933.823975 380.285980 110.823212 449.510010
2935.095947 381.096313 110.823212 450.290009
2935.095947 381.298279 110.823212 450.510010
2935.095947 381.298279 110.823212 450.570007
2935.775879 381.908081 110.823212 451.290009
2935.775879 382.116547 110.823212 451.500000
2935.791992 382.116547 110.823212 451.519989
2937.127930 382.734253 73.982224 452.299988
2937.127930 382.734253 73.982224 452.510010
2937.135986 382.734253 73.982224 452.510010
2938.424072 382.938599 73.982224 453.299988
2938.431885 383.144165 73.982224 453.489990
2938.431885 383.144165 73.982224 453.529999
2942.095947 383.959564 73.982224 454.279999
2942.104004 384.160889 73.982224 454.519989
2942.104004 384.160889 73.982224 454.519989
2950.256104 384.989746 73.982224 455.279999
2950.263916 385.196808 73.982224 455.510010
2950.263916 385.196808 73.982224 455.519989
2955.208008 385.809998 73.982224 456.279999
2955.208008 386.011780 73.982224 456.489990
2955.216064 386.011780 73.982224 456.500000
2957.216064 386.831055 73.982224 457.309998
2957.248047 387.032532 73.982224 457.510010
2957.312012 387.032532 73.982224 457.519989
2959.159912 387.850403 73.982224 458.290009
2959.159912 388.056030 73.982224 458.500000
2960.751953 388.056030 73.982224 458.510010
2962.535889 388.666718 73.982224 459.269989
2962.535889 388.870361 73.982224 459.519989
2963.639893 388.870361 73.982224 459.519989
2965.583984 389.276581 80.496193 460.290009
2965.583984 389.276581 80.496193 460.519989
2965.607910 389.276581 80.496193 460.519989
2966.840088 389.880859 80.496193 461.299988
2966.840088 390.087189 80.496193 461.519989
2966.840088 390.087189 80.496193 461.519989
2968.303955 390.698517 80.496193 462.269989
2968.303955 390.907379 80.496193 462.489990
2968.303955 390.907379 80.496193 462.529999
2968.751953 391.716095 80.496193 463.279999
2968.751953 391.919769 80.496193 463.489990
2968.751953 391.919769 80.496193 463.519989
2969.295898 392.533508 80.496193 464.279999
2969.295898 392.737671 80.496193 464.489990
2969.303955 392.737671 80.496193 464.500000
2969.959961 393.551910 80.496193 465.279999
2969.959961 393.551910 80.496193 465.489990
2969.959961 393.754730 80.496193 465.510010
2970.447998 394.369843 80.496193 466.279999
2970.456055 394.572144 80.496193 466.489990
2970.471924 394.572144 80.496193 466.519989
2971.176025 395.190521 80.496193 467.279999
2971.191895 395.592865 80.496193 467.519989
2971.199951 395.592865 80.496193 467.519989
2971.719971 396.204773 80.496193 468.279999
2971.728027 396.405975 80.496193 468.489990
2971.736084 396.405975 80.496193 468.500000
2972.144043 397.019501 67.201118 469.309998
2972.144043 397.019501 67.201118 469.519989
2972.208008 397.019501 67.201118 469.519989
2972.768066 397.223877 67.201118 470.269989
2972.791992 397.429382 67.201118 470.489990
2972.791992 397.429382 67.201118 470.529999
2973.632080 398.251465 67.201118 471.290009
2973.687988 398.457703 67.201118 471.500000
2973.696045 398.457703 67.201118 471.500000
2974.711914 399.280579 67.201118 472.279999
2974.743896 399.486816 67.201118 472.489990
2974.743896 399.486816 67.201118 472.519989
2975.775879 400.100006 67.201118 473.279999
2975.879883 400.302155 67.201118 473.489990
2975.895996 400.302155 67.201118 473.489990
2976.959961 401.120972 67.201118 474.269989
2976.983887 401.327118 67.201118 474.510010
2976.983887 401.327118 67.201118 474.519989
2977.912109 401.939606 67.201118 475.299988
2977.912109 402.142212 67.201118 475.510010
2978.080078 402.142212 67.201118 475.529999
2979.288086 402.957642 67.201118 476.290009
2979.288086 403.163116 67.201118 476.500000
2981.127930 403.163116 67.201118 476.529999
2983.104004 403.980011 67.201118 477.279999
2983.120117 404.180054 67.201118 477.489990
2984.095947 404.180054 67.201118 477.500000
2985.751953 404.793976 67.201118 478.299988
2985.751953 405.001678 57.859676 478.519989
2985.751953 405.001678 57.859676 478.519989
2987.095947 405.205414 57.859676 479.269989
2987.095947 405.205414 57.859676 479.510010
2987.095947 405.205414 57.859676 479.519989
2990.343994 405.819397 57.859676 480.299988
2990.343994 406.025177 57.859676 480.519989
2990.343994 406.025177 57.859676 480.519989
3014.184082 406.848572 57.859676 481.269989
3014.184082 407.056580 57.859676 481.489990
3014.184082 407.056580 57.859676 481.529999
3036.775879 407.889648 57.859676 482.279999
3036.775879 408.091492 57.859676 482.510010
3036.775879 408.091492 57.859676 482.519989
3050.783936 408.707275 57.859676 483.309998
3050.783936 408.908325 57.859676 483.519989
3050.783936 409.111267 57.859676 483.579987
3056.959961 409.721008 57.859676 484.290009
3056.959961 409.926239 57.859676 484.510010
3056.968018 409.926239 57.859676 484.510010
3059.936035 410.747620 57.859676 485.290009
3059.936035 410.949371 57.859676 485.510010
3059.936035 410.949371 57.859676 485.519989
3060.583984 411.564758 57.859676 486.299988
3060.583984 411.773865 57.859676 486.510010
3060.583984 411.773865 57.859676 486.519989
3060.719971 412.586517 57.859676 487.269989
3060.728027 412.794128 57.859676 487.519989
3060.736084 412.794128 57.859676 487.519989
3060.832031 413.412354 57.859676 488.279999
3060.832031 413.615570 73.120560 488.489990
3060.847900 413.615570 73.120560 488.519989
3060.895996 413.615570 73.120560 489.290009
3060.895996 413.821075 73.120560 489.489990
3060.976074 413.821075 73.120560 489.489990
3061.080078 414.638245 73.120560 490.279999
3061.080078 414.840088 73.120560 490.489990
3061.135986 415.048462 73.120560 490.529999
3061.152100 415.660950 73.120560 491.329987
3061.152100 415.864014 73.120560 491.500000
3061.184082 415.864014 73.120560 491.500000
3061.687988 416.475342 73.120560 492.279999
3061.687988 416.680145 73.120560 492.489990
3061.815918 416.680145 73.120560 492.500000
3062.407959 417.494568 73.120560 493.279999
3062.407959 417.702240 73.120560 493.500000
3062.560059 417.702240 73.120560 493.510010
3065.335938 418.320312 73.120560 494.269989
3065.335938 418.526001 73.120560 494.500000
3065.471924 418.526001 73.120560 494.519989
3068.496094 419.338684 73.120560 495.290009
3068.496094 419.541260 73.120560 495.519989
3068.711914 419.541260 73.120560 495.519989
3070.800049 420.147339 73.120560 496.279999
3070.800049 420.349365 73.120560 496.519989
3071.095947 420.349365 73.120560 496.519989
3073.263916 421.166138 73.120560 497.279999
3073.280029 421.368408 73.120560 497.519989
3073.488037 421.368408 73.120560 497.519989
3075.191895 421.569061 76.190376 498.290009
3075.191895 421.569061 76.190376 498.500000
3075.384033 421.569061 76.190376 498.519989
3076.823975 422.174042 76.190376 499.279999
3076.823975 422.374634 76.190376 499.519989
3076.959961 422.374634 76.190376 499.529999
3078.127930 423.193298 76.190376 500.279999
3078.127930 423.399109 76.190376 500.489990
3078.176025 423.399109 76.190376 500.510010
3079.104004 424.018768 76.190376 501.279999
3079.104004 424.222595 76.190376 501.489990
3079.144043 424.222595 76.190376 501.510010
3080.312012 424.830658 76.190376 502.299988
3080.312012 425.034698 76.190376 502.510010
3080.320068 425.034698 76.190376 502.510010
3081.696045 425.857300 76.190376 503.299988
3081.696045 426.061310 76.190376 503.519989
3081.711914 426.061310 76.190376 503.519989
3083.800049 426.672241 76.190376 504.279999
3083.800049 426.880066 76.190376 504.500000
3083.815918 426.880066 76.190376 504.500000
3088.352051 427.700439 76.190376 505.290009
3088.352051 427.901703 76.190376 505.519989
3088.367920 427.901703 76.190376 505.519989
3108.095947 428.724213 76.190376 506.279999
3108.104004 428.932709 76.190376 506.519989
3108.112061 428.932709 76.190376 506.519989
3122.479980 429.751923 76.190376 507.309998
3122.479980 429.751923 76.190376 507.500000
3122.479980 429.751923 76.190376 507.500000
3128.968018 430.373413 77.035187 508.299988
3128.968018 430.574554 77.035187 508.500000
3128.968018 430.574554 77.035187 508.510010
3130.144043 430.779114 77.035187 509.309998
3130.144043 430.984711 77.035187 509.510010
3130.152100 430.984711 77.035187 509.519989
3130.647949 431.789764 77.035187 510.299988
3130.647949 431.990723 77.035187 510.489990
3130.647949 431.990723 77.035187 510.500000
3131.167969 432.605743 77.035187 511.309998
3131.167969 432.806030 77.035187 511.519989
3131.167969 432.806030 77.035187 511.529999
3131.936035 433.620605 77.035187 512.280029
3131.936035 433.828613 77.035187 512.489990
3131.936035 433.828613 77.035187 512.500000
3133.048096 434.445312 77.035187 513.289978
3133.048096 434.651123 77.035187 513.500000
3133.080078 434.651123 77.035187 513.530029
3138.503906 435.470825 77.035187 514.309998
3138.503906 435.676147 77.035187 514.520020
3139.575928 435.676147 77.035187 514.520020
3150.696045 436.495667 77.035187 515.299988
3150.704102 436.701599 77.035187 515.510010
3152.607910 436.701599 77.035187 515.520020
3177.535889 437.309875 76.040024 516.309998
3177.535889 437.309875 76.040024 516.510010
3178.808105 437.309875 76.040024 516.510010
3195.840088 437.510193 76.040024 517.320007
3195.840088 437.713898 76.040024 517.489990
3196.895996 437.713898 76.040024 517.520020
3206.624023 438.531006 76.040024 518.309998
3206.624023 438.731140 76.040024 518.510010
3206.991943 438.731140 76.040024 518.520020
3215.000000 439.350952 76.040024 519.299988
3215.000000 439.557434 76.040024 519.520020
3215.000000 439.557434 76.040024 519.520020
3221.152100 440.374146 76.040024 520.320007
3221.152100 440.582642 76.040024 520.510010
3221.159912 440.582642 76.040024 520.510010
3225.607910 441.400116 76.040024 521.299988
3225.607910 441.608978 76.040024 521.510010
3225.607910 441.608978 76.040024 521.520020
3234.775879 442.230072 76.040024 522.299988
3234.775879 442.435333 76.040024 522.520020
3234.775879 442.435333 76.040024 522.520020
3251.919922 443.247620 76.040024 523.299988
3251.919922 443.454468 76.040024 523.520020
3251.919922 443.454468 76.040024 523.530029
3255.528076 444.265106 76.040024 524.320007
3255.535889 444.265106 90.465111 524.489990
3255.560059 444.265106 90.465111 524.500000
3256.503906 444.467133 90.465111 525.309998
3256.503906 444.667816 90.465111 525.489990
3256.520020 444.667816 90.465111 525.520020
3257.407959 445.495056 90.465111 526.299988
3257.407959 445.700989 90.465111 526.510010
3257.407959 445.700989 90.465111 526.510010
3259.904053 446.521912 90.465111 527.299988
3259.919922 446.724396 90.465111 527.510010
3260.016113 446.724396 90.465111 527.530029
3262.352051 447.334564 90.465111 528.299988
3262.352051 447.541351 90.465111 528.500000
3262.367920 447.541351 90.465111 528.510010
3264.632080 448.358582 90.465111 529.309998
3264.632080 448.567444 90.465111 529.489990
3264.639893 448.567444 90.465111 529.510010
3266.199951 449.398895 90.465111 530.309998
3266.199951 449.603363 90.465111 530.500000
3266.199951 449.603363 90.465111 530.530029
3267.791992 450.418091 90.465111 531.309998
3267.791992 450.618774 90.465111 531.520020
3267.815918 450.618774 90.465111 531.520020
3268.936035 451.237244 90.465111 532.289978
3268.944092 451.437683 90.465111 532.489990
3268.944092 451.437683 90.465111 532.530029
3270.384033 452.246887 90.465111 533.289978
3270.392090 452.246887 90.465111 533.500000
3270.392090 452.246887 90.465111 533.500000
3271.919922 452.856079 110.190086 534.299988
3271.919922 452.856079 110.190086 534.510010
3271.919922 452.856079 110.190086 534.520020
3273.216064 453.259674 110.190086 535.309998
3273.216064 453.467804 110.190086 535.500000
3273.216064 453.467804 110.190086 535.520020
3274.496094 454.280609 110.190086 536.299988
3274.503906 454.484650 110.190086 536.489990
3274.503906 454.484650 110.190086 536.500000
3276.087891 455.304565 110.190086 537.320007
3276.120117 455.511871 110.190086 537.520020
3276.120117 455.511871 110.190086 537.520020
3279.008057 456.128693 110.190086 538.299988
3279.048096 456.329468 110.190086 538.500000
3279.392090 456.329468 110.190086 538.500000
3286.800049 457.156036 110.190086 539.309998
3286.800049 457.361725 110.190086 539.510010
3287.431885 457.361725 110.190086 539.520020
3297.023926 457.970245 110.190086 540.320007
3297.023926 458.178558 110.190086 540.489990
3297.303955 458.178558 110.190086 540.500000
3300.399902 458.995819 110.190086 541.320007
3300.399902 458.995819 110.190086 541.500000
3300.399902 458.995819 110.190086 541.500000
3301.808105 459.820801 110.190086 542.289978
3301.815918 460.020996 110.190086 542.489990
3301.815918 460.020996 110.190086 542.520020
3303.120117 460.221161 117.520721 543.309998
3303.135986 460.221161 117.520721 543.520020
3303.135986 460.221161 117.520721 543.530029
3303.991943 460.829834 117.520721 544.299988
3303.991943 461.036469 117.520721 544.520020
3303.991943 461.036469 117.520721 544.530029
3304.535889 461.859253 117.520721 545.330017
3304.535889 462.060364 117.520721 545.489990
3304.535889 462.060364 117.520721 545.510010
3305.184082 462.666901 117.520721 546.299988
3305.184082 462.874908 117.520721 546.510010
3305.184082 463.078522 117.520721 546.520020
3305.815918 463.687439 117.520721 547.320007
3305.815918 463.888611 117.520721 547.520020
3305.823975 463.888611 117.520721 547.520020
3306.399902 464.703766 117.520721 548.320007
3306.407959 464.907776 117.520721 548.520020
3306.416016 464.907776 117.520721 548.530029
3307.008057 465.726562 117.520721 549.309998
3307.008057 465.726562 117.520721 549.489990
3307.023926 465.931641 117.520721 549.520020
3307.959961 466.550476 117.520721 550.309998
3307.959961 466.756012 117.520721 550.510010
3308.008057 466.756012 117.520721 550.510010
3309.159912 467.576996 117.520721 551.309998
3309.167969 467.779419 117.520721 551.520020
3309.208008 467.779419 117.520721 551.549988
3311.535889 468.186615 95.388420 552.330017
3311.535889 468.186615 95.388420 552.520020
3311.552002 468.186615 95.388420 552.520020
3313.375977 468.596283 95.388420 553.320007
3313.375977 468.804443 95.388420 553.489990
3313.399902 468.804443 95.388420 553.520020
3317.424072 469.621002 95.388420 554.309998
3317.424072 469.824127 95.388420 554.510010
3317.503906 469.824127 95.388420 554.520020
3330.912109 470.442535 95.388420 555.309998
3330.912109 470.645782 95.388420 555.520020
3331.055908 470.645782 95.388420 555.520020
3340.256104 471.470612 95.388420 556.299988
3340.256104 471.672272 95.388420 556.510010
3340.392090 471.672272 95.388420 556.510010
3347.656006 472.290405 95.388420 557.309998
3347.656006 472.498901 95.388420 557.489990
3347.879883 472.498901 95.388420 557.530029
3352.231934 473.314545 95.388420 558.309998
3352.231934 473.314545 95.388420 558.510010
3352.447998 473.522858 95.388420 558.570007
3353.840088 474.131561 95.388420 559.309998
3353.840088 474.338318 95.388420 559.500000
3353.927979 474.338318 95.388420 559.530029
3354.023926 475.163330 95.388420 560.289978
3354.023926 475.371429 95.388420 560.489990
3354.271973 475.371429 95.388420 560.489990
3354.424072 475.776886 110.568665 561.299988
3354.431885 475.776886 110.568665 561.510010
3354.503906 475.776886 110.568665 561.510010
3354.615967 476.186188 110.568665 562.320007
3354.615967 476.391174 110.568665 562.489990
3354.815918 476.391174 110.568665 562.510010
3355.095947 477.200775 110.568665 563.299988
3355.095947 477.406494 110.568665 563.500000
3355.152100 477.406494 110.568665 563.510010
3355.263916 478.026489 110.568665 564.309998
3355.263916 478.233093 110.568665 564.510010
3355.295898 478.233093 110.568665 564.510010
3355.367920 479.046539 110.568665 565.309998
3355.367920 479.248535 110.568665 565.489990
3355.416016 479.248535 110.568665 565.510010
3355.696045 479.864349 110.568665 566.309998
3355.696045 480.066406 110.568665 566.489990
3355.728027 480.066406 110.568665 566.500000
3355.927979 480.882019 110.568665 567.330017
3355.927979 481.091125 110.568665 567.510010
3355.936035 481.091125 110.568665 567.510010
3356.456055 481.907623 110.568665 568.309998
3356.456055 481.907623 110.568665 568.489990
3356.488037 481.907623 110.568665 568.500000
3357.112061 482.719208 110.568665 569.320007
3357.112061 482.922089 110.568665 569.500000
3357.120117 482.922089 110.568665 569.510010
3358.528076 483.742767 110.568665 570.309998
3358.535889 483.947174 110.568665 570.500000
3358.535889 483.947174 110.568665 570.530029
3363.503906 484.150543 90.605850 571.309998
3363.535889 484.150543 90.605850 571.520020
3363.543945 484.150543 90.605850 571.520020
3369.008057 484.766785 90.605850 572.320007
3369.008057 484.971100 90.605850 572.510010
3369.008057 484.971100 90.605850 572.520020
3382.040039 485.796448 90.605850 573.309998
3382.040039 486.003845 90.605850 573.500000
3382.040039 486.003845 90.605850 573.510010
3394.696045 486.616516 90.605850 574.309998
3394.696045 486.821655 90.605850 574.500000
3394.711914 486.821655 90.605850 574.530029
3402.959961 487.232666 108.501778 575.309998
3402.968018 487.232666 108.501778 575.489990
3402.968018 487.232666 108.501778 575.500000
3407.135986 487.640869 108.501778 576.309998
3407.144043 487.846008 108.501778 576.500000
3407.263916 487.846008 108.501778 576.530029
3410.112061 488.659973 108.501778 577.299988
3410.199951 488.867218 108.501778 577.500000
3410.783936 488.867218 108.501778 577.520020
3412.208008 489.670471 108.501778 578.330017
3412.303955 489.670471 108.501778 578.500000
3412.927979 489.670471 108.501778 578.500000
3412.976074 490.488251 108.501778 579.289978
3413.127930 490.691864 108.501778 579.500000
3414.000000 490.691864 108.501778 579.510010
3414.016113 491.309082 108.501778 580.309998
3414.072021 491.516602 108.501778 580.510010
3414.751953 491.516602 108.501778 580.520020
3414.775879 492.339539 108.501778 581.309998
3414.791992 492.539978 108.501778 581.500000
3415.263916 492.539978 108.501778 581.530029
3415.271973 493.348663 108.501778 582.320007
3415.312012 493.553772 108.501778 582.489990
3415.815918 493.553772 108.501778 582.510010
3415.832031 494.161835 108.501778 583.320007
3415.832031 494.367371 108.501778 583.489990
3416.016113 494.367371 108.501778 583.520020
3416.040039 494.981445 108.501778 584.309998
3416.063965 495.186554 108.501778 584.520020
3416.063965 495.186554 125.616478 584.520020
3416.063965 495.388580 125.616478 585.299988
3416.072021 495.388580 125.616478 585.500000
3416.072021 495.388580 125.616478 585.500000
3416.072021 496.203949 125.616478 586.299988
3416.072021 496.412140 125.616478 586.489990
3416.072021 496.412140 125.616478 586.520020
3416.080078 497.238495 125.616478 587.309998
3416.095947 497.443604 125.616478 587.520020
3416.095947 497.443604 125.616478 587.520020
3416.248047 498.060425 125.616478 588.309998
3416.263916 498.268097 125.616478 588.520020
3416.263916 498.268097 125.616478 588.530029
3416.271973 499.086853 125.616478 589.309998
3416.271973 499.287201 125.616478 589.520020
3416.271973 499.287201 125.616478 589.520020
3416.424072 500.098572 125.616478 590.330017
3416.424072 500.299927 125.616478 590.489990
3416.424072 500.299927 125.616478 590.530029
3417.312012 500.912262 125.616478 591.309998
3417.312012 501.120453 125.616478 591.510010
3417.312012 501.120453 125.616478 591.510010
3419.983887 501.936615 125.616478 592.309998
3419.983887 501.936615 125.616478 592.500000
3419.991943 501.936615 125.616478 592.530029
3422.496094 502.747955 125.616478 593.320007
3422.496094 502.747955 106.810287 593.510010
3422.520020 502.747955 106.810287 593.530029
3424.528076 502.950195 106.810287 594.320007
3424.528076 503.153229 106.810287 594.500000
3424.535889 503.153229 106.810287 594.530029
3426.271973 503.768799 106.810287 595.309998
3426.271973 503.968872 106.810287 595.500000
3426.343994 503.968872 106.810287 595.500000
3427.327881 504.785553 106.810287 596.309998
3427.327881 504.988556 106.810287 596.510010
3427.360107 504.988556 106.810287 596.510010
3427.367920 505.804901 106.810287 597.280029
3427.367920 506.013580 106.810287 597.500000
3427.464111 506.013580 106.810287 597.520020
3427.488037 506.624634 106.810287 598.280029
3427.488037 506.828033 106.810287 598.510010
3427.528076 506.828033 106.810287 598.520020
3427.568115 507.645447 106.810287 599.320007
3427.568115 507.845886 106.810287 599.489990
3427.600098 507.845886 106.810287 599.530029
3427.672119 508.457642 106.810287 600.320007
3427.672119 508.661316 106.810287 600.520020
3427.951904 508.661316 106.810287 600.520020
3428.023926 509.470276 106.810287 601.309998
3428.023926 509.670349 106.810287 601.489990
3428.239990 509.670349 106.810287 601.500000
3428.320068 510.487885 106.810287 602.320007
3428.320068 510.487885 106.810287 602.520020
3428.711914 510.487885 106.810287 602.520020
3428.872070 511.102905 100.387184 603.309998
3428.872070 511.102905 100.387184 603.500000
3429.135986 511.102905 100.387184 603.500000
3429.399902 511.515167 100.387184 604.320007
3429.399902 511.515167 100.387184 604.489990
3429.615967 511.515167 100.387184 604.520020
3429.768066 512.323425 100.387184 605.309998
3429.768066 512.525513 100.387184 605.520020
3430.087891 512.525513 100.387184 605.520020
3430.152100 513.345520 100.387184 606.299988
3430.152100 513.546753 100.387184 606.520020
3431.063965 513.546753 100.387184 606.520020
3431.224121 514.359314 100.387184 607.330017
3431.224121 514.359314 100.387184 607.510010
3432.384033 514.359314 100.387184 607.510010
3432.439941 515.178894 100.387184 608.299988
3432.439941 515.385132 100.387184 608.520020
3434.127930 515.385132 100.387184 608.520020
3434.256104 516.203613 100.387184 609.299988
3434.256104 516.412354 100.387184 609.520020
3435.679932 516.412354 100.387184 609.520020
3435.847900 517.019775 100.387184 610.299988
3435.864014 517.019775 100.387184 610.479980
3437.479980 517.220337 100.387184 610.500000
3437.639893 517.836792 100.387184 611.320007
3437.664062 518.043701 100.387184 611.510010
3439.775879 518.043701 100.387184 611.520020
3439.895996 518.865601 100.387184 612.299988
3439.895996 518.865601 105.736748 612.520020
3447.159912 518.865601 105.736748 612.520020
3447.248047 519.070007 105.736748 613.330017
3447.248047 519.271118 105.736748 613.520020
3453.303955 519.271118 105.736748 613.520020
3453.479980 519.879700 105.736748 614.320007
3453.479980 520.087463 105.736748 614.500000
3459.528076 520.087463 105.736748 614.510010
3459.624023 520.914246 105.736748 615.299988
3459.624023 521.120422 105.736748 615.520020
3464.959961 521.120422 105.736748 615.520020
3465.040039 521.940735 105.736748 616.299988
3465.063965 522.143799 105.736748 616.510010
3469.615967 522.143799 105.736748 616.510010
3469.760010 522.961609 105.736748 617.320007
3469.760010 522.961609 105.736748 617.510010
3472.919922 523.161865 105.736748 617.530029
3473.055908 523.772522 105.736748 618.309998
3473.055908 523.974792 105.736748 618.500000
3475.352051 523.974792 105.736748 618.510010
3475.528076 524.795654 105.736748 619.309998
3475.528076 525.000732 105.736748 619.489990
3476.552002 525.000732 105.736748 619.530029
3476.783936 525.615051 105.736748 620.299988
3476.783936 525.815125 105.736748 620.510010
3477.672119 525.815125 105.736748 620.530029
3477.879883 526.630920 105.736748 621.330017
3477.895996 526.834351 105.736748 621.489990
3479.431885 526.834351 105.736748 621.520020
3479.656006 527.242432 111.321510 622.289978
3479.664062 527.242432 111.321510 622.500000
3482.224121 527.242432 111.321510 622.539978
3482.496094 527.647949 111.321510 623.289978
3482.496094 527.855042 111.321510 623.510010
3484.560059 527.855042 111.321510 623.520020
3484.887939 528.667969 111.321510 624.320007
3484.887939 528.872375 111.321510 624.489990
3487.520020 528.872375 111.321510 624.530029
3487.791992 529.481201 111.321510 625.309998
3487.800049 529.685120 111.321510 625.500000
3490.743896 529.685120 111.321510 625.520020
3491.271973 530.500366 111.321510 626.299988
3491.271973 530.703613 111.321510 626.489990
3493.751953 530.703613 111.321510 626.510010
3494.231934 531.524536 111.321510 627.309998
3494.231934 531.728455 111.321510 627.520020
3498.991943 531.728455 111.321510 627.520020
3499.407959 532.548401 111.321510 628.320007
3499.407959 532.548401 111.321510 628.489990
3508.944092 532.548401 111.321510 628.520020
3509.288086 533.364868 111.321510 629.309998
3509.288086 533.568420 111.321510 629.500000
3515.944092 533.568420 111.321510 629.539978
3516.687988 534.195435 111.321510 630.299988
3516.687988 534.400879 111.321510 630.520020
3518.968018 534.400879 111.321510 630.539978
3519.912109 535.019897 111.991486 631.330017
3519.912109 535.220215 111.991486 631.520020
3520.664062 535.220215 111.991486 631.520020
3521.303955 535.424438 111.991486 632.309998
3521.303955 535.633057 111.991486 632.520020
3522.016113 535.633057 111.991486 632.520020
3522.679932 536.245056 111.991486 633.330017
3522.679932 536.453613 111.991486 633.489990
3523.295898 536.453613 111.991486 633.520020
3523.991943 537.271118 111.991486 634.289978
3523.991943 537.478638 111.991486 634.510010
3524.367920 537.478638 111.991486 634.530029
3524.983887 538.293091 111.991486 635.309998
3524.983887 538.293091 111.991486 635.489990
3525.416016 538.494934 111.991486 635.530029
3537.343994 539.106934 111.991486 636.299988
3537.343994 539.307678 111.991486 636.510010
3537.624023 539.307678 111.991486 636.530029
3542.231934 540.130005 111.991486 637.309998
3542.231934 540.336304 111.991486 637.510010
3542.543945 540.336304 111.991486 637.520020
3544.199951 540.949402 111.991486 638.299988
3544.216064 541.155701 111.991486 638.500000
3544.479980 541.155701 111.991486 638.520020
3545.184082 541.978943 111.991486 639.320007
3545.184082 541.978943 111.991486 639.489990
3545.520020 542.180969 107.959129 639.530029
3546.031982 542.180969 107.959129 640.309998
3546.031982 542.382019 107.959129 640.500000
3546.568115 542.382019 107.959129 640.510010
3547.016113 542.992798 107.959129 641.309998
3547.016113 543.197815 107.959129 641.510010
3547.968018 543.197815 107.959129 641.520020
3548.159912 543.813965 107.959129 642.280029
3548.159912 544.031250 107.959129 642.510010
3549.224121 544.031250 107.959129 642.520020
3549.439941 544.852173 107.959129 643.299988
3549.439941 545.058167 107.959129 643.500000
3551.023926 545.058167 107.959129 643.510010
3551.280029 545.872192 107.959129 644.320007
3551.280029 546.079163 107.959129 644.510010
3552.607910 546.079163 107.959129 644.539978
3552.855957 546.689209 107.959129 645.320007
3552.855957 546.891479 107.959129 645.489990
3554.991943 546.891479 107.959129 645.510010
3555.343994 547.723755 107.959129 646.309998
3555.343994 547.932922 107.959129 646.510010
3556.775879 547.932922 107.959129 646.530029
3557.312012 548.557434 107.959129 647.299988
3557.312012 548.761292 94.780655 647.510010
3558.248047 548.761292 94.780655 647.520020
3558.656006 548.962158 94.780655 648.320007
3558.656006 548.962158 94.780655 648.489990
3559.791992 548.962158 94.780655 648.530029
3560.520020 549.578979 94.780655 649.309998
3560.520020 549.782288 94.780655 649.489990
3561.407959 549.985046 94.780655 649.530029
3563.104004 550.604004 94.780655 650.309998
3563.104004 550.804504 94.780655 650.520020
3564.271973 551.010010 94.780655 650.549988
3569.560059 551.620056 94.780655 651.320007
3569.560059 551.823486 94.780655 651.500000
3569.887939 551.823486 94.780655 651.510010
3589.199951 552.627808 94.780655 652.320007
3589.199951 552.835510 94.780655 652.510010
3589.600098 552.835510 94.780655 652.539978
3609.855957 553.442322 94.780655 653.299988
3609.855957 553.646484 94.780655 653.520020
3610.208008 553.646484 94.780655 653.530029
3621.639893 554.459900 94.780655 654.320007
3621.639893 554.667175 94.780655 654.500000
3621.855957 554.667175 94.780655 654.520020
3629.864014 555.493530 94.780655 655.330017
3629.864014 555.493530 94.780655 655.510010
3629.983887 555.493530 94.780655 655.520020
3635.407959 555.899719 97.008369 656.309998
3635.407959 555.899719 97.008369 656.510010
3635.560059 555.899719 97.008369 656.520020
3640.327881 556.509033 97.008369 657.320007
3640.327881 556.716919 97.008369 657.489990
3640.639893 556.716919 97.008369 657.530029
3643.008057 557.547485 97.008369 658.340027
3643.008057 557.547485 97.008369 658.489990
3643.280029 557.756348 97.008369 658.520020
3645.832031 558.369995 97.008369 659.330017
3645.832031 558.578979 97.008369 659.500000
3645.959961 558.578979 97.008369 659.510010
3648.760010 559.400696 97.008369 660.320007
3648.768066 559.400696 97.008369 660.489990
3648.919922 559.609009 97.008369 660.510010
3651.127930 560.218994 97.008369 661.289978
3651.127930 560.423340 97.008369 661.510010
3651.367920 560.423340 97.008369 661.520020
3653.127930 561.241699 97.008369 662.309998
3653.127930 561.450439 97.008369 662.520020
3654.120117 561.450439 97.008369 662.520020
3655.656006 562.067200 97.008369 663.299988
3655.656006 562.272522 97.008369 663.510010
3656.399902 562.272522 97.008369 663.510010
3657.583984 562.885559 97.008369 664.330017
3657.583984 563.088623 100.052521 664.510010
3658.271973 563.088623 100.052521 664.539978
3659.295898 563.289551 100.052521 665.280029
3659.295898 563.289551 100.052521 665.510010
3659.775879 563.289551 100.052521 665.520020
3660.936035 564.108398 100.052521 666.309998
3660.944092 564.314392 100.052521 666.489990
3661.568115 564.314392 100.052521 666.520020
3662.991943 565.131470 100.052521 667.320007
3662.991943 565.131470 100.052521 667.489990
3663.199951 565.131470 100.052521 667.510010
3664.927979 565.951050 100.052521 668.299988
3664.927979 566.154175 100.052521 668.510010
3665.031982 566.154175 100.052521 668.520020
3668.728027 566.769165 100.052521 669.289978
3668.728027 566.973267 100.052521 669.520020
3668.823975 566.973267 100.052521 669.530029
3676.407959 567.780396 100.052521 670.340027
3676.407959 567.987061 100.052521 670.520020
3676.543945 567.987061 100.052521 670.530029
3681.496094 568.607788 100.052521 671.299988
3681.496094 568.814941 100.052521 671.510010
3681.639893 568.814941 100.052521 671.520020
3683.144043 569.644287 100.052521 672.309998
3683.144043 569.644287 100.052521 672.520020
3683.384033 569.851440 100.052521 672.559998
3684.224121 570.463074 100.052521 673.309998
3684.224121 570.669067 100.052521 673.510010
3684.352051 570.669067 100.052521 673.559998
3684.919922 570.869202 107.666458 674.299988
3684.927979 570.869202 107.666458 674.500000
3685.072021 570.869202 107.666458 674.530029
3685.624023 571.484924 107.666458 675.309998
3685.632080 571.690796 107.666458 675.510010
3685.768066 571.690796 107.666458 675.530029
3685.968018 572.511353 107.666458 676.340027
3685.968018 572.511353 107.666458 676.489990
3686.055908 572.712952 107.666458 676.530029
3686.431885 573.332458 107.666458 677.320007
3686.431885 573.539246 107.666458 677.500000
3686.552002 573.539246 107.666458 677.530029
3686.840088 574.359497 107.666458 678.320007
3686.840088 574.359497 107.666458 678.500000
3686.968018 574.563171 107.666458 678.520020
3687.295898 575.172241 107.666458 679.320007
3687.295898 575.373718 107.666458 679.500000
3687.528076 575.373718 107.666458 679.530029
3688.216064 575.992737 107.666458 680.280029
3688.216064 576.198120 107.666458 680.500000
3688.887939 576.400330 107.666458 680.520020
3689.936035 577.019714 107.666458 681.320007
3689.936035 577.228149 107.666458 681.489990
3690.496094 577.228149 107.666458 681.549988
3691.176025 578.047058 107.666458 682.309998
3691.176025 578.255737 107.666458 682.489990
3691.560059 578.255737 107.666458 682.530029
3692.840088 578.864075 83.608223 683.330017
3692.840088 578.864075 83.608223 683.479980
3693.048096 578.864075 83.608223 683.500000
3694.072021 579.268127 83.608223 684.330017
3694.072021 579.268127 83.608223 684.520020
3694.135986 579.268127 83.608223 684.520020
3697.624023 580.086060 83.608223 685.299988
3697.624023 580.294434 83.608223 685.510010
3697.679932 580.294434 83.608223 685.510010
3704.704102 581.124634 83.608223 686.330017
3704.704102 581.325745 83.608223 686.500000
3704.791992 581.325745 83.608223 686.520020
3710.456055 581.941833 83.608223 687.309998
3710.464111 582.142334 83.608223 687.520020
3710.607910 582.142334 83.608223 687.530029
3712.664062 582.953308 83.608223 688.309998
3712.704102 582.953308 83.608223 688.489990
3712.800049 583.158691 83.608223 688.530029
3714.072021 583.773682 83.608223 689.330017
3714.080078 583.974304 83.608223 689.500000
3714.159912 583.974304 83.608223 689.510010
3715.808105 584.795349 83.608223 690.320007
3715.823975 584.998230 83.608223 690.500000
3716.072021 584.998230 83.608223 690.510010
3721.248047 585.814331 83.608223 691.330017
3721.263916 585.814331 83.608223 691.500000
3721.343994 585.814331 83.608223 691.500000
3729.791992 586.628052 83.608223 692.299988
3729.800049 586.833618 83.608223 692.510010
3729.887939 586.833618 83.608223 692.510010
3732.055908 587.439575 75.281258 693.299988
3732.055908 587.640442 75.281258 693.500000
3732.072021 587.640442 75.281258 693.500000
3733.080078 587.845459 75.281258 694.320007
3733.080078 587.845459 75.281258 694.500000
3733.112061 587.845459 75.281258 694.530029
3733.951904 588.666138 75.281258 695.320007
3733.951904 588.876038 75.281258 695.489990
3734.016113 588.876038 75.281258 695.520020
3734.944092 589.688538 75.281258 696.299988
3734.944092 589.894165 75.281258 696.489990
3735.008057 589.894165 75.281258 696.520020
3735.471924 590.508362 75.281258 697.299988
3735.488037 590.710999 75.281258 697.520020
3735.575928 590.710999 75.281258 697.520020
3736.327881 591.537109 75.281258 698.330017
3736.375977 591.741211 75.281258 698.500000
3736.607910 591.741211 75.281258 698.520020
3737.120117 592.564331 75.281258 699.309998
3737.120117 592.771606 75.281258 699.520020
3737.503906 592.771606 75.281258 699.530029
3737.736084 593.385315 75.281258 700.320007
3737.736084 593.591492 75.281258 700.510010
3738.127930 593.591492 75.281258 700.539978
3738.416016 594.400757 75.281258 701.320007
3738.416016 594.601074 75.281258 701.500000
3738.951904 594.601074 75.281258 701.520020
3739.335938 595.423035 75.281258 702.340027
3739.335938 595.630005 75.281258 702.500000
3739.919922 595.630005 75.281258 702.530029
3740.511963 596.251770 75.281258 703.340027
3740.511963 596.452393 75.281258 703.500000
3740.832031 596.452393 75.281258 703.530029
3741.087891 596.859985 90.484116 704.289978
3741.087891 596.859985 90.484116 704.500000
3741.256104 596.859985 90.484116 704.530029
3741.568115 597.270081 90.484116 705.289978
3741.568115 597.478638 90.484116 705.500000
3741.615967 597.478638 90.484116 705.539978
3741.751953 598.286316 90.484116 706.320007
3741.791992 598.487244 90.484116 706.520020
3741.832031 598.487244 90.484116 706.520020
3742.464111 599.312683 90.484116 707.320007
3742.503906 599.312683 90.484116 707.489990
3742.528076 599.312683 90.484116 707.520020
3744.687988 600.136169 90.484116 708.309998
3744.704102 600.336548 90.484116 708.510010
3744.751953 600.336548 90.484116 708.530029
3745.335938 601.162292 90.484116 709.299988
3745.335938 601.363647 90.484116 709.520020
3745.464111 601.363647 90.484116 709.520020
3745.919922 602.174011 90.484116 710.320007
3745.919922 602.174011 90.484116 710.489990
3746.040039 602.378357 90.484116 710.520020
3746.464111 602.988831 90.484116 711.320007
3746.464111 603.189026 90.484116 711.500000
3746.511963 603.189026 90.484116 711.520020
3746.815918 604.016296 90.484116 712.340027
3746.823975 604.016296 90.484116 712.489990
3746.887939 604.216736 90.484116 712.530029
3747.280029 604.834045 90.484116 713.299988
3747.280029 605.039246 90.484116 713.510010
3747.327881 605.039246 90.484116 713.510010
3747.775879 605.864807 90.484116 714.299988
3747.775879 606.064819 90.484116 714.510010
3747.800049 606.064819 90.484116 714.530029
3748.375977 606.268616 87.256721 715.309998
3748.375977 606.470032 87.256721 715.510010
3748.375977 606.470032 87.256721 715.530029
3749.063965 606.878296 87.256721 716.309998
3749.152100 607.082764 87.256721 716.500000
3749.216064 607.082764 87.256721 716.520020
3749.736084 607.903687 87.256721 717.340027
3749.743896 608.112610 87.256721 717.489990
3750.191895 608.112610 87.256721 717.510010
3750.583984 608.936218 87.256721 718.289978
3750.592041 609.139038 87.256721 718.520020
3750.879883 609.139038 87.256721 718.520020
3751.271973 609.755798 87.256721 719.309998
3751.288086 609.959595 87.256721 719.489990
3751.719971 609.959595 87.256721 719.520020
3752.152100 610.569458 87.256721 720.309998
3752.152100 610.770386 87.256721 720.489990
3752.704102 610.770386 87.256721 720.500000
3753.144043 611.589905 87.256721 721.340027
3753.144043 611.589905 87.256721 721.489990
3753.632080 611.799011 87.256721 721.510010
3753.912109 612.415161 87.256721 722.299988
3753.912109 612.622681 87.256721 722.500000
3754.135986 612.622681 87.256721 722.520020
3754.208008 613.231201 87.256721 723.289978
3754.208008 613.438171 87.256721 723.489990
3754.231934 613.641479 87.256721 723.530029
3754.320068 614.255798 87.256721 724.309998
3754.327881 614.459961 87.256721 724.489990
3754.360107 614.459961 87.256721 724.520020
3754.439941 614.662048 97.131622 725.299988
3754.679932 614.662048 97.131622 725.500000
3754.696045 614.864258 97.131622 725.530029
3754.775879 615.270691 97.131622 726.330017
3754.775879 615.477051 97.131622 726.520020
3754.840088 615.477051 97.131622 726.520020
3754.912109 616.299072 97.131622 727.320007
3754.927979 616.499939 97.131622 727.510010
3755.040039 616.499939 97.131622 727.510010
3755.087891 617.118774 97.131622 728.330017
3755.167969 617.325867 97.131622 728.489990
3755.263916 617.325867 97.131622 728.510010
3755.335938 618.137512 97.131622 729.330017
3755.335938 618.338440 97.131622 729.510010
3755.407959 618.338440 97.131622 729.539978
3755.488037 618.954529 97.131622 730.299988
3755.503906 619.161926 97.131622 730.510010
3755.552002 619.161926 97.131622 730.510010
3755.624023 619.980103 97.131622 731.320007
3755.664062 620.180420 97.131622 731.500000
3755.751953 620.180420 97.131622 731.510010
3755.847900 620.999329 97.131622 732.309998
3755.879883 620.999329 97.131622 732.520020
3755.887939 620.999329 97.131622 732.520020
3756.055908 621.622986 93.847260 733.309998
3756.343994 621.824951 93.847260 733.520020
3756.399902 621.824951 93.847260 733.530029
3756.647949 622.025391 93.847260 734.309998
3756.936035 622.230286 93.847260 734.500000
3756.944092 622.230286 93.847260 734.530029
3757.424072 622.840881 93.847260 735.330017
3757.647949 623.044189 93.847260 735.520020
3757.664062 623.044189 93.847260 735.520020
3757.887939 623.858582 93.847260 736.330017
3757.895996 624.060364 93.847260 736.500000
3757.912109 624.060364 93.847260 736.530029
3758.152100 624.881287 93.847260 737.320007
3758.248047 624.881287 93.847260 737.479980
3758.367920 625.087036 93.847260 737.530029
3758.488037 625.699463 93.847260 738.299988
3758.503906 625.900574 93.847260 738.510010
3758.800049 625.900574 93.847260 738.520020
3758.895996 626.717896 93.847260 739.320007
3758.968018 626.923340 93.847260 739.489990
3759.343994 626.923340 93.847260 739.500000
3759.392090 627.542358 93.847260 740.330017
3759.543945 627.744141 93.847260 740.510010
3759.951904 627.744141 93.847260 740.530029
3760.000000 628.556335 93.512375 741.309998
3760.063965 628.556335 93.512375 741.500000
3760.407959 628.556335 93.512375 741.500000
3760.464111 628.757446 93.512375 742.309998
3760.471924 628.962219 93.512375 742.479980
3760.552002 628.962219 93.512375 742.530029
3760.568115 629.773926 93.512375 743.299988
3760.672119 629.979431 93.512375 743.489990
3760.743896 629.979431 93.512375 743.510010
3760.775879 630.796875 93.512375 744.330017
3760.912109 630.999939 93.512375 744.500000
3760.968018 630.999939 93.512375 744.500000
3761.000000 631.615662 93.512375 745.330017
3761.120117 631.820984 93.512375 745.520020
3761.152100 631.820984 93.512375 745.520020
3761.152100 632.440063 93.512375 746.330017
3761.152100 632.647400 93.512375 746.510010
3761.176025 632.647400 93.512375 746.510010
3761.239990 633.451782 93.512375 747.309998
3761.239990 633.653625 93.512375 747.489990
3761.288086 633.653625 93.512375 747.520020
3761.312012 634.470337 93.512375 748.320007
3761.312012 634.470337 93.512375 748.510010
3761.407959 634.674377 93.512375 748.520020
3761.488037 635.288452 93.512375 749.299988
3761.511963 635.491699 93.512375 749.500000
3761.600098 635.491699 93.512375 749.530029
3761.615967 636.300598 93.512375 750.320007
3761.656006 636.300598 93.512375 750.500000
3761.664062 636.503235 93.512375 750.530029
3761.743896 636.912170 105.770020 751.309998
3761.775879 636.912170 105.770020 751.500000
3761.783936 636.912170 105.770020 751.520020
3761.832031 637.314209 105.770020 752.340027
3761.864014 637.314209 105.770020 752.510010
3761.944092 637.517395 105.770020 752.539978
3761.951904 638.133118 105.770020 753.330017
3761.968018 638.339050 105.770020 753.510010
3762.000000 638.339050 105.770020 753.530029
3762.048096 639.154480 105.770020 754.289978
3762.080078 639.154480 105.770020 754.489990
3762.095947 639.154480 105.770020 754.500000
3762.159912 639.979187 105.770020 755.320007
3762.191895 640.180664 105.770020 755.500000
3762.312012 640.180664 105.770020 755.530029
3762.312012 640.797424 105.770020 756.309998
3762.632080 641.005737 105.770020 756.500000
3763.055908 641.005737 105.770020 756.510010
3763.055908 641.819336 105.770020 757.330017
3763.471924 641.819336 105.770020 757.500000
3763.679932 641.819336 105.770020 757.530029
3763.679932 642.635559 105.770020 758.289978
3764.087891 642.841736 105.770020 758.520020
3764.503906 642.841736 105.770020 758.530029
3764.520020 643.661560 105.770020 759.299988
3764.656006 643.869690 105.770020 759.510010
3765.144043 643.869690 105.770020 759.539978
3765.216064 644.479431 105.770020 760.330017
3765.664062 644.685181 115.941566 760.520020
3766.231934 644.685181 115.941566 760.520020
3766.407959 644.888367 115.941566 761.309998
3766.624023 644.888367 115.941566 761.520020
3766.704102 645.091125 115.941566 761.530029
3766.719971 645.708191 115.941566 762.320007
3767.008057 645.911011 115.941566 762.500000
3767.063965 645.911011 115.941566 762.500000
3767.191895 646.529785 115.941566 763.309998
3767.496094 646.734802 115.941566 763.489990
3767.520020 646.734802 115.941566 763.520020
3767.600098 647.560791 115.941566 764.320007
3767.936035 647.768738 115.941566 764.489990
3767.944092 647.768738 115.941566 764.500000
3767.944092 648.388550 115.941566 765.320007
3768.511963 648.594604 115.941566 765.500000
3768.560059 648.594604 115.941566 765.530029
3768.560059 649.417908 115.941566 766.320007
3769.063965 649.624573 115.941566 766.520020
3769.120117 649.624573 115.941566 766.520020
3769.120117 650.241577 115.941566 767.340027
3769.751953 650.450500 115.941566 767.489990
3769.904053 650.450500 115.941566 767.520020
3769.912109 651.259216 115.941566 768.320007
3770.231934 651.465698 115.941566 768.500000
3770.271973 651.465698 115.941566 768.539978
3770.303955 652.080933 115.941566 769.309998
3770.983887 652.080933 115.941566 769.489990
3771.023926 652.287048 115.941566 769.520020
3771.040039 652.906128 115.941566 770.309998
3771.728027 653.114014 115.941566 770.489990
3771.815918 653.114014 115.941566 770.510010
3771.832031 653.520508 109.575127 771.309998
3772.511963 653.520508 109.575127 771.489990
3772.600098 653.520508 109.575127 771.520020
3772.647949 654.132019 109.575127 772.340027
3773.208008 654.132019 109.575127 772.500000
3773.231934 654.336365 109.575127 772.539978
3773.335938 654.963013 109.575127 773.330017
3773.687988 655.167236 109.575127 773.500000
3773.696045 655.167236 109.575127 773.530029
3774.224121 655.986816 109.575127 774.299988
3774.823975 656.191345 109.575127 774.489990
3774.936035 656.191345 109.575127 774.500000
3775.416016 656.816956 109.575127 775.309998
3775.991943 657.020691 109.575127 775.489990
3776.104004 657.020691 109.575127 775.510010
3776.320068 657.845764 109.575127 776.330017
3776.632080 658.048950 109.575127 776.489990
3776.847900 658.048950 109.575127 776.549988
3777.184082 658.872253 109.575127 777.330017
3777.375977 658.872253 109.575127 777.520020
3777.624023 658.872253 109.575127 777.520020
3777.855957 659.682007 109.575127 778.330017
3778.008057 659.890625 109.575127 778.500000
3778.256104 659.890625 109.575127 778.510010
3778.384033 660.704834 109.575127 779.320007
3778.632080 660.910706 109.575127 779.500000
3778.904053 660.910706 109.575127 779.530029
3779.152100 661.317200 105.462830 780.340027
3779.295898 661.317200 105.462830 780.500000
3779.416016 661.317200 105.462830 780.530029
3779.583984 661.718384 105.462830 781.330017
3779.832031 661.920044 105.462830 781.520020
3779.895996 661.920044 105.462830 781.520020
3780.000000 662.541687 105.462830 782.299988
3780.248047 662.749939 105.462830 782.500000
3780.352051 662.749939 105.462830 782.510010
3780.552002 663.569336 105.462830 783.289978
3781.184082 663.770386 105.462830 783.489990
3781.256104 663.770386 105.462830 783.520020
3782.768066 664.585754 105.462830 784.340027
3783.343994 664.788269 105.462830 784.510010
3783.360107 664.788269 105.462830 784.539978
3784.951904 665.397400 105.462830 785.330017
3785.520020 665.597534 105.462830 785.489990
3785.535889 665.597534 105.462830 785.530029
3786.840088 666.417114 105.462830 786.340027
3787.087891 666.626526 105.462830 786.489990
3787.184082 666.626526 105.462830 786.520020
3788.016113 667.239319 105.462830 787.340027
3788.431885 667.446228 105.462830 787.489990
3788.696045 667.446228 105.462830 787.530029
3789.312012 668.270996 105.462830 788.330017
3789.511963 668.475647 105.462830 788.510010
3789.560059 668.475647 105.462830 788.520020
3790.008057 669.289124 91.983276 789.340027
3790.176025 669.289124 91.983276 789.489990
3790.231934 669.289124 91.983276 789.520020
3790.936035 669.490356 91.983276 790.330017
3791.208008 669.490356 91.983276 790.520020
3791.224121 669.490356 91.983276 790.520020
3791.568115 670.303528 91.983276 791.320007
3791.944092 670.508179 91.983276 791.520020
3791.968018 670.508179 91.983276 791.520020
3792.375977 671.323425 91.983276 792.309998
3793.239990 671.531982 91.983276 792.510010
3793.271973 671.531982 91.983276 792.510010
3793.632080 672.147034 91.983276 793.299988
3794.256104 672.355774 91.983276 793.489990
3794.263916 672.355774 91.983276 793.530029
3794.592041 673.177185 91.983276 794.280029
3795.000000 673.385925 91.983276 794.500000
3795.016113 673.385925 91.983276 794.530029
3795.248047 674.001648 91.983276 795.309998
3795.768066 674.205750 91.983276 795.500000
3795.815918 674.205750 91.983276 795.500000
3795.968018 675.020447 91.983276 796.320007
3796.719971 675.223022 91.983276 796.520020
3796.927979 675.223022 91.983276 796.530029
3797.055908 675.833679 91.983276 797.320007
3797.791992 676.037476 91.983276 797.489990
3798.000000 676.037476 91.983276 797.500000
3798.080078 676.852539 91.983276 798.309998
3799.760010 677.055847 91.983276 798.500000
3799.983887 677.055847 91.983276 798.520020
3800.023926 677.662964 95.274330 799.320007
3801.256104 677.864990 95.274330 799.500000
3801.696045 677.864990 95.274330 799.510010
3801.912109 678.065979 95.274330 800.320007
3802.951904 678.065979 95.274330 800.510010
3803.360107 678.065979 95.274330 800.510010
3803.464111 678.892395 95.274330 801.330017
3804.199951 679.095032 95.274330 801.500000
3804.624023 679.095032 95.274330 801.510010
3804.672119 679.910583 95.274330 802.320007
3805.048096 680.117676 95.274330 802.510010
3805.159912 680.117676 95.274330 802.539978
3805.191895 680.729980 95.274330 803.330017
3805.743896 680.937500 95.274330 803.520020
3805.775879 680.937500 95.274330 803.530029
3805.808105 681.753418 95.274330 804.330017
3807.360107 681.959961 95.274330 804.520020
3807.399902 681.959961 95.274330 804.520020
3807.416016 682.572815 95.274330 805.320007
3808.095947 682.776367 95.274330 805.489990
3808.120117 682.776367 95.274330 805.500000
3808.167969 683.581909 95.274330 806.320007
3808.568115 683.789551 95.274330 806.489990
3808.647949 683.789551 95.274330 806.520020
3808.696045 684.402161 95.274330 807.299988
3808.800049 684.605652 95.274330 807.520020
3808.840088 684.605652 95.274330 807.530029
3808.872070 685.425659 95.274330 808.320007
3809.008057 685.425659 87.362564 808.510010
3809.080078 685.425659 87.362564 808.530029
3809.127930 685.627441 87.362564 809.320007
3809.327881 685.627441 87.362564 809.520020
3809.416016 685.627441 87.362564 809.520020
3809.431885 686.446045 87.362564 810.299988
3811.791992 686.655334 87.362564 810.500000
3811.800049 686.655334 87.362564 810.530029
3811.823975 687.269104 87.362564 811.320007
3814.488037 687.475830 87.362564 811.500000
3814.647949 687.475830 87.362564 811.510010
3814.679932 688.284302 87.362564 812.320007
3816.664062 688.488586 87.362564 812.520020
3816.736084 688.488586 87.362564 812.520020
3816.751953 689.100708 87.362564 813.320007
3818.511963 689.307129 87.362564 813.500000
3818.520020 689.307129 87.362564 813.510010
3818.535889 690.131287 87.362564 814.330017
3820.152100 690.131287 87.362564 814.510010
3820.176025 690.332153 87.362564 814.520020
3820.191895 690.953308 87.362564 815.340027
3822.704102 691.162537 87.362564 815.489990
3822.743896 691.162537 87.362564 815.530029
3822.768066 691.976868 87.362564 816.330017
3824.343994 692.183044 87.362564 816.489990
3824.511963 692.183044 87.362564 816.530029
3824.583984 692.584351 84.132317 817.340027
3825.783936 692.584351 84.132317 817.500000
3826.416016 692.584351 84.132317 817.530029
3826.479980 692.987000 84.132317 818.320007
3827.592041 693.190674 84.132317 818.520020
3827.976074 693.190674 84.132317 818.520020
3827.976074 694.012451 84.132317 819.280029
3829.199951 694.219543 84.132317 819.500000
3829.456055 694.219543 84.132317 819.520020
3829.456055 695.034851 84.132317 820.330017
3830.063965 695.034851 84.132317 820.510010
3830.535889 695.034851 84.132317 820.510010
3830.535889 695.852783 84.132317 821.330017
3830.615967 696.058777 84.132317 821.520020
3830.904053 696.058777 84.132317 821.520020
3830.904053 696.676147 84.132317 822.320007
3830.936035 696.880371 84.132317 822.489990
3831.600098 696.880371 84.132317 822.530029
3831.607910 697.693481 84.132317 823.330017
3831.760010 697.901123 84.132317 823.520020
3832.303955 697.901123 84.132317 823.520020
3832.312012 698.716980 84.132317 824.340027
3832.367920 698.716980 84.132317 824.489990
3832.800049 698.716980 84.132317 824.520020
3832.800049 699.532532 84.132317 825.320007
3833.672119 699.740295 84.132317 825.520020
3833.904053 699.740295 84.132317 825.520020
3833.936035 700.142456 85.703880 826.320007
3834.832031 700.142456 85.703880 826.510010
3834.912109 700.142456 85.703880 826.530029
3834.959961 700.755066 85.703880 827.340027
3835.407959 700.755066 85.703880 827.489990
3835.424072 700.755066 85.703880 827.530029
3835.439941 701.583313 85.703880 828.330017
3835.936035 701.786743 85.703880 828.520020
3835.951904 701.786743 85.703880 828.530029
3835.951904 702.615601 85.703880 829.320007
3836.424072 702.819580 85.703880 829.489990
3836.471924 702.819580 85.703880 829.530029
3836.479980 703.636292 85.703880 830.320007
3837.095947 703.636292 85.703880 830.520020
3837.112061 703.636292 85.703880 830.520020
3837.120117 704.468933 85.703880 831.320007
3837.927979 704.678284 85.703880 831.510010
3837.944092 704.678284 85.703880 831.530029
3837.944092 705.491638 85.703880 832.330017
3838.511963 705.700562 85.703880 832.510010
3838.511963 705.700562 85.703880 832.520020
3838.511963 706.309082 85.703880 833.309998
3838.919922 706.514160 85.703880 833.489990
3838.976074 706.514160 85.703880 833.510010
3838.983887 707.124573 85.703880 834.330017
3840.239990 707.326843 75.818130 834.520020
3840.239990 707.326843 75.818130 834.520020
3840.239990 707.527222 75.818130 835.330017
3840.728027 707.527222 75.818130 835.520020
3840.743896 707.527222 75.818130 835.530029
3840.743896 708.343872 75.818130 836.309998
3840.959961 708.553406 75.818130 836.489990
3840.983887 708.553406 75.818130 836.489990
3840.983887 709.368530 75.818130 837.309998
3841.127930 709.368530 75.818130 837.500000
3841.208008 709.368530 75.818130 837.530029
3841.208008 710.184875 75.818130 838.330017
3841.424072 710.390747 75.818130 838.520020
3841.615967 710.390747 75.818130 838.520020
3841.615967 711.005310 75.818130 839.320007
3841.808105 711.213318 75.818130 839.500000
3842.055908 711.213318 75.818130 839.530029
3842.055908 712.026672 75.818130 840.320007
3842.464111 712.234558 75.818130 840.500000
3842.872070 712.234558 75.818130 840.510010
3842.872070 713.043274 75.818130 841.320007
3843.152100 713.249695 75.818130 841.489990
3843.543945 713.249695 75.818130 841.530029
3843.543945 714.070557 75.818130 842.320007
3843.672119 714.273254 75.818130 842.510010
3843.847900 714.273254 75.818130 842.530029
3843.864014 714.889709 75.818130 843.330017
3844.040039 715.090393 75.818130 843.489990
3844.320068 715.090393 75.818130 843.530029
3844.335938 715.902893 75.818130 844.320007
3845.055908 715.902893 75.818130 844.520020
3845.216064 715.902893 75.818130 844.520020
3845.239990 716.309448 102.020020 845.299988
3845.375977 716.309448 102.020020 845.510010
3845.375977 716.309448 102.020020 845.520020
3845.407959 716.923401 102.020020 846.320007
3845.511963 717.128967 102.020020 846.489990
3845.535889 717.128967 102.020020 846.520020
3845.552002 717.955811 102.020020 847.340027
3846.375977 718.160767 102.020020 847.520020
3846.375977 718.160767 102.020020 847.530029
3846.384033 718.778809 102.020020 848.309998
3847.023926 718.986877 102.020020 848.520020
3847.040039 718.986877 102.020020 848.520020
3847.055908 719.801941 102.020020 849.330017
3847.496094 720.008545 102.020020 849.520020
3847.520020 720.008545 102.020020 849.520020
3847.520020 720.830994 102.020020 850.330017
3847.927979 720.830994 102.020020 850.500000
3847.936035 721.034729 102.020020 850.510010
3847.936035 721.643372 102.020020 851.320007
3848.343994 721.846924 102.020020 851.489990
3848.384033 721.846924 102.020020 851.520020
3848.384033 722.253174 72.061516 852.330017
3848.728027 722.253174 72.061516 852.489990
3848.768066 722.253174 72.061516 852.520020
3848.783936 722.870605 72.061516 853.330017
3849.224121 723.071899 72.061516 853.520020
3849.231934 723.071899 72.061516 853.530029
3849.231934 723.907654 72.061516 854.309998
3849.751953 723.907654 72.061516 854.500000
3849.751953 724.116394 72.061516 854.530029
3849.751953 724.735535 72.061516 855.320007
3850.543945 724.943909 72.061516 855.489990
3850.592041 724.943909 72.061516 855.520020
3850.600098 725.767578 72.061516 856.330017
3852.072021 725.767578 72.061516 856.500000
3852.104004 725.976135 72.061516 856.530029
3852.104004 726.596191 72.061516 857.330017
3852.783936 726.796265 72.061516 857.520020
3852.855957 726.796265 72.061516 857.530029
3852.855957 727.616760 72.061516 858.309998
3854.528076 727.823181 72.061516 858.489990
3854.615967 727.823181 72.061516 858.539978
3854.615967 728.440674 72.061516 859.330017
3856.000000 728.642761 72.061516 859.520020
3856.295898 728.642761 72.061516 859.520020
3856.295898 729.464233 72.061516 860.309998
3858.224121 729.665344 72.061516 860.500000
3858.343994 729.665344 72.061516 860.520020
3858.360107 730.281128 68.000038 861.320007
3860.080078 730.281128 68.000038 861.510010
3860.167969 730.281128 68.000038 861.520020
3860.208008 730.483826 68.000038 862.320007
3861.719971 730.685303 68.000038 862.500000
3861.791992 730.685303 68.000038 862.530029
3861.864014 731.507629 68.000038 863.309998
3863.184082 731.711243 68.000038 863.500000
3863.199951 731.711243 68.000038 863.530029
3863.271973 732.325073 68.000038 864.309998
3863.447998 732.532959 68.000038 864.479980
3863.456055 732.532959 68.000038 864.520020
3863.456055 733.351685 68.000038 865.320007
3864.231934 733.555603 68.000038 865.489990
3864.256104 733.555603 68.000038 865.520020
3864.256104 734.362854 68.000038 866.320007
3864.743896 734.362854 68.000038 866.489990
3864.775879 734.362854 68.000038 866.500000
3864.775879 735.179993 68.000038 867.320007
3864.927979 735.383301 68.000038 867.500000
3864.927979 735.383301 68.000038 867.570007
3865.008057 735.586060 67.445595 868.320007
3865.135986 735.586060 67.445595 868.510010
3865.144043 735.586060 67.445595 868.510010
3865.191895 736.403198 67.445595 869.309998
3865.335938 736.611511 67.445595 869.520020
3865.335938 736.611511 67.445595 869.520020
3865.352051 737.224792 67.445595 870.320007
3865.399902 737.431213 67.445595 870.510010
3865.416016 737.431213 67.445595 870.510010
3865.424072 738.041870 67.445595 871.340027
3865.439941 738.244446 67.445595 871.500000
3865.488037 738.244446 67.445595 871.530029
3865.496094 739.063538 67.445595 872.330017
3865.528076 739.063538 67.445595 872.500000
3865.535889 739.063538 67.445595 872.510010
3865.543945 739.885986 67.445595 873.320007
3865.823975 740.091248 67.445595 873.500000
3865.832031 740.091248 67.445595 873.520020
3865.832031 740.904907 67.445595 874.299988
3865.976074 741.104980 67.445595 874.520020
3865.991943 741.104980 67.445595 874.520020
3865.991943 741.725159 67.445595 875.330017
3867.023926 741.933411 67.445595 875.510010
3867.055908 741.933411 67.445595 875.520020
3867.063965 742.747375 67.445595 876.309998
3867.447998 742.949646 67.445595 876.489990
3867.575928 742.949646 67.445595 876.510010
3867.583984 743.563965 67.445595 877.320007
3868.055908 743.765137 67.445595 877.500000
3868.127930 743.765137 67.445595 877.510010
3868.127930 744.373657 100.645660 878.299988
3868.271973 744.373657 100.645660 878.489990
3868.360107 744.373657 100.645660 878.500000
3868.360107 744.575684 100.645660 879.309998
3868.664062 744.777771 100.645660 879.500000
3868.775879 744.777771 100.645660 879.520020
3868.775879 745.599548 100.645660 880.320007
3869.464111 745.809814 100.645660 880.500000
3869.479980 745.809814 100.645660 880.520020
3869.479980 746.629089 100.645660 881.330017
3869.800049 746.837219 100.645660 881.489990
3869.815918 746.837219 100.645660 881.520020
3869.823975 747.662476 100.645660 882.330017
3870.008057 747.869751 100.645660 882.520020
3870.016113 747.869751 100.645660 882.520020
3870.016113 748.484924 100.645660 883.330017
3870.288086 748.685913 100.645660 883.520020
3870.343994 748.685913 100.645660 883.520020
3870.360107 749.512329 100.645660 884.299988
3871.543945 749.719849 100.645660 884.520020
3871.552002 749.719849 100.645660 884.520020
3871.575928 750.340820 100.645660 885.340027
3871.976074 750.544800 100.645660 885.500000
3872.016113 750.544800 100.645660 885.510010
3872.023926 751.361694 100.645660 886.309998
3872.239990 751.570251 100.645660 886.489990
3872.239990 751.570251 100.645660 886.520020
3872.248047 751.977295 85.537598 887.309998
3872.320068 751.977295 85.537598 887.510010
3872.327881 751.977295 85.537598 887.539978
3872.392090 752.381714 85.537598 888.299988
3872.456055 752.589172 85.537598 888.520020
3872.471924 752.589172 85.537598 888.520020
3872.511963 753.200623 85.537598 889.330017
3872.719971 753.402405 85.537598 889.500000
3872.736084 753.402405 85.537598 889.520020
3872.736084 754.225403 85.537598 890.320007
3872.872070 754.430237 85.537598 890.500000
3872.879883 754.430237 85.537598 890.500000
3872.879883 755.048157 85.537598 891.320007
3873.023926 755.254456 85.537598 891.510010
3873.031982 755.254456 85.537598 891.510010
3873.040039 756.067810 85.537598 892.309998
3873.583984 756.270569 85.537598 892.500000
3873.647949 756.270569 85.537598 892.559998
3873.647949 756.884888 85.537598 893.320007
3874.087891 757.089539 85.537598 893.500000
3874.199951 757.089539 85.537598 893.530029
3874.224121 757.907898 85.537598 894.340027
3874.696045 758.117310 85.537598 894.520020
3874.768066 758.117310 85.537598 894.520020
3874.791992 758.939392 85.537598 895.330017
3874.951904 758.939392 85.537598 895.489990
3875.016113 759.141785 85.537598 895.530029
3875.031982 759.542664 105.837685 896.320007
3875.152100 759.542664 105.837685 896.520020
3875.159912 759.542664 105.837685 896.520020
3875.231934 759.948242 105.837685 897.330017
3875.343994 760.150146 105.837685 897.489990
3875.360107 760.150146 105.837685 897.520020
3875.431885 760.972351 105.837685 898.330017
3875.479980 761.175476 105.837685 898.520020
3875.479980 761.175476 105.837685 898.520020
3875.528076 761.997070 105.837685 899.330017
3875.568115 761.997070 105.837685 899.520020
3875.575928 761.997070 105.837685 899.530029
3875.607910 762.810547 105.837685 900.309998
3875.711914 763.011841 105.837685 900.510010
3875.728027 763.011841 105.837685 900.530029
3875.760010 763.620605 105.837685 901.320007
3875.895996 763.825317 105.837685 901.489990
3875.959961 763.825317 105.837685 901.510010
3876.008057 764.648804 105.837685 902.349976
3876.263916 764.853638 105.837685 902.500000
3876.352051 764.853638 105.837685 902.530029
3876.479980 765.663208 105.837685 903.320007
3876.904053 765.663208 105.837685 903.520020
3877.016113 765.869873 105.837685 903.530029
3877.023926 766.484619 105.837685 904.349976
3877.080078 766.691406 105.837685 904.500000
3877.144043 766.691406 105.837685 904.510010
3877.176025 767.521301 105.837685 905.340027
3877.624023 767.730530 105.837685 905.520020
3877.704102 767.730530 105.837685 905.520020
3877.760010 768.140869 112.250069 906.320007
3878.607910 768.140869 112.250069 906.500000
3878.624023 768.140869 112.250069 906.500000
3878.719971 768.554138 112.250069 907.320007
3879.095947 768.761292 112.250069 907.500000
3879.104004 768.761292 112.250069 907.510010
3879.176025 769.569580 112.250069 908.330017
3879.288086 769.778870 112.250069 908.520020
3879.295898 769.778870 112.250069 908.530029
3879.312012 770.398804 112.250069 909.340027
3879.407959 770.603943 112.250069 909.500000
3879.424072 770.603943 112.250069 909.530029
3879.456055 771.422363 112.250069 910.309998
3880.335938 771.422363 112.250069 910.500000
3880.335938 771.627808 112.250069 910.530029
3880.375977 772.242798 112.250069 911.340027
3881.008057 772.443726 112.250069 911.520020
3881.016113 772.443726 112.250069 911.520020
3881.055908 773.268738 112.250069 912.320007
3881.167969 773.476746 112.250069 912.520020
3881.191895 773.476746 112.250069 912.520020
3881.248047 774.299194 112.250069 913.340027
3881.503906 774.299194 112.250069 913.520020
3881.503906 774.299194 112.250069 913.520020
3881.543945 775.111633 112.250069 914.340027
3881.615967 775.320740 112.250069 914.520020
3881.728027 775.320740 112.250069 914.520020
3881.775879 775.937622 91.316628 915.320007
3881.855957 775.937622 91.316628 915.520020
3882.087891 775.937622 91.316628 915.520020
3882.152100 776.137878 91.316628 916.340027
3882.271973 776.338257 91.316628 916.510010
3882.679932 776.338257 91.316628 916.539978
3882.719971 777.153687 91.316628 917.330017
3882.815918 777.359375 91.316628 917.520020
3883.399902 777.359375 91.316628 917.530029
3883.520020 778.167969 91.316628 918.320007
3883.528076 778.167969 91.316628 918.489990
3883.575928 778.167969 91.316628 918.500000
3883.647949 778.996155 91.316628 919.309998
3885.639893 779.198059 91.316628 919.520020
3885.711914 779.198059 91.316628 919.520020
3885.768066 780.020386 91.316628 920.320007
3886.040039 780.020386 91.316628 920.520020
3886.095947 780.020386 91.316628 920.520020
3886.127930 780.847351 91.316628 921.330017
3886.303955 781.051025 91.316628 921.520020
3886.335938 781.051025 91.316628 921.539978
3886.392090 781.870300 91.316628 922.309998
3886.543945 781.870300 91.316628 922.510010
3886.568115 782.072327 91.316628 922.530029
3886.664062 782.683655 91.316628 923.320007
3886.783936 782.888123 91.316628 923.500000
3886.791992 782.888123 91.316628 923.520020
3886.887939 783.710327 91.316628 924.330017
3887.392090 783.710327 91.316628 924.489990
3887.479980 783.710327 91.316628 924.500000
3887.560059 784.534241 91.316628 925.309998
3888.040039 784.534241 98.478844 925.489990
3888.159912 784.534241 98.478844 925.500000
3888.360107 784.736572 98.478844 926.309998
3889.120117 784.936829 98.478844 926.520020
3889.751953 784.936829 98.478844 926.520020
3889.840088 785.762451 98.478844 927.320007
3890.496094 785.968872 98.478844 927.520020
3890.800049 785.968872 98.478844 927.530029
3890.864014 786.582947 98.478844 928.340027
3891.055908 786.792358 98.478844 928.500000
3891.216064 786.792358 98.478844 928.520020
3891.352051 787.615540 98.478844 929.320007
3891.424072 787.824158 98.478844 929.500000
3891.447998 787.824158 98.478844 929.530029
3891.656006 788.439087 98.478844 930.330017
3891.743896 788.639709 98.478844 930.520020
3891.743896 788.639709 98.478844 930.530029
3891.823975 789.459229 98.478844 931.309998
3891.872070 789.666199 98.478844 931.500000
3891.879883 789.666199 98.478844 931.570007
3892.080078 790.274963 98.478844 932.309998
3892.127930 790.484070 98.478844 932.510010
3892.152100 790.484070 98.478844 932.530029
3892.248047 791.300720 98.478844 933.330017
3892.664062 791.508972 98.478844 933.510010
3892.664062 791.508972 98.478844 933.520020
3892.728027 792.312927 98.478844 934.299988
3892.872070 792.516113 98.478844 934.520020
3892.879883 792.516113 98.478844 934.520020
3892.959961 793.128662 109.710724 935.309998
3893.087891 793.128662 109.710724 935.510010
3893.127930 793.128662 109.710724 935.520020
3893.191895 793.330078 109.710724 936.330017
3893.295898 793.530579 109.710724 936.520020
3893.335938 793.530579 109.710724 936.539978
3893.399902 794.344116 109.710724 937.320007
3894.600098 794.547058 109.710724 937.510010
3894.647949 794.547058 109.710724 937.520020
3894.815918 795.368103 109.710724 938.309998
3894.983887 795.577148 109.710724 938.520020
3895.343994 795.577148 109.710724 938.520020
3895.424072 796.190369 109.710724 939.340027
3895.560059 796.391602 109.710724 939.520020
3895.719971 796.391602 109.710724 939.530029
3895.815918 797.208008 109.710724 940.340027
3896.080078 797.412292 109.710724 940.510010
3896.263916 797.412292 109.710724 940.530029
3896.375977 798.036682 109.710724 941.330017
3897.199951 798.243530 109.710724 941.520020
3897.295898 798.243530 109.710724 941.520020
3897.503906 799.064514 109.710724 942.309998
3898.048096 799.064514 109.710724 942.500000
3898.048096 799.272034 109.710724 942.510010
3898.135986 799.882446 109.710724 943.320007
3898.407959 800.083740 109.710724 943.520020
3898.416016 800.083740 109.710724 943.530029
3898.503906 800.903931 109.710724 944.320007
3898.944092 800.903931 116.539597 944.489990
3898.968018 801.106750 116.539597 944.510010
3899.023926 801.306946 116.539597 945.320007
3899.320068 801.306946 116.539597 945.520020
3899.327881 801.306946 116.539597 945.530029
3899.431885 801.918091 116.539597 946.330017
3899.431885 802.118469 116.539597 946.520020
3900.384033 802.118469 116.539597 946.530029
3900.431885 802.934998 116.539597 947.309998
3900.719971 802.934998 116.539597 947.510010
3900.719971 802.934998 116.539597 947.510010
3900.751953 803.762573 116.539597 948.340027
3900.791992 803.962830 116.539597 948.520020
3901.016113 803.962830 116.539597 948.530029
3901.031982 804.781738 116.539597 949.320007
3901.112061 804.982239 116.539597 949.520020
3901.159912 804.982239 116.539597 949.530029
3901.263916 805.586487 116.539597 950.320007
3901.280029 805.789490 116.539597 950.510010
3901.327881 805.789490 116.539597 950.520020
3901.535889 806.610840 116.539597 951.340027
3901.600098 806.814697 116.539597 951.520020
3901.600098 806.814697 116.539597 951.530029
3902.224121 807.626343 116.539597 952.340027
3902.288086 807.835022 116.539597 952.520020
3902.312012 807.835022 116.539597 952.530029
3902.832031 808.450500 105.804390 953.330017
3902.872070 808.450500 105.804390 953.520020
3902.872070 808.450500 105.804390 953.520020
3903.248047 808.651306 105.804390 954.320007
3903.271973 808.852112 105.804390 954.520020
3903.271973 808.852112 105.804390 954.539978
3903.479980 809.671753 105.804390 955.340027
3903.528076 809.876282 105.804390 955.510010
3903.560059 809.876282 105.804390 955.520020
3905.624023 810.691833 105.804390 956.340027
3905.656006 810.899475 105.804390 956.520020
3905.672119 810.899475 105.804390 956.539978
3907.416016 811.516541 105.804390 957.340027
3907.439941 811.724121 105.804390 957.520020
3907.528076 811.724121 105.804390 957.520020
3911.840088 812.341614 105.804390 958.309998
3911.887939 812.545593 105.804390 958.520020
3911.968018 812.545593 105.804390 958.520020
3914.647949 813.353821 105.804390 959.320007
3914.647949 813.560242 105.804390 959.510010
3914.743896 813.560242 105.804390 959.530029
3917.783936 814.379456 105.804390 960.340027
3917.855957 814.379456 105.804390 960.530029
3918.072021 814.379456 105.804390 960.530029
3920.840088 815.204346 105.804390 961.330017
3920.951904 815.407349 105.804390 961.510010
3921.008057 815.407349 105.804390 961.520020
3926.271973 816.237061 105.804390 962.340027
3926.335938 816.237061 105.804390 962.500000
3926.392090 816.237061 105.804390 962.500000
3934.191895 816.846924 87.481773 963.340027
3934.224121 816.846924 87.481773 963.520020
3934.303955 816.846924 87.481773 963.530029
3940.256104 817.254272 87.481773 964.330017
3940.288086 817.254272 87.481773 964.510010
3940.312012 817.254272 87.481773 964.520020
3944.159912 818.083069 87.481773 965.340027
3944.159912 818.286316 87.481773 965.520020
3944.216064 818.286316 87.481773 965.530029
3947.248047 819.105164 87.481773 966.340027
3947.248047 819.105164 87.481773 966.500000
3947.343994 819.311218 87.481773 966.530029
3949.768066 819.929138 87.481773 967.309998
3949.775879 820.129639 87.481773 967.530029
3950.104004 820.129639 87.481773 967.530029
3952.104004 820.941101 87.481773 968.349976
3952.104004 821.144958 87.481773 968.530029
3952.256104 821.144958 87.481773 968.530029
3953.976074 821.762512 87.481773 969.349976
3953.983887 821.968811 87.481773 969.530029
3954.120117 821.968811 87.481773 969.530029
3956.632080 822.788635 87.481773 970.330017
3956.696045 822.991943 87.481773 970.520020
3956.696045 822.991943 87.481773 970.539978
3958.679932 823.606567 87.481773 971.309998
3958.736084 823.811157 87.481773 971.520020
3958.775879 823.811157 87.481773 971.530029
3960.887939 824.632324 87.481773 972.330017
3960.904053 824.836609 87.481773 972.520020
3960.904053 824.836609 87.481773 972.520020
3962.959961 825.239319 104.093109 973.330017
3962.959961 825.239319 104.093109 973.510010
3962.959961 825.239319 104.093109 973.510010
3964.672119 825.649780 104.093109 974.320007
3964.672119 825.859314 104.093109 974.539978
3964.672119 825.859314 104.093109 974.539978
3966.783936 826.671936 104.093109 975.309998
3966.783936 826.881165 104.093109 975.510010
3966.783936 826.881165 104.093109 975.530029
3968.743896 827.502441 104.093109 976.330017
3968.743896 827.705261 104.093109 976.520020
3968.743896 827.705261 104.093109 976.530029
3970.312012 828.530945 104.093109 977.340027
3970.320068 828.734009 104.093109 977.520020
3970.327881 828.734009 104.093109 977.520020
3971.991943 829.551147 104.093109 978.320007
3972.000000 829.551147 104.093109 978.520020
3972.008057 829.551147 104.093109 978.520020
3973.983887 830.368103 104.093109 979.330017
3974.008057 830.576843 104.093109 979.510010
3974.016113 830.576843 104.093109 979.510010
3976.191895 831.185486 104.093109 980.320007
3976.191895 831.392212 104.093109 980.520020
3976.208008 831.392212 104.093109 980.539978
3978.248047 832.198242 104.093109 981.340027
3978.248047 832.398376 104.093109 981.510010
3978.424072 832.398376 104.093109 981.520020
3980.760010 833.213989 104.093109 982.309998
3980.760010 833.422363 104.093109 982.520020
3981.072021 833.422363 104.093109 982.530029
3985.864014 834.030396 104.093109 983.309998
3986.120117 834.030396 60.396587 983.530029
3986.127930 834.030396 60.396587 983.530029
3991.832031 834.230591 60.396587 984.309998
3991.895996 834.437012 60.396587 984.510010
3991.912109 834.437012 60.396587 984.510010
4000.216064 835.250732 60.396587 985.330017
4000.216064 835.458435 60.396587 985.510010
4000.239990 835.458435 60.396587 985.530029
4003.543945 836.271057 60.396587 986.340027
4003.583984 836.271057 60.396587 986.530029
4003.592041 836.271057 60.396587 986.539978
4004.976074 837.093445 60.396587 987.320007
4004.983887 837.296143 60.396587 987.500000
4005.008057 837.296143 60.396587 987.500000
4005.832031 837.911438 60.396587 988.309998
4005.840088 838.114502 60.396587 988.530029
4005.864014 838.114502 60.396587 988.530029
4006.768066 838.935486 60.396587 989.320007
4006.768066 839.137390 60.396587 989.489990
4006.775879 839.137390 60.396587 989.489990
4007.639893 839.942688 60.396587 990.330017
4007.647949 839.942688 60.396587 990.530029
4007.656006 839.942688 60.396587 990.530029
4008.528076 840.752808 60.396587 991.330017
4008.552002 840.956177 60.396587 991.510010
4008.575928 840.956177 60.396587 991.530029
4009.464111 841.362000 111.881332 992.330017
4009.471924 841.362000 111.881332 992.520020
4009.639893 841.362000 111.881332 992.539978
4010.280029 841.976013 111.881332 993.349976
4010.280029 842.184021 111.881332 993.510010
4010.600098 842.184021 111.881332 993.530029
4010.919922 843.009949 111.881332 994.320007
4010.927979 843.212585 111.881332 994.520020
4011.191895 843.212585 111.881332 994.520020
4011.496094 844.018677 111.881332 995.349976
4011.639893 844.018677 111.881332 995.510010
4011.639893 844.018677 111.881332 995.520020
4011.832031 844.838074 111.881332 996.309998
4011.840088 845.039978 111.881332 996.520020
4011.840088 845.039978 111.881332 996.520020
4011.927979 845.849915 111.881332 997.330017
4011.927979 846.053955 111.881332 997.520020
4011.927979 846.053955 111.881332 997.520020
4012.535889 846.670105 111.881332 998.330017
4012.543945 846.873840 111.881332 998.510010
4012.552002 846.873840 111.881332 998.520020
4013.120117 847.692444 111.881332 999.330017
4013.144043 847.897400 111.881332 999.530029
4013.184082 847.897400 111.881332 999.530029
4013.488037 848.506165 111.881332 1000.340027
4013.520020 848.506165 111.881332 1000.489990
4013.575928 848.506165 111.881332 1000.489990
4013.768066 849.525208 111.881332 1001.320007
4013.808105 849.525208 111.881332 1001.500000
4014.055908 849.525208 111.881332 1001.520020
4014.184082 850.343079 111.881332 1002.340027
4014.191895 850.549316 111.881332 1002.530029
4014.280029 850.549316 111.881332 1002.530029
4014.528076 850.752747 112.645752 1003.320007
4014.575928 850.752747 112.645752 1003.520020
4014.575928 850.752747 112.645752 1003.520020
4014.624023 851.364746 112.645752 1004.299988
4014.647949 851.567200 112.645752 1004.500000
4014.768066 851.567200 112.645752 1004.510010
4014.872070 852.404663 112.645752 1005.320007
4014.872070 852.608887 112.645752 1005.520020
4014.872070 852.608887 112.645752 1005.539978
4015.095947 853.417664 112.645752 1006.320007
4015.095947 853.417664 112.645752 1006.520020
4015.095947 853.417664 112.645752 1006.520020
4015.416016 854.234253 112.645752 1007.330017
4015.416016 854.435913 112.645752 1007.520020
4015.416016 854.435913 112.645752 1007.530029
4015.808105 855.253113 112.645752 1008.330017
4015.808105 855.458618 112.645752 1008.520020
4015.808105 855.458618 112.645752 1008.520020
4016.271973 856.076660 112.645752 1009.330017
4016.288086 856.277771 112.645752 1009.530029
4016.352051 856.277771 112.645752 1009.539978
4016.751953 857.103821 112.645752 1010.330017
4016.760010 857.307556 112.645752 1010.510010
4016.832031 857.307556 112.645752 1010.520020
4017.407959 858.133728 112.645752 1011.340027
4017.479980 858.336426 112.645752 1011.530029
4017.496094 858.336426 112.645752 1011.530029
4018.135986 858.943298 118.612862 1012.330017
4018.167969 858.943298 118.612862 1012.520020
4018.176025 858.943298 118.612862 1012.520020
4019.055908 859.143433 118.612862 1013.330017
4019.055908 859.343750 118.612862 1013.520020
4019.055908 859.343750 118.612862 1013.530029
4020.535889 860.153687 118.612862 1014.330017
4020.535889 860.362793 118.612862 1014.520020
4020.535889 860.362793 118.612862 1014.520020
4026.399902 861.173767 118.612862 1015.349976
4026.399902 861.381714 118.612862 1015.520020
4026.416016 861.381714 118.612862 1015.539978
4045.216064 861.997192 118.612862 1016.320007
4045.224121 862.201477 118.612862 1016.500000
4045.231934 862.201477 118.612862 1016.530029
4056.968018 863.021423 118.612862 1017.330017
4056.968018 863.221558 118.612862 1017.530029
4056.968018 863.221558 118.612862 1017.530029
4063.511963 863.836182 118.612862 1018.340027
4063.520020 864.037537 118.612862 1018.530029
4063.520020 864.037537 118.612862 1018.530029
4067.872070 864.858826 118.612862 1019.340027
4068.008057 865.062805 118.612862 1019.530029
4068.008057 865.062805 118.612862 1019.530029
4070.968018 865.679260 118.612862 1020.340027
4071.095947 865.884705 118.612862 1020.539978
4071.176025 865.884705 118.612862 1020.539978
4073.384033 866.702148 118.612862 1021.320007
4073.464111 866.906006 118.612862 1021.510010
4073.543945 866.906006 118.612862 1021.530029
4075.832031 867.520325 118.612862 1022.349976
4075.864014 867.727051 83.936180 1022.520020
4075.927979 867.727051 83.936180 1022.520020
4077.808105 867.930908 83.936180 1023.330017
4077.808105 867.930908 83.936180 1023.520020
4077.840088 867.930908 83.936180 1023.520020
4079.607910 868.750793 83.936180 1024.339966
4079.607910 868.750793 83.936180 1024.520020
4079.624023 868.960693 83.936180 1024.540039
4080.991943 869.571533 83.936180 1025.329956
4080.991943 869.773254 83.936180 1025.540039
4080.991943 869.773254 83.936180 1025.550049
4082.280029 870.587097 83.936180 1026.319946
4082.280029 870.794373 83.936180 1026.530029
4082.295898 870.794373 83.936180 1026.530029
4083.375977 871.608215 83.936180 1027.319946
4083.375977 871.608215 83.936180 1027.500000
4083.375977 871.608215 83.936180 1027.520020
4084.392090 872.425171 83.936180 1028.319946
4084.392090 872.634155 83.936180 1028.520020
4084.392090 872.634155 83.936180 1028.520020
4085.447998 873.464600 83.936180 1029.329956
4085.456055 873.667236 83.936180 1029.520020
4085.456055 873.667236 83.936180 1029.520020
4086.528076 874.280762 83.936180 1030.319946
4086.575928 874.480896 83.936180 1030.510010
4086.600098 874.480896 83.936180 1030.520020
4087.239990 875.295898 83.936180 1031.329956
4087.263916 875.496765 83.936180 1031.520020
4087.263916 875.496765 83.936180 1031.530029
4088.224121 876.119385 87.809052 1032.329956
4088.231934 876.323486 87.809052 1032.530029
4088.231934 876.323486 87.809052 1032.530029
4089.639893 876.525330 87.809052 1033.329956
4089.639893 876.525330 87.809052 1033.530029
4089.639893 876.525330 87.809052 1033.530029
4090.208008 877.350769 87.809052 1034.310059
4090.216064 877.551575 87.809052 1034.520020
4090.224121 877.551575 87.809052 1034.530029
4090.496094 878.382080 87.809052 1035.349976
4090.496094 878.589355 87.809052 1035.510010
4090.496094 878.589355 87.809052 1035.510010
4091.016113 879.195435 87.809052 1036.319946
4091.016113 879.401428 87.809052 1036.520020
4091.016113 879.401428 87.809052 1036.530029
4091.575928 880.232605 87.809052 1037.319946
4091.575928 880.232605 87.809052 1037.500000
4091.600098 880.432983 87.809052 1037.520020
4092.184082 881.054260 87.809052 1038.339966
4092.199951 881.259644 87.809052 1038.520020
4092.199951 881.259644 87.809052 1038.520020
4092.879883 882.078186 87.809052 1039.329956
4092.936035 882.285339 87.809052 1039.510010
4092.936035 882.285339 87.809052 1039.520020
4093.808105 882.893372 87.809052 1040.329956
4093.808105 883.100342 87.809052 1040.510010
4093.912109 883.100342 87.809052 1040.530029
4094.552002 883.927124 87.809052 1041.339966
4094.583984 883.927124 87.809052 1041.510010
4094.592041 883.927124 87.809052 1041.530029
4095.503906 884.332153 99.998039 1042.329956
4095.503906 884.332153 99.998039 1042.500000
4095.583984 884.332153 99.998039 1042.510010
4096.304199 884.943481 99.998039 1043.329956
4096.312012 885.153687 99.998039 1043.510010
4096.312012 885.153687 99.998039 1043.520020
4097.215820 885.971191 99.998039 1044.329956
4097.215820 886.173035 99.998039 1044.530029
4097.215820 886.173035 99.998039 1044.540039
4098.784180 886.778137 99.998039 1045.319946
4098.784180 886.986267 99.998039 1045.530029
4098.784180 886.986267 99.998039 1045.530029
4100.472168 887.813110 99.998039 1046.329956
4100.472168 888.014648 99.998039 1046.520020
4100.472168 888.014648 99.998039 1046.520020
4102.040039 888.843506 99.998039 1047.319946
4102.040039 889.053284 99.998039 1047.520020
4102.047852 889.053284 99.998039 1047.530029
4104.496094 889.665039 99.998039 1048.349976
4104.496094 889.869263 99.998039 1048.520020
4104.496094 889.869263 99.998039 1048.540039
4106.591797 890.698975 99.998039 1049.300049
4106.591797 890.908264 99.998039 1049.510010
4106.607910 890.908264 99.998039 1049.520020
4110.215820 891.734741 99.998039 1050.339966
4110.224121 891.734741 99.998039 1050.530029
4110.231934 891.734741 99.998039 1050.530029
4112.687988 891.938232 109.845360 1051.319946
4112.687988 892.143433 109.845360 1051.520020
4112.695801 892.143433 109.845360 1051.530029
4115.071777 892.759338 109.845360 1052.349976
4115.071777 892.962280 109.845360 1052.510010
4115.071777 892.962280 109.845360 1052.530029
4118.959961 893.778992 109.845360 1053.349976
4118.959961 893.778992 109.845360 1053.510010
4118.959961 893.778992 109.845360 1053.530029
4120.895996 894.602661 109.845360 1054.339966
4120.895996 894.808777 109.845360 1054.530029
4120.895996 894.808777 109.845360 1054.530029
4121.472168 895.422791 109.845360 1055.349976
4121.472168 895.625000 109.845360 1055.530029
4121.472168 895.625000 109.845360 1055.530029
4121.824219 896.445312 109.845360 1056.329956
4121.824219 896.649231 109.845360 1056.489990
4121.824219 896.649231 109.845360 1056.500000
4122.056152 897.266968 109.845360 1057.319946
4122.071777 897.470215 109.845360 1057.520020
4122.071777 897.470215 109.845360 1057.520020
4122.279785 898.284851 109.845360 1058.329956
4122.279785 898.488403 109.845360 1058.489990
4122.319824 898.488403 109.845360 1058.520020
4122.416016 899.304871 109.845360 1059.319946
4122.416016 899.304871 87.855263 1059.540039
4122.439941 899.304871 87.855263 1059.540039
4122.551758 899.505249 87.855263 1060.339966
4122.551758 899.505249 87.855263 1060.520020
4122.680176 899.505249 87.855263 1060.520020
4122.744141 900.327942 87.855263 1061.329956
4122.751953 900.536560 87.855263 1061.520020
4122.815918 900.536560 87.855263 1061.520020
4122.959961 901.156799 87.855263 1062.300049
4122.967773 901.365601 87.855263 1062.530029
4122.967773 901.365601 87.855263 1062.530029
4123.007812 902.184814 87.855263 1063.329956
4123.007812 902.388245 87.855263 1063.520020
4123.007812 902.388245 87.855263 1063.530029
4123.087891 903.206848 87.855263 1064.339966
4123.087891 903.409241 87.855263 1064.510010
4123.087891 903.409241 87.855263 1064.520020
4123.120117 904.021606 87.855263 1065.319946
4123.120117 904.228638 87.855263 1065.520020
4123.120117 904.228638 87.855263 1065.530029
4123.151855 905.050293 87.855263 1066.339966
4123.151855 905.253601 87.855263 1066.530029
4123.167969 905.253601 87.855263 1066.530029
4123.224121 905.867615 87.855263 1067.319946
4123.240234 906.068970 74.061279 1067.530029
4123.248047 906.068970 74.061279 1067.530029
4123.271973 906.478882 74.061279 1068.319946
4123.271973 906.679077 74.061279 1068.510010
4123.288086 906.679077 74.061279 1068.510010
4123.295898 907.501526 74.061279 1069.319946
4123.295898 907.707520 74.061279 1069.520020
4123.295898 907.707520 74.061279 1069.530029
4123.304199 908.325745 74.061279 1070.310059
4123.312012 908.528870 74.061279 1070.520020
4123.328125 908.528870 74.061279 1070.520020
4123.375977 909.347961 74.061279 1071.329956
4123.375977 909.555725 74.061279 1071.530029
4123.399902 909.555725 74.061279 1071.540039
4123.680176 910.163513 74.061279 1072.319946
4123.680176 910.364380 74.061279 1072.500000
4123.695801 910.364380 74.061279 1072.530029
4124.071777 911.182007 74.061279 1073.310059
4124.071777 911.389038 74.061279 1073.510010
4124.071777 911.389038 74.061279 1073.530029
4124.231934 912.006470 74.061279 1074.329956
4124.231934 912.214478 74.061279 1074.520020
4124.240234 912.214478 74.061279 1074.520020
4124.432129 913.041077 74.061279 1075.329956
4124.439941 913.041077 74.061279 1075.500000
4124.439941 913.041077 74.061279 1075.520020
4124.560059 913.849915 74.061279 1076.319946
4124.560059 914.057312 74.061279 1076.510010
4124.583984 914.057312 74.061279 1076.520020
4124.728027 914.465698 74.635681 1077.339966
4124.728027 914.465698 74.635681 1077.520020
4124.728027 914.465698 74.635681 1077.530029
4124.959961 914.866150 74.635681 1078.339966
4124.976074 915.067200 74.635681 1078.510010
4124.976074 915.067200 74.635681 1078.510010
4125.016113 915.686768 74.635681 1079.329956
4125.016113 915.890442 74.635681 1079.520020
4125.016113 915.890442 74.635681 1079.520020
4125.023926 916.710449 74.635681 1080.300049
4125.023926 916.917847 74.635681 1080.520020
4125.023926 916.917847 74.635681 1080.520020
4125.047852 917.543396 74.635681 1081.339966
4125.047852 917.748840 74.635681 1081.520020
4125.056152 917.748840 74.635681 1081.540039
4125.080078 918.569702 74.635681 1082.349976
4125.080078 918.569702 74.635681 1082.520020
4125.096191 918.569702 74.635681 1082.530029
4125.096191 919.385925 74.635681 1083.310059
4125.096191 919.590759 74.635681 1083.520020
4125.096191 919.590759 74.635681 1083.520020
4125.096191 920.417908 74.635681 1084.310059
4125.096191 920.621033 74.635681 1084.520020
4125.096191 920.621033 74.635681 1084.520020
4125.096191 921.242310 74.635681 1085.329956
4125.111816 921.450134 74.635681 1085.520020
4125.111816 921.450134 74.635681 1085.530029
4125.127930 922.269226 74.635681 1086.310059
4125.127930 922.476746 74.635681 1086.520020
4125.200195 922.476746 74.635681 1086.589966
4125.208008 922.681030 81.713211 1087.339966
4125.288086 922.681030 81.713211 1087.520020
4125.288086 922.681030 81.713211 1087.530029
4125.408203 923.289978 81.713211 1088.339966
4125.448242 923.493835 81.713211 1088.520020
4125.456055 923.493835 81.713211 1088.520020
4125.496094 924.318237 81.713211 1089.319946
4125.496094 924.520935 81.713211 1089.530029
4125.536133 924.520935 81.713211 1089.530029
4125.551758 925.337402 81.713211 1090.329956
4125.616211 925.337402 81.713211 1090.520020
4125.616211 925.537964 81.713211 1090.540039
4125.616211 926.148071 81.713211 1091.310059
4125.616211 926.348328 81.713211 1091.520020
4125.640137 926.348328 81.713211 1091.520020
4125.640137 927.161133 81.713211 1092.319946
4125.640137 927.364258 81.713211 1092.510010
4125.640137 927.364258 81.713211 1092.520020
4125.640137 927.980164 81.713211 1093.329956
4125.640137 928.189514 81.713211 1093.530029
4125.680176 928.189514 81.713211 1093.530029
4125.687988 929.020142 81.713211 1094.310059
4125.744141 929.220703 81.713211 1094.520020
4125.744141 929.220703 81.713211 1094.530029
4125.744141 929.837402 81.713211 1095.310059
4126.056152 930.044495 81.713211 1095.530029
4126.056152 930.044495 81.713211 1095.530029
4126.071777 930.653259 64.502701 1096.329956
4126.071777 930.653259 64.502701 1096.520020
4126.512207 930.653259 64.502701 1096.530029
4126.664062 931.057983 64.502701 1097.300049
4126.664062 931.057983 64.502701 1097.520020
4128.000000 931.057983 64.502701 1097.530029
4128.063965 931.886169 64.502701 1098.319946
4128.063965 932.089905 64.502701 1098.520020
4130.448242 932.089905 64.502701 1098.530029
4130.456055 932.903931 64.502701 1099.329956
4132.863770 933.112366 64.502701 1099.510010
4132.872070 933.112366 64.502701 1099.520020
4132.888184 933.729492 64.502701 1100.319946
4132.888184 933.932983 64.502701 1100.520020
4134.224121 933.932983 64.502701 1100.520020
4134.224121 934.751221 64.502701 1101.339966
4134.224121 934.954712 64.502701 1101.530029
4135.215820 934.954712 64.502701 1101.530029
4135.215820 935.572327 64.502701 1102.319946
4135.215820 935.775452 64.502701 1102.510010
4136.208008 935.775452 64.502701 1102.530029
4136.224121 936.581787 64.502701 1103.319946
4136.863770 936.788391 64.502701 1103.520020
4136.863770 936.788391 64.502701 1103.530029
4136.872070 937.405090 64.502701 1104.310059
4136.872070 937.605469 64.502701 1104.520020
4137.919922 937.605469 64.502701 1104.520020
4137.936035 938.417542 64.502701 1105.319946
4139.063965 938.417542 64.502701 1105.520020
4139.063965 938.417542 64.502701 1105.530029
4139.071777 939.031921 79.993576 1106.339966
4139.071777 939.233337 79.993576 1106.540039
4140.255859 939.233337 79.993576 1106.540039
4140.279785 939.233337 79.993576 1107.339966
4140.288086 939.435181 79.993576 1107.520020
4141.335938 939.435181 79.993576 1107.530029
4141.352051 940.249817 79.993576 1108.310059
4141.359863 940.458374 79.993576 1108.510010
4142.711914 940.458374 79.993576 1108.530029
4142.720215 941.268799 79.993576 1109.329956
4142.720215 941.471497 79.993576 1109.520020
4143.744141 941.471497 79.993576 1109.520020
4143.791992 942.088623 79.993576 1110.319946
4143.791992 942.293823 79.993576 1110.510010
4144.735840 942.293823 79.993576 1110.540039
4144.791992 943.109497 79.993576 1111.310059
4144.791992 943.317566 79.993576 1111.530029
4145.591797 943.317566 79.993576 1111.540039
4145.624023 944.130920 79.993576 1112.319946
4145.624023 944.331665 79.993576 1112.530029
4145.928223 944.331665 79.993576 1112.530029
4145.936035 944.954834 79.993576 1113.329956
4145.936035 945.156555 79.993576 1113.500000
4146.080078 945.156555 79.993576 1113.510010
4146.080078 945.976501 79.993576 1114.329956
4146.080078 946.184082 79.993576 1114.520020
4146.136230 946.184082 79.993576 1114.530029
4146.151855 946.804565 79.993576 1115.310059
4146.151855 947.008118 83.134018 1115.520020
4146.279785 947.008118 83.134018 1115.530029
4146.335938 947.211182 83.134018 1116.319946
4146.335938 947.211182 83.134018 1116.530029
4146.368164 947.211182 83.134018 1116.530029
4146.383789 947.818115 83.134018 1117.339966
4146.383789 948.021362 83.134018 1117.520020
4146.472168 948.021362 83.134018 1117.520020
4146.520020 948.840454 83.134018 1118.319946
4146.527832 949.042114 83.134018 1118.520020
4146.567871 949.042114 83.134018 1118.520020
4146.591797 949.860413 83.134018 1119.329956
4146.607910 949.860413 83.134018 1119.500000
4146.720215 949.860413 83.134018 1119.510010
4146.751953 950.673889 83.134018 1120.319946
4146.751953 950.881714 83.134018 1120.530029
4146.832031 950.881714 83.134018 1120.530029
4146.903809 951.697510 83.134018 1121.339966
4146.928223 951.697510 83.134018 1121.520020
4146.928223 951.697510 83.134018 1121.520020
4147.344238 952.533081 83.134018 1122.329956
4147.359863 952.735291 83.134018 1122.520020
4147.359863 952.735291 83.134018 1122.520020
4147.487793 953.342712 83.134018 1123.319946
4147.496094 953.548096 83.134018 1123.500000
4147.496094 953.548096 83.134018 1123.530029
4147.607910 954.370911 83.134018 1124.329956
4147.704102 954.571899 83.134018 1124.520020
4147.799805 954.571899 83.134018 1124.530029
4147.879883 955.180786 83.134018 1125.329956
4148.224121 955.386292 84.904327 1125.520020
4148.224121 955.386292 84.904327 1125.540039
4148.383789 955.591492 84.904327 1126.349976
4148.520020 955.591492 84.904327 1126.510010
4148.520020 955.793335 84.904327 1126.520020
4148.655762 956.406799 84.904327 1127.319946
4148.655762 956.613831 84.904327 1127.500000
4148.784180 956.613831 84.904327 1127.510010
4148.879883 957.226807 84.904327 1128.319946
4148.903809 957.429749 84.904327 1128.500000
4148.912109 957.429749 84.904327 1128.500000
4149.007812 958.248718 84.904327 1129.319946
4149.087891 958.452698 84.904327 1129.530029
4149.087891 958.452698 84.904327 1129.540039
4149.160156 959.281006 84.904327 1130.329956
4149.167969 959.281006 84.904327 1130.510010
4149.167969 959.484680 84.904327 1130.530029
4149.231934 960.102661 84.904327 1131.319946
4149.231934 960.311523 84.904327 1131.510010
4149.231934 960.311523 84.904327 1131.510010
4149.288086 961.129517 84.904327 1132.329956
4149.304199 961.332520 84.904327 1132.530029
4149.304199 961.332520 84.904327 1132.530029
4149.408203 961.951782 84.904327 1133.319946
4149.408203 962.154053 84.904327 1133.530029
4149.472168 962.154053 84.904327 1133.530029
4149.600098 962.977173 84.904327 1134.310059
4149.600098 963.185486 84.904327 1134.520020
4150.383789 963.185486 84.904327 1134.530029
4150.687988 963.797913 96.563652 1135.319946
4152.952148 963.797913 96.563652 1135.510010
4152.952148 963.797913 96.563652 1135.520020
4153.175781 964.001038 96.563652 1136.300049
4154.248047 964.205383 96.563652 1136.520020
4154.248047 964.205383 96.563652 1136.530029
4154.392090 965.010559 96.563652 1137.310059
4154.392090 965.217407 96.563652 1137.520020
4154.408203 965.217407 96.563652 1137.530029
4154.815918 965.836792 96.563652 1138.349976
4154.824219 966.037476 96.563652 1138.530029
4154.839844 966.037476 96.563652 1138.530029
4155.200195 966.854004 96.563652 1139.319946
4155.200195 967.060913 96.563652 1139.510010
4155.208008 967.060913 96.563652 1139.530029
4155.271973 967.877625 96.563652 1140.349976
4155.328125 967.877625 96.563652 1140.520020
4155.328125 967.877625 96.563652 1140.520020
4155.487793 968.696655 96.563652 1141.329956
4155.512207 968.903564 96.563652 1141.510010
4155.527832 968.903564 96.563652 1141.520020
4155.952148 969.725708 96.563652 1142.310059
4155.952148 969.934753 96.563652 1142.500000
4156.208008 969.934753 96.563652 1142.520020
4156.711914 970.558411 96.563652 1143.329956
4156.711914 970.762146 96.563652 1143.510010
4156.895996 970.762146 96.563652 1143.520020
4157.200195 971.588379 96.563652 1144.329956
4157.200195 971.788574 96.563652 1144.510010
4157.264160 971.788574 96.563652 1144.520020
4157.392090 972.400085 96.563652 1145.319946
4157.392090 972.600708 90.429962 1145.500000
4157.392090 972.600708 90.429962 1145.540039
4157.472168 972.800964 90.429962 1146.300049
4157.472168 972.800964 90.429962 1146.520020
4157.472168 972.800964 90.429962 1146.530029
4157.479980 973.610840 90.429962 1147.310059
4157.479980 973.815002 90.429962 1147.520020
4157.479980 973.815002 90.429962 1147.530029
4157.496094 974.427429 90.429962 1148.319946
4157.496094 974.636230 90.429962 1148.520020
4157.543945 974.636230 90.429962 1148.530029
4157.551758 975.457764 90.429962 1149.339966
4157.551758 975.666626 90.429962 1149.530029
4157.551758 975.666626 90.429962 1149.530029
4157.576172 976.482849 90.429962 1150.319946
4157.607910 976.482849 90.429962 1150.520020
4157.607910 976.687317 90.429962 1150.540039
4157.607910 977.308228 90.429962 1151.319946
4157.687988 977.517090 90.429962 1151.510010
4157.687988 977.517090 90.429962 1151.530029
4157.695801 978.140137 90.429962 1152.310059
4157.720215 978.348206 90.429962 1152.510010
4157.720215 978.348206 90.429962 1152.520020
4157.735840 979.168884 90.429962 1153.349976
4157.768066 979.374756 115.101288 1153.510010
4157.784180 979.374756 115.101288 1153.520020
4157.863770 979.574829 115.101288 1154.319946
4157.863770 979.574829 115.101288 1154.500000
4157.863770 979.574829 115.101288 1154.530029
4157.895996 980.193115 115.101288 1155.349976
4157.895996 980.401672 115.101288 1155.510010
4157.895996 980.401672 115.101288 1155.530029
4157.912109 981.210144 115.101288 1156.339966
4157.912109 981.413635 115.101288 1156.500000
4157.912109 981.413635 115.101288 1156.530029
4157.919922 982.235718 115.101288 1157.339966
4157.919922 982.235718 115.101288 1157.520020
4157.919922 982.235718 115.101288 1157.520020
4158.007812 983.056641 115.101288 1158.310059
4158.007812 983.263977 115.101288 1158.510010
4158.016113 983.263977 115.101288 1158.520020
4158.023926 983.876038 115.101288 1159.329956
4158.040039 984.083252 115.101288 1159.520020
4158.040039 984.083252 115.101288 1159.530029
4158.047852 984.904663 115.101288 1160.319946
4158.047852 985.109375 115.101288 1160.530029
4158.056152 985.109375 115.101288 1160.540039
4158.056152 985.721924 115.101288 1161.300049
4158.056152 985.930664 115.101288 1161.520020
4158.136230 985.930664 115.101288 1161.530029
4158.215820 986.749084 115.101288 1162.319946
4158.231934 986.949646 115.101288 1162.510010
4158.240234 986.949646 115.101288 1162.520020
4158.319824 987.152649 100.846191 1163.339966
4158.359863 987.152649 100.846191 1163.520020
4158.359863 987.152649 100.846191 1163.530029
4158.472168 987.767517 100.846191 1164.319946
4158.472168 987.973633 100.846191 1164.530029
4158.479980 987.973633 100.846191 1164.540039
4158.479980 988.798462 100.846191 1165.319946
4158.664062 989.005371 100.846191 1165.510010
4158.664062 989.005371 100.846191 1165.520020
4158.664062 989.413452 100.846191 1166.310059
4158.664062 989.616272 100.846191 1166.500000
4160.224121 989.816528 100.846191 1166.520020
4160.231934 990.628296 100.846191 1167.319946
4160.248047 990.628296 100.846191 1167.510010
4161.536133 990.628296 100.846191 1167.530029
4161.631836 991.452332 100.846191 1168.319946
4161.640137 991.660706 100.846191 1168.489990
4163.151855 991.660706 100.846191 1168.510010
4163.151855 992.485901 100.846191 1169.329956
4163.160156 992.485901 100.846191 1169.520020
4164.224121 992.689087 100.846191 1169.530029
4164.231934 993.299866 100.846191 1170.339966
4164.231934 993.508911 100.846191 1170.520020
4165.768066 993.508911 100.846191 1170.520020
4165.768066 994.317383 100.846191 1171.339966
4166.711914 994.518982 100.846191 1171.520020
4166.711914 994.518982 100.846191 1171.520020
4166.711914 995.132629 112.263283 1172.329956
4166.720215 995.333069 112.263283 1172.530029
4167.551758 995.333069 112.263283 1172.530029
4167.551758 995.333069 112.263283 1173.300049
4167.551758 995.538208 112.263283 1173.550049
4168.583984 995.538208 112.263283 1173.550049
4168.583984 996.352539 112.263283 1174.300049
4168.583984 996.560974 112.263283 1174.530029
4169.624023 996.560974 112.263283 1174.540039
4169.624023 997.383423 112.263283 1175.329956
4169.624023 997.586609 112.263283 1175.520020
4171.560059 997.586609 112.263283 1175.530029
4171.560059 998.205383 112.263283 1176.339966
4174.855957 998.410583 112.263283 1176.520020
4174.855957 998.410583 112.263283 1176.520020
4174.855957 999.220947 112.263283 1177.329956
4174.863770 999.427368 112.263283 1177.520020
4184.680176 999.427368 112.263283 1177.540039
4184.680176 1000.041443 112.263283 1178.310059
4184.720215 1000.241699 112.263283 1178.530029
4207.023926 1000.241699 112.263283 1178.550049
4207.063965 1001.066345 112.263283 1179.319946
4207.063965 1001.272095 112.263283 1179.500000
4220.687988 1001.272095 112.263283 1179.530029
4220.695801 1001.893860 112.263283 1180.339966
4232.368164 1002.097107 112.263283 1180.520020
4232.368164 1002.097107 112.263283 1180.530029
4232.383789 1002.711548 112.263283 1181.319946
4239.096191 1002.919617 112.263283 1181.510010
4239.096191 1002.919617 112.263283 1181.510010
4239.111816 1003.733276 112.263283 1182.319946
4239.111816 1003.733276 112.263283 1182.520020
4244.383789 1003.733276 112.263283 1182.530029
4244.383789 1003.935608 129.098297 1183.339966
4244.383789 1003.935608 129.098297 1183.530029
4248.215820 1003.935608 129.098297 1183.530029
4248.224121 1004.752747 129.098297 1184.319946
4252.439941 1004.958008 129.098297 1184.520020
4252.439941 1004.958008 129.098297 1184.520020
4252.463867 1005.566956 129.098297 1185.310059
4252.463867 1005.774536 129.098297 1185.520020
4255.224121 1005.774536 129.098297 1185.540039
4255.231934 1006.591064 129.098297 1186.339966
4255.687988 1006.800049 129.098297 1186.520020
4255.687988 1006.800049 129.098297 1186.520020
4255.720215 1007.410645 129.098297 1187.329956
4255.744141 1007.610962 129.098297 1187.520020
4255.943848 1007.610962 129.098297 1187.530029
4255.952148 1008.429932 129.098297 1188.329956
4255.952148 1008.634155 129.098297 1188.520020
4256.175781 1008.634155 129.098297 1188.540039
4256.175781 1009.454529 129.098297 1189.329956
4256.472168 1009.660706 129.098297 1189.520020
4256.472168 1009.660706 129.098297 1189.520020
4256.472168 1010.278015 129.098297 1190.319946
4256.472168 1010.482849 129.098297 1190.510010
4256.943848 1010.482849 129.098297 1190.540039
4256.943848 1011.296997 129.098297 1191.329956
4256.943848 1011.503418 129.098297 1191.530029
4257.624023 1011.503418 129.098297 1191.540039
4257.631836 1011.910095 112.802658 1192.339966
4257.631836 1011.910095 112.802658 1192.510010
4258.040039 1011.910095 112.802658 1192.530029
4258.071777 1012.313416 112.802658 1193.349976
4258.416016 1012.313416 112.802658 1193.500000
4258.416016 1012.514709 112.802658 1193.520020
4258.463867 1013.124573 112.802658 1194.319946
4258.463867 1013.331604 112.802658 1194.520020
4260.111816 1013.331604 112.802658 1194.520020
4260.127930 1014.144897 112.802658 1195.310059
4260.136230 1014.352234 112.802658 1195.510010
4260.399902 1014.352234 112.802658 1195.530029
4260.416016 1014.965576 112.802658 1196.329956
4260.751953 1015.168396 112.802658 1196.520020
4261.023926 1015.168396 112.802658 1196.520020
4261.023926 1015.984253 112.802658 1197.349976
4261.071777 1016.185669 112.802658 1197.530029
4262.976074 1016.185669 112.802658 1197.530029
4262.976074 1016.796143 112.802658 1198.329956
4263.695801 1017.000610 112.802658 1198.520020
4263.704102 1017.000610 112.802658 1198.520020
4263.704102 1017.812866 112.802658 1199.349976
4263.759766 1018.016235 112.802658 1199.510010
4264.120117 1018.016235 112.802658 1199.530029
4264.120117 1018.421875 101.595039 1200.319946
4264.295898 1018.421875 101.595039 1200.520020
4264.479980 1018.421875 101.595039 1200.530029
4264.503906 1018.827026 101.595039 1201.349976
4264.527832 1019.030762 101.595039 1201.530029
4264.751953 1019.030762 101.595039 1201.530029
4264.751953 1019.848999 101.595039 1202.319946
4264.751953 1020.050354 101.595039 1202.510010
4264.936035 1020.050354 101.595039 1202.530029
4264.936035 1020.872803 101.595039 1203.319946
4264.936035 1020.872803 101.595039 1203.500000
4265.087891 1020.872803 101.595039 1203.500000
4265.087891 1021.697815 101.595039 1204.300049
4265.111816 1021.903442 101.595039 1204.500000
4265.264160 1021.903442 101.595039 1204.530029
4265.264160 1022.721619 101.595039 1205.290039
4265.352051 1022.922852 101.595039 1205.510010
4265.432129 1022.922852 101.595039 1205.510010
4265.432129 1023.725220 101.595039 1206.319946
4265.560059 1023.926208 101.595039 1206.530029
4265.751953 1023.926208 101.595039 1206.530029
4265.751953 1024.548462 101.595039 1207.280029
4265.775879 1024.754395 101.595039 1207.489990
4267.512207 1024.754395 101.595039 1207.489990
4267.512207 1025.574585 101.595039 1208.310059
4267.551758 1025.782715 101.595039 1208.520020
4270.127930 1025.782715 101.595039 1208.520020
4270.127930 1026.189819 123.955193 1209.300049
4270.200195 1026.189819 123.955193 1209.520020
4272.728027 1026.189819 123.955193 1209.520020
4272.728027 1026.595947 123.955193 1210.300049
4272.824219 1026.800171 123.955193 1210.520020
4274.616211 1026.800171 123.955193 1210.550049
4274.631836 1027.618652 123.955193 1211.290039
4274.640137 1027.821045 123.955193 1211.520020
4276.375977 1027.821045 123.955193 1211.520020
4276.375977 1028.439087 123.955193 1212.300049
4276.375977 1028.642334 123.955193 1212.489990
4277.775879 1028.642334 123.955193 1212.489990
4277.775879 1029.250854 123.955193 1213.270020
4277.775879 1029.653076 123.955193 1213.520020
4278.751953 1029.653076 123.955193 1213.530029
4278.751953 1030.262695 123.955193 1214.310059
4278.759766 1030.262695 123.955193 1214.489990
4280.215820 1030.262695 123.955193 1214.489990
4280.215820 1031.079346 123.955193 1215.290039
4280.224121 1031.285889 123.955193 1215.520020
4281.527832 1031.285889 123.955193 1215.520020
4281.536133 1032.096924 123.955193 1216.319946
4282.071777 1032.096924 123.955193 1216.520020
4283.208008 1032.302612 123.955193 1216.550049
4283.208008 1032.918579 123.955193 1217.290039
4284.383789 1033.125732 123.955193 1217.510010
4285.775879 1033.125732 123.955193 1217.510010
4285.775879 1033.944336 123.955193 1218.300049
4286.647949 1034.151001 123.955193 1218.520020
4287.751953 1034.151001 123.955193 1218.520020
4287.824219 1034.552002 99.734306 1219.319946
4288.808105 1034.552002 99.734306 1219.520020
4290.111816 1034.552002 99.734306 1219.540039
4290.184082 1034.960205 99.734306 1220.310059
4291.520020 1035.161377 99.734306 1220.520020
4292.512207 1035.161377 99.734306 1220.520020
4292.560059 1035.979858 99.734306 1221.319946
4293.416016 1036.183716 99.734306 1221.510010
4295.319824 1036.183716 99.734306 1221.510010
4295.352051 1036.800903 99.734306 1222.270020
4296.167969 1037.009277 99.734306 1222.489990
4298.063965 1037.009277 99.734306 1222.500000
4298.127930 1037.618286 99.734306 1223.319946
4298.208008 1037.826050 99.734306 1223.489990
4300.775879 1037.826050 99.734306 1223.489990
4300.791992 1038.649780 99.734306 1224.300049
4300.799805 1038.855713 99.734306 1224.520020
4305.607910 1038.855713 99.734306 1224.530029
4305.607910 1039.465088 99.734306 1225.300049
4313.576172 1039.666016 99.734306 1225.489990
4313.616211 1039.666016 99.734306 1225.489990
4313.616211 1040.489014 99.734306 1226.310059
4314.007812 1040.690308 99.734306 1226.520020
4317.368164 1040.690308 99.734306 1226.520020
4317.368164 1041.509277 99.734306 1227.310059
4317.824219 1041.509277 99.734306 1227.500000
4319.824219 1041.509277 99.734306 1227.500000
4319.824219 1042.323975 99.734306 1228.300049
4319.983887 1042.529907 99.734306 1228.500000
4321.583984 1042.529907 99.734306 1228.540039
4321.583984 1043.144043 99.734306 1229.300049
4321.680176 1043.353516 99.734306 1229.489990
4323.040039 1043.353516 99.734306 1229.489990
4323.056152 1043.760986 98.948929 1230.290039
4323.111816 1043.760986 98.948929 1230.500000
4324.231934 1043.760986 98.948929 1230.510010
4324.231934 1044.370972 98.948929 1231.310059
4324.248047 1044.572144 98.948929 1231.500000
4326.167969 1044.572144 98.948929 1231.500000
4326.175781 1045.199829 98.948929 1232.290039
4326.231934 1045.400635 98.948929 1232.520020
4327.687988 1045.400635 98.948929 1232.550049
4327.687988 1046.219360 98.948929 1233.310059
4327.768066 1046.422119 98.948929 1233.510010
4329.319824 1046.422119 98.948929 1233.510010
4329.319824 1047.031982 98.948929 1234.290039
4330.000000 1047.238403 98.948929 1234.520020
4331.248047 1047.238403 98.948929 1234.520020
4331.248047 1048.055542 98.948929 1235.290039
4332.136230 1048.264771 98.948929 1235.520020
4333.536133 1048.264771 98.948929 1235.550049
4333.543945 1048.880493 98.948929 1236.270020
4333.791992 1049.089478 98.948929 1236.500000
4334.759766 1049.089478 98.948929 1236.500000
4334.775879 1049.908813 98.948929 1237.290039
4334.888184 1050.116089 98.948929 1237.530029
4336.312012 1050.116089 98.948929 1237.530029
4336.319824 1050.734131 98.948929 1238.280029
4336.416016 1050.940918 98.948929 1238.520020
4337.583984 1050.940918 98.948929 1238.520020
4337.583984 1051.754272 98.948929 1239.310059
4337.879883 1051.754272 105.420952 1239.530029
4339.200195 1051.754272 105.420952 1239.530029
4339.215820 1051.954834 105.420952 1240.310059
4339.479980 1052.154907 105.420952 1240.520020
4340.751953 1052.154907 105.420952 1240.520020
4340.759766 1052.772827 105.420952 1241.300049
4340.936035 1052.978394 105.420952 1241.550049
4342.416016 1052.978394 105.420952 1241.550049
4342.439941 1053.800171 105.420952 1242.280029
4342.704102 1053.800171 105.420952 1242.500000
4344.423828 1053.800171 105.420952 1242.500000
4344.432129 1054.626465 105.420952 1243.280029
4344.520020 1054.833740 105.420952 1243.510010
4349.479980 1054.833740 105.420952 1243.510010
4349.496094 1055.665405 105.420952 1244.310059
4350.208008 1055.872192 105.420952 1244.500000
4364.967773 1055.872192 105.420952 1244.500000
4364.967773 1056.683838 105.420952 1245.310059
4365.479980 1056.887207 105.420952 1245.520020
4370.503906 1056.887207 105.420952 1245.530029
4370.551758 1057.492798 105.420952 1246.300049
4370.720215 1057.700073 105.420952 1246.520020
4375.392090 1057.700073 105.420952 1246.520020
4375.423828 1058.513062 105.420952 1247.310059
4378.399902 1058.722046 105.420952 1247.510010
4378.472168 1058.722046 105.420952 1247.510010
4378.664062 1059.538208 105.420952 1248.310059
4378.704102 1059.741089 105.420952 1248.520020
4380.928223 1059.741089 105.420952 1248.540039
4380.967773 1059.943237 90.669586 1249.290039
4380.976074 1059.943237 90.669586 1249.489990
4382.080078 1059.943237 90.669586 1249.489990
4382.200195 1060.554932 90.669586 1250.310059
4382.224121 1060.757568 90.669586 1250.500000
4383.416016 1060.757568 90.669586 1250.540039
4383.472168 1061.568970 90.669586 1251.300049
4383.487793 1061.769897 90.669586 1251.489990
4384.567871 1061.769897 90.669586 1251.500000
4384.576172 1062.386597 90.669586 1252.290039
4384.624023 1062.594971 90.669586 1252.510010
4386.687988 1062.594971 90.669586 1252.510010
4386.759766 1063.416748 90.669586 1253.310059
4386.839844 1063.624512 90.669586 1253.520020
4388.047852 1063.624512 90.669586 1253.550049
4388.160156 1064.444824 90.669586 1254.300049
4389.080078 1064.654297 90.669586 1254.489990
4390.063965 1064.654297 90.669586 1254.489990
4390.080078 1065.271606 90.669586 1255.300049
4390.919922 1065.471680 90.669586 1255.530029
4392.359863 1065.471680 90.669586 1255.530029
4392.368164 1066.288696 90.669586 1256.310059
4396.248047 1066.492065 90.669586 1256.500000
4396.759766 1066.492065 90.669586 1256.500000
4396.759766 1067.111206 90.669586 1257.310059
4396.936035 1067.519775 90.669586 1257.520020
4405.624023 1067.519775 90.669586 1257.550049
4405.631836 1068.142944 90.669586 1258.270020
4405.824219 1068.348633 90.669586 1258.520020
4412.215820 1068.348633 90.669586 1258.520020
4412.215820 1068.971558 90.669586 1259.300049
4414.456055 1069.176392 94.651329 1259.530029
4414.744141 1069.176392 94.651329 1259.530029
4414.744141 1069.376953 94.651329 1260.310059
4414.919922 1069.376953 94.651329 1260.520020
4418.120117 1069.376953 94.651329 1260.550049
4418.120117 1069.985352 94.651329 1261.280029
4422.208008 1070.395996 94.651329 1261.510010
4422.512207 1070.395996 94.651329 1261.510010
4422.512207 1071.015991 94.651329 1262.319946
4422.655762 1071.227173 94.651329 1262.510010
4424.848145 1071.227173 94.651329 1262.510010
4424.848145 1072.042725 94.651329 1263.310059
4424.952148 1072.248535 94.651329 1263.520020
4426.104004 1072.248535 94.651329 1263.520020
4426.104004 1072.863770 94.651329 1264.280029
4426.576172 1073.066895 94.651329 1264.510010
4426.799805 1073.066895 94.651329 1264.510010
4426.799805 1073.880127 94.651329 1265.280029
4427.416016 1074.080200 94.651329 1265.520020
4428.335938 1074.080200 94.651329 1265.520020
4428.335938 1074.687134 94.651329 1266.300049
4429.664062 1074.890259 94.651329 1266.489990
4430.047852 1074.890259 94.651329 1266.489990
4430.056152 1075.706909 94.651329 1267.300049
4430.271973 1075.908691 94.651329 1267.510010
4430.607910 1075.908691 94.651329 1267.510010
4430.624023 1076.523438 94.651329 1268.300049
4430.919922 1076.725586 94.651329 1268.489990
4431.728027 1076.725586 94.651329 1268.489990
4431.751953 1077.130981 92.907265 1269.280029
4431.791992 1077.130981 92.907265 1269.510010
4431.983887 1077.130981 92.907265 1269.510010
4431.983887 1077.740234 92.907265 1270.310059
4432.319824 1077.944702 92.907265 1270.500000
4432.375977 1077.944702 92.907265 1270.500000
4432.375977 1078.563721 92.907265 1271.310059
4432.448242 1078.767334 92.907265 1271.510010
4432.735840 1078.767334 92.907265 1271.510010
4432.735840 1079.585449 92.907265 1272.290039
4432.824219 1079.787720 92.907265 1272.520020
4433.191895 1079.787720 92.907265 1272.520020
4433.200195 1080.407227 92.907265 1273.300049
4433.456055 1080.609497 92.907265 1273.540039
4433.664062 1080.609497 92.907265 1273.540039
4433.671875 1081.424316 92.907265 1274.310059
4433.808105 1081.627197 92.907265 1274.520020
4435.744141 1081.627197 92.907265 1274.520020
4435.744141 1082.234131 92.907265 1275.300049
4436.448242 1082.442993 92.907265 1275.500000
4436.616211 1082.442993 92.907265 1275.530029
4436.616211 1083.269775 92.907265 1276.310059
4436.936035 1083.474121 92.907265 1276.510010
4437.136230 1083.474121 92.907265 1276.520020
4437.136230 1084.083618 92.907265 1277.329956
4437.784180 1084.284790 92.907265 1277.530029
4438.248047 1084.284790 92.907265 1277.530029
4438.248047 1085.106201 92.907265 1278.329956
4441.167969 1085.106201 72.735413 1278.520020
4441.472168 1085.106201 72.735413 1278.520020
4441.472168 1085.306641 72.735413 1279.349976
4446.591797 1085.508789 72.735413 1279.520020
4446.832031 1085.508789 72.735413 1279.530029
4446.832031 1086.123657 72.735413 1280.339966
4448.903809 1086.324463 72.735413 1280.540039
4449.063965 1086.324463 72.735413 1280.540039
4449.063965 1087.131470 72.735413 1281.319946
4451.583984 1087.339722 72.735413 1281.530029
4451.888184 1087.339722 72.735413 1281.530029
4451.888184 1088.144897 72.735413 1282.329956
4452.695801 1088.354126 72.735413 1282.530029
4453.919922 1088.354126 72.735413 1282.530029
4453.919922 1088.971924 72.735413 1283.349976
4455.016113 1089.178467 72.735413 1283.520020
4456.136230 1089.178467 72.735413 1283.540039
4456.136230 1090.004883 72.735413 1284.329956
4458.224121 1090.207886 72.735413 1284.530029
4459.160156 1090.207886 72.735413 1284.530029
4459.160156 1091.025024 72.735413 1285.339966
4462.352051 1091.025024 72.735413 1285.520020
4465.344238 1091.234375 72.735413 1285.540039
4465.344238 1091.850464 72.735413 1286.329956
4467.463867 1092.055542 72.735413 1286.530029
4476.127930 1092.055542 72.735413 1286.530029
4476.151855 1092.875244 72.735413 1287.349976
4480.127930 1093.082886 72.735413 1287.530029
4484.824219 1093.082886 72.735413 1287.530029
4484.848145 1093.698608 72.735413 1288.329956
4486.680176 1093.901855 80.244484 1288.530029
4492.744141 1093.901855 80.244484 1288.540039
4492.744141 1094.105225 80.244484 1289.349976
4495.463867 1094.105225 80.244484 1289.540039
4496.576172 1094.105225 80.244484 1289.550049
4496.583984 1094.918213 80.244484 1290.339966
4497.264160 1094.918213 80.244484 1290.520020
4500.104004 1095.127075 80.244484 1290.540039
4500.111816 1095.739868 80.244484 1291.339966
4502.695801 1095.942627 80.244484 1291.520020
4503.583984 1095.942627 80.244484 1291.520020
4503.583984 1096.768677 80.244484 1292.339966
4505.120117 1096.768677 80.244484 1292.520020
4506.432129 1096.973389 80.244484 1292.530029
4506.432129 1097.586304 80.244484 1293.339966
4507.512207 1097.793457 80.244484 1293.500000
4509.200195 1097.793457 80.244484 1293.510010
4509.200195 1098.409668 80.244484 1294.310059
4511.448242 1098.611206 80.244484 1294.530029
4512.655762 1098.611206 80.244484 1294.530029
4512.655762 1099.018311 85.500191 1295.319946
4513.695801 1099.018311 85.500191 1295.500000
4516.640137 1099.018311 85.500191 1295.500000
4516.640137 1099.422485 85.500191 1296.300049
4517.000000 1099.627930 85.500191 1296.500000
4523.032227 1099.627930 85.500191 1296.500000
4523.032227 1100.448730 85.500191 1297.300049
4523.607910 1100.651733 85.500191 1297.530029
4530.071777 1100.651733 85.500191 1297.530029
4530.071777 1101.264038 85.500191 1298.300049
4533.824219 1101.470459 85.500191 1298.489990
4536.127930 1101.470459 85.500191 1298.510010
4536.127930 1102.286377 85.500191 1299.280029
4539.872070 1102.490723 85.500191 1299.510010
4541.855957 1102.490723 85.500191 1299.510010
4541.855957 1103.104614 85.500191 1300.300049
4546.231934 1103.309326 85.500191 1300.489990
4547.087891 1103.309326 85.500191 1300.489990
4547.087891 1104.124390 85.500191 1301.339966
4547.208008 1104.331665 85.500191 1301.530029
4552.000000 1104.331665 85.500191 1301.530029
4552.007812 1104.951904 85.500191 1302.329956
4555.888184 1105.155273 85.500191 1302.530029
4555.903809 1105.155273 85.500191 1302.530029
4555.903809 1105.962402 85.500191 1303.319946
4555.967773 1106.163574 85.500191 1303.530029
4558.928223 1106.163574 85.500191 1303.550049
4558.928223 1106.368530 94.055786 1304.349976
4561.096191 1106.368530 94.055786 1304.530029
4561.136230 1106.368530 94.055786 1304.560059
4561.136230 1106.982178 94.055786 1305.329956
4561.151855 1107.185181 94.055786 1305.520020
4563.496094 1107.185181 94.055786 1305.530029
4563.496094 1108.001099 94.055786 1306.329956
4566.200195 1108.202148 94.055786 1306.530029
4566.200195 1108.202148 94.055786 1306.530029
4566.200195 1109.014648 94.055786 1307.310059
4566.248047 1109.222168 94.055786 1307.530029
4568.888184 1109.222168 94.055786 1307.530029
4568.888184 1109.838867 94.055786 1308.319946
4568.928223 1110.042114 94.055786 1308.520020
4569.928223 1110.042114 94.055786 1308.530029
4569.928223 1110.651489 94.055786 1309.329956
4570.855957 1110.854004 94.055786 1309.520020
4570.872070 1110.854004 94.055786 1309.540039
4570.872070 1111.676514 94.055786 1310.300049
4571.848145 1111.877075 94.055786 1310.500000
4571.848145 1111.877075 94.055786 1310.500000
4571.848145 1112.498657 94.055786 1311.290039
4571.848145 1112.705444 94.055786 1311.520020
4573.543945 1112.705444 94.055786 1311.520020
4573.543945 1113.546509 94.055786 1312.310059
4573.560059 1113.749878 94.055786 1312.520020
4579.616211 1113.749878 94.055786 1312.540039
4579.631836 1114.366089 94.055786 1313.280029
4591.943848 1114.566650 79.986786 1313.520020
4591.967773 1114.566650 79.986786 1313.520020
4591.983887 1114.566650 79.986786 1314.310059
4600.768066 1114.769897 79.986786 1314.510010
4600.824219 1114.769897 79.986786 1314.550049
4600.832031 1115.379028 79.986786 1315.280029
4608.624023 1115.796021 79.986786 1315.520020
4608.655762 1115.796021 79.986786 1315.520020
4608.655762 1116.408569 79.986786 1316.300049
4608.768066 1116.609619 79.986786 1316.530029
4613.735840 1116.609619 79.986786 1316.540039
4613.735840 1117.228394 79.986786 1317.280029
4616.631836 1117.430054 79.986786 1317.520020
4616.631836 1117.430054 79.986786 1317.520020
4616.631836 1118.246948 79.986786 1318.280029
4616.671875 1118.462036 79.986786 1318.520020
4617.695801 1118.462036 79.986786 1318.520020
4617.695801 1119.077759 79.986786 1319.319946
4617.832031 1119.279907 79.986786 1319.510010
4617.839844 1119.279907 79.986786 1319.540039
4617.839844 1120.099731 79.986786 1320.329956
4617.848145 1120.307739 79.986786 1320.530029
4617.879883 1120.307739 79.986786 1320.530029
4617.879883 1121.127686 79.986786 1321.319946
4617.936035 1121.332031 79.986786 1321.520020
4617.936035 1121.332031 79.986786 1321.540039
4617.936035 1121.952637 79.986786 1322.339966
4617.936035 1122.160156 79.986786 1322.520020
4618.016113 1122.160156 79.986786 1322.550049
4618.016113 1122.773438 116.263222 1323.329956
4619.416016 1122.773438 116.263222 1323.540039
4619.423828 1122.773438 116.263222 1323.550049
4619.439941 1123.179932 116.263222 1324.339966
4621.215820 1123.179932 116.263222 1324.510010
4621.215820 1123.179932 116.263222 1324.540039
4621.271973 1124.003418 116.263222 1325.339966
4621.288086 1124.209106 116.263222 1325.520020
4622.607910 1124.209106 116.263222 1325.540039
4622.624023 1125.034668 116.263222 1326.339966
4622.647949 1125.239624 116.263222 1326.520020
4623.839844 1125.239624 116.263222 1326.540039
4623.839844 1125.849731 116.263222 1327.349976
4623.928223 1126.057861 116.263222 1327.510010
4624.983887 1126.057861 116.263222 1327.530029
4624.983887 1126.876831 116.263222 1328.329956
4625.520020 1127.084595 116.263222 1328.520020
4625.576172 1127.084595 116.263222 1328.530029
4625.583984 1127.702393 116.263222 1329.329956
4625.664062 1127.907349 116.263222 1329.530029
4625.687988 1127.907349 116.263222 1329.530029
4625.687988 1128.720825 116.263222 1330.319946
4625.711914 1128.928955 116.263222 1330.530029
4625.735840 1128.928955 116.263222 1330.530029
4625.735840 1129.542603 116.263222 1331.339966
4625.744141 1129.742676 116.263222 1331.520020
4625.799805 1129.742676 116.263222 1331.540039
4625.799805 1130.561279 116.263222 1332.319946
4625.808105 1130.561279 116.263222 1332.520020
4625.936035 1130.769165 116.263222 1332.550049
4625.936035 1131.382324 89.001648 1333.310059
4625.983887 1131.382324 89.001648 1333.520020
4626.375977 1131.382324 89.001648 1333.520020
4626.375977 1131.585327 89.001648 1334.300049
4627.295898 1131.585327 89.001648 1334.500000
4627.312012 1131.585327 89.001648 1334.500000
4627.312012 1132.405151 89.001648 1335.310059
4628.503906 1132.614868 89.001648 1335.530029
4628.520020 1132.614868 89.001648 1335.530029
4628.520020 1133.424561 89.001648 1336.290039
4630.040039 1133.630371 89.001648 1336.520020
4630.047852 1133.630371 89.001648 1336.520020
4630.047852 1134.251099 89.001648 1337.290039
4631.344238 1134.459229 89.001648 1337.530029
4631.344238 1134.459229 89.001648 1337.530029
4631.344238 1135.280762 89.001648 1338.280029
4631.839844 1135.489136 89.001648 1338.520020
4631.855957 1135.489136 89.001648 1338.520020
4631.855957 1136.105835 89.001648 1339.290039
4632.304199 1136.313965 89.001648 1339.520020
4632.319824 1136.313965 89.001648 1339.520020
4632.319824 1137.137207 89.001648 1340.310059
4632.824219 1137.346436 89.001648 1340.510010
4632.824219 1137.346436 89.001648 1340.510010
4632.824219 1137.957520 89.001648 1341.310059
4632.832031 1138.158569 89.001648 1341.520020
4634.127930 1138.158569 89.001648 1341.520020
4634.127930 1138.962646 89.001648 1342.310059
4635.728027 1139.163574 89.001648 1342.510010
4635.735840 1139.163574 89.001648 1342.510010
4635.735840 1139.365112 93.818466 1343.310059
4635.735840 1139.365112 93.818466 1343.510010
4636.631836 1139.365112 93.818466 1343.540039
4636.640137 1139.977051 93.818466 1344.310059
4636.647949 1140.186157 93.818466 1344.500000
4638.408203 1140.186157 93.818466 1344.510010
4638.408203 1141.002319 93.818466 1345.319946
4638.432129 1141.202637 93.818466 1345.520020
4639.399902 1141.202637 93.818466 1345.520020
4639.399902 1141.827637 93.818466 1346.300049
4640.184082 1142.035400 93.818466 1346.510010
4640.184082 1142.035400 93.818466 1346.510010
4640.191895 1142.858154 93.818466 1347.310059
4640.200195 1143.059814 93.818466 1347.510010
4640.704102 1143.059814 93.818466 1347.510010
4640.704102 1143.679688 93.818466 1348.319946
4640.711914 1143.885742 93.818466 1348.510010
4641.175781 1143.885742 93.818466 1348.510010
4641.175781 1144.496460 93.818466 1349.300049
4641.775879 1144.698853 93.818466 1349.510010
4641.775879 1144.900269 93.818466 1349.550049
4641.784180 1145.514160 93.818466 1350.310059
4641.784180 1145.721802 93.818466 1350.510010
4642.032227 1145.721802 93.818466 1350.510010
4642.032227 1146.534546 93.818466 1351.290039
4642.271973 1146.534546 93.818466 1351.489990
4642.319824 1146.534546 93.818466 1351.500000
4642.375977 1146.963989 97.057327 1352.300049
4642.695801 1146.963989 97.057327 1352.540039
4643.359863 1146.963989 97.057327 1352.540039
4643.392090 1147.567505 97.057327 1353.270020
4644.032227 1147.774292 97.057327 1353.520020
4644.279785 1147.774292 97.057327 1353.520020
4644.279785 1148.590698 97.057327 1354.300049
4644.655762 1148.796997 97.057327 1354.550049
4645.368164 1148.796997 97.057327 1354.550049
4645.368164 1149.411255 97.057327 1355.310059
4645.375977 1149.619507 97.057327 1355.520020
4646.023926 1149.619507 97.057327 1355.520020
4646.023926 1150.435425 97.057327 1356.300049
4647.200195 1150.435425 97.057327 1356.489990
4647.200195 1150.641357 97.057327 1356.500000
4647.200195 1151.261108 97.057327 1357.319946
4647.928223 1151.463623 97.057327 1357.520020
4647.936035 1151.463623 97.057327 1357.520020
4647.936035 1152.285767 97.057327 1358.310059
4647.936035 1152.485962 97.057327 1358.550049
4649.744141 1152.485962 97.057327 1358.550049
4649.744141 1153.317017 97.057327 1359.310059
4654.583984 1153.518188 97.057327 1359.510010
4654.600098 1153.518188 97.057327 1359.510010
4654.600098 1154.123291 97.419289 1360.310059
4659.383789 1154.123291 97.419289 1360.530029
4659.392090 1154.123291 97.419289 1360.530029
4659.416016 1154.323486 97.419289 1361.310059
4659.432129 1154.526001 97.419289 1361.500000
4661.687988 1154.526001 97.419289 1361.500000
4661.687988 1155.342896 97.419289 1362.300049
4661.704102 1155.547241 97.419289 1362.500000
4663.463867 1155.547241 97.419289 1362.520020
4663.463867 1156.156250 97.419289 1363.310059
4665.551758 1156.358032 97.419289 1363.530029
4665.551758 1156.358032 97.419289 1363.540039
4665.551758 1157.174072 97.419289 1364.310059
4665.551758 1157.380249 97.419289 1364.520020
4666.120117 1157.380249 97.419289 1364.520020
4666.120117 1158.197876 97.419289 1365.300049
4666.120117 1158.398193 97.419289 1365.540039
4666.872070 1158.398193 97.419289 1365.540039
4666.872070 1159.006104 97.419289 1366.310059
4666.879883 1159.212646 97.419289 1366.500000
4667.127930 1159.212646 97.419289 1366.530029
4667.144043 1160.028931 97.419289 1367.300049
4667.144043 1160.235107 97.419289 1367.540039
4667.392090 1160.235107 97.419289 1367.540039
4667.392090 1160.852905 97.419289 1368.310059
4667.512207 1161.053833 97.419289 1368.489990
4667.512207 1161.053833 97.419289 1368.500000
4667.512207 1161.874268 97.419289 1369.300049
4667.520020 1161.874268 97.419289 1369.500000
4667.655762 1161.874268 97.419289 1369.500000
4667.655762 1162.699463 97.419289 1370.319946
4667.655762 1162.901001 97.419289 1370.540039
4667.848145 1162.901001 97.419289 1370.550049
4667.895996 1163.306641 104.436028 1371.310059
4667.895996 1163.306641 104.436028 1371.520020
4668.000000 1163.306641 104.436028 1371.560059
4668.016113 1163.713379 104.436028 1372.290039
4668.167969 1163.915894 104.436028 1372.489990
4668.328125 1163.915894 104.436028 1372.520020
4668.328125 1164.731567 104.436028 1373.319946
4669.383789 1164.932129 104.436028 1373.550049
4669.936035 1164.932129 104.436028 1373.550049
4669.936035 1165.750488 104.436028 1374.319946
4671.000000 1165.953735 104.436028 1374.520020
4671.839844 1165.953735 104.436028 1374.520020
4671.839844 1166.570312 104.436028 1375.300049
4672.952148 1166.777954 104.436028 1375.530029
4673.711914 1166.777954 104.436028 1375.540039
4673.720215 1167.601685 104.436028 1376.319946
4674.888184 1167.817749 104.436028 1376.510010
4675.607910 1167.817749 104.436028 1376.520020
4675.607910 1168.427368 104.436028 1377.300049
4676.943848 1168.631958 104.436028 1377.520020
4677.392090 1168.631958 104.436028 1377.520020
4677.416016 1169.449463 104.436028 1378.290039
4677.647949 1169.651733 104.436028 1378.500000
4678.496094 1169.651733 104.436028 1378.500000
4678.520020 1170.257935 104.436028 1379.310059
4678.567871 1170.461548 104.436028 1379.510010
4679.439941 1170.461548 104.436028 1379.510010
4679.439941 1171.286865 104.436028 1380.310059
4679.496094 1171.492554 104.436028 1380.520020
4680.439941 1171.492554 104.436028 1380.550049
4680.439941 1172.104980 106.751511 1381.280029
4681.047852 1172.104980 106.751511 1381.520020
4681.096191 1172.104980 106.751511 1381.520020
4681.096191 1172.305176 106.751511 1382.319946
4681.655762 1172.505493 106.751511 1382.530029
4681.711914 1172.505493 106.751511 1382.550049
4681.720215 1173.326904 106.751511 1383.290039
4681.759766 1173.528564 106.751511 1383.520020
4682.040039 1173.528564 106.751511 1383.520020
4682.040039 1174.143555 106.751511 1384.290039
4682.472168 1174.344116 106.751511 1384.500000
4682.839844 1174.344116 106.751511 1384.520020
4682.839844 1175.151978 106.751511 1385.310059
4683.096191 1175.360107 106.751511 1385.510010
4683.319824 1175.360107 106.751511 1385.510010
4683.319824 1176.173950 106.751511 1386.310059
4683.551758 1176.380249 106.751511 1386.500000
4683.560059 1176.380249 106.751511 1386.520020
4683.560059 1176.984619 106.751511 1387.300049
4683.560059 1177.191284 106.751511 1387.530029
4683.728027 1177.191284 106.751511 1387.530029
4683.728027 1178.023682 106.751511 1388.319946
4683.728027 1178.231567 106.751511 1388.520020
4683.839844 1178.231567 106.751511 1388.520020
4683.839844 1178.833740 106.751511 1389.300049
4683.848145 1179.034668 106.751511 1389.520020
4683.983887 1179.034668 106.751511 1389.520020
4683.983887 1179.838867 106.751511 1390.310059
4683.983887 1180.039062 106.751511 1390.510010
4684.215820 1180.039062 106.751511 1390.510010
4684.215820 1180.649536 106.549408 1391.310059
4684.215820 1180.649536 106.549408 1391.510010
4684.408203 1180.649536 106.549408 1391.510010
4684.439941 1180.851196 106.549408 1392.319946
4684.439941 1181.051514 106.549408 1392.540039
4684.655762 1181.051514 106.549408 1392.540039
4684.695801 1181.676758 106.549408 1393.310059
4684.695801 1181.877319 106.549408 1393.520020
4685.111816 1181.877319 106.549408 1393.520020
4685.127930 1182.695068 106.549408 1394.300049
4685.127930 1182.900879 106.549408 1394.510010
4685.423828 1182.900879 106.549408 1394.540039
4685.423828 1183.515503 106.549408 1395.290039
4685.496094 1183.723999 106.549408 1395.489990
4685.496094 1183.723999 106.549408 1395.510010
4685.496094 1184.541382 106.549408 1396.290039
4685.496094 1184.746948 106.549408 1396.500000
4685.567871 1184.746948 106.549408 1396.510010
4685.576172 1185.579224 106.549408 1397.290039
4685.591797 1185.780151 106.549408 1397.520020
4685.687988 1185.780151 106.549408 1397.520020
4685.791992 1186.385742 106.549408 1398.280029
4685.791992 1186.586304 106.549408 1398.520020
4685.895996 1186.586304 106.549408 1398.560059
4685.903809 1187.399780 106.549408 1399.310059
4685.903809 1187.604370 106.549408 1399.550049
4685.983887 1187.604370 106.549408 1399.550049
4685.983887 1188.419800 106.549408 1400.310059
4685.983887 1188.624512 106.549408 1400.510010
4686.087891 1188.624512 106.549408 1400.530029
4686.087891 1189.033081 125.223885 1401.280029
4686.224121 1189.033081 125.223885 1401.520020
4686.224121 1189.033081 125.223885 1401.520020
4686.304199 1189.443359 125.223885 1402.310059
4686.304199 1189.647827 125.223885 1402.510010
4686.919922 1189.647827 125.223885 1402.520020
4686.943848 1190.465820 125.223885 1403.290039
4686.943848 1190.666626 125.223885 1403.489990
4687.352051 1190.666626 125.223885 1403.510010
4687.368164 1191.485596 125.223885 1404.310059
4687.368164 1191.686523 125.223885 1404.510010
4687.487793 1191.686523 125.223885 1404.520020
4687.520020 1192.504761 125.223885 1405.310059
4687.520020 1192.709595 125.223885 1405.520020
4687.607910 1192.709595 125.223885 1405.520020
4687.607910 1193.328369 125.223885 1406.300049
4687.640137 1193.536743 125.223885 1406.520020
4687.872070 1193.536743 125.223885 1406.550049
4687.903809 1194.355469 125.223885 1407.290039
4687.919922 1194.558472 125.223885 1407.520020
4688.040039 1194.558472 125.223885 1407.520020
4688.080078 1195.173340 125.223885 1408.319946
4688.080078 1195.374023 125.223885 1408.520020
4689.248047 1195.374023 125.223885 1408.520020
4689.264160 1195.990723 93.980171 1409.300049
4689.335938 1196.193604 93.980171 1409.500000
4690.536133 1196.193604 93.980171 1409.510010
4690.919922 1196.396240 93.980171 1410.310059
4691.120117 1196.396240 93.980171 1410.489990
4691.983887 1196.396240 93.980171 1410.489990
4692.040039 1197.211304 93.980171 1411.310059
4692.312012 1197.413696 93.980171 1411.510010
4694.096191 1197.413696 93.980171 1411.550049
4694.215820 1198.234741 93.980171 1412.290039
4694.416016 1198.439331 93.980171 1412.520020
4694.943848 1198.439331 93.980171 1412.520020
4694.983887 1199.263550 93.980171 1413.300049
4694.992188 1199.472290 93.980171 1413.530029
4695.680176 1199.472290 93.980171 1413.530029
4695.704102 1200.082886 93.980171 1414.290039
4695.704102 1200.288452 93.980171 1414.520020
4696.032227 1200.288452 93.980171 1414.520020
4696.032227 1201.117310 93.980171 1415.300049
4696.032227 1201.319092 93.980171 1415.540039
4696.056152 1201.319092 93.980171 1415.540039
4696.104004 1202.136353 93.980171 1416.290039
4696.104004 1202.344238 93.980171 1416.500000
4696.231934 1202.344238 93.980171 1416.510010
4696.288086 1202.958252 93.980171 1417.310059
4696.288086 1203.167114 93.980171 1417.510010
4696.439941 1203.167114 93.980171 1417.510010
4696.631836 1203.779053 103.459435 1418.469971
4696.631836 1203.779053 103.459435 1418.489990
4696.728027 1203.779053 103.459435 1418.489990
4696.976074 1203.985962 103.459435 1419.310059
4696.976074 1204.190308 103.459435 1419.530029
4697.240234 1204.190308 103.459435 1419.530029
4697.399902 1205.006958 103.459435 1420.300049
4697.399902 1205.208374 103.459435 1420.510010
4698.127930 1205.208374 103.459435 1420.520020
4698.191895 1205.821777 103.459435 1421.310059
4698.200195 1206.030762 103.459435 1421.510010
4699.127930 1206.030762 103.459435 1421.520020
4699.191895 1206.848877 103.459435 1422.319946
4699.191895 1207.052979 103.459435 1422.560059
4699.512207 1207.052979 103.459435 1422.560059
4699.591797 1207.868042 103.459435 1423.310059
4699.591797 1208.068115 103.459435 1423.510010
4699.720215 1208.068115 103.459435 1423.540039
4699.735840 1208.882935 103.459435 1424.280029
4699.824219 1209.083374 103.459435 1424.510010
4701.583984 1209.083374 103.459435 1424.530029
4701.695801 1209.697144 103.459435 1425.310059
4701.711914 1209.898315 103.459435 1425.489990
4701.863770 1209.898315 103.459435 1425.530029
4702.032227 1210.723267 103.459435 1426.300049
4702.047852 1210.723267 103.459435 1426.500000
4702.104004 1210.723267 103.459435 1426.500000
4702.184082 1211.541504 103.459435 1427.290039
4702.248047 1211.742188 103.459435 1427.500000
4702.416016 1211.742188 103.459435 1427.510010
4702.512207 1212.567871 103.459435 1428.310059
4702.616211 1212.770996 103.459435 1428.500000
4703.007812 1212.770996 103.459435 1428.530029
4703.032227 1213.394287 103.459435 1429.310059
4703.071777 1213.600220 103.459435 1429.520020
4703.127930 1213.600220 103.459435 1429.540039
4703.160156 1214.417969 103.459435 1430.280029
4703.167969 1214.621338 103.459435 1430.520020
4703.271973 1214.621338 103.459435 1430.520020
4703.279785 1215.446533 103.459435 1431.300049
4703.295898 1215.647827 103.459435 1431.520020
4703.543945 1215.647827 103.459435 1431.530029
4703.543945 1216.451050 103.459435 1432.280029
4703.543945 1216.660767 103.459435 1432.500000
4703.744141 1216.660767 103.459435 1432.510010
4703.759766 1217.286011 103.459435 1433.290039
4703.928223 1217.495239 103.459435 1433.520020
4703.928223 1217.495239 103.459435 1433.520020
4703.959961 1218.322144 103.459435 1434.310059
4703.983887 1218.530273 103.459435 1434.550049
4704.711914 1218.530273 103.459435 1434.550049
4704.744141 1219.344727 103.459435 1435.290039
4704.863770 1219.552002 103.459435 1435.520020
4705.319824 1219.552002 103.459435 1435.520020
4705.319824 1220.156494 103.459435 1436.290039
4705.487793 1220.357178 103.459435 1436.520020
4705.872070 1220.357178 103.459435 1436.520020
4705.879883 1221.177124 103.459435 1437.310059
4705.879883 1221.379028 103.459435 1437.520020
4706.016113 1221.379028 103.459435 1437.569946
4706.016113 1222.201050 103.459435 1438.290039
4706.016113 1222.405396 103.459435 1438.520020
4706.087891 1222.405396 103.459435 1438.520020
4706.264160 1223.025391 103.459435 1439.319946
4706.264160 1223.234497 103.459435 1439.530029
4706.416016 1223.234497 103.459435 1439.530029
4706.824219 1224.055908 103.459435 1440.300049
4706.839844 1224.259155 103.459435 1440.510010
4707.080078 1224.259155 103.459435 1440.530029
4707.439941 1225.083984 103.459435 1441.310059
4707.607910 1225.292725 103.459435 1441.540039
4707.959961 1225.292725 103.459435 1441.540039
4709.399902 1225.904419 103.459435 1442.290039
4709.616211 1226.109741 103.459435 1442.510010
4709.815918 1226.311646 103.459435 1442.520020
4710.503906 1226.925903 103.459435 1443.300049
4710.560059 1227.130493 103.459435 1443.520020
4710.815918 1227.130493 103.459435 1443.560059
4711.175781 1227.959106 103.459435 1444.310059
4711.224121 1228.167603 103.459435 1444.510010
4711.439941 1228.167603 103.459435 1444.530029
4711.791992 1228.774414 103.459435 1445.310059
4711.912109 1228.979004 103.459435 1445.520020
4712.032227 1229.179688 103.459435 1445.569946
4712.032227 1229.796143 103.459435 1446.290039
4712.111816 1230.005737 103.459435 1446.500000
4712.416016 1230.005737 103.459435 1446.510010
4712.503906 1230.822510 103.459435 1447.300049
4712.551758 1231.029663 103.459435 1447.540039
4712.903809 1231.029663 103.459435 1447.540039
4712.919922 1231.649170 103.459435 1448.300049
4712.919922 1231.852173 103.459435 1448.510010
4713.352051 1231.852173 103.459435 1448.540039
4713.352051 1232.672485 103.459435 1449.300049
4713.423828 1232.881592 103.459435 1449.510010
4714.224121 1232.881592 103.459435 1449.540039
4714.231934 1233.494385 103.459435 1450.310059
4714.383789 1233.697510 103.459435 1450.510010
4715.167969 1233.697510 103.459435 1450.540039
4715.208008 1234.514282 103.459435 1451.300049
4715.288086 1234.721680 103.459435 1451.520020
4715.695801 1234.721680 103.459435 1451.579956
4715.768066 1235.533691 103.459435 1452.300049
4715.775879 1235.738037 103.459435 1452.510010
4716.600098 1235.738037 103.459435 1452.540039
4716.808105 1236.356079 103.459435 1453.329956
4717.120117 1236.558716 103.459435 1453.520020
4717.863770 1236.558716 103.459435 1453.530029
4718.704102 1237.383667 103.459435 1454.300049
4719.472168 1237.590820 103.459435 1454.550049
4719.503906 1237.590820 103.459435 1454.550049
4721.040039 1238.411499 103.459435 1455.300049
4721.096191 1238.612061 103.459435 1455.510010
4721.624023 1238.612061 103.459435 1455.540039
4724.711914 1239.422852 103.459435 1456.310059
4724.839844 1239.628662 103.459435 1456.510010
4727.111816 1239.628662 103.459435 1456.550049
4736.912109 1240.238281 103.459435 1457.319946
4737.056152 1240.446289 103.459435 1457.530029
4738.016113 1240.446289 103.459435 1457.530029
4746.063965 1241.261597 103.459435 1458.290039
4746.543945 1241.464722 103.459435 1458.510010
4747.071777 1241.464722 103.459435 1458.520020
4752.104004 1242.081787 103.459435 1459.280029
4752.104004 1242.290649 103.459435 1459.520020
4752.456055 1242.290649 103.459435 1459.530029
4756.312012 1243.120850 103.459435 1460.310059
4756.319824 1243.326660 103.459435 1460.550049
4756.640137 1243.326660 103.459435 1460.569946
4758.279785 1243.937744 103.459435 1461.280029
4758.279785 1244.145264 103.459435 1461.510010
4758.567871 1244.353271 103.459435 1461.530029
4758.744141 1244.970825 103.459435 1462.300049
4758.744141 1245.177734 103.459435 1462.510010
4759.248047 1245.177734 103.459435 1462.510010
4759.335938 1245.998657 103.459435 1463.310059
4759.335938 1246.201416 103.459435 1463.540039
4759.704102 1246.201416 103.459435 1463.540039
4759.775879 1246.825928 103.459435 1464.290039
4759.791992 1247.027954 103.459435 1464.520020
4760.784180 1247.232178 103.459435 1464.560059
4760.959961 1247.851929 103.459435 1465.290039
4760.967773 1248.061279 103.459435 1465.500000
4762.399902 1248.061279 103.459435 1465.530029
4762.711914 1248.889282 103.459435 1466.310059
4762.711914 1249.091064 103.459435 1466.550049
4763.352051 1249.091064 103.459435 1466.550049
4763.439941 1249.697754 103.459435 1467.290039
4763.456055 1250.107544 103.459435 1467.550049
4764.295898 1250.107544 103.459435 1467.560059
4764.335938 1250.728149 103.459435 1468.310059
4764.344238 1250.933716 103.459435 1468.520020
4764.952148 1250.933716 103.459435 1468.530029
4765.144043 1251.756348 103.459435 1469.300049
4765.215820 1251.756348 103.459435 1469.510010
4765.775879 1251.957397 103.459435 1469.550049
4765.967773 1252.574585 103.459435 1470.290039
4766.016113 1252.783325 103.459435 1470.500000
4766.912109 1252.783325 103.459435 1470.530029
4767.288086 1253.593994 103.459435 1471.290039
4767.304199 1253.795044 103.459435 1471.530029
4767.895996 1253.795044 103.459435 1471.530029
4768.096191 1254.406616 103.459435 1472.310059
4768.096191 1254.615234 103.459435 1472.510010
4768.863770 1254.615234 103.459435 1472.550049
4769.040039 1255.432007 103.459435 1473.300049
4769.047852 1255.637817 103.459435 1473.510010
4769.687988 1255.637817 103.459435 1473.540039
4769.791992 1256.248535 103.459435 1474.310059
4769.824219 1256.457642 103.459435 1474.489990
4772.071777 1256.457642 103.459435 1474.540039
4772.191895 1257.281616 103.459435 1475.310059
4772.200195 1257.490479 103.459435 1475.510010
4773.255859 1257.490479 103.459435 1475.530029
4773.368164 1258.104492 103.459435 1476.280029
4773.368164 1258.306519 103.459435 1476.500000
4774.383789 1258.510742 103.459435 1476.550049
4774.456055 1259.121460 103.459435 1477.310059
4774.463867 1259.328857 103.459435 1477.500000
4777.023926 1259.328857 103.459435 1477.530029
4777.047852 1260.159058 103.459435 1478.310059
4777.047852 1260.360474 103.459435 1478.489990
4778.583984 1260.360474 103.459435 1478.540039
4778.583984 1260.983154 103.459435 1479.310059
4778.583984 1261.392212 103.459435 1479.540039
4780.352051 1261.392212 103.459435 1479.569946
4780.352051 1262.000854 103.459435 1480.280029
4780.359863 1262.204468 103.459435 1480.510010
4781.583984 1262.204468 103.459435 1480.550049
4781.583984 1263.016968 103.459435 1481.300049
4781.607910 1263.218506 103.459435 1481.500000
4782.695801 1263.218506 103.459435 1481.550049
4782.704102 1263.839111 103.459435 1482.310059
4782.720215 1264.044189 103.459435 1482.500000
4783.631836 1264.044189 103.459435 1482.540039
4783.631836 1264.856689 103.459435 1483.310059
4783.671875 1265.058838 103.459435 1483.550049
4785.167969 1265.058838 103.459435 1483.550049
4785.184082 1265.672485 103.459435 1484.300049
4785.240234 1265.876221 103.459435 1484.500000
4786.416016 1265.876221 103.459435 1484.540039
4786.416016 1266.693726 103.459435 1485.300049
4786.432129 1266.899170 103.459435 1485.530029
4788.047852 1266.899170 103.459435 1485.530029
4788.047852 1267.510742 103.459435 1486.280029
4788.047852 1267.719727 103.459435 1486.520020
4789.416016 1267.927490 103.459435 1486.550049
4789.423828 1268.535278 103.459435 1487.290039
4789.448242 1268.742676 103.459435 1487.520020
4791.111816 1268.742676 103.459435 1487.550049
4791.111816 1269.558105 103.459435 1488.300049
4791.167969 1269.765747 103.459435 1488.510010
4792.328125 1269.765747 103.459435 1488.510010
4792.328125 1270.578003 103.459435 1489.300049
4792.408203 1270.779785 103.459435 1489.520020
4794.591797 1270.779785 103.459435 1489.540039
4794.591797 1271.393799 103.459435 1490.310059
4794.600098 1271.596924 103.459435 1490.510010
4799.184082 1271.596924 103.459435 1490.560059
4799.191895 1272.420166 103.459435 1491.300049
4799.208008 1272.628540 103.459435 1491.520020
4809.879883 1272.628540 103.459435 1491.530029
4809.879883 1273.243530 103.459435 1492.280029
4809.903809 1273.449097 103.459435 1492.550049
4823.127930 1273.449097 103.459435 1492.550049
4823.136230 1274.073853 103.459435 1493.280029
4823.160156 1274.482544 103.459435 1493.520020
4836.695801 1274.482544 103.459435 1493.569946
4836.704102 1275.094238 103.459435 1494.290039
4836.759766 1275.302002 103.459435 1494.510010
4846.160156 1275.302002 103.459435 1494.550049
4846.160156 1276.118652 103.459435 1495.290039
4846.456055 1276.325439 103.459435 1495.520020
4852.096191 1276.325439 103.459435 1495.560059
4852.136230 1276.940186 103.459435 1496.300049
4852.368164 1277.142578 103.459435 1496.520020
4854.848145 1277.358154 103.459435 1496.560059
4854.928223 1277.981934 103.459435 1497.290039
4855.735840 1278.191528 103.459435 1497.510010
4857.855957 1278.191528 103.459435 1497.530029
4858.047852 1279.012207 103.459435 1498.290039
4858.479980 1279.213745 103.459435 1498.520020
4859.912109 1279.213745 103.459435 1498.560059
4860.080078 1279.836060 103.459435 1499.290039
4860.312012 1280.039429 103.459435 1499.510010
4862.208008 1280.246704 103.459435 1499.550049
4862.255859 1280.851929 103.459435 1500.280029
4862.520020 1281.058228 103.459435 1500.510010
4864.503906 1281.058228 103.459435 1500.530029
4864.631836 1281.874634 103.459435 1501.290039
4864.976074 1282.078125 103.459435 1501.510010
4867.271973 1282.078125 103.459435 1501.550049
4870.607910 1282.691162 103.459435 1502.300049
4873.399902 1282.899536 103.459435 1502.520020
4876.240234 1282.899536 103.459435 1502.550049
4880.583984 1283.731689 103.459435 1503.300049
4889.759766 1283.937500 103.459435 1503.520020
4894.439941 1283.937500 103.459435 1503.520020
4897.768066 1284.548950 103.459435 1504.300049
4903.096191 1284.757324 103.459435 1504.520020
4913.032227 1284.965698 103.459435 1504.680054
4913.255859 1285.582031 103.459435 1505.310059
4915.160156 1285.787842 103.459435 1505.520020
4923.383789 1285.787842 103.459435 1505.560059
4923.399902 1286.399536 103.459435 1506.270020
4924.151855 1286.607788 103.459435 1506.560059
4926.791992 1286.607788 103.459435 1506.560059
4926.808105 1287.434692 103.459435 1507.310059
4926.912109 1287.634766 103.459435 1507.520020
4928.136230 1287.634766 103.459435 1507.550049
4928.144043 1288.248901 103.459435 1508.300049
4928.319824 1288.457764 103.459435 1508.520020
4929.087891 1288.457764 103.459435 1508.550049
4929.127930 1289.063843 103.459435 1509.300049
4929.463867 1289.265747 103.459435 1509.530029
4930.520020 1289.474365 103.459435 1509.569946
4930.647949 1290.084351 103.459435 1510.300049
4931.503906 1290.286865 103.459435 1510.520020
4932.127930 1290.286865 103.459435 1510.540039
4932.151855 1291.110596 103.459435 1511.290039
4933.808105 1291.312622 103.459435 1511.510010
4934.375977 1291.312622 103.459435 1511.530029
4934.560059 1291.935181 103.459435 1512.280029
4946.536133 1292.136108 103.459435 1512.520020
4947.191895 1292.136108 103.459435 1512.530029
4949.383789 1292.968384 103.459435 1513.300049
4964.647949 1293.173096 103.459435 1513.530029
4965.047852 1293.173096 103.459435 1513.530029
4968.943848 1293.985840 103.459435 1514.300049
4975.560059 1294.194336 103.459435 1514.489990
4977.167969 1294.194336 103.459435 1514.530029
4979.976074 1295.006104 103.459435 1515.300049
4983.600098 1295.006104 103.459435 1515.500000
4985.503906 1295.213379 103.459435 1515.530029
4986.567871 1295.832642 103.459435 1516.310059
4986.720215 1296.040771 103.459435 1516.510010
4989.687988 1296.040771 103.459435 1516.550049
4989.744141 1296.860962 103.459435 1517.310059
4989.815918 1297.069702 103.459435 1517.540039
4991.680176 1297.069702 103.459435 1517.540039
4991.680176 1297.896240 103.459435 1518.310059
4991.768066 1298.098511 103.459435 1518.520020
4992.071777 1298.098511 103.459435 1518.560059
4992.071777 1298.713989 103.459435 1519.300049
4992.167969 1298.917358 103.459435 1519.540039
4992.463867 1298.917358 103.459435 1519.540039
4992.463867 1299.728394 103.459435 1520.300049
4992.768066 1299.728394 103.459435 1520.510010
4992.848145 1299.929810 103.459435 1520.540039
4992.848145 1300.544434 103.459435 1521.280029
4994.224121 1300.745361 103.459435 1521.510010
4994.248047 1300.745361 103.459435 1521.550049
4994.255859 1301.350708 103.459435 1522.300049
4995.432129 1301.558594 103.459435 1522.500000
4995.512207 1301.761719 103.459435 1522.540039
4995.512207 1302.379761 103.459435 1523.280029
4996.224121 1302.581543 103.459435 1523.520020
4996.479980 1302.581543 103.459435 1523.530029
4996.616211 1303.400513 103.459435 1524.300049
4997.423828 1303.609253 103.459435 1524.530029
4997.551758 1303.609253 103.459435 1524.540039
5000.175781 1304.430054 103.459435 1525.300049
5000.375977 1304.635010 103.459435 1525.510010
5000.472168 1304.635010 103.459435 1525.540039
5003.687988 1305.248901 103.459435 1526.300049
5003.720215 1305.655273 103.459435 1526.530029
5003.855957 1305.655273 103.459435 1526.530029
5004.967773 1306.271973 103.459435 1527.280029
5004.976074 1306.481445 103.459435 1527.489990
5005.512207 1306.481445 103.459435 1527.530029
5005.631836 1307.294922 103.459435 1528.300049
5005.695801 1307.495972 103.459435 1528.540039
5006.616211 1307.495972 103.459435 1528.540039
5006.863770 1308.317261 103.459435 1529.280029
5006.952148 1308.523682 103.459435 1529.520020
5007.624023 1308.523682 103.459435 1529.560059
5007.695801 1309.141724 103.459435 1530.290039
5007.808105 1309.350342 103.459435 1530.520020
5007.936035 1309.350342 103.459435 1530.560059
5008.007812 1310.161011 103.459435 1531.310059
5008.215820 1310.366943 103.459435 1531.530029
5008.255859 1310.366943 103.459435 1531.560059
5008.271973 1310.980957 103.459435 1532.310059
5008.647949 1311.189209 103.459435 1532.540039
5008.687988 1311.189209 103.459435 1532.560059
5008.744141 1312.015991 103.459435 1533.290039
5009.448242 1312.219482 103.459435 1533.530029
5009.463867 1312.219482 103.459435 1533.560059
5009.487793 1312.827515 103.459435 1534.290039
5009.687988 1313.035156 103.459435 1534.540039
5009.711914 1313.035156 103.459435 1534.540039
5009.711914 1313.855835 103.459435 1535.310059
5009.872070 1314.063721 103.459435 1535.520020
5009.888184 1314.063721 103.459435 1535.560059
5009.943848 1314.675659 103.459435 1536.290039
5010.279785 1314.882935 103.459435 1536.520020
5010.304199 1315.083130 103.459435 1536.560059
5012.879883 1315.696289 103.459435 1537.280029
5013.063965 1315.903076 103.459435 1537.560059
5013.080078 1315.903076 103.459435 1537.560059
5015.720215 1316.734131 103.459435 1538.310059
5015.952148 1316.939087 103.459435 1538.510010
5015.959961 1316.939087 103.459435 1538.550049
5017.096191 1317.555054 103.459435 1539.300049
5017.255859 1317.758057 103.459435 1539.530029
5017.264160 1317.958130 103.459435 1539.560059
5017.312012 1318.570923 103.459435 1540.300049
5017.560059 1318.773560 103.459435 1540.540039
5017.567871 1318.773560 103.459435 1540.540039
5017.567871 1319.596069 103.459435 1541.290039
5017.791992 1319.799805 103.459435 1541.489990
5017.808105 1319.799805 103.459435 1541.530029
5017.808105 1320.417114 103.459435 1542.280029
5018.408203 1320.623657 103.459435 1542.520020
5018.408203 1320.623657 103.459435 1542.550049
5018.416016 1321.447021 103.459435 1543.310059
5018.704102 1321.649292 103.459435 1543.510010
5018.791992 1321.649292 103.459435 1543.550049
5018.799805 1322.264648 103.459435 1544.290039
5019.104004 1322.674927 103.459435 1544.530029
5019.184082 1322.674927 103.459435 1544.530029
5019.184082 1323.291748 103.459435 1545.310059
5019.983887 1323.499756 103.459435 1545.520020
5020.047852 1323.499756 103.459435 1545.540039
5020.087891 1324.314819 103.459435 1546.310059
5020.687988 1324.516357 103.459435 1546.550049
5020.879883 1324.516357 103.459435 1546.550049
5020.919922 1325.132690 103.459435 1547.280029
5021.359863 1325.339844 103.459435 1547.510010
5021.383789 1325.545044 103.459435 1547.550049
5021.512207 1326.156250 103.459435 1548.300049
5022.087891 1326.364258 103.459435 1548.550049
5022.224121 1326.364258 103.459435 1548.550049
5024.824219 1327.189941 103.459435 1549.270020
5025.151855 1327.396240 103.459435 1549.530029
5025.224121 1327.396240 103.459435 1549.540039
5028.279785 1328.222168 103.459435 1550.310059
5028.751953 1328.429321 103.459435 1550.520020
5028.768066 1328.429321 103.459435 1550.560059
5030.543945 1329.040649 103.459435 1551.270020
5030.744141 1329.249146 103.459435 1551.540039
5030.751953 1329.249146 103.459435 1551.540039
5030.775879 1330.071167 103.459435 1552.280029
5031.352051 1330.278809 103.459435 1552.520020
5031.399902 1330.278809 103.459435 1552.560059
5031.399902 1330.912109 103.459435 1553.310059
5031.664062 1331.112549 103.459435 1553.540039
5032.671875 1331.112549 103.459435 1553.540039
5032.671875 1331.728271 103.459435 1554.280029
5032.903809 1331.928589 103.459435 1554.500000
5033.375977 1331.928589 103.459435 1554.540039
5033.383789 1332.757446 103.459435 1555.310059
5033.744141 1332.958862 103.459435 1555.550049
5034.231934 1332.958862 103.459435 1555.550049
5034.255859 1333.567749 103.459435 1556.290039
5034.560059 1333.775391 103.459435 1556.520020
5035.167969 1333.979248 103.459435 1556.530029
5035.295898 1334.597046 103.459435 1557.290039
5035.695801 1334.798706 103.459435 1557.530029
5036.167969 1334.798706 103.459435 1557.530029
5036.224121 1335.417847 103.459435 1558.280029
5036.512207 1335.838623 103.459435 1558.530029
5036.808105 1335.838623 103.459435 1558.530029
5036.863770 1336.456909 103.459435 1559.310059
5037.111816 1336.666504 103.459435 1559.540039
5037.288086 1336.666504 103.459435 1559.540039
5037.335938 1337.488403 103.459435 1560.300049
5037.680176 1337.688721 103.459435 1560.520020
5037.863770 1337.688721 103.459435 1560.540039
5039.680176 1338.302002 103.459435 1561.290039
5039.799805 1338.711304 103.459435 1561.530029
5040.520020 1338.711304 103.459435 1561.530029
5044.375977 1339.330200 103.459435 1562.280029
5044.879883 1339.532471 103.459435 1562.520020
5045.000000 1339.532471 103.459435 1562.520020
5047.423828 1340.354126 103.459435 1563.310059
5047.744141 1340.561890 103.459435 1563.530029
5047.863770 1340.561890 103.459435 1563.530029
5048.624023 1341.381958 103.459435 1564.329956
5048.863770 1341.585205 103.459435 1564.540039
5048.936035 1341.585205 103.459435 1564.540039
5048.959961 1342.207520 103.459435 1565.290039
5049.104004 1342.407837 103.459435 1565.520020
5049.160156 1342.407837 103.459435 1565.540039
5049.160156 1343.231079 103.459435 1566.290039
5049.240234 1343.434082 103.459435 1566.530029
5049.288086 1343.434082 103.459435 1566.530029
5049.288086 1344.054321 103.459435 1567.280029
5049.463867 1344.258057 103.459435 1567.530029
5049.496094 1344.258057 103.459435 1567.550049
5049.496094 1345.078613 103.459435 1568.319946
5049.576172 1345.286377 103.459435 1568.550049
5049.624023 1345.286377 103.459435 1568.550049
5049.631836 1346.101440 103.459435 1569.310059
5049.775879 1346.303711 103.459435 1569.530029
5049.848145 1346.303711 103.459435 1569.530029
5049.848145 1346.929077 103.459435 1570.290039
5050.096191 1347.136597 103.459435 1570.540039
5050.200195 1347.136597 103.459435 1570.550049
5050.312012 1347.751587 103.459435 1571.290039
5050.624023 1347.954712 103.459435 1571.510010
5050.680176 1348.161011 103.459435 1571.540039
5053.191895 1348.771973 103.459435 1572.280029
5053.295898 1348.975464 103.459435 1572.500000
5053.319824 1348.975464 103.459435 1572.530029
5055.215820 1349.798340 103.459435 1573.280029
5055.271973 1350.001099 103.459435 1573.500000
5055.312012 1350.001099 103.459435 1573.540039
5056.728027 1350.822876 103.459435 1574.300049
5056.832031 1351.031372 103.459435 1574.530029
5056.888184 1351.031372 103.459435 1574.560059
5056.952148 1351.650513 103.459435 1575.310059
5057.000000 1351.859497 103.459435 1575.520020
5057.016113 1351.859497 103.459435 1575.520020
5057.016113 1352.674927 103.459435 1576.290039
5057.096191 1352.880371 103.459435 1576.510010
5057.120117 1352.880371 103.459435 1576.550049
5057.127930 1353.693726 103.459435 1577.310059
5057.231934 1353.894043 103.459435 1577.520020
5057.231934 1353.894043 103.459435 1577.550049
5057.231934 1354.515503 103.459435 1578.270020
5057.248047 1354.721313 103.459435 1578.489990
5057.255859 1354.927979 103.459435 1578.530029
5057.255859 1355.544678 103.459435 1579.280029
5057.264160 1355.754028 103.459435 1579.540039
5057.304199 1355.754028 103.459435 1579.540039
5057.319824 1356.582153 103.459435 1580.280029
5057.399902 1356.791016 103.459435 1580.489990
5057.416016 1356.791016 103.459435 1580.530029
5057.768066 1357.414429 103.459435 1581.300049
5057.903809 1357.620361 103.459435 1581.520020
5057.936035 1357.825195 103.459435 1581.550049
5060.728027 1358.430054 103.459435 1582.290039
5060.848145 1358.630127 103.459435 1582.510010
5060.855957 1358.630127 103.459435 1582.540039
5064.591797 1359.448853 103.459435 1583.290039
5064.647949 1359.652832 103.459435 1583.530029
5064.680176 1359.652832 103.459435 1583.560059
5067.832031 1360.271362 103.459435 1584.290039
5068.680176 1360.680786 103.459435 1584.540039
5068.704102 1360.680786 103.459435 1584.540039
5070.863770 1361.295410 103.459435 1585.310059
5072.063965 1361.498779 103.459435 1585.520020
5072.087891 1361.498779 103.459435 1585.540039
5072.671875 1362.114014 103.459435 1586.280029
5073.791992 1362.321655 103.459435 1586.489990
5073.815918 1362.522583 103.459435 1586.530029
5073.824219 1363.138062 103.459435 1587.290039
5074.928223 1363.345337 103.459435 1587.520020
5074.992188 1363.545532 103.459435 1587.560059
5075.000000 1364.155518 103.459435 1588.280029
5075.768066 1364.358398 103.459435 1588.520020
5075.848145 1364.358398 103.459435 1588.530029
5075.863770 1365.183838 103.459435 1589.280029
5076.127930 1365.385864 103.459435 1589.520020
5076.160156 1365.385864 103.459435 1589.569946
5076.167969 1366.198730 103.459435 1590.310059
5076.616211 1366.198730 103.459435 1590.520020
5076.751953 1366.406128 103.459435 1590.550049
5076.775879 1367.011108 103.459435 1591.300049
5077.231934 1367.214478 103.459435 1591.489990
5077.264160 1367.214478 103.459435 1591.530029
5077.359863 1368.027344 103.459435 1592.280029
5077.647949 1368.236816 103.459435 1592.520020
5077.680176 1368.236816 103.459435 1592.550049
5077.784180 1368.854248 103.459435 1593.300049
5078.007812 1369.062134 103.459435 1593.500000
5078.104004 1369.062134 103.459435 1593.510010
5078.312012 1369.881836 103.459435 1594.300049
5078.456055 1370.082520 103.459435 1594.510010
5078.560059 1370.082520 103.459435 1594.530029
5078.720215 1370.702271 103.459435 1595.300049
5079.007812 1370.906006 103.459435 1595.489990
5079.096191 1370.906006 103.459435 1595.530029
5079.248047 1371.732666 103.459435 1596.280029
5079.359863 1371.941040 103.459435 1596.500000
5080.160156 1371.941040 103.459435 1596.520020
5080.375977 1372.557983 103.459435 1597.280029
5080.551758 1372.764893 103.459435 1597.500000
5080.832031 1372.975708 103.459435 1597.540039
5080.992188 1373.579956 103.459435 1598.290039
5081.368164 1373.789429 103.459435 1598.489990
5081.624023 1373.789429 103.459435 1598.540039
5081.744141 1374.620728 103.459435 1599.290039
5082.056152 1374.828369 103.459435 1599.520020
5082.304199 1374.828369 103.459435 1599.530029
5082.344238 1375.650269 103.459435 1600.280029
5082.496094 1375.853638 103.459435 1600.500000
5083.087891 1375.853638 103.459435 1600.540039
5083.104004 1376.470947 103.459435 1601.290039
5083.240234 1376.673828 103.459435 1601.520020
5083.295898 1376.673828 103.459435 1601.520020
5083.295898 1377.491455 103.459435 1602.300049
5083.496094 1377.700317 103.459435 1602.489990
5083.551758 1377.700317 103.459435 1602.530029
5083.551758 1378.514771 103.459435 1603.290039
5083.728027 1378.722046 103.459435 1603.510010
5083.768066 1378.722046 103.459435 1603.550049
5083.775879 1379.545410 103.459435 1604.300049
5083.895996 1379.752197 103.459435 1604.520020
5083.936035 1379.752197 103.459435 1604.520020
5083.943848 1380.370239 103.459435 1605.280029
5084.047852 1380.572632 103.459435 1605.510010
5084.063965 1380.572632 103.459435 1605.550049
5084.111816 1381.382690 103.459435 1606.290039
5084.248047 1381.588013 103.459435 1606.510010
5084.352051 1381.588013 103.459435 1606.560059
5084.359863 1382.204346 103.459435 1607.310059
5084.775879 1382.408203 103.459435 1607.520020
5084.808105 1382.408203 103.459435 1607.550049
5084.824219 1383.229614 103.459435 1608.280029
5085.191895 1383.434326 103.459435 1608.489990
5085.231934 1383.434326 103.459435 1608.530029
5085.248047 1384.250732 103.459435 1609.290039
5085.664062 1384.250732 103.459435 1609.489990
5085.711914 1384.459595 103.459435 1609.520020
5085.711914 1385.082153 103.459435 1610.280029
5085.943848 1385.290771 103.459435 1610.500000
5086.071777 1385.290771 103.459435 1610.560059
5086.096191 1385.910645 103.459435 1611.280029
5086.271973 1386.314575 103.459435 1611.520020
5086.319824 1386.314575 103.459435 1611.560059
5086.319824 1386.940063 103.459435 1612.310059
5086.399902 1387.140625 103.459435 1612.489990
5086.520020 1387.140625 103.459435 1612.530029
5086.536133 1387.960083 103.459435 1613.270020
5086.640137 1388.167725 103.459435 1613.489990
5086.687988 1388.167725 103.459435 1613.530029
5086.704102 1388.780884 103.459435 1614.290039
5086.888184 1388.980835 103.459435 1614.489990
5086.919922 1388.980835 103.459435 1614.530029
5086.919922 1389.790649 103.459435 1615.280029
5087.023926 1389.993408 103.459435 1615.510010
5087.063965 1389.993408 103.459435 1615.560059
5087.063965 1390.599243 103.459435 1616.280029
5087.240234 1390.802612 103.459435 1616.489990
5087.288086 1390.802612 103.459435 1616.530029
5087.304199 1391.626221 103.459435 1617.310059
5087.751953 1391.829224 103.459435 1617.520020
5087.784180 1391.829224 103.459435 1617.550049
5087.791992 1392.441650 103.459435 1618.300049
5087.863770 1392.643555 103.459435 1618.500000
5087.928223 1392.847290 103.459435 1618.530029
5088.520020 1393.465698 103.459435 1619.290039
5088.775879 1393.666138 103.459435 1619.520020
5088.791992 1393.666138 103.459435 1619.550049
5089.215820 1394.486938 103.459435 1620.280029
5089.439941 1394.694702 103.459435 1620.510010
5089.591797 1394.694702 103.459435 1620.569946
5089.863770 1395.309082 103.459435 1621.300049
5090.151855 1395.512451 103.459435 1621.489990
5090.255859 1395.512451 103.459435 1621.540039
5090.664062 1396.325928 103.459435 1622.290039
5090.775879 1396.526489 103.459435 1622.489990
5090.879883 1396.526489 103.459435 1622.530029
5091.040039 1397.140503 103.459435 1623.280029
5091.104004 1397.348267 103.459435 1623.520020
5091.208008 1397.552734 103.459435 1623.540039
5091.240234 1398.167725 103.459435 1624.300049
5091.399902 1398.370605 103.459435 1624.510010
5091.576172 1398.370605 103.459435 1624.550049
5091.591797 1399.199707 103.459435 1625.310059
5091.751953 1399.402344 103.459435 1625.489990
5091.983887 1399.402344 103.459435 1625.530029
5092.032227 1400.028442 103.459435 1626.290039
5092.111816 1400.232056 103.459435 1626.500000
5092.175781 1400.232056 103.459435 1626.530029
5092.191895 1401.059326 103.459435 1627.300049
5092.383789 1401.266846 103.459435 1627.500000
5092.456055 1401.266846 103.459435 1627.540039
5092.456055 1401.886230 103.459435 1628.290039
5092.560059 1402.088867 103.459435 1628.520020
5092.631836 1402.289185 103.459435 1628.560059
5092.655762 1402.900879 103.459435 1629.300049
5092.735840 1403.106934 103.459435 1629.500000
5092.824219 1403.106934 103.459435 1629.540039
5092.855957 1403.922607 103.459435 1630.290039
5092.959961 1404.126831 103.459435 1630.520020
5093.016113 1404.126831 103.459435 1630.560059
5094.543945 1404.739136 103.459435 1631.280029
5094.655762 1404.943970 103.459435 1631.510010
5094.655762 1404.943970 103.459435 1631.560059
5097.439941 1405.768921 103.459435 1632.280029
5097.520020 1405.978516 103.459435 1632.520020
5097.520020 1405.978516 103.459435 1632.540039
5099.200195 1406.593628 103.459435 1633.300049
5099.312012 1406.802612 103.459435 1633.489990
5099.328125 1406.802612 103.459435 1633.530029
5100.967773 1407.621826 103.459435 1634.310059
5101.016113 1407.824585 103.459435 1634.489990
5101.080078 1407.824585 103.459435 1634.530029
5102.824219 1408.651245 103.459435 1635.310059
5102.879883 1408.851440 103.459435 1635.520020
5102.952148 1408.851440 103.459435 1635.520020
5104.352051 1409.470703 103.459435 1636.280029
5104.463867 1409.678467 103.459435 1636.510010
5104.487793 1409.678467 103.459435 1636.530029
5105.759766 1410.499756 103.459435 1637.290039
5105.832031 1410.704712 103.459435 1637.489990
5105.839844 1410.704712 103.459435 1637.530029
5106.936035 1411.515503 103.459435 1638.270020
5106.943848 1411.716187 103.459435 1638.520020
5106.952148 1411.716187 103.459435 1638.520020
5107.768066 1412.329102 103.459435 1639.280029
5107.839844 1412.531738 103.459435 1639.500000
5107.848145 1412.531738 103.459435 1639.540039
5108.919922 1413.356812 103.459435 1640.300049
5108.919922 1413.557007 103.459435 1640.489990
5108.936035 1413.557007 103.459435 1640.520020
5110.576172 1414.165405 103.459435 1641.300049
5110.640137 1414.365479 103.459435 1641.510010
5110.839844 1414.365479 103.459435 1641.550049
5117.936035 1415.173462 103.459435 1642.270020
5117.952148 1415.374146 103.459435 1642.510010
5118.007812 1415.374146 103.459435 1642.530029
5125.600098 1415.984619 103.459435 1643.300049
5125.616211 1416.188110 103.459435 1643.510010
5125.640137 1416.188110 103.459435 1643.520020
5131.583984 1417.011475 103.459435 1644.280029
5131.616211 1417.218506 103.459435 1644.500000
5131.616211 1417.218506 103.459435 1644.540039
5135.704102 1417.826782 103.459435 1645.300049
5135.775879 1418.033691 103.459435 1645.520020
5135.775879 1418.033691 103.459435 1645.520020
5138.583984 1418.850586 103.459435 1646.310059
5138.591797 1419.060181 103.459435 1646.489990
5138.607910 1419.060181 103.459435 1646.530029
5141.056152 1419.878906 103.459435 1647.280029
5141.063965 1420.081055 103.459435 1647.489990
5141.175781 1420.081055 103.459435 1647.500000
5142.735840 1420.698120 103.459435 1648.290039
5142.735840 1420.900757 103.459435 1648.510010
5142.903809 1420.900757 103.459435 1648.550049
5144.456055 1421.727417 103.459435 1649.300049
5144.680176 1421.935181 103.459435 1649.489990
5144.824219 1421.935181 103.459435 1649.530029
5145.943848 1422.543823 103.459435 1650.290039
5146.096191 1422.957520 103.459435 1650.579956
5146.175781 1422.957520 103.459435 1650.599976
5147.104004 1423.566284 103.459435 1651.300049
5147.160156 1423.773804 103.459435 1651.550049
5147.208008 1423.773804 103.459435 1651.599976
5148.160156 1424.587158 103.459435 1652.290039
5148.215820 1424.791016 103.459435 1652.569946
5148.240234 1424.791016 103.459435 1652.609985
5149.047852 1425.407227 103.459435 1653.290039
5149.144043 1425.814941 103.459435 1653.569946
5149.151855 1425.814941 103.459435 1653.579956
5149.959961 1426.417603 103.459435 1654.270020
5150.047852 1426.626221 103.459435 1654.560059
5150.056152 1426.626221 103.459435 1654.599976
5150.647949 1427.237183 103.459435 1655.280029
5150.687988 1427.646118 103.459435 1655.569946
5150.695801 1427.646118 103.459435 1655.599976
5151.479980 1428.259033 103.459435 1656.280029
5151.536133 1428.463501 103.459435 1656.560059
5151.600098 1428.463501 103.459435 1656.589966
5152.160156 1429.080322 103.459435 1657.280029
5152.175781 1429.490356 103.459435 1657.550049
5152.200195 1429.490356 103.459435 1657.569946
5152.784180 1430.112793 103.459435 1658.319946
5152.832031 1430.316162 103.459435 1658.579956
5152.832031 1430.316162 103.459435 1658.579956
5153.264160 1431.144897 103.459435 1659.300049
5153.312012 1431.353882 103.459435 1659.550049
5153.319824 1431.353882 103.459435 1659.589966
5153.768066 1431.977417 103.459435 1660.290039
5153.791992 1432.383057 103.459435 1660.569946
5153.808105 1432.383057 103.459435 1660.609985
5154.160156 1433.001221 103.459435 1661.310059
5154.184082 1433.201416 103.459435 1661.560059
5154.184082 1433.404663 103.459435 1661.589966
5154.624023 1434.015869 103.459435 1662.290039
5154.640137 1434.221802 103.459435 1662.579956
5154.640137 1434.221802 103.459435 1662.579956
5155.200195 1434.830322 103.459435 1663.290039
5155.224121 1435.239868 103.459435 1663.560059
5155.248047 1435.239868 103.459435 1663.599976
5156.264160 1435.854858 103.459435 1664.310059
5156.288086 1436.055054 103.459435 1664.560059
5156.359863 1436.255127 103.459435 1664.599976
5161.087891 1436.876709 103.459435 1665.310059
5161.096191 1437.084717 103.459435 1665.569946
5161.200195 1437.084717 103.459435 1665.599976
5169.000000 1437.904907 103.459435 1666.290039
5169.240234 1438.107910 103.459435 1666.569946
5169.359863 1438.107910 103.459435 1666.569946
5175.248047 1438.723633 103.459435 1667.300049
5175.479980 1439.135620 103.459435 1667.579956
5175.512207 1439.135620 103.459435 1667.599976
5178.704102 1439.755005 103.459435 1668.300049
5178.992188 1439.960449 103.459435 1668.579956
5179.120117 1440.164673 103.459435 1668.599976
5179.895996 1440.782349 103.459435 1669.280029
5180.191895 1440.987427 103.459435 1669.579956
5180.288086 1440.987427 103.459435 1669.619995
5180.344238 1441.819336 103.459435 1670.290039
5180.536133 1442.029297 103.459435 1670.569946
5180.631836 1442.029297 103.459435 1670.579956
5180.791992 1442.629883 103.459435 1671.280029
5181.000000 1443.048218 103.459435 1671.569946
5181.087891 1443.048218 103.459435 1671.569946
5181.191895 1443.677246 103.459435 1672.310059
5181.295898 1444.096436 103.459435 1672.579956
5181.295898 1444.096436 103.459435 1672.609985
5181.512207 1444.707520 103.459435 1673.280029
5181.591797 1444.912964 103.459435 1673.569946
5181.647949 1444.912964 103.459435 1673.599976
5181.744141 1445.734497 103.459435 1674.310059
5181.768066 1445.943970 103.459435 1674.550049
5181.768066 1445.943970 103.459435 1674.589966
5181.903809 1446.559448 103.459435 1675.310059
5181.952148 1446.972412 103.459435 1675.550049
5181.952148 1446.972412 103.459435 1675.579956
5182.000000 1447.583008 103.459435 1676.270020
5182.071777 1447.791992 103.459435 1676.569946
5182.071777 1447.791992 103.459435 1676.619995
5182.080078 1448.609985 103.459435 1677.310059
5182.375977 1448.811401 103.459435 1677.569946
5182.375977 1448.811401 103.459435 1677.609985
5182.399902 1449.422974 103.459435 1678.300049
5182.567871 1449.629272 103.459435 1678.579956
5182.567871 1449.629272 103.459435 1678.609985
5182.640137 1450.248779 103.459435 1679.300049
5182.815918 1450.450684 103.459435 1679.500000
5182.879883 1450.654053 103.459435 1679.520020
5182.895996 1451.262939 103.459435 1680.310059
5183.208008 1451.470825 103.459435 1680.489990
5183.279785 1451.470825 103.459435 1680.530029
5183.288086 1452.282471 103.459435 1681.280029
5183.919922 1452.491699 103.459435 1681.489990
5183.928223 1452.491699 103.459435 1681.540039
5183.928223 1453.102783 103.459435 1682.290039
5184.288086 1453.309814 103.459435 1682.489990
5184.319824 1453.309814 103.459435 1682.510010
5184.319824 1454.126343 103.459435 1683.280029
5184.815918 1454.332031 103.459435 1683.489990
5184.903809 1454.332031 103.459435 1683.520020
5184.919922 1454.946655 103.459435 1684.310059
5185.175781 1455.154663 103.459435 1684.500000
5185.240234 1455.154663 103.459435 1684.540039
5185.288086 1455.965698 103.459435 1685.280029
5185.439941 1456.173706 103.459435 1685.520020
5185.496094 1456.173706 103.459435 1685.540039
5185.527832 1456.981934 103.459435 1686.300049
5185.695801 1457.182861 103.459435 1686.489990
5185.728027 1457.182861 103.459435 1686.530029
5185.744141 1457.784424 103.459435 1687.270020
5186.007812 1457.991455 103.459435 1687.500000
5186.047852 1458.200684 103.459435 1687.510010
5186.063965 1458.816895 103.459435 1688.280029
5186.224121 1459.022583 103.459435 1688.520020
5186.271973 1459.022583 103.459435 1688.540039
5186.271973 1459.841431 103.459435 1689.290039
5186.600098 1460.047607 103.459435 1689.500000
5186.647949 1460.047607 103.459435 1689.520020
5186.647949 1460.666626 103.459435 1690.290039
5186.863770 1460.870361 103.459435 1690.520020
5186.872070 1460.870361 103.459435 1690.550049
5186.888184 1461.689209 103.459435 1691.310059
5187.160156 1461.895508 103.459435 1691.489990
5187.175781 1461.895508 103.459435 1691.530029
5187.191895 1462.509644 103.459435 1692.280029
5187.328125 1462.715698 103.459435 1692.489990
5187.328125 1462.925049 103.459435 1692.530029
5187.359863 1463.544434 103.459435 1693.280029
5187.472168 1463.748535 103.459435 1693.489990
5187.496094 1463.748535 103.459435 1693.530029
5187.503906 1464.567383 103.459435 1694.310059
5187.503906 1464.767456 103.459435 1694.500000
5187.520020 1464.767456 103.459435 1694.530029
5187.543945 1465.379883 103.459435 1695.280029
5187.560059 1465.580200 103.459435 1695.520020
5187.567871 1465.789673 103.459435 1695.550049
5187.576172 1466.402466 103.459435 1696.270020
5187.576172 1466.609497 103.459435 1696.489990
5187.583984 1466.609497 103.459435 1696.530029
5187.583984 1467.436401 103.459435 1697.290039
5187.624023 1467.644897 103.459435 1697.500000
5187.624023 1467.644897 103.459435 1697.540039
5187.631836 1468.268311 103.459435 1698.300049
5187.640137 1468.476196 103.459435 1698.500000
5187.640137 1468.476196 103.459435 1698.540039
5187.640137 1469.285034 103.459435 1699.290039
5187.640137 1469.488892 103.459435 1699.500000
5187.640137 1469.488892 103.459435 1699.540039
5187.640137 1470.107788 103.459435 1700.280029
5187.664062 1470.514160 103.459435 1700.530029
5187.664062 1470.514160 103.459435 1700.530029
5187.664062 1471.123047 103.459435 1701.290039
5187.664062 1471.324585 103.459435 1701.500000
5187.664062 1471.526367 103.459435 1701.530029
5187.664062 1472.149048 103.459435 1702.290039
5187.664062 1472.355591 103.459435 1702.510010
5187.671875 1472.355591 103.459435 1702.540039
5187.671875 1473.165771 103.459435 1703.310059
5187.671875 1473.367188 103.459435 1703.489990
5187.711914 1473.367188 103.459435 1703.530029
5187.711914 1473.979736 103.459435 1704.270020
5187.711914 1474.186890 103.459435 1704.520020
5187.720215 1474.186890 103.459435 1704.540039
5187.720215 1474.999878 103.459435 1705.300049
5187.720215 1475.208740 103.459435 1705.510010
5187.751953 1475.208740 103.459435 1705.510010
5187.751953 1475.821045 103.459435 1706.300049
5187.751953 1476.022827 103.459435 1706.510010
5187.775879 1476.022827 103.459435 1706.510010
5187.775879 1476.843384 103.459435 1707.260010
5187.775879 1477.050049 103.459435 1707.510010
5187.815918 1477.050049 103.459435 1707.550049
5187.815918 1477.869263 103.459435 1708.300049
5187.815918 1478.070190 103.459435 1708.520020
5187.872070 1478.070190 103.459435 1708.530029
5187.872070 1478.891479 103.459435 1709.270020
5187.872070 1479.098755 103.459435 1709.520020
5187.903809 1479.098755 103.459435 1709.530029
5187.903809 1479.710938 103.459435 1710.290039
5187.919922 1479.918945 103.459435 1710.530029
5187.928223 1479.918945 103.459435 1710.569946
5187.928223 1480.749512 103.459435 1711.300049
5188.016113 1480.952515 103.459435 1711.520020
5188.023926 1480.952515 103.459435 1711.560059
5188.023926 1481.571777 103.459435 1712.270020
5188.096191 1481.773193 103.459435 1712.520020
5188.144043 1481.773193 103.459435 1712.530029
5188.144043 1482.583252 103.459435 1713.300049
5188.175781 1482.784546 103.459435 1713.500000
5188.184082 1482.784546 103.459435 1713.530029
5188.191895 1483.406982 103.459435 1714.310059
5188.271973 1483.610107 103.459435 1714.500000
5188.271973 1483.610107 103.459435 1714.520020
5188.271973 1484.422852 103.459435 1715.290039
5188.335938 1484.624878 103.459435 1715.500000
5188.344238 1484.624878 103.459435 1715.530029
5188.344238 1485.440063 103.459435 1716.300049
5188.383789 1485.643311 103.459435 1716.510010
5188.383789 1485.643311 103.459435 1716.510010
5188.383789 1486.256714 103.459435 1717.280029
5188.383789 1486.464478 103.459435 1717.489990
5188.392090 1486.464478 103.459435 1717.520020
5188.399902 1487.282227 103.459435 1718.290039
5188.399902 1487.489746 103.459435 1718.500000
5188.416016 1487.489746 103.459435 1718.540039
5188.439941 1488.102783 103.459435 1719.290039
5188.439941 1488.304932 103.459435 1719.510010
5188.463867 1488.512695 103.459435 1719.550049
5188.472168 1489.132202 103.459435 1720.280029
5188.472168 1489.337402 103.459435 1720.489990
5188.503906 1489.337402 103.459435 1720.530029
5188.512207 1490.158936 103.459435 1721.290039
5188.512207 1490.359253 103.459435 1721.510010
5188.560059 1490.359253 103.459435 1721.550049
5188.576172 1490.976440 103.459435 1722.300049
5188.607910 1491.177856 103.459435 1722.520020
5188.616211 1491.177856 103.459435 1722.569946
5188.647949 1491.991577 103.459435 1723.290039
5188.680176 1492.193115 103.459435 1723.510010
5188.687988 1492.193115 103.459435 1723.550049
5188.695801 1492.810425 103.459435 1724.280029
5188.711914 1493.223389 103.459435 1724.520020
5188.720215 1493.223389 103.459435 1724.530029
5188.728027 1493.834839 103.459435 1725.290039
5188.728027 1494.044189 103.459435 1725.500000
5188.728027 1494.044189 103.459435 1725.530029
5188.728027 1494.866821 103.459435 1726.270020
5188.744141 1495.070190 103.459435 1726.520020
5188.744141 1495.070190 103.459435 1726.540039
5188.744141 1495.891357 103.459435 1727.280029
5188.759766 1496.092773 103.459435 1727.489990
5188.775879 1496.092773 103.459435 1727.530029
5188.775879 1496.709839 103.459435 1728.300049
5188.775879 1496.917603 103.459435 1728.520020
5188.775879 1497.126831 103.459435 1728.560059
5188.775879 1497.746216 103.459435 1729.300049
5188.775879 1497.954468 103.459435 1729.500000
5188.784180 1497.954468 103.459435 1729.550049
5188.784180 1498.773438 103.459435 1730.290039
5188.784180 1498.773438 103.459435 1730.510010
5188.791992 1498.979126 103.459435 1730.520020
5188.815918 1499.591187 103.459435 1731.310059
5188.824219 1499.792358 103.459435 1731.520020
5188.832031 1499.792358 103.459435 1731.530029
5188.832031 1500.617676 103.459435 1732.300049
5188.832031 1500.617676 103.459435 1732.510010
5188.832031 1500.825439 103.459435 1732.550049
5188.832031 1501.450317 103.459435 1733.300049
5188.832031 1501.651001 103.459435 1733.510010
5188.832031 1501.651001 103.459435 1733.550049
5188.832031 1502.258545 103.459435 1734.280029
5188.832031 1502.669800 103.459435 1734.520020
5188.832031 1502.669800 103.459435 1734.530029
5188.832031 1503.289062 103.459435 1735.270020
5188.832031 1503.489990 103.459435 1735.520020
5188.832031 1503.489990 103.459435 1735.560059
5188.839844 1504.308105 103.459435 1736.290039
5188.839844 1504.516602 103.459435 1736.500000
5188.839844 1504.516602 103.459435 1736.540039
5188.855957 1505.135742 103.459435 1737.270020
5188.855957 1505.547607 103.459435 1737.510010
5188.855957 1505.547607 103.459435 1737.550049
5188.863770 1506.159180 103.459435 1738.280029
5188.872070 1506.360596 103.459435 1738.530029
5188.872070 1506.360596 103.459435 1738.530029
5188.903809 1506.980591 103.459435 1739.270020
5188.903809 1507.382446 103.459435 1739.510010
5188.903809 1507.382446 103.459435 1739.550049
5188.919922 1507.994385 103.459435 1740.290039
5188.919922 1508.201172 103.459435 1740.500000
5188.919922 1508.201172 103.459435 1740.530029
5188.928223 1509.025757 103.459435 1741.280029
5188.928223 1509.226440 103.459435 1741.500000
5188.928223 1509.226440 103.459435 1741.530029
5188.928223 1509.842041 103.459435 1742.290039
5188.928223 1510.250000 103.459435 1742.520020
5188.928223 1510.250000 103.459435 1742.540039
5188.928223 1510.875000 103.459435 1743.300049
5188.928223 1511.076538 103.459435 1743.510010
5188.928223 1511.076538 103.459435 1743.520020
5188.928223 1511.892212 103.459435 1744.290039
5188.928223 1512.098999 103.459435 1744.500000
5188.928223 1512.098999 103.459435 1744.540039
5188.928223 1512.719727 103.459435 1745.280029
5188.936035 1512.923462 103.459435 1745.500000
5188.936035 1512.923462 103.459435 1745.550049
5188.936035 1513.739014 103.459435 1746.290039
5188.936035 1513.945923 103.459435 1746.569946
5188.936035 1513.945923 103.459435 1746.569946
5188.936035 1514.564575 103.459435 1747.280029
5188.936035 1514.770996 103.459435 1747.510010
5188.936035 1514.770996 103.459435 1747.530029
5188.936035 1515.588623 103.459435 1748.290039
5188.936035 1515.791260 103.459435 1748.530029
5188.936035 1515.791260 103.459435 1748.560059
5188.936035 1516.399536 103.459435 1749.280029
5188.936035 1516.606934 103.459435 1749.489990
5188.936035 1516.606934 103.459435 1749.520020
5188.936035 1517.416870 103.459435 1750.300049
5188.936035 1517.618164 103.459435 1750.510010
5188.936035 1517.618164 103.459435 1750.540039
5188.936035 1518.236450 103.459435 1751.300049
5188.936035 1518.439819 103.459435 1751.520020
5188.936035 1518.642700 103.459435 1751.560059
5188.943848 1519.247437 103.459435 1752.300049
5188.943848 1519.449585 103.459435 1752.500000
5188.943848 1519.449585 103.459435 1752.530029
5188.943848 1520.067383 103.459435 1753.310059
5188.952148 1520.272705 103.459435 1753.489990
5188.952148 1520.476074 103.459435 1753.540039
5188.952148 1521.089111 103.459435 1754.290039
5188.959961 1521.292358 103.459435 1754.500000
5188.959961 1521.292358 103.459435 1754.520020
5188.959961 1521.906616 103.459435 1755.260010
5188.967773 1522.106689 103.459435 1755.520020
5188.967773 1522.106689 103.459435 1755.560059
5188.967773 1522.911377 103.459435 1756.300049
5188.967773 1523.115356 103.459435 1756.510010
5188.967773 1523.115356 103.459435 1756.510010
5188.967773 1523.734863 103.459435 1757.280029
5188.992188 1523.938477 103.459435 1757.510010
5188.992188 1523.938477 103.459435 1757.540039
5188.992188 1524.766846 103.459435 1758.280029
5189.000000 1524.967041 103.459435 1758.510010
5189.000000 1524.967041 103.459435 1758.530029
5189.000000 1525.572021 103.459435 1759.280029
5189.007812 1525.781250 103.459435 1759.520020
5189.007812 1525.985474 103.459435 1759.560059
5189.007812 1526.599121 103.459435 1760.310059
5189.007812 1526.805542 103.459435 1760.520020
5189.007812 1526.805542 103.459435 1760.540039
5189.007812 1527.625244 103.459435 1761.290039
5189.023926 1527.827515 103.459435 1761.500000
5189.023926 1527.827515 103.459435 1761.540039
5189.023926 1528.445190 103.459435 1762.290039
5189.023926 1528.650635 103.459435 1762.500000
5189.023926 1528.650635 103.459435 1762.530029
5189.023926 1529.468750 103.459435 1763.290039
5189.023926 1529.676392 103.459435 1763.510010
5189.023926 1529.676392 103.459435 1763.540039
5189.023926 1530.484985 103.459435 1764.280029
5189.056152 1530.693604 103.459435 1764.489990
5189.056152 1530.693604 103.459435 1764.530029
5189.056152 1531.303345 103.459435 1765.280029
5189.080078 1531.504761 103.459435 1765.530029
5189.080078 1531.712769 103.459435 1765.560059
5189.080078 1532.331543 103.459435 1766.280029
5189.096191 1532.533936 103.459435 1766.520020
5189.096191 1532.533936 103.459435 1766.520020
5189.096191 1533.348145 103.459435 1767.300049
5189.111816 1533.348145 103.459435 1767.510010
5189.111816 1533.557129 103.459435 1767.550049
5189.111816 1534.177734 103.459435 1768.290039
5189.136230 1534.379150 103.459435 1768.530029
5189.136230 1534.379150 103.459435 1768.540039
5189.136230 1534.984131 103.459435 1769.280029
5189.151855 1535.393799 103.459435 1769.520020
5189.151855 1535.393799 103.459435 1769.550049
5189.151855 1536.000122 103.459435 1770.300049
5189.175781 1536.201904 103.459435 1770.500000
5189.175781 1536.201904 103.459435 1770.540039
5189.175781 1537.012573 103.459435 1771.280029
5189.175781 1537.220093 103.459435 1771.520020
5189.175781 1537.220093 103.459435 1771.560059
5189.175781 1537.831177 103.459435 1772.300049
5189.184082 1538.031494 103.459435 1772.520020
5189.184082 1538.031494 103.459435 1772.520020
5189.184082 1538.860352 103.459435 1773.270020
5189.184082 1539.064941 103.459435 1773.510010
5189.184082 1539.064941 103.459435 1773.550049
5189.184082 1539.266235 103.459435 1774.270020
5189.200195 1539.266235 103.459435 1774.510010
5189.200195 1539.266235 103.459435 1774.540039
5189.200195 1539.266235 103.459435 1775.300049
5189.304199 1539.266235 103.459435 1775.500000
5189.304199 1539.266235 103.459435 1775.540039
5189.304199 1539.266235 103.459435 1776.280029
5189.359863 1539.266235 103.459435 1776.520020
5189.359863 1539.266235 103.459435 1776.560059
5189.359863 1539.266235 103.459435 1777.280029
5189.383789 1539.266235 103.459435 1777.520020
5189.383789 1539.266235 103.459435 1777.530029
5189.383789 1539.266235 103.459435 1778.290039
5189.408203 1539.266235 103.459435 1778.510010
5189.416016 1539.266235 103.459435 1778.550049
5189.416016 1539.266235 103.459435 1779.280029
5189.423828 1539.266235 103.459435 1779.489990
5189.432129 1539.266235 103.459435 1779.530029
5189.439941 1539.266235 103.459435 1780.290039
5189.456055 1539.266235 103.459435 1780.500000
5189.472168 1539.266235 103.459435 1780.540039
5189.472168 1539.266235 103.459435 1781.270020
5189.472168 1539.266235 103.459435 1781.510010
5189.472168 1539.266235 103.459435 1781.550049
5189.472168 1539.266235 103.459435 1782.300049
5189.479980 1539.266235 103.459435 1782.510010
5189.479980 1539.266235 103.459435 1782.550049
5189.479980 1539.266235 103.459435 1783.290039
5189.496094 1539.266235 103.459435 1783.500000
5189.496094 1539.266235 103.459435 1783.530029
5189.496094 1539.266235 103.459435 1784.270020
5189.503906 1539.266235 103.459435 1784.510010
5189.503906 1539.266235 103.459435 1784.550049
5189.503906 1539.266235 103.459435 1785.280029
5189.520020 1539.266235 103.459435 1785.520020
5189.527832 1539.266235 103.459435 1785.550049
5189.543945 1539.266235 103.459435 1786.300049
5189.543945 1539.266235 103.459435 1786.520020
5189.560059 1539.266235 103.459435 1786.550049
5189.567871 1539.266235 103.459435 1787.290039
5189.576172 1539.266235 103.459435 1787.500000
5189.576172 1539.266235 103.459435 1787.540039
5189.576172 1539.266235 103.459435 1788.319946
5189.583984 1539.266235 103.459435 1788.500000
5189.607910 1539.266235 103.459435 1788.540039
5189.607910 1539.266235 103.459435 1789.339966
5189.607910 1539.266235 103.459435 1789.520020
5189.607910 1539.266235 103.459435 1789.560059
5189.607910 1539.266235 103.459435 1790.300049
5189.624023 1539.266235 103.459435 1790.500000
5189.624023 1539.266235 103.459435 1790.550049
5189.647949 1539.266235 103.459435 1791.270020
5189.655762 1539.266235 103.459435 1791.500000
5189.655762 1539.266235 103.459435 1791.530029
5189.664062 1539.266235 103.459435 1792.290039
5189.671875 1539.266235 103.459435 1792.489990
5189.671875 1539.266235 103.459435 1792.530029
5189.671875 1539.266235 103.459435 1793.270020
5189.671875 1539.266235 103.459435 1793.489990
5189.680176 1539.266235 103.459435 1793.530029
5189.680176 1539.266235 103.459435 1794.300049
