0.000004 -0.000002 0.432720 -0.000000 -0.000000 -0.000000 0.000000
0.000004 -0.000003 0.637039 -0.000000 -0.000064 -0.000000 0.270000
-0.000016 -0.000003 0.842440 -0.000000 0.000014 -0.000000 0.490000
-0.000032 -0.000003 1.048814 -0.000000 0.000036 -0.000000 0.690000
-0.000034 -0.000004 1.254959 -0.000000 0.000023 -0.000000 0.880000
-0.000028 -0.000004 1.464996 -0.000000 0.000011 -0.000000 1.070000
-0.000018 -0.000003 1.675695 -0.000000 0.000001 0.000000 1.260000
-0.000007 -0.000003 1.884154 -0.000000 -0.000005 -0.000000 1.450000
0.000001 -0.000003 2.088976 0.000000 -0.000007 -0.000000 1.640000
0.000006 -0.000003 2.297423 0.000000 -0.000007 -0.000000 1.840000
0.000010 -0.000002 2.501114 -0.000000 -0.000006 -0.000000 2.090000
0.000005 -0.000002 2.292288 0.000000 0.000001 -0.000000 2.930000
0.000004 -0.000002 2.086594 0.000000 0.000002 -0.000000 3.130000
0.000004 -0.000002 1.878810 0.000000 0.000001 -0.000000 3.310000
0.000004 -0.000002 1.672354 0.000000 0.000001 -0.000000 3.480000
0.000004 -0.000002 1.463327 0.000000 0.000001 -0.000000 3.650000
0.000017 -0.000002 1.257344 -0.000001 0.004253 -0.000000 3.820000
0.002885 -0.000001 1.057142 -0.000079 0.053370 -0.000001 4.000000
0.034802 0.000060 0.852057 -0.000454 0.111048 -0.000012 4.230000
0.159714 0.000519 0.688738 -0.000856 0.121704 -0.000001 4.520000
0.353925 0.001511 0.622793 -0.000739 0.092553 0.000094 4.780000
0.556727 0.002702 0.609376 -0.000271 -0.001320 0.000271 5.000000
0.757112 0.004005 0.621516 0.000477 -0.085955 0.000463 5.230000
0.956015 0.005294 0.656605 0.002199 -0.161353 0.000439 5.590000
1.152328 -0.033113 0.618059 0.010675 0.129051 -0.025751 6.490000
1.355263 -0.064963 0.592313 0.003597 0.083176 -0.046400 6.770000
1.561260 -0.094078 0.571171 -0.000432 0.059191 -0.064464 7.000000
1.765997 -0.120898 0.552917 -0.001738 0.031398 -0.080380 7.210000
1.964664 -0.145585 0.536814 -0.001915 0.012656 -0.093414 7.410000
2.169374 -0.170005 0.522391 -0.002566 0.015650 -0.104068 7.620000
2.370917 -0.192862 0.511506 -0.003061 0.021674 -0.111676 7.830000
2.570837 -0.214243 0.504510 -0.002725 0.011159 -0.116446 8.040000
2.775793 -0.234989 0.500710 -0.001952 0.016981 -0.118906 8.260000
2.978345 -0.254714 0.499870 -0.001439 0.018126 -0.119185 8.480000
3.178539 -0.273166 0.500820 -0.014490 0.008898 -0.116772 8.700000
3.383259 -0.284617 0.502802 -0.033610 0.022525 -0.110128 8.930000
3.589111 -0.280508 0.504938 -0.034601 0.015632 -0.097741 9.160000
3.794334 -0.260282 0.506662 -0.028491 0.019998 -0.080724 9.390000
3.999830 -0.227682 0.508058 -0.020854 0.030239 -0.059016 9.620000
4.200600 -0.189049 0.509071 -0.013649 0.034858 -0.034036 9.840000
4.397619 -0.148579 0.509665 -0.006000 0.030662 -0.007184 10.050000
4.598063 -0.107726 0.509953 0.003299 0.027202 0.020591 10.260000
4.800385 -0.069853 0.510099 0.008330 0.026077 0.047388 10.470000
5.002957 -0.036772 0.510176 0.009399 0.010155 0.071726 10.680000
5.201014 -0.008810 0.509956 0.007641 0.016131 0.093082 10.890000
5.405524 0.016299 0.509698 0.004863 0.013150 0.111431 11.110000
5.606293 0.038593 0.509383 0.002243 0.014447 0.125558 11.330000
5.812945 0.060521 0.509103 0.000598 0.025029 0.135961 11.560000
6.019822 0.082480 0.508888 -0.000279 0.015969 0.142006 11.790000
6.224790 0.104692 0.508760 -0.000636 0.027399 0.143448 12.020000
6.431694 0.127854 0.508856 0.000450 0.021654 0.140499 12.250000
6.639096 0.151101 0.508903 0.003141 0.023680 0.134287 12.480000
6.838511 0.172280 0.509017 0.004545 0.031969 0.126449 12.700000
7.042499 0.192183 0.509193 0.004500 0.035533 0.117706 12.920000
7.242754 0.210111 0.509400 0.003470 0.033972 0.109243 13.130000
7.447711 0.227286 0.509586 0.002147 0.030560 0.101228 13.340000
7.655750 0.244035 0.509691 0.001007 0.029241 0.094046 13.550000
7.855721 0.259880 0.509623 0.000187 0.008923 0.088182 13.750000
8.056788 0.275759 0.508955 -0.000216 -0.069115 0.083190 13.960000
8.257094 0.291511 0.507924 -0.000023 -0.135396 0.078435 14.230000
8.437055 0.268483 0.600772 0.045024 0.083044 0.056975 15.060000
8.567363 0.204204 0.738860 0.035277 0.079306 0.033893 15.370000
8.708620 0.138651 0.873165 0.022625 0.060134 0.011719 15.600000
8.851723 0.074817 1.004442 0.012387 0.041025 -0.007158 15.800000
8.996673 0.012562 1.130015 -0.006839 0.031533 -0.022726 15.990000
9.154782 -0.047681 1.246266 -0.030366 0.043481 -0.036284 16.190001
9.330291 -0.097192 1.340118 -0.040435 0.042196 -0.046464 16.400000
9.523458 -0.130720 1.404150 -0.036306 0.031351 -0.052675 16.620001
9.721876 -0.147803 1.436302 -0.025064 0.033681 -0.055500 16.840000
9.924728 -0.153790 1.443772 -0.013603 0.017441 -0.054522 17.059999
10.126735 -0.153769 1.434300 -0.005653 0.022275 -0.051308 17.280001
10.328712 -0.151590 1.415227 -0.001041 0.031590 -0.046460 17.500000
10.534558 -0.149606 1.392376 0.000947 0.035103 -0.041976 17.719999
10.736097 -0.148793 1.370782 0.001613 0.031503 -0.040126 17.930000
10.940165 -0.149342 1.351628 0.005765 0.013272 -0.041478 18.139999
11.140579 -0.152609 1.336057 0.011252 0.016263 -0.045608 18.350000
11.347283 -0.161187 1.324056 0.012553 0.015937 -0.052599 18.570000
11.550432 -0.175423 1.315907 0.010358 0.011657 -0.061370 18.790001
11.758079 -0.195025 1.310408 0.006982 0.025698 -0.071112 19.020000
11.965799 -0.217747 1.307165 -0.001641 0.018433 -0.080353 19.250000
12.172657 -0.239143 1.305370 -0.012969 0.024863 -0.086304 19.480000
12.372140 -0.253762 1.304544 -0.016035 0.019213 -0.087027 19.700001
12.580534 -0.261390 1.304002 -0.014057 0.021811 -0.082132 19.930000
12.789535 -0.262513 1.303362 -0.010374 0.027769 -0.070933 20.160000
12.991373 -0.259274 1.303792 -0.011293 0.016063 -0.054515 20.379999
13.191435 -0.251367 1.307693 -0.013757 0.023312 -0.033327 20.600000
13.392327 -0.237889 1.316280 -0.013296 0.028844 -0.008096 20.820000
13.596491 -0.219056 1.329558 -0.010666 0.032662 0.018913 21.040001
13.795809 -0.197056 1.346097 -0.007261 0.035717 0.044229 21.250000
14.000113 -0.172390 1.365339 -0.003913 0.032274 0.066520 21.459999
14.197950 -0.147608 1.385143 -0.001236 0.027185 0.082678 21.660000
14.397088 -0.122926 1.404046 0.009735 0.023086 0.092527 21.860001
14.596196 -0.102358 1.418530 0.024768 0.020877 0.095269 22.059999
14.804658 -0.090719 1.427035 0.029595 0.011356 0.090091 22.270000
15.008824 -0.091163 1.428319 0.025369 0.004293 0.078326 22.480000
15.215613 -0.102575 1.422923 0.018041 0.012312 0.061217 22.700001
15.418064 -0.121217 1.414805 0.007869 0.019650 0.040903 22.920000
15.619440 -0.142310 1.408258 0.000375 0.027461 0.019554 23.139999
15.820334 -0.162332 1.404272 -0.005211 -0.029028 -0.000977 23.360001
16.024700 -0.181361 1.401806 -0.008235 -0.100188 -0.022578 23.620001
16.224518 -0.196846 1.397958 -0.001808 0.089960 -0.057862 24.309999
16.427643 -0.204869 1.384008 -0.004600 0.120986 -0.064080 24.760000
16.630713 -0.211771 1.371023 -0.003426 0.078734 -0.063189 25.010000
16.839075 -0.218236 1.357627 -0.004336 0.029479 -0.059719 25.230000
17.042830 -0.222923 1.346181 -0.010005 0.022555 -0.053130 25.440001
17.246481 -0.223778 1.337692 -0.012394 0.018800 -0.042514 25.650000
17.447832 -0.219799 1.332390 -0.010795 0.006760 -0.028473 25.860001
17.652527 -0.211082 1.329889 -0.008212 0.019374 -0.011907 26.080000
17.855076 -0.199089 1.330072 -0.005189 0.013765 0.005478 26.299999
18.062246 -0.184793 1.332064 0.001885 0.005698 0.021674 26.530001
18.262562 -0.172125 1.335797 0.009699 0.025026 0.033088 26.760000
18.463814 -0.164389 1.341042 0.011381 0.017885 0.038043 26.990000
18.664768 -0.162331 1.347188 0.010075 0.026580 0.039262 27.219999
18.867722 -0.164812 1.353801 0.004016 0.028003 0.039544 27.450001
19.074471 -0.168442 1.360055 -0.005935 0.033384 0.040466 27.680000
19.277409 -0.168571 1.365722 -0.010369 0.037954 0.042682 27.900000
19.486917 -0.163327 1.370878 -0.010538 0.035181 0.044617 28.120001
19.691881 -0.153421 1.375210 -0.008177 0.028961 0.044202 28.330000
19.898169 -0.140304 1.378619 0.000754 0.011403 0.040880 28.540001
20.100245 -0.127898 1.380659 0.010294 0.018271 0.034427 28.750000
20.300116 -0.119970 1.381302 0.014288 0.024886 0.025206 28.959999
20.500708 -0.118032 1.380734 0.013668 0.027558 0.014161 29.170000
20.703024 -0.121691 1.379126 0.010324 0.027922 0.002401 29.379999
20.907326 -0.129482 1.376905 0.006361 0.029699 -0.009005 29.590000
21.113646 -0.139686 1.374065 0.002574 0.020246 -0.019332 29.799999
21.319086 -0.150687 1.370452 -0.000275 0.022769 -0.028105 30.010000
21.523838 -0.161346 1.366079 -0.001765 0.017240 -0.035196 30.219999
21.725580 -0.171019 1.360931 -0.002089 0.007572 -0.040577 30.430000
21.930756 -0.179905 1.354909 -0.001787 0.020297 -0.044546 30.650000
22.134731 -0.187930 1.348550 -0.001358 0.030522 -0.046760 30.870001
22.341917 -0.195533 1.341843 -0.001447 0.031349 -0.047070 31.090000
22.543262 -0.202431 1.334905 -0.001805 0.030525 -0.045946 31.299999
22.747482 -0.208830 1.327486 -0.001662 0.018772 -0.043764 31.510000
22.950035 -0.214593 1.319530 -0.001077 0.012555 -0.040344 31.719999
23.157595 -0.220082 1.310908 -0.000882 0.014397 -0.035080 31.940001
23.361811 -0.225031 1.304047 -0.002842 0.023321 -0.028584 32.160000
23.566217 -0.228727 1.300772 -0.003996 0.029307 -0.021629 32.380001
23.773863 -0.230717 1.301409 -0.003596 0.033057 -0.014678 32.599998
23.976280 -0.231178 1.305295 -0.002656 0.028577 -0.008436 32.810001
24.178810 -0.230602 1.310781 -0.001299 -0.029016 -0.002786 33.020000
24.381350 -0.229323 1.316759 -0.000048 -0.101268 0.002567 33.259998
24.581331 -0.227731 1.323195 0.000321 -0.085587 0.009647 33.709999
24.782427 -0.218557 1.302289 -0.006906 0.130605 0.027490 34.459999
24.987274 -0.204884 1.284264 -0.004264 0.091086 0.034730 34.730000
25.192814 -0.190554 1.268510 0.000093 0.052556 0.039073 34.950001
25.392576 -0.177256 1.256824 0.002942 0.036203 0.041780 35.150002
25.597298 -0.165071 1.249050 0.004096 0.027916 0.043505 35.349998
25.803535 -0.154526 1.245509 0.004020 0.023555 0.044399 35.549999
26.009209 -0.145606 1.245550 0.003200 0.011772 0.044578 35.750000
26.209129 -0.138117 1.248255 0.000707 -0.011796 0.044458 35.950001
26.414873 -0.130673 1.253363 -0.002822 0.005750 0.044969 36.169998
26.621258 -0.121858 1.260476 -0.004235 0.012221 0.046934 36.400002
26.822855 -0.111135 1.268850 -0.004010 0.016753 0.050179 36.630001
27.022362 -0.098542 1.277765 -0.003064 0.029808 0.054102 36.860001
27.223745 -0.084488 1.285886 0.001011 0.006572 0.057984 37.090000
27.428543 -0.071025 1.290119 0.008433 0.022449 0.059500 37.330002
27.633932 -0.061942 1.288337 0.010558 0.025459 0.056407 37.570000
27.842482 -0.058146 1.280774 0.009001 0.027890 0.049393 37.810001
28.046032 -0.058565 1.269084 0.006233 0.031606 0.040259 38.040001
28.253883 -0.061514 1.256475 0.003993 0.021481 0.029616 38.270000
28.462317 -0.066025 1.247919 0.002764 0.029421 0.018303 38.500000
28.665121 -0.071210 1.245941 0.001963 0.034521 0.007357 38.720001
28.873713 -0.076935 1.250420 0.001205 0.035967 -0.003011 38.939999
29.078060 -0.082695 1.259556 0.000369 0.016088 -0.011865 39.150002
29.279125 -0.088354 1.270309 -0.001287 -0.006093 -0.019132 39.360001
29.487188 -0.093601 1.279726 -0.002625 0.015344 -0.024691 39.590000
29.691450 -0.097478 1.284712 -0.003068 0.030680 -0.027572 39.820000
29.900019 -0.100052 1.284848 -0.002958 0.038033 -0.028581 40.049999
30.106577 -0.101517 1.281035 -0.001935 0.026440 -0.028544 40.270000
30.315193 -0.102422 1.275344 0.000209 0.018907 -0.027919 40.490002
30.522430 -0.103599 1.269800 0.001507 0.024559 -0.026919 40.709999
30.729074 -0.105649 1.265499 0.001843 0.011285 -0.025720 40.930000
30.931534 -0.108592 1.262878 0.001568 0.021422 -0.024381 41.150002
31.133335 -0.112360 1.261941 0.003189 0.025002 -0.023253 41.369999
31.336264 -0.118214 1.262049 0.015603 0.024255 -0.023856 41.590000
31.540211 -0.131059 1.262591 0.023399 0.027163 -0.027921 41.810001
31.744843 -0.153936 1.262957 0.020826 0.012069 -0.035421 42.029999
31.945267 -0.185415 1.262769 0.012724 0.018759 -0.042456 42.250000
32.143890 -0.220944 1.261969 -0.008000 0.027115 -0.046958 42.470001
32.345287 -0.251904 1.260625 -0.021283 0.029166 -0.047028 42.689999
32.546860 -0.272453 1.258468 -0.021124 -0.040298 -0.041098 42.910000
32.746948 -0.282487 1.255168 -0.011308 -0.104700 -0.030959 43.169998
32.948826 -0.276024 1.252337 -0.002513 0.100114 -0.005456 43.930000
33.152924 -0.266375 1.268638 -0.002576 0.109451 0.010035 44.380001
33.357300 -0.258221 1.282642 -0.001360 0.071239 0.018621 44.639999
33.557823 -0.250186 1.293602 -0.003535 0.031942 0.025729 44.860001
33.764187 -0.240550 1.301328 -0.005790 0.031108 0.033648 45.080002
33.964699 -0.228950 1.304530 -0.006123 0.033240 0.042348 45.290001
34.169044 -0.214816 1.303667 -0.005166 0.029846 0.051558 45.500000
34.375843 -0.198590 1.299272 -0.003004 0.021932 0.060529 45.709999
34.581650 -0.181605 1.292897 0.005205 0.015189 0.067738 45.919998
34.784302 -0.167102 1.286196 0.012145 0.019406 0.071273 46.130001
34.985798 -0.157659 1.280243 0.014078 0.026026 0.070264 46.340000
35.188637 -0.153751 1.275526 0.012548 0.028190 0.064999 46.549999
35.393711 -0.154511 1.272170 0.008828 0.020723 0.056204 46.759998
35.597775 -0.158367 1.270077 0.002724 0.014228 0.045565 46.970001
35.798328 -0.162968 1.268993 -0.001772 0.021908 0.034966 47.180000
36.006767 -0.166510 1.268701 -0.003738 0.010750 0.025169 47.400002
36.210556 -0.168053 1.268859 -0.003853 0.016356 0.016998 47.619999
36.411537 -0.167643 1.269177 -0.003023 0.019511 0.010613 47.840000
36.618774 -0.165683 1.270013 -0.001496 0.003588 0.005733 48.070000
36.827274 -0.162923 1.272200 -0.000090 0.023517 0.002188 48.310001
37.035587 -0.160205 1.276323 0.000485 0.018517 0.000022 48.549999
37.243855 -0.157882 1.282196 0.000555 0.028279 -0.000973 48.790001
37.446903 -0.156065 1.289259 0.000311 0.027604 -0.001022 49.020000
37.651649 -0.154404 1.295612 -0.003033 0.006055 0.000476 49.250000
37.859158 -0.151016 1.297663 -0.008555 0.025332 0.005288 49.490002
38.067570 -0.143305 1.293525 -0.009555 0.020703 0.014341 49.730000
38.267815 -0.131375 1.283883 -0.007079 0.020082 0.023984 49.959999
38.467625 -0.116891 1.270784 0.006785 0.027393 0.031428 50.189999
38.670506 -0.105961 1.257007 0.017680 0.034936 0.034294 50.419998
38.870876 -0.103487 1.244816 0.019756 0.037151 0.031641 50.639999
39.078480 -0.109587 1.234363 0.016858 0.037877 0.023859 50.860001
39.282658 -0.121963 1.226166 0.009579 0.020588 0.012243 51.070000
39.486336 -0.137421 1.219208 -0.003531 0.015099 -0.000260 51.279999
39.686962 -0.150846 1.213041 -0.011662 0.024409 -0.010929 51.490002
39.886944 -0.159056 1.207861 -0.011276 0.011179 -0.018672 51.700001
40.092300 -0.162486 1.205955 -0.004259 0.016721 -0.025115 51.919998
40.295063 -0.163864 1.209341 0.001032 0.019010 -0.030586 52.139999
40.501240 -0.165790 1.216503 0.003487 -0.053097 -0.035704 52.369999
40.705639 -0.169052 1.225958 0.004054 -0.113288 -0.040839 52.660000
40.908592 -0.176596 1.234090 -0.005321 0.128704 -0.038422 53.450001
41.111919 -0.180036 1.229178 -0.005987 0.114669 -0.030966 53.790001
41.313526 -0.180853 1.222909 -0.003412 0.081342 -0.025565 54.020000
41.514297 -0.181124 1.218237 0.003074 0.052693 -0.022636 54.220001
41.715679 -0.182854 1.217860 0.008740 0.032741 -0.022453 54.410000
41.919598 -0.187734 1.222696 0.010651 0.017575 -0.025284 54.599998
42.120426 -0.196331 1.232556 0.015498 0.006242 -0.031492 54.790001
42.324890 -0.211218 1.246655 0.027497 0.008614 -0.041962 54.990002
42.522743 -0.235896 1.262812 0.032093 0.013004 -0.056748 55.189999
42.725323 -0.273908 1.280608 0.029204 0.020251 -0.076696 55.400002
42.925316 -0.322868 1.298283 0.021860 0.022983 -0.100934 55.610001
43.123043 -0.379326 1.314542 0.012618 -0.003416 -0.128844 55.820000
43.319099 -0.441670 1.325606 0.015236 -0.003171 -0.160054 56.040001
43.511707 -0.510789 1.326973 0.019368 0.018376 -0.194504 56.270000
43.709034 -0.590642 1.317569 0.015004 0.026192 -0.230356 56.509998
43.899162 -0.673049 1.303003 -0.000068 0.029431 -0.261417 56.740002
44.085121 -0.751720 1.288532 -0.009274 0.036112 -0.286390 56.959999
44.278690 -0.827173 1.275952 -0.012131 0.038597 -0.306111 57.180000
44.471397 -0.895626 1.266870 -0.011023 0.034159 -0.319986 57.389999
44.668247 -0.960449 1.260705 -0.001647 -0.002085 -0.329481 57.599998
44.864990 -1.025537 1.255894 0.027232 -0.001933 -0.337337 57.820000
45.055470 -1.102242 1.251129 0.042075 0.012297 -0.345264 58.049999
45.233658 -1.195685 1.246053 0.037086 0.010244 -0.355178 58.279999
45.408798 -1.308795 1.239763 0.029683 0.028608 -0.367477 58.520000
45.573898 -1.429727 1.233069 0.016142 0.018728 -0.382518 58.750000
45.737095 -1.556218 1.225558 0.008482 0.026187 -0.396140 58.980000
45.901726 -1.682716 1.220439 -0.038486 0.015257 -0.405826 59.209999
46.072849 -1.787609 1.224859 -0.087764 0.012492 -0.408954 59.439999
46.265347 -1.851113 1.241679 -0.087779 -0.001351 -0.403370 59.680000
46.466755 -1.866893 1.268620 -0.042293 0.004151 -0.395925 59.919998
46.666172 -1.864873 1.296243 0.078972 0.007598 -0.389376 60.160000
46.863224 -1.910522 1.319423 0.142241 0.010304 -0.387785 60.430000
47.019421 -2.042544 1.328658 0.127773 0.012957 -0.389120 60.700001
47.131119 -2.218800 1.325149 -0.001982 0.019010 -0.388974 60.939999
47.246521 -2.389114 1.318125 -0.121754 0.028937 -0.384300 61.180000
47.412579 -2.505500 1.311363 -0.142213 0.015392 -0.369025 61.450001
47.614967 -2.528464 1.307119 -0.115561 0.024111 -0.349582 61.720001
47.817734 -2.489080 1.305354 -0.047423 -0.017677 -0.323281 61.959999
48.007839 -2.424160 1.304724 0.027097 -0.077268 -0.297919 62.200001
48.189777 -2.340444 1.307047 0.079490 -0.100712 -0.265542 62.570000
48.384933 -2.279794 1.327912 -0.049015 0.120420 -0.215267 63.380001
48.587894 -2.242173 1.346364 -0.038119 0.089457 -0.195942 63.660000
48.788692 -2.203907 1.362021 -0.020756 0.048188 -0.179348 63.880001
48.994350 -2.163850 1.377602 -0.011933 0.034680 -0.166612 64.089996
49.195087 -2.126050 1.392827 0.020376 0.025286 -0.158420 64.290001
49.395248 -2.099219 1.408870 0.051479 0.026803 -0.155443 64.489998
49.602631 -2.094396 1.426529 0.059418 0.012359 -0.159543 64.699997
49.801689 -2.115048 1.444313 0.050721 0.008597 -0.168654 64.910004
50.000565 -2.158821 1.463592 0.035324 0.021267 -0.182374 65.129997
50.195175 -2.217615 1.481183 0.007207 0.018459 -0.199692 65.349998
50.388020 -2.278343 1.491508 -0.025067 0.026356 -0.215997 65.570000
50.584843 -2.328144 1.491885 -0.039199 0.030980 -0.228311 65.790001
50.789040 -2.361783 1.482083 -0.038427 0.030972 -0.234596 66.010002
50.990685 -2.379692 1.464602 -0.029264 0.023168 -0.234021 66.220001
51.194134 -2.387178 1.442075 -0.011997 0.007082 -0.228581 66.430000
51.401649 -2.391450 1.417463 0.026172 0.015975 -0.221656 66.650002
51.603111 -2.408335 1.396581 0.050945 0.025037 -0.216277 66.870003
51.800747 -2.449374 1.381526 0.054041 0.031513 -0.214679 67.089996
51.996994 -2.515629 1.372555 0.043684 0.030308 -0.218396 67.309998
52.183632 -2.597128 1.368888 0.029613 0.028292 -0.227037 67.519997
52.369976 -2.689673 1.368913 0.016876 0.028723 -0.240682 67.730003
52.547798 -2.782902 1.371883 0.014711 0.016473 -0.258325 67.930000
52.730362 -2.884732 1.379723 0.035923 0.003410 -0.281212 68.139999
52.901516 -2.996438 1.393636 0.046856 -0.002356 -0.308348 68.349998
53.064003 -3.126747 1.413782 0.039836 -0.010640 -0.340335 68.570000
53.208164 -3.266805 1.438876 0.034866 0.006073 -0.373801 68.790001
53.341515 -3.415838 1.468005 0.026560 0.018640 -0.408588 69.010002
53.471268 -3.570875 1.497649 -0.007193 0.024951 -0.441094 69.230003
53.606495 -3.720285 1.523183 -0.040204 0.037597 -0.467480 69.449997
53.757744 -3.854056 1.542248 -0.050223 0.041336 -0.485387 69.669998
53.928108 -3.969853 1.554255 -0.044035 0.038194 -0.495217 69.889999
54.105770 -4.066169 1.559965 -0.030771 0.026020 -0.498310 70.099998
54.290508 -4.151716 1.561373 -0.016503 0.014536 -0.497808 70.309998
54.475388 -4.230054 1.559970 -0.001688 0.013229 -0.496612 70.519997
54.664135 -4.311574 1.556416 0.043492 0.008822 -0.496387 70.739998
54.845345 -4.412995 1.551461 0.074718 0.013093 -0.499663 70.970001
55.005219 -4.544220 1.545883 0.074564 0.016457 -0.507985 71.199997
55.140064 -4.697433 1.540299 0.058741 0.019388 -0.520963 71.419998
55.256584 -4.862077 1.535005 0.034311 0.009201 -0.538279 71.629997
55.363735 -5.033786 1.529938 0.017839 0.013294 -0.558828 71.839996
55.466248 -5.206608 1.525410 0.005175 0.010505 -0.582804 72.050003
55.568966 -5.380703 1.520971 -0.024205 -0.055252 -0.609042 72.269997
55.670616 -5.553725 1.516083 -0.044250 -0.103926 -0.640701 72.550003
55.727627 -5.748319 1.505168 0.105870 0.074999 -0.696583 73.370003
55.709282 -5.954406 1.497422 0.086695 0.075740 -0.718132 73.709999
55.696835 -6.156759 1.489706 0.048650 0.047851 -0.737116 73.940002
55.687160 -6.363698 1.481441 0.027610 0.031525 -0.755543 74.150002
55.679893 -6.568250 1.472967 0.018631 0.023474 -0.774880 74.349998
55.674355 -6.774835 1.464009 0.014052 0.017534 -0.794556 74.550003
55.669952 -6.980529 1.454712 0.003768 0.012389 -0.811941 74.750000
55.670460 -7.189620 1.443546 -0.068883 0.023779 -0.826039 74.959999
55.703247 -7.393188 1.427841 -0.127916 0.037946 -0.834288 75.190002
55.803474 -7.570670 1.404844 -0.129226 0.039906 -0.831529 75.440002
55.960323 -7.698553 1.379861 -0.099915 0.015030 -0.816169 75.680000
56.147102 -7.785315 1.359897 -0.076137 0.017600 -0.796688 75.910004
56.338829 -7.842019 1.347723 -0.052619 0.022036 -0.773131 76.120003
56.543633 -7.886275 1.341733 -0.031097 0.023139 -0.744644 76.330002
56.744598 -7.923301 1.341129 -0.014907 0.021955 -0.713888 76.529999
56.946548 -7.959672 1.344264 -0.005711 0.022837 -0.680648 76.730003
57.147217 -7.997455 1.349882 -0.014497 0.010885 -0.645768 76.930000
57.345417 -8.031202 1.357188 -0.037518 -0.002696 -0.609492 77.129997
57.551613 -8.052011 1.365745 -0.048938 -0.007647 -0.570452 77.339996
57.756203 -8.053140 1.374406 -0.047458 -0.004780 -0.531488 77.550003
57.959389 -8.036141 1.382874 -0.039986 0.003487 -0.493112 77.760002
58.161011 -8.005958 1.390834 -0.021769 -0.000830 -0.455219 77.970001
58.357433 -7.968696 1.398197 -0.014522 0.009337 -0.418997 78.180000
58.559780 -7.927178 1.405550 -0.010822 0.019042 -0.382468 78.400002
58.760883 -7.887142 1.412157 0.013186 0.020659 -0.347493 78.620003
58.959522 -7.858078 1.417282 0.032204 0.039382 -0.313836 78.839996
59.160435 -7.849447 1.420705 0.034878 0.044515 -0.282159 79.059998
59.366489 -7.862093 1.422382 0.027558 0.044920 -0.253075 79.279999
59.568699 -7.889808 1.422665 0.018137 0.029116 -0.228567 79.489998
59.771214 -7.926509 1.422522 0.010350 0.013203 -0.207432 79.699997
59.969086 -7.967064 1.423149 0.004348 0.020874 -0.189881 79.910004
60.165470 -8.009158 1.425203 0.000547 0.026325 -0.176250 80.120003
60.362705 -8.051342 1.428972 -0.001818 0.022191 -0.166155 80.330002
60.559906 -8.092340 1.434688 -0.002880 0.024373 -0.159330 80.540001
60.758057 -8.131848 1.442338 -0.002560 0.030103 -0.155416 80.750000
60.958969 -8.170295 1.451575 -0.001655 0.027907 -0.153932 80.959999
61.162071 -8.208020 1.461957 -0.000707 0.026234 -0.154408 81.169998
61.365429 -8.245150 1.473185 -0.000702 0.010455 -0.156194 81.379997
61.564255 -8.281001 1.486460 -0.001156 0.017101 -0.158639 81.589996
61.768909 -8.317255 1.502549 -0.001119 -0.009573 -0.161269 81.809998
61.972168 -8.352768 1.518725 -0.000963 -0.087211 -0.163926 82.050003
62.170105 -8.387202 1.535579 -0.000858 -0.125727 -0.167237 82.419998
62.325474 -8.276850 1.472746 -0.105874 0.079033 -0.152283 83.230003
62.458801 -8.133952 1.409255 -0.072848 0.064240 -0.127187 83.500000
62.597878 -7.991479 1.348134 -0.031564 0.035105 -0.102480 83.720001
62.741272 -7.850826 1.289198 0.020697 0.032617 -0.080975 83.930000
62.891804 -7.727109 1.238592 0.073058 0.054157 -0.062571 84.139999
63.072285 -7.635282 1.197581 0.088431 0.062987 -0.049704 84.370003
63.272923 -7.594828 1.171926 0.074943 0.058520 -0.044757 84.599998
63.480984 -7.595538 1.159800 0.050402 0.038362 -0.046065 84.820000
63.684982 -7.619088 1.157081 0.019994 0.008903 -0.050177 85.029999
63.883949 -7.650420 1.161396 -0.008171 0.016846 -0.053209 85.239998
64.089653 -7.678709 1.171499 -0.022561 0.025527 -0.054342 85.459999
64.297165 -7.696095 1.184997 -0.025295 0.029912 -0.052332 85.680000
64.498810 -7.701782 1.199297 -0.021113 0.027579 -0.047125 85.889999
64.701797 -7.698949 1.213263 -0.012464 0.010196 -0.039104 86.099998
64.909973 -7.690744 1.226708 -0.004257 0.019017 -0.029537 86.320000
65.116241 -7.681102 1.238781 0.000531 0.026358 -0.019365 86.540001
65.324081 -7.672328 1.249529 0.002653 0.029320 -0.009390 86.760002
65.525352 -7.665569 1.258757 0.003012 0.033818 -0.000646 86.970001
65.730812 -7.660391 1.267338 0.002454 0.033039 0.006379 87.180000
65.940063 -7.656411 1.275512 0.001784 0.025787 0.010747 87.389999
66.140137 -7.653472 1.283128 0.003030 0.021632 0.012356 87.589996
66.349358 -7.651687 1.291867 0.004598 0.024070 0.011849 87.800003
66.558548 -7.651769 1.301583 0.004763 0.022293 0.009810 88.010002
66.766525 -7.653703 1.310684 0.003220 0.014727 0.007160 88.220001
66.970917 -7.656840 1.316720 0.001282 0.017868 0.004321 88.430000
67.172592 -7.660354 1.318665 -0.000092 0.011090 0.001421 88.639999
67.378983 -7.663797 1.316235 -0.000988 0.013320 -0.001972 88.860001
67.581161 -7.666666 1.309659 -0.000899 0.022264 -0.005900 89.080002
67.782143 -7.669076 1.301064 0.000356 0.015113 -0.010280 89.300003
67.989677 -7.671745 1.293102 0.001879 0.024441 -0.014989 89.529999
68.197807 -7.675354 1.288443 0.002262 0.017658 -0.019530 89.760002
68.404869 -7.680086 1.287611 0.001872 0.022667 -0.023737 89.989998
68.612297 -7.685781 1.290325 0.001218 0.026077 -0.027649 90.220001
68.821182 -7.692162 1.295308 0.001065 0.020109 -0.031179 90.449997
69.029922 -7.699086 1.301497 0.000972 0.031068 -0.034162 90.680000
69.232269 -7.706263 1.307613 0.000687 0.015348 -0.036474 90.900002
69.432724 -7.713697 1.313326 0.000398 0.022069 -0.038199 91.120003
69.632935 -7.721320 1.318506 0.000141 0.018214 -0.039391 91.339996
69.836426 -7.729150 1.322208 0.000153 -0.057417 -0.040124 91.570000
70.039696 -7.737039 1.325621 -0.000203 -0.140022 -0.040436 91.870003
70.241570 -7.740717 1.320551 -0.010865 0.115353 -0.023825 92.660004
70.442696 -7.732516 1.316595 -0.008215 0.101444 -0.006482 92.989998
70.644897 -7.721967 1.313151 -0.004277 0.064063 0.007531 93.230003
70.852821 -7.710453 1.309328 -0.001661 0.041557 0.019995 93.449997
71.059669 -7.698892 1.305462 -0.000187 0.027821 0.030911 93.660004
71.267654 -7.687471 1.301347 0.000543 0.009790 0.039814 93.870003
71.470627 -7.676594 1.296911 0.000237 0.016603 0.044902 94.080002
71.679657 -7.665601 1.292080 0.002302 0.010011 0.045007 94.300003
71.883286 -7.656348 1.286449 0.011708 0.012491 0.039592 94.519997
72.083145 -7.652535 1.279549 0.017261 0.028637 0.028806 94.739998
72.285576 -7.656302 1.271273 0.017043 0.033134 0.013522 94.959999
72.493057 -7.667402 1.261620 0.013109 0.035321 -0.004119 95.180000
72.695961 -7.683145 1.251648 0.006548 0.019146 -0.021343 95.389999
72.897766 -7.700818 1.242846 -0.005299 0.014350 -0.036127 95.599998
73.105614 -7.716392 1.236680 -0.012788 0.021964 -0.046731 95.820000
73.313202 -7.725911 1.234434 -0.014220 0.027112 -0.051406 96.040001
73.513474 -7.729069 1.235729 -0.012230 0.028945 -0.050818 96.250000
73.715973 -7.727535 1.239650 -0.008781 0.014390 -0.045858 96.459999
73.924805 -7.722138 1.245136 -0.009636 0.009735 -0.036246 96.680000
74.128075 -7.712745 1.250910 -0.010879 0.020253 -0.021877 96.900002
74.329201 -7.699111 1.256375 -0.009288 0.013137 -0.003481 97.120003
74.536072 -7.681051 1.261139 -0.007040 0.022011 0.015632 97.349998
74.751495 -7.659770 1.265845 0.004723 0.027423 0.031798 97.589996
74.951675 -7.642956 1.271617 0.016390 0.033387 0.040706 97.809998
75.156471 -7.633666 1.279496 0.018803 0.018072 0.042536 98.029999
75.360764 -7.633019 1.289317 0.015978 0.021105 0.038787 98.250000
75.564484 -7.639414 1.301037 0.011365 0.019926 0.030237 98.470001
75.765770 -7.650349 1.312537 0.003199 -0.002769 0.018633 98.690002
75.966347 -7.662725 1.320625 -0.004537 0.019631 0.006761 98.919998
76.174385 -7.672691 1.322992 -0.007161 0.036273 -0.003063 99.160004
76.381073 -7.678240 1.319344 -0.006977 0.042533 -0.009511 99.389999
76.588104 -7.680231 1.311241 -0.005388 0.039126 -0.013218 99.610001
76.792694 -7.679945 1.300309 -0.003423 0.034654 -0.015047 99.820000
77.001656 -7.678452 1.287711 -0.001387 0.027788 -0.015661 100.029999
77.202370 -7.676706 1.276123 0.000220 0.025960 -0.015407 100.230003
77.403481 -7.675252 1.266285 0.001169 0.014691 -0.014542 100.430000
77.610451 -7.674356 1.258371 0.001550 0.003473 -0.013166 100.639999
77.819115 -7.674181 1.252627 0.001354 0.017748 -0.011386 100.860001
78.023872 -7.674713 1.249216 0.000953 -0.010683 -0.009545 101.080002
78.226624 -7.675704 1.247158 0.000810 -0.086376 -0.007596 101.320000
78.427811 -7.677216 1.248096 0.000634 -0.103639 -0.004888 101.730003
78.627724 -7.681239 1.237536 -0.001066 0.113451 -0.001840 102.480003
78.834373 -7.682417 1.229586 -0.001370 0.090684 -0.001297 102.769997
79.038445 -7.682639 1.221647 -0.000081 0.033704 -0.001130 103.000000
79.242325 -7.682863 1.215308 0.002335 0.027808 -0.001846 103.220001
79.448883 -7.684135 1.211431 0.003538 0.032176 -0.003794 103.440002
79.649849 -7.686834 1.210182 0.003584 0.032427 -0.006627 103.650002
79.854652 -7.690988 1.211071 0.002871 0.028579 -0.010010 103.860001
80.059952 -7.696213 1.213140 0.000491 -0.002430 -0.013434 104.070000
80.264977 -7.701550 1.214278 -0.003653 0.006345 -0.015747 104.290001
80.471710 -7.705188 1.212819 -0.005611 0.024959 -0.015842 104.519997
80.679657 -7.706070 1.208353 -0.005834 0.034311 -0.014486 104.750000
80.884033 -7.704403 1.201566 -0.004663 0.034664 -0.013595 104.970001
81.092819 -7.701023 1.194472 -0.000133 0.016749 -0.013807 105.190002
81.299683 -7.697850 1.191443 0.004166 0.020284 -0.015012 105.410004
81.504906 -7.696821 1.194604 0.005681 0.013523 -0.016934 105.629997
81.706520 -7.698552 1.203991 0.005177 0.015548 -0.019171 105.849998
81.914490 -7.702979 1.219986 0.003697 0.025508 -0.021596 106.080002
82.122032 -7.709118 1.238449 -0.002545 0.005351 -0.023433 106.309998
82.323196 -7.713626 1.251534 -0.012271 0.020340 -0.022549 106.540001
82.523491 -7.712308 1.255267 -0.014964 0.021206 -0.017415 106.769997
82.724159 -7.703995 1.249160 -0.013075 0.021221 -0.010414 107.000000
82.925163 -7.689785 1.234039 -0.009901 0.029813 -0.004951 107.230003
83.129158 -7.671916 1.215497 0.002375 0.021962 -0.002374 107.459999
83.334290 -7.656143 1.202429 0.013413 0.029767 -0.003164 107.690002
83.542763 -7.647802 1.199142 0.015896 0.019310 -0.007051 107.919998
83.750771 -7.647959 1.205366 0.012658 0.016422 -0.011207 108.150002
83.956772 -7.654479 1.215403 0.005448 0.028345 -0.014427 108.379997
84.156540 -7.663270 1.223370 -0.000170 0.028890 -0.016616 108.599998
84.358696 -7.671845 1.227099 -0.003134 0.018295 -0.017872 108.820000
84.559784 -7.678795 1.225355 -0.003940 0.027567 -0.018395 109.040001
84.762459 -7.683829 1.218850 -0.004656 0.019412 -0.018034 109.260002
84.964409 -7.686518 1.211357 -0.007657 0.022088 -0.015933 109.480003
85.166695 -7.685765 1.206244 -0.008635 0.032051 -0.011121 109.699997
85.373268 -7.681255 1.205050 -0.007545 0.033141 -0.003795 109.919998
85.575027 -7.673955 1.207724 -0.005393 0.028875 0.004538 110.129997
85.776497 -7.664750 1.212485 -0.001884 -0.036975 0.013543 110.339996
85.981361 -7.653838 1.218305 0.002018 -0.106042 0.023766 110.589996
86.181938 -7.642630 1.222645 0.002574 0.076188 0.041731 111.269997
86.387253 -7.638144 1.203046 0.000800 0.124029 0.045196 111.760002
86.590408 -7.632256 1.185682 -0.000126 0.090651 0.044701 112.010002
86.794052 -7.625721 1.168910 0.001007 0.054785 0.042621 112.220001
87.001045 -7.619261 1.153818 0.003172 0.033815 0.039150 112.419998
87.201141 -7.614007 1.141638 0.004185 0.017262 0.034637 112.610001
87.408447 -7.610053 1.131515 0.004097 0.000194 0.028319 112.809998
87.616753 -7.607755 1.123933 0.005396 0.006663 0.019158 113.019997
87.817642 -7.608344 1.122121 0.018370 0.014719 0.006736 113.230003
88.024048 -7.617162 1.128651 0.026661 0.017717 -0.010341 113.449997
88.227226 -7.637699 1.143325 0.024173 0.009204 -0.031527 113.669998
88.424751 -7.668603 1.164847 0.018401 0.018611 -0.055700 113.889999
88.620422 -7.707059 1.192017 0.012316 0.029142 -0.082578 114.110001
88.817947 -7.749088 1.221179 -0.027117 0.012970 -0.109080 114.330002
89.021835 -7.777111 1.248162 -0.085974 -0.002230 -0.131243 114.559998
89.228531 -7.760754 1.268719 -0.105229 -0.002990 -0.146257 114.800003
89.422020 -7.693985 1.280098 -0.090203 -0.000114 -0.151220 115.029999
89.603653 -7.592022 1.284328 -0.057413 -0.002324 -0.146673 115.250000
89.771263 -7.474930 1.283683 -0.023451 0.000233 -0.135089 115.459999
89.932846 -7.353174 1.279994 -0.008386 0.019179 -0.117261 115.669998
90.094398 -7.234566 1.274403 0.003556 0.019461 -0.093648 115.879997
90.263947 -7.118601 1.267421 0.007001 0.019298 -0.064177 116.099998
90.434036 -7.011899 1.260142 0.000281 0.028309 -0.030829 116.320000
90.608414 -6.911383 1.254683 -0.001861 0.032589 0.005235 116.540001
90.788925 -6.815063 1.252854 -0.003262 0.033598 0.043101 116.760002
90.974731 -6.721865 1.254744 -0.000336 0.018421 0.081714 116.980003
91.160484 -6.632258 1.259948 -0.002935 0.022462 0.120336 117.199997
91.346458 -6.544789 1.267859 -0.002789 0.014218 0.158291 117.419998
91.529984 -6.459225 1.277381 -0.004335 0.015665 0.192427 117.639999
91.719383 -6.371482 1.288465 0.013572 0.025179 0.220459 117.870003
91.912811 -6.293124 1.300371 0.050337 0.031221 0.238217 118.099998
92.107643 -6.240709 1.312214 0.062483 0.031757 0.244597 118.320000
92.313560 -6.214911 1.324078 0.055692 0.028796 0.243887 118.540001
92.518059 -6.211683 1.335021 0.035409 0.017181 0.239940 118.750000
92.723335 -6.220294 1.345151 -0.009266 0.013822 0.236129 118.959999
92.923820 -6.223812 1.354641 -0.040955 0.020179 0.234573 119.169998
93.125282 -6.208905 1.363071 -0.043744 -0.036715 0.238816 119.389999
93.326172 -6.172709 1.371702 -0.022406 -0.149637 0.247206 119.660004
93.526161 -6.166445 1.367837 0.098119 0.080240 0.232744 120.519997
93.701515 -6.276404 1.357029 0.075321 0.071428 0.202220 120.860001
93.873215 -6.388940 1.347410 0.044866 0.047401 0.173188 121.099998
94.041336 -6.499337 1.338044 0.022637 0.025875 0.145020 121.309998
94.213593 -6.613105 1.327757 0.023973 0.006815 0.114921 121.519997
94.381798 -6.731087 1.315876 0.033169 -0.001455 0.082934 121.730003
94.542755 -6.857172 1.302033 0.038639 -0.000102 0.050587 121.940002
94.696701 -6.992374 1.287476 0.011450 0.010025 0.021075 122.150002
94.848312 -7.124630 1.276343 -0.045352 0.038358 -0.004696 122.360001
95.016281 -7.236493 1.271277 -0.074087 0.043777 -0.025724 122.580002
95.204720 -7.311810 1.273108 -0.071596 0.034955 -0.041669 122.809998
95.401947 -7.347900 1.280734 -0.049034 0.024555 -0.054850 123.040001
95.603539 -7.358318 1.289970 -0.017275 0.030822 -0.068084 123.269997
95.810127 -7.360062 1.297820 0.004509 0.027421 -0.082131 123.500000
96.010132 -7.364249 1.302443 0.014103 0.021367 -0.095990 123.720001
96.218903 -7.376099 1.303718 0.015788 0.031811 -0.109609 123.949997
96.420029 -7.395391 1.302397 0.010848 0.003770 -0.121536 124.169998
96.622551 -7.420030 1.302378 0.001098 0.012589 -0.129879 124.400002
96.829315 -7.445988 1.307835 -0.005392 0.030676 -0.132728 124.639999
97.031647 -7.468859 1.318645 -0.008678 0.027786 -0.129026 124.870003
97.238342 -7.487979 1.330769 -0.012346 0.033574 -0.119773 125.099998
97.441971 -7.501550 1.339999 -0.012693 0.036754 -0.106647 125.320000
97.642670 -7.510187 1.344976 -0.010266 0.033447 -0.090783 125.529999
97.847908 -7.515422 1.345842 -0.007180 0.027606 -0.072235 125.739998
98.055229 -7.518137 1.343022 -0.006932 0.027226 -0.052371 125.949997
98.263954 -7.518427 1.337250 -0.006539 0.024542 -0.032586 126.160004
98.471977 -7.516341 1.329430 -0.004728 0.006621 -0.013893 126.370003
98.673851 -7.512428 1.320301 -0.002855 0.013044 0.002886 126.580002
98.880478 -7.507215 1.310326 -0.001323 0.012601 0.018172 126.800003
99.082352 -7.501507 1.301717 -0.000923 0.012877 0.030790 127.019997
99.289436 -7.495165 1.296269 -0.000617 0.027230 0.040954 127.250000
99.497375 -7.488362 1.294980 -0.000262 0.015313 0.048130 127.480003
99.703415 -7.481352 1.297138 0.000142 0.026858 0.052533 127.709999
99.911743 -7.474082 1.302239 0.000557 0.032632 0.054322 127.940002
100.115479 -7.467134 1.307670 0.005451 0.027381 0.052572 128.160004
100.321846 -7.462388 1.310606 0.011450 0.029341 0.046317 128.380005
100.530739 -7.462337 1.309619 0.011521 0.001365 0.034905 128.600006
100.735641 -7.467637 1.305356 0.004477 -0.080798 0.019162 128.830002
100.938446 -7.478864 1.297866 -0.005668 -0.132044 -0.003792 129.160004
101.139290 -7.486413 1.281085 -0.010759 0.112386 -0.016240 129.970001
101.346596 -7.477714 1.276728 -0.007354 0.096912 -0.007712 130.289993
101.553398 -7.467276 1.273714 -0.002880 0.058318 0.000171 130.529999
101.762733 -7.456734 1.274396 0.000450 0.042778 0.007382 130.750000
101.971062 -7.447172 1.279397 0.002089 0.021712 0.013895 130.960007
102.178833 -7.438799 1.288332 0.002427 0.009491 0.019785 131.169998
102.381271 -7.431751 1.301017 0.002040 0.018582 0.024891 131.380005
102.589554 -7.425475 1.316515 0.000589 -0.003888 0.029324 131.600006
102.796082 -7.419382 1.330280 -0.003640 0.006937 0.033990 131.830002
103.004105 -7.411365 1.338177 -0.005886 0.031086 0.039974 132.070007
103.207573 -7.400586 1.338578 -0.005903 0.038581 0.046841 132.300003
103.409843 -7.387263 1.332894 -0.004559 0.040781 0.053724 132.520004
103.609589 -7.372404 1.323659 -0.000785 0.021658 0.059569 132.729996
103.809746 -7.357481 1.314059 0.006198 0.020030 0.062959 132.940002
104.018303 -7.344740 1.306379 0.009685 0.024414 0.062575 133.160004
104.218407 -7.336610 1.302673 0.009913 0.030130 0.058621 133.369995
104.421448 -7.332292 1.302622 0.008128 0.029592 0.052160 133.580002
104.626129 -7.331004 1.305410 0.006379 0.004184 0.043886 133.789993
104.833473 -7.332862 1.309567 0.012645 0.009247 0.033076 134.009995
105.034805 -7.340197 1.313702 0.016505 0.023720 0.019007 134.229996
105.236641 -7.354420 1.316965 0.015727 0.030515 0.001972 134.449997
105.442192 -7.375056 1.319018 0.012114 0.035095 -0.016449 134.669998
105.642593 -7.399144 1.319559 0.005938 0.018641 -0.034242 134.880005
105.841805 -7.424839 1.318187 -0.000383 0.017489 -0.050836 135.089996
106.048462 -7.450774 1.314651 -0.003710 0.027538 -0.066200 135.309998
106.247482 -7.473569 1.309486 -0.004360 0.030576 -0.077413 135.520004
106.449547 -7.494433 1.303019 -0.004486 0.023131 -0.083605 135.729996
106.651543 -7.512852 1.297021 -0.012026 0.013751 -0.083994 135.940002
106.859871 -7.526337 1.293722 -0.018553 0.019420 -0.077727 136.160004
107.067307 -7.531424 1.294619 -0.019135 0.027866 -0.064573 136.380005
107.267616 -7.528589 1.299449 -0.015770 0.028807 -0.045854 136.589996
107.470619 -7.519801 1.307376 -0.010879 0.019440 -0.021964 136.800003
107.672264 -7.506848 1.316429 -0.009989 0.012737 0.004937 137.009995
107.879318 -7.489388 1.325202 -0.009784 0.021878 0.033892 137.229996
108.084465 -7.468102 1.332247 -0.007601 0.010150 0.061993 137.449997
108.284752 -7.444063 1.337047 -0.004915 0.018884 0.087343 137.669998
108.483139 -7.418216 1.339779 -0.002355 0.016769 0.109120 137.889999
108.683876 -7.391059 1.340355 -0.000350 -0.058521 0.127562 138.119995
108.884293 -7.363490 1.338144 -0.000634 -0.107939 0.144586 138.419998
109.083893 -7.351941 1.325563 0.024710 0.114671 0.148803 139.270004
109.284264 -7.363656 1.317831 0.017400 0.104737 0.125268 139.619995
109.492538 -7.374781 1.310902 0.007896 0.066909 0.101137 139.869995
109.700760 -7.384565 1.306946 -0.000122 0.043439 0.078012 140.089996
109.908943 -7.392050 1.307501 -0.003451 0.029217 0.056087 140.300003
110.108948 -7.396894 1.311857 -0.003951 0.008909 0.036466 140.500000
110.313576 -7.399973 1.320297 -0.002675 0.016017 0.017866 140.710007
110.514572 -7.401663 1.331918 -0.001223 0.013954 0.002071 140.919998
110.721146 -7.402731 1.344817 -0.000787 0.016041 -0.010956 141.139999
110.924789 -7.403458 1.356515 -0.000858 0.027350 -0.020203 141.360001
111.130470 -7.404000 1.365916 -0.001072 0.032860 -0.025635 141.580002
111.331055 -7.404393 1.372511 -0.001164 0.033218 -0.027311 141.789993
111.535187 -7.404640 1.376646 -0.001321 0.016957 -0.025883 142.000000
111.737274 -7.404494 1.378422 -0.002150 0.014937 -0.022115 142.210007
111.945518 -7.403543 1.378127 -0.002689 0.023045 -0.016535 142.429993
112.153763 -7.401586 1.376332 -0.002851 0.029652 -0.010767 142.649994
112.355194 -7.398737 1.373789 -0.002450 0.031008 -0.006792 142.860001
112.559059 -7.395145 1.370832 0.000125 0.015131 -0.005156 143.070007
112.760170 -7.391884 1.367716 0.004455 0.015847 -0.005596 143.279999
112.967758 -7.390627 1.364743 0.006646 0.024130 -0.007722 143.500000
113.175819 -7.392511 1.362225 0.006458 0.028720 -0.011036 143.720001
113.376930 -7.397115 1.360357 0.004959 0.031182 -0.014826 143.929993
113.580719 -7.403729 1.358744 0.001782 0.023092 -0.018566 144.139999
113.784714 -7.410913 1.357111 -0.002691 0.023762 -0.021112 144.350006
113.988861 -7.416903 1.355008 -0.004963 0.020447 -0.021747 144.559998
114.191193 -7.420762 1.352270 -0.005000 0.009932 -0.020240 144.770004
114.397972 -7.422499 1.348714 -0.003836 0.019860 -0.016479 144.990005
114.602852 -7.422482 1.344505 -0.003578 0.021841 -0.010645 145.210007
114.807587 -7.420888 1.339479 -0.004198 0.026494 -0.003565 145.429993
115.014084 -7.417515 1.333726 -0.003766 0.020493 0.004060 145.649994
115.219841 -7.412565 1.327407 -0.002601 0.015942 0.011575 145.869995
115.422806 -7.406573 1.320409 -0.001457 0.024934 0.018471 146.089996
115.625763 -7.399957 1.314078 -0.002281 0.016612 0.024818 146.309998
115.826912 -7.392335 1.311767 -0.004803 0.023525 0.031409 146.529999
116.028198 -7.382609 1.315295 -0.005226 0.018101 0.038933 146.750000
116.227852 -7.370645 1.324390 -0.004339 0.014527 0.045848 146.970001
116.432114 -7.356664 1.337389 0.003767 0.012852 0.050159 147.199997
116.633064 -7.344980 1.349076 0.013687 0.029463 0.049657 147.429993
116.837311 -7.339768 1.356916 0.015690 0.021262 0.043193 147.660004
117.042732 -7.342012 1.359906 0.012950 0.024906 0.032454 147.889999
117.249588 -7.350179 1.358357 0.008150 0.010607 0.018601 148.119995
117.455338 -7.362307 1.353169 0.000565 -0.071537 0.002504 148.360001
117.655151 -7.377867 1.343647 -0.005337 -0.112277 -0.018460 148.690002
117.859032 -7.384131 1.336159 -0.013018 0.111754 -0.028655 149.509995
118.062401 -7.372818 1.342565 -0.009101 0.101823 -0.014995 149.830002
118.270218 -7.359895 1.348354 -0.003716 0.072129 -0.002786 150.070007
118.475922 -7.347675 1.351587 0.004380 0.048081 0.006320 150.279999
118.681763 -7.338044 1.351186 0.009541 0.033490 0.012223 150.479996
118.890076 -7.332206 1.347041 0.010240 0.005843 0.014771 150.679993
119.092232 -7.330408 1.338858 0.008502 0.004976 0.014508 150.880005
119.296577 -7.332022 1.326840 0.006237 0.007028 0.011266 151.089996
119.503754 -7.336466 1.314723 0.005289 0.016966 0.005421 151.309998
119.708168 -7.343106 1.306884 0.004294 0.024095 -0.002015 151.529999
119.911919 -7.351390 1.304643 0.002580 0.011043 -0.010240 151.750000
120.120552 -7.360967 1.308322 0.001211 0.024030 -0.018760 151.979996
120.320312 -7.370455 1.316797 0.000288 0.018176 -0.026235 152.199997
120.527985 -7.380272 1.328879 -0.000324 0.015696 -0.031469 152.429993
120.732567 -7.389452 1.341648 -0.004542 0.020127 -0.033006 152.660004
120.936935 -7.396253 1.352710 -0.008226 0.033719 -0.030923 152.889999
121.137779 -7.399158 1.360556 -0.008598 0.038057 -0.025282 153.110001
121.345703 -7.398454 1.365386 -0.008082 0.030016 -0.015359 153.330002
121.547424 -7.394331 1.366982 -0.012510 0.022392 -0.002087 153.539993
121.749077 -7.385274 1.365801 -0.014893 0.024842 0.014532 153.750000
121.950241 -7.370441 1.362468 -0.012896 0.011262 0.033888 153.960007
122.156219 -7.349747 1.357171 -0.009157 0.016507 0.054774 154.179993
122.359100 -7.325441 1.350781 -0.005759 0.021686 0.075042 154.399994
122.561302 -7.298838 1.343758 -0.005343 0.023146 0.094253 154.619995
122.763672 -7.270123 1.336369 -0.005165 0.028529 0.112387 154.839996
122.967163 -7.239249 1.328974 -0.003712 0.013540 0.129318 155.059998
123.167572 -7.207280 1.321441 -0.002234 0.022127 0.144192 155.279999
123.367462 -7.174468 1.313831 -0.001040 0.028540 0.156722 155.500000
123.569878 -7.140469 1.306590 -0.011969 0.029733 0.168080 155.720001
123.774261 -7.100000 1.300704 -0.035560 0.026834 0.180105 155.940002
123.968300 -7.046790 1.296851 -0.041575 0.015821 0.193838 156.149994
124.156258 -6.977942 1.294560 -0.035499 0.005668 0.209592 156.360001
124.343346 -6.893013 1.293566 -0.027746 0.016164 0.227820 156.580002
124.523636 -6.798963 1.293549 -0.009843 -0.019653 0.249168 156.800003
124.702667 -6.696953 1.293696 0.015450 -0.090993 0.273075 157.050003
124.873085 -6.591507 1.293718 0.020387 -0.082679 0.308838 157.490005
125.047050 -6.486231 1.319992 -0.024299 0.125779 0.349151 158.210007
125.222214 -6.382377 1.343925 -0.019103 0.099499 0.368109 158.479996
125.393166 -6.279728 1.364564 -0.016753 0.061651 0.385844 158.690002
125.568207 -6.170613 1.382298 -0.035095 0.026187 0.405354 158.889999
125.739731 -6.050264 1.395571 -0.050257 0.009397 0.427525 159.089996
125.898483 -5.917724 1.403249 -0.043427 -0.015024 0.452147 159.289993
126.045280 -5.771100 1.405154 -0.039117 -0.005730 0.475018 159.500000
126.180984 -5.611733 1.401830 -0.006667 -0.004220 0.494733 159.720001
126.314140 -5.453951 1.395659 0.075133 0.006201 0.508421 159.949997
126.474480 -5.326383 1.389449 0.114004 0.020020 0.512795 160.199997
126.667725 -5.258040 1.385125 0.102278 0.024477 0.504656 160.449997
126.872856 -5.239569 1.383183 0.069882 0.021402 0.487244 160.679993
127.073517 -5.246916 1.382927 0.034795 0.008471 0.464512 160.889999
127.274956 -5.265661 1.383667 0.013068 0.010018 0.437674 161.100006
127.482811 -5.287975 1.384769 0.005806 0.023882 0.405470 161.320007
127.690063 -5.307621 1.385558 -0.001512 0.015323 0.370072 161.539993
127.893845 -5.323106 1.385543 -0.001343 0.019422 0.332736 161.759995
128.095688 -5.334399 1.384718 0.003218 0.029587 0.294407 161.979996
128.300156 -5.342588 1.383234 0.001165 0.027253 0.258151 162.199997
128.506836 -5.346824 1.381834 -0.016666 0.032161 0.226888 162.419998
128.715683 -5.340350 1.381155 -0.027150 0.030533 0.202570 162.639999
128.914780 -5.320874 1.381247 -0.026483 0.013473 0.186464 162.850006
129.117691 -5.288601 1.381989 -0.020057 0.021042 0.175210 163.070007
129.318115 -5.247176 1.383406 -0.012562 0.029852 0.169829 163.289993
129.519928 -5.199847 1.385204 -0.010849 0.016186 0.170950 163.509995
129.718658 -5.147837 1.384975 -0.025791 0.014082 0.178479 163.729996
129.911667 -5.086032 1.380952 -0.033918 0.021595 0.192571 163.949997
130.101440 -5.010615 1.372686 -0.032192 0.025514 0.213007 164.169998
130.289490 -4.922176 1.361188 -0.030883 0.019785 0.239061 164.389999
130.465500 -4.826757 1.349513 -0.034077 0.020351 0.267899 164.600006
130.637558 -4.719979 1.338647 -0.031853 0.023206 0.299985 164.809998
130.806503 -4.602843 1.329452 -0.024543 0.021667 0.334537 165.020004
130.972534 -4.478580 1.322222 -0.014698 0.016468 0.370433 165.229996
131.134720 -4.352450 1.318595 0.003044 0.008903 0.405806 165.440002
131.301117 -4.226122 1.321386 0.015267 0.019917 0.440071 165.660004
131.477127 -4.103805 1.332064 0.018085 0.012744 0.470933 165.889999
131.646667 -3.997339 1.348294 0.015001 0.018595 0.495376 166.110001
131.825974 -3.894143 1.369880 0.009750 0.002904 0.514841 166.339996
132.003647 -3.797920 1.391825 0.003008 -0.075192 0.528628 166.580002
132.182007 -3.706668 1.414383 -0.005818 -0.112989 0.539721 166.929993
132.355286 -3.606192 1.429415 -0.006604 0.116665 0.558936 167.809998
132.526031 -3.489513 1.432416 -0.003801 0.100535 0.569060 168.119995
132.694138 -3.374006 1.434559 -0.001577 0.073837 0.576347 168.350006
132.867142 -3.255289 1.436475 -0.000086 0.050335 0.582374 168.559998
133.040482 -3.136736 1.438414 0.000684 0.021006 0.587501 168.759995
133.213135 -3.019073 1.440240 -0.002047 0.003984 0.593026 168.960007
133.378098 -2.904245 1.442315 -0.037340 -0.002712 0.600111 169.160004
133.533356 -2.777160 1.445446 -0.075125 -0.004708 0.610726 169.369995
133.666931 -2.625573 1.449705 -0.073596 -0.017222 0.627019 169.589996
133.772186 -2.450053 1.454767 -0.062504 -0.005210 0.646224 169.820007
133.850815 -2.260329 1.460864 -0.044158 0.007071 0.669253 170.050003
133.913818 -2.061635 1.467711 -0.019172 0.005135 0.695356 170.279999
133.970383 -1.864604 1.474146 0.019332 0.021983 0.721248 170.509995
134.041977 -1.669532 1.478957 0.047773 0.043691 0.746558 170.750000
134.142639 -1.488740 1.481220 0.049686 0.034557 0.766897 170.990005
134.264893 -1.329762 1.480757 0.037801 0.040994 0.783210 171.220001
134.408081 -1.178618 1.478230 0.022234 0.029703 0.794895 171.449997
134.555664 -1.038765 1.474447 0.009079 0.022078 0.801288 171.669998
134.706253 -0.901425 1.469941 0.000540 0.026946 0.801769 171.889999
134.858093 -0.763098 1.465031 0.006325 0.024473 0.795505 172.110001
135.012451 -0.625638 1.459597 0.015670 0.029329 0.782485 172.330002
135.165878 -0.496757 1.453851 0.018271 0.030379 0.764329 172.539993
135.326172 -0.370857 1.447601 0.016077 0.028411 0.742357 172.750000
135.491989 -0.247966 1.441195 0.011252 0.020104 0.718286 172.960007
135.659027 -0.129170 1.434646 0.006493 0.008440 0.693030 173.169998
135.830978 -0.011395 1.427714 0.027788 0.007037 0.665627 173.389999
136.004898 0.092072 1.420817 0.060159 0.010119 0.636834 173.610001
136.189713 0.171443 1.413985 0.068526 0.015978 0.606325 173.830002
136.388474 0.225356 1.406972 0.057119 0.016905 0.574139 174.050003
136.588318 0.257608 1.400265 0.038263 0.013963 0.542514 174.259995
136.791534 0.277452 1.393621 0.018624 0.006921 0.512323 174.470001
136.991821 0.290945 1.387411 -0.000592 0.016814 0.487263 174.679993
137.197174 0.309846 1.383828 -0.051630 0.026983 0.468379 174.899994
137.392807 0.354024 1.385290 -0.077181 0.028622 0.459337 175.119995
137.581665 0.436890 1.391869 -0.070171 0.013630 0.461467 175.350006
137.751862 0.550634 1.402814 -0.052233 0.024063 0.471564 175.580002
137.903610 0.680245 1.416035 -0.026226 -0.008616 0.490716 175.800003
138.047791 0.822118 1.429576 0.007395 -0.084400 0.516544 176.039993
138.182068 0.969768 1.444503 0.084562 -0.138489 0.553143 176.429993
138.313950 0.822636 1.404265 0.115086 0.038449 0.569852 177.070007
138.448730 0.671548 1.367482 0.087866 0.031918 0.545278 177.330002
138.586273 0.528248 1.331836 0.059576 0.023134 0.517813 177.539993
138.730988 0.383443 1.298622 0.012885 0.037644 0.487537 177.740005
138.884659 0.247829 1.274818 -0.028277 0.062804 0.452849 177.940002
139.056747 0.133935 1.264387 -0.046712 0.065203 0.413937 178.149994
139.246887 0.052160 1.269497 -0.045050 0.053665 0.372297 178.369995
139.443665 0.003626 1.289833 -0.028041 0.048033 0.329634 178.589996
139.647202 -0.022008 1.320540 -0.020424 0.040456 0.287155 178.809998
139.846420 -0.031423 1.352546 -0.018549 0.039144 0.247270 179.020004
140.049362 -0.028954 1.382214 -0.015261 0.020308 0.209156 179.229996
140.250259 -0.018478 1.406761 -0.009641 0.015704 0.173113 179.440002
140.456833 -0.002588 1.426200 -0.003394 0.022655 0.138277 179.660004
140.662582 0.015120 1.438002 0.011895 0.023033 0.106633 179.880005
140.869125 0.027475 1.438559 0.033430 0.027177 0.077170 180.100006
141.078049 0.025776 1.427144 0.036143 0.012600 0.048399 180.320007
141.283630 0.008421 1.405488 0.029527 0.007357 0.021201 180.539993
141.482697 -0.021103 1.377585 0.016030 0.015090 -0.004515 180.759995
141.678879 -0.056596 1.349241 0.002633 0.028438 -0.028955 180.979996
141.878006 -0.092124 1.324216 -0.004830 0.035420 -0.051546 181.199997
142.083145 -0.124586 1.304015 -0.008132 0.030943 -0.069638 181.419998
142.282578 -0.151067 1.289626 -0.018436 0.022253 -0.080908 181.630005
142.482819 -0.169330 1.279746 -0.027051 0.026402 -0.085234 181.839996
142.684540 -0.176476 1.273658 -0.025465 0.011505 -0.081722 182.050003
142.892242 -0.172699 1.270014 -0.019068 0.011018 -0.071398 182.270004
143.095398 -0.160660 1.268105 -0.012277 0.017521 -0.055086 182.490005
143.295746 -0.144049 1.267108 -0.003097 0.012641 -0.035006 182.710007
143.501617 -0.126363 1.266774 0.006214 0.026586 -0.014500 182.940002
143.709442 -0.112672 1.267004 0.009569 0.033617 0.002058 183.169998
143.913254 -0.104805 1.267825 0.013722 0.032770 0.011917 183.389999
144.122101 -0.103532 1.269853 0.018018 0.033594 0.014690 183.610001
144.325882 -0.109784 1.273167 0.017146 0.030512 0.010424 183.820007
144.532700 -0.122773 1.277749 0.013422 0.028076 0.000983 184.029999
144.741287 -0.140773 1.283085 0.008518 0.022544 -0.011856 184.240005
144.948715 -0.161348 1.288560 -0.002404 0.010350 -0.025758 184.449997
145.151352 -0.180058 1.293520 -0.013272 0.016583 -0.037805 184.660004
145.351425 -0.192795 1.297545 -0.016890 0.023735 -0.046002 184.869995
145.551971 -0.198414 1.300449 -0.015678 0.027812 -0.049429 185.080002
145.754654 -0.197810 1.302400 -0.011764 0.023339 -0.047827 185.289993
145.954910 -0.192755 1.302949 -0.004554 -0.041986 -0.041583 185.500000
146.156082 -0.183919 1.301959 0.004774 -0.106879 -0.031078 185.750000
146.356064 -0.172138 1.297058 0.001096 0.071743 -0.003540 186.440002
146.556702 -0.170097 1.302318 -0.003260 0.111634 0.012160 186.949997
146.763885 -0.165299 1.308002 -0.002367 0.077615 0.019376 187.220001
146.964264 -0.159749 1.312405 0.001692 0.040117 0.023539 187.440002
147.164536 -0.154976 1.316291 0.005669 0.035420 0.024862 187.649994
147.369919 -0.152370 1.319543 0.007082 0.030656 0.023171 187.860001
147.578445 -0.152513 1.322055 0.006605 0.029094 0.019132 188.070007
147.778976 -0.154995 1.323845 0.005081 0.021864 0.013802 188.270004
147.987244 -0.159267 1.325306 -0.002087 -0.005566 0.007845 188.479996
148.193787 -0.162349 1.327551 -0.013410 0.006221 0.003556 188.699997
148.401794 -0.159003 1.331730 -0.017866 0.024535 0.003096 188.929993
148.601379 -0.147662 1.337950 -0.016528 0.031827 0.007623 189.149994
148.805283 -0.129201 1.346032 -0.012015 0.030383 0.017097 189.369995
149.012009 -0.106531 1.354238 0.006930 0.017579 0.029641 189.589996
149.217224 -0.087902 1.359791 0.026849 0.023049 0.041493 189.809998
149.422363 -0.081473 1.361576 0.030423 0.014255 0.049635 190.029999
149.625046 -0.088762 1.359407 0.026572 0.016500 0.053292 190.250000
149.825928 -0.107377 1.353828 0.020266 0.023779 0.051240 190.470001
150.026993 -0.134380 1.347294 0.026385 0.013706 0.042733 190.690002
150.225464 -0.172239 1.344100 0.039665 0.018937 0.028255 190.910004
150.422241 -0.225721 1.346124 0.034885 0.006239 0.007182 191.130005
150.612961 -0.292799 1.353176 0.027234 0.008478 -0.018144 191.350006
150.798035 -0.369352 1.364868 0.020620 0.018705 -0.047170 191.570007
150.981018 -0.451753 1.379840 0.008314 0.013467 -0.077960 191.789993
151.169647 -0.537346 1.395541 -0.016207 0.026450 -0.107747 192.020004
151.362015 -0.612227 1.408032 -0.030888 0.035491 -0.132365 192.250000
151.561905 -0.670439 1.415997 -0.030944 0.021818 -0.149283 192.479996
151.765244 -0.712311 1.418929 -0.025818 0.027329 -0.158221 192.710007
151.963593 -0.738324 1.417633 -0.059076 0.016049 -0.157647 192.929993
152.172546 -0.736768 1.412772 -0.088717 0.004623 -0.146986 193.160004
152.370300 -0.695736 1.405166 -0.085345 -0.000490 -0.128369 193.380005
152.563354 -0.618119 1.395619 -0.069046 0.006287 -0.103574 193.600006
152.744034 -0.518466 1.385798 -0.045602 0.009224 -0.074728 193.809998
152.912766 -0.411171 1.376860 -0.000616 0.014547 -0.046067 194.009995
153.088135 -0.304120 1.369319 0.045249 0.032936 -0.017561 194.220001
153.277100 -0.217445 1.364197 0.062213 0.043216 0.007598 194.440002
153.476379 -0.163300 1.361545 0.059004 0.044224 0.025572 194.660004
153.676620 -0.139135 1.360749 0.047408 0.038807 0.035720 194.869995
153.883194 -0.135516 1.360890 0.030053 -0.001522 0.038535 195.080002
154.086594 -0.145427 1.361046 0.009734 -0.082973 0.036007 195.300003
154.290161 -0.167110 1.360107 -0.008417 -0.115819 0.028304 195.610001
154.488541 -0.191582 1.349190 -0.002826 0.132554 0.005456 196.479996
154.691498 -0.190597 1.339348 -0.001693 0.112835 -0.000754 196.800003
154.896042 -0.188892 1.329881 0.000117 0.063630 -0.005478 197.029999
155.103027 -0.187594 1.322813 0.002163 0.040955 -0.009751 197.240005
155.307129 -0.187384 1.319006 0.003178 0.021820 -0.013558 197.440002
155.510132 -0.188493 1.318045 0.003320 0.004836 -0.016932 197.639999
155.716003 -0.191009 1.320161 0.002860 0.013020 -0.019836 197.850006
155.916779 -0.194679 1.324963 0.000360 0.010872 -0.021927 198.059998
156.121948 -0.198360 1.331515 -0.007078 0.015787 -0.021839 198.279999
156.324234 -0.198916 1.338727 -0.010701 0.022231 -0.017852 198.500000
156.525558 -0.194826 1.345636 -0.010054 0.013710 -0.009900 198.720001
156.732956 -0.185942 1.352159 -0.007906 0.027384 0.001009 198.949997
156.933563 -0.174122 1.357590 -0.005091 0.032250 0.012662 199.169998
157.138718 -0.160525 1.361374 0.000947 0.032113 0.023372 199.389999
157.338623 -0.148167 1.362589 0.005190 0.031399 0.031270 199.600006
157.541122 -0.138108 1.361301 0.006396 0.014559 0.035882 199.809998
157.750259 -0.130624 1.357579 0.005317 0.015856 0.036159 200.029999
157.956100 -0.125797 1.352223 0.006447 0.022421 0.031441 200.250000
158.162048 -0.123938 1.346663 0.009423 0.031405 0.023024 200.470001
158.362030 -0.125900 1.341920 0.009424 0.030987 0.012740 200.679993
158.565475 -0.131521 1.338105 0.007492 0.033546 0.001495 200.889999
158.772812 -0.139993 1.335196 0.004764 0.026320 -0.009869 201.100006
158.980804 -0.150099 1.332790 0.000572 0.014132 -0.020245 201.309998
159.185196 -0.160114 1.330363 -0.002998 0.018365 -0.028519 201.520004
159.387268 -0.168675 1.327607 -0.004401 0.021973 -0.034124 201.729996
159.589050 -0.175332 1.324445 -0.004417 0.027694 -0.037228 201.940002
159.792435 -0.180254 1.320826 -0.003628 0.029980 -0.038163 202.149994
159.998398 -0.183865 1.317062 -0.004583 0.026981 -0.036412 202.360001
160.205948 -0.185477 1.315802 -0.012299 0.024323 -0.030912 202.570007
160.413895 -0.182240 1.319206 -0.016444 0.023624 -0.020948 202.779999
160.621902 -0.172507 1.327823 -0.015777 0.024156 -0.006926 202.990005
160.830048 -0.156661 1.341385 -0.012389 0.023498 0.010008 203.199997
161.037109 -0.136295 1.358155 -0.006797 -0.002722 0.028799 203.410004
161.243042 -0.113044 1.374689 -0.000423 -0.004914 0.048158 203.630005
161.445724 -0.089715 1.386856 0.002857 0.012519 0.066252 203.860001
161.647736 -0.068038 1.392991 0.003685 -0.052335 0.081511 204.100006
161.848068 -0.048368 1.393602 0.001402 -0.114614 0.095891 204.410004
162.047821 -0.070292 1.362515 0.050865 0.126438 0.093537 205.270004
162.238724 -0.128562 1.333316 0.037386 0.106667 0.067516 205.580002
162.435852 -0.187092 1.306721 0.016826 0.058284 0.041464 205.809998
162.634171 -0.243941 1.284095 -0.011056 0.032637 0.018337 206.020004
162.837387 -0.293142 1.271268 -0.033909 0.027485 -0.001285 206.229996
163.042206 -0.325834 1.271330 -0.038462 0.011008 -0.014998 206.440002
163.242676 -0.340608 1.283738 -0.032223 0.006044 -0.022737 206.649994
163.445572 -0.340522 1.306008 -0.025483 0.016309 -0.023915 206.869995
163.645905 -0.328683 1.329783 -0.020958 0.029325 -0.017489 207.089996
163.848801 -0.308111 1.349623 -0.013971 0.019480 -0.003880 207.309998
164.051224 -0.282209 1.362804 -0.007160 0.019359 0.012695 207.529999
164.252274 -0.254132 1.368686 -0.002700 0.023561 0.028422 207.750000
164.453049 -0.226180 1.368367 0.005822 0.015424 0.041199 207.970001
164.651596 -0.201905 1.363621 0.012872 0.024209 0.050200 208.190002
164.850861 -0.184019 1.356228 0.013900 0.019194 0.054917 208.410004
165.058807 -0.172432 1.347305 0.011076 0.021049 0.056188 208.639999
165.266937 -0.166398 1.338458 0.007166 0.026095 0.054579 208.869995
165.467194 -0.163718 1.330762 0.003520 0.017541 0.051361 209.089996
165.674988 -0.162358 1.323466 0.000774 0.019653 0.047959 209.320007
165.881866 -0.160937 1.316739 -0.002341 0.025677 0.045068 209.550003
166.090347 -0.157917 1.309775 -0.003876 0.032359 0.042774 209.779999
166.294418 -0.152761 1.302407 -0.003899 0.035237 0.040287 210.000000
166.503357 -0.145573 1.295015 0.000146 0.023667 0.036056 210.220001
166.703903 -0.138808 1.290562 0.007490 0.025873 0.029657 210.429993
166.905502 -0.135084 1.290360 0.010496 0.018786 0.020639 210.639999
167.114594 -0.135861 1.294728 0.009723 0.010933 0.009258 210.860001
167.318924 -0.141043 1.303503 0.007513 0.022010 -0.002708 211.080002
167.522156 -0.149453 1.315229 0.003991 0.017374 -0.014409 211.300003
167.723907 -0.159364 1.326239 -0.000572 0.025055 -0.024365 211.520004
167.926682 -0.168870 1.334174 -0.003196 0.023469 -0.031652 211.740005
168.129654 -0.176819 1.338124 -0.003777 0.014048 -0.035370 211.960007
168.329758 -0.182950 1.338137 -0.002866 0.025758 -0.034579 212.179993
168.531067 -0.187723 1.335169 -0.004895 0.030999 -0.029132 212.399994
168.736481 -0.190351 1.330685 -0.008563 0.033976 -0.020337 212.619995
168.937363 -0.189467 1.325977 -0.009080 0.032484 -0.010224 212.830002
169.142349 -0.184991 1.321509 -0.007675 0.031880 -0.000921 213.039993
169.350433 -0.177615 1.317509 -0.002347 0.024150 0.005617 213.250000
169.558777 -0.169709 1.313414 0.007030 0.021736 0.008448 213.460007
169.766235 -0.164903 1.308779 0.011980 0.019340 0.007225 213.669998
169.971176 -0.165148 1.303411 0.011929 0.008041 0.002460 213.880005
170.179688 -0.170678 1.296983 0.009509 0.016480 -0.004759 214.100006
170.382889 -0.180272 1.290151 0.005240 -0.027105 -0.013793 214.320007
170.583511 -0.193049 1.283137 -0.000715 -0.102453 -0.024452 214.570007
170.783295 -0.210191 1.275649 -0.004515 0.101129 -0.035703 215.289993
170.986862 -0.214114 1.279087 -0.006840 0.107070 -0.028771 215.729996
171.191635 -0.213202 1.283557 -0.004124 0.078123 -0.022220 215.990005
171.395264 -0.211225 1.287784 -0.001838 0.045940 -0.016216 216.210007
171.600754 -0.208945 1.291920 -0.000348 0.036152 -0.010620 216.419998
171.801422 -0.206866 1.295573 0.000399 0.027680 -0.005583 216.619995
172.003586 -0.205086 1.298883 0.000710 0.023841 -0.000792 216.820007
172.205566 -0.203661 1.301903 0.000719 0.018133 0.003813 217.020004
172.414612 -0.202472 1.304998 -0.000165 0.007534 0.008351 217.229996
172.617264 -0.201245 1.308574 -0.001038 0.015174 0.012403 217.440002
172.825882 -0.199483 1.313517 -0.001328 0.024158 0.015981 217.660004
173.034790 -0.197034 1.319924 -0.001162 0.029578 0.018818 217.880005
173.236908 -0.194075 1.327252 -0.000800 0.030830 0.020912 218.089996
173.441895 -0.190642 1.335072 -0.000846 0.025747 0.022854 218.300003
173.647736 -0.186762 1.342401 -0.001180 0.023783 0.024657 218.509995
173.853485 -0.182343 1.348613 -0.001120 0.015156 0.026196 218.720001
174.055679 -0.177509 1.353300 -0.000970 0.009437 0.026397 218.929993
174.261826 -0.172115 1.356900 -0.000896 0.017735 0.023509 219.149994
174.465118 -0.166608 1.359179 0.003800 0.016637 0.017212 219.369995
174.666214 -0.162992 1.360217 0.008923 0.026347 0.008418 219.589996
174.868668 -0.163426 1.360181 0.009802 0.017981 -0.002105 219.809998
175.069839 -0.168282 1.359085 0.007904 0.017952 -0.013074 220.029999
175.278564 -0.177087 1.357093 0.005125 0.024941 -0.024115 220.259995
175.486206 -0.188482 1.355393 0.009858 -0.000369 -0.034851 220.490005
175.693298 -0.205566 1.356408 0.022091 0.020274 -0.046829 220.729996
175.898315 -0.233827 1.361812 0.022318 0.019087 -0.061852 220.970001
176.102692 -0.273417 1.371003 0.017525 0.025836 -0.079777 221.210007
176.300247 -0.319415 1.382932 0.012153 0.035494 -0.099978 221.440002
176.495438 -0.368631 1.396640 0.007823 0.040173 -0.119752 221.660004
176.688828 -0.418513 1.410197 -0.007545 0.028373 -0.135914 221.869995
176.885117 -0.463099 1.419548 -0.055948 0.011272 -0.146839 222.080002
177.089767 -0.484197 1.420874 -0.086905 0.008171 -0.151157 222.300003
177.293320 -0.467059 1.412146 -0.083034 0.003827 -0.147184 222.520004
177.494217 -0.414203 1.394276 -0.065679 0.009592 -0.136240 222.740005
177.683136 -0.339494 1.371311 -0.035697 -0.001737 -0.118336 222.949997
177.864716 -0.253239 1.345365 -0.007976 0.000001 -0.095950 223.160004
178.046600 -0.164422 1.320606 0.025689 0.020724 -0.069010 223.380005
178.236389 -0.089211 1.302191 0.040005 0.037210 -0.039321 223.610001
178.432693 -0.038594 1.292567 0.037451 0.028892 -0.011253 223.839996
178.633896 -0.009748 1.290945 0.026576 0.034974 0.014988 224.070007
178.838974 0.004138 1.294931 0.015085 -0.024194 0.036253 224.300003
179.041306 0.009130 1.301815 0.004250 -0.096372 0.055836 224.559998
179.241562 0.002627 1.312604 0.005772 0.066630 0.076230 225.229996
179.441620 -0.006325 1.304399 0.010021 0.111080 0.058011 225.740005
179.647583 -0.013954 1.294314 0.004748 0.084010 0.044402 226.009995
179.849701 -0.020300 1.284522 -0.001932 0.046610 0.034574 226.229996
180.054321 -0.024616 1.276425 -0.005460 0.035099 0.026723 226.440002
180.263870 -0.026105 1.270596 -0.005883 0.030459 0.020385 226.649994
180.466019 -0.024925 1.267280 -0.004769 0.029501 0.015742 226.850006
180.669785 -0.021797 1.266053 -0.003106 0.013811 0.012458 227.050003
180.878403 -0.017457 1.266692 0.001981 -0.012283 0.009704 227.259995
181.082336 -0.014116 1.269269 0.007729 0.007720 0.005899 227.479996
181.287506 -0.014464 1.274099 0.009178 0.012350 -0.000551 227.710007
181.488434 -0.019340 1.280406 0.007702 0.017662 -0.008787 227.940002
181.696823 -0.028356 1.288169 0.005091 0.029488 -0.018120 228.179993
181.898178 -0.039356 1.295604 0.001995 0.006886 -0.026984 228.410004
182.103470 -0.051490 1.300825 -0.000247 0.030511 -0.035100 228.649994
182.304245 -0.062950 1.302567 -0.001240 0.040268 -0.041529 228.880005
182.505051 -0.073562 1.301277 -0.001577 0.042249 -0.046296 229.100006
182.704895 -0.083342 1.297714 -0.001272 0.030082 -0.049620 229.309998
182.907700 -0.092844 1.292275 0.001571 0.019445 -0.052365 229.520004
183.109299 -0.102975 1.285321 0.004087 0.023865 -0.055410 229.729996
183.310150 -0.114761 1.277523 0.004468 0.010187 -0.059044 229.940002
183.515518 -0.128811 1.268726 0.004113 0.014021 -0.061511 230.160004
183.717056 -0.144452 1.259734 0.002945 0.022002 -0.060785 230.380005
183.917450 -0.160746 1.252122 -0.008218 0.014695 -0.055996 230.600006
184.124390 -0.173286 1.247962 -0.018509 0.026241 -0.045787 230.830002
184.333420 -0.176676 1.248498 -0.020297 0.031400 -0.030292 231.059998
184.538177 -0.170691 1.253231 -0.017021 0.035998 -0.012322 231.279999
184.739227 -0.158083 1.260659 -0.012444 0.028843 0.006460 231.490005
184.942719 -0.140508 1.269257 -0.013209 0.021882 0.026501 231.699997
185.145752 -0.117982 1.277591 -0.013754 0.023892 0.048120 231.910004
185.348801 -0.090340 1.284913 -0.011984 0.027184 0.071084 232.119995
185.552704 -0.058271 1.290929 -0.008702 0.026111 0.094269 232.330002
185.757370 -0.023074 1.295481 -0.004696 0.023217 0.116365 232.539993
185.961548 0.012980 1.299028 0.011544 0.018690 0.135062 232.750000
186.164490 0.043593 1.302485 0.027873 0.020779 0.148066 232.960007
186.367355 0.062770 1.306394 0.029873 0.007697 0.153782 233.169998
186.575531 0.069313 1.310878 0.025099 0.007138 0.153282 233.389999
186.778412 0.064816 1.315258 0.014132 0.019381 0.147097 233.610001
186.980652 0.055494 1.317748 0.000037 0.030954 0.136654 233.830002
187.186478 0.048269 1.317270 -0.007816 0.035941 0.123770 234.050003
187.387970 0.046716 1.313782 -0.010001 0.035506 0.110585 234.259995
187.593948 0.050938 1.307612 -0.008981 0.027612 0.097569 234.470001
187.798325 0.059601 1.299572 -0.007412 -0.042918 0.085926 234.679993
188.003311 0.071260 1.289601 -0.004594 -0.109536 0.073556 234.929993
188.202652 0.084307 1.276761 0.011405 0.090949 0.046836 235.660004
188.404129 0.073328 1.288081 0.008638 0.112970 0.021896 236.130005
188.607651 0.061848 1.299429 0.004053 0.083607 0.005317 236.389999
188.813324 0.050743 1.308067 0.001826 0.050027 -0.008961 236.610001
189.022263 0.039651 1.313191 0.001151 0.035795 -0.022123 236.820007
189.225189 0.028854 1.314463 0.000884 0.010660 -0.033849 237.020004
189.433487 0.017509 1.311655 0.001074 0.009310 -0.044789 237.229996
189.635880 0.006082 1.305358 0.000882 0.016498 -0.054017 237.440002
189.843826 -0.005664 1.296513 -0.008000 0.009128 -0.060939 237.660004
190.046387 -0.013424 1.287006 -0.018252 0.019339 -0.063374 237.880005
190.247314 -0.013228 1.278199 -0.019515 0.013934 -0.059938 238.100006
190.454620 -0.003994 1.270473 -0.016211 0.019368 -0.050287 238.330002
190.661255 0.012425 1.264511 -0.011407 0.023774 -0.034297 238.559998
190.867188 0.032718 1.261297 0.008644 0.001732 -0.014228 238.789993
191.073685 0.047603 1.264365 0.033500 0.022029 0.005990 239.029999
191.280426 0.044047 1.275723 0.038543 0.035094 0.021102 239.270004
191.486038 0.021435 1.293833 0.032680 0.038632 0.028252 239.500000
191.690536 -0.014035 1.315478 0.020342 0.017895 0.027228 239.720001
191.893585 -0.057409 1.336918 0.018257 0.004580 0.019566 239.940002
192.089493 -0.107080 1.354085 0.022423 0.017290 0.005452 240.160004
192.283264 -0.164324 1.365173 0.022406 0.025452 -0.015186 240.380005
192.478653 -0.229006 1.370111 0.019156 0.030704 -0.041520 240.600006
192.668350 -0.296329 1.369777 0.012650 0.029084 -0.070579 240.809998
192.860504 -0.365278 1.365559 -0.023179 0.023081 -0.099874 241.020004
193.054230 -0.422288 1.358705 -0.059858 0.023574 -0.125380 241.229996
193.260803 -0.454514 1.349606 -0.069618 0.023395 -0.145113 241.449997
193.462128 -0.456101 1.339866 -0.060448 0.020938 -0.155802 241.660004
193.666107 -0.434044 1.329875 -0.040531 0.009445 -0.157869 241.869995
193.865875 -0.396857 1.320875 -0.017369 -0.011385 -0.152086 242.080002
194.062439 -0.351024 1.313537 -0.008750 0.007351 -0.139259 242.300003
194.261810 -0.301522 1.308662 -0.007571 0.028522 -0.118112 242.529999
194.464706 -0.252449 1.306631 -0.007181 0.036329 -0.090113 242.759995
194.665863 -0.206105 1.306742 -0.006055 0.036513 -0.058368 242.979996
194.864044 -0.162833 1.307944 0.007487 0.031911 -0.027079 243.190002
195.066177 -0.125343 1.309675 0.025569 0.031409 0.001078 243.399994
195.270615 -0.099977 1.311235 0.029245 -0.007240 0.022437 243.610001
195.477219 -0.087378 1.311906 0.018683 -0.088451 0.038383 243.839996
195.679611 -0.088333 1.314061 -0.005014 -0.146579 0.053901 244.190002
195.880951 -0.102130 1.313634 0.003019 0.136225 0.052625 245.029999
196.088257 -0.101637 1.317902 0.000681 0.101833 0.046150 245.309998
196.295593 -0.099181 1.321135 -0.001222 0.052265 0.040902 245.529999
196.497406 -0.095689 1.323640 -0.001827 0.034040 0.036366 245.729996
196.703003 -0.091206 1.325642 -0.001447 0.017003 0.032207 245.929993
196.905838 -0.086165 1.326761 -0.000733 0.004658 0.028121 246.130005
197.111404 -0.080739 1.326991 -0.000254 0.012993 0.023350 246.339996
197.311493 -0.075393 1.326287 0.001181 0.005108 0.017904 246.550003
197.514069 -0.070602 1.323514 0.003758 0.016121 0.011917 246.770004
197.722916 -0.067551 1.318089 0.004666 0.029514 0.005792 247.000000
197.925644 -0.066842 1.310429 0.003961 0.033260 0.000386 247.220001
198.133362 -0.067965 1.300713 0.002553 0.033965 -0.004302 247.440002
198.334457 -0.070113 1.290835 -0.000009 0.000778 -0.007844 247.649994
198.536774 -0.072176 1.282542 -0.003898 0.004784 -0.009548 247.869995
198.740189 -0.072388 1.278262 -0.005558 0.018530 -0.008405 248.100006
198.941345 -0.069907 1.278998 -0.005259 0.019686 -0.004483 248.330002
199.142365 -0.064956 1.284342 -0.004076 0.030713 0.001147 248.559998
199.346359 -0.058274 1.293011 0.001637 0.010687 0.007453 248.789993
199.546844 -0.053257 1.304122 0.017466 0.021169 0.011915 249.020004
199.747070 -0.056776 1.317332 0.023364 0.025596 0.012046 249.250000
199.949173 -0.071434 1.331589 0.020206 0.019803 0.006840 249.479996
200.151428 -0.095422 1.346312 0.015391 0.031316 -0.003708 249.710007
200.357025 -0.125865 1.360845 0.009338 0.017283 -0.020160 249.940002
200.561646 -0.159957 1.373292 0.009858 0.023898 -0.041534 250.169998
200.758286 -0.196001 1.381692 0.011241 0.033452 -0.066366 250.389999
200.959686 -0.236301 1.386390 0.009982 0.031938 -0.093392 250.610001
201.155579 -0.278236 1.388379 0.004654 0.027245 -0.118399 250.820007
201.353394 -0.321492 1.389618 -0.000363 0.030271 -0.141178 251.029999
201.553299 -0.364213 1.391109 -0.003177 0.014436 -0.160654 251.240005
201.750427 -0.404688 1.393212 -0.003523 0.013605 -0.175114 251.449997
201.953186 -0.444557 1.396543 -0.003366 0.019692 -0.183326 251.669998
202.154968 -0.482145 1.399782 -0.011208 0.025846 -0.183960 251.889999
202.359085 -0.515012 1.401038 -0.017550 0.031305 -0.177240 252.110001
202.558624 -0.539974 1.399344 -0.017815 0.032292 -0.165012 252.320007
202.762817 -0.558665 1.394753 -0.014228 0.028262 -0.149078 252.529999
202.968826 -0.572267 1.387725 -0.007771 -0.009869 -0.131013 252.740005
203.176025 -0.582007 1.378808 0.000870 -0.089591 -0.110998 252.970001
203.378220 -0.587925 1.368187 0.007246 -0.139771 -0.085348 253.309998
203.572189 -0.528819 1.349608 -0.047316 0.107586 -0.044429 254.190002
203.763626 -0.449171 1.344119 -0.036465 0.093498 -0.023861 254.490005
203.956390 -0.371777 1.338969 -0.016327 0.061661 -0.005535 254.720001
204.151779 -0.297979 1.335517 0.017644 0.040428 0.009858 254.929993
204.345551 -0.237153 1.335235 0.035569 0.033238 0.022475 255.130005
204.542496 -0.192197 1.337965 0.038290 0.010980 0.032197 255.330002
204.745621 -0.162657 1.343799 0.031526 0.015399 0.041103 255.539993
204.945694 -0.147582 1.352437 0.021031 0.023231 0.047661 255.750000
205.154556 -0.141675 1.363470 0.011739 0.010115 0.050932 255.970001
205.359055 -0.141382 1.373956 0.006972 0.019336 0.051018 256.190002
205.562119 -0.143925 1.382503 0.003866 0.029944 0.047685 256.410004
205.768433 -0.147518 1.388483 0.001862 0.034081 0.041681 256.630005
205.970078 -0.151005 1.392026 0.000522 0.031685 0.034440 256.839996
206.173584 -0.154150 1.393543 0.000706 0.002194 0.026235 257.049988
206.378769 -0.157685 1.393014 0.004433 0.008498 0.016125 257.269989
206.586792 -0.163269 1.390735 0.006630 0.018666 0.003428 257.500000
206.792252 -0.171527 1.387569 0.001214 0.015115 -0.009779 257.730011
206.994888 -0.180009 1.384002 -0.005943 0.025167 -0.020087 257.959991
207.199722 -0.185475 1.380372 -0.009003 0.036504 -0.025522 258.190002
207.402496 -0.186719 1.377024 -0.008991 0.039958 -0.026246 258.410004
207.603455 -0.184455 1.373945 -0.006961 0.028405 -0.023495 258.619995
207.806778 -0.179714 1.371709 -0.003111 0.018808 -0.018651 258.829987
208.008652 -0.174004 1.371314 -0.000123 0.024535 -0.012918 259.040009
208.210938 -0.168595 1.373073 0.001247 0.026927 -0.007203 259.250000
208.414764 -0.164027 1.376879 0.001581 0.028408 -0.002437 259.459991
208.620285 -0.160374 1.382225 0.001863 0.019363 0.000772 259.670013
208.824509 -0.157732 1.388528 0.003187 0.019295 0.002483 259.880005
209.027054 -0.156512 1.395438 0.003730 0.023818 0.002922 260.089996
209.230072 -0.156873 1.402796 0.003390 0.030166 0.002359 260.299988
209.435562 -0.158602 1.410283 0.002511 0.027976 0.001042 260.510010
209.642303 -0.161287 1.417265 0.001156 0.007480 -0.000694 260.720001
209.842987 -0.164247 1.422067 -0.002002 0.002775 -0.002031 260.929993
210.044922 -0.166334 1.422967 -0.004226 0.020913 -0.002219 261.149994
210.245544 -0.166465 1.419275 -0.004684 0.029106 -0.000803 261.369995
210.449310 -0.164489 1.411480 -0.004053 0.034702 0.001793 261.589996
210.656830 -0.160763 1.400708 -0.002399 -0.009871 0.005264 261.809998
210.863403 -0.155782 1.388119 0.000097 -0.090441 0.009376 262.049988
211.064697 -0.149939 1.372557 0.001662 -0.121091 0.014982 262.429993
210.872253 -0.159476 1.445221 0.004669 -0.102082 -0.016368 263.920013
210.666534 -0.163027 1.457600 0.004058 -0.054047 -0.031428 264.130005
210.458542 -0.167093 1.460537 0.000370 -0.010898 -0.048730 264.329987
210.254639 -0.170969 1.457040 -0.000249 -0.010435 -0.068967 264.529999
210.046417 -0.174398 1.448709 -0.001236 -0.015938 -0.093085 264.739990
209.841690 -0.176550 1.437781 -0.001217 -0.022102 -0.119869 264.950012
209.638016 -0.177007 1.426019 -0.000749 -0.022413 -0.148915 265.160004
209.436264 -0.175717 1.414653 -0.002950 -0.001727 -0.179406 265.369995
209.233521 -0.173177 1.403700 0.004173 -0.011109 -0.212328 265.589996
209.026550 -0.171386 1.393708 0.010160 -0.026019 -0.247578 265.820007
208.826080 -0.171335 1.385601 0.012863 -0.034173 -0.281771 266.040009
208.619476 -0.172580 1.378457 0.011153 -0.029709 -0.316087 266.260010
208.418335 -0.174306 1.372874 0.008565 -0.024169 -0.348759 266.470001
208.216003 -0.175882 1.369276 0.008937 -0.025063 -0.381299 266.679993
208.012131 -0.176958 1.367839 0.010696 -0.028103 -0.413634 266.890015
207.805878 -0.177339 1.368253 0.010331 -0.025826 -0.445669 267.100006
207.597900 -0.176959 1.370087 0.007596 -0.018550 -0.477337 267.309998
207.391846 -0.175862 1.372749 0.003069 -0.007958 -0.508399 267.519989
207.191528 -0.174348 1.375826 0.008570 -0.013840 -0.539038 267.730011
206.984848 -0.172895 1.379226 0.010222 -0.015758 -0.570615 267.950012
206.779938 -0.171582 1.382212 0.012488 -0.017783 -0.601764 268.170013
206.575211 -0.170447 1.384415 0.016958 -0.022403 -0.632685 268.390015
206.369186 -0.169497 1.385632 0.008516 -0.011585 -0.662950 268.609985
206.165909 -0.168501 1.385858 0.015342 -0.017415 -0.693158 268.829987
205.962875 -0.167779 1.385358 0.011946 -0.013672 -0.722990 269.049988
205.762390 -0.167113 1.383956 0.001204 0.000877 -0.752367 269.269989
205.561996 -0.167491 1.380608 0.017901 -0.005254 -0.782993 269.500000
205.355515 -0.172406 1.374898 0.031737 -0.015037 -0.814971 269.739990
205.151474 -0.182318 1.367432 0.037117 -0.020803 -0.845859 269.970001
204.947205 -0.195553 1.358669 0.035690 -0.021515 -0.875765 270.190002
204.744980 -0.210355 1.349480 0.023332 -0.006588 -0.904475 270.399994
204.542801 -0.229069 1.341666 0.027218 0.017680 -0.933764 270.609985
204.345123 -0.259455 1.337135 0.033814 0.027903 -0.963600 270.820007
204.144043 -0.307955 1.336245 0.020009 0.028483 -0.995037 271.040009
203.951736 -0.370401 1.338891 0.028576 0.019777 -1.026842 271.260010
203.763687 -0.443395 1.344112 0.013356 -0.004555 -1.058599 271.480011
203.569717 -0.516204 1.350547 0.004691 -0.048832 -1.091147 271.709991
203.372604 -0.565507 1.357035 0.009607 -0.068572 -1.123604 271.940002
203.166840 -0.583891 1.362660 0.017186 -0.065212 -1.156222 272.170013
202.960602 -0.575896 1.366954 0.024076 -0.050867 -1.187520 272.390015
202.755859 -0.552108 1.370089 0.025232 -0.033341 -1.217484 272.600006
202.546158 -0.519859 1.372407 0.025343 -0.018823 -1.247746 272.809998
202.344299 -0.486566 1.373968 0.021384 -0.008088 -1.276836 273.010010
202.142776 -0.454094 1.375170 0.022670 -0.003505 -1.306254 273.209991
201.942047 -0.424011 1.376121 0.017401 -0.000898 -1.335803 273.410004
201.743866 -0.396355 1.376122 0.015364 -0.004535 -1.365461 273.609985
201.538849 -0.368128 1.374556 0.020065 -0.010017 -1.396755 273.820007
201.335983 -0.338805 1.371365 0.004790 -0.007436 -1.427782 274.029999
201.130203 -0.306582 1.366296 0.012601 -0.008217 -1.460161 274.250000
200.928665 -0.272854 1.359820 0.023737 -0.009224 -1.492457 274.470001
200.726578 -0.237506 1.352442 0.026900 -0.008265 -1.524644 274.690002
200.521988 -0.200710 1.344656 0.030785 -0.006891 -1.556848 274.910004
200.324188 -0.164670 1.337117 0.015778 -0.003409 -1.587346 275.119995
200.119797 -0.127163 1.329117 0.010883 0.002604 -1.619122 275.339996
199.919937 -0.093027 1.320936 0.020341 0.019588 -1.650819 275.559998
199.720154 -0.068498 1.312455 0.025239 0.027319 -1.682481 275.779999
199.518631 -0.056086 1.303922 0.014455 0.023645 -1.714043 276.000000
199.318436 -0.054112 1.294870 0.022644 0.020709 -1.745396 276.220001
199.117340 -0.059713 1.285682 0.009726 0.010155 -1.776578 276.440002
198.911209 -0.069192 1.278480 0.013953 0.003286 -1.808561 276.670013
198.708389 -0.078248 1.276113 0.031294 0.003683 -1.840389 276.899994
198.501038 -0.084483 1.279134 0.036754 0.004221 -1.872326 277.130005
198.295715 -0.086967 1.286280 0.038132 0.006681 -1.902982 277.350006
198.094147 -0.086550 1.295784 0.015788 0.001560 -1.932590 277.559998
197.885239 -0.084490 1.305764 0.015055 0.008554 -1.963409 277.779999
197.679108 -0.083360 1.314018 0.016628 0.012900 -1.994344 278.000000
197.474594 -0.084427 1.319707 0.011488 0.010765 -2.025284 278.220001
197.272903 -0.087591 1.322738 0.019782 0.015590 -2.056148 278.440002
197.071060 -0.092578 1.323591 0.012915 0.009793 -2.087135 278.660004
196.862137 -0.098689 1.322722 0.017177 0.012424 -2.119294 278.890015
196.653763 -0.105278 1.320737 0.017839 0.012458 -2.151451 279.119995
196.445740 -0.111852 1.318202 0.015026 0.010584 -2.183421 279.350006
196.240128 -0.118105 1.315722 0.008251 0.008924 -2.215260 279.579987
196.037994 -0.125470 1.313452 0.013764 0.024071 -2.246739 279.809998
195.834274 -0.137250 1.311820 0.009753 0.022191 -2.278269 280.040009
195.629807 -0.153748 1.310845 0.009893 0.021881 -2.309569 280.269989
195.424713 -0.174170 1.310307 0.017507 0.029113 -2.340709 280.500000
195.223557 -0.196764 1.310105 0.020697 0.030456 -2.370615 280.720001
195.016052 -0.221169 1.310159 0.020890 0.029355 -2.400802 280.940002
194.813248 -0.245108 1.310320 0.011224 0.014309 -2.430003 281.149994
194.611908 -0.268409 1.310421 0.007974 0.011627 -2.458984 281.359985
194.404938 -0.292242 1.311244 0.008011 0.018339 -2.489344 281.579987
194.199585 -0.316985 1.313642 0.008825 0.023999 -2.519860 281.799988
193.994476 -0.343346 1.317636 0.003649 0.013384 -2.550445 282.019989
193.792831 -0.370598 1.322873 0.006066 0.020190 -2.580845 282.239990
193.592346 -0.398951 1.329299 0.004553 0.013810 -2.611275 282.459991
193.386688 -0.427507 1.336227 0.024720 -0.004451 -2.642730 282.690002
193.187134 -0.442379 1.343171 0.059643 -0.004401 -2.674211 282.920013
192.979233 -0.428671 1.349878 0.056246 -0.012320 -2.708093 283.160004
192.783203 -0.387530 1.355501 0.049527 -0.000640 -2.739429 283.390015
192.588287 -0.325588 1.360721 0.037588 0.012403 -2.770700 283.619995
192.399704 -0.255735 1.364318 0.007473 0.027236 -2.800710 283.839996
192.207489 -0.189961 1.365001 -0.013622 0.044274 -2.830855 284.059998
192.007767 -0.139019 1.362192 -0.019787 0.049358 -2.861003 284.279999
191.808746 -0.106481 1.356406 -0.017318 0.044958 -2.889798 284.489990
191.603210 -0.087141 1.348257 -0.013664 0.025861 -2.918574 284.700012
191.397858 -0.076778 1.338541 -0.007999 0.014391 -2.947489 284.910004
191.196701 -0.071442 1.327828 -0.000187 0.021168 -2.976741 285.119995
190.996780 -0.067958 1.316635 0.005116 0.024417 -3.006160 285.329987
190.796005 -0.063991 1.305403 0.007547 0.027650 -3.035798 285.540009
190.593460 -0.058350 1.294503 0.007220 0.023910 -3.065548 285.750000
190.390305 -0.050742 1.285105 0.006284 0.025620 -3.094598 285.959991
190.185989 -0.041362 1.278240 0.005042 0.031242 -3.122275 286.170013
189.978607 -0.030560 1.273935 0.003423 0.029233 3.135443 286.380005
189.769012 -0.018766 1.271914 0.001777 0.025158 3.113201 286.589996
189.559692 -0.006523 1.271752 0.000389 0.008999 3.094729 286.799988
189.355957 0.005520 1.272582 -0.000194 0.008595 3.080252 287.010010
189.148697 0.017705 1.274074 -0.000603 0.021447 3.069240 287.230011
188.942200 0.029704 1.275870 -0.001104 0.031224 3.062138 287.450012
188.741821 0.041160 1.277772 -0.001381 0.031500 3.058564 287.660004
188.539124 0.052481 1.279530 -0.002611 0.005786 3.057843 287.869995
188.333328 0.062568 1.281852 -0.010126 0.006205 3.060887 288.089996
188.125366 0.067957 1.285967 -0.014915 0.023036 3.069174 288.320007
187.916595 0.066508 1.292250 -0.014922 0.032034 3.082904 288.549988
187.711960 0.059095 1.300125 -0.011702 0.033634 3.100393 288.769989
187.503220 0.047303 1.308798 -0.007059 0.016017 3.120969 288.989990
187.296478 0.032975 1.315877 -0.003888 0.020336 -3.140849 289.209991
187.090912 0.017512 1.320305 -0.002090 0.028513 -3.120151 289.429993
186.882889 0.001565 1.321712 -0.000988 0.032756 -3.101262 289.649994
186.680374 -0.013892 1.320630 -0.000127 0.028670 -3.085642 289.859985
186.476532 -0.029264 1.317671 0.000452 0.010237 -3.072757 290.070007
186.267868 -0.044766 1.313054 0.000655 0.017157 -3.062309 290.290009
186.061890 -0.059812 1.307626 0.000847 0.027249 -3.054871 290.510010
185.854065 -0.074776 1.301899 0.000979 0.032406 -3.050017 290.730011
185.652374 -0.089150 1.296413 0.000625 0.019097 -3.047343 290.940002
185.451675 -0.103401 1.290529 -0.000099 0.018162 -3.046232 291.149994
185.243576 -0.118412 1.283648 -0.000393 0.021536 -3.046416 291.369995
185.037292 -0.133674 1.276026 -0.000465 0.009300 -3.047626 291.589996
184.836044 -0.148878 1.267648 -0.000264 0.022266 -3.049555 291.809998
184.635391 -0.164282 1.258972 0.002641 0.024446 -3.052143 292.029999
184.433334 -0.178264 1.252043 0.014812 0.027289 -3.056647 292.250000
184.228470 -0.185991 1.248690 0.021031 0.027142 -3.064628 292.470001
184.021790 -0.184820 1.249021 0.018415 0.011836 -3.076422 292.690002
183.818359 -0.175597 1.252681 0.014682 0.023233 -3.090757 292.910004
183.615768 -0.160662 1.260513 -0.005066 -0.078108 -3.107467 293.130005
183.435287 -0.154780 1.349145 0.008102 0.158343 3.117099 294.339996
183.232224 -0.142788 1.306699 0.003345 0.116990 3.102900 294.640015
183.028381 -0.130141 1.258737 0.000691 0.077375 3.093810 294.859985
182.832199 -0.118088 1.210363 -0.000543 0.033880 3.087312 295.049988
182.632416 -0.106096 1.159332 -0.002300 0.007835 3.083111 295.239990
182.438187 -0.095446 1.110904 -0.009874 0.006339 3.082200 295.429993
182.240173 -0.088313 1.067425 -0.016313 0.013184 3.085618 295.630005
182.036407 -0.087561 1.032476 -0.017326 0.018585 3.094494 295.839996
181.834457 -0.093822 1.008698 -0.014720 0.023081 3.108777 296.049988
181.632202 -0.105747 0.994465 -0.011217 0.028276 3.127989 296.260010
181.428085 -0.121841 0.988021 -0.009932 0.027778 -3.132767 296.470001
181.222214 -0.141464 0.987241 -0.008055 0.024414 -3.109172 296.679993
181.017059 -0.163780 0.989901 -0.004845 0.006978 -3.086017 296.890015
180.817780 -0.187326 0.994259 -0.002451 0.017068 -3.064795 297.100006
180.611877 -0.212500 0.999296 -0.000879 0.027544 -3.045385 297.320007
180.404144 -0.238015 1.003810 0.000173 0.030817 -3.029386 297.540009
180.202637 -0.262571 1.007181 0.000794 0.026813 -3.017492 297.750000
180.000656 -0.286868 1.009435 0.002087 0.003668 -3.009398 297.959991
179.796860 -0.309961 1.010479 0.013290 0.004310 -3.006132 298.179993
179.591080 -0.326779 1.010682 0.022918 0.021000 -3.009429 298.410004
179.386032 -0.332939 1.010436 0.021246 0.012034 -3.020331 298.640015
179.183075 -0.329093 1.010006 0.016835 0.027157 -3.037453 298.869995
178.977295 -0.318358 1.009719 0.010690 0.020707 -3.060762 299.100006
178.770645 -0.303697 1.009531 0.004966 0.022390 -3.087396 299.329987
178.563370 -0.287805 1.009342 0.001605 0.027867 -3.114863 299.559998
178.363068 -0.272939 1.009153 -0.000453 0.016850 -3.139320 299.779999
178.156372 -0.258535 1.008968 -0.003619 0.012153 3.122843 300.010010
177.953491 -0.246564 1.008868 -0.006342 0.027496 3.107286 300.239990
177.747726 -0.237864 1.008918 -0.006704 0.037470 3.097217 300.470001
177.543732 -0.232336 1.009104 -0.005782 0.037778 3.092195 300.690002
177.342255 -0.229003 1.009252 -0.004213 0.035230 3.090848 300.899994
177.135590 -0.226858 1.009441 -0.002603 0.031457 3.092152 301.109985
176.935577 -0.225335 1.009563 -0.001317 0.029126 3.095201 301.309998
176.733734 -0.223886 1.009569 -0.000438 0.024603 3.099053 301.510010
176.531906 -0.222265 1.009442 0.000766 0.021629 3.102553 301.709991
176.331161 -0.220077 1.009302 0.002651 0.021340 3.105445 301.910004
176.121567 -0.216507 1.009222 0.003475 0.016785 3.107773 302.119995
175.915680 -0.211459 1.009187 0.003165 0.004608 3.109396 302.329987
175.707642 -0.204923 1.009019 0.002329 0.016875 3.110520 302.549988
175.502731 -0.197412 1.008859 0.001502 0.026515 3.111420 302.769989
175.296265 -0.189216 1.008702 0.000595 0.028460 3.113818 302.989990
175.087509 -0.181050 1.009981 -0.005340 0.025091 3.118619 303.209991
174.887207 -0.175601 1.014377 -0.009974 0.026268 3.125551 303.420013
174.686050 -0.174345 1.022191 -0.010332 0.012840 3.134586 303.630005
174.479111 -0.177665 1.033482 -0.008239 0.015927 -3.138214 303.850006
174.275482 -0.184680 1.047696 -0.005576 0.018569 -3.127742 304.070007
174.074417 -0.194010 1.063719 -0.002620 0.013617 -3.117773 304.290009
173.867523 -0.204775 1.081726 -0.000615 0.027448 -3.108549 304.519989
173.668106 -0.215259 1.099489 0.000506 0.017919 -3.101122 304.739990
173.460617 -0.225818 1.117890 0.000957 0.022426 -3.094976 304.970001
173.252914 -0.235872 1.136137 0.001040 0.021782 -3.090532 305.200012
173.046326 -0.245301 1.153025 0.003196 0.005985 -3.088472 305.429993
172.845856 -0.252776 1.168356 0.007489 0.024686 -3.089909 305.660004
172.644455 -0.256813 1.182264 0.008460 0.022620 -3.095611 305.890015
172.441910 -0.257014 1.194684 0.006816 0.022509 -3.104408 306.119995
172.238174 -0.254207 1.206289 0.004757 0.034832 -3.114807 306.350006
172.037216 -0.249817 1.217102 0.002932 0.038354 -3.125295 306.570007
171.828827 -0.244574 1.227880 0.001274 0.037531 -3.135468 306.790009
171.624741 -0.239355 1.238174 -0.000037 0.016668 3.138895 307.000000
171.422424 -0.234362 1.248212 -0.000526 0.018609 3.131511 307.209991
171.222397 -0.229740 1.258177 -0.000675 0.012612 3.125919 307.420013
171.017288 -0.225380 1.267840 -0.001265 0.010658 3.121930 307.640015
170.817307 -0.221705 1.276185 -0.001552 0.023162 3.119627 307.859985
170.616852 -0.218691 1.283289 -0.001589 0.033485 3.118753 308.079987
170.411545 -0.216212 1.289433 -0.001386 0.035490 3.119029 308.299988
170.209930 -0.214213 1.294687 -0.001051 0.036246 3.120090 308.510010
170.003006 -0.212429 1.299415 -0.000670 0.032179 3.121683 308.720001
169.802719 -0.210826 1.303471 -0.000331 0.027070 3.123484 308.920013
169.601364 -0.209239 1.307341 -0.000086 0.024070 3.125247 309.119995
169.400162 -0.207610 1.311070 0.000133 0.020439 3.126648 309.320007
169.190445 -0.205776 1.315063 0.000819 0.018873 3.127637 309.529999
168.983002 -0.203584 1.319399 0.001308 0.020662 3.128179 309.739990
168.778061 -0.200861 1.324099 0.001292 0.003972 3.128318 309.950012
168.570953 -0.197533 1.329089 0.001034 0.012887 3.128181 310.170013
168.368439 -0.193817 1.334301 0.000683 0.021842 3.127809 310.390015
168.166748 -0.189877 1.338951 -0.000364 0.017591 3.127450 310.609985
167.966751 -0.186173 1.341894 -0.001221 0.026587 3.127415 310.829987
167.765778 -0.183036 1.342947 -0.001411 0.017134 3.127861 311.049988
167.557022 -0.180476 1.341996 -0.001194 0.023514 3.128676 311.279999
167.356522 -0.178571 1.339484 -0.000858 0.034855 3.129657 311.500000
167.150742 -0.176975 1.335794 -0.000541 0.035665 3.130738 311.720001
166.948853 -0.175599 1.331656 -0.000281 0.031083 3.131777 311.929993
166.744827 -0.174295 1.327436 -0.000084 0.010575 3.133070 312.140015
166.536072 -0.172978 1.322358 -0.000137 0.006698 3.135565 312.359985
166.334152 -0.171847 1.312069 -0.001873 0.015094 3.139058 312.579987
166.126663 -0.171593 1.291862 -0.002969 0.021344 -3.139893 312.809998
165.920486 -0.172783 1.262349 -0.002796 0.015143 -3.135466 313.040009
165.717209 -0.175320 1.224199 -0.002032 0.025218 -3.131288 313.269989
165.513336 -0.178849 1.179961 -0.001190 0.015731 -3.127240 313.500000
165.311127 -0.182900 1.131975 -0.000010 0.023778 -3.121758 313.730011
165.108063 -0.187191 1.083885 -0.004080 0.032090 -3.113511 313.959991
164.908890 -0.193515 1.044804 -0.010861 0.035910 -3.102858 314.179993
164.703140 -0.205098 1.015985 -0.012794 0.037462 -3.090083 314.399994
164.500610 -0.221946 0.998507 -0.011224 0.034253 -3.078412 314.609985
164.293701 -0.243632 0.989465 -0.005425 0.031971 -3.069793 314.820007
164.093567 -0.265628 0.986843 0.019820 0.027115 -3.066000 315.019989
163.891876 -0.279957 0.988221 0.040766 0.018829 -3.067830 315.220001
163.691162 -0.278987 0.991853 0.046080 0.014249 -3.075348 315.420013
163.483078 -0.259722 0.996568 0.041574 0.018213 -3.088850 315.630005
163.276794 -0.224461 1.001180 0.029548 0.011890 -3.108309 315.839996
163.075195 -0.178681 1.005120 0.015877 0.004638 -3.132415 316.049988
162.880783 -0.128193 1.007963 0.013720 0.013657 3.123164 316.260010
162.681808 -0.070368 1.009825 0.037740 0.011095 3.090719 316.480011
162.488525 0.001782 1.010756 0.052777 0.010283 3.055269 316.700012
162.302353 0.094336 1.010999 0.051781 0.014313 3.017871 316.920013
162.130188 0.200929 1.010818 0.042098 0.018802 2.981018 317.130005
161.961441 0.321060 1.010345 0.029697 0.022631 2.943654 317.339996
161.802170 0.443217 1.009895 0.018480 0.023666 2.907999 317.540009
161.643127 0.568800 1.009515 0.010295 0.024255 2.872674 317.739990
161.483688 0.694857 1.009179 0.004149 0.019839 2.837939 317.940002
161.326523 0.819197 1.009062 0.029365 -0.021409 2.804299 318.140015
161.176514 0.959531 1.009244 0.083897 -0.067667 2.766642 318.359985
161.069504 1.132078 1.009486 0.106546 -0.075467 2.727312 318.600006
161.028397 1.331329 1.009054 0.095736 -0.055250 2.691031 318.839996
161.036896 1.534074 1.008194 0.063617 -0.032730 2.658554 319.059998
161.070190 1.735949 1.007335 0.031900 -0.014347 2.627723 319.269989
161.114136 1.937520 1.006899 0.023599 0.005568 2.597486 319.480011
161.159409 2.138973 1.006834 0.021961 0.018081 2.567659 319.690002
161.201340 2.342259 1.006983 0.019271 0.021920 2.538053 319.899994
161.238342 2.547446 1.007303 0.010372 0.017013 2.508513 320.109985
161.270370 2.750302 1.007464 0.002340 0.010121 2.479357 320.320007
161.299423 2.956694 1.007678 0.013854 0.014844 2.448821 320.540009
161.325790 3.161258 1.007836 0.013830 0.009933 2.418194 320.760010
161.351761 3.363613 1.007773 0.018428 0.004985 2.387854 320.980011
161.380463 3.563854 1.007635 0.030799 0.010352 2.357640 321.200012
161.414185 3.766779 1.007632 0.033436 0.012993 2.327046 321.420013
161.451370 3.964876 1.007785 0.031815 0.015314 2.297419 321.630005
161.492325 4.166042 1.007886 0.014563 0.002257 2.267325 321.839996
161.535828 4.363344 1.007841 0.019712 0.000940 2.237617 322.049988
161.585785 4.565665 1.007825 0.027424 0.005665 2.206360 322.269989
161.641693 4.767100 1.007773 0.028622 0.009368 2.174862 322.489990
161.700272 4.960268 1.007688 0.027894 0.013861 2.144608 322.700012
161.762634 5.155108 1.007544 0.023341 0.015215 2.114100 322.910004
161.826675 5.350642 1.007450 0.006299 0.018019 2.083519 323.119995
161.885910 5.545089 1.007528 -0.012130 0.035693 2.052869 323.329987
161.931290 5.740764 1.007702 -0.022201 0.036849 2.022556 323.540009
161.960571 5.945770 1.007760 -0.023515 0.027423 1.991527 323.760010
161.973450 6.147999 1.007631 -0.013582 0.028715 1.960525 323.980011
161.975098 6.349420 1.007403 0.000986 0.023305 1.929957 324.200012
161.973175 6.551193 1.007433 0.016180 0.027253 1.899323 324.420013
161.974045 6.755888 1.007669 0.016688 0.012096 1.868451 324.640015
161.980423 6.958807 1.007875 0.017314 0.015978 1.838152 324.859985
161.992172 7.160512 1.008237 0.016960 0.025188 1.807976 325.079987
162.008194 7.364961 1.008622 0.013710 0.027057 1.777633 325.299988
162.026993 7.572183 1.008801 0.008366 0.023304 1.747265 325.519989
162.046783 7.780421 1.008933 0.005685 0.028402 1.716888 325.739990
162.065430 7.980617 1.009143 0.001414 0.012552 1.687851 325.950012
162.083984 8.186383 1.009147 -0.000822 0.005463 1.657727 326.170013
162.102509 8.402231 1.008817 -0.000575 0.011239 1.625257 326.410004
162.118744 8.603914 1.008553 0.001152 0.026328 1.594286 326.640015
162.134338 8.806460 1.008465 0.001522 0.018175 1.564878 326.869995
162.150635 9.017479 1.008519 0.002082 0.030513 1.539921 327.109985
162.166656 9.224351 1.008898 -0.006884 0.040815 1.524311 327.339996
162.178604 9.430731 1.009316 -0.022828 0.035918 1.518552 327.559998
162.180862 9.633798 1.009629 -0.026858 0.020602 1.521940 327.769989
162.172394 9.836293 1.009574 -0.022591 0.008806 1.532685 327.980011
162.154007 10.043235 1.009315 -0.016754 0.021208 1.550201 328.200012
162.128952 10.249313 1.009092 -0.011435 0.028140 1.573034 328.420013
162.101212 10.448199 1.008941 -0.006648 0.028338 1.597358 328.630005
162.071686 10.649108 1.008836 -0.002325 0.018337 1.622185 328.839996
162.042160 10.848274 1.008683 0.000716 0.014557 1.647061 329.049988
162.011719 11.052151 1.008676 -0.030003 -0.012937 1.673210 329.269989
161.961914 11.251805 1.009108 -0.114108 -0.069851 1.705643 329.510010
161.838348 11.413722 1.009354 -0.122615 -0.086133 1.744511 329.790009
161.651733 11.487936 1.007850 -0.094730 -0.060126 1.778617 330.059998
161.447815 11.504032 1.006384 -0.070015 -0.024981 1.809057 330.299988
161.240326 11.497464 1.005916 -0.050218 0.001156 1.838403 330.519989
161.032089 11.485601 1.006087 -0.017195 0.009037 1.867768 330.730011
160.824707 11.475671 1.006586 -0.012394 0.018444 1.897429 330.940002
160.610275 11.471611 1.007150 -0.013499 0.021616 1.928761 331.160004
160.397141 11.474795 1.007703 -0.018769 0.021633 1.960420 331.380005
160.192856 11.483219 1.008113 -0.020952 0.018603 1.990980 331.589996
159.988342 11.494720 1.008325 -0.006579 0.006572 2.021668 331.799988
159.780182 11.507839 1.008126 -0.002143 0.009239 2.053522 332.019989
159.579086 11.524047 1.007764 -0.005571 0.027524 2.085392 332.239990
159.380096 11.548786 1.007485 -0.002895 0.028683 2.117250 332.459991
159.174194 11.584507 1.007301 -0.002838 0.025135 2.150276 332.690002
158.971222 11.627996 1.007220 -0.005388 0.016780 2.182996 332.920013
158.771027 11.674340 1.007149 -0.020808 0.010729 2.215149 333.149994
158.570145 11.716534 1.007071 -0.028259 0.007575 2.247173 333.380005
158.366989 11.750775 1.006998 -0.025018 0.004469 2.278914 333.609985
158.162704 11.776971 1.007050 -0.030486 0.017806 2.310098 333.839996
157.962021 11.797077 1.007219 -0.027779 0.022277 2.340133 334.059998
157.755005 11.814628 1.007541 -0.026078 0.027834 2.370345 334.279999
157.551422 11.830697 1.007852 -0.013442 0.015975 2.399694 334.489990
157.348633 11.846752 1.007992 0.003795 0.013169 2.428701 334.700012
157.142609 11.868320 1.008101 0.014245 0.030315 2.459060 334.920013
156.940460 11.902188 1.008281 0.014774 0.039695 2.489336 335.140015
156.738312 11.950572 1.008549 0.009782 0.041287 2.519663 335.359985
156.543228 12.008146 1.008881 0.005334 0.031716 2.548781 335.570007
156.348373 12.072101 1.009015 0.003488 0.013082 2.577858 335.779999
156.158325 12.137522 1.009038 -0.001278 0.017820 2.607081 335.989990
155.961823 12.206288 1.008887 -0.005378 0.024964 2.637788 336.209991
155.764236 12.274924 1.008754 -0.007023 0.028180 2.668669 336.429993
155.572845 12.340075 1.008889 -0.006865 0.031060 2.698406 336.640015
155.377853 12.405023 1.009062 -0.005526 0.026771 2.728418 336.850006
155.181503 12.468151 1.009129 -0.026603 0.008406 2.758603 337.059998
154.986771 12.519105 1.009078 -0.057327 0.003862 2.789116 337.269989
154.782761 12.546857 1.008944 -0.061252 -0.004786 2.822100 337.489990
154.581726 12.546161 1.008465 -0.051530 -0.001377 2.854321 337.709991
154.375610 12.521144 1.007850 -0.039270 0.014855 2.887142 337.940002
154.177261 12.482046 1.007612 -0.028035 0.029619 2.918593 338.160004
153.973373 12.435226 1.007670 -0.016085 0.031487 2.950397 338.380005
153.765076 12.386229 1.007880 -0.002822 0.015471 2.981549 338.600006
153.568634 12.341468 1.008008 0.008300 0.007683 3.007672 338.809998
153.369583 12.301747 1.007996 0.028662 0.017730 3.030375 339.029999
153.164902 12.276961 1.008192 0.036733 0.034043 3.048594 339.260010
152.956192 12.273028 1.008539 0.030380 0.035621 3.061862 339.489990
152.751953 12.283179 1.008604 -0.018395 0.020986 3.072316 339.709991
152.547882 12.285503 1.008598 -0.062549 0.010438 3.083934 339.929993
152.348251 12.260674 1.008486 -0.067313 -0.005703 3.098169 340.149994
152.150482 12.202938 1.008081 -0.060839 0.001815 3.113764 340.380005
151.961395 12.117876 1.007663 -0.044070 0.008778 3.132203 340.609985
151.785797 12.019882 1.007291 -0.025061 0.010274 -3.130403 340.829987
151.613998 11.914794 1.007300 -0.017144 0.025979 -3.107502 341.049988
151.440247 11.806913 1.007600 -0.007541 0.017979 -3.081795 341.269989
151.266724 11.699854 1.007762 -0.010932 0.016232 -3.054196 341.489990
151.094727 11.592459 1.007958 -0.017709 0.024657 -3.024750 341.709991
150.921204 11.481200 1.008194 -0.020836 0.030250 -2.993603 341.929993
150.752487 11.369696 1.008535 -0.017880 0.026444 -2.962407 342.140015
150.584518 11.255622 1.008345 0.007633 -0.034246 -2.930944 342.350006
150.420074 11.140681 1.007961 0.040480 -0.110768 -2.899630 342.589996
150.240067 11.233255 1.037360 0.113579 0.035539 -2.852642 343.410004
150.156204 11.420752 1.060881 0.091649 0.027126 -2.877724 343.679993
150.065842 11.606519 1.083670 0.046272 0.011885 -2.907365 343.899994
149.977676 11.785674 1.106526 0.031104 0.008134 -2.938836 344.100006
149.888016 11.967873 1.130612 0.025300 0.006025 -2.973901 344.299988
149.798691 12.150677 1.155138 0.013586 0.005869 -3.010376 344.500000
149.704727 12.336345 1.180299 -0.046672 0.045323 -3.048721 344.709991
149.586792 12.504818 1.205977 -0.096713 0.083915 -3.089251 344.940002
149.423355 12.622102 1.229849 -0.098611 0.072527 -3.122936 345.190002
149.226456 12.674314 1.249766 -0.071567 0.064557 3.133479 345.440002
149.021942 12.681937 1.265583 -0.039961 0.033578 3.116521 345.670013
148.819092 12.670051 1.277654 -0.012725 0.018534 3.104378 345.890015
148.616653 12.652891 1.286008 0.004678 0.029962 3.095523 346.109985
148.412384 12.638937 1.290429 0.012132 0.014905 3.090128 346.329987
148.210510 12.631463 1.291520 0.013357 0.023753 3.089872 346.549988
148.008621 12.630892 1.290179 0.009457 0.021727 3.095134 346.769989
147.807449 12.634871 1.286539 -0.000774 0.015833 3.105123 346.989990
147.599579 12.638813 1.280432 -0.008645 0.028305 3.119205 347.220001
147.397873 12.638811 1.272931 -0.011566 0.036235 3.133767 347.440002
147.189835 12.633740 1.264247 -0.010569 0.037362 -3.136944 347.660004
146.985870 12.624641 1.255265 -0.005277 0.017370 -3.128704 347.869995
146.783539 12.613783 1.246435 0.003176 0.015496 -3.124289 348.079987
146.574921 12.604192 1.238030 0.008487 0.023630 -3.123058 348.299988
146.366043 12.598670 1.230790 0.009702 0.029123 -3.124553 348.519989
146.164017 12.597564 1.225031 0.008243 0.030304 -3.127840 348.730011
145.960175 12.599794 1.220245 0.006375 0.001922 -3.132613 348.940002
145.754913 12.605250 1.218122 0.011485 0.002302 -3.139519 349.160004
145.549713 12.616299 1.220934 0.014628 0.020529 3.133025 349.390015
145.346680 12.634047 1.229061 0.012671 0.016883 3.119460 349.619995
145.145508 12.657425 1.241376 0.005027 0.018051 3.106963 349.850006
144.945663 12.681333 1.254687 -0.022909 0.022655 3.098132 350.079987
144.744263 12.693539 1.266273 -0.039379 0.033767 3.095236 350.309998
144.536118 12.686730 1.274769 -0.039356 0.035671 3.099733 350.540009
144.329849 12.662998 1.279715 -0.031153 0.036023 3.110946 350.760010
144.127060 12.628690 1.281911 -0.016561 0.032241 3.126706 350.970001
143.930359 12.591264 1.282201 0.000286 0.028959 -3.139495 351.170013
143.731812 12.555438 1.281200 0.010649 0.020057 -3.122573 351.369995
143.525482 12.523684 1.279255 0.014382 0.005842 -3.106057 351.579987
143.325607 12.499238 1.276699 0.012886 0.014616 -3.091062 351.790009
143.121521 12.480392 1.273752 0.009115 -0.023539 -3.078331 352.010010
142.917938 12.466209 1.270290 0.004121 -0.095086 -3.067179 352.260010
142.717926 12.458220 1.266035 0.001211 0.000483 -3.055963 352.829987
142.512573 12.456880 1.268268 0.005394 0.113402 -3.069597 353.470001
142.307938 12.453406 1.272375 0.002013 0.090342 -3.080024 353.739990
142.103485 12.448951 1.275755 -0.000235 0.062019 -3.088091 353.959991
141.901169 12.443640 1.278364 -0.001779 0.043724 -3.094258 354.160004
141.691422 12.437128 1.280457 -0.002079 0.028202 -3.099320 354.359985
141.481323 12.429707 1.281817 -0.001690 0.001964 -3.103408 354.559998
141.279831 12.421947 1.282678 -0.000731 -0.006581 -3.106908 354.760010
141.061737 12.413239 1.284473 0.000689 0.007620 -3.110190 354.989990
140.860336 12.405519 1.288513 0.001250 0.023721 -3.112572 355.209991
140.658417 12.398437 1.295461 0.001090 0.032842 -3.114369 355.429993
140.451721 12.391804 1.305067 0.000646 0.033323 -3.115785 355.649994
140.250931 12.385743 1.315644 0.000632 0.014942 -3.116869 355.859985
140.043182 12.379808 1.326802 0.000785 0.021718 -3.117706 356.079987
139.836182 12.374294 1.337360 0.000712 0.028356 -3.118283 356.299988
139.636322 12.369314 1.346648 0.000482 0.032023 -3.118614 356.510010
139.432968 12.364476 1.355125 0.000228 0.028946 -3.118803 356.720001
139.227051 12.359682 1.362906 -0.000116 0.030441 -3.119870 356.929993
139.018661 12.354834 1.370194 0.002197 0.025793 -3.123349 357.140015
138.809540 12.351580 1.379467 0.018791 0.019837 -3.130315 357.350006
138.601959 12.356210 1.393540 0.031236 0.018758 -3.141539 357.559998
138.396484 12.373614 1.413272 0.031712 0.015303 3.127070 357.769989
138.195312 12.402666 1.435412 0.004165 0.004105 3.112008 357.980011
137.992172 12.433214 1.455788 -0.030357 0.017005 3.099420 358.200012
137.791824 12.449568 1.470551 -0.041241 0.012301 3.092532 358.420013
137.585663 12.446444 1.478802 -0.038232 0.015028 3.091578 358.649994
137.381668 12.425035 1.480379 -0.028714 0.022030 3.097688 358.880005
137.178650 12.391162 1.477142 -0.012982 0.005750 3.111162 359.109985
136.981308 12.352416 1.471443 -0.003197 0.026846 3.130273 359.339996
136.782104 12.314030 1.465409 0.001617 0.023204 -3.128501 359.570007
136.580841 12.278202 1.459978 0.003256 0.027003 -3.101405 359.799988
136.376785 12.245289 1.455600 0.002935 0.026975 -3.074244 360.029999
136.172165 12.215947 1.452006 0.029966 -0.006201 -3.049851 360.260010
135.969681 12.204430 1.447979 0.076717 -0.001342 -3.030338 360.500000
135.767151 12.235535 1.442586 0.078161 -0.002106 -3.020462 360.750000
135.578766 12.306884 1.436082 0.065095 0.009690 -3.020103 360.989990
135.399506 12.404018 1.428906 0.044442 0.021864 -3.028700 361.220001
135.224167 12.510033 1.419675 -0.012973 0.041372 -3.041799 361.440002
135.039520 12.603477 1.406280 -0.060378 0.053912 -3.055659 361.660004
134.843658 12.663991 1.388563 -0.071580 0.034215 -3.064995 361.880005
134.643799 12.688170 1.366750 -0.061163 0.031469 -3.071749 362.100006
134.441742 12.682413 1.341975 -0.041078 0.019206 -3.073813 362.320007
134.237335 12.656371 1.316385 -0.017506 -0.062318 -3.070001 362.549988
134.041397 12.617155 1.290140 0.004132 -0.108162 -3.063890 362.839996
133.843124 12.574544 1.291040 0.008624 0.114259 -3.057690 363.700012
133.644516 12.566933 1.332918 0.003436 0.104473 -3.064882 364.049988
133.445923 12.559285 1.369958 0.000547 0.081427 -3.070324 364.290009
133.243896 12.550566 1.404575 -0.002444 0.054043 -3.073219 364.500000
133.039001 12.540143 1.436229 -0.007439 0.036171 -3.073587 364.700012
132.840286 12.527285 1.463018 -0.009599 0.023905 -3.071583 364.890015
132.632767 12.510348 1.486469 -0.008582 -0.000218 -3.067202 365.089996
132.434097 12.490904 1.505066 -0.006384 0.003674 -3.061589 365.290009
132.233688 12.468699 1.520311 -0.004259 0.017988 -3.054981 365.500000
132.026428 12.444015 1.532672 0.000221 0.025057 -3.049082 365.720001
131.818420 12.420139 1.539474 0.015211 0.027439 -3.046392 365.940002
131.617554 12.403466 1.539074 0.023537 0.026845 -3.048430 366.149994
131.415390 12.396029 1.532279 0.021973 0.010584 -3.055695 366.359985
131.207596 12.397791 1.519299 0.016942 0.014081 -3.068148 366.579987
131.003906 12.406927 1.502318 0.017038 0.012443 -3.085821 366.799988
130.803894 12.423321 1.483907 0.023046 0.020812 -3.108115 367.019989
130.604401 12.448971 1.466157 0.021904 0.018303 -3.134681 367.239990
130.406403 12.483251 1.450050 0.016558 0.016403 3.121295 367.459991
130.210541 12.523695 1.435795 0.012211 0.026404 3.097600 367.679993
130.013901 12.567631 1.423341 -0.006002 0.018612 3.079629 367.899994
129.817673 12.607030 1.411810 -0.028153 0.025156 3.069414 368.119995
129.619415 12.632850 1.400600 -0.034429 0.018206 3.068126 368.339996
129.412277 12.642582 1.388794 -0.029719 0.019371 3.074752 368.570007
129.205215 12.637650 1.376523 -0.021067 0.029141 3.088151 368.799988
129.003342 12.623899 1.364242 -0.012677 0.035665 3.106738 369.019989
128.795746 12.605494 1.351528 -0.005326 0.014295 3.130377 369.239990
128.594849 12.585702 1.339333 0.001675 -0.067019 -3.126531 369.459991
128.394073 12.563783 1.325986 0.007348 -0.112223 -3.091956 369.750000
128.193649 12.546504 1.311095 0.002869 0.121382 -3.034639 370.649994
127.990913 12.531049 1.309738 0.001436 0.108365 -3.029517 371.000000
127.789558 12.514234 1.307486 0.000475 0.064458 -3.029498 371.239990
127.582375 12.496325 1.304559 0.002443 0.033202 -3.032750 371.459991
127.378761 12.479611 1.303318 0.008951 0.029086 -3.039619 371.670013
127.172554 12.466123 1.304983 0.011857 0.019085 -3.050625 371.880005
126.968018 12.457439 1.309526 0.010851 0.008936 -3.064714 372.089996
126.759331 12.453305 1.317187 0.008444 0.017135 -3.080878 372.309998
126.553040 12.452836 1.327570 0.006015 0.026804 -3.096934 372.529999
126.344864 12.454648 1.339980 0.003576 0.031641 -3.110589 372.750000
126.142601 12.457432 1.352491 0.000559 0.028132 -3.119864 372.959991
125.938240 12.459950 1.362772 -0.004743 0.026632 -3.125401 373.170013
125.732872 12.460284 1.368378 -0.007702 0.026371 -3.127707 373.380005
125.526512 12.457330 1.368483 -0.007856 0.027259 -3.127427 373.589996
125.318932 12.451135 1.363440 -0.006327 0.025244 -3.125177 373.799988
125.111198 12.442451 1.354299 -0.003938 0.011356 -3.121674 374.010010
124.908119 12.432417 1.342418 -0.001939 0.008886 -3.118823 374.220001
124.702293 12.421689 1.329041 0.005600 0.009760 -3.118339 374.440002
124.501831 12.414099 1.317942 0.016123 0.020797 -3.121804 374.660004
124.293007 12.414130 1.310775 0.018694 0.017966 -3.130749 374.890015
124.085732 12.423356 1.308307 0.015469 0.019517 3.139289 375.119995
123.879501 12.439948 1.310117 0.010673 0.025902 3.123361 375.350006
123.672256 12.461178 1.314443 0.003075 0.017285 3.106513 375.579987
123.466255 12.483161 1.318455 -0.004963 0.028168 3.091999 375.809998
123.266594 12.501617 1.320358 -0.008216 0.023573 3.082271 376.029999
123.066017 12.516120 1.319662 -0.007834 0.017189 3.077826 376.250000
122.857796 12.527328 1.316081 -0.005398 0.026921 3.079790 376.480011
122.657555 12.535378 1.311372 -0.009128 0.018978 3.088154 376.700012
122.448563 12.539253 1.307945 -0.015453 0.026323 3.102667 376.929993
122.246742 12.536133 1.307878 -0.015515 0.018770 3.121151 377.149994
122.045654 12.526254 1.310965 -0.012210 0.019074 3.140409 377.369995
121.845985 12.511231 1.316838 -0.006881 0.017107 -3.125992 377.589996
121.639198 12.493133 1.322523 0.003792 0.020700 -3.112737 377.820007
121.432556 12.477368 1.324365 0.010347 0.032421 -3.104524 378.049988
121.230118 12.467155 1.321337 0.011763 0.038255 -3.100494 378.269989
121.030220 12.462151 1.314083 0.009857 0.036925 -3.098297 378.480011
120.825287 12.460808 1.303642 0.004925 0.017731 -3.096531 378.690002
120.621971 12.461165 1.292193 -0.001722 0.015712 -3.094736 378.899994
120.421677 12.460567 1.281666 -0.005363 0.017740 -3.093077 379.109985
120.215240 12.457288 1.272708 -0.006092 0.009875 -3.091533 379.329987
120.014183 12.451149 1.266066 -0.004969 0.022326 -3.090418 379.549988
119.814270 12.442567 1.261675 -0.003195 -0.002693 -3.089465 379.769989
119.612747 12.432293 1.258565 -0.001456 -0.080640 -3.088666 380.010010
119.411377 12.420903 1.255426 0.000313 -0.110536 -3.088400 380.380005
119.210693 12.419483 1.280497 0.005443 0.115635 -3.102472 381.269989
119.005821 12.421481 1.307272 0.002269 0.098735 -3.113107 381.570007
118.799767 12.422680 1.331222 0.000349 0.072654 -3.120311 381.799988
118.599289 12.423148 1.352408 -0.003796 0.042955 -3.123761 382.000000
118.391281 12.421498 1.369124 -0.017201 0.025034 -3.123312 382.200012
118.183311 12.413485 1.377549 -0.025771 0.017940 -3.118235 382.399994
117.978317 12.396282 1.376333 -0.026562 0.016511 -3.109258 382.600006
117.776970 12.369895 1.365950 -0.022043 0.014106 -3.098443 382.799988
117.579849 12.336285 1.348563 -0.013590 0.012970 -3.087676 383.000000
117.377472 12.297124 1.328636 0.001053 0.014967 -3.077327 383.209991
117.178284 12.259674 1.312405 0.010387 0.022681 -3.068373 383.420013
116.978851 12.227556 1.302818 0.013142 0.028326 -3.061026 383.630005
116.776894 12.201540 1.300585 0.011776 0.029493 -3.055371 383.839996
116.572472 12.180737 1.304851 0.007722 0.014336 -3.051280 384.049988
116.371544 12.162572 1.312552 -0.023721 -0.000119 -3.047101 384.260010
116.172112 12.133363 1.320837 -0.062938 0.002131 -3.040823 384.480011
115.976891 12.074865 1.327365 -0.066766 -0.005174 -3.029870 384.709991
115.796974 11.986395 1.330239 -0.059097 0.007151 -3.016255 384.940002
115.627098 11.873203 1.329538 -0.041389 0.013487 -2.998167 385.170013
115.462997 11.744741 1.325955 -0.020634 0.011286 -2.975887 385.399994
115.302933 11.611146 1.320238 -0.012919 0.025996 -2.950545 385.630005
115.147949 11.482418 1.315094 0.004079 0.023857 -2.923336 385.850006
114.988876 11.359318 1.314495 0.016952 0.035851 -2.893813 386.070007
114.820686 11.245995 1.320114 0.020675 0.026916 -2.863044 386.290009
114.645767 11.143884 1.331625 0.017191 0.025097 -2.831248 386.510010
114.466080 11.050943 1.348452 0.010609 0.027136 -2.799011 386.730011
114.283974 10.964151 1.367814 0.010233 -0.001190 -2.768325 386.950012
114.099785 10.882493 1.385096 0.017418 0.017603 -2.740787 387.179993
113.906487 10.806679 1.396678 0.017124 0.020418 -2.721047 387.420013
113.709442 10.738680 1.401011 0.012952 0.024912 -2.711576 387.660004
113.516510 10.677781 1.398901 0.009068 0.032189 -2.712568 387.890015
113.318680 10.618198 1.392422 0.011429 0.011569 -2.722938 388.119995
113.122612 10.567000 1.385345 0.061759 -0.005395 -2.741831 388.350006
112.919212 10.547633 1.381746 0.092909 -0.016947 -2.770530 388.589996
112.718239 10.578597 1.382874 0.080659 -0.020975 -2.805679 388.829987
112.523605 10.653548 1.389155 0.060244 0.000339 -2.843535 389.070007
112.345909 10.745322 1.399007 0.006777 0.032476 -2.880980 389.290009
112.162056 10.832341 1.412302 -0.034975 0.053840 -2.920921 389.510010
111.967041 10.894693 1.428084 -0.049028 0.057031 -2.960523 389.730011
111.769730 10.926444 1.444186 -0.045190 0.050231 -2.996218 389.940002
111.565674 10.935055 1.459350 -0.035114 -0.007794 -3.026936 390.149994
111.361183 10.927887 1.472522 -0.021950 -0.092347 -3.055867 390.380005
111.160812 10.906166 1.483227 0.000189 -0.117121 -3.092428 390.730011
111.077927 11.089627 1.458230 0.128250 0.041375 -3.136412 391.649994
111.037376 11.289308 1.435715 0.083121 0.036656 3.129209 391.899994
110.988869 11.487321 1.413670 0.041066 0.025026 3.111613 392.109985
110.935341 11.683978 1.391821 0.010062 0.023061 3.093064 392.309998
110.874367 11.875042 1.371324 -0.041991 0.052449 3.071651 392.510010
110.785416 12.058714 1.352413 -0.067609 0.084529 3.044394 392.730011
110.655006 12.211555 1.337062 -0.068082 0.066933 3.016981 392.959991
110.484856 12.331329 1.325535 -0.046137 0.062522 2.985237 393.200012
110.304192 12.417345 1.318457 -0.025024 0.046274 2.955303 393.420013
110.109177 12.490431 1.314704 -0.025794 0.031047 2.927461 393.640015
109.916397 12.548712 1.314185 -0.028799 0.029545 2.905988 393.850006
109.718040 12.595403 1.315828 -0.025236 0.029377 2.891751 394.059998
109.514877 12.632575 1.318908 -0.018490 0.026435 2.885763 394.269989
109.308884 12.662864 1.322159 -0.019621 0.021631 2.888148 394.480011
109.101814 12.685851 1.323815 -0.025782 0.020205 2.898672 394.690002
108.893906 12.699480 1.322841 -0.026237 0.021167 2.916716 394.899994
108.685112 12.703840 1.319069 -0.021764 0.021464 2.941305 395.109985
108.475937 12.700881 1.312768 -0.014907 0.018521 2.971230 395.320007
108.269028 12.693201 1.306181 -0.005850 0.004933 3.004524 395.529999
108.068771 12.683734 1.303249 -0.000045 0.014908 3.038424 395.739990
107.862946 12.674832 1.306084 0.002342 0.018489 3.072557 395.959991
107.658928 12.668019 1.312267 0.002994 0.023980 3.103417 396.179993
107.454239 12.663315 1.318117 0.002768 0.030910 3.129814 396.399994
107.245964 12.660275 1.321392 0.002157 0.032973 -3.132031 396.619995
107.043076 12.658323 1.321258 0.001587 0.032112 -3.116435 396.829987
106.837196 12.656816 1.318364 0.000829 0.014908 -3.105292 397.040009
106.634300 12.655489 1.315731 -0.000012 0.012603 -3.098175 397.250000
106.426208 12.653923 1.316323 -0.000053 0.021119 -3.094438 397.470001
106.218842 12.651966 1.321517 -0.000004 0.027682 -3.092838 397.690002
106.009460 12.649238 1.329639 -0.005007 0.029906 -3.091385 397.910004
105.806915 12.644060 1.337515 -0.008770 0.028716 -3.088893 398.119995
105.604027 12.635047 1.343712 -0.008382 -0.019216 -3.084513 398.329987
105.396942 12.621925 1.347831 -0.004424 -0.096777 -3.078295 398.570007
105.196297 12.604868 1.351675 0.000598 -0.078202 -3.070535 399.019989
104.995285 12.595753 1.332827 0.006022 0.133449 -3.078287 399.739990
104.793167 12.590800 1.321603 0.002012 0.093283 -3.079492 400.000000
104.583908 12.584805 1.311689 -0.004867 0.048319 -3.077041 400.220001
104.382225 12.576472 1.305154 -0.009284 0.033107 -3.072659 400.420013
104.177757 12.564211 1.301848 -0.009971 0.011605 -3.066753 400.619995
103.978004 12.548370 1.301441 -0.008385 0.005168 -3.060209 400.820007
103.775780 12.528866 1.304093 -0.005967 0.015886 -3.053259 401.029999
103.569550 12.506369 1.309198 -0.000188 -0.008251 -3.046325 401.250000
103.366600 12.484620 1.314277 0.013901 0.010607 -3.041793 401.480011
103.160194 12.469668 1.317174 0.020202 0.029923 -3.042213 401.720001
102.957314 12.464652 1.317004 0.018915 0.038006 -3.048762 401.950012
102.754868 12.467233 1.314055 0.014275 0.041031 -3.060767 402.170013
102.554153 12.474288 1.309425 0.007119 0.026227 -3.075966 402.380005
102.351494 12.483218 1.305224 -0.000448 0.023639 -3.092009 402.589996
102.148598 12.491159 1.302925 -0.004384 0.021296 -3.107115 402.799988
101.947289 12.496635 1.302669 -0.006054 0.004220 -3.119626 403.010010
101.744072 12.499211 1.304292 -0.008217 0.011085 -3.129109 403.230011
101.536835 12.497694 1.307844 -0.008650 0.025169 -3.134500 403.459991
101.329788 12.491904 1.312504 -0.006734 0.013990 -3.135331 403.690002
101.125404 12.482976 1.317632 -0.004369 0.027510 -3.133016 403.920013
100.919151 12.472187 1.323050 -0.002271 0.020423 -3.128518 404.149994
100.712471 12.460633 1.328154 -0.001080 0.025797 -3.124325 404.380005
100.503853 12.448903 1.332806 0.000220 0.032166 -3.122603 404.609985
100.299774 12.438267 1.336172 0.005309 0.031690 -3.123510 404.829987
100.091400 12.430259 1.337764 0.008334 0.030586 -3.126311 405.049988
99.890106 12.426264 1.337586 0.007938 0.013598 -3.130288 405.260010
99.682426 12.425726 1.335870 0.006019 0.019960 -3.134916 405.480011
99.476547 12.427928 1.332932 0.003856 0.010798 -3.139856 405.700012
99.275978 12.431993 1.328950 0.005971 0.002825 3.137643 405.920013
99.074730 12.438973 1.323327 0.008396 0.022470 3.129638 406.149994
98.873085 12.449864 1.316421 0.008493 0.037723 3.118933 406.380005
98.673302 12.464067 1.308884 0.006712 0.039569 3.107201 406.600006
98.466141 12.481207 1.300706 0.003689 0.021878 3.095269 406.820007
98.259613 12.499486 1.293286 -0.002442 0.003801 3.085080 407.040009
98.060226 12.515915 1.289765 -0.008017 0.019935 3.078476 407.260010
97.852806 12.528955 1.291583 -0.009982 0.026374 3.076803 407.489990
97.652306 12.536724 1.296062 -0.013275 0.025183 3.080684 407.709991
97.449318 12.538805 1.299720 -0.014568 0.035138 3.089788 407.929993
97.240723 12.535007 1.300445 -0.012439 0.032031 3.103505 408.149994
97.037369 12.526799 1.297635 -0.008800 0.030999 3.118969 408.359985
96.831261 12.515601 1.291777 -0.004286 0.003581 3.135422 408.570007
96.627220 12.502678 1.283623 0.001389 -0.079022 -3.130912 408.790009
96.425018 12.488227 1.271726 0.004885 -0.117667 -3.110565 409.089996
96.225197 12.473253 1.254097 -0.004624 0.134500 -3.073259 409.959991
96.022568 12.454275 1.251827 -0.004080 0.113818 -3.061167 410.279999
95.818321 12.433683 1.249470 -0.000346 0.061792 -3.053875 410.510010
95.612282 12.413531 1.248996 0.012696 0.036846 -3.050448 410.720001
95.409920 12.398674 1.252514 0.021757 0.027143 -3.051380 410.920013
95.206520 12.391701 1.260026 0.021412 0.004346 -3.057106 411.119995
94.999870 12.393278 1.271686 0.017403 0.002416 -3.067465 411.329987
94.791847 12.402625 1.287894 0.012601 0.011474 -3.083399 411.549988
94.590569 12.416762 1.304943 -0.001301 -0.006085 -3.103048 411.769989
94.383415 12.430320 1.318092 -0.019217 0.017654 -3.123808 412.010010
94.178673 12.433239 1.322198 -0.024000 0.036095 -3.139920 412.250000
93.975464 12.423973 1.317353 -0.021369 0.041833 3.134262 412.480011
93.772072 12.405832 1.306055 -0.014458 0.030705 3.132132 412.700012
93.564674 12.382264 1.292227 -0.003614 0.018939 3.135046 412.920013
93.358536 12.358123 1.279860 0.003442 0.023207 3.141429 413.140015
93.153259 12.336669 1.270969 0.006098 0.012704 -3.133361 413.359985
92.951538 12.318975 1.266129 0.005502 0.020567 -3.124729 413.579987
92.751656 12.304630 1.265302 0.005090 0.014943 -3.117346 413.799988
92.545074 12.292762 1.267966 0.005160 0.024505 -3.111100 414.029999
92.337410 12.283730 1.273260 0.004129 0.019955 -3.106568 414.260010
92.130249 12.276889 1.279920 0.002593 0.018721 -3.103560 414.489990
91.924065 12.271355 1.287171 0.001304 0.028829 -3.101868 414.720001
91.715652 12.266163 1.294636 -0.001945 0.020886 -3.100890 414.950012
91.507088 12.259816 1.302691 -0.005263 0.029735 -3.099229 415.179993
91.304947 12.251135 1.311140 -0.005725 0.019640 -3.096091 415.399994
91.103249 12.239841 1.319930 -0.004693 0.020146 -3.091963 415.619995
90.902351 12.226483 1.329167 -0.003163 0.025059 -3.087364 415.839996
90.701248 12.211783 1.338513 -0.001593 0.014004 -3.083381 416.059998
90.494919 12.196248 1.347048 0.005653 0.016098 -3.081979 416.290009
90.290825 12.183916 1.351744 0.015136 0.029104 -3.085102 416.519989
90.082710 12.178701 1.351340 0.017625 0.036501 -3.093578 416.750000
89.876747 12.181235 1.346262 0.015038 0.036836 -3.105726 416.970001
89.674088 12.189366 1.338068 0.010316 0.031886 -3.119708 417.179993
89.467751 12.201143 1.329437 0.005373 0.027775 -3.134643 417.390015
89.259712 12.214584 1.322994 0.001712 0.024280 3.133783 417.600006
89.051331 12.228234 1.320087 -0.000197 0.026066 3.120754 417.809998
88.842316 12.241392 1.321063 -0.000971 0.024642 3.111551 418.019989
88.633553 12.253783 1.325125 -0.002192 -0.003016 3.107387 418.230011
88.421204 12.265351 1.330737 -0.003903 -0.083027 3.108099 418.459991
88.220192 12.274878 1.340509 -0.004002 -0.175333 3.113542 418.779999
88.017830 12.266243 1.353190 -0.017554 0.133794 -3.136227 419.679993
87.819054 12.244506 1.362486 -0.012409 0.104244 -3.115779 419.950012
87.613266 12.220164 1.370437 -0.000650 0.046770 -3.098011 420.170013
87.414291 12.198016 1.379684 0.015567 0.028625 -3.084357 420.369995
87.212891 12.181972 1.391697 0.023026 0.020515 -3.074760 420.570007
87.013092 12.174765 1.405873 0.021340 0.002789 -3.070295 420.769989
86.810493 12.176156 1.422776 0.017009 0.010241 -3.070973 420.980011
86.603821 12.184883 1.442239 0.011138 0.009794 -3.078359 421.200012
86.402901 12.197411 1.462099 -0.013061 0.008227 -3.089679 421.420013
86.199417 12.202521 1.482244 -0.048019 0.021970 -3.101557 421.649994
85.997147 12.183905 1.500999 -0.057563 0.028364 -3.109773 421.880005
85.801506 12.140026 1.517318 -0.050847 0.030866 -3.112315 422.100006
85.611595 12.078065 1.531387 -0.035138 0.021819 -3.108759 422.309998
85.422455 12.004104 1.543867 -0.017110 0.007557 -3.100750 422.519989
85.230492 11.922449 1.555590 -0.001098 0.008336 -3.090063 422.739990
85.043907 11.844583 1.565679 0.022309 0.020503 -3.077925 422.959991
84.848045 11.777182 1.574559 0.031868 0.030505 -3.065175 423.190002
84.647179 11.727805 1.581751 0.028663 0.022488 -3.053810 423.420013
84.443542 11.694160 1.587689 0.019660 0.032173 -3.043284 423.649994
84.243393 11.671534 1.592795 0.012716 0.027738 -3.035561 423.869995
84.040565 11.656548 1.596147 0.045803 0.009319 -3.031721 424.089996
83.832062 11.663329 1.595965 0.075721 0.003678 -3.033652 424.320007
83.628151 11.706292 1.591371 0.079106 0.009278 -3.042017 424.549988
83.435692 11.781049 1.583107 0.061966 0.010053 -3.056870 424.769989
83.254593 11.874931 1.572852 0.035862 0.010343 -3.076320 424.980011
83.076424 11.978796 1.563577 0.003440 0.020744 -3.100011 425.190002
82.898064 12.079214 1.558030 -0.015623 0.030306 -3.127494 425.399994
82.717003 12.168086 1.556960 -0.024795 0.016788 3.125934 425.609985
82.527847 12.245868 1.560290 -0.020303 0.027044 3.092012 425.829987
82.335899 12.310912 1.567471 -0.014132 0.023775 3.056998 426.049988
82.141861 12.366485 1.574868 -0.019622 0.021937 3.023950 426.269989
81.946419 12.411677 1.578820 -0.021868 0.028293 2.996573 426.489990
81.748009 12.446559 1.577973 -0.017879 0.015845 2.977210 426.709991
81.541206 12.474045 1.571553 -0.011957 0.025043 2.964744 426.940002
81.341675 12.495390 1.560738 -0.003590 0.021120 2.960045 427.160004
81.142441 12.516504 1.545418 0.019402 0.017094 2.959676 427.380005
80.937569 12.548178 1.524509 0.034369 0.028471 2.960556 427.609985
80.741913 12.594453 1.500484 0.034374 0.031510 2.961587 427.829987
80.544899 12.656210 1.473362 0.027343 0.031189 2.964784 428.049988
80.355110 12.725738 1.446719 0.007121 0.027813 2.970656 428.260010
80.163300 12.796700 1.423270 -0.018445 0.029725 2.978852 428.470001
79.968178 12.858871 1.405049 -0.029082 -0.002042 2.989547 428.679993
79.767288 12.909381 1.391109 -0.026116 -0.081659 3.003349 428.910004
79.569283 12.945477 1.385051 -0.012772 -0.156502 3.020275 429.260010
79.367760 12.954218 1.378959 0.000539 0.113565 3.042584 430.070007
79.162804 12.970325 1.376518 0.001091 0.096576 3.048217 430.359985
78.956573 12.987957 1.372395 0.000877 0.051891 3.051935 430.589996
78.753944 13.005783 1.367471 -0.000400 0.022340 3.056345 430.799988
78.550743 13.023283 1.362734 -0.005838 0.015084 3.062310 431.010010
78.350517 13.038096 1.359620 -0.009011 0.019641 3.070137 431.220001
78.143242 13.049441 1.358639 -0.008694 0.008464 3.080163 431.440002
77.941315 13.056533 1.360076 -0.006753 0.018717 3.090714 431.660004
77.740753 13.060572 1.363506 -0.004445 0.030101 3.101300 431.880005
77.536995 13.062874 1.368468 -0.002105 0.032155 3.112781 432.100006
77.328888 13.064452 1.374440 -0.002678 0.028175 3.126195 432.320007
77.127701 13.064645 1.379452 -0.010441 0.023809 3.141119 432.529999
76.926010 13.060583 1.382672 -0.014714 0.024493 -3.124981 432.739990
76.724869 13.050589 1.383850 -0.013569 0.010277 -3.106762 432.950012
76.519455 13.034449 1.382909 -0.007631 0.007676 -3.089992 433.170013
76.312096 13.015603 1.380971 0.017950 0.010929 -3.077393 433.399994
76.109093 13.006019 1.379823 0.036292 0.026073 -3.071780 433.630005
75.903214 13.013700 1.380330 0.037809 0.029940 -3.074580 433.859985
75.701118 13.037376 1.382591 0.031378 0.034713 -3.084886 434.079987
75.502586 13.071527 1.386162 0.020854 0.023629 -3.101608 434.290009
75.302925 13.112628 1.391821 0.014233 0.019315 -3.123614 434.500000
75.104744 13.157668 1.400443 0.009866 0.019797 3.132969 434.709991
74.907516 13.204875 1.412242 0.007365 0.025382 3.102651 434.920013
74.709419 13.253345 1.426811 0.005398 0.028309 3.069647 435.130005
74.509377 13.302582 1.443456 0.003616 0.028132 3.035454 435.339996
74.307556 13.352096 1.461035 -0.008260 0.018463 3.003398 435.549988
74.107681 13.394756 1.475030 -0.067794 -0.007745 2.977231 435.760010
73.906700 13.407611 1.481580 -0.107723 -0.021232 2.959058 435.980011
73.707817 13.368627 1.477376 -0.107174 -0.020511 2.949972 436.209991
73.527374 13.283416 1.463532 -0.084064 -0.012189 2.951135 436.429993
73.361900 13.169984 1.443659 -0.052822 0.002271 2.960870 436.640015
73.199234 13.041426 1.421199 -0.002130 0.029646 2.978547 436.850006
73.032310 12.919552 1.400017 0.032079 0.048868 3.003509 437.059998
72.856247 12.819207 1.382146 0.045773 0.038402 3.032011 437.269989
72.665131 12.741332 1.367275 0.041348 0.034645 3.063026 437.489990
72.469536 12.688205 1.356378 0.039539 0.027780 3.092100 437.709991
72.271233 12.656680 1.348879 0.033923 0.036057 3.118418 437.929993
72.068153 12.642750 1.344178 0.023526 0.019720 3.139680 438.149994
71.865349 12.640491 1.341149 0.012647 0.020629 -3.126369 438.369995
71.663322 12.644162 1.339039 0.004164 0.007180 -3.113804 438.589996
71.463005 12.649936 1.337045 -0.002713 -0.071626 -3.105174 438.820007
71.258774 12.657316 1.337487 -0.012127 -0.152064 -3.098535 439.160004
71.054413 12.665157 1.339703 0.009593 0.112740 -3.118640 440.010010
70.849770 12.675071 1.347049 0.005128 0.097596 -3.135149 440.309998
70.646866 12.684933 1.353323 0.001290 0.051387 3.135329 440.540009
70.446938 12.694200 1.357893 -0.002060 0.027395 3.125582 440.750000
70.244370 12.702401 1.359871 -0.003840 0.027521 3.117982 440.959991
70.040283 12.708919 1.358621 -0.003899 0.026742 3.112679 441.170013
69.834846 12.713834 1.354146 -0.003153 0.027106 3.109469 441.380005
69.627998 12.717560 1.346971 -0.002119 0.021251 3.108084 441.589996
69.423248 12.720383 1.337921 -0.005711 -0.004299 3.108885 441.799988
69.219582 12.720052 1.328158 -0.020368 0.007208 3.113008 442.019989
69.013977 12.710065 1.319228 -0.026380 0.016353 3.122271 442.250000
68.811272 12.687790 1.312139 -0.023256 0.017023 3.134676 442.480011
68.610344 12.655051 1.307021 -0.018398 0.028306 -3.137336 442.709991
68.407349 12.615268 1.304263 -0.000065 0.016644 -3.129305 442.940002
68.205353 12.577581 1.306102 0.022033 0.026708 -3.126126 443.170013
68.000824 12.552320 1.313799 0.029148 0.023790 -3.128682 443.399994
67.794998 12.542653 1.325665 0.023659 0.012342 -3.134459 443.630005
67.592506 12.545037 1.338129 0.009463 0.025405 -3.139516 443.859985
67.388214 12.552211 1.348267 -0.001597 0.037004 3.140837 444.089996
67.185898 12.558231 1.354393 -0.007137 0.040323 3.140727 444.309998
66.985275 12.560806 1.356651 -0.008400 0.034979 -3.140667 444.519989
66.780472 12.559865 1.355837 -0.005172 0.016876 -3.137847 444.730011
66.577385 12.556873 1.352781 0.000930 0.021583 -3.135764 444.940002
66.375458 12.554261 1.348539 0.004307 0.016288 -3.135536 445.149994
66.167152 12.553483 1.343579 0.005157 0.010318 -3.137261 445.369995
65.964195 12.555058 1.338561 0.004620 0.020028 -3.140320 445.589996
65.763184 12.558651 1.334004 0.003311 0.014037 3.138879 445.809998
65.556129 12.563860 1.329677 0.001857 0.022910 3.134349 446.040009
65.348824 12.569830 1.325953 0.000284 0.025384 3.129892 446.269989
65.148750 12.575282 1.322988 -0.005967 0.025102 3.127196 446.489990
64.946968 12.577960 1.320769 -0.010447 0.031827 3.127960 446.709991
64.742249 12.576037 1.319253 -0.010170 0.015485 3.132992 446.929993
64.539566 12.569640 1.318006 -0.007885 0.020488 3.140721 447.149994
64.337898 12.559929 1.317068 -0.005171 0.020689 -3.132955 447.369995
64.137154 12.548237 1.316080 -0.002596 0.016843 -3.122692 447.589996
63.929264 12.535154 1.315267 -0.000879 0.027746 -3.112208 447.820007
63.721409 12.522010 1.314424 0.000760 -0.024122 -3.102539 448.049988
63.516766 12.509202 1.312815 0.001804 -0.098032 -3.093237 448.309998
63.316345 12.498461 1.306798 0.008296 0.030403 -3.082207 448.950012
63.110394 12.513742 1.297104 0.013990 0.128303 -3.103747 449.529999
62.908810 12.528404 1.289843 0.007018 0.084792 -3.121712 449.779999
62.707638 12.542599 1.282274 0.001285 0.047008 -3.136681 449.989990
62.506229 12.555735 1.275197 -0.008734 0.026404 3.134892 450.190002
62.303474 12.564871 1.270432 -0.021274 0.020411 3.127491 450.390015
62.101921 12.565732 1.269175 -0.025741 0.020903 3.125326 450.589996
61.901760 12.556931 1.271622 -0.023404 0.018858 3.128926 450.790009
61.693546 12.538624 1.277846 -0.017715 0.022292 3.138696 451.000000
61.486485 12.513714 1.287035 -0.013415 0.016403 -3.128708 451.209991
61.282055 12.483603 1.298286 -0.022498 0.018280 -3.107663 451.420013
61.080299 12.445371 1.310696 -0.027467 0.019481 -3.081744 451.630005
60.880760 12.397128 1.323390 -0.025547 0.021717 -3.051876 451.839996
60.682751 12.339767 1.336012 -0.019978 0.025228 -3.018946 452.049988
60.485600 12.275728 1.348180 -0.011595 0.008008 -2.983662 452.260010
60.294594 12.209131 1.359121 -0.007328 0.005328 -2.947665 452.470001
60.102341 12.138962 1.368910 -0.005842 0.018238 -2.909833 452.690002
59.913509 12.068128 1.377164 -0.003781 0.007966 -2.873028 452.910004
59.722710 11.995211 1.384726 0.001676 0.006288 -2.839128 453.140015
59.529797 11.922698 1.394326 0.006540 0.029716 -2.811461 453.380005
59.340244 11.855315 1.406726 0.003639 0.027379 -2.793247 453.609985
59.146801 11.784422 1.423361 -0.066490 -0.092222 -2.777810 453.850006
59.002842 11.646990 1.459552 -0.125541 -0.173454 -2.753457 454.220001
59.107960 11.474407 1.497937 -0.089391 -0.121169 -2.740217 454.559998
59.268417 11.344044 1.521514 0.006591 -0.037850 -2.729606 454.790009
59.437714 11.230269 1.540726 0.081888 0.030188 -2.712354 455.019989
59.610306 11.130172 1.559134 0.113495 0.070587 -2.689911 455.350006
59.476532 11.279960 1.541402 0.127669 0.047745 -2.694211 456.100006
59.329006 11.418162 1.520059 0.080983 0.030306 -2.709584 456.309998
59.178940 11.559948 1.497862 0.044152 0.017408 -2.727547 456.500000
59.031696 11.699218 1.476279 0.012710 0.017569 -2.747844 456.679993
58.883602 11.834288 1.456359 -0.010103 0.031551 -2.771565 456.859985
58.725334 11.963924 1.438508 -0.022262 0.037643 -2.799645 457.049988
58.556595 12.081584 1.423980 -0.031324 0.025387 -2.831124 457.250000
58.381020 12.184175 1.413127 -0.018391 0.027869 -2.866474 457.459991
58.196838 12.274800 1.406104 -0.008219 0.019308 -2.904603 457.679993
58.006496 12.357872 1.402410 -0.007988 0.010737 -2.944529 457.910004
57.812714 12.434576 1.400878 -0.000908 0.028039 -2.985844 458.149994
57.623878 12.501298 1.400298 0.000485 0.023823 -3.024361 458.380005
57.432537 12.563412 1.399539 0.003734 0.025179 -3.061433 458.609985
57.238049 12.623221 1.398190 0.008748 0.035035 -3.097164 458.839996
57.045498 12.679742 1.396930 -0.010148 0.034213 -3.128145 459.059998
56.846764 12.728564 1.397269 -0.028773 0.037270 3.130230 459.279999
56.641010 12.762259 1.399748 -0.032811 0.035136 3.113062 459.500000
56.438671 12.779271 1.404339 -0.028010 0.034693 3.103069 459.709991
56.231525 12.784244 1.410483 -0.019133 0.018318 3.098850 459.920013
56.026287 12.781205 1.417023 -0.010226 0.004387 3.099462 460.130005
55.818691 12.773612 1.421890 -0.004453 0.017714 3.104073 460.350006
55.613857 12.764539 1.423428 -0.001327 0.017434 3.111902 460.570007
55.411297 12.755517 1.421464 0.000591 0.014359 3.121672 460.790009
55.202682 12.746960 1.415825 0.001110 0.025831 3.132764 461.019989
54.994553 12.739475 1.407576 -0.001032 0.001743 -3.139166 461.250000
54.794216 12.731569 1.397250 -0.008789 0.015998 -3.126670 461.480011
54.587830 12.719067 1.384640 -0.012580 0.034642 -3.111138 461.720001
54.383659 12.700909 1.371384 -0.011973 0.041144 -3.094084 461.950012
54.179810 12.677985 1.358086 -0.008662 0.034980 -3.076774 462.170013
53.981201 12.652779 1.345877 0.002163 0.010215 -3.060970 462.380005
53.777203 12.628594 1.335966 0.020421 0.018287 -3.048079 462.600006
53.574516 12.613873 1.330381 0.027710 0.026711 -3.040968 462.820007
53.368862 12.611217 1.329205 0.026092 0.031206 -3.040844 463.040009
53.168114 12.618652 1.331583 0.019092 0.021094 -3.047739 463.250000
52.961296 12.633620 1.335476 0.002767 -0.054987 -3.061129 463.470001
52.757439 12.654812 1.339903 -0.013513 -0.111073 -3.080824 463.739990
52.556091 12.678095 1.342366 -0.000823 0.115638 -3.127113 464.549988
52.352116 12.677884 1.338292 -0.000054 0.110489 -3.139610 464.950012
52.149456 12.677333 1.333436 -0.000777 0.071164 3.140420 465.200012
51.944092 12.676472 1.328041 -0.002704 0.045279 3.140533 465.420013
51.737720 12.674591 1.322530 -0.003602 0.035484 -3.140677 465.630005
51.536388 12.671489 1.317097 -0.003535 0.028434 -3.138220 465.829987
51.333248 12.667148 1.311538 -0.003088 0.026379 -3.136836 466.029999
51.129871 12.661814 1.306033 -0.001158 0.012289 -3.137527 466.230011
50.921093 12.656137 1.301585 0.004119 0.005948 -3.140337 466.440002
50.719307 12.652409 1.299942 0.007584 0.016266 3.138575 466.649994
50.512379 12.652059 1.301586 0.007889 0.006888 3.132990 466.869995
50.311687 12.655371 1.306229 0.006270 0.017537 3.127176 467.089996
50.104206 12.661867 1.313870 0.003667 0.021499 3.121211 467.320007
49.897087 12.669984 1.323217 -0.000933 0.021960 3.116360 467.549988
49.689529 12.677565 1.333516 -0.004016 0.029561 3.113740 467.779999
49.488525 12.682999 1.343394 -0.004585 0.018194 3.113693 468.000000
49.288418 12.686339 1.352998 -0.003829 0.024259 3.115696 468.220001
49.087395 12.688032 1.362044 -0.002830 0.020946 3.119512 468.440002
48.886597 12.688517 1.368869 -0.002590 0.021657 3.124509 468.660004
48.685917 12.687963 1.372417 -0.002255 0.029020 3.130071 468.880005
48.483566 12.686559 1.372737 -0.001528 0.014783 3.135758 469.100006
48.283554 12.684569 1.369984 -0.000843 0.024437 3.141099 469.320007
48.083111 12.682292 1.365056 -0.000038 0.022521 -3.137386 469.540009
47.882111 12.680130 1.359508 0.001912 0.023774 -3.133921 469.760010
47.680431 12.678841 1.354780 0.003077 0.029430 -3.132190 469.980011
47.475399 12.678883 1.351717 0.003218 0.033248 -3.132222 470.200012
47.275108 12.680158 1.350506 0.002631 0.034628 -3.133529 470.410004
47.070892 12.682366 1.350682 0.002284 0.010959 -3.135867 470.619995
46.861824 12.685823 1.351787 0.007024 0.003705 -3.140172 470.839996
46.660954 12.692261 1.353437 0.010304 0.019840 3.135471 471.059998
46.453934 12.703612 1.355572 0.009606 0.011451 3.123709 471.290009
46.250954 12.719277 1.357549 0.007316 0.026588 3.109968 471.519989
46.046356 12.738188 1.359541 0.003139 0.023002 3.095515 471.750000
45.840466 12.757826 1.361662 -0.008389 0.026050 3.083144 471.980011
45.632076 12.773233 1.364509 -0.014827 0.035259 3.075719 472.209991
45.426395 12.781501 1.368021 -0.015103 0.035876 3.074295 472.429993
45.224220 12.783600 1.372008 -0.012064 0.029859 3.077886 472.640015
45.019505 12.781344 1.375792 -0.007258 0.015461 3.085444 472.850006
44.817169 12.776521 1.378487 -0.003318 0.021599 3.095395 473.059998
44.616035 12.770879 1.379837 -0.000755 0.014912 3.106726 473.269989
44.409138 12.765142 1.379645 0.000854 0.009458 3.118992 473.489990
44.207520 12.760154 1.378127 0.001173 0.024905 3.130788 473.709991
44.007526 12.756063 1.375596 0.001376 -0.023623 3.141366 473.929993
43.794823 12.752299 1.371525 0.001444 -0.098620 -3.130965 474.200012
43.594318 12.750548 1.365666 0.000919 0.073362 -3.114399 474.899994
43.394665 12.748358 1.377782 0.000073 0.125298 -3.110533 475.390015
43.192787 12.744224 1.388175 -0.000355 0.087430 -3.110319 475.640015
42.990734 12.739518 1.395846 0.000079 0.051299 -3.110927 475.850006
42.786701 12.734644 1.400451 0.000677 0.034027 -3.112116 476.049988
42.579590 12.729875 1.401583 0.001027 0.010330 -3.113789 476.250000
42.377178 12.725574 1.399012 0.001197 0.008061 -3.115730 476.450012
42.171158 12.721668 1.392658 0.001206 0.012156 -3.117896 476.660004
41.962559 12.718249 1.384281 0.002004 -0.011270 -3.120381 476.880005
41.759045 12.715997 1.377453 0.004102 0.009204 -3.123752 477.109985
41.553261 12.715849 1.375254 0.004530 0.031677 -3.128790 477.350006
41.350945 12.717872 1.378962 0.004094 0.041000 -3.134709 477.579987
41.148468 12.721493 1.387069 0.002621 0.036175 -3.140678 477.799988
40.939907 12.726075 1.396931 -0.000004 0.025463 3.137048 478.019989
40.739368 12.730324 1.405332 -0.001924 0.026543 3.132959 478.230011
40.537403 12.733698 1.411212 -0.002596 0.029108 3.130246 478.440002
40.333302 12.735979 1.413908 -0.002471 0.026530 3.128807 478.649994
40.127682 12.737270 1.413815 -0.002303 0.023566 3.128460 478.859985
39.922714 12.737416 1.410294 -0.007787 0.011337 3.129899 479.070007
39.722095 12.734396 1.402458 -0.013272 0.020111 3.134383 479.279999
39.514359 12.725712 1.390172 -0.012960 0.007740 -3.139880 479.500000
39.312378 12.711577 1.374368 -0.010258 0.014641 -3.127887 479.720001
39.113918 12.693353 1.355812 -0.007126 0.025674 -3.113547 479.940002
38.914280 12.672680 1.337154 0.001019 0.027452 -3.098954 480.160004
38.711849 12.652953 1.321766 0.009065 0.032905 -3.087298 480.380005
38.504360 12.637432 1.311170 0.011873 0.034159 -3.079871 480.600006
38.301247 12.627497 1.305470 0.010587 0.028563 -3.074889 480.809998
38.095901 12.621444 1.302921 0.001856 0.018187 -3.070467 481.019989
37.892246 12.615926 1.302278 -0.006562 0.021840 -3.065670 481.230011
37.690273 12.607463 1.302577 -0.008315 0.007011 -3.060161 481.440002
37.485432 12.595677 1.303987 0.005297 0.007268 -3.055685 481.660004
37.278015 12.586215 1.307563 0.017609 0.022661 -3.054640 481.890015
37.069584 12.584825 1.313657 0.020899 0.032238 -3.058889 482.119995
36.864918 12.592013 1.321568 0.018159 0.034275 -3.068662 482.339996
36.665096 12.605238 1.329973 0.009913 -0.002997 -3.083274 482.549988
36.461300 12.623547 1.337816 -0.004104 -0.084685 -3.102268 482.779999
36.262360 12.646416 1.344238 -0.013690 -0.118595 -3.130162 483.109985
36.060204 12.660186 1.340228 -0.004385 0.113661 3.114359 483.929993
35.853962 12.660456 1.335121 -0.003448 0.099665 3.105914 484.250000
35.646328 12.660752 1.329194 0.001487 0.059516 3.098094 484.489990
35.445827 12.662772 1.322672 0.006680 0.044029 3.090577 484.700012
35.236713 12.668336 1.314892 0.008730 0.022995 3.083025 484.910004
35.027828 12.677788 1.306014 0.008029 0.009416 3.076011 485.119995
34.824642 12.690422 1.296033 0.006190 0.017635 3.069969 485.329987
34.625198 12.705787 1.286085 0.017150 0.007272 3.064373 485.540009
34.423630 12.730192 1.278517 0.049055 0.004798 3.057559 485.760010
34.223221 12.778278 1.275762 0.059791 0.005855 3.047479 485.989990
34.033657 12.853514 1.277986 0.049722 0.004045 3.033783 486.220001
33.853970 12.950386 1.284884 0.039550 0.020329 3.017182 486.450012
33.677826 13.062469 1.295200 0.019980 0.011377 2.996874 486.679993
33.505600 13.180306 1.307500 0.012839 0.023921 2.978382 486.910004
33.340134 13.294412 1.320573 -0.010218 0.022274 2.964693 487.130005
33.163471 13.403196 1.334687 -0.058312 0.029726 2.956648 487.359985
32.976681 13.481289 1.348706 -0.074039 0.026276 2.957497 487.589996
32.780453 13.521794 1.361557 -0.064927 0.013734 2.966921 487.820007
32.572357 13.528813 1.372913 -0.054865 0.023509 2.983079 488.059998
32.367481 13.509261 1.381564 -0.041432 0.034491 3.005559 488.290009
32.163521 13.474296 1.387565 -0.025610 0.029525 3.033120 488.510010
31.964598 13.432642 1.391169 -0.016656 0.021808 3.063327 488.720001
31.765335 13.386635 1.392842 -0.012622 0.024448 3.096314 488.929993
31.565453 13.338009 1.392974 -0.009263 0.024138 3.131509 489.140015
31.364941 13.287909 1.391872 -0.006876 0.026316 -3.115086 489.350006
31.163561 13.237097 1.390060 -0.002654 0.012293 -3.077895 489.559998
30.966850 13.187874 1.387908 0.014187 -0.001221 -3.042949 489.769989
30.769794 13.145188 1.385798 0.029962 0.015439 -3.012166 489.989990
30.565121 13.116085 1.384274 0.032813 0.029841 -2.989485 490.220001
30.363869 13.102718 1.383518 0.027562 0.035386 -2.978466 490.440002
30.155041 13.099935 1.383397 0.019366 0.035763 -2.977985 490.660004
29.949282 13.103254 1.383577 0.011320 0.031146 -2.986259 490.869995
29.739767 13.109164 1.383849 0.005029 0.028092 -3.001458 491.079987
29.538513 13.115046 1.384334 0.001406 0.026570 -3.020580 491.279999
29.336382 13.120019 1.385230 -0.000216 0.025460 -3.042195 491.480011
29.133944 13.123740 1.386669 -0.000738 0.022823 -3.064582 491.679993
28.931969 13.126339 1.388640 -0.000538 0.024850 -3.086387 491.880005
28.730305 13.128098 1.390886 -0.000481 0.009854 -3.106542 492.079987
28.527082 13.129505 1.392756 -0.001169 -0.060126 -3.125089 492.290009
28.325548 13.130962 1.393862 -0.000375 -0.116493 3.139357 492.549988
28.124609 13.138725 1.389714 0.008059 0.123421 3.102325 493.359985
27.920103 13.161164 1.383936 0.004274 0.120876 3.082755 493.739990
27.713484 13.182605 1.378323 0.000555 0.085125 3.071179 493.980011
27.513758 13.202147 1.372970 -0.008683 0.047763 3.064357 494.179993
27.304096 13.218953 1.368103 -0.017111 0.028673 3.061712 494.380005
27.103222 13.229163 1.364221 -0.018102 0.007842 3.063712 494.570007
26.897802 13.233036 1.360865 -0.014757 -0.003830 3.069931 494.769989
26.692318 13.230816 1.358143 -0.011057 0.014055 3.080293 494.980011
26.492136 13.224326 1.356642 -0.006953 0.004811 3.094333 495.190002
26.290226 13.214875 1.355979 -0.002654 0.001955 3.110602 495.410004
26.088013 13.204201 1.357142 0.000165 0.020865 3.127709 495.640015
25.886625 13.194221 1.360563 0.001144 0.032525 -3.139292 495.869995
25.679445 13.185288 1.366200 0.001612 0.043208 -3.123259 496.100006
25.471891 13.177561 1.373188 0.001129 0.035307 -3.106920 496.320007
25.268852 13.170296 1.379693 -0.005470 0.016798 -3.090309 496.529999
25.067913 13.160743 1.384223 -0.011669 0.021956 -3.073133 496.739990
24.859085 13.145535 1.386181 -0.012733 0.010940 -3.054945 496.959991
24.655226 13.124839 1.385201 -0.010835 0.014643 -3.039438 497.179993
24.456308 13.099780 1.381826 -0.002939 0.010793 -3.028651 497.399994
24.252821 13.073243 1.376856 0.013236 0.024427 -3.024140 497.630005
24.047771 13.052959 1.371622 0.019986 0.023551 -3.027646 497.859985
23.840578 13.042106 1.366854 0.018365 0.020945 -3.038074 498.089996
23.632622 13.039839 1.362794 0.013758 0.028114 -3.053609 498.320007
23.432388 13.043181 1.359826 0.005796 0.001306 -3.071921 498.540009
23.230656 13.049020 1.357223 -0.003223 0.015113 -3.090580 498.769989
23.023380 13.052893 1.354772 -0.006695 0.022990 -3.106707 499.010010
22.815601 13.052584 1.352403 -0.006594 0.015198 -3.119531 499.250000
22.610674 13.048682 1.349748 -0.002697 0.022622 -3.130254 499.489990
22.404192 13.043345 1.347224 0.000830 0.037468 -3.138726 499.730011
22.199820 13.038778 1.345012 0.002207 0.022682 3.138569 499.959991
21.993610 13.035556 1.342858 0.002349 0.030367 3.135172 500.190002
21.793045 13.033798 1.340921 0.001437 0.022735 3.134180 500.410004
21.591581 13.032838 1.338130 -0.000312 0.022639 3.135043 500.630005
21.389675 13.031875 1.333871 -0.001304 0.030299 3.137204 500.850006
21.184311 13.031077 1.328361 0.013237 0.030401 3.139200 501.070007
20.975355 13.036659 1.322945 0.033043 0.027659 3.138640 501.290009
20.775370 13.055080 1.318303 0.027965 -0.017462 3.133350 501.500000
20.570580 13.088169 1.313555 0.003336 -0.093835 3.124936 501.739990
20.376089 13.136278 1.310874 -0.002068 -0.030206 3.107421 502.239990
20.179401 13.194849 1.304525 0.015640 0.112061 3.073675 502.910004
19.981302 13.242950 1.303584 0.009229 0.087091 3.051061 503.179993
19.785061 13.288570 1.302116 -0.006267 0.043975 3.030563 503.399994
19.586563 13.328587 1.300897 -0.044832 0.026073 3.013340 503.609985
19.384216 13.350014 1.300455 -0.064492 0.015096 3.001068 503.820007
19.182310 13.345199 1.300579 -0.057512 -0.002205 2.995164 504.029999
18.977531 13.314727 1.301250 -0.046399 0.004929 2.994372 504.250000
18.778280 13.265069 1.302601 -0.027874 0.002132 3.001176 504.470001
18.585861 13.205170 1.304234 -0.007973 0.004568 3.014390 504.690002
18.391632 13.142909 1.304589 0.019554 0.024929 3.033050 504.920013
18.196497 13.094286 1.302307 0.031582 0.036413 3.053994 505.149994
17.996218 13.065038 1.297365 0.030109 0.027846 3.073883 505.380005
17.792686 13.053318 1.292573 0.022681 0.036727 3.091916 505.609985
17.591572 13.054329 1.290922 0.014025 0.038614 3.106119 505.829987
17.383013 13.062520 1.293297 0.006446 0.035728 3.117250 506.049988
17.178288 13.073274 1.299234 0.001381 0.031931 3.125118 506.260010
16.971266 13.084373 1.307613 -0.001854 -0.011707 3.130482 506.470001
16.764137 13.094950 1.316656 -0.004425 -0.091797 3.133995 506.700012
16.561562 13.104872 1.327755 -0.006711 -0.143936 3.135843 507.049988
16.358675 13.098089 1.342488 -0.010206 0.135999 -3.127526 507.890015
16.153519 13.082226 1.352740 -0.006562 0.097700 -3.113721 508.170013
15.950215 13.065731 1.360533 0.002232 0.036799 -3.103196 508.390015
15.747496 13.051059 1.367617 0.012524 0.026518 -3.096021 508.600006
15.543075 13.041619 1.374014 0.015697 0.018148 -3.093198 508.809998
15.340609 13.038720 1.379273 0.013794 0.009093 -3.094795 509.019989
15.133932 13.041762 1.383502 0.010379 0.020193 -3.100517 509.239990
14.929451 13.049042 1.386444 0.004829 0.011173 -3.109840 509.459991
14.729009 13.057892 1.387116 -0.002594 0.021333 -3.119893 509.679993
14.529045 13.065060 1.385088 -0.006242 0.034174 -3.128363 509.899994
14.323899 13.068896 1.380432 -0.006881 0.036459 -3.134290 510.119995
14.122412 13.069356 1.374150 -0.005791 0.031297 -3.137531 510.329987
13.918537 13.067316 1.366774 -0.004184 0.011586 -3.138601 510.540009
13.718574 13.063581 1.359077 -0.002849 0.017277 -3.138105 510.750000
13.511636 13.058541 1.351395 -0.001776 0.026453 -3.136398 510.970001
13.303134 13.052844 1.344515 -0.001258 0.029962 -3.135278 511.190002
13.101189 13.047051 1.338835 -0.000774 0.028477 -3.136621 511.399994
12.897981 13.041367 1.334238 0.004773 0.012667 -3.140916 511.609985
12.689123 13.037926 1.330735 0.011291 0.016577 3.134936 511.829987
12.483397 13.039763 1.329118 0.012693 0.014639 3.125164 512.049988
12.281272 13.047390 1.329097 0.010771 0.014059 3.115180 512.270020
12.073400 13.060455 1.330488 0.007819 0.027607 3.107297 512.500000
11.873567 13.076218 1.332934 0.000659 0.016100 3.102918 512.719971
11.666263 13.092521 1.337093 -0.006088 0.026055 3.101362 512.950012
11.466713 13.105076 1.342714 -0.008210 0.019914 3.102235 513.169983
11.258118 13.113993 1.349747 -0.007300 0.023073 3.104812 513.400024
11.057838 13.119045 1.357526 -0.005293 0.027547 3.108282 513.619995
10.855689 13.121858 1.364648 -0.001799 0.020461 3.112063 513.840027
10.653674 13.123977 1.368811 0.001327 0.026610 3.115213 514.059998
10.451824 13.126792 1.369340 0.002452 -0.020611 3.117234 514.280029
10.249079 13.130777 1.366649 0.001898 -0.095037 3.118350 514.530029
10.048574 13.136665 1.359079 -0.001586 -0.024350 3.120620 515.070007
9.845483 13.124554 1.346582 -0.014509 0.129638 -3.139572 515.729980
9.639648 13.105972 1.340798 -0.007632 0.086276 -3.129441 515.989990
9.440188 13.087824 1.335729 0.006304 0.047964 -3.125091 516.200012
9.239436 13.073289 1.331765 0.015848 0.034804 -3.125059 516.400024
9.034923 13.065079 1.328770 0.018071 0.013248 -3.129135 516.599976
8.834137 13.063987 1.326493 0.015748 0.006544 -3.135833 516.799988
8.630015 13.069318 1.324906 0.011749 0.014814 3.138615 517.010010
8.421354 13.079821 1.324778 0.004433 0.007975 3.128685 517.229980
8.218970 13.091913 1.327355 -0.003218 0.018588 3.120438 517.450012
8.018814 13.102231 1.333043 -0.006654 0.016027 3.115319 517.669983
7.812120 13.109472 1.341888 -0.006951 0.018628 3.113173 517.900024
7.606401 13.113136 1.353388 -0.005712 0.029717 3.113583 518.130005
7.406603 13.114040 1.364818 -0.006038 0.024704 3.116339 518.349976
7.204972 13.112404 1.373793 -0.006990 0.031577 3.121653 518.570007
6.999285 13.107973 1.378939 -0.006593 0.034136 3.129226 518.789978
6.798208 13.101337 1.380041 -0.005248 0.031779 3.136247 519.000000
6.593567 13.092908 1.377830 -0.003073 0.023662 3.140891 519.210022
6.389094 13.083825 1.373435 0.003964 0.013574 -3.140669 519.419983
6.188321 13.076777 1.368064 0.009755 0.019900 3.141408 519.630005
5.980080 13.074026 1.362501 0.010968 0.010646 3.137754 519.849976
5.776662 13.076414 1.357594 0.009219 0.013952 3.133329 520.070007
5.568047 13.083353 1.353558 0.006280 0.022942 3.129349 520.299988
5.359991 13.093091 1.350934 0.000837 0.019036 3.126542 520.530029
5.152690 13.102965 1.349951 -0.003296 0.029201 3.124949 520.760010
4.952230 13.110685 1.350496 -0.004565 0.017415 3.124274 520.979980
4.743704 13.116298 1.352127 -0.004339 0.023361 3.123076 521.210022
4.543696 13.119560 1.354387 -0.002933 0.024106 3.120541 521.429993
4.343033 13.121671 1.356361 0.001421 0.018927 3.116718 521.650024
4.134238 13.124671 1.356937 0.004646 0.027612 3.111884 521.880005
3.933319 13.129808 1.355662 0.005156 0.016410 3.106879 522.099976
3.724927 13.137705 1.352366 0.004198 0.025161 3.101884 522.330017
3.524345 13.147297 1.347728 0.001969 0.030908 3.097674 522.549988
3.320168 13.157621 1.342465 -0.006315 0.029223 3.095543 522.770020
3.112622 13.165252 1.337666 -0.012281 0.030088 3.097340 522.989990
2.912223 13.167632 1.333883 -0.012264 0.012718 3.103622 523.200012
2.705807 13.164807 1.330691 -0.009469 0.018532 3.114779 523.419983
2.501535 13.157892 1.328524 -0.009192 0.025243 3.130862 523.640015
2.295869 13.146963 1.328012 -0.013971 0.031981 -3.132125 523.859985
2.096081 13.131060 1.329143 -0.014376 0.024454 -3.109767 524.070007
1.895975 13.109663 1.331575 -0.011082 0.014315 -3.086137 524.280029
1.689826 13.082974 1.335306 -0.007111 0.021157 -3.062115 524.500000
1.487520 13.053880 1.339311 -0.002438 -0.033055 -3.039763 524.719971
1.283792 13.022494 1.342766 0.001558 -0.101761 -3.017331 524.979980
1.085274 12.994443 1.349865 0.020948 0.109500 -2.997620 525.780029
0.884792 13.000824 1.365089 0.017943 0.108150 -3.026420 526.210022
0.677992 13.009238 1.378450 0.008598 0.074342 -3.052684 526.469971
0.473621 13.017052 1.390917 0.002187 0.043401 -3.077849 526.690002
0.269346 13.024359 1.403078 0.010919 0.024033 -3.103988 526.900024
0.054424 13.036617 1.415187 0.030962 0.019409 -3.133670 527.119995
-0.158190 13.061830 1.426147 0.034948 0.004966 3.117376 527.340027
-0.362572 13.101550 1.434301 0.026613 0.003089 3.084755 527.559998
-0.557959 13.151203 1.434751 0.010840 0.019403 3.053193 527.780029
-0.751478 13.204198 1.424762 -0.001288 0.021326 3.023411 528.000000
-0.944499 13.255219 1.404933 -0.007758 0.015641 2.996815 528.219971
-1.144793 13.303513 1.374692 -0.009090 0.028918 2.973267 528.450012
-1.338468 13.345138 1.340426 -0.007741 0.005838 2.955775 528.669983
-1.535927 13.383551 1.306376 -0.005620 0.015292 2.942460 528.900024
-1.731046 13.418645 1.279107 -0.003882 0.030415 2.934219 529.130005
-1.931079 13.453034 1.260456 -0.001714 0.037428 2.929271 529.359985
-2.129527 13.487739 1.250786 0.014265 0.036586 2.925037 529.580017
-2.333184 13.530752 1.248245 0.028060 0.033508 2.919038 529.799988
-2.528711 13.584183 1.250715 0.027961 0.014427 2.910848 530.010010
-2.718825 13.648092 1.256163 0.024007 0.014744 2.903630 530.219971
-2.911996 13.723702 1.263764 0.011063 0.016652 2.898867 530.440002
-3.101917 13.800359 1.273377 -0.041436 0.013716 2.898545 530.659973
-3.301677 13.858555 1.286444 -0.076339 0.011422 2.904892 530.890015
-3.504136 13.878819 1.301705 -0.072593 0.000787 2.918628 531.119995
-3.705538 13.862605 1.318710 -0.059540 0.014049 2.936681 531.349976
-3.908417 13.819384 1.336817 -0.033494 0.006566 2.960762 531.580017
-4.107649 13.763398 1.352542 0.009716 0.012644 2.985488 531.809998
-4.302726 13.715579 1.361904 0.040126 0.038255 3.007094 532.039978
-4.503128 13.691554 1.363359 0.046290 0.048704 3.021882 532.270020
-4.704410 13.693376 1.357360 0.039385 0.045081 3.027733 532.489990
-4.903812 13.714686 1.347099 0.048348 0.032031 3.025425 532.700012
-5.104631 13.756717 1.335245 0.059038 0.022511 3.015568 532.909973
-5.301624 13.821881 1.323681 0.050399 0.002617 2.998053 533.119995
-5.487945 13.905191 1.313316 0.037082 0.000834 2.975717 533.330017
-5.671477 14.004869 1.304415 0.025492 0.013097 2.947688 533.549988
-5.847825 14.111444 1.297922 -0.005881 -0.005472 2.916299 533.770020
-6.021961 14.210747 1.295749 -0.087096 -0.013973 2.885766 534.000000
-6.221187 14.264332 1.301259 -0.128819 -0.004227 2.857571 534.270020
-6.421256 14.232638 1.313563 -0.112392 0.003422 2.842831 534.530029
-6.607448 14.148465 1.328358 -0.070165 0.000153 2.841545 534.760010
-6.783622 14.041331 1.342439 0.013128 -0.047080 2.849272 534.979980
-6.950877 13.922256 1.356920 0.099421 -0.090705 2.860114 535.239990
-7.118745 13.816937 1.384068 -0.054203 0.112110 2.906030 536.090027
-7.312897 13.770059 1.409791 -0.048962 0.094471 2.929833 536.450012
-7.513726 13.719528 1.433225 -0.031838 0.061205 2.951447 536.700012
-7.714974 13.667481 1.455596 -0.016662 0.035034 2.970389 536.919983
-7.914139 13.616355 1.476706 0.011127 0.027288 2.985414 537.130005
-8.114632 13.574256 1.494090 0.043472 0.029560 2.995958 537.340027
-8.315153 13.553179 1.506048 0.053605 0.024972 3.000629 537.549988
-8.522354 13.556870 1.512095 0.046705 0.018767 3.000307 537.770020
-8.725154 13.582596 1.512570 0.032560 0.029041 2.996960 537.989990
-8.927975 13.623207 1.509077 -0.002822 0.018261 2.991078 538.210022
-9.128620 13.659619 1.504341 -0.080327 -0.010173 2.987237 538.429993
-9.328905 13.657130 1.500450 -0.118272 -0.023596 2.987964 538.659973
-9.523882 13.591490 1.498061 -0.108823 -0.022931 2.993562 538.900024
-9.697597 13.474793 1.497725 -0.078983 -0.014017 3.004218 539.130005
-9.846177 13.338253 1.498852 -0.031302 -0.010714 3.018264 539.340027
-9.992584 13.189723 1.497275 0.047461 0.030136 3.033151 539.559998
-10.149686 13.066087 1.488117 0.100328 0.063510 3.046655 539.789978
-10.338393 12.996266 1.467375 0.100545 0.050998 3.050504 540.039978
-10.541825 12.990758 1.435962 0.073126 0.045229 3.047231 540.289978
-10.738392 13.026896 1.404557 0.048244 0.034472 3.036756 540.520020
-10.931103 13.084636 1.379161 0.029014 0.036211 3.021130 540.739990
-11.118871 13.151495 1.361825 0.012633 0.019262 3.001538 540.950012
-11.314543 13.225315 1.351370 0.002664 0.019968 2.980899 541.169983
-11.509235 13.298289 1.348090 -0.006501 0.015852 2.963153 541.390015
-11.701850 13.363882 1.352257 -0.052389 0.003440 2.950603 541.609985
-11.900162 13.403922 1.365483 -0.084594 0.008828 2.944740 541.840027
-12.107423 13.400826 1.387001 -0.074046 -0.002793 2.949295 542.080017
-12.302545 13.359903 1.412987 -0.058540 0.010702 2.960120 542.309998
-12.496949 13.293117 1.441976 -0.024271 0.002468 2.978985 542.539978
-12.684837 13.221070 1.468842 0.066120 0.007258 3.000740 542.770020
-12.885163 13.183767 1.492514 0.120248 0.024191 3.022843 543.030029
-13.085559 13.225560 1.507199 0.105362 0.019990 3.035770 543.299988
-13.266218 13.327515 1.512713 0.077045 0.029093 3.040196 543.549988
-13.425310 13.450857 1.512500 0.030668 0.017051 3.035008 543.770020
-13.583875 13.583047 1.507185 -0.012135 0.033553 3.023973 543.989990
-13.749969 13.705719 1.496968 -0.032526 0.039281 3.006638 544.210022
-13.926658 13.810284 1.482783 -0.036367 0.026324 2.986424 544.429993
-14.109523 13.894297 1.467635 -0.051320 0.026236 2.966297 544.650024
-14.308328 13.954537 1.456423 -0.067425 0.030420 2.949379 544.880005
-14.507586 13.981052 1.452297 -0.057708 0.013651 2.940954 545.099976
-14.709174 13.981207 1.454766 -0.042216 0.013871 2.938533 545.320007
-14.910816 13.963284 1.463327 -0.023536 0.006616 2.943536 545.539978
-15.112468 13.934883 1.474883 0.009815 -0.065155 2.955211 545.770020
-15.313507 13.898376 1.488458 0.034236 -0.103878 2.974878 546.080017
-15.377310 14.090060 1.520872 0.122981 0.037369 2.997174 546.969971
-15.372981 14.297915 1.534610 0.083863 0.031231 2.974989 547.219971
-15.377299 14.504552 1.546826 0.040759 0.019555 2.949855 547.429993
-15.385745 14.709674 1.558703 0.012465 0.010177 2.922120 547.630005
-15.396607 14.911767 1.569245 0.009637 0.006702 2.891421 547.830017
-15.409123 15.118662 1.578044 0.014294 0.004697 2.856532 548.039978
-15.421175 15.320880 1.584291 0.003911 -0.002605 2.819993 548.250000
-15.431715 15.524467 1.588254 0.014982 0.002907 2.780940 548.469971
-15.440899 15.732988 1.589934 0.015490 0.008574 2.739823 548.700012
-15.451077 15.939876 1.586930 0.016511 0.026350 2.699103 548.929993
-15.467611 16.139305 1.578837 0.009756 0.027932 2.660638 549.150024
-15.492410 16.338547 1.566321 0.004199 0.022977 2.623224 549.369995
-15.525806 16.544245 1.548953 0.014011 0.028365 2.585502 549.599976
-15.563189 16.742712 1.530357 0.026021 0.007890 2.550733 549.820007
-15.594132 16.943142 1.513916 0.051633 -0.028187 2.516733 550.039978
-15.599923 17.144878 1.502122 0.054877 -0.044738 2.483779 550.260010
-15.574082 17.343817 1.495151 0.043123 -0.042696 2.452689 550.479980
-15.518514 17.545034 1.492831 0.045176 -0.023247 2.421718 550.710022
-15.445581 17.735985 1.494678 0.043357 -0.004820 2.392456 550.929993
-15.364962 17.921150 1.498789 0.034554 0.006260 2.364331 551.140015
-15.279749 18.109566 1.501557 0.027032 0.012821 2.335898 551.349976
-15.194114 18.300436 1.499318 0.021691 0.015712 2.307143 551.559998
-15.114182 18.483709 1.491224 0.018614 0.016163 2.279391 551.760010
-15.036493 18.667795 1.477213 0.019893 0.017086 2.251248 551.960022
-14.960669 18.852869 1.458360 0.011416 0.010486 2.222560 552.159973
-14.883739 19.044195 1.435126 0.001824 0.003957 2.192388 552.369995
-14.808337 19.237520 1.410851 -0.006998 0.026160 2.160555 552.590027
-14.746288 19.429276 1.392358 -0.017301 0.049388 2.128438 552.809998
-14.705832 19.625391 1.382202 -0.024861 0.040196 2.097094 553.030029
-14.686395 19.831659 1.380444 -0.018240 0.036937 2.064560 553.260010
-14.685056 20.039326 1.386750 -0.005057 0.033438 2.032107 553.489990
-14.691925 20.239923 1.397040 0.025922 0.004273 2.001433 553.710022
-14.688011 20.446745 1.408712 0.060914 -0.006448 1.968968 553.940002
-14.656444 20.650204 1.418790 0.057607 -0.016880 1.936085 554.169983
-14.596662 20.846514 1.425832 0.052528 -0.005238 1.906662 554.400024
-14.514603 21.038301 1.429889 0.029516 0.001014 1.880564 554.630005
-14.425495 21.225824 1.430408 -0.035947 0.031058 1.858585 554.859985
-14.359468 21.421692 1.426800 -0.072921 0.055357 1.840763 555.099976
-14.341360 21.623293 1.419333 -0.071776 0.042811 1.830866 555.340027
-14.367673 21.827322 1.408473 -0.051400 0.045359 1.824758 555.580017
-14.422475 22.026129 1.396056 -0.027643 -0.004089 1.824682 555.809998
-14.489855 22.214571 1.383454 -0.005821 -0.084787 1.827179 556.049988
-14.569517 22.400009 1.369305 0.014940 -0.118235 1.832401 556.440002
-14.665817 22.575136 1.406557 -0.021222 0.108727 1.861494 557.280029
-14.759479 22.752573 1.449446 -0.016014 0.093461 1.883665 557.570007
-14.854959 22.933764 1.489817 -0.009924 0.067764 1.905895 557.799988
-14.947307 23.109312 1.526976 -0.004596 0.041624 1.927420 558.000000
-15.042569 23.291086 1.560906 0.000484 0.019764 1.949581 558.200012
-15.136345 23.472057 1.587358 0.002789 0.019660 1.971075 558.400024
-15.227770 23.651855 1.604349 0.002917 0.019517 1.991322 558.599976
-15.321789 23.839298 1.612120 -0.010599 0.019560 2.011869 558.809998
-15.419064 24.022936 1.610741 -0.035847 0.018552 2.032720 559.020020
-15.527773 24.198082 1.602316 -0.043588 0.009190 2.054881 559.229980
-15.648622 24.359850 1.589093 -0.037779 0.001205 2.075986 559.440002
-15.784333 24.513887 1.572196 -0.025630 0.010462 2.093170 559.659973
-15.924658 24.659321 1.552284 0.016020 0.022060 2.104126 559.880005
-16.057158 24.809410 1.529181 0.045721 0.031848 2.107298 560.099976
-16.172880 24.974314 1.503061 0.051914 0.033571 2.101801 560.320007
-16.270428 25.155972 1.474298 0.043597 0.033859 2.088116 560.539978
-16.349482 25.341690 1.445972 0.025726 0.006147 2.067949 560.750000
-16.420454 25.534901 1.421760 -0.008720 -0.002901 2.044942 560.969971
-16.494410 25.724525 1.409383 -0.032104 0.020620 2.022670 561.200012
-16.583027 25.906057 1.412552 -0.036174 0.031956 2.005920 561.429993
-16.690296 26.084616 1.429685 -0.030307 0.034038 1.996950 561.659973
-16.806641 26.253893 1.454589 -0.014431 -0.009418 1.996802 561.880005
-16.925396 26.412951 1.481408 0.009259 -0.087270 2.002031 562.109985
-16.834843 26.247208 1.571300 0.017028 -0.094046 1.995606 563.140015
-16.718185 26.076363 1.585718 0.008477 -0.039563 1.982423 563.330017
-16.604218 25.910019 1.600087 0.006256 -0.015158 1.966082 563.510010
-16.484900 25.738539 1.613617 0.018661 0.011542 1.945703 563.700012
-16.359463 25.572289 1.622724 0.042278 0.020360 1.921335 563.900024
-16.221018 25.419060 1.624870 0.051727 0.015575 1.892918 564.109985
-16.071148 25.285788 1.619385 0.049336 0.004553 1.861942 564.320007
-15.910645 25.166594 1.607751 0.017348 -0.007915 1.829552 564.530029
-15.742438 25.045593 1.590807 -0.017233 -0.037528 1.794403 564.750000
-15.586135 24.913095 1.570759 -0.030860 -0.051937 1.758324 564.969971
-15.446838 24.761864 1.548908 -0.027562 -0.052887 1.721250 565.190002
-15.328671 24.600698 1.527287 -0.019089 -0.041623 1.685517 565.400024
-15.222754 24.430008 1.506000 -0.016828 -0.008684 1.650175 565.609985
-15.123198 24.254356 1.484724 0.009170 -0.003826 1.614908 565.830017
-15.020201 24.078226 1.463678 0.027283 -0.007609 1.579632 566.059998
-14.910082 23.908525 1.444053 0.024887 -0.002764 1.546111 566.289978
-14.792789 23.745329 1.425225 0.032141 -0.014458 1.513228 566.520020
-14.667213 23.583820 1.407497 0.014667 -0.008320 1.481921 566.750000
-14.540653 23.424679 1.394467 0.007353 -0.023401 1.451165 566.979980
-14.418360 23.261999 1.388954 0.009530 -0.037519 1.420633 567.210022
-14.305668 23.096607 1.391051 0.012483 -0.040420 1.391408 567.429993
-14.196390 22.920324 1.399328 0.014752 -0.035821 1.362028 567.650024
-14.094823 22.744789 1.411003 0.003227 -0.016133 1.334090 567.859985
-13.993624 22.562826 1.423637 0.004568 0.007645 1.304469 568.080017
-13.888925 22.384592 1.431113 0.033923 0.019444 1.273429 568.309998
-13.771952 22.219942 1.429668 0.037039 0.022217 1.242525 568.539978
-13.640316 22.068104 1.419014 0.035804 0.016062 1.211321 568.770020
-13.497212 21.925673 1.402290 0.017862 -0.005030 1.179872 569.000000
-13.354742 21.783829 1.389303 -0.002394 -0.049105 1.148783 569.229980
-13.225666 21.620895 1.387160 -0.014077 -0.061795 1.116394 569.469971
-13.125152 21.440111 1.396682 -0.011106 -0.045578 1.083505 569.710022
-13.045107 21.249668 1.410233 0.030381 -0.012357 1.050503 569.950012
-12.963860 21.063925 1.419323 0.047891 0.011921 1.019444 570.179993
-12.868789 20.887930 1.420834 0.054242 0.019902 0.989011 570.400024
-12.753458 20.714792 1.414460 0.040986 0.020136 0.957921 570.619995
-12.631551 20.556629 1.402832 -0.038037 0.027368 0.928962 570.830017
-12.502684 20.403656 1.386817 -0.104576 0.030062 0.896699 571.080017
-12.350707 20.275766 1.359586 0.046668 0.081930 0.832736 571.830017
-12.153877 20.317535 1.378471 0.077878 0.074958 0.805915 572.299988
-11.954414 20.342344 1.398055 0.061872 0.054099 0.788502 572.559998
-11.753088 20.359678 1.416648 0.037777 0.029693 0.771635 572.780029
-11.548985 20.372730 1.435224 0.026150 0.020830 0.754238 572.989990
-11.340875 20.382334 1.453915 0.029464 0.000294 0.734558 573.200012
-11.134267 20.382332 1.472400 0.039884 -0.016047 0.712433 573.409973
-10.931862 20.365711 1.490329 0.035709 -0.024141 0.687875 573.619995
-10.727931 20.330030 1.508206 0.031911 -0.017569 0.660384 573.840027
-10.531179 20.279501 1.525649 0.035085 0.000348 0.631188 574.059998
-10.335141 20.218533 1.542850 0.032402 0.007672 0.600062 574.280029
-10.138745 20.148756 1.555945 0.044675 -0.022431 0.567071 574.500000
-9.949836 20.060282 1.559658 0.054414 -0.049047 0.533048 574.719971
-9.777436 19.945673 1.552605 0.033314 -0.055691 0.499237 574.940002
-9.627193 19.810802 1.535213 0.036394 -0.040071 0.466068 575.159973
-9.493372 19.660051 1.509239 0.035140 -0.018956 0.433092 575.380005
-9.366735 19.499323 1.479447 0.022794 0.017476 0.400166 575.599976
-9.235317 19.339912 1.451232 0.011712 0.044177 0.366764 575.820007
-9.091161 19.191097 1.427560 -0.007623 0.039288 0.333417 576.039978
-8.937264 19.058247 1.409314 -0.001397 0.040497 0.300486 576.260010
-8.773623 18.938295 1.396273 0.010222 0.038547 0.267832 576.479980
-8.599982 18.824770 1.387447 0.018025 0.032403 0.235328 576.700012
-8.427187 18.717800 1.381921 0.014091 0.020996 0.204409 576.909973
-8.252630 18.613802 1.380420 -0.028648 0.023218 0.174905 577.119995
-8.069890 18.525005 1.385574 -0.062985 0.043277 0.146482 577.340027
-7.873233 18.470194 1.398540 -0.066706 0.035736 0.122783 577.570007
-7.672267 18.453873 1.417490 -0.047406 0.034757 0.101786 577.799988
-7.467281 18.462162 1.438339 0.010480 0.028236 0.082206 578.030029
-7.267829 18.467045 1.456390 0.052805 0.022962 0.062766 578.250000
-7.066299 18.449150 1.470706 0.067086 0.024163 0.042098 578.469971
-6.862793 18.402620 1.480286 0.059487 0.022251 0.019576 578.690002
-6.669132 18.335649 1.485080 0.038755 -0.008957 -0.004526 578.900024
-6.480680 18.249485 1.485605 0.062517 -0.045164 -0.030520 579.119995
-6.315687 18.134153 1.480633 0.087601 -0.048051 -0.058169 579.349976
-6.180379 17.976295 1.469900 0.083867 -0.033909 -0.087987 579.590027
-6.082561 17.800755 1.456401 0.067070 -0.014858 -0.116672 579.809998
-6.004173 17.614550 1.441748 0.024949 -0.010700 -0.146011 580.020020
-5.930742 17.419277 1.427958 -0.029449 0.025658 -0.177649 580.239990
-5.842731 17.236897 1.419073 -0.055443 0.065061 -0.212153 580.469971
-5.717838 17.078886 1.416597 -0.057013 0.056708 -0.245491 580.710022
-5.561072 16.951746 1.420113 -0.039040 0.057034 -0.279055 580.950012
-5.386091 16.848547 1.427740 -0.023277 0.021799 -0.309911 581.179993
-5.201377 16.756857 1.436612 -0.019397 -0.069513 -0.338927 581.419983
-5.016983 16.675415 1.449135 0.006166 -0.181420 -0.373369 581.760010
-5.211443 16.619324 1.485526 0.077293 -0.101540 -0.407574 582.409973
-5.408266 16.581003 1.502626 0.049342 -0.057983 -0.417436 582.630005
-5.608420 16.539732 1.518516 0.001417 -0.026218 -0.428319 582.830017
-5.810102 16.504015 1.532673 -0.030546 -0.034867 -0.441757 583.030029
-6.009299 16.485472 1.543709 -0.045171 -0.030512 -0.457707 583.229980
-6.211547 16.488474 1.551091 -0.043675 -0.022275 -0.476834 583.440002
-6.413710 16.513224 1.554427 -0.026193 -0.031421 -0.498592 583.659973
-6.611026 16.553940 1.554476 -0.015811 -0.010535 -0.523219 583.880005
-6.808554 16.601862 1.552895 0.030254 0.009436 -0.550581 584.109985
-7.008354 16.633045 1.552383 0.071428 0.012576 -0.580682 584.349976
-7.212405 16.627232 1.554443 0.075694 0.008435 -0.612746 584.590027
-7.416133 16.587749 1.559184 0.063372 0.001699 -0.645073 584.820007
-7.607809 16.530956 1.565132 0.027759 0.000042 -0.674948 585.030029
-7.798586 16.468489 1.569516 -0.006591 -0.032961 -0.705505 585.239990
-7.997880 16.417650 1.569743 -0.024273 -0.060541 -0.737653 585.460022
-8.199876 16.395229 1.564193 -0.024284 -0.066817 -0.770777 585.679993
-8.405866 16.402620 1.552868 -0.011626 -0.061958 -0.804618 585.900024
-8.606676 16.431454 1.538222 0.001201 -0.026669 -0.837445 586.109985
-8.805812 16.465435 1.523975 0.035128 0.035386 -0.869710 586.320007
-9.006274 16.477516 1.513290 0.055334 0.068807 -0.902522 586.539978
-9.204843 16.447176 1.507858 0.048182 0.070109 -0.937360 586.770020
-9.392160 16.375317 1.508075 0.049814 0.053274 -0.972581 587.000000
-9.566067 16.276575 1.512873 0.027806 0.031625 -1.005816 587.219971
-9.734097 16.163260 1.520186 0.007752 0.014269 -1.037847 587.440002
-9.901460 16.041830 1.527148 0.018541 0.006697 -1.070563 587.669983
-10.066431 15.919359 1.531384 0.022977 0.001292 -1.103047 587.900024
-10.232383 15.797590 1.531977 0.020297 -0.001249 -1.135010 588.130005
-10.399420 15.678124 1.528885 0.031812 0.002268 -1.166684 588.359985
-10.563924 15.563025 1.523233 0.034335 0.009445 -1.196956 588.580017
-10.732752 15.443739 1.517073 0.029583 0.025448 -1.227417 588.799988
-10.894201 15.321450 1.512297 0.017141 0.028612 -1.257139 589.010010
-11.050987 15.191646 1.509118 0.003984 0.022775 -1.287050 589.219971
-11.206526 15.051545 1.507594 0.011211 0.023994 -1.318383 589.440002
-11.356289 14.906843 1.507902 0.020182 0.015362 -1.349858 589.659973
-11.506648 14.763164 1.508967 0.035821 -0.048650 -1.382103 589.880005
-11.669288 14.644914 1.509564 0.046314 -0.095049 -1.414725 590.099976
-11.859888 14.569042 1.508331 0.048293 -0.098337 -1.447748 590.330017
-12.060738 14.542685 1.504864 0.042730 -0.074802 -1.478588 590.549988
-12.263338 14.547204 1.499578 0.015046 0.002579 -1.507529 590.760010
-12.471551 14.549607 1.494296 -0.016123 0.086227 -1.540618 590.979980
-12.669147 14.511739 1.490552 -0.036061 0.104997 -1.575576 591.210022
-12.846206 14.417979 1.488314 -0.030166 0.099027 -1.611256 591.450012
-12.993071 14.281898 1.487622 -0.020591 0.068613 -1.644754 591.679993
-13.121917 14.120736 1.487237 -0.047451 -0.025094 -1.673952 591.909973
-13.235491 13.950547 1.487300 -0.058926 -0.089845 -1.704603 592.190002
-13.306331 13.763057 1.492622 0.006425 0.120059 -1.765919 593.030029
-13.346568 13.565440 1.503578 0.010646 0.120272 -1.784465 593.409973
-13.395186 13.367553 1.511281 0.007729 0.074106 -1.797395 593.650024
-13.446878 13.169744 1.517859 0.004575 0.044689 -1.809881 593.859985
-13.499843 12.973117 1.524087 0.004723 0.027892 -1.823519 594.059998
-13.556322 12.777151 1.530588 0.054088 -0.014258 -1.839844 594.260010
-13.637742 12.585180 1.539253 0.115535 -0.051654 -1.863118 594.479980
-13.770061 12.429554 1.549801 0.114331 -0.065887 -1.891940 594.719971
-13.952098 12.332378 1.561265 0.095698 -0.043773 -1.921433 594.969971
-14.150034 12.287232 1.573067 0.071961 -0.015590 -1.950793 595.200012
-14.358285 12.266326 1.585462 0.037680 0.001925 -1.981774 595.419983
-14.562894 12.252827 1.596149 0.004487 0.027050 -2.012881 595.630005
-14.764606 12.231060 1.604107 -0.011104 0.045912 -2.045141 595.840027
-14.969665 12.189853 1.608602 -0.022356 0.037698 -2.078817 596.059998
-15.164875 12.130488 1.609154 -0.013104 0.039367 -2.112632 596.280029
-15.354079 12.055868 1.606585 -0.003281 0.028336 -2.146187 596.500000
-15.539858 11.974113 1.601724 0.020883 0.004604 -2.179272 596.719971
-15.725606 11.899664 1.595309 0.043644 -0.003095 -2.212282 596.940002
-15.924614 11.839549 1.587725 0.040018 -0.011808 -2.246696 597.169983
-16.126106 11.799279 1.579795 0.040909 0.001811 -2.279709 597.400024
-16.333052 11.773820 1.571883 0.038508 0.017133 -2.312269 597.630005
-16.539221 11.757244 1.564680 0.030647 0.023832 -2.343590 597.849976
-16.742767 11.744236 1.558153 0.022649 0.026032 -2.373594 598.059998
-16.950775 11.731225 1.551804 0.012171 0.019235 -2.403671 598.270020
-17.158052 11.717428 1.545370 0.006828 0.008319 -2.433432 598.479980
-17.360460 11.704154 1.538516 0.013908 0.013156 -2.462997 598.690002
-17.560888 11.692572 1.531154 0.019114 0.018444 -2.492602 598.900024
-17.762287 11.683238 1.523322 0.019545 0.020080 -2.522373 599.109985
-17.965622 11.676105 1.515180 0.015075 0.015995 -2.552362 599.320007
-18.167906 11.670844 1.506989 0.007580 0.007535 -2.582273 599.530029
-18.373547 11.666501 1.499325 -0.005003 0.006687 -2.613188 599.750000
-18.579895 11.657746 1.495621 -0.018193 0.027346 -2.645221 599.979980
-18.782743 11.635377 1.498618 -0.019741 0.039986 -2.676833 600.210022
-18.988049 11.596478 1.508102 -0.015393 0.034547 -2.707940 600.440002
-19.186161 11.547890 1.519666 -0.003431 0.027453 -2.737508 600.659973
-19.385445 11.495155 1.529697 0.007902 0.028955 -2.767385 600.880005
-19.587107 11.443672 1.536162 0.011170 0.013684 -2.797437 601.099976
-19.787153 11.397061 1.538196 0.011596 0.019411 -2.827302 601.320007
-19.987064 11.355087 1.536122 0.009086 0.012132 -2.857293 601.539978
-20.188387 11.316814 1.530694 0.001849 -0.064875 -2.887581 601.770020
-20.386591 11.283228 1.522064 -0.003914 -0.120676 -2.921450 602.070007
-20.279530 11.456061 1.550327 0.079928 -0.097404 -2.968700 602.880005
-20.139469 11.599231 1.568544 0.054671 -0.061583 -2.978807 603.090027
-19.999086 11.746731 1.588112 0.034425 -0.035969 -2.990225 603.280029
-19.861742 11.893474 1.608511 0.016564 -0.017850 -3.003164 603.460022
-19.724861 12.039424 1.628539 -0.021344 -0.015383 -3.018058 603.640015
-19.579971 12.180500 1.646824 -0.055342 -0.031834 -3.035519 603.830017
-19.420788 12.303703 1.661235 -0.066485 -0.041941 -3.056637 604.030029
-19.242632 12.401947 1.670435 -0.057306 -0.044042 -3.081987 604.239990
-19.054300 12.472972 1.673833 -0.028250 -0.017367 -3.110938 604.450012
-18.859348 12.533358 1.671570 0.040796 0.024238 3.141106 604.669983
-18.669703 12.616339 1.664334 0.079077 0.042971 3.107725 604.909973
-18.505962 12.742376 1.653051 0.075220 0.041072 3.071405 605.159973
-18.377058 12.899813 1.640204 0.066179 0.023719 3.034952 605.400024
-18.269699 13.076128 1.627493 0.032957 0.014693 3.000659 605.630005
-18.176956 13.253971 1.617292 0.029909 0.006370 2.967900 605.849976
-18.089472 13.437062 1.610408 0.029648 -0.000510 2.935095 606.070007
-18.003908 13.623278 1.606876 0.015886 -0.002825 2.902713 606.289978
-17.919455 13.807719 1.606221 0.024046 -0.005802 2.870464 606.510010
-17.833954 13.992291 1.607784 0.017081 -0.005891 2.838498 606.729980
-17.747759 14.174620 1.610514 0.014282 -0.004709 2.806978 606.950012
-17.656761 14.359703 1.612829 -0.002776 -0.040844 2.774711 607.179993
-17.546133 14.532729 1.610315 -0.019063 -0.097103 2.742493 607.419983
-17.392075 14.672260 1.599556 -0.017990 -0.106730 2.708404 607.669983
-17.212559 14.762455 1.582049 -0.006174 -0.088911 2.676488 607.900024
-17.014179 14.822987 1.560056 0.000328 -0.056148 2.646114 608.119995
-16.812792 14.866810 1.538001 0.011619 -0.018715 2.617307 608.330017
-16.611273 14.908620 1.518673 0.029662 0.000827 2.588743 608.539978
-16.413813 14.958403 1.503895 0.023154 0.015767 2.560560 608.750000
-16.216623 15.020847 1.493424 0.021788 0.018800 2.530707 608.969971
-16.024036 15.098042 1.486973 0.029299 0.048229 2.499544 609.200012
-15.844515 15.202607 1.482803 0.044041 0.065205 2.466431 609.440002
-15.693393 15.335228 1.479192 0.046909 0.058035 2.433610 609.669983
-15.562689 15.489938 1.474916 0.043383 0.041818 2.401399 609.890015
-15.445591 15.655562 1.470216 0.014318 0.030113 2.370539 610.099976
-15.339715 15.827880 1.467913 -0.003626 0.050379 2.339506 610.309998
-15.250911 16.014975 1.470103 -0.004710 0.063073 2.306493 610.530029
-15.187543 16.212439 1.477478 -0.000810 0.057669 2.273387 610.750000
-15.146508 16.410248 1.488573 0.005362 0.037500 2.241783 610.960022
-15.113927 16.611586 1.497383 0.032780 -0.017618 2.210156 611.169983
-15.065470 16.814758 1.497646 0.056852 -0.058115 2.176041 611.390015
-14.984742 17.001316 1.485614 0.060752 -0.065446 2.142691 611.609985
-14.869581 17.169201 1.461021 0.058468 -0.050205 2.110377 611.830017
-14.733940 17.315271 1.428649 0.014699 -0.038927 2.079566 612.039978
-14.586283 17.447306 1.392992 -0.068690 -0.040309 2.049092 612.260010
-14.430403 17.566736 1.352541 -0.115059 -0.032223 2.013436 612.559998
-14.497953 17.757818 1.369371 -0.013423 0.127286 1.980455 613.390015
-14.619959 17.915798 1.401868 -0.005191 0.088827 2.001579 613.640015
-14.736935 18.078852 1.433375 0.001498 0.046726 2.023974 613.849976
-14.850850 18.244461 1.464865 0.018546 0.025550 2.045400 614.049988
-14.956931 18.414913 1.493276 0.060796 0.009313 2.063743 614.250000
-15.043704 18.600492 1.516501 0.082193 0.000841 2.077303 614.460022
-15.097397 18.792746 1.531582 0.070867 -0.013030 2.084637 614.669983
-15.121066 18.995611 1.538910 0.056811 -0.002163 2.091202 614.890015
-15.122301 19.198946 1.538423 -0.011846 0.008367 2.096779 615.109985
-15.131926 19.400570 1.529987 -0.105024 0.020933 2.103757 615.340027
-15.199920 19.594706 1.512288 -0.125895 0.012821 2.118450 615.599976
-15.335705 19.744347 1.487885 -0.103561 0.019856 2.136277 615.859985
-15.509043 19.852158 1.462326 -0.065017 0.019076 2.157554 616.099976
-15.691492 19.936003 1.438766 -0.021443 0.016888 2.177723 616.320007
-15.876730 20.017639 1.420521 0.043622 0.032819 2.194756 616.539978
-16.052839 20.124071 1.412332 0.079376 0.044640 2.206460 616.770020
-16.201033 20.266535 1.415814 0.078836 0.042599 2.209248 617.000000
-16.315735 20.433445 1.427073 0.082592 0.008545 2.201964 617.219971
-16.395937 20.619106 1.441979 0.098551 -0.005015 2.188769 617.440002
-16.434347 20.819794 1.456988 0.091847 -0.005428 2.169357 617.659973
-16.435499 21.021927 1.469465 0.069950 -0.002531 2.145308 617.869995
-16.411392 21.229614 1.479594 0.044878 0.002705 2.116838 618.080017
-16.375145 21.427210 1.486554 0.005675 -0.003608 2.086240 618.280029
-16.336483 21.625992 1.490257 -0.021128 0.021079 2.052055 618.489990
-16.310102 21.828152 1.490199 -0.028056 0.041822 2.014557 618.710022
-16.304321 22.031620 1.486525 -0.023497 0.046372 1.976606 618.929993
-16.316938 22.239742 1.480180 -0.015667 0.038660 1.938604 619.150024
-16.339935 22.439777 1.473098 0.006251 -0.009252 1.903333 619.359985
-16.357546 22.645720 1.468110 0.067204 -0.034515 1.864681 619.590027
-16.333811 22.850050 1.469354 0.098941 -0.028682 1.824240 619.840027
-16.251896 23.040346 1.476784 0.066920 -0.012127 1.789333 620.090027
-16.142405 23.216114 1.483968 -0.021404 0.040827 1.763674 620.330017
-16.052383 23.400642 1.488102 -0.071671 0.056486 1.745677 620.570007
-16.009134 23.597612 1.487169 -0.077580 0.047667 1.737261 620.809998
-16.013319 23.802685 1.480463 -0.059250 0.046970 1.734852 621.049988
-16.051029 24.004509 1.470453 -0.056597 0.003576 1.740079 621.280029
-16.117046 24.193888 1.461603 -0.087239 -0.009222 1.749518 621.510010
-16.226702 24.368090 1.456062 -0.091902 -0.005513 1.765467 621.750000
-16.371922 24.514299 1.455061 -0.075279 0.002701 1.786764 621.979980
-16.538757 24.640295 1.457743 -0.045437 0.001848 1.812629 622.200012
-16.707689 24.749025 1.461832 0.016314 -0.045873 1.840407 622.409973
-16.881502 24.849495 1.466820 0.068152 -0.085427 1.870744 622.659973
-16.995214 24.684793 1.486866 -0.036557 -0.098525 1.958390 623.900024
-16.964840 24.486940 1.492543 -0.033778 -0.071572 1.970337 624.140015
-16.940979 24.287394 1.497312 -0.021878 -0.034463 1.981327 624.349976
-16.920826 24.079454 1.502002 -0.017271 -0.024206 1.991337 624.559998
-16.904266 23.879829 1.506483 0.012801 -0.015947 1.997545 624.760010
-16.879042 23.676680 1.511777 0.068149 -0.015684 1.999536 624.969971
-16.823927 23.480427 1.518180 0.087409 -0.010808 1.996949 625.190002
-16.728674 23.298561 1.525394 0.077458 -0.007544 1.988037 625.419983
-16.601213 23.138271 1.533202 0.058359 -0.017003 1.971518 625.650024
-16.458387 22.996307 1.539610 0.010228 -0.023298 1.950583 625.869995
-16.314037 22.853069 1.541773 -0.033791 -0.040221 1.924626 626.090027
-16.184422 22.695473 1.538423 -0.050459 -0.042634 1.894031 626.309998
-16.076351 22.520344 1.529300 -0.045545 -0.042678 1.859972 626.530029
-15.991615 22.338686 1.515943 -0.032387 -0.033500 1.825016 626.739990
-15.920709 22.149282 1.499624 -0.020370 -0.009909 1.788862 626.950012
-15.857984 21.953737 1.482692 -0.009724 -0.006679 1.751493 627.169983
-15.799863 21.755074 1.468747 0.000046 -0.023135 1.712879 627.400024
-15.743923 21.557032 1.460159 0.001452 -0.014623 1.675044 627.630005
-15.688951 21.360826 1.456870 0.007678 -0.026903 1.638166 627.859985
-15.632518 21.162577 1.457846 0.006807 -0.020862 1.602541 628.090027
-15.575024 20.963736 1.461672 0.007893 -0.018352 1.568179 628.320007
-15.515806 20.766960 1.465332 0.027453 -0.007683 1.535114 628.549988
-15.445992 20.575657 1.465056 0.050152 -0.005659 1.503136 628.780029
-15.355683 20.389624 1.459078 0.057047 -0.010688 1.471733 629.010010
-15.248303 20.213575 1.447935 0.049066 -0.012804 1.442141 629.229980
-15.131083 20.046156 1.433406 0.026400 -0.004019 1.414537 629.440002
-15.008405 19.883049 1.416589 0.015484 0.000092 1.386735 629.650024
-14.877917 19.720486 1.401109 0.033196 0.026829 1.357226 629.869995
-14.736643 19.575037 1.392891 0.045617 0.049986 1.327428 630.090027
-14.570065 19.449446 1.393571 0.032972 0.051498 1.295446 630.320007
-14.388316 19.350761 1.402692 0.030233 0.040388 1.262846 630.549988
-14.195122 19.272249 1.415434 0.034491 0.028522 1.229851 630.780029
-14.000353 19.208479 1.426246 0.030707 0.016509 1.197867 631.000000
-13.800345 19.150211 1.433254 0.013982 0.005565 1.165999 631.219971
-13.602277 19.094540 1.435451 0.024572 0.002557 1.134184 631.440002
-13.404077 19.038141 1.433220 0.022904 -0.007953 1.102128 631.659973
-13.210369 18.974409 1.428667 0.000817 -0.078477 1.070350 631.880005
-13.029687 18.872412 1.424134 -0.014926 -0.128120 1.036775 632.119995
-12.896513 18.715450 1.420351 -0.024965 -0.110793 1.001325 632.369995
-12.820242 18.527378 1.418497 -0.005460 -0.086761 0.967766 632.609985
-12.779564 18.323133 1.418766 -0.019305 -0.031698 0.936625 632.840027
-12.758863 18.124094 1.419696 -0.066637 0.043123 0.905178 633.070007
-12.752088 17.923805 1.420676 -0.077818 0.075354 0.867823 633.400024
-12.692736 17.731565 1.432406 0.132920 -0.040350 0.808473 634.369995
-12.587143 17.558655 1.443404 0.101529 -0.034561 0.792566 634.659973
-12.485590 17.383743 1.451328 0.047851 -0.020018 0.778633 634.880005
-12.384598 17.202793 1.457267 0.024223 -0.021916 0.762080 635.090027
-12.287815 17.016430 1.459939 0.017368 -0.028137 0.742975 635.299988
-12.199553 16.826633 1.458716 -0.001948 -0.022329 0.721643 635.510010
-12.122488 16.639473 1.453452 0.004664 -0.019506 0.697982 635.719971
-12.051015 16.445784 1.444334 0.014115 -0.016235 0.670921 635.940002
-11.985365 16.253071 1.432967 0.008811 -0.008852 0.642079 636.159973
-11.919895 16.056574 1.421544 0.013954 0.028416 0.610036 636.390015
-11.837529 15.865543 1.416224 0.020715 0.075968 0.574849 636.630005
-11.720525 15.698207 1.420009 0.009583 0.076416 0.538038 636.869995
-11.570270 15.556467 1.432416 0.013435 0.064460 0.500554 637.109985
-11.401248 15.438036 1.451472 0.021889 0.048506 0.464187 637.340027
-11.222852 15.332349 1.474163 0.018789 0.034262 0.429209 637.559998
-11.043682 15.235477 1.497286 0.014571 0.031272 0.395972 637.770020
-10.858950 15.142762 1.519644 0.005222 0.019838 0.362945 637.979980
-10.674295 15.055326 1.539987 0.001979 0.012955 0.330503 638.190002
-10.492649 14.972890 1.558215 0.010781 0.019521 0.298525 638.400024
-10.302334 14.888711 1.575135 0.021489 0.007609 0.265540 638.619995
-10.118178 14.798437 1.587153 0.055127 -0.063909 0.231769 638.840027
-9.958969 14.676467 1.591811 0.073760 -0.107931 0.196349 639.070007
-9.848522 14.507567 1.586818 0.073234 -0.102767 0.162231 639.309998
-9.793126 14.309363 1.573589 0.062676 -0.072903 0.131080 639.539978
-9.773501 14.107178 1.556760 0.026837 -0.041445 0.102615 639.750000
-9.770393 13.901766 1.538275 -0.003224 0.005865 0.073509 639.960022
-9.763779 13.697779 1.520829 -0.006233 0.064339 0.042199 640.179993
-9.726616 13.499576 1.506937 0.001018 0.087075 0.010059 640.409973
-9.648441 13.312149 1.497736 0.005442 0.077451 -0.021780 640.640015
-9.540842 13.138715 1.492977 0.015393 0.057447 -0.052466 640.859985
-9.418938 12.973655 1.491543 0.025789 0.028895 -0.082287 641.070007
-9.297368 12.813075 1.492288 0.028659 0.007188 -0.111168 641.270020
-9.179991 12.649521 1.494269 0.016507 -0.012578 -0.139318 641.469971
-9.067883 12.479033 1.496692 0.023577 -0.007362 -0.165063 641.679993
-8.961258 12.299664 1.499362 0.013209 0.000359 -0.186660 641.900024
-8.859392 12.125515 1.501818 -0.049238 0.031046 -0.203103 642.119995
-8.732620 11.967010 1.504538 -0.087118 0.060373 -0.215378 642.359985
-8.566156 11.852295 1.506688 -0.082163 0.048356 -0.218388 642.609985
-8.369642 11.784635 1.508041 -0.055981 0.052668 -0.217825 642.859985
-8.167104 11.749384 1.508816 -0.029963 0.028104 -0.212489 643.090027
-7.965771 11.728958 1.509075 -0.019310 0.026510 -0.204463 643.309998
-7.760670 11.715973 1.508383 -0.014745 0.033524 -0.192061 643.530029
-7.559772 11.707786 1.506643 -0.010268 0.030906 -0.175873 643.739990
-7.354810 11.701964 1.503833 -0.006423 0.031773 -0.156319 643.950012
-7.146323 11.697068 1.500115 -0.003363 0.030223 -0.134274 644.159973
-6.945350 11.692395 1.495999 -0.001391 0.026444 -0.112451 644.359985
-6.743553 11.687345 1.491539 0.000041 0.013281 -0.091251 644.559998
-6.539038 11.681908 1.486529 0.002449 -0.059482 -0.070854 644.770020
-6.335653 11.676459 1.480610 0.003431 -0.116970 -0.049227 645.030029
-6.247471 11.860744 1.498627 -0.116611 0.012853 -0.015914 645.890015
-6.265588 12.065045 1.517453 -0.091095 0.012475 0.002553 646.159973
-6.273128 12.268978 1.535717 -0.046920 0.007730 0.020612 646.380005
-6.276914 12.475645 1.554627 -0.027977 0.003696 0.040224 646.590027
-6.280778 12.683537 1.572755 -0.002543 -0.036821 0.062087 646.799988
-6.301898 12.890879 1.588030 0.011295 -0.090913 0.086301 647.020020
-6.364775 13.087090 1.597872 0.024700 -0.094397 0.114565 647.250000
-6.474926 13.263362 1.601403 0.011996 -0.079357 0.146267 647.489990
-6.614007 13.411257 1.600027 -0.008235 -0.058378 0.177899 647.719971
-6.766873 13.544418 1.595032 -0.024812 -0.013173 0.209148 647.940002
-6.920891 13.680831 1.586547 -0.044597 0.021553 0.240992 648.159973
-7.063191 13.832112 1.575123 -0.051306 0.033688 0.274023 648.380005
-7.184658 13.993954 1.561908 -0.047223 0.031715 0.306642 648.590027
-7.293542 14.170435 1.547159 -0.028713 0.024024 0.339749 648.799988
-7.391589 14.353166 1.531861 -0.009966 0.017686 0.372658 649.010010
-7.479448 14.534443 1.518164 -0.014026 0.017653 0.405449 649.219971
-7.562240 14.724085 1.507070 -0.019677 0.015217 0.439652 649.440002
-7.638022 14.914369 1.499681 -0.009593 0.009145 0.473313 649.659973
-7.708436 15.101814 1.495533 -0.020273 0.007505 0.506385 649.880005
-7.779666 15.297565 1.494105 -0.015324 0.003033 0.540438 650.109985
-7.850790 15.490806 1.493361 -0.021299 -0.020611 0.573583 650.340027
-7.932869 15.676862 1.489440 -0.031700 -0.053516 0.606259 650.570007
-8.040215 15.850884 1.480424 -0.020699 -0.058417 0.638037 650.799988
-8.170547 16.006601 1.467358 -0.004505 -0.045476 0.668742 651.030029
-8.320962 16.148510 1.453253 -0.024551 -0.032103 0.700112 651.270020
-8.477856 16.275591 1.441440 -0.037142 -0.019384 0.729894 651.500000
-8.638541 16.397366 1.432755 -0.039499 -0.009136 0.758597 651.719971
-8.798863 16.517235 1.426808 -0.025272 -0.001394 0.786367 651.929993
-8.964710 16.644239 1.423320 0.015252 0.044411 0.816518 652.150024
-9.114051 16.789001 1.424267 0.024290 0.103090 0.851375 652.390015
-9.212130 16.965300 1.429861 0.027039 0.097805 0.886255 652.640015
-9.255845 17.167110 1.438429 0.009439 0.067918 0.920270 652.890015
-9.269628 17.367668 1.444847 -0.037303 0.012168 0.951990 653.119995
-9.293119 17.573595 1.446821 -0.068701 -0.024189 0.985495 653.349976
-9.345853 17.768881 1.443077 -0.071182 -0.034760 1.017283 653.570007
-9.431363 17.958305 1.433676 -0.062003 -0.027875 1.048407 653.789978
-9.537646 18.131939 1.422224 -0.039266 -0.041672 1.078773 654.000000
-9.662704 18.289352 1.415052 -0.036759 -0.067621 1.108779 654.210022
-9.815989 18.426413 1.416265 -0.032312 -0.070511 1.139459 654.429993
-9.988419 18.532936 1.426496 -0.014176 -0.055076 1.169469 654.650024
-10.174484 18.618284 1.443723 0.017758 0.020407 1.201418 654.880005
-10.351829 18.714474 1.464927 0.038800 0.102114 1.238326 655.130005
-10.487336 18.865578 1.486057 0.035130 0.118490 1.276199 655.400024
-10.561626 19.050842 1.500659 0.022716 0.095074 1.308786 655.640015
-10.603004 19.249588 1.508851 0.036072 -0.001399 1.335522 655.859985
-10.627401 19.449413 1.513118 0.047307 -0.086405 1.361133 656.099976
-10.633584 19.650303 1.514630 0.019052 -0.097633 1.400054 656.539978
-10.801705 19.761593 1.516452 -0.120044 0.054460 1.437002 657.320007
-10.984524 19.862564 1.520720 -0.078388 0.041875 1.456538 657.580017
-11.160132 19.964245 1.524300 -0.038249 0.025086 1.474961 657.789978
-11.333795 20.068068 1.527633 -0.011417 0.018996 1.494153 657.989990
-11.503733 20.175165 1.529408 -0.001440 0.026990 1.515544 658.190002
-11.673924 20.293196 1.528858 0.003033 0.027465 1.540493 658.400024
-11.834123 20.416573 1.525682 0.006898 0.019306 1.567388 658.609985
-11.991105 20.548536 1.519696 -0.005025 0.023048 1.597506 658.830017
-12.142230 20.683662 1.511083 -0.012767 0.016270 1.629055 659.049988
-12.292236 20.819223 1.498137 -0.025658 0.013061 1.661686 659.270020
-12.446412 20.952751 1.480395 -0.024631 0.005363 1.695376 659.489990
-12.604172 21.080774 1.458542 -0.018126 0.000562 1.729199 659.710022
-12.768223 21.207071 1.435210 0.008010 0.013920 1.764123 659.940002
-12.921309 21.335110 1.418684 0.031348 0.043003 1.798876 660.169983
-13.061238 21.486521 1.412101 0.037298 0.038872 1.833290 660.409973
-13.179754 21.656643 1.416297 0.028470 0.041930 1.867090 660.650024
-13.279221 21.835876 1.429046 0.015064 0.043245 1.899000 660.880005
-13.369796 22.018648 1.445551 -0.028669 0.020250 1.928977 661.099976
-13.471455 22.196276 1.462057 -0.078294 -0.000726 1.960306 661.320007
-13.600153 22.351871 1.475534 -0.093483 -0.006132 1.992010 661.539978
-13.759683 22.480066 1.484612 -0.083100 -0.001790 2.023564 661.760010
-13.935755 22.580544 1.489178 -0.052462 0.008924 2.053613 661.969971
-14.124653 22.669556 1.490751 -0.017911 0.026524 2.083793 662.179993
-14.307424 22.755169 1.490695 0.004276 0.032174 2.112972 662.380005
-14.486876 22.847853 1.489756 0.014796 0.030774 2.142148 662.580017
-14.659927 22.949131 1.488526 0.015279 0.030827 2.171420 662.780029
-14.833828 23.063469 1.487392 0.026938 0.003359 2.200880 662.989990
-14.998157 23.187349 1.486815 0.054086 0.005876 2.228508 663.210022
-15.142579 23.328753 1.487340 0.060644 0.019116 2.250100 663.440002
-15.266068 23.495369 1.489144 0.047419 0.016310 2.261581 663.679993
-15.368959 23.677021 1.492231 0.031598 0.031422 2.263026 663.919983
-15.458711 23.862980 1.496254 0.013613 0.015565 2.254576 664.150024
-15.544335 24.049776 1.498788 -0.015227 0.016734 2.242072 664.380005
-15.636643 24.229340 1.497122 -0.034631 0.032915 2.229514 664.609985
-15.746040 24.400827 1.490567 -0.034976 0.011544 2.221258 664.840027
-15.874352 24.564449 1.481222 -0.046005 0.016180 2.216821 665.080017
-16.020517 24.711145 1.472601 -0.046718 0.024332 2.219298 665.320007
-16.176420 24.837358 1.465587 -0.017570 -0.039133 2.230146 665.549988
-16.345629 24.953056 1.458969 0.017958 -0.098238 2.245570 665.830017
-16.282787 24.764414 1.483267 -0.011985 -0.113182 2.287046 666.789978
-16.161230 24.595316 1.495920 -0.010281 -0.072912 2.299327 667.000000
-16.040806 24.426670 1.508644 0.002820 -0.040102 2.310092 667.190002
-15.921825 24.264683 1.520534 0.028579 -0.018274 2.318709 667.369995
-15.790319 24.102732 1.532018 0.045405 -0.007766 2.324738 667.559998
-15.652180 23.956705 1.541659 0.043953 0.011264 2.327400 667.750000
-15.496119 23.817272 1.549935 0.038890 0.002282 2.323638 667.960022
-15.336606 23.696442 1.556308 0.027118 -0.004444 2.314169 668.169983
-15.167995 23.583204 1.561088 0.005717 0.003664 2.300428 668.390015
-14.995762 23.467224 1.562800 -0.072170 0.007978 2.284654 668.630005
-14.855525 23.323437 1.558750 -0.124116 -0.002811 2.271010 668.890015
-14.780687 23.138062 1.547596 -0.114462 -0.014187 2.260654 669.150024
-14.760466 22.939022 1.532638 -0.076630 -0.017947 2.251184 669.380005
-14.762232 22.731630 1.515734 0.039749 -0.018012 2.240492 669.599976
-14.743507 22.530422 1.499201 0.128830 -0.027133 2.227596 669.830017
-14.655380 22.350016 1.482934 0.134058 -0.015269 2.213453 670.090027
-14.496879 22.222752 1.469218 0.110404 -0.024468 2.192600 670.349976
-14.309990 22.141506 1.459227 0.060323 -0.009948 2.172978 670.580017
-14.113666 22.079527 1.450610 0.003982 -0.013230 2.150434 670.799988
-13.921376 22.016350 1.440683 -0.033181 -0.042180 2.125279 671.020020
-13.733914 21.929014 1.427474 -0.049090 -0.041152 2.095556 671.250000
-13.566072 21.816223 1.410787 -0.037847 -0.041268 2.063891 671.479980
-13.413094 21.683840 1.394195 0.009574 -0.024882 2.030236 671.710022
-13.258596 21.548992 1.384117 0.049796 -0.007002 1.996437 671.940002
-13.088377 21.427744 1.383263 0.062702 0.000403 1.962227 672.169983
-12.906852 21.329092 1.390826 0.057264 0.001719 1.928825 672.390015
-12.719687 21.249199 1.404180 0.034664 0.007011 1.897090 672.599976
-12.528661 21.180616 1.420587 0.002296 0.003268 1.865451 672.809998
-12.337578 21.112457 1.435312 -0.027698 -0.037401 1.833284 673.030029
-12.155889 21.024376 1.443708 -0.035142 -0.066733 1.799893 673.260010
-11.992948 20.905769 1.443229 -0.026698 -0.069956 1.765632 673.489990
-11.850915 20.764212 1.434804 -0.012724 -0.057901 1.732627 673.710022
-11.717673 20.604696 1.422133 0.012565 -0.001803 1.699506 673.929993
-11.584345 20.453062 1.412661 0.055293 0.052034 1.668265 674.150024
-11.420308 20.325684 1.410908 0.074095 0.068587 1.634271 674.390015
-11.236020 20.247618 1.418370 0.066688 0.058392 1.600484 674.619995
-11.038404 20.205311 1.430381 0.047376 0.033100 1.567805 674.840027
-10.838142 20.181448 1.441921 0.038769 0.007714 1.536819 675.049988
-10.631272 20.161777 1.450791 0.029999 -0.008847 1.506113 675.260010
-10.432098 20.140099 1.455602 0.018758 -0.018132 1.476993 675.460022
-10.225925 20.109755 1.457759 0.010830 -0.037570 1.446618 675.669983
-10.026830 20.064932 1.458890 0.013491 -0.048528 1.416266 675.880005
-9.835818 20.002043 1.460126 0.000826 -0.041449 1.386120 676.090027
-9.647552 19.920725 1.462207 0.010975 -0.031625 1.354707 676.309998
-9.467529 19.828329 1.465498 -0.002583 -0.016253 1.323801 676.530029
-9.288459 19.726763 1.469008 -0.077253 0.009045 1.291099 676.770020
-9.115623 19.619829 1.471575 -0.109878 0.023878 1.250538 677.119995
-8.984108 19.465557 1.485334 0.098468 -0.057245 1.202351 677.960022
-8.862390 19.298584 1.501189 0.086669 -0.044058 1.186017 678.270020
-8.740211 19.138996 1.514534 0.051343 -0.023766 1.171868 678.500000
-8.616462 18.980993 1.527468 0.037062 -0.015113 1.155563 678.710022
-8.486675 18.818647 1.540724 0.029888 -0.001185 1.136548 678.919983
-8.351789 18.658352 1.553915 0.028524 0.013049 1.114706 679.130005
-8.210421 18.505215 1.566687 0.018863 0.018942 1.090228 679.340027
-8.065042 18.362576 1.578515 0.012888 0.017477 1.063553 679.549988
-7.911098 18.224123 1.587050 0.023350 0.009245 1.033496 679.770020
-7.753872 18.090958 1.587375 0.029319 0.000618 1.001582 679.989990
-7.594211 17.958494 1.578728 0.011218 -0.003066 0.968619 680.210022
-7.438241 17.828163 1.561757 0.014659 -0.004096 0.935012 680.429993
-7.285655 17.698788 1.537922 0.023262 -0.002912 0.900898 680.650024
-7.133293 17.569578 1.512276 0.014639 0.018746 0.866636 680.869995
-6.969954 17.443504 1.489818 0.020262 0.041606 0.830657 681.099976
-6.795285 17.332806 1.474816 0.008419 0.038492 0.794804 681.330017
-6.612063 17.238426 1.467724 0.016891 0.035838 0.759491 681.559998
-6.428461 17.158905 1.467470 0.018693 0.019980 0.726095 681.780029
-6.243104 17.081633 1.470537 0.022431 -0.042308 0.693506 682.000000
-6.067519 16.983137 1.474332 0.040654 -0.084784 0.659958 682.229980
-5.915866 16.842108 1.476304 0.045124 -0.081738 0.626069 682.469971
-5.796731 16.673536 1.476632 0.025464 -0.008010 0.595251 682.700012
-5.680053 16.500153 1.479717 0.011362 0.058790 0.562977 682.929993
-5.543689 16.346258 1.486996 -0.006933 0.072586 0.529818 683.159973
-5.384115 16.221178 1.498365 -0.002985 0.071516 0.496686 683.390015
-5.202621 16.121277 1.512904 -0.005426 0.045982 0.463904 683.619995
-5.012755 16.037922 1.525596 0.013333 -0.025063 0.432882 683.849976
-4.833754 15.943295 1.529758 0.052737 -0.081161 0.399317 684.090027
-4.687386 15.806477 1.520424 0.064399 -0.088011 0.364872 684.340027
-4.586400 15.634324 1.500776 0.046699 -0.055459 0.333477 684.580017
-4.513502 15.445445 1.480227 0.041962 -0.014090 0.303489 684.809998
-4.448836 15.253272 1.463996 0.024676 0.008190 0.274096 685.030029
-4.380686 15.059961 1.453021 0.018794 0.019935 0.244309 685.250000
-4.304948 14.869694 1.447634 0.025895 0.025220 0.214328 685.469971
-4.219377 14.681024 1.446958 0.010217 0.033902 0.184035 685.690002
-4.120760 14.500051 1.449486 -0.004077 0.061143 0.153026 685.909973
-4.000145 14.333939 1.453444 -0.007310 0.068885 0.121513 686.130005
-3.855004 14.183311 1.457632 -0.006085 0.058547 0.089755 686.349976
-3.698328 14.051441 1.461262 -0.002731 0.042116 0.059141 686.559998
-3.533679 13.929635 1.463846 -0.033283 -0.020350 0.030105 686.770020
-3.367357 13.815333 1.465316 -0.066285 -0.083913 0.001902 687.010010
-3.490204 13.659488 1.490300 0.046138 -0.102363 -0.060185 687.979980
-3.684258 13.608059 1.501955 0.030241 -0.057102 -0.071364 688.200012
-3.876656 13.553958 1.513395 -0.017406 -0.020381 -0.081837 688.400024
-4.077922 13.507811 1.525787 -0.061690 -0.018577 -0.091075 688.609985
-4.283899 13.489330 1.538349 -0.072504 -0.011337 -0.097236 688.830017
-4.491002 13.506616 1.550001 -0.063100 -0.016054 -0.096824 689.059998
-4.692197 13.555120 1.560326 -0.045191 -0.027376 -0.089064 689.289978
-4.885330 13.621629 1.569320 -0.026480 -0.030572 -0.075414 689.510010
-5.072584 13.694726 1.576775 -0.015412 -0.028082 -0.056906 689.719971
-5.262291 13.771657 1.582830 -0.010926 -0.028566 -0.033428 689.929993
-5.453559 13.849420 1.587274 -0.000606 -0.010198 -0.006231 690.140015
-5.640821 13.924282 1.590096 -0.003203 -0.013381 0.024136 690.349976
-5.833561 14.000181 1.591841 -0.005525 -0.017066 0.058375 690.570007
-6.023494 14.073823 1.592602 0.005832 -0.000691 0.093848 690.789978
-6.213716 14.144226 1.592341 0.007180 -0.019563 0.131473 691.020020
-6.411200 14.208600 1.591330 0.005950 -0.031957 0.171053 691.260010
-6.604791 14.261132 1.589897 0.005197 -0.026602 0.208584 691.489990
-6.801005 14.305744 1.587791 -0.002726 -0.028925 0.245304 691.719971
-7.001420 14.345626 1.582681 -0.007227 -0.031893 0.281136 691.950012
-7.198384 14.380894 1.572614 -0.011576 -0.034484 0.314681 692.169983
-7.402038 14.414554 1.556715 -0.016332 -0.036566 0.347723 692.390015
-7.603375 14.446212 1.536665 -0.015667 -0.030449 0.378724 692.599976
-7.808795 14.477621 1.513324 -0.009054 -0.017615 0.409251 692.809998
-8.013205 14.508119 1.489962 -0.008001 -0.016462 0.439498 693.020020
-8.215343 14.537229 1.468951 -0.009300 -0.018226 0.469438 693.229980
-8.416534 14.564998 1.451321 -0.013481 -0.022743 0.499272 693.440002
-8.618825 14.591769 1.437224 -0.014600 -0.022600 0.529034 693.650024
-8.822648 14.617793 1.426445 -0.016476 -0.015459 0.558842 693.859985
-9.025123 14.646546 1.419924 -0.038408 0.023790 0.588594 694.070007
-9.227579 14.695533 1.418556 -0.056913 0.052486 0.619708 694.289978
-9.414656 14.775881 1.421927 -0.041158 0.057605 0.651393 694.510010
-9.583530 14.884116 1.428776 -0.041169 0.045467 0.683756 694.729980
-9.739308 15.014587 1.438002 -0.027290 0.028110 0.716137 694.950012
-9.885203 15.156091 1.447635 -0.007926 0.008436 0.747589 695.169983
-10.030465 15.303030 1.455730 -0.022452 -0.011048 0.780153 695.400024
-10.178850 15.445913 1.460447 -0.016641 -0.018753 0.812501 695.630005
-10.332319 15.580983 1.461501 -0.022263 -0.017910 0.844410 695.859985
-10.491936 15.709740 1.459261 -0.031773 -0.011107 0.876197 696.090027
-10.650574 15.832541 1.455311 -0.031542 0.017643 0.906454 696.309998
-10.807662 15.964089 1.451484 -0.026427 0.040463 0.937344 696.530029
-10.955434 16.109957 1.448640 -0.008379 0.039717 0.968873 696.750000
-11.089251 16.266449 1.447041 -0.012026 0.037430 1.000464 696.969971
-11.211280 16.431753 1.446720 0.007827 0.016991 1.031966 697.190002
-11.323026 16.598419 1.446737 0.073664 -0.028417 1.061074 697.419983
-11.429002 16.768957 1.448368 0.127655 -0.073340 1.094314 697.760010
-11.552506 16.925619 1.467255 -0.107419 0.039217 1.150637 698.590027
-11.696295 17.071270 1.490089 -0.089194 0.034962 1.169279 698.890015
-11.840433 17.215797 1.510795 -0.063186 0.026602 1.186511 699.119995
-11.987251 17.362892 1.528939 -0.041893 0.021093 1.204612 699.330017
-12.133052 17.510099 1.543002 -0.028366 0.017848 1.224273 699.530029
-12.279435 17.659845 1.552919 -0.002985 0.005052 1.246375 699.729980
-12.420234 17.805683 1.558412 -0.001122 0.005248 1.270347 699.929993
-12.561156 17.953972 1.560144 -0.011618 0.011388 1.297626 700.140015
-12.698540 18.100565 1.558903 -0.019649 0.008838 1.326750 700.349976
-12.836506 18.245562 1.555958 -0.029494 0.002671 1.357395 700.559998
-12.979351 18.387266 1.552286 -0.032206 -0.000165 1.389236 700.770020
-13.128618 18.524712 1.548651 -0.033246 0.002749 1.421913 700.979980
-13.284229 18.658718 1.545323 -0.029403 0.005747 1.455227 701.190002
-13.443082 18.788988 1.542438 0.001213 -0.008870 1.488813 701.400024
-13.602224 18.916069 1.539831 0.003325 0.002647 1.523343 701.619995
-13.759066 19.043720 1.537666 -0.012953 0.023590 1.558815 701.849976
-13.913787 19.176096 1.536327 -0.022418 0.031980 1.593736 702.080017
-14.064567 19.310526 1.535494 -0.021787 0.027379 1.626869 702.299988
-14.218680 19.449883 1.533063 -0.026178 0.016160 1.659466 702.520020
-14.370297 19.582529 1.527303 -0.031564 0.010772 1.690184 702.729980
-14.527205 19.711163 1.517763 -0.018808 -0.003679 1.720817 702.940002
-14.692230 19.837130 1.503885 -0.018967 0.001770 1.751898 703.159973
-14.857786 19.956108 1.486725 -0.024289 0.014864 1.782625 703.380005
-15.027092 20.073189 1.467237 -0.023087 0.019096 1.813413 703.599976
-15.208085 20.194136 1.448240 -0.030972 -0.002377 1.845601 703.830017
-15.386644 20.299158 1.436559 -0.050774 -0.013862 1.876352 704.049988
-15.574992 20.385628 1.432706 -0.037260 -0.025399 1.907452 704.270020
-15.767368 20.451353 1.436372 -0.034857 -0.015657 1.937585 704.489990
-15.962106 20.501175 1.445984 -0.019633 0.002577 1.967452 704.710022
-16.164106 20.549576 1.457453 0.016202 0.042939 1.999113 704.940002
-16.357252 20.616989 1.466389 0.035728 0.056003 2.030758 705.169983
-16.536768 20.712856 1.470642 0.037304 0.048187 2.061496 705.400024
-16.702383 20.833792 1.469408 0.023770 0.049896 2.092630 705.630005
-16.860378 20.974350 1.464335 0.004099 0.022880 2.123220 705.859985
-17.008532 21.112888 1.459797 -0.025066 0.015194 2.152983 706.080017
-17.162169 21.244240 1.458438 -0.035505 0.007364 2.183448 706.299988
-17.330755 21.367682 1.461013 -0.033744 0.005788 2.215106 706.530029
-17.506304 21.477142 1.467896 -0.031039 0.021636 2.246236 706.760010
-17.682981 21.574835 1.477989 -0.023403 0.026824 2.276468 706.979980
-17.867205 21.670034 1.490822 -0.016438 0.031753 2.306991 707.200012
-18.047785 21.761030 1.504031 -0.000550 -0.003670 2.336344 707.409973
-18.232069 21.852921 1.516482 0.025234 -0.081766 2.365335 707.640015
-18.411219 21.941565 1.529073 0.043357 -0.159598 2.397791 707.969971
-18.256552 21.813509 1.551948 0.006843 -0.140452 2.407999 708.640015
-18.093575 21.687483 1.558722 0.002419 -0.075669 2.394943 708.849976
-17.930759 21.559740 1.565848 0.001690 -0.031168 2.379139 709.039978
-17.766603 21.429873 1.572915 -0.008751 -0.013032 2.362701 709.229980
-17.608469 21.300089 1.577568 -0.025865 -0.008502 2.347790 709.419983
-17.453941 21.160837 1.578344 -0.034230 -0.009787 2.335611 709.619995
-17.313025 21.016436 1.574486 -0.032871 -0.014764 2.328563 709.820007
-17.177475 20.858509 1.565896 -0.025443 -0.019556 2.327484 710.030029
-17.051270 20.695900 1.553471 -0.016581 -0.006366 2.332640 710.239990
-16.934067 20.533659 1.536342 -0.016404 -0.009070 2.344596 710.450012
-16.819643 20.364113 1.513676 -0.013177 -0.010778 2.363336 710.669983
-16.711784 20.195498 1.487417 -0.008911 -0.010773 2.387433 710.890015
-16.603743 20.021034 1.456800 -0.010429 -0.024705 2.417675 711.119995
-16.500544 19.852060 1.426017 0.000996 -0.026303 2.449198 711.340027
-16.391703 19.685320 1.399365 0.045290 -0.031148 2.479044 711.559998
-16.258148 19.527899 1.380493 0.067454 -0.032384 2.505425 711.789978
-16.099382 19.396513 1.371474 0.060687 -0.021304 2.524962 712.020020
-15.921782 19.290625 1.371147 0.045885 -0.028114 2.533786 712.250000
-15.738173 19.205456 1.377137 0.024704 -0.015271 2.534231 712.469971
-15.550179 19.129715 1.387325 0.012012 -0.021149 2.528994 712.690002
-15.361961 19.056845 1.399358 -0.021755 -0.013826 2.522129 712.909973
-15.176144 18.970825 1.410085 -0.071314 -0.016716 2.515935 713.140015
-15.006904 18.850943 1.416986 -0.080481 -0.013727 2.512005 713.380005
-14.865791 18.697979 1.418559 -0.066953 -0.016947 2.513685 713.619995
-14.750884 18.526573 1.415699 -0.048496 -0.026176 2.521756 713.849976
-14.650151 18.345377 1.409884 -0.030993 -0.031423 2.535200 714.070007
-14.555595 18.162319 1.402704 -0.017401 -0.030773 2.553090 714.280029
-14.459805 17.976131 1.395066 0.002912 -0.001130 2.574967 714.489990
-14.367517 17.797796 1.389396 -0.010711 0.007646 2.600519 714.700012
-14.280710 17.617474 1.387581 -0.029732 -0.001537 2.630381 714.919983
-14.201008 17.425894 1.391272 -0.036033 -0.011022 2.664309 715.150024
-14.132030 17.234814 1.399826 -0.035240 -0.017030 2.698675 715.369995
-14.069470 17.044678 1.411557 -0.028525 -0.017968 2.731638 715.580017
-14.006923 16.851601 1.424714 0.031945 -0.028288 2.761438 715.789978
-13.926451 16.668371 1.437624 0.101440 -0.059667 2.785060 716.010010
-13.790438 16.511772 1.448632 0.116834 -0.069255 2.803595 716.260010
-13.609968 16.417446 1.454339 0.093260 -0.065329 2.811197 716.500000
-13.409813 16.368038 1.455785 0.056666 -0.037705 2.809777 716.719971
-13.205132 16.341295 1.455001 0.020415 -0.003402 2.799851 716.929993
-13.004535 16.323364 1.453836 -0.004409 -0.008475 2.781467 717.140015
-12.801619 16.302488 1.453506 -0.018087 -0.018469 2.755773 717.359985
-12.595854 16.270559 1.454380 -0.021373 -0.019498 2.723366 717.590027
-12.395751 16.226624 1.456689 -0.013444 -0.031224 2.687007 717.820007
-12.197497 16.172550 1.459719 -0.017973 0.013249 2.647652 718.049988
-12.001061 16.110369 1.462294 -0.028764 0.088140 2.603043 718.309998
-11.818991 16.025597 1.469534 -0.068683 -0.061131 2.551159 719.020020
-11.759509 15.830161 1.491775 -0.052502 -0.093814 2.577881 719.500000
-11.685819 15.642733 1.511567 -0.039201 -0.071266 2.606677 719.760010
-11.606035 15.457364 1.530270 -0.019212 -0.037368 2.637283 719.979980
-11.522567 15.273618 1.548355 0.003288 -0.031259 2.671242 720.190002
-11.430297 15.093929 1.564004 0.028860 -0.044137 2.707881 720.400024
-11.321339 14.925928 1.575754 0.041540 -0.039430 2.746859 720.609985
-11.189644 14.768435 1.583267 0.036441 -0.032256 2.788403 720.830017
-11.044660 14.628873 1.586230 0.016707 -0.038930 2.829307 721.049988
-10.887976 14.498607 1.585918 0.001344 -0.035194 2.869730 721.270020
-10.724444 14.371116 1.582294 -0.021677 -0.013874 2.908911 721.489990
-10.564802 14.238709 1.574474 -0.045773 -0.000723 2.946360 721.710022
-10.416598 14.093126 1.562369 -0.050479 0.004495 2.982279 721.929993
-10.287151 13.940154 1.547382 -0.048431 0.000746 3.015710 722.140015
-10.166868 13.774818 1.530012 -0.033578 0.000552 3.047886 722.349976
-10.054235 13.604207 1.511836 0.008458 0.001662 3.078721 722.559998
-9.940585 13.439143 1.495426 0.063856 -0.040815 3.108466 722.780029
-9.794152 13.296314 1.483116 0.083949 -0.068564 -3.141373 723.030029
-9.609065 13.208467 1.477118 0.067068 -0.064224 -3.104843 723.289978
-9.412153 13.171921 1.476957 0.036712 -0.061093 -3.071882 723.530029
-9.206191 13.160591 1.480034 0.011697 -0.016197 -3.040016 723.760010
-9.000942 13.155969 1.484573 -0.027426 -0.015493 -3.010026 723.989990
-8.797096 13.139920 1.489214 -0.045400 -0.020780 -2.980425 724.219971
-8.599246 13.106376 1.492892 -0.046339 -0.024318 -2.952036 724.440002
-8.396518 13.055883 1.495430 -0.036255 -0.021478 -2.923536 724.659973
-8.201595 12.997387 1.496603 -0.003275 0.003497 -2.896793 724.869995
-8.006624 12.937411 1.498355 0.018437 -0.015386 -2.868274 725.090027
-7.808350 12.888362 1.502414 0.024825 -0.032561 -2.838102 725.320007
-7.609567 12.858369 1.508817 0.023332 -0.029291 -2.807204 725.549988
-7.401740 12.845468 1.517889 0.009101 -0.034762 -2.774941 725.789978
-7.199900 12.843729 1.527497 -0.017890 -0.011202 -2.743815 726.020020
-6.999217 12.835843 1.535610 -0.054737 0.001251 -2.712975 726.250000
-6.799175 12.804690 1.541086 -0.052997 0.012713 -2.682852 726.479980
-6.603653 12.749687 1.542955 -0.017008 0.003921 -2.652211 726.710022
-6.406570 12.688338 1.539646 0.032161 -0.047641 -2.620614 726.950012
-6.199430 12.655970 1.530717 0.053813 -0.059105 -2.586767 727.200012
-5.998773 12.668111 1.517461 0.044901 -0.057447 -2.553494 727.440002
-5.796415 12.716951 1.500739 0.026433 -0.045195 -2.519878 727.679993
-5.605805 12.784781 1.483687 0.034118 0.037591 -2.486787 727.909973
-5.422538 12.864156 1.465929 0.037012 0.098466 -2.451065 728.190002
-5.560541 13.010032 1.492336 0.107119 0.040340 -2.437313 729.059998
-5.750055 13.092165 1.516173 0.065492 0.022561 -2.454920 729.289978
-5.932175 13.175574 1.540003 0.032020 0.010761 -2.475899 729.489990
-6.117331 13.262602 1.565245 0.021079 0.004133 -2.501270 729.690002
-6.299748 13.351979 1.586968 0.025932 -0.021829 -2.530632 729.890015
-6.481349 13.455083 1.601503 0.034469 -0.039622 -2.564812 730.099976
-6.647798 13.572829 1.606171 0.020776 -0.044431 -2.601214 730.309998
-6.802492 13.708413 1.600615 0.022388 -0.031872 -2.640397 730.530029
-6.940884 13.852495 1.586709 0.019120 -0.022238 -2.679993 730.750000
-7.072969 14.009053 1.565617 0.030375 -0.010844 -2.720969 730.979980
-7.198766 14.172784 1.540694 0.022172 -0.005114 -2.761206 731.210022
-7.320172 14.339744 1.514177 0.022134 0.002890 -2.800092 731.440002
-7.439308 14.507257 1.488368 0.016930 -0.000756 -2.837444 731.669983
-7.554695 14.675266 1.465979 0.030644 -0.006304 -2.873093 731.900024
-7.665060 14.849788 1.448327 0.039449 -0.005910 -2.907415 732.130005
-7.766714 15.026530 1.435845 0.040528 -0.002305 -2.939336 732.349976
-7.861403 15.204073 1.427135 0.029896 -0.000579 -2.969308 732.559998
-7.952985 15.383951 1.421139 -0.009193 0.004243 -2.998809 732.770020
-8.051596 15.567609 1.418101 -0.009719 0.040458 -3.031062 733.000000
-8.163310 15.734284 1.418607 -0.010612 0.045684 -3.062327 733.229980
-8.297698 15.891708 1.422042 -0.004576 0.037713 -3.094137 733.469971
-8.440670 16.037844 1.426029 0.024164 -0.047298 -3.124753 733.710022
-8.557402 16.202751 1.427970 0.055150 -0.121836 3.123368 733.969971
-8.592237 16.403673 1.424812 0.046831 -0.115282 3.088210 734.250000
-8.546094 16.606331 1.416754 0.045650 -0.062129 3.057147 734.510010
-8.471902 16.797386 1.409940 0.044847 0.008769 3.029849 734.739990
-8.404736 16.991962 1.407393 0.040648 0.046798 3.001911 734.960022
-8.360522 17.188618 1.409230 0.034303 0.056800 2.973622 735.169983
-8.339387 17.394091 1.414629 0.024597 0.049797 2.944200 735.380005
-8.337688 17.603069 1.422294 -0.001667 0.029442 2.914480 735.590027
-8.348412 17.804977 1.429790 -0.004001 0.014406 2.885016 735.799988
-8.365863 18.006699 1.434716 0.015061 0.008429 2.853802 736.020020
-8.385015 18.213568 1.435816 0.012976 -0.001134 2.820831 736.250000
-8.401073 18.416054 1.432907 0.014426 0.003586 2.788095 736.479980
-8.415845 18.615807 1.428572 0.022472 0.020616 2.755524 736.710022
-8.434917 18.819277 1.425181 0.028576 0.030418 2.722759 736.940002
-8.459656 19.021673 1.423739 0.028989 0.031548 2.691017 737.159973
-8.488829 19.222206 1.424119 0.023866 0.026327 2.660495 737.369995
-8.522500 19.425554 1.426212 -0.023721 0.027870 2.631826 737.580017
-8.573881 19.624733 1.430504 -0.085534 0.055654 2.606050 737.799988
-8.673666 19.807278 1.436740 -0.101921 0.050530 2.589627 738.039978
-8.820403 19.947639 1.443112 -0.082475 0.039247 2.583955 738.280029
-8.993549 20.049746 1.449680 -0.052036 0.026359 2.587162 738.510010
-9.179329 20.129219 1.455175 -0.018093 -0.057405 2.599563 738.739990
-9.369626 20.191990 1.460108 0.016377 -0.120481 2.617165 739.030029
-9.546833 20.284721 1.476890 0.049095 0.126387 2.624895 739.880005
-9.682526 20.440447 1.496327 0.034464 0.107373 2.595806 740.200012
-9.818513 20.597404 1.512843 0.015487 0.058111 2.566598 740.429993
-9.955680 20.754692 1.529268 0.004512 0.037468 2.536639 740.640015
-10.091081 20.907476 1.545294 0.003615 0.021630 2.505466 740.840027
-10.226186 21.059626 1.560475 0.011052 0.014791 2.472248 741.039978
-10.357089 21.211632 1.574254 0.015442 0.010658 2.437531 741.239990
-10.486962 21.370754 1.586781 0.013938 -0.000358 2.400361 741.450012
-10.612448 21.534195 1.597519 0.014539 -0.000158 2.361691 741.669983
-10.731233 21.702251 1.602692 0.035130 0.005886 2.322241 741.900024
-10.833465 21.875214 1.599188 0.045651 0.019654 2.283747 742.130005
-10.923236 22.069092 1.586318 0.041195 0.028869 2.244308 742.369995
-10.994342 22.260050 1.567564 0.030317 0.032765 2.208893 742.590027
-11.056843 22.451305 1.546444 0.000990 0.023125 2.176954 742.799988
-11.122102 22.641882 1.527421 -0.035370 0.023255 2.150519 743.010010
-11.205996 22.832180 1.513415 -0.049499 0.018599 2.131186 743.229980
-11.309119 23.007818 1.506274 -0.044888 0.008943 2.119193 743.450012
-11.433328 23.175102 1.505987 -0.034287 0.020886 2.109757 743.679993
-11.569496 23.333212 1.510317 0.005132 0.015738 2.102705 743.909973
-11.700973 23.491941 1.515012 0.043629 0.032096 2.094874 744.140015
-11.814808 23.664894 1.517759 0.050747 0.018861 2.083971 744.369995
-11.905973 23.850109 1.517060 0.044145 0.021743 2.074902 744.599976
-11.978427 24.045759 1.512852 0.026814 0.020435 2.069574 744.830017
-12.039412 24.236401 1.507717 -0.037296 0.008310 2.069216 745.049988
-12.117890 24.420935 1.504318 -0.085721 0.013139 2.075706 745.280029
-12.236346 24.586409 1.504082 -0.083759 0.001329 2.091485 745.520020
-12.389201 24.721731 1.507204 -0.068215 0.015063 2.111800 745.760010
-12.561454 24.832281 1.513155 -0.040651 0.010316 2.137681 745.989990
-12.745591 24.930004 1.519382 -0.029129 0.003788 2.167566 746.219971
-12.933956 25.016119 1.522363 -0.033013 0.014473 2.200199 746.450012
-13.120030 25.090139 1.520754 -0.023404 0.007187 2.233620 746.669983
-13.316625 25.159754 1.514032 -0.021196 0.016475 2.265478 746.900024
-13.507265 25.222387 1.503747 -0.010125 0.028104 2.289726 747.119995
-13.698788 25.290085 1.492447 0.045765 0.039842 2.305869 747.340027
-13.877731 25.381447 1.482797 0.081000 0.043409 2.312033 747.559998
-14.034052 25.507448 1.475816 0.081887 0.039394 2.307633 747.780029
-14.166817 25.665678 1.471632 0.063779 0.035202 2.293989 748.000000
-14.275806 25.837898 1.469763 0.036720 -0.006938 2.272216 748.210022
-14.368751 26.016039 1.468914 0.004779 -0.084774 2.245319 748.429993
-14.449673 26.202570 1.470992 -0.054044 -0.164142 2.210351 748.750000
-14.580868 26.049168 1.498685 -0.116310 -0.038554 2.186921 749.450012
-14.687969 25.871582 1.515707 -0.077278 -0.019569 2.205440 749.690002
-14.800253 25.695511 1.532328 -0.039761 -0.005525 2.229668 749.900024
-14.913610 25.523827 1.549083 -0.023465 0.001187 2.258356 750.099976
-15.029367 25.354628 1.564736 -0.019315 0.011910 2.291055 750.299988
-15.148479 25.191656 1.575902 -0.021582 0.024178 2.326727 750.500000
-15.280532 25.029541 1.580939 -0.023982 0.027364 2.366382 750.710022
-15.421110 24.875959 1.578937 -0.023911 0.023297 2.407347 750.919983
-15.568146 24.729469 1.570591 -0.009393 0.017616 2.448546 751.130005
-15.716865 24.591360 1.556355 -0.012751 0.018525 2.489265 751.340027
-15.867600 24.460350 1.537205 -0.020475 0.017898 2.529187 751.549988
-16.021952 24.333025 1.514435 -0.025354 0.015325 2.568076 751.760010
-16.179945 24.206499 1.489350 -0.025271 0.011918 2.605772 751.969971
-16.338951 24.080336 1.463992 -0.007858 -0.002716 2.641859 752.179993
-16.497910 23.949665 1.440493 -0.022064 -0.027109 2.677418 752.400024
-16.642397 23.810987 1.423371 -0.036397 -0.040471 2.711561 752.619995
-16.774477 23.650255 1.413099 -0.025646 -0.039024 2.745360 752.849976
-16.886978 23.477659 1.409860 -0.033009 -0.025016 2.777464 753.080017
-16.986828 23.294468 1.412488 -0.031882 -0.025587 2.808679 753.309998
-17.070107 23.109591 1.420079 -0.032184 -0.046079 2.838126 753.530029
-17.133680 22.913744 1.431611 -0.023388 -0.049773 2.866818 753.750000
-17.175119 22.711449 1.445243 -0.011411 -0.039793 2.894970 753.969971
-17.198097 22.508827 1.460324 -0.022471 -0.027480 2.923077 754.190002
-17.209795 22.304365 1.476018 -0.011452 0.002033 2.951176 754.409973
-17.226315 22.097816 1.490963 0.020779 0.082781 2.982462 754.640015
-17.287331 21.903482 1.504417 0.028265 0.127595 3.018051 754.890015
-17.415533 21.745451 1.513742 0.021417 0.116820 3.052902 755.140015
-17.586550 21.624887 1.518982 0.014120 0.079359 3.085045 755.369995
-17.769444 21.529037 1.521754 0.011183 0.031821 3.114370 755.580017
-17.956121 21.441425 1.523133 -0.029923 -0.026010 -3.139446 755.789978
-18.130653 21.340508 1.523698 -0.077522 -0.062817 -3.106730 756.010010
-18.277285 21.198885 1.523098 -0.076250 -0.070675 -3.071386 756.250000
-18.379013 21.017418 1.521019 -0.071236 -0.045669 -3.037059 756.500000
-18.439266 20.825390 1.518435 -0.048880 -0.022616 -3.005495 756.729980
-18.479939 20.629425 1.515780 -0.029665 -0.003785 -2.975164 756.950012
-18.514338 20.429779 1.513421 -0.025897 0.013876 -2.944946 757.169983
-18.550644 20.227142 1.511085 -0.025431 0.023828 -2.914591 757.390015
-18.590807 20.030565 1.508604 -0.015196 0.020523 -2.885335 757.599976
-18.635706 19.835081 1.505721 -0.008095 0.015611 -2.856190 757.809998
-18.686214 19.634531 1.502211 -0.012602 0.016390 -2.825668 758.030029
-18.738653 19.439074 1.498212 0.032485 -0.020462 -2.796302 758.250000
-18.791908 19.245241 1.493427 0.082893 -0.060533 -2.767028 758.510010
-18.840708 19.049919 1.489352 -0.092021 0.031592 -2.706976 759.330017
-18.824842 18.850048 1.516539 -0.115414 0.051256 -2.685441 759.789978
-18.812126 18.643608 1.537958 -0.072063 0.033546 -2.667625 760.039978
-18.800537 18.440632 1.557141 -0.039604 0.020416 -2.650683 760.250000
-18.789547 18.238670 1.575297 -0.021516 0.005718 -2.632555 760.450012
-18.776665 18.037271 1.590956 -0.022052 -0.009924 -2.612304 760.650024
-18.755930 17.829971 1.603232 -0.026033 -0.016460 -2.588586 760.859985
-18.724850 17.626810 1.610927 -0.032237 -0.013087 -2.562470 761.070007
-18.683498 17.425421 1.614473 -0.032105 -0.007114 -2.534116 761.280029
-18.634272 17.225418 1.614818 -0.012353 -0.008233 -2.503873 761.489990
-18.578348 17.023922 1.612616 -0.009365 -0.020223 -2.471549 761.710022
-18.514771 16.834332 1.608929 -0.030956 -0.030691 -2.438546 761.929993
-18.431261 16.645226 1.604421 -0.027091 -0.032199 -2.403501 762.159973
-18.330950 16.466135 1.599697 -0.028339 -0.022084 -2.368682 762.390015
-18.217855 16.293764 1.595266 -0.034892 -0.008051 -2.334053 762.619995
-18.101456 16.129940 1.591785 -0.019308 0.002359 -2.301034 762.840027
-17.984592 15.966927 1.589979 -0.020521 0.017888 -2.268359 763.059998
-17.871447 15.799945 1.590421 -0.026337 0.026507 -2.235900 763.280029
-17.762001 15.624627 1.593031 -0.028002 0.026963 -2.203446 763.500000
-17.660007 15.449397 1.596758 -0.017378 0.020714 -2.172456 763.710022
-17.562466 15.270945 1.597583 0.000556 0.028698 -2.141701 763.919983
-17.475864 15.090737 1.591153 0.004515 0.041847 -2.110971 764.130005
-17.400711 14.897856 1.575720 0.014317 0.029198 -2.079297 764.349976
-17.341084 14.705255 1.551754 0.005644 0.029039 -2.047852 764.570007
-17.292727 14.511830 1.520734 -0.003228 0.028724 -2.016571 764.789978
-17.252464 14.315934 1.489044 0.014671 0.033766 -1.985596 765.010010
-17.226648 14.118135 1.463766 0.027278 0.042772 -1.954956 765.229980
-17.220819 13.917792 1.447645 0.026634 0.025374 -1.925672 765.450012
-17.229364 13.711359 1.441924 -0.026834 0.002841 -1.895383 765.679993
-17.225477 13.510179 1.448817 -0.071843 -0.011602 -1.863573 765.909973
-17.184427 13.307880 1.466475 -0.069106 -0.024169 -1.829363 766.150024
-17.105066 13.118366 1.491741 -0.064511 -0.006876 -1.796972 766.390015
-17.000710 12.943092 1.518822 -0.029561 0.015143 -1.765854 766.619995
-16.894079 12.774254 1.539942 0.021584 0.043406 -1.735450 766.840027
-16.801157 12.588030 1.552713 0.048262 0.049418 -1.703802 767.070007
-16.739052 12.390985 1.554594 0.049574 0.042220 -1.673039 767.299988
-16.706299 12.185520 1.546458 0.036142 0.042763 -1.641788 767.530029
-16.694805 11.983762 1.532069 0.023031 -0.026958 -1.614751 767.750000
-16.694681 11.784036 1.513554 0.011922 -0.099454 -1.585835 768.000000
-16.521084 11.898855 1.516009 -0.068783 -0.079726 -1.522580 769.020020
-16.404078 12.070951 1.528778 -0.046642 -0.046831 -1.511797 769.229980
-16.286736 12.238042 1.542691 -0.030617 -0.016488 -1.499784 769.419983
-16.163620 12.403761 1.557283 -0.035389 0.028806 -1.485686 769.609985
-16.025557 12.561142 1.571877 -0.046347 0.057706 -1.468343 769.809998
-15.867077 12.697447 1.584919 -0.035539 0.063529 -1.447250 770.020020
-15.689417 12.807517 1.595528 -0.033560 0.049925 -1.422080 770.239990
-15.501887 12.891837 1.603521 -0.036753 0.028509 -1.394213 770.460022
-15.305502 12.962170 1.608620 -0.028624 -0.003097 -1.364139 770.679993
-15.115575 13.029553 1.608870 -0.019538 -0.034946 -1.334088 770.890015
-14.930058 13.109121 1.604068 -0.006990 -0.045348 -1.303186 771.099976
-14.747363 13.208272 1.593920 -0.001117 -0.040803 -1.270152 771.320007
-14.578299 13.320514 1.579232 -0.014444 -0.033404 -1.236538 771.539978
-14.416972 13.443193 1.561606 -0.014060 -0.006553 -1.202645 771.760010
-14.257924 13.563146 1.543525 -0.012479 0.059197 -1.168233 771.979980
-14.075148 13.661816 1.525437 -0.016170 0.094849 -1.130182 772.219971
-13.881689 13.711811 1.510189 -0.020522 0.092591 -1.093441 772.450012
-13.678267 13.723003 1.497414 -0.015488 0.067856 -1.058158 772.669983
-13.473910 13.710723 1.486750 -0.005527 0.037602 -1.025113 772.880005
-13.268549 13.686409 1.477409 -0.009736 0.022400 -0.992702 773.090027
-13.064626 13.657507 1.469592 -0.014873 0.010815 -0.960666 773.299988
-12.862793 13.629761 1.464434 -0.022612 0.005380 -0.929081 773.510010
-12.661678 13.607072 1.462594 -0.029014 0.007125 -0.897811 773.719971
-12.458917 13.590670 1.463928 -0.029571 0.009853 -0.866712 773.929993
-12.254019 13.579948 1.467787 -0.025310 0.011347 -0.835775 774.140015
-12.049107 13.573576 1.473457 -0.012162 -0.008057 -0.805099 774.349976
-11.842690 13.574877 1.481093 -0.034049 -0.028502 -0.774014 774.570007
-11.636334 13.597471 1.490711 -0.047283 -0.033208 -0.741726 774.799988
-11.438040 13.646800 1.501009 -0.037701 -0.029657 -0.710053 775.030029
-11.248327 13.717802 1.511686 -0.042678 -0.009384 -0.679327 775.260010
-11.059771 13.804560 1.522254 -0.029730 -0.004982 -0.648258 775.489990
-10.881968 13.896963 1.528934 -0.032167 -0.016392 -0.618633 775.710022
-10.710364 14.000866 1.529539 -0.038156 -0.018967 -0.589248 775.929993
-10.545949 14.117579 1.523957 -0.013659 -0.015849 -0.560075 776.150024
-10.384150 14.239943 1.513909 0.038840 0.045967 -0.528654 776.380005
-10.206457 14.333779 1.502882 0.073469 0.092436 -0.492922 776.630005
-10.003696 14.359444 1.493477 0.068161 0.095914 -0.458275 776.890015
-9.804834 14.325253 1.487550 0.047839 0.075774 -0.429203 777.119995
-9.611795 14.262288 1.484143 0.028143 0.035788 -0.403654 777.330017
-9.417974 14.185356 1.482351 -0.007612 0.016736 -0.377124 777.539978
-9.225688 14.113469 1.480208 -0.068861 -0.000412 -0.349527 777.750000
-9.024098 14.070034 1.476046 -0.093800 -0.014807 -0.318567 777.969971
-8.816883 14.071690 1.468674 -0.083242 -0.018371 -0.286278 778.200012
-8.617018 14.115528 1.458315 -0.063729 -0.004083 -0.255194 778.429993
-8.425017 14.187357 1.446304 -0.005463 -0.045849 -0.222654 778.659973
-8.241926 14.275375 1.433234 0.049188 -0.088235 -0.191154 778.929993
-8.065594 14.371667 1.428231 -0.020461 0.109383 -0.127857 779.780029
-7.869740 14.391266 1.470804 -0.028783 0.106951 -0.107122 780.210022
-7.673980 14.414845 1.506484 -0.023349 0.082828 -0.091909 780.460022
-7.478025 14.440914 1.539921 -0.014480 0.059212 -0.079374 780.669983
-7.276741 14.467065 1.570944 0.032492 0.031571 -0.070303 780.869995
-7.073283 14.478741 1.596580 0.086498 0.012053 -0.066625 781.070007
-6.867302 14.456395 1.614939 0.097337 -0.010959 -0.070036 781.280029
-6.669237 14.392026 1.623999 0.083777 -0.014709 -0.078145 781.500000
-6.490290 14.293627 1.624163 0.063822 0.000185 -0.090990 781.719971
-6.322873 14.171090 1.617926 0.043284 0.015903 -0.108122 781.940002
-6.167346 14.041572 1.607849 0.001228 0.012344 -0.125659 782.150024
-6.005564 13.911844 1.592051 -0.051668 0.032557 -0.141365 782.369995
-5.834707 13.808725 1.570611 -0.071534 0.043139 -0.151584 782.590027
-5.648799 13.739398 1.543957 -0.065748 0.041865 -0.156973 782.809998
-5.449831 13.700000 1.515627 -0.041587 0.023839 -0.159626 783.030029
-5.246009 13.679765 1.493202 -0.013702 0.024695 -0.162899 783.250000
-5.040093 13.665457 1.481023 0.004261 0.019344 -0.166707 783.469971
-4.835739 13.648702 1.479348 0.012415 0.016572 -0.170809 783.690002
-4.634697 13.625881 1.487079 0.013661 0.024968 -0.174723 783.909973
-4.434807 13.596889 1.500784 -0.008958 0.010181 -0.177991 784.130005
-4.230008 13.572461 1.516088 -0.050986 0.011546 -0.178068 784.359985
-4.026357 13.572252 1.528722 -0.059686 0.003690 -0.172292 784.590027
-3.825662 13.600726 1.536719 -0.053255 0.008056 -0.161855 784.820007
-3.627263 13.653114 1.539811 -0.040448 0.016701 -0.146287 785.049988
-3.437814 13.718077 1.539025 -0.015931 0.007251 -0.127546 785.270020
-3.244090 13.788459 1.534914 0.025333 0.025990 -0.108977 785.500000
-3.049135 13.841971 1.528171 0.048535 0.044720 -0.094115 785.729980
-2.845121 13.867198 1.519367 0.048787 0.049372 -0.085089 785.960022
-2.639462 13.865571 1.509560 0.037364 0.042954 -0.081268 786.179993
-2.436586 13.846447 1.500253 0.028805 0.020792 -0.081521 786.390015
-2.234828 13.814713 1.494161 0.032810 0.018033 -0.085323 786.599976
-2.036644 13.770212 1.493267 0.030215 0.013058 -0.094175 786.809998
-1.844091 13.714751 1.497629 0.021975 0.004611 -0.107911 787.020020
-1.650529 13.649176 1.507349 0.015368 0.016777 -0.126726 787.239990
-1.460126 13.578773 1.521330 0.010330 0.026698 -0.149488 787.460022
-1.267961 13.505283 1.538435 0.006978 0.034095 -0.172345 787.679993
-1.080223 13.433270 1.556254 -0.000572 0.028126 -0.191001 787.890015
-0.889297 13.363379 1.572398 -0.024677 0.027005 -0.204200 788.099976
-0.694659 13.304322 1.584178 -0.039396 0.025107 -0.210395 788.309998
-0.496881 13.261656 1.590655 -0.037697 0.006629 -0.208636 788.520020
-0.293770 13.234653 1.591653 -0.025489 -0.004326 -0.200283 788.739990
-0.090633 13.220168 1.586875 -0.012763 0.016927 -0.186788 788.969971
0.110425 13.211513 1.577710 -0.004134 0.019069 -0.169169 789.200012
0.311316 13.203779 1.565744 0.000986 0.025653 -0.149736 789.429993
0.514158 13.194200 1.552200 0.002985 0.029264 -0.130345 789.659973
0.716581 13.182189 1.538421 0.004532 -0.042569 -0.112638 789.890015
0.917652 13.168644 1.524166 0.004559 -0.105196 -0.094141 790.169983
0.713086 13.197375 1.537236 -0.007205 -0.115137 -0.052691 791.059998
0.509487 13.220827 1.546237 -0.005262 -0.056467 -0.041493 791.260010
0.303491 13.244984 1.556319 -0.003826 -0.021358 -0.031375 791.450012
0.098894 13.269254 1.566699 0.009775 -0.001958 -0.023412 791.640015
-0.108334 13.289914 1.576495 0.025635 -0.005873 -0.018797 791.840027
-0.308086 13.300272 1.584466 0.028649 -0.000567 -0.018431 792.039978
-0.508462 13.299106 1.590308 0.024942 0.000423 -0.023449 792.250000
-0.708906 13.286747 1.594122 0.020284 -0.017406 -0.035273 792.469971
-0.914830 13.265198 1.596336 0.009736 -0.012555 -0.052282 792.700012
-1.116305 13.240603 1.596671 -0.018465 -0.008378 -0.070559 792.929993
-1.319533 13.228354 1.592916 -0.076138 -0.017813 -0.086600 793.169983
-1.525100 13.258680 1.583550 -0.084004 -0.012680 -0.099156 793.419983
-1.714746 13.332874 1.569630 -0.069223 -0.015581 -0.103259 793.659973
-1.891091 13.436187 1.552897 -0.047353 -0.019343 -0.099344 793.890015
-2.057036 13.552226 1.535802 -0.002285 -0.009332 -0.090798 794.109985
-2.227784 13.667943 1.522295 0.054143 -0.032883 -0.080241 794.340027
-2.415659 13.755365 1.516874 0.075643 -0.044373 -0.070647 794.580017
-2.611676 13.797762 1.520146 0.067296 -0.047811 -0.065332 794.809998
-2.814098 13.805691 1.529888 0.046826 -0.039993 -0.065218 795.030029
-3.015686 13.793508 1.543317 0.024789 -0.018093 -0.068689 795.239990
-3.216180 13.771980 1.558452 -0.003024 -0.008354 -0.074051 795.450012
-3.420005 13.753283 1.570217 -0.050542 -0.013654 -0.078564 795.669983
-3.626706 13.758711 1.574023 -0.068577 -0.013392 -0.080779 795.900024
-3.826101 13.797127 1.568073 -0.059326 -0.008008 -0.078803 796.130005
-4.017447 13.863201 1.553347 -0.046328 -0.019389 -0.070259 796.359985
-4.204987 13.949467 1.534347 -0.039303 -0.005018 -0.057224 796.590027
-4.384735 14.052128 1.518160 -0.052110 -0.005790 -0.038041 796.820007
-4.549019 14.168953 1.508691 -0.039831 0.001028 -0.015813 797.039978
-4.704617 14.298852 1.505798 -0.031565 -0.001449 0.010536 797.260010
-4.853300 14.437077 1.509472 -0.031762 -0.013036 0.040428 797.479980
-5.000732 14.582356 1.518054 -0.020738 -0.021123 0.072879 797.700012
-5.144197 14.722181 1.527483 -0.003314 -0.032151 0.105634 797.909973
-5.294381 14.855774 1.535426 -0.000815 -0.042943 0.139734 798.119995
-5.454745 14.980794 1.540585 -0.000725 -0.041591 0.174666 798.330017
-5.624443 15.097192 1.542439 -0.003748 -0.034648 0.209979 798.539978
-5.799465 15.205856 1.541237 0.019361 -0.001411 0.245025 798.750000
-5.977571 15.308459 1.537489 0.071657 0.057434 0.283499 798.979980
-6.153937 15.402911 1.529633 0.084107 0.076925 0.330700 799.320007
-6.348561 15.462351 1.529504 -0.070912 -0.091787 0.385889 800.210022
-6.542909 15.511743 1.540641 -0.062435 -0.077196 0.400337 800.510010
-6.737739 15.563065 1.550213 -0.036614 -0.044098 0.412712 800.739990
-6.932289 15.614994 1.559191 -0.021782 -0.024018 0.427194 800.950012
-7.130699 15.668650 1.567507 -0.012188 -0.010662 0.444320 801.159973
-7.326430 15.722599 1.574632 -0.015484 -0.012480 0.464198 801.369995
-7.519578 15.777101 1.580417 -0.007836 -0.006053 0.486225 801.580017
-7.716718 15.833510 1.585025 -0.012251 -0.010237 0.511768 801.799988
-7.910493 15.889586 1.588534 -0.013505 -0.005312 0.539452 802.020020
-8.106720 15.951815 1.589205 -0.034364 0.045424 0.570368 802.250000
-8.290930 16.041239 1.584296 -0.053457 0.072853 0.604478 802.489990
-8.448987 16.169519 1.573251 -0.039489 0.065878 0.640855 802.729980
-8.578025 16.322598 1.557490 -0.042595 0.049101 0.676818 802.960022
-8.689385 16.491150 1.538928 -0.037659 0.026872 0.711912 803.179993
-8.792833 16.662590 1.520294 -0.020666 -0.028921 0.745522 803.390015
-8.912187 16.831553 1.503210 -0.017984 -0.079861 0.779848 803.609985
-9.056639 16.972675 1.489853 -0.018058 -0.091391 0.813670 803.830017
-9.228614 17.082096 1.480165 -0.021199 -0.078182 0.847169 804.049988
-9.413649 17.162323 1.473358 -0.022986 -0.045088 0.878791 804.260010
-9.609251 17.230585 1.466415 -0.028425 -0.001514 0.910148 804.469971
-9.805281 17.301607 1.457873 -0.021721 0.025016 0.941476 804.679993
-9.993201 17.382473 1.447009 -0.011823 0.033889 0.972771 804.890015
-10.176956 17.478693 1.432641 -0.021024 0.032218 1.005299 805.109985
-10.350635 17.586670 1.416288 -0.000527 0.021616 1.037304 805.330017
-10.518709 17.704370 1.400520 -0.005075 0.020204 1.069959 805.559998
-10.682130 17.831530 1.388429 -0.024486 0.019833 1.103554 805.799988
-10.836658 17.961454 1.382106 -0.036117 0.016950 1.135631 806.030029
-10.988645 18.093708 1.380536 -0.036672 0.012754 1.166394 806.250000
-11.146139 18.230768 1.382000 -0.032347 -0.002611 1.197319 806.469971
-11.302573 18.359453 1.384570 -0.034191 -0.015917 1.226831 806.679993
-11.467104 18.480755 1.386917 -0.036700 -0.018590 1.256333 806.890015
-11.640489 18.593594 1.388474 -0.035028 -0.014855 1.286071 807.099976
-11.821331 18.699198 1.388915 -0.026003 -0.009561 1.316164 807.309998
-12.004388 18.798450 1.388233 -0.006810 -0.001188 1.346479 807.520020
-12.182318 18.893538 1.386725 -0.011372 0.015068 1.376887 807.729980
-12.363225 18.995552 1.384770 -0.018618 0.023963 1.408825 807.950012
-12.541468 19.104322 1.382847 -0.022392 0.025104 1.441020 808.169983
-12.719161 19.220142 1.381079 -0.012541 0.015810 1.473507 808.390015
-12.890227 19.336018 1.379032 0.052207 -0.027932 1.503749 808.609985
-13.055502 19.449963 1.377143 0.114779 -0.070761 1.533654 808.880005
-13.163417 19.620485 1.392798 -0.022953 0.117401 1.602061 809.770020
-13.199953 19.816027 1.420282 -0.024199 0.097892 1.619304 810.090027
-13.244040 20.016308 1.447361 -0.019294 0.075930 1.634887 810.330017
-13.291646 20.216740 1.473849 -0.013060 0.053161 1.651154 810.539978
-13.341732 20.419380 1.500321 -0.007033 0.030319 1.669119 810.739990
-13.390706 20.613512 1.525156 -0.001625 0.003910 1.688227 810.929993
-13.441070 20.810715 1.549438 -0.007003 0.001628 1.710336 811.130005
-13.494858 21.008369 1.569160 -0.024110 0.007776 1.735766 811.340027
-13.559217 21.206717 1.581396 -0.030678 0.006139 1.764987 811.559998
-13.634230 21.395277 1.585182 -0.027121 0.006580 1.795881 811.780029
-13.722318 21.583212 1.581304 -0.021660 0.024180 1.829139 812.010010
-13.818628 21.768538 1.571830 -0.012173 0.015116 1.863752 812.239990
-13.918866 21.950062 1.557677 -0.021845 0.015721 1.898459 812.469971
-14.027134 22.125824 1.536857 -0.043450 0.018811 1.933520 812.700012
-14.146207 22.285988 1.510693 -0.042389 0.006968 1.967894 812.919983
-14.277940 22.433561 1.480904 -0.031834 -0.008393 2.001779 813.140015
-14.435583 22.581421 1.451949 -0.040172 0.007190 2.038246 813.390015
-14.599977 22.708494 1.435543 -0.040507 0.021675 2.072769 813.630005
-14.772815 22.823244 1.431785 -0.033252 0.029039 2.105822 813.859985
-14.950262 22.930920 1.437980 -0.022007 0.026742 2.137523 814.080017
-15.125080 23.032848 1.450027 -0.001730 0.010538 2.166054 814.289978
-15.301950 23.139769 1.466978 0.044328 0.020890 2.190586 814.510010
-15.465842 23.266836 1.487758 0.074601 0.032234 2.207825 814.739990
-15.600419 23.420366 1.509155 0.070096 0.018274 2.213343 814.969971
-15.705930 23.594954 1.529859 0.052623 0.024118 2.210412 815.200012
-15.788403 23.777494 1.549063 0.033978 0.033718 2.199582 815.419983
-15.862875 23.972485 1.567567 0.017793 0.035629 2.184495 815.640015
-15.936090 24.175646 1.585251 0.002108 0.031332 2.169437 815.859985
-16.009754 24.371422 1.600295 -0.024007 0.028731 2.157972 816.070007
-16.094547 24.562414 1.612601 -0.039004 0.026983 2.151523 816.280029
-16.194075 24.744019 1.621749 -0.038101 0.008123 2.151247 816.489990
-16.309958 24.919697 1.628164 -0.029235 0.014980 2.155166 816.710022
-16.434721 25.084459 1.632425 -0.017295 0.011393 2.163761 816.929993
-16.562059 25.241280 1.635098 0.013391 0.008024 2.174226 817.150024
-16.685440 25.404488 1.637166 0.044393 0.023193 2.183622 817.380005
-16.790665 25.578794 1.638723 0.038069 -0.013900 2.186904 817.609985
-16.878691 25.767168 1.639105 0.004460 -0.089229 2.186619 817.869995
-16.941603 25.957838 1.639437 -0.065682 -0.161800 2.186938 818.349976
-16.907244 25.757711 1.643230 -0.068290 -0.123246 2.196692 818.880005
-16.877489 25.559759 1.643605 -0.046889 -0.075184 2.207176 819.099976
-16.848818 25.352766 1.644018 -0.022549 -0.028252 2.221320 819.299988
-16.823002 25.151033 1.644831 -0.014038 -0.005163 2.239077 819.489990
-16.800333 24.943007 1.644936 -0.022548 0.008563 2.261070 819.690002
-16.787134 24.741488 1.643317 -0.031132 0.010489 2.285849 819.890015
-16.786089 24.534721 1.639481 -0.033827 0.004909 2.314443 820.099976
-16.796785 24.330000 1.633534 -0.030295 -0.001409 2.345171 820.309998
-16.815676 24.125755 1.625908 -0.023016 -0.006597 2.377520 820.520020
-16.838491 23.913513 1.616058 0.003414 -0.021159 2.412273 820.739990
-16.852123 23.706083 1.603528 0.013545 -0.044720 2.447515 820.960022
-16.846041 23.501089 1.588162 0.011888 -0.052423 2.483416 821.179993
-16.818293 23.296112 1.570369 0.003826 -0.048751 2.519588 821.400024
-16.775179 23.100199 1.552222 0.009865 -0.036979 2.553849 821.609985
-16.718210 22.907991 1.534731 0.014564 -0.045188 2.587500 821.820007
-16.644974 22.720497 1.518688 0.017587 -0.039524 2.620929 822.030029
-16.557474 22.540415 1.504434 0.016257 -0.026468 2.653717 822.239990
-16.456102 22.361311 1.491235 0.001863 -0.027238 2.686959 822.460022
-16.348532 22.187410 1.479712 0.000988 -0.006801 2.719356 822.679993
-16.242264 22.013756 1.470226 -0.028850 0.070781 2.752669 822.909973
-16.175104 21.820433 1.463887 -0.065944 0.125112 2.789621 823.179993
-16.208893 21.619120 1.461322 -0.068646 0.112369 2.829963 823.460022
-16.309977 21.439686 1.458777 -0.043231 0.039960 2.866201 823.700012
-16.423143 21.268362 1.452465 -0.040853 -0.037674 2.898295 823.919983
-16.519751 21.084393 1.441518 -0.027739 -0.079088 2.929105 824.140015
-16.578293 20.890057 1.430988 -0.005421 -0.111170 2.958916 824.359985
-16.583017 20.684151 1.426435 -0.000768 -0.116087 2.989751 824.590027
-16.532940 20.488649 1.430456 -0.002669 -0.093886 3.019528 824.809998
-16.446650 20.305084 1.442179 -0.008058 -0.064972 3.048143 825.020020
-16.343037 20.133760 1.458530 0.004216 -0.024960 3.075464 825.219971
-16.229416 19.962290 1.473693 -0.008474 0.019023 3.104651 825.429993
-16.124111 19.787556 1.479808 -0.034134 0.041544 3.134740 825.650024
-16.038923 19.598536 1.471784 -0.043202 0.042419 -3.116671 825.880005
-15.980216 19.406769 1.450298 -0.043428 0.031800 -3.085572 826.099976
-15.938036 19.205444 1.420363 -0.023682 0.026154 -3.054403 826.320007
-15.909364 19.001560 1.392102 -0.022758 0.028330 -3.023041 826.539978
-15.893852 18.795980 1.372026 -0.026369 0.025443 -2.991240 826.760010
-15.889064 18.586773 1.362882 -0.029038 0.019476 -2.958967 826.979980
-15.890912 18.383131 1.363964 -0.016321 0.010073 -2.927855 827.190002
-15.895624 18.175474 1.371300 0.057846 -0.015189 -2.897111 827.409973
-15.900914 17.974709 1.384037 0.147769 -0.044934 -2.866492 827.679993
-15.926711 17.779051 1.422078 -0.102571 0.060919 -2.806005 828.500000
-15.969905 17.580437 1.455718 -0.086934 0.049875 -2.784954 828.840027
-16.009716 17.382339 1.484795 -0.068864 0.040314 -2.767592 829.080017
-16.048388 17.181910 1.512362 -0.047022 0.027102 -2.749699 829.289978
-16.086046 16.978584 1.537988 -0.032357 0.009688 -2.730369 829.489990
-16.118965 16.781750 1.559844 -0.028573 0.000525 -2.710031 829.679993
-16.147850 16.574810 1.579015 -0.011940 -0.011327 -2.686328 829.880005
-16.169771 16.374435 1.593846 -0.009193 -0.009501 -2.660947 830.080017
-16.186623 16.172287 1.605203 -0.003315 -0.001775 -2.632612 830.289978
-16.204172 15.971314 1.609372 0.048009 0.031484 -2.601165 830.510010
-16.248959 15.775583 1.600695 0.078677 0.065436 -2.566341 830.750000
-16.345503 15.600613 1.576893 0.072326 0.056042 -2.534709 831.000000
-16.486122 15.450831 1.544397 0.028997 0.042266 -2.504293 831.250000
-16.636007 15.320213 1.518656 -0.015571 0.037133 -2.475595 831.479980
-16.787979 15.180056 1.503130 -0.032725 0.018353 -2.446082 831.710022
-16.929428 15.028090 1.498776 -0.035599 0.018028 -2.416989 831.940002
-17.058537 14.864374 1.504779 -0.028630 0.016051 -2.387675 832.169983
-17.174530 14.696492 1.516229 -0.004647 -0.057988 -2.358218 832.400024
-17.279728 14.526896 1.532301 0.025900 -0.145664 -2.328301 832.690002
-17.351522 14.336999 1.558508 -0.054545 0.124556 -2.277039 833.539978
-17.407148 14.138857 1.570342 -0.043264 0.103921 -2.256397 833.849976
-17.462208 13.946561 1.578603 -0.023168 0.057114 -2.238071 834.070007
-17.520035 13.745214 1.586237 -0.011176 0.032738 -2.219266 834.280029
-17.576931 13.548994 1.593634 -0.006690 0.025998 -2.199393 834.479980
-17.634941 13.352240 1.600935 -0.003721 0.019459 -2.179009 834.679993
-17.693905 13.158109 1.608056 0.017805 0.012583 -2.160755 834.880005
-17.762344 12.963544 1.615351 0.044876 0.016577 -2.146075 835.090027
-17.851067 12.774227 1.623135 0.051463 0.014420 -2.138022 835.309998
-17.958735 12.601184 1.630809 0.043198 0.014647 -2.137517 835.530029
-18.081497 12.441600 1.638493 0.029984 0.024793 -2.144365 835.750000
-18.215906 12.288120 1.646250 0.016984 0.030255 -2.158877 835.969971
-18.357916 12.135219 1.653928 0.008153 0.029102 -2.180210 836.190002
-18.497068 11.988872 1.656652 0.013526 0.019589 -2.205878 836.400024
-18.639090 11.845989 1.649746 0.019812 0.019295 -2.235843 836.609985
-18.790234 11.704388 1.633437 0.010684 -0.043805 -2.270963 836.830017
-18.945232 11.570797 1.609722 -0.004805 -0.107210 -2.311357 837.090027
-18.848524 11.750143 1.610715 0.015179 -0.087700 -2.420064 838.440002
-18.717253 11.907896 1.634617 0.009038 -0.046996 -2.431177 838.659973
-18.584370 12.068419 1.659729 0.006411 -0.027437 -2.443796 838.869995
-18.456945 12.223161 1.684503 0.006728 -0.020134 -2.458067 839.070007
-18.331339 12.377779 1.706173 0.016089 -0.012744 -2.474690 839.270020
-18.205513 12.540935 1.721575 0.025787 -0.011553 -2.494687 839.479980
-18.088474 12.706800 1.728065 0.021329 -0.000179 -2.516246 839.690002
-17.976780 12.880531 1.725683 0.020624 -0.008551 -2.538098 839.909973
-17.872019 13.054160 1.715296 -0.013545 -0.023861 -2.555537 840.130005
-17.759974 13.219680 1.698446 -0.055975 -0.038015 -2.566495 840.349976
-17.619188 13.371696 1.675956 -0.067743 -0.044266 -2.570429 840.580017
-17.457565 13.494482 1.651395 -0.057698 -0.043119 -2.566569 840.799988
-17.282310 13.595058 1.626642 -0.038421 -0.027474 -2.556294 841.010010
-17.097137 13.683610 1.601731 -0.017024 -0.009113 -2.539537 841.219971
-16.912733 13.764499 1.576463 -0.002440 -0.017474 -2.516493 841.429993
-16.730913 13.844626 1.550843 0.008034 -0.016858 -2.488806 841.640015
-16.546175 13.931572 1.524042 0.011822 -0.012340 -2.456098 841.859985
-16.369347 14.021968 1.496790 0.006188 -0.024006 -2.420800 842.080017
-16.195417 14.117151 1.469419 0.009229 -0.027997 -2.384546 842.299988
-16.024847 14.220589 1.445253 0.042873 -0.029575 -2.351397 842.520020
-15.860284 14.348177 1.426488 0.060226 -0.029767 -2.323118 842.750000
-15.716526 14.499468 1.414657 0.052531 -0.016624 -2.302993 842.979980
-15.588864 14.675512 1.408946 0.040076 -0.027621 -2.294559 843.219971
-15.484697 14.849950 1.408344 0.021334 -0.011324 -2.295927 843.440002
-15.389835 15.027400 1.412166 0.020943 -0.010848 -2.306655 843.659973
-15.299688 15.214648 1.421086 0.023680 -0.022129 -2.326640 843.890015
-15.218987 15.399483 1.433568 0.021201 -0.027968 -2.352592 844.109985
-15.140429 15.590919 1.448948 0.020780 -0.024899 -2.383947 844.330017
-15.068057 15.778613 1.465629 0.030245 -0.011713 -2.417530 844.539978
-15.003671 15.970392 1.483751 0.039762 -0.008436 -2.453927 844.750000
-14.950074 16.167614 1.502532 0.027844 -0.001530 -2.491663 844.960022
-14.903922 16.364510 1.518090 -0.019631 -0.019121 -2.530081 845.169983
-14.845946 16.558886 1.526568 -0.051054 -0.048570 -2.569927 845.390015
-14.757253 16.742918 1.525643 -0.058830 -0.043443 -2.612729 845.619995
-14.639668 16.904423 1.514968 -0.040195 -0.049589 -2.653721 845.849976
-14.497628 17.051052 1.496563 -0.020934 -0.036370 -2.693673 846.080017
-14.342818 17.188799 1.472080 0.007246 -0.011002 -2.731494 846.309998
-14.191511 17.325472 1.441643 0.038948 -0.010211 -2.766895 846.539978
-14.050133 17.474037 1.406160 0.048593 -0.011657 -2.800533 846.770020
-13.924998 17.631487 1.371588 0.049788 0.004143 -2.831040 846.989990
-13.815475 17.803030 1.346055 0.059514 0.022333 -2.860883 847.210022
-13.728969 17.989367 1.334068 0.047308 0.030105 -2.890558 847.429993
-13.665967 18.184658 1.335746 0.034889 0.025537 -2.920339 847.650024
-13.621487 18.383814 1.349747 0.028509 0.013939 -2.950200 847.869995
-13.588819 18.581278 1.370496 -0.042019 0.023693 -2.978825 848.090027
-13.561100 18.785452 1.396865 -0.103143 0.032730 -3.012587 848.369995
-13.546282 18.980297 1.444601 0.121776 -0.020204 -3.068187 849.239990
-13.530509 19.184732 1.473216 0.107493 -0.016192 -3.087474 849.619995
-13.512281 19.400417 1.497129 0.081543 -0.010923 -3.104046 849.880005
-13.494719 19.604548 1.517104 0.052507 0.001594 -3.120177 850.090027
-13.480339 19.810514 1.531014 0.028727 0.031126 -3.138208 850.289978
-13.477881 20.018105 1.536028 0.013541 0.047939 3.123477 850.489990
-13.492644 20.221039 1.531399 -0.007642 0.043503 3.099432 850.690002
-13.525089 20.422922 1.516482 -0.000733 0.038776 3.071986 850.900024
-13.574278 20.624933 1.491884 0.007733 0.027052 3.041134 851.119995
-13.631124 20.820890 1.463987 0.013753 -0.023869 3.009267 851.340027
-13.674635 21.020704 1.439922 0.031347 -0.070894 2.974586 851.570007
-13.678442 21.226913 1.424807 0.023459 -0.076421 2.938086 851.809998
-13.638089 21.427324 1.420364 0.031609 -0.059513 2.901922 852.049988
-13.567414 21.617195 1.424927 0.024014 -0.036096 2.867694 852.280029
-13.479223 21.803223 1.434766 0.010423 -0.020981 2.833950 852.510010
-13.383374 21.982138 1.445826 0.027074 -0.014049 2.800861 852.739990
-13.281892 22.160681 1.455702 0.020098 -0.007218 2.768544 852.969971
-13.178352 22.338537 1.463028 0.022972 -0.002415 2.736765 853.200012
-13.075642 22.516870 1.467909 0.020780 0.021223 2.705384 853.429993
-12.983663 22.700047 1.471813 0.022550 0.050045 2.673882 853.659973
-12.913144 22.894606 1.475782 0.025208 0.056857 2.641948 853.890015
-12.866760 23.093920 1.480280 0.024182 0.048599 2.610866 854.109985
-12.837517 23.294390 1.485461 0.016202 0.032452 2.580726 854.320007
-12.817728 23.498301 1.491208 0.009015 0.017231 2.550652 854.530029
-12.802787 23.699272 1.496900 0.006828 -0.004301 2.520878 854.739990
-12.783017 23.901302 1.499510 0.030306 -0.043133 2.490014 854.960022
-12.738585 24.100727 1.496169 0.042375 -0.059044 2.457519 855.190002
-12.661704 24.287058 1.486095 0.034046 -0.052131 2.425772 855.419983
-12.558023 24.460203 1.470060 0.034078 -0.031312 2.394587 855.650024
-12.438231 24.625984 1.452584 0.016060 0.011885 2.363504 855.880005
-12.322608 24.793127 1.439820 0.013555 0.049603 2.331835 856.109985
-12.224778 24.973787 1.434653 0.014381 0.060429 2.299756 856.340027
-12.149891 25.163313 1.436980 0.014413 0.053849 2.268630 856.559998
-12.092367 25.356533 1.444423 -0.006569 0.023555 2.238732 856.770020
-12.044639 25.552967 1.453959 -0.064925 -0.040243 2.211385 856.989990
-12.004229 25.750956 1.465316 -0.088694 -0.076323 2.179760 857.289978
-12.130658 25.908737 1.495047 -0.050522 0.105677 2.152600 858.239990
-12.312437 26.000675 1.511507 -0.031622 0.092210 2.181325 858.530029
-12.492797 26.101164 1.525693 -0.012372 0.052190 2.212568 858.760010
-12.668735 26.204458 1.539183 -0.003296 0.036167 2.245027 858.969971
-12.847083 26.313896 1.553096 0.000699 0.022461 2.280567 859.179993
-13.022696 26.425339 1.566810 0.002481 0.008366 2.317971 859.390015
-13.191868 26.535131 1.579447 0.002702 0.014391 2.356200 859.599976
-13.363988 26.649849 1.590155 0.003049 0.023539 2.395642 859.820007
-13.534337 26.766994 1.597661 0.002127 0.030919 2.433207 860.039978
-13.698121 26.882406 1.601907 0.001190 0.031289 2.465732 860.250000
-13.863907 27.000856 1.603843 0.000631 0.026798 2.493864 860.460022
-14.029949 27.120220 1.603929 0.000322 0.012308 2.517723 860.669983
-14.192616 27.237364 1.602754 0.000519 0.017342 2.538656 860.880005
-14.360728 27.358103 1.600733 -0.013558 0.015341 2.558679 861.099976
-14.530340 27.470728 1.598533 -0.048973 0.016941 2.578051 861.320007
-14.709275 27.563345 1.596469 -0.057830 0.006679 2.598942 861.539978
-14.900211 27.632421 1.593750 -0.024438 -0.064044 2.623120 861.770020
-15.098785 27.678530 1.589975 0.014522 -0.110490 2.647746 862.070007
-15.231483 27.524307 1.590586 -0.129462 -0.026157 2.695482 863.030029
-15.267770 27.324886 1.591643 -0.102252 -0.012043 2.711388 863.299988
-15.311544 27.121447 1.591769 -0.053730 -0.001645 2.728056 863.520020
-15.357755 26.924580 1.591549 -0.018582 0.009253 2.746197 863.719971
-15.408605 26.730778 1.590750 -0.010070 0.029530 2.767112 863.919983
-15.472035 26.537186 1.589167 -0.012676 0.038910 2.791672 864.130005
-15.552658 26.345819 1.586958 -0.005170 0.032833 2.819684 864.349976
-15.644610 26.166004 1.584011 -0.015721 0.026473 2.849651 864.570007
-15.745340 25.992357 1.580717 -0.010904 0.014300 2.881256 864.789978
-15.854109 25.817236 1.577036 -0.001230 0.020272 2.915348 865.020020
-15.967902 25.652561 1.573372 -0.007247 0.040907 2.950292 865.250000
-16.095476 25.497210 1.569958 -0.003747 0.037588 2.985551 865.479980
-16.235628 25.350691 1.566715 -0.009321 0.034727 3.020677 865.710022
-16.386219 25.209383 1.563738 -0.019097 0.033639 3.055756 865.940002
-16.539244 25.073883 1.561068 -0.021613 0.026931 3.089301 866.159973
-16.696539 24.936277 1.559129 -0.021730 0.005885 3.122564 866.380005
-16.849453 24.795103 1.558950 -0.034989 -0.000317 -3.127992 866.599976
-16.994001 24.645765 1.560791 -0.028066 -0.009312 -3.095442 866.820007
-17.127094 24.490641 1.564370 -0.025979 -0.004037 -3.063777 867.039978
-17.250822 24.331348 1.569394 -0.028450 0.003978 -3.032729 867.260010
-17.366335 24.166424 1.574316 -0.047345 -0.032683 -3.001432 867.479980
-17.461868 23.982210 1.576507 -0.063815 -0.063252 -2.968652 867.710022
-17.517036 23.783550 1.574049 -0.045774 -0.065440 -2.937260 867.940002
-17.533224 23.578375 1.566934 -0.045572 -0.045567 -2.907096 868.169983
-17.522142 23.376873 1.556572 -0.027854 -0.018933 -2.878464 868.390015
-17.502571 23.176144 1.543177 0.023299 0.052810 -2.848553 868.609985
-17.511869 22.971640 1.525945 0.049617 0.102929 -2.813972 868.849976
-17.584606 22.778166 1.505384 0.047200 0.097960 -2.779901 869.099976
-17.702635 22.613817 1.485154 0.000898 0.054916 -2.749766 869.330017
-17.834499 22.456059 1.467428 -0.040519 0.017424 -2.718538 869.549988
-17.954517 22.295572 1.453315 -0.045654 -0.013405 -2.687166 869.760010
-18.060455 22.119101 1.441276 -0.050547 -0.012783 -2.655497 869.979980
-18.145124 21.933853 1.431689 -0.044138 -0.008731 -2.623913 870.200012
-18.210566 21.742287 1.426095 -0.047110 -0.026355 -2.592102 870.419983
-18.252214 21.538589 1.426365 -0.060014 -0.028213 -2.559774 870.650024
-18.263479 21.337730 1.432525 -0.057737 -0.020213 -2.529219 870.869995
-18.251135 21.130465 1.443665 -0.049484 -0.007316 -2.498709 871.090027
-18.224361 20.927368 1.457903 -0.037907 0.003372 -2.469171 871.299988
-18.191597 20.730576 1.473647 -0.027567 0.010647 -2.440601 871.500000
-18.154758 20.522131 1.491315 -0.015407 0.012028 -2.410174 871.710022
-18.119261 20.318094 1.507624 0.040419 -0.025571 -2.381034 871.919983
-18.084703 20.115231 1.522417 0.092546 -0.064287 -2.351747 872.169983
-18.037861 19.919699 1.533600 -0.102910 -0.012847 -2.290913 872.929993
-17.879318 19.796661 1.529446 -0.127532 0.007518 -2.268721 873.380005
-17.720547 19.662657 1.525330 -0.094659 0.009495 -2.252442 873.630005
-17.562510 19.524729 1.521166 -0.061323 0.008191 -2.235756 873.840027
-17.409901 19.389416 1.517334 -0.035549 0.000070 -2.218098 874.030029
-17.254023 19.252438 1.514152 -0.020687 -0.008110 -2.198305 874.219971
-17.097567 19.119408 1.512062 -0.005195 -0.012334 -2.176434 874.409973
-16.936085 18.988245 1.510824 0.005089 -0.012467 -2.151491 874.609985
-16.772936 18.861942 1.510595 -0.006433 -0.007981 -2.123344 874.820007
-16.607243 18.738306 1.511067 -0.001946 0.002330 -2.092146 875.039978
-16.442030 18.613201 1.510337 -0.015897 0.022634 -2.058089 875.270020
-16.284136 18.482019 1.507752 -0.011789 0.024353 -2.023062 875.500000
-16.134068 18.343800 1.503005 -0.016359 0.024153 -1.987684 875.729980
-15.989347 18.198660 1.496242 -0.023092 0.022043 -1.952075 875.960022
-15.846299 18.047331 1.487934 -0.017864 0.013865 -1.916620 876.190002
-15.710607 17.900614 1.478960 -0.023738 0.014354 -1.883146 876.409973
-15.574050 17.752350 1.469496 -0.008356 0.005187 -1.850018 876.630005
-15.436924 17.600595 1.460114 0.025792 0.025948 -1.816082 876.859985
-15.317503 17.439528 1.451869 0.034877 0.060999 -1.781000 877.099976
-15.229484 17.259283 1.445314 0.026618 0.071111 -1.747494 877.340027
-15.169597 17.062984 1.440457 0.015322 0.055838 -1.716446 877.570007
-15.125093 16.861252 1.436015 -0.023857 0.011351 -1.687219 877.789978
-15.072738 16.662502 1.430663 -0.067328 -0.012349 -1.656649 878.010010
-14.993636 16.477190 1.423864 -0.066463 -0.030268 -1.624993 878.229980
-14.881666 16.305206 1.414864 -0.061157 -0.019711 -1.593783 878.460022
-14.744780 16.151361 1.404676 -0.053743 -0.003890 -1.562864 878.690002
-14.594625 16.014938 1.398198 -0.053441 -0.008636 -1.532411 878.909973
-14.427377 15.890302 1.398396 -0.050678 -0.010492 -1.501916 879.130005
-14.253900 15.783167 1.405792 -0.043647 -0.005891 -1.472713 879.340027
-14.070579 15.685556 1.419670 -0.035164 0.001140 -1.443201 879.549988
-13.890935 15.598751 1.437354 -0.008095 -0.002137 -1.414648 879.750000
-13.709251 15.511598 1.456921 0.050406 0.026343 -1.384806 879.960022
-13.541199 15.403415 1.476163 0.084988 0.062568 -1.353290 880.190002
-13.407157 15.249987 1.491559 0.080600 0.055850 -1.326159 880.440002
-13.320970 15.069474 1.500424 0.056643 0.054959 -1.301842 880.679993
-13.263226 14.873126 1.504521 -0.001120 0.014588 -1.281001 880.909973
-13.203931 14.680882 1.506978 -0.097206 -0.028244 -1.257293 881.140015
-13.091924 14.509103 1.510908 -0.119660 -0.047030 -1.227567 881.400024
-12.924190 14.399892 1.516209 -0.105732 -0.032231 -1.199585 881.659973
-12.728701 14.344109 1.522978 -0.078655 -0.009613 -1.172819 881.900024
-12.525997 14.315137 1.529774 -0.041313 0.007061 -1.146106 882.119995
-12.323951 14.293766 1.535138 -0.019261 0.025265 -1.119251 882.330017
-12.119862 14.267959 1.538505 -0.000706 0.026592 -1.090994 882.539978
-11.919732 14.233807 1.539330 0.006918 0.023899 -1.062107 882.750000
-11.717140 14.188864 1.537701 0.003170 0.023543 -1.031147 882.969971
-11.523887 14.137369 1.534107 0.042231 -0.033290 -1.002151 883.190002
-11.330022 14.079827 1.529551 0.087536 -0.106132 -0.972822 883.469971
-11.320675 14.280733 1.530436 -0.052377 -0.105769 -0.926857 884.260010
-11.377160 14.472766 1.531677 -0.035849 -0.065896 -0.914673 884.489990
-11.431509 14.672729 1.533769 -0.020144 -0.033231 -0.901794 884.700012
-11.482835 14.869589 1.536659 -0.001719 -0.011113 -0.887523 884.900024
-11.537801 15.070914 1.538881 0.032156 -0.016027 -0.870498 885.109985
-11.607940 15.268063 1.539090 0.048329 -0.027222 -0.849963 885.330017
-11.698216 15.449352 1.536684 0.046600 -0.018671 -0.825914 885.549988
-11.810981 15.621375 1.531587 0.030803 -0.029626 -0.799199 885.780029
-11.937807 15.783267 1.524483 -0.004571 -0.009051 -0.769604 886.010010
-12.058911 15.942692 1.515243 -0.067080 0.012010 -0.739138 886.239990
-12.151094 16.121519 1.503628 -0.093502 0.014620 -0.706282 886.479980
-12.200035 16.323427 1.490142 -0.085999 0.008750 -0.671872 886.719971
-12.213470 16.528273 1.476663 -0.058938 0.005515 -0.639959 886.940002
-12.208539 16.732449 1.463500 -0.005922 0.003933 -0.611098 887.150024
-12.203581 16.936501 1.451717 0.077900 -0.043643 -0.587120 887.369995
-12.242292 17.133236 1.443023 0.116228 -0.072480 -0.568508 887.619995
-12.361355 17.294361 1.438074 0.097831 -0.068834 -0.556904 887.890015
-12.533514 17.405678 1.437048 0.062607 -0.061580 -0.558344 888.140015
-12.727331 17.490444 1.438460 0.028585 -0.030006 -0.568157 888.369995
-12.915096 17.559830 1.441075 0.022464 -0.022275 -0.585566 888.580017
-13.107169 17.623028 1.444015 0.026112 -0.021912 -0.608982 888.789978
-13.303614 17.679552 1.446512 0.024291 -0.020719 -0.637166 889.000000
-13.503696 17.730360 1.448199 0.020685 -0.020443 -0.669195 889.210022
-13.706246 17.777220 1.448959 0.015228 -0.019651 -0.704077 889.419983
-13.909153 17.822474 1.448080 0.003912 -0.020696 -0.740829 889.630005
-14.109962 17.870092 1.445065 0.000217 -0.028922 -0.778785 889.840027
-14.309690 17.923655 1.439641 0.000872 -0.032707 -0.817359 890.049988
-14.509143 17.984171 1.432194 0.001173 -0.027817 -0.855867 890.260010
-14.706922 18.050163 1.423354 -0.003000 -0.014708 -0.893664 890.469971
-14.897741 18.119781 1.415212 -0.031020 -0.020516 -0.930134 890.679993
-15.082286 18.205441 1.410272 -0.054056 -0.041733 -0.966904 890.900024
-15.254807 18.321516 1.410125 -0.054229 -0.046965 -1.004252 891.130005
-15.401562 18.459230 1.414879 -0.045290 -0.044604 -1.034984 891.349976
-15.532586 18.618973 1.422997 -0.051417 -0.036814 -1.057982 891.570007
-15.640213 18.788626 1.432298 -0.049882 -0.034346 -1.071022 891.780029
-15.731299 18.972824 1.442058 -0.039886 -0.033608 -1.074803 891.989990
-15.806401 19.158932 1.451063 -0.027187 -0.030204 -1.070023 892.190002
-15.874220 19.350956 1.459359 -0.011607 -0.008897 -1.058221 892.390015
-15.939786 19.548388 1.466487 0.011476 0.009762 -1.040813 892.599976
-16.008663 19.739649 1.471849 0.043841 -0.009175 -1.021844 892.820007
-16.096819 19.921850 1.475230 0.053801 -0.015969 -1.003935 893.049988
-16.211998 20.093691 1.476572 0.045180 -0.019825 -0.990488 893.289978
-16.347481 20.251923 1.476307 0.031048 -0.031244 -0.985209 893.530029
-16.489832 20.397093 1.474689 0.003232 0.030528 -0.985999 893.760010
-16.636801 20.538616 1.471591 -0.018807 0.097801 -0.995518 894.030029
-16.773571 20.684841 1.475560 -0.011717 -0.120471 -0.993924 894.840027
-16.867304 20.860788 1.498798 -0.004519 -0.122729 -0.967664 895.219971
-16.968994 21.039261 1.519661 -0.003697 -0.087531 -0.942593 895.460022
-17.070431 21.212265 1.539131 -0.005465 -0.055907 -0.917452 895.659973
-17.172653 21.386593 1.557704 -0.022258 -0.024076 -0.890840 895.849976
-17.269838 21.564962 1.575051 -0.042822 -0.005902 -0.862334 896.039978
-17.353346 21.746614 1.590318 -0.049878 0.001125 -0.832245 896.229980
-17.423615 21.941299 1.603712 -0.046431 0.001222 -0.799105 896.429993
-17.477766 22.138783 1.614572 -0.035138 0.000381 -0.765173 896.630005
-17.519945 22.336077 1.623174 -0.014945 0.007852 -0.731369 896.830017
-17.556133 22.535923 1.628739 0.010613 -0.001239 -0.696011 897.039978
-17.596464 22.732273 1.626568 0.034252 -0.033021 -0.660113 897.260010
-17.658455 22.923916 1.613074 0.037877 -0.053380 -0.622945 897.489990
-17.748537 23.105497 1.588320 0.028235 -0.053826 -0.585598 897.719971
-17.858206 23.273302 1.556297 0.015728 -0.041649 -0.550417 897.940002
-17.981730 23.435343 1.522565 0.013510 -0.013377 -0.516407 898.159973
-18.108593 23.587973 1.496404 -0.000118 -0.020465 -0.484055 898.380005
-18.243248 23.743608 1.482385 -0.005561 -0.018638 -0.451360 898.609985
-18.378407 23.897991 1.482466 -0.010593 -0.020044 -0.419615 898.840027
-18.513647 24.053301 1.495102 -0.017025 -0.027295 -0.388400 899.070007
-18.644939 24.206148 1.515706 -0.018761 -0.017676 -0.358991 899.289978
-18.772066 24.363255 1.537275 -0.050330 0.029167 -0.330272 899.510010
-18.877409 24.537977 1.553511 -0.075085 0.057913 -0.300550 899.739990
-18.940243 24.728643 1.559801 -0.056761 0.060685 -0.269894 899.969971
-18.963707 24.929609 1.555727 -0.052859 0.045583 -0.238098 900.200012
-18.957596 25.130043 1.547116 -0.039438 0.047306 -0.207945 900.419983
-18.926414 25.333971 1.540888 -0.033659 0.051081 -0.177187 900.640015
-18.873919 25.529478 1.540731 -0.028089 0.043801 -0.146945 900.849976
-18.803741 25.724661 1.547304 -0.023585 0.032035 -0.116107 901.059998
-18.726511 25.909290 1.558806 -0.010917 0.003027 -0.086390 901.260010
-18.650370 26.098078 1.570759 0.009941 -0.085363 -0.056411 901.469971
-18.611561 26.308123 1.578199 0.016177 -0.146346 -0.021440 901.719971
-18.661608 26.506296 1.572987 0.006212 -0.139396 0.016416 901.979980
-18.782557 26.674000 1.556527 -0.002106 -0.096903 0.051464 902.219971
-18.933977 26.816799 1.531895 0.028332 -0.060137 0.083301 902.440002
-19.096643 26.932364 1.493367 0.071977 -0.056030 0.113641 902.650024
-19.278858 27.014906 1.433208 0.085712 -0.047106 0.146343 902.869995
-19.467388 27.053812 1.352860 0.072362 -0.041235 0.178915 903.090027
-19.650059 27.056845 1.260782 0.049011 -0.031207 0.210107 903.299988
-19.831366 27.037477 1.160955 0.027153 -0.008632 0.241165 903.510010
-20.005672 27.007059 1.056572 0.006179 -0.012790 0.270856 903.719971
-20.175133 26.973984 0.952562 -0.000503 0.008183 0.299911 903.929993
-20.351288 26.939947 0.850382 0.009269 0.071087 0.331056 904.169983
-20.352188 26.764099 0.957592 0.074937 0.036532 0.353765 905.080017
-20.236500 26.657009 1.085648 0.050505 0.025177 0.337325 905.299988
-20.118896 26.547359 1.220221 0.032492 0.017905 0.315943 905.500000
-20.002048 26.438362 1.357065 0.018145 0.011288 0.290679 905.690002
-19.885038 26.329409 1.493787 -0.001855 -0.000243 0.261618 905.880005
-19.766432 26.220064 1.623030 -0.002418 0.017121 0.227873 906.080017
-19.635017 26.107704 1.728591 0.007101 0.042821 0.188145 906.299988
-19.478491 25.991568 1.791295 0.017727 0.054631 0.143025 906.539978
-19.310240 25.881689 1.803176 0.021519 0.051840 0.098824 906.770020
-19.134567 25.775187 1.780142 0.009346 0.024382 0.056422 906.989990
-18.963608 25.674742 1.737718 0.003980 0.012170 0.017372 907.200012
-18.795269 25.577463 1.686760 0.004800 0.018993 -0.020112 907.409973
-18.618998 25.478163 1.635795 0.006735 0.027042 -0.057702 907.630005
-18.439348 25.380043 1.594471 0.008607 0.031894 -0.093657 907.849976
-18.263119 25.286129 1.566525 0.009317 0.032829 -0.126667 908.059998
-18.082375 25.191235 1.549579 0.005637 0.019459 -0.158562 908.270020
-17.902111 25.097092 1.541670 0.003462 0.012105 -0.189131 908.479980
-17.718750 25.000221 1.538674 0.027714 -0.007561 -0.219804 908.700012
-17.543459 24.890795 1.533367 0.070362 -0.017748 -0.251398 908.929993
-17.394318 24.757278 1.521262 0.069754 -0.025866 -0.283416 909.159973
-17.270182 24.594210 1.503019 0.056449 -0.024607 -0.315441 909.400024
-17.174860 24.413935 1.487244 0.055341 -0.005641 -0.345996 909.640015
-17.101185 24.224558 1.479436 0.049445 0.011526 -0.375535 909.869995
-17.038353 24.029228 1.479705 0.036914 0.019181 -0.404554 910.090027
-16.980263 23.833969 1.486295 0.020969 0.017211 -0.432876 910.299988
-16.922297 23.637440 1.496604 -0.004138 0.008042 -0.461217 910.510010
-16.859156 23.441090 1.505236 -0.025218 0.030348 -0.491144 910.729980
-16.778259 23.249826 1.506364 -0.030034 0.047563 -0.522487 910.960022
-16.674587 23.069736 1.497166 -0.022953 0.050427 -0.553563 911.190002
-16.555443 22.903376 1.479382 -0.012161 0.042084 -0.583408 911.409973
-16.429749 22.746885 1.458965 0.004163 0.027328 -0.612168 911.619995
-16.301317 22.589739 1.440957 0.019160 0.024499 -0.641498 911.830017
-16.175512 22.427755 1.428546 0.025194 0.023568 -0.671371 912.039978
-16.054638 22.259325 1.422656 0.023887 0.021498 -0.701693 912.250000
-15.939281 22.085648 1.422765 0.015986 0.006620 -0.732438 912.460022
-15.832369 21.913229 1.427054 0.019083 -0.010965 -0.762873 912.669983
-15.734951 21.737654 1.433767 0.032367 0.003432 -0.794037 912.890015
-15.648391 21.551323 1.441650 0.036718 0.019742 -0.826517 913.119995
-15.576344 21.364113 1.449069 0.032351 0.029634 -0.857876 913.340027
-15.510483 21.166826 1.455619 0.019941 0.021321 -0.889734 913.559998
-15.451588 20.975021 1.460625 0.009039 0.013317 -0.919769 913.770020
-15.392388 20.776226 1.464775 0.004117 0.016781 -0.950791 913.989990
-15.334376 20.582825 1.467401 -0.012535 -0.040153 -0.980413 914.210022
-15.275297 20.386602 1.468237 -0.027819 -0.101083 -1.011914 914.479980
-15.219399 20.194302 1.467605 0.027863 0.113924 -1.070353 915.309998
-15.168597 19.998505 1.475642 0.022736 0.106668 -1.091797 915.719971
-15.117124 19.804689 1.483014 0.014579 0.073835 -1.107938 915.969971
-15.064064 19.606367 1.489801 0.004586 0.036322 -1.121895 916.190002
-15.010019 19.410988 1.495641 -0.018199 0.018373 -1.132196 916.400024
-14.948330 19.220568 1.500273 -0.034596 0.021700 -1.137995 916.609985
-14.869571 19.029314 1.503309 -0.035173 0.008816 -1.137619 916.830017
-14.778201 18.849894 1.504430 -0.027825 0.014457 -1.131864 917.049988
-14.672062 18.670950 1.504417 -0.018149 0.029546 -1.119945 917.280029
-14.563908 18.500370 1.503376 0.029959 0.014221 -1.104943 917.500000
-14.468057 18.317823 1.501092 0.099397 -0.006414 -1.091457 917.729980
-14.420313 18.116579 1.497164 0.116833 -0.013740 -1.082476 917.969971
-14.432217 17.912521 1.491722 0.099418 -0.010731 -1.079771 918.200012
-14.486524 17.710070 1.485387 0.063707 -0.009575 -1.084228 918.419983
-14.562369 17.516821 1.478823 0.027801 -0.007511 -1.094470 918.630005
-14.645697 17.329985 1.471090 -0.013792 0.014162 -1.109952 918.840027
-14.720545 17.140282 1.460060 -0.038373 0.046404 -1.132125 919.059998
-14.769126 16.939671 1.444373 -0.039553 0.059788 -1.158665 919.289978
-14.784979 16.740854 1.427433 -0.045902 0.046832 -1.182939 919.510010
-14.771970 16.539610 1.413089 -0.049228 0.045087 -1.205074 919.729980
-14.731318 16.337841 1.403621 -0.040299 0.026622 -1.222185 919.950012
-14.670639 16.140327 1.399441 -0.026129 0.020358 -1.235404 920.169983
-14.598236 15.947669 1.400495 -0.012769 0.023404 -1.244772 920.390015
-14.517021 15.750090 1.405684 -0.014742 -0.001438 -1.249641 920.619995
-14.431940 15.564381 1.413149 -0.032434 0.009942 -1.248923 920.849976
-14.334788 15.388940 1.421735 -0.038133 0.022927 -1.241315 921.080017
-14.221166 15.218122 1.430733 -0.034597 0.032489 -1.226567 921.309998
-14.097900 15.054736 1.439050 -0.023965 0.026642 -1.206008 921.530029
-13.966291 14.892258 1.446630 -0.012073 0.017024 -1.182493 921.750000
-13.832875 14.732516 1.453424 -0.002502 0.018448 -1.160460 921.969971
-13.702464 14.573199 1.459353 0.021643 0.021752 -1.142608 922.190002
-13.583060 14.408599 1.464705 0.035960 0.031063 -1.131099 922.409973
-13.478364 14.233161 1.468945 0.032926 0.028909 -1.126184 922.630005
-13.386487 14.047935 1.470812 0.019768 0.031147 -1.124482 922.849976
-13.305225 13.864223 1.469909 0.008294 0.022060 -1.123940 923.059998
-13.227097 13.679399 1.466440 0.001073 0.012360 -1.124674 923.270020
-13.148604 13.489519 1.462341 0.025653 0.010078 -1.128253 923.489990
-13.082904 13.299829 1.461912 0.055907 0.013342 -1.136234 923.710022
-13.039579 13.095510 1.467414 0.055841 0.002178 -1.150931 923.940002
-13.023588 12.888459 1.478727 0.046761 0.008664 -1.169741 924.169983
-13.028050 12.688482 1.494319 0.030647 0.007893 -1.192253 924.390015
-13.045040 12.484836 1.511659 -0.010402 -0.056396 -1.218948 924.619995
-13.071129 12.285140 1.529404 -0.043875 -0.103519 -1.250043 924.909973
-13.200622 12.442877 1.557442 0.025994 -0.120032 -1.299715 925.760010
-13.285164 12.626662 1.561747 0.019433 -0.078100 -1.310852 925.969971
-13.372614 12.811677 1.566049 0.012606 -0.046091 -1.322696 926.159973
-13.459609 12.992606 1.570036 0.015116 -0.010796 -1.335574 926.340027
-13.554009 13.177838 1.573372 0.037349 0.012221 -1.350947 926.530029
-13.661377 13.357025 1.575261 0.050055 0.020188 -1.369082 926.729980
-13.786159 13.523854 1.575274 0.040563 0.026857 -1.389895 926.940002
-13.926625 13.675553 1.573168 0.035115 0.013798 -1.414809 927.159973
-14.074006 13.811147 1.567059 0.012445 -0.009203 -1.441913 927.380005
-14.226849 13.949533 1.552300 -0.006109 -0.036374 -1.472210 927.609985
-14.370846 14.098085 1.527524 -0.011510 -0.046716 -1.503408 927.840027
-14.497596 14.254277 1.496234 -0.023573 -0.042270 -1.530558 928.059998
-14.606252 14.423105 1.466480 -0.066697 -0.046824 -1.551615 928.280029
-14.681810 14.614374 1.444802 -0.083339 -0.051217 -1.565706 928.510010
-14.711044 14.812413 1.435450 -0.072288 -0.046688 -1.570985 928.729980
-14.705758 15.012434 1.436797 -0.051871 -0.038969 -1.567762 928.940002
-14.678687 15.218338 1.446149 -0.022210 -0.008427 -1.558008 929.150024
-14.643280 15.427993 1.459522 0.037391 0.006555 -1.542671 929.369995
-14.626121 15.632976 1.472917 0.080661 -0.003355 -1.526309 929.599976
-14.650226 15.833980 1.483117 0.079328 -0.001792 -1.510020 929.840027
-14.715785 16.023294 1.488015 0.053274 -0.015973 -1.495592 930.080017
-14.803407 16.208513 1.487780 -0.038874 -0.023201 -1.479653 930.320007
-14.868196 16.397781 1.484638 -0.093378 -0.022812 -1.462941 930.559998
-14.881670 16.601900 1.479331 -0.094724 -0.016464 -1.444368 930.809998
-14.843095 16.803112 1.472804 -0.078021 -0.022907 -1.422474 931.049988
-14.774488 16.992754 1.466249 -0.041028 -0.006830 -1.401573 931.270020
-14.690522 17.180216 1.459686 -0.020788 -0.011351 -1.377352 931.489990
-14.597937 17.374016 1.452981 -0.013476 -0.025085 -1.349546 931.719971
-14.510098 17.562483 1.446512 -0.010495 -0.031852 -1.320918 931.940002
-14.429288 17.747656 1.440253 -0.010230 -0.032465 -1.291918 932.150024
-14.352278 17.937553 1.433804 0.003151 -0.024545 -1.261703 932.359985
-14.284236 18.128519 1.426030 0.030240 -0.040213 -1.230770 932.570007
-14.234822 18.331047 1.415072 0.043575 -0.047846 -1.197137 932.789978
-14.213783 18.535240 1.401291 0.043448 -0.031506 -1.162120 933.010010
-14.217593 18.735630 1.384695 0.024653 -0.036078 -1.128081 933.229980
-14.238528 18.934908 1.366476 0.014018 -0.011434 -1.094038 933.450012
-14.265520 19.134619 1.350980 -0.034492 0.029581 -1.059719 933.679993
-14.267715 19.335909 1.344535 -0.077224 0.039086 -1.024255 933.929993
-14.217455 19.535715 1.350235 -0.069456 0.034223 -0.988252 934.190002
-14.129079 19.715343 1.365450 -0.060269 0.017587 -0.954931 934.429993
-14.019702 19.888594 1.384847 -0.020137 -0.025305 -0.922832 934.659973
-13.919748 20.061024 1.402296 0.019078 -0.077741 -0.893678 934.880005
-13.850101 20.252861 1.415346 0.062298 -0.049763 -0.861774 935.109985
-13.821305 20.452633 1.422423 0.096535 0.028394 -0.823501 935.369995
-13.856693 20.649757 1.427382 -0.068172 -0.080059 -0.771704 936.130005
-13.899445 20.848137 1.449140 -0.073231 -0.076972 -0.751614 936.570007
-13.928408 21.051138 1.471805 -0.059289 -0.060795 -0.737070 936.830017
-13.954175 21.257092 1.495144 -0.043787 -0.044102 -0.721445 937.049988
-13.978250 21.459764 1.517067 -0.013206 -0.022639 -0.704553 937.250000
-14.004955 21.663448 1.535692 0.007993 -0.025983 -0.684519 937.450012
-14.039702 21.861988 1.548547 0.013503 -0.033910 -0.661992 937.650024
-14.088414 22.064783 1.554984 0.011168 -0.036329 -0.635743 937.859985
-14.149426 22.262842 1.554783 0.005338 -0.032569 -0.607233 938.070007
-14.219595 22.456446 1.549395 0.008766 -0.013705 -0.577152 938.280029
-14.296452 22.649681 1.539857 -0.002793 0.012802 -0.544265 938.500000
-14.365111 22.840475 1.526842 -0.045611 0.047024 -0.509448 938.729980
-14.400451 23.037748 1.511274 -0.057941 0.055833 -0.472868 938.969971
-14.393124 23.238352 1.494591 -0.052636 0.045302 -0.435621 939.210022
-14.354093 23.434992 1.478232 -0.048061 0.021132 -0.399491 939.440002
-14.302077 23.630009 1.465785 -0.024469 -0.031755 -0.364859 939.659973
-14.261629 23.830980 1.460410 -0.008435 -0.066920 -0.331770 939.880005
-14.250257 24.034479 1.462544 0.008138 -0.065787 -0.299529 940.099976
-14.269670 24.234037 1.471457 -0.000814 -0.057825 -0.267712 940.320007
-14.313842 24.430557 1.485622 -0.000010 -0.035857 -0.236430 940.539978
-14.373448 24.629934 1.498275 -0.009417 0.009669 -0.203910 940.770020
-14.426803 24.831499 1.499443 -0.034666 0.039719 -0.170908 941.010010
-14.454453 25.035494 1.485802 -0.034023 0.047797 -0.138142 941.250000
-14.453149 25.234547 1.465671 -0.035995 0.050832 -0.106614 941.479980
-14.425009 25.438290 1.445224 -0.024729 0.039744 -0.074609 941.710022
-14.378640 25.638399 1.427251 0.056832 0.006410 -0.044746 941.940002
-14.321375 25.833370 1.410465 0.105733 -0.019390 -0.013145 942.229980
-14.485317 25.715464 1.457893 0.072599 -0.088173 0.000941 943.190002
-14.630558 25.569708 1.488779 0.044958 -0.058418 -0.013095 943.400024
-14.778084 25.427147 1.520031 0.024641 -0.033750 -0.031842 943.590027
-14.923057 25.290228 1.548154 0.007478 -0.013275 -0.054012 943.770020
-15.074436 25.149233 1.568643 0.003359 -0.004846 -0.081132 943.960022
-15.221083 25.013330 1.575472 0.000046 -0.000279 -0.110920 944.150024
-15.368445 24.876930 1.567508 -0.007484 0.005593 -0.144202 944.349976
-15.520447 24.736053 1.543189 0.006389 0.013202 -0.182578 944.570007
-15.663167 24.591133 1.512142 0.030791 0.062066 -0.223811 944.799988
-15.776166 24.424730 1.485330 0.048738 0.082651 -0.267289 945.039978
-15.848617 24.221659 1.469468 0.047283 0.071506 -0.313402 945.289978
-15.881783 24.019310 1.466730 0.036404 0.050194 -0.353673 945.510010
-15.897381 23.814320 1.471351 0.011980 -0.010508 -0.390960 945.719971
-15.921131 23.607420 1.478050 -0.000503 -0.103545 -0.427278 945.940002
-15.993373 23.415613 1.482478 -0.001669 -0.139309 -0.465351 946.179993
-16.134233 23.262777 1.479815 0.007772 -0.122985 -0.504159 946.429993
-16.314283 23.157293 1.470471 0.007576 -0.077934 -0.538456 946.659973
-16.499788 23.079590 1.458738 -0.002873 0.026725 -0.569948 946.869995
-16.680275 22.991190 1.449057 0.003867 0.132436 -0.604491 947.099976
-16.815729 22.837086 1.445465 0.008990 0.156538 -0.645320 947.380005
-16.854441 22.636312 1.449485 0.011632 0.123600 -0.682923 947.640015
-16.839705 22.431770 1.457430 0.015748 0.061861 -0.714500 947.859985
-16.812750 22.233444 1.466336 0.042016 -0.028988 -0.743695 948.059998
-16.805582 22.030123 1.476866 0.065779 -0.087021 -0.775277 948.270020
-16.845934 21.833557 1.487380 0.071222 -0.098790 -0.807000 948.489990
-16.938747 21.656504 1.495707 0.067145 -0.079723 -0.837253 948.710022
-17.066549 21.502270 1.501214 0.036133 -0.035801 -0.865474 948.919983
-17.208092 21.356266 1.506024 -0.012598 0.045313 -0.895309 949.130005
-17.332821 21.198738 1.513189 -0.041919 0.091470 -0.928690 949.349976
-17.416412 21.011786 1.523465 -0.049876 0.088516 -0.963282 949.590027
-17.448315 20.811987 1.533066 -0.004660 0.034042 -0.994988 949.830017
-17.466486 20.608919 1.537588 0.057577 -0.023230 -1.029369 950.070007
-17.513479 20.412661 1.536114 0.062445 -0.050626 -1.064865 950.309998
-17.600634 20.232809 1.527901 0.068708 -0.040448 -1.098112 950.549988
-17.719801 20.072069 1.514184 0.063482 -0.020300 -1.129439 950.780029
-17.858101 19.922808 1.497599 0.033704 0.001359 -1.159678 951.000000
-18.003374 19.773561 1.481868 0.007250 0.036799 -1.190300 951.219971
-18.138784 19.615341 1.469911 -0.004033 0.054911 -1.221595 951.440002
-18.252277 19.450438 1.462951 -0.004999 0.056311 -1.251648 951.650024
-18.350828 19.271881 1.460084 -0.005210 0.044627 -1.281724 951.859985
-18.436100 19.084732 1.461565 -0.024500 0.035975 -1.311743 952.070007
-18.503262 18.893959 1.467959 -0.038716 0.042659 -1.341904 952.280029
-18.549065 18.689934 1.479051 -0.039916 0.027282 -1.372217 952.500000
-18.571999 18.486536 1.493391 -0.029893 0.023494 -1.402608 952.719971
-18.578279 18.284557 1.510159 -0.015874 0.027752 -1.433191 952.940002
-18.575197 18.084568 1.526711 -0.010115 -0.038506 -1.461833 953.159973
-18.567839 17.880072 1.542803 -0.007466 -0.109142 -1.493683 953.429993
-18.374474 17.929707 1.555327 -0.102767 -0.058231 -1.521708 954.289978
-18.218609 18.057600 1.551183 -0.068848 -0.036500 -1.503259 954.520020
-18.054052 18.186699 1.546744 -0.033031 -0.015494 -1.479312 954.729980
-17.891441 18.311655 1.542693 -0.025205 -0.009278 -1.450820 954.929993
-17.727362 18.435482 1.539195 -0.016920 -0.005381 -1.418668 955.130005
-17.564369 18.556866 1.536593 -0.019943 -0.007168 -1.383696 955.330017
-17.402039 18.676701 1.534973 -0.020502 -0.008546 -1.346869 955.530029
-17.240314 18.795883 1.534217 -0.019802 -0.008856 -1.308967 955.729980
-17.072224 18.920303 1.534274 -0.003623 -0.003708 -1.269044 955.940002
-16.910276 19.041206 1.534726 -0.003694 0.000508 -1.229555 956.150024
-16.741119 19.162889 1.534552 0.038460 0.076644 -1.185585 956.380005
-16.551500 19.240917 1.530744 0.079655 0.154063 -1.130110 956.659973
-16.356764 19.177116 1.517962 0.070128 0.127365 -1.077266 956.979980
-16.215988 19.031370 1.502621 0.044418 0.094805 -1.038770 957.229980
-16.099909 18.866364 1.487481 0.022663 0.064711 -1.008379 957.440002
-15.988806 18.690134 1.472061 0.006552 0.040602 -0.982061 957.640015
-15.882286 18.516966 1.457299 -0.003284 0.013478 -0.960428 957.830017
-15.771480 18.338999 1.442137 0.001800 -0.001350 -0.942907 958.030029
-15.666804 18.168621 1.428586 0.022231 0.000334 -0.932338 958.229980
-15.569089 17.992485 1.417044 0.035617 0.009856 -0.929338 958.440002
-15.481896 17.804293 1.408221 0.037367 0.018594 -0.935308 958.659973
-15.407928 17.608856 1.402286 0.030625 0.021982 -0.950133 958.880005
-15.346484 17.417116 1.398788 0.017430 0.008369 -0.970868 959.090027
-15.288779 17.219244 1.396594 -0.024011 0.001285 -0.994420 959.309998
-15.220181 17.028896 1.396027 -0.078541 0.009734 -1.016836 959.539978
-15.115513 16.858276 1.397039 -0.086722 0.006803 -1.032825 959.780029
-14.967217 16.712030 1.398918 -0.072235 0.014247 -1.041523 960.030029
-14.802040 16.598053 1.401242 -0.047344 0.014762 -1.040457 960.260010
-14.622932 16.496054 1.404066 0.003342 0.006652 -1.031956 960.489990
-14.444253 16.389811 1.408207 0.038679 0.037532 -1.018976 960.729980
-14.282796 16.263132 1.413365 0.045117 0.034786 -1.005453 960.969971
-14.140061 16.113737 1.419080 0.035878 0.038446 -0.991556 961.210022
-14.015321 15.951691 1.425187 0.021884 0.043798 -0.978869 961.440002
-13.899674 15.782076 1.431608 0.009732 0.039176 -0.966725 961.659973
-13.789222 15.612877 1.437765 -0.006329 0.016320 -0.954103 961.869995
-13.677105 15.446679 1.444057 -0.023244 0.023074 -0.939567 962.080017
-13.551554 15.279286 1.450758 -0.027349 0.014355 -0.921356 962.299988
-13.418327 15.122331 1.457234 -0.023192 0.011075 -0.901036 962.520020
-13.280002 14.975545 1.463882 -0.016233 0.017485 -0.879087 962.739990
-13.134110 14.831559 1.469902 -0.005416 -0.051985 -0.854555 962.969971
-12.984346 14.692185 1.474370 0.005009 -0.105915 -0.826199 963.260010
-12.793921 14.629306 1.496497 -0.100475 0.092219 -0.777790 964.229980
-12.596645 14.652341 1.523717 -0.078952 0.080678 -0.758400 964.539978
-12.390823 14.669774 1.548692 -0.049473 0.058734 -0.739565 964.770020
-12.188352 14.682920 1.569554 -0.023331 0.044751 -0.720879 964.969971
-11.986795 14.690776 1.585870 -0.009892 0.038397 -0.700921 965.159973
-11.781919 14.692559 1.597774 -0.001632 0.028925 -0.678496 965.349976
-11.577753 14.688544 1.605035 0.000450 0.022457 -0.653800 965.539978
-11.376635 14.679957 1.608048 0.004464 0.008223 -0.627252 965.729980
-11.172917 14.668530 1.607496 -0.000869 -0.008930 -0.597969 965.929993
-10.970894 14.659568 1.604009 -0.022861 -0.003588 -0.565890 966.140015
-10.765992 14.659907 1.598850 -0.034187 0.003610 -0.531141 966.359985
-10.562300 14.672689 1.593209 -0.035856 0.012221 -0.495818 966.580017
-10.356515 14.696557 1.587917 -0.027555 0.013209 -0.460024 966.799988
-10.150530 14.727843 1.583212 -0.014894 0.008280 -0.424481 967.020020
-9.947978 14.762569 1.578779 -0.016618 0.015615 -0.389770 967.239990
-9.746152 14.800073 1.573500 -0.022083 0.020267 -0.355588 967.460022
-9.542823 14.841754 1.566885 -0.016188 0.010509 -0.321745 967.679993
-9.342941 14.887604 1.558598 -0.030130 -0.016561 -0.289072 967.900024
-9.148700 14.951226 1.547182 -0.073114 -0.052473 -0.254806 968.130005
-8.973467 15.057488 1.531481 -0.087514 -0.059964 -0.220063 968.369995
-8.834206 15.203126 1.512706 -0.077882 -0.045387 -0.188349 968.599976
-8.721925 15.374940 1.492204 -0.052956 -0.024047 -0.158391 968.820007
-8.625586 15.553204 1.473428 0.014046 0.028704 -0.129573 969.030029
-8.517080 15.723058 1.459614 0.064898 0.081300 -0.096569 969.250000
-8.366210 15.861133 1.453235 0.075909 0.095944 -0.061869 969.489990
-8.183008 15.944234 1.454614 0.061674 0.082744 -0.030536 969.719971
-7.978473 15.988786 1.461547 0.039951 0.060120 -0.001385 969.940002
-7.777398 16.010372 1.471284 0.029289 0.031423 0.022121 970.140015
-7.562638 16.019674 1.484170 0.029679 0.018131 0.041812 970.349976
-7.359886 16.016836 1.498081 0.025837 0.009600 0.053725 970.549988
-7.155319 16.003889 1.511899 0.009915 -0.058331 0.058211 970.760010
-6.950837 15.981708 1.524906 -0.010132 -0.114966 0.057422 971.020020
-7.036373 16.167934 1.542889 -0.091198 -0.071174 0.062859 971.989990
-7.185289 16.311522 1.542799 -0.050703 -0.032075 0.076187 972.200012
-7.327627 16.454094 1.542488 -0.031479 -0.003103 0.093458 972.390015
-7.466143 16.601536 1.541264 -0.029032 0.014224 0.114638 972.580017
-7.601663 16.761030 1.538366 -0.021048 0.021613 0.140097 972.780029
-7.723987 16.922029 1.533751 -0.009396 0.022026 0.167955 972.979980
-7.838577 17.089037 1.527066 -0.018893 0.011594 0.199411 973.190002
-7.949317 17.264568 1.518404 -0.026979 -0.000051 0.234252 973.409973
-8.056694 17.442251 1.509337 -0.013933 -0.004444 0.270014 973.630005
-8.162605 17.617344 1.503008 -0.016670 -0.009661 0.306244 973.849976
-8.269755 17.789743 1.501800 -0.020800 -0.011972 0.342616 974.070007
-8.384518 17.967644 1.505911 -0.012111 -0.009245 0.380083 974.299988
-8.500298 18.140980 1.514915 -0.025216 -0.008058 0.416986 974.530029
-8.612854 18.306128 1.527075 -0.015434 -0.004891 0.451355 974.750000
-8.730434 18.476561 1.541973 -0.015783 -0.001282 0.486340 974.979980
-8.844840 18.645069 1.556262 -0.014201 0.025334 0.520467 975.210022
-8.946331 18.817635 1.567327 -0.027767 0.047859 0.553926 975.440002
-9.029909 19.004642 1.574133 -0.033536 0.049676 0.587148 975.669983
-9.095136 19.199774 1.576825 -0.032428 0.040551 0.619025 975.890015
-9.148000 19.397449 1.576624 -0.013852 0.021910 0.649491 976.099976
-9.194579 19.596689 1.574239 -0.010977 0.012654 0.679374 976.309998
-9.237647 19.793449 1.570375 -0.014583 0.007806 0.709088 976.520020
-9.282942 19.996410 1.563943 -0.025250 -0.011823 0.739984 976.739990
-9.337441 20.193989 1.553111 -0.036349 -0.026145 0.770883 976.960022
-9.408321 20.384466 1.537587 -0.024618 -0.030919 0.801551 977.179993
-9.493882 20.564335 1.517783 -0.031275 -0.019439 0.831672 977.400024
-9.591445 20.737692 1.494951 -0.026847 -0.013822 0.861792 977.619995
-9.703909 20.912361 1.473387 -0.029894 -0.031878 0.893239 977.849976
-9.832211 21.075109 1.458917 -0.037392 -0.038435 0.924458 978.080017
-9.973642 21.219042 1.453197 -0.040474 -0.032354 0.954223 978.299988
-10.131928 21.354275 1.455074 -0.040196 -0.020720 0.984208 978.520020
-10.294265 21.478266 1.462264 -0.018041 -0.011725 1.013186 978.729980
-10.458033 21.596870 1.472046 -0.006423 0.011308 1.042487 978.940002
-10.621267 21.721413 1.482295 -0.008395 0.040666 1.073586 979.159973
-10.771079 21.857260 1.490816 -0.013804 0.051313 1.104913 979.380005
-10.908651 22.009869 1.496675 -0.020695 0.049226 1.136645 979.599976
-11.032357 22.170715 1.499657 -0.013697 0.033214 1.167435 979.809998
-11.149764 22.338783 1.500359 -0.005839 0.017031 1.198119 980.020020
-11.261452 22.506893 1.499349 -0.014032 0.015320 1.228806 980.229980
-11.375724 22.682034 1.497101 0.005833 -0.007169 1.260923 980.450012
-11.485758 22.849380 1.493800 0.062998 -0.057321 1.290477 980.679993
-11.596964 23.015697 1.489454 0.099122 -0.089750 1.326381 981.030029
-11.795657 22.985500 1.483153 -0.114365 -0.062964 1.380490 981.880005
-11.985559 22.909374 1.480958 -0.087996 -0.039296 1.394413 982.140015
-12.174953 22.839920 1.478396 -0.046504 -0.015458 1.407920 982.349976
-12.366959 22.773531 1.475744 -0.030334 -0.002124 1.424127 982.549988
-12.561895 22.712082 1.474150 -0.025206 0.032632 1.442795 982.750000
-12.765801 22.665251 1.474854 -0.028935 0.059846 1.465429 982.960022
-12.968370 22.646204 1.478300 -0.012699 0.059749 1.490834 983.169983
-13.174748 22.654650 1.484409 -0.017054 0.049596 1.519751 983.390015
-13.376771 22.685896 1.492348 -0.014299 0.040884 1.550694 983.609985
-13.574641 22.735786 1.498322 -0.005319 0.056314 1.583362 983.830017
-13.765581 22.808462 1.499075 0.000063 0.058830 1.617452 984.049988
-13.947702 22.903467 1.493765 0.007119 0.042770 1.652081 984.270020
-14.119646 23.013802 1.482685 -0.003361 0.036899 1.687135 984.489990
-14.286345 23.135101 1.466933 -0.013734 0.030375 1.722457 984.710022
-14.444737 23.256659 1.449301 -0.016235 0.007370 1.755942 984.919983
-14.611224 23.379328 1.431505 -0.038142 -0.015436 1.790392 985.140015
-14.784457 23.485518 1.416503 -0.045999 -0.024335 1.824378 985.359985
-14.965836 23.570299 1.404974 -0.035719 -0.025317 1.857382 985.580017
-15.160131 23.637943 1.396659 -0.040191 -0.005940 1.890412 985.809998
-15.353145 23.690325 1.391778 -0.039820 0.010072 1.921612 986.030029
-15.554792 23.737797 1.389109 -0.031443 0.016943 1.952894 986.250000
-15.752302 23.781685 1.389464 -0.019849 -0.003239 1.982713 986.460022
-15.957598 23.819778 1.397618 -0.032130 -0.025901 2.013293 986.679993
-16.160847 23.839052 1.415974 -0.041080 -0.030505 2.043513 986.900024
-16.364244 23.836100 1.444629 -0.043434 -0.023090 2.073540 987.119995
-16.569347 23.814215 1.480667 -0.025247 -0.012599 2.103769 987.340027
-16.772013 23.783461 1.514530 -0.005476 0.021703 2.134230 987.559998
-16.972101 23.760504 1.538741 0.001169 0.044949 2.165230 987.780029
-17.172062 23.754969 1.550569 0.010166 0.040485 2.196118 988.000000
-17.378748 23.768042 1.550095 0.005255 0.041116 2.228342 988.229980
-17.584757 23.798822 1.541861 0.009852 0.046579 2.260571 988.460022
-17.781767 23.846153 1.531869 0.011614 0.043162 2.291183 988.679993
-17.977179 23.909096 1.522818 0.011638 0.027833 2.321363 988.900024
-18.168148 23.982246 1.516542 0.003623 0.027513 2.351637 989.119995
-18.357347 24.062038 1.513671 -0.004829 0.025625 2.381937 989.340027
-18.547079 24.143475 1.513667 -0.027524 0.014681 2.412240 989.559998
-18.740747 24.216162 1.515784 -0.046732 0.013020 2.443062 989.780029
-18.940498 24.272642 1.518556 -0.020943 -0.033777 2.475455 990.000000
-19.137749 24.311789 1.520905 0.025575 -0.095408 2.506381 990.239990
-19.147844 24.115341 1.569118 -0.042860 -0.096692 2.576577 991.320007
-19.018503 23.958820 1.593984 -0.033978 -0.067786 2.588051 991.539978
-18.890938 23.796755 1.616957 -0.041730 -0.032295 2.600354 991.739990
-18.772802 23.631233 1.633134 -0.052696 0.002178 2.613651 991.929993
-18.668861 23.457779 1.640654 -0.050362 0.023026 2.629205 992.119995
-18.580315 23.271822 1.638651 -0.036300 0.033242 2.648166 992.320007
-18.509882 23.078302 1.626123 -0.036417 0.019120 2.671450 992.530029
-18.456638 22.885057 1.605841 -0.017614 0.006898 2.696652 992.739990
-18.408964 22.686481 1.582559 0.002729 -0.020571 2.724911 992.960022
-18.352245 22.486406 1.561692 0.009387 -0.038670 2.756232 993.190002
-18.279602 22.294817 1.546999 0.012676 -0.035174 2.789008 993.419983
-18.191702 22.112463 1.538956 -0.001912 -0.037127 2.822695 993.650024
-18.091375 21.934090 1.536847 -0.002660 -0.025122 2.856759 993.880005
-17.983381 21.759911 1.540020 -0.003359 -0.033755 2.890995 994.109985
-17.865011 21.589128 1.547909 -0.004420 -0.041810 2.925447 994.340027
-17.739069 21.427998 1.558617 -0.007401 -0.040879 2.958561 994.559998
-17.608091 21.275476 1.570763 -0.012649 -0.037325 2.990259 994.770020
-17.469204 21.123327 1.583496 -0.002475 -0.016779 3.021656 994.979980
-17.329432 20.976561 1.593007 0.011235 -0.013022 3.052696 995.190002
-17.183332 20.834429 1.593009 0.013992 -0.030038 3.084648 995.409973
-17.024448 20.699505 1.579625 0.017453 -0.026648 3.117949 995.640015
-16.860146 20.579197 1.553325 0.007727 -0.027542 -3.132524 995.869995
-16.690868 20.469048 1.516255 -0.003984 -0.027826 -3.100341 996.099976
-16.518261 20.363773 1.474348 -0.013850 0.011625 -3.068421 996.330017
-16.354628 20.249516 1.437025 -0.058450 0.065495 -3.036224 996.570007
-16.223122 20.092865 1.411943 -0.075988 0.078237 -3.000849 996.830017
-16.147015 19.907272 1.404030 -0.069588 0.063335 -2.966540 997.070007
-16.105970 19.707386 1.407730 -0.044524 0.040809 -2.934568 997.289978
-16.082533 19.503008 1.418270 -0.022504 0.020858 -2.904626 997.500000
-16.066715 19.296591 1.433432 -0.013416 -0.001783 -2.874792 997.710022
-16.047329 19.096003 1.449188 0.006184 -0.076716 -2.845884 997.919983
-15.993368 18.900948 1.463274 0.016260 -0.125242 -2.814763 998.150024
-15.876907 18.731907 1.471652 0.021907 -0.112141 -2.780028 998.400024
-15.717067 18.610960 1.472834 0.000807 -0.088225 -2.746852 998.640015
-15.530889 18.519337 1.469778 -0.019926 -0.054932 -2.715537 998.869995
-15.343762 18.442348 1.466239 -0.035195 -0.018602 -2.687255 999.080017
-15.151882 18.359705 1.463923 -0.036253 0.007048 -2.658772 999.289978
-14.964924 18.266794 1.463466 -0.024234 0.021097 -2.629816 999.500000
-14.789009 18.164785 1.465022 -0.028400 0.018022 -2.600160 999.710022
-14.622407 18.054071 1.468351 -0.005106 0.017948 -2.570664 999.919983
-14.457775 17.934320 1.472407 0.071438 0.033593 -2.539359 1000.150024
-14.297698 17.809591 1.476684 0.117886 0.037134 -2.500474 1000.479980
-14.190406 17.636038 1.489125 -0.115609 0.018352 -2.446164 1001.340027
-14.096034 17.451921 1.499796 -0.100134 0.012664 -2.427851 1001.650024
-13.997443 17.273716 1.508012 -0.061592 0.014558 -2.411998 1001.880005
-13.898864 17.093760 1.512078 -0.025354 0.037444 -2.395578 1002.090027
-13.812583 16.913200 1.510941 -0.005648 0.050295 -2.376675 1002.289978
-13.739035 16.717751 1.504141 0.013797 0.040986 -2.354220 1002.500000
-13.682579 16.513418 1.491165 0.007596 0.037856 -2.328084 1002.719971
-13.643219 16.309330 1.473700 0.003145 0.025505 -2.299481 1002.940002
-13.614743 16.107317 1.453352 -0.004292 0.017187 -2.269018 1003.159973
-13.589147 15.901581 1.433084 -0.009607 -0.047624 -2.236278 1003.390015
-13.535604 15.704590 1.422049 -0.028168 -0.148886 -2.197818 1003.650024
-13.384863 15.571760 1.430312 -0.035111 -0.154655 -2.152118 1003.960022
-13.184819 15.546000 1.453444 -0.035302 -0.109923 -2.114956 1004.219971
-12.980551 15.565314 1.481325 -0.018069 -0.057162 -2.083951 1004.440002
-12.784772 15.599322 1.510836 -0.012434 -0.020912 -2.055487 1004.640015
-12.589558 15.636674 1.538695 -0.017536 0.006713 -2.027198 1004.840027
-12.388585 15.668763 1.560951 -0.030781 0.017841 -1.997720 1005.049988
-12.189877 15.687864 1.574022 -0.021565 0.022335 -1.968709 1005.260010
-11.986337 15.694236 1.577656 -0.021483 0.018316 -1.938421 1005.479980
-11.779801 15.685965 1.572870 -0.008316 0.073664 -1.906894 1005.710022
-11.584600 15.639371 1.561628 0.004517 0.128428 -1.872398 1005.950012
-11.416059 15.525358 1.545145 0.004656 0.127058 -1.835857 1006.200012
-11.289287 15.363336 1.527874 0.002257 0.095698 -1.801929 1006.429993
-11.190646 15.182465 1.512236 0.007744 0.049588 -1.770864 1006.640015
-11.108001 14.999306 1.498535 0.002992 0.009844 -1.741773 1006.840027
-11.025758 14.811730 1.486031 -0.036717 -0.016067 -1.711034 1007.049988
-10.927176 14.629742 1.475019 -0.054092 -0.030533 -1.678007 1007.270020
-10.808252 14.468234 1.465690 -0.047733 -0.032476 -1.645581 1007.489990
-10.665341 14.321454 1.457019 -0.048128 -0.012428 -1.613014 1007.719971
-10.505706 14.187878 1.449150 -0.036812 0.003926 -1.580513 1007.950012
-10.344570 14.064393 1.444373 -0.001325 0.027338 -1.549521 1008.169983
-10.190137 13.934437 1.445182 0.021945 0.050134 -1.518400 1008.390015
-10.051928 13.787621 1.452340 0.026406 0.057852 -1.487590 1008.609985
-9.930588 13.620783 1.465127 0.020746 0.052915 -1.457126 1008.830017
-9.826946 13.445629 1.481432 0.011585 0.044241 -1.427954 1009.039978
-9.730400 13.260294 1.499824 -0.015371 0.015727 -1.398785 1009.250000
-9.629924 13.079887 1.515434 -0.076583 -0.041179 -1.367385 1009.460022
-9.501046 12.924181 1.525496 -0.100376 -0.072705 -1.332734 1009.679993
-9.327785 12.810843 1.527134 -0.085942 -0.070831 -1.297314 1009.919983
-9.129193 12.752132 1.519577 -0.072710 -0.041300 -1.264148 1010.159973
-8.929384 12.730830 1.506768 -0.059004 -0.012270 -1.233612 1010.380005
-8.726367 12.725297 1.491326 -0.040416 0.005810 -1.203635 1010.590027
-8.517916 12.724323 1.474547 0.011670 -0.005408 -1.173368 1010.799988
-8.317654 12.723819 1.458079 0.083013 -0.037456 -1.145548 1011.020020
-8.116102 12.722547 1.439098 0.110876 -0.054251 -1.111101 1011.349976
-8.269339 12.847735 1.472319 0.045201 -0.104893 -1.104684 1012.140015
-8.439112 12.961184 1.499752 0.026562 -0.069784 -1.118693 1012.369995
-8.602462 13.076447 1.526934 0.009589 -0.033229 -1.136976 1012.570007
-8.767819 13.196968 1.555866 0.004253 -0.016206 -1.160251 1012.770020
-8.928836 13.317672 1.582562 -0.023691 -0.014543 -1.187074 1012.969971
-9.083458 13.448131 1.602605 -0.050321 -0.032552 -1.218046 1013.179993
-9.221869 13.598393 1.612226 -0.057696 -0.028618 -1.254354 1013.400024
-9.337991 13.769511 1.609902 -0.044301 -0.028838 -1.293731 1013.630005
-9.431164 13.950659 1.596611 -0.010065 -0.018200 -1.333977 1013.859985
-9.517957 14.131986 1.573973 0.046538 -0.000866 -1.373571 1014.090027
-9.621821 14.300543 1.544340 0.072913 0.004698 -1.411855 1014.320007
-9.754918 14.452634 1.510031 0.067701 0.005400 -1.449162 1014.549988
-9.906074 14.584606 1.476187 0.039287 -0.003749 -1.484060 1014.770020
-10.068244 14.710149 1.444432 0.021273 -0.020710 -1.518224 1014.989990
-10.225472 14.832211 1.417360 0.013891 -0.031710 -1.549885 1015.200012
-10.381238 14.961266 1.393642 0.011145 -0.034614 -1.580924 1015.409973
-10.533930 15.098423 1.373007 0.003878 -0.025709 -1.611462 1015.619995
-10.680621 15.239966 1.356589 0.000797 -0.016919 -1.641434 1015.830017
-10.826976 15.389016 1.344810 0.011450 -0.018335 -1.672435 1016.049988
-10.969284 15.538651 1.338317 0.005657 -0.009139 -1.702829 1016.270020
-11.106941 15.685682 1.336092 0.014346 -0.008044 -1.733016 1016.489990
-11.250033 15.836488 1.337742 0.029478 -0.007257 -1.764545 1016.719971
-11.392485 15.979297 1.342280 0.036984 -0.007394 -1.794843 1016.940002
-11.543267 16.121841 1.348565 0.035404 -0.006984 -1.825417 1017.159973
-11.694118 16.257950 1.355380 0.031734 -0.007088 -1.854974 1017.369995
-11.848426 16.393696 1.362574 0.003502 -0.016028 -1.884464 1017.580017
-11.994887 16.530731 1.370780 -0.012028 -0.046733 -1.913614 1017.789978
-12.129025 16.685015 1.380909 -0.012002 -0.062024 -1.944424 1018.010010
-12.241024 16.855700 1.392591 -0.004388 -0.059713 -1.975820 1018.229980
-12.334701 17.042175 1.405777 0.004073 -0.046845 -2.007448 1018.450012
-12.412188 17.229630 1.419059 -0.000561 -0.023324 -2.037404 1018.659973
-12.481522 17.417418 1.432642 0.009262 -0.014382 -2.067223 1018.869995
-12.550985 17.611000 1.445715 0.016255 0.010901 -2.098228 1019.090027
-12.630383 17.802792 1.453154 0.042334 0.037453 -2.130579 1019.320007
-12.732168 17.980301 1.451691 0.052823 0.042138 -2.163325 1019.549988
-12.855045 18.138773 1.441748 0.048697 0.034227 -2.195318 1019.770020
-12.998650 18.289597 1.424992 0.032224 0.022186 -2.227626 1019.989990
-13.150414 18.431471 1.404883 -0.051110 0.013531 -2.258471 1020.210022
-13.300703 18.563456 1.384333 -0.137881 0.005756 -2.290630 1020.469971
-13.434938 18.712406 1.386588 0.119184 -0.033793 -2.350873 1021.409973
-13.532344 18.884674 1.427380 0.097826 -0.025423 -2.367171 1021.729980
-13.629355 19.055559 1.467341 0.074277 -0.018076 -2.381650 1021.960022
-13.730660 19.233667 1.508380 0.048094 -0.013072 -2.397779 1022.169983
-13.831168 19.413147 1.545472 0.020901 -0.026050 -2.416078 1022.369995
-13.925279 19.597179 1.574893 0.007343 -0.041162 -2.436549 1022.570007
-14.005592 19.784914 1.593797 0.005167 -0.045912 -2.459313 1022.770020
-14.070417 19.976330 1.601863 0.008195 -0.041952 -2.484382 1022.969971
-14.121830 20.170916 1.600481 0.007198 -0.030889 -2.511368 1023.169983
-14.166482 20.383745 1.590584 -0.008028 -0.014876 -2.542582 1023.390015
-14.201284 20.588287 1.573680 0.006554 -0.018299 -2.574836 1023.609985
-14.228807 20.789272 1.551680 0.018935 -0.021157 -2.608035 1023.830017
-14.250989 20.992079 1.526519 0.024323 -0.019320 -2.641905 1024.050049
-14.269699 21.198570 1.500052 0.025254 -0.007688 -2.676185 1024.270020
-14.289498 21.396744 1.476234 0.027585 0.029114 -2.709042 1024.479980
-14.326114 21.600094 1.454893 0.029693 0.052308 -2.743887 1024.699951
-14.387197 21.795540 1.437924 0.014102 0.050303 -2.778907 1024.920044
-14.469687 21.979866 1.424946 0.021543 0.042589 -2.813644 1025.140015
-14.569408 22.157356 1.415275 0.008725 0.022668 -2.847899 1025.359985
-14.674775 22.327448 1.409456 0.007145 -0.014643 -2.880453 1025.579956
-14.773739 22.502123 1.408439 0.029376 -0.037429 -2.913863 1025.810059
-14.855477 22.692513 1.412322 0.023669 -0.040153 -2.947800 1026.050049
-14.914305 22.890755 1.420032 0.036873 -0.028534 -2.980698 1026.290039
-14.955887 23.090597 1.429595 0.026498 -0.010215 -3.011654 1026.520020
-14.993357 23.294077 1.437653 0.016329 0.032421 -3.042516 1026.750000
-15.044941 23.493828 1.441761 0.016391 0.056790 -3.073815 1026.979980
-15.118004 23.681063 1.441132 0.017965 0.058738 -3.104142 1027.199951
-15.214108 23.865875 1.436326 0.017313 0.048003 -3.134911 1027.420044
-15.321383 24.039808 1.429456 -0.000217 0.027508 3.118637 1027.630005
-15.436017 24.206224 1.423550 -0.001067 0.029142 3.088934 1027.839966
-15.563323 24.372316 1.420772 0.006494 0.032564 3.057488 1028.060059
-15.692369 24.526690 1.422149 0.010404 0.028435 3.027189 1028.270020
-15.826645 24.679264 1.427339 0.013680 0.024645 2.996676 1028.479980
-15.963212 24.830862 1.435461 0.006071 0.008763 2.966067 1028.689941
-16.097164 24.979099 1.445460 0.013248 0.010334 2.935767 1028.900024
-16.233534 25.133722 1.456065 0.027093 0.009393 2.904032 1029.119995
-16.364424 25.293446 1.465251 0.031077 0.006737 2.872115 1029.339966
-16.487703 25.459023 1.472150 0.023364 0.001051 2.840299 1029.560059
-16.602650 25.627338 1.476822 0.024646 0.012858 2.809072 1029.780029
-16.711939 25.797371 1.479261 -0.010944 -0.028186 2.778222 1030.000000
-16.819454 25.972761 1.479434 -0.055835 -0.084078 2.747677 1030.260010
-16.818106 25.764677 1.514553 -0.071960 -0.048121 2.718623 1031.699951
-16.771618 25.562880 1.534454 -0.038239 -0.022449 2.740469 1031.920044
-16.726788 25.359289 1.554900 -0.021087 -0.005827 2.767076 1032.130005
-16.686354 25.156458 1.574431 -0.019739 0.035051 2.797743 1032.339966
-16.663828 24.950962 1.590998 -0.030335 0.068100 2.833192 1032.560059
-16.676720 24.742817 1.602532 -0.041878 0.071510 2.873043 1032.790039
-16.725115 24.544527 1.608086 -0.040077 0.056180 2.913101 1033.010010
-16.796289 24.353630 1.609316 -0.022855 0.033987 2.951929 1033.219971
-16.879915 24.165226 1.606975 -0.008036 0.010762 2.989927 1033.430054
-16.964628 23.982487 1.599243 -0.019002 -0.009598 3.027060 1033.640015
-17.045916 23.791885 1.584326 -0.023070 -0.021179 3.065236 1033.859985
-17.114489 23.600554 1.563384 -0.014649 -0.023162 3.101963 1034.079956
-17.172075 23.402191 1.535753 -0.028446 -0.012425 3.138764 1034.310059
-17.220201 23.201206 1.504460 -0.023320 -0.002407 -3.108983 1034.540039
-17.262707 23.007404 1.474658 -0.025061 0.014977 -3.076307 1034.760010
-17.308886 22.811462 1.447773 -0.020238 0.021522 -3.044281 1034.979980
-17.361355 22.615646 1.425043 -0.008937 0.016613 -3.013040 1035.199951
-17.417789 22.423658 1.408239 -0.023910 0.005492 -2.982714 1035.420044
-17.472151 22.230244 1.399573 -0.036594 -0.005383 -2.952682 1035.640015
-17.518358 22.030649 1.399063 -0.040813 -0.007987 -2.922821 1035.859985
-17.553188 21.833048 1.404967 -0.040210 -0.004836 -2.894289 1036.069946
-17.580109 21.629679 1.415118 -0.017129 -0.009780 -2.865459 1036.280029
-17.598637 21.430002 1.427983 -0.007930 -0.038464 -2.837361 1036.489990
-17.598726 21.223167 1.444589 -0.029599 -0.056388 -2.806813 1036.719971
-17.567860 21.023050 1.462940 -0.040663 -0.052756 -2.776225 1036.949951
-17.506796 20.824005 1.482229 -0.043873 -0.037163 -2.745598 1037.180054
-17.427448 20.631985 1.500672 -0.014824 -0.016469 -2.715982 1037.400024
-17.344835 20.446182 1.516031 0.032984 0.053339 -2.684242 1037.619995
-17.290958 20.248264 1.527975 0.046962 0.115579 -2.646342 1037.869995
-17.312511 20.046671 1.533084 0.037242 0.117055 -2.609558 1038.130005
-17.407621 19.840551 1.531358 0.019411 0.080938 -2.573852 1038.390015
-17.517096 19.669844 1.525344 -0.023531 0.025614 -2.544854 1038.599976
-17.625196 19.493074 1.515872 -0.066163 -0.013642 -2.513561 1038.810059
-17.708385 19.306295 1.503251 -0.077945 -0.030496 -2.481805 1039.020020
-17.758234 19.110825 1.487946 -0.071089 -0.028996 -2.450874 1039.229980
-17.777645 18.909592 1.470949 -0.054072 -0.021563 -2.420196 1039.439941
-17.773357 18.707207 1.455612 -0.045026 -0.030399 -2.389223 1039.650024
-17.746717 18.508984 1.445102 -0.047450 -0.030364 -2.358923 1039.859985
-17.695730 18.306898 1.439945 -0.029857 -0.028579 -2.327502 1040.079956
-17.627785 18.114143 1.440622 -0.026261 -0.014289 -2.296823 1040.300049
-17.549627 17.928137 1.446270 -0.012467 -0.007231 -2.266371 1040.520020
-17.466410 17.746090 1.454386 0.057381 -0.036942 -2.237002 1040.750000
-17.378098 17.564058 1.464096 0.094739 -0.051661 -2.203201 1041.069946
-17.420816 17.369537 1.501006 -0.024564 0.118010 -2.142213 1042.099976
-17.512550 17.187498 1.525932 -0.022205 0.093534 -2.127579 1042.390015
-17.598431 16.999863 1.548337 -0.014374 0.049983 -2.112615 1042.619995
-17.679573 16.813377 1.568220 -0.009541 0.035509 -2.096707 1042.829956
-17.760818 16.620911 1.585937 -0.006054 0.029141 -2.078000 1043.040039
-17.837967 16.435156 1.599963 -0.003794 0.025849 -2.058203 1043.239990
-17.914928 16.248468 1.611364 -0.002385 0.026553 -2.037834 1043.439941
-17.991922 16.061323 1.620240 0.000736 0.015793 -2.018215 1043.640015
-18.072563 15.868184 1.627938 0.011995 0.015183 -2.000752 1043.849976
-18.156418 15.680548 1.635158 0.018815 0.018497 -1.988731 1044.060059
-18.245916 15.498984 1.642396 0.017421 0.003783 -1.983397 1044.270020
-18.343338 15.318727 1.650359 0.013832 0.015324 -1.984444 1044.489990
-18.444437 15.143931 1.659273 0.010141 0.026465 -1.992360 1044.709961
-18.548576 14.969660 1.667993 -0.015702 0.015043 -2.004331 1044.930054
-18.647070 14.785752 1.673125 -0.064302 0.015504 -2.016677 1045.160034
-18.716097 14.591939 1.671956 -0.072452 0.005289 -2.024391 1045.390015
-18.750885 14.389627 1.664354 -0.062272 0.005981 -2.027554 1045.619995
-18.757610 14.181702 1.651083 -0.044702 0.015258 -2.024876 1045.849976
-18.747868 13.977612 1.634076 -0.027038 0.023575 -2.015840 1046.069946
-18.732601 13.778381 1.615012 -0.015153 0.029690 -2.001341 1046.280029
-18.717295 13.574898 1.594076 -0.007938 0.031967 -1.981476 1046.489990
-18.704884 13.367656 1.572031 -0.002690 0.026085 -1.956900 1046.699951
-18.695873 13.161485 1.550725 0.003701 -0.006652 -1.928967 1046.910034
-18.687233 12.957477 1.530878 -0.010581 0.003455 -1.896764 1047.130005
-18.674358 12.752468 1.513869 -0.017150 0.006091 -1.860672 1047.359985
-18.654930 12.552568 1.500875 -0.018688 0.012851 -1.823346 1047.589966
-18.629038 12.354190 1.490923 -0.020071 0.029193 -1.785563 1047.819946
-18.597919 12.151715 1.483342 -0.012417 0.018681 -1.747424 1048.050049
-18.563963 11.949137 1.477301 -0.005220 0.017634 -1.710192 1048.280029
-18.530514 11.747227 1.474624 0.001562 0.031568 -1.673910 1048.510010
-18.501053 11.540854 1.476225 0.005963 0.025865 -1.638747 1048.739990
-18.478350 11.333825 1.481436 0.037783 0.001905 -1.607191 1048.969971
-18.476839 11.127562 1.490525 0.074635 0.012868 -1.581182 1049.209961
-18.514589 10.927463 1.502182 0.070144 0.006205 -1.567040 1049.449951
-18.588686 10.733932 1.515015 0.054923 0.014122 -1.563000 1049.689941
-18.683802 10.552074 1.527655 0.024200 -0.006283 -1.570146 1049.920044
-18.789267 10.378641 1.538309 -0.028238 -0.073963 -1.584244 1050.160034
-18.904383 10.211069 1.546470 -0.052211 -0.090023 -1.611655 1050.520020
-18.878481 10.410264 1.553174 -0.015604 -0.121213 -1.620400 1051.579956
-18.830984 10.608263 1.553650 -0.008578 -0.079482 -1.598572 1051.810059
-18.787113 10.804940 1.553647 -0.002946 -0.035662 -1.574241 1052.010010
-18.743784 11.007197 1.553753 -0.005801 -0.022415 -1.545830 1052.209961
-18.700563 11.208799 1.553973 -0.003969 -0.008578 -1.514578 1052.410034
-18.655642 11.412978 1.555018 -0.015017 0.029598 -1.479747 1052.619995
-18.597969 11.611940 1.561669 -0.065842 0.053569 -1.440763 1052.849976
-18.497923 11.791534 1.578161 -0.087013 0.048506 -1.397226 1053.099976
-18.354927 11.935632 1.603025 -0.078758 0.031341 -1.354782 1053.339966
-18.190245 12.053337 1.632047 -0.049219 0.018004 -1.316811 1053.560059
-18.018442 12.157253 1.660614 -0.011789 0.013510 -1.282221 1053.770020
-17.839163 12.256911 1.684440 -0.013267 0.007502 -1.247030 1053.989990
-17.662035 12.350307 1.697996 -0.016167 0.001354 -1.212861 1054.209961
-17.478819 12.445002 1.700564 -0.018630 -0.002772 -1.178373 1054.439941
-17.296877 12.539586 1.692332 -0.032448 -0.004733 -1.144756 1054.670044
-17.119564 12.633307 1.676840 -0.035654 -0.005449 -1.113167 1054.890015
-16.937897 12.731764 1.658000 -0.034803 -0.008246 -1.081881 1055.109985
-16.761366 12.831233 1.640471 -0.034162 -0.009064 -1.052158 1055.319946
-16.582819 12.936238 1.625458 -0.030386 -0.007465 -1.022439 1055.530029
-16.412270 13.040162 1.614263 -0.026147 -0.004828 -0.994028 1055.729980
-16.242109 13.146367 1.606142 -0.024135 -0.001967 -0.965411 1055.930054
-16.072578 13.253605 1.600688 -0.021743 0.000329 -0.936568 1056.130005
-15.895929 13.365891 1.596804 -0.016373 0.003389 -0.906094 1056.339966
-15.721196 13.476016 1.593271 -0.019272 0.008451 -0.875417 1056.550049
-15.546634 13.583276 1.589166 -0.011807 0.008106 -0.844540 1056.760010
-15.374316 13.686238 1.584100 -0.009038 0.007457 -0.813761 1056.969971
-15.197210 13.789293 1.577026 -0.018232 0.009423 -0.781643 1057.189941
-15.021008 13.889597 1.568559 -0.011038 0.005081 -0.749734 1057.410034
-14.839812 13.991744 1.558470 -0.020577 0.008132 -0.716816 1057.640015
-14.658818 14.093412 1.547686 -0.026127 0.006355 -0.684090 1057.869995
-14.484687 14.193780 1.537750 -0.037520 -0.004723 -0.652845 1058.089966
-14.310769 14.303645 1.528972 -0.039755 -0.010810 -0.621580 1058.310059
-14.146587 14.419807 1.521860 -0.038531 -0.009475 -0.591781 1058.520020
-13.984722 14.545838 1.515845 -0.033543 -0.004060 -0.561868 1058.729980
-13.824198 14.677502 1.509906 -0.011885 0.025128 -0.531939 1058.939941
-13.659860 14.801831 1.502833 0.010978 0.054568 -0.501107 1059.150024
-13.485940 14.905888 1.493876 0.017753 0.065232 -0.469895 1059.359985
-13.299829 14.986307 1.482853 0.015268 0.060111 -0.438709 1059.569946
-13.103504 15.046525 1.470383 0.009022 0.028849 -0.408058 1059.780029
-12.906723 15.096411 1.458681 -0.021469 -0.005673 -0.377351 1059.989990
-12.709059 15.155756 1.449340 -0.044668 -0.020518 -0.344413 1060.209961
-12.524063 15.233501 1.443492 -0.041761 -0.027063 -0.311559 1060.430054
-12.346112 15.334492 1.440587 -0.045141 -0.010861 -0.278454 1060.660034
-12.179109 15.451768 1.440014 0.003218 -0.032780 -0.245298 1060.890015
-12.022402 15.577957 1.440586 0.066949 -0.067923 -0.213493 1061.150024
-11.880018 15.719163 1.444462 -0.074017 0.026237 -0.154665 1061.880005
-11.780524 15.893064 1.459182 -0.100940 0.050523 -0.130506 1062.390015
-11.674681 16.063683 1.470336 -0.079000 0.041584 -0.113656 1062.650024
-11.564280 16.238012 1.480428 -0.055883 0.030919 -0.096380 1062.869995
-11.454360 16.410332 1.489337 -0.039957 0.010631 -0.077934 1063.069946
-11.349891 16.580940 1.495909 -0.037337 -0.019209 -0.058011 1063.260010
-11.255443 16.757225 1.499443 -0.032406 -0.036911 -0.036143 1063.449951
-11.173555 16.946051 1.499641 -0.010305 -0.043036 -0.011390 1063.650024
-11.107623 17.138239 1.496243 0.034085 -0.004245 0.016918 1063.859985
-11.034979 17.328644 1.489486 0.072860 0.070990 0.054391 1064.099976
-10.910874 17.487232 1.480414 0.070012 0.097075 0.095096 1064.369995
-10.732203 17.591642 1.471212 0.046392 0.090538 0.133047 1064.630005
-10.542460 17.656837 1.463256 0.019599 0.044912 0.164120 1064.849976
-10.349414 17.712219 1.454855 -0.042254 0.005562 0.195350 1065.060059
-10.157809 17.786160 1.444634 -0.088359 -0.011293 0.229705 1065.280029
-9.989495 17.893505 1.432136 -0.096372 -0.013030 0.263872 1065.500000
-9.846567 18.035990 1.417117 -0.081163 -0.005309 0.297262 1065.719971
-9.724475 18.205372 1.400953 -0.039175 -0.011732 0.331207 1065.939941
-9.618123 18.381754 1.389866 0.013588 0.005449 0.363631 1066.160034
-9.507239 18.552393 1.390096 0.038209 0.036714 0.396987 1066.390015
-9.373731 18.708691 1.404412 0.041649 0.032560 0.429349 1066.630005
-9.220654 18.843565 1.431327 0.030047 0.042818 0.461502 1066.869995
-9.056220 18.961081 1.464209 0.010799 0.032667 0.491252 1067.099976
-8.890332 19.070770 1.494533 -0.011046 0.033960 0.519856 1067.319946
-8.721919 19.186451 1.519140 -0.020260 0.021503 0.548929 1067.540039
-8.557814 19.309347 1.536150 -0.020808 0.016948 0.577893 1067.760010
-8.400224 19.438370 1.545487 -0.017617 0.027142 0.606752 1067.979980
-8.245187 19.574371 1.548482 -0.013825 0.022076 0.636115 1068.199951
-8.095751 19.715303 1.546151 -0.051039 -0.006637 0.665987 1068.420044
-7.965007 19.873394 1.538399 -0.090903 -0.012590 0.697862 1068.650024
-7.874240 20.051476 1.525974 -0.079172 -0.023895 0.731482 1068.880005
-7.821290 20.251728 1.509737 -0.066969 -0.003604 0.764282 1069.119995
-7.798633 20.456324 1.492843 -0.049940 0.014702 0.796230 1069.349976
-7.790464 20.663054 1.476635 -0.032767 0.019262 0.827619 1069.569946
-7.789334 20.866335 1.464510 -0.037810 -0.000935 0.858047 1069.780029
-7.800686 21.070084 1.459021 -0.048278 -0.017582 0.888576 1069.989990
-7.831485 21.270403 1.461058 -0.038282 -0.027713 0.919273 1070.199951
-7.883708 21.471239 1.470497 -0.035705 -0.018619 0.950677 1070.420044
-7.951886 21.664471 1.486358 -0.034173 -0.003696 0.981975 1070.640015
-8.031024 21.855001 1.506164 -0.033900 -0.000649 1.013411 1070.859985
-8.120329 22.043350 1.524720 -0.044859 -0.015019 1.045136 1071.079956
-8.220602 22.218428 1.537295 -0.048145 -0.021168 1.075462 1071.290039
-8.337572 22.387068 1.543160 -0.042730 -0.018740 1.105693 1071.500000
-8.468238 22.548813 1.542505 -0.037251 -0.009975 1.135964 1071.709961
-8.601438 22.697968 1.536775 -0.028304 -0.002549 1.165083 1071.910034
-8.738906 22.843712 1.527275 -0.023387 0.005123 1.194387 1072.109985
-8.884201 22.994473 1.514913 0.003875 -0.003202 1.225278 1072.319946
-9.026018 23.140656 1.501546 0.072967 -0.039993 1.254381 1072.540039
-9.167994 23.286180 1.484874 0.100910 -0.055651 1.289348 1072.849976
-9.368473 23.252131 1.484083 -0.103136 -0.082761 1.348896 1073.819946
-9.543029 23.142704 1.497446 -0.085270 -0.057052 1.362165 1074.089966
-9.727026 23.038288 1.509745 -0.060795 -0.035095 1.376262 1074.310059
-9.903843 22.943573 1.520761 -0.038751 -0.017904 1.391495 1074.500000
-10.086740 22.850529 1.531958 -0.015716 0.038006 1.409198 1074.689941
-10.274847 22.772560 1.544951 -0.019613 0.098988 1.431467 1074.890015
-10.474521 22.734665 1.560700 -0.026009 0.117081 1.459087 1075.109985
-10.678899 22.755260 1.578575 -0.029781 0.100683 1.491166 1075.339966
-10.874409 22.822620 1.597098 -0.025219 0.068623 1.524371 1075.560059
-11.060538 22.913929 1.615388 -0.008964 0.033341 1.556997 1075.770020
-11.241704 23.015440 1.632788 -0.010387 0.009781 1.590048 1075.979980
-11.419059 23.116135 1.641674 -0.023828 -0.010919 1.623574 1076.189941
-11.597137 23.207428 1.636904 -0.033389 -0.019473 1.657444 1076.400024
-11.788002 23.288961 1.615887 -0.036073 -0.017388 1.692899 1076.619995
-11.975100 23.354065 1.582212 -0.033079 -0.010239 1.726585 1076.829956
-12.165152 23.409492 1.539686 -0.015624 -0.015197 1.759982 1077.040039
-12.361211 23.455418 1.495736 -0.026757 -0.038957 1.793851 1077.260010
-12.564412 23.479385 1.459509 -0.041876 -0.047820 1.828429 1077.489990
-12.771066 23.473379 1.437016 -0.045443 -0.040099 1.862040 1077.719971
-12.973621 23.443237 1.428293 -0.041755 -0.025765 1.893574 1077.939941
-13.170104 23.399370 1.429732 -0.019464 -0.014553 1.923420 1078.150024
-13.372281 23.346416 1.437663 -0.001307 0.004779 1.954324 1078.369995
-13.575113 23.297401 1.445172 0.009489 0.054008 1.987024 1078.599976
-13.782484 23.276072 1.445743 0.012753 0.072800 2.020772 1078.839966
-13.988876 23.293125 1.436837 0.014345 0.058418 2.053522 1079.079956
-14.183990 23.337938 1.422613 -0.004560 0.042547 2.084599 1079.310059
-14.381249 23.398024 1.408873 -0.024404 0.029352 2.115995 1079.540039
-14.575602 23.458570 1.399287 -0.020098 0.007391 2.146527 1079.760010
-14.770955 23.514462 1.394266 -0.025406 0.008590 2.176538 1079.979980
-14.967932 23.564087 1.393772 -0.019361 0.003255 2.206685 1080.199951
-15.171008 23.608301 1.397049 -0.014193 -0.012886 2.237742 1080.430054
-15.375137 23.642073 1.403754 -0.034449 0.001019 2.269464 1080.670044
-15.580851 23.662321 1.412635 -0.029153 0.000641 2.301606 1080.910034
-15.788553 23.671257 1.422524 -0.030776 0.013489 2.333294 1081.150024
-15.992607 23.673285 1.432330 -0.023188 0.015497 2.363990 1081.380005
-16.199883 23.672344 1.441714 -0.012306 0.016373 2.394572 1081.609985
-16.406452 23.673910 1.449800 0.014847 0.038161 2.425078 1081.839966
-16.611952 23.693123 1.455902 0.032075 0.057455 2.455907 1082.069946
-16.809278 23.738266 1.459444 0.032990 0.054563 2.484976 1082.290039
-16.998358 23.804611 1.460697 0.025058 0.049158 2.513010 1082.500000
-17.187744 23.887794 1.460130 0.018919 0.004658 2.540373 1082.709961
-17.371254 23.977966 1.457903 0.018512 -0.081080 2.566930 1082.930054
-17.548122 24.072046 1.453239 0.012095 -0.122040 2.599712 1083.229980
-17.518028 23.871647 1.487150 -0.094733 -0.085351 2.645812 1084.060059
-17.448660 23.675817 1.507971 -0.057072 -0.043053 2.655783 1084.280029
-17.386799 23.486650 1.528021 -0.028233 -0.013973 2.667179 1084.469971
-17.328398 23.294300 1.547637 -0.026193 0.019795 2.681234 1084.660034
-17.277349 23.075327 1.565029 -0.041053 0.052727 2.700113 1084.880005
-17.257591 22.870302 1.573337 -0.046928 0.058209 2.721264 1085.089966
-17.268152 22.667326 1.573032 -0.043014 0.047540 2.745478 1085.300049
-17.303095 22.465309 1.565218 -0.032547 0.031033 2.772152 1085.510010
-17.353140 22.265795 1.551981 -0.012831 0.015924 2.800443 1085.719971
-17.409298 22.072189 1.535298 -0.011435 0.002120 2.830230 1085.930054
-17.465055 21.875916 1.517495 0.020952 -0.057067 2.861474 1086.150024
-17.490013 21.674976 1.501909 0.036854 -0.116101 2.895032 1086.390015
-17.443419 21.475914 1.490392 0.040552 -0.105059 2.934469 1086.650024
-17.333212 21.305271 1.484714 0.015941 -0.084929 2.972462 1086.900024
-17.191299 21.158415 1.483899 -0.001354 -0.063551 3.006923 1087.130005
-17.039921 21.027237 1.485877 -0.006838 -0.048993 3.038065 1087.339966
-16.875509 20.897434 1.489256 -0.010744 -0.036226 3.069102 1087.550049
-16.712276 20.774437 1.492783 -0.012883 -0.025766 3.098603 1087.750000
-16.546873 20.651806 1.495924 -0.014683 -0.019037 3.128129 1087.949951
-16.382317 20.529406 1.498435 -0.010639 0.007377 -3.125633 1088.150024
-16.222820 20.401226 1.500375 -0.032748 0.080900 -3.094771 1088.359985
-16.090254 20.242800 1.501624 -0.057318 0.120878 -3.059768 1088.599976
-16.025339 20.048967 1.501112 -0.060223 0.109301 -3.021511 1088.849976
-16.021193 19.843443 1.498149 -0.046977 0.059023 -2.985133 1089.079956
-16.040312 19.640642 1.492217 -0.039777 -0.002710 -2.952264 1089.290039
-16.055208 19.431398 1.483280 -0.033831 -0.039513 -2.920479 1089.500000
-16.051666 19.231663 1.471813 -0.031499 -0.050591 -2.890825 1089.699951
-16.025379 19.024464 1.456821 -0.028999 -0.045552 -2.859926 1089.910034
-15.979306 18.822466 1.440515 0.002799 -0.030988 -2.829244 1090.119995
-15.920585 18.624989 1.426674 -0.002483 -0.003363 -2.797182 1090.339966
-15.859979 18.428654 1.419685 -0.019320 0.015872 -2.764428 1090.569946
-15.806165 18.231203 1.421625 -0.029364 0.022903 -2.732012 1090.800049
-15.761684 18.035030 1.431266 -0.035121 0.023420 -2.700858 1091.020020
-15.722514 17.830914 1.446080 -0.016948 0.013790 -2.669593 1091.239990
-15.687408 17.626236 1.464038 -0.017727 0.011499 -2.638641 1091.459961
-15.654773 17.421986 1.483715 -0.020179 0.007822 -2.607639 1091.680054
-15.619874 17.220795 1.500596 -0.006213 -0.065191 -2.577049 1091.900024
-15.553100 17.028324 1.509093 -0.002070 -0.133701 -2.544620 1092.140015
-15.422660 16.875546 1.503509 0.043918 -0.096229 -2.509206 1092.400024
-15.246968 16.780949 1.485729 0.090968 -0.008269 -2.468123 1092.699951
-15.048182 16.763210 1.457213 -0.098921 -0.018079 -2.411248 1093.489990
-14.865831 16.667561 1.463150 -0.106727 -0.023618 -2.388357 1093.959961
-14.690733 16.561321 1.470937 -0.087135 -0.020191 -2.372562 1094.219971
-14.512787 16.451687 1.478446 -0.060508 -0.014301 -2.356014 1094.439941
-14.337198 16.343401 1.485532 -0.038293 -0.008803 -2.337962 1094.640015
-14.166370 16.238146 1.491777 -0.007651 0.005161 -2.318295 1094.829956
-13.993760 16.127779 1.497911 -0.004030 0.037806 -2.294555 1095.030029
-13.829704 16.004766 1.504263 -0.008385 0.055473 -2.267220 1095.239990
-13.679659 15.861990 1.510635 0.000206 0.048767 -2.236721 1095.459961
-13.550643 15.708261 1.516957 -0.011000 0.040344 -2.204650 1095.680054
-13.435397 15.544844 1.523523 -0.012161 0.024866 -2.171266 1095.900024
-13.323072 15.369055 1.530528 -0.016128 0.013756 -2.135813 1096.130005
-13.213590 15.192066 1.537905 -0.023816 0.009818 -2.099941 1096.359985
-13.103149 15.015122 1.544558 -0.010434 0.008988 -2.064017 1096.589966
-12.996041 14.839994 1.547560 -0.009503 0.030575 -2.028487 1096.819946
-12.896800 14.659006 1.545601 -0.004534 0.033069 -1.993271 1097.050049
-12.807240 14.471496 1.538883 -0.003824 0.029854 -1.958784 1097.280029
-12.725927 14.279758 1.528440 -0.019733 0.012826 -1.925165 1097.510010
-12.640542 14.089919 1.516110 -0.056146 -0.034174 -1.891377 1097.739990
-12.529013 13.916897 1.503277 -0.060845 -0.056238 -1.857720 1097.969971
-12.386803 13.770790 1.490661 -0.050113 -0.051948 -1.825945 1098.199951
-12.220832 13.650767 1.478724 -0.047446 -0.031222 -1.795290 1098.430054
-12.046579 13.552518 1.468476 -0.016643 -0.026333 -1.765951 1098.650024
-11.861075 13.465945 1.459337 -0.025344 -0.024931 -1.735999 1098.880005
-11.671212 13.394262 1.451502 -0.027371 -0.019669 -1.706448 1099.109985
-11.476630 13.334284 1.444692 -0.022921 -0.009462 -1.677141 1099.339966
-11.280207 13.279932 1.440205 -0.026450 0.021987 -1.647886 1099.569946
-11.081919 13.216996 1.440019 -0.022529 0.040175 -1.617879 1099.800049
-10.893185 13.141528 1.443938 -0.006020 0.034537 -1.588382 1100.020020
-10.710594 13.053412 1.451296 -0.012636 0.034836 -1.558518 1100.239990
-10.531661 12.954088 1.461409 -0.008676 0.023858 -1.528031 1100.459961
-10.356975 12.848398 1.473835 -0.008045 0.020138 -1.497371 1100.680054
-10.186398 12.738779 1.488832 -0.014876 0.022414 -1.466415 1100.900024
-10.017827 12.626049 1.505708 -0.006602 0.010347 -1.435173 1101.119995
-9.846002 12.509007 1.524663 -0.015413 0.016823 -1.402730 1101.349976
-9.681804 12.396337 1.543996 -0.023680 0.023730 -1.371669 1101.569946
-9.513721 12.281483 1.563607 -0.024165 0.005437 -1.340332 1101.790039
-9.341602 12.173649 1.579786 -0.051675 -0.033103 -1.308808 1102.010010
-9.151226 12.088024 1.589852 -0.060518 -0.051542 -1.275747 1102.239990
-8.941345 12.037856 1.591880 -0.048766 -0.047023 -1.242485 1102.479980
-8.734744 12.022662 1.586762 -0.043649 -0.027122 -1.211415 1102.709961
-8.534549 12.028130 1.577288 0.007488 -0.026697 -1.181735 1102.930054
-8.331659 12.045784 1.565090 0.087000 -0.040692 -1.151659 1103.180054
-8.172915 12.169959 1.551772 -0.037907 -0.121302 -1.084104 1104.150024
-8.207191 12.369073 1.556388 -0.035509 -0.094143 -1.066977 1104.469971
-8.240845 12.573204 1.562065 -0.024619 -0.058759 -1.051894 1104.709961
-8.272439 12.772316 1.567624 -0.013506 -0.025669 -1.036181 1104.920044
-8.302856 12.974585 1.573126 -0.015917 -0.006215 -1.017887 1105.130005
-8.327656 13.173386 1.578272 -0.025734 -0.007432 -0.997122 1105.339966
-8.344712 13.379675 1.583215 -0.021344 -0.002397 -0.973402 1105.560059
-8.353417 13.582736 1.587564 -0.021102 -0.008010 -0.947410 1105.780029
-8.355966 13.784293 1.591502 -0.019289 -0.013744 -0.919546 1106.000000
-8.355142 13.985203 1.595023 -0.009059 -0.008764 -0.890575 1106.219971
-8.354648 14.190116 1.597119 0.016847 -0.021584 -0.859213 1106.449951
-8.369164 14.396343 1.594686 0.037604 -0.054657 -0.825907 1106.689941
-8.416031 14.597670 1.586555 0.042887 -0.045581 -0.790148 1106.930054
-8.490544 14.782907 1.573567 0.027159 -0.046651 -0.755863 1107.160034
-8.587104 14.963969 1.556682 0.012387 -0.032753 -0.721322 1107.390015
-8.693456 15.142039 1.536810 -0.025536 0.002403 -0.687286 1107.619995
-8.785792 15.320428 1.514059 -0.067995 0.019483 -0.654483 1107.849976
-8.846107 15.509681 1.488473 -0.080271 0.019217 -0.621648 1108.079956
-8.872622 15.715209 1.460796 -0.069533 0.015305 -0.588685 1108.310059
-8.872303 15.914807 1.438777 -0.055660 0.022308 -0.558995 1108.520020
-8.851294 16.120045 1.424721 -0.047993 0.023894 -0.528592 1108.729980
-8.814386 16.318014 1.420607 -0.039057 0.019090 -0.499067 1108.930054
-8.765371 16.516533 1.425011 -0.029090 0.012317 -0.469250 1109.130005
-8.709243 16.713537 1.436407 -0.013797 0.006537 -0.439329 1109.329956
-8.651037 16.905195 1.452476 0.000831 0.002011 -0.409618 1109.530029
-8.593064 17.096708 1.469859 0.006463 -0.028409 -0.379352 1109.739990
-8.547139 17.298458 1.482379 0.002559 -0.068556 -0.346819 1109.969971
-8.534754 17.499531 1.484053 -0.006014 -0.078189 -0.313917 1110.199951
-8.558084 17.704473 1.474103 -0.013863 -0.065535 -0.280879 1110.430054
-8.606473 17.904486 1.455552 -0.008878 -0.039915 -0.249505 1110.650024
-8.666170 18.094358 1.432706 -0.010401 -0.014653 -0.219600 1110.859985
-8.729598 18.289928 1.410726 -0.029125 0.030529 -0.188398 1111.079956
-8.773964 18.486130 1.397989 -0.041032 0.057660 -0.157182 1111.300049
-8.787049 18.686825 1.397184 -0.041707 0.059129 -0.125164 1111.520020
-8.769673 18.893099 1.407865 -0.036864 0.047047 -0.092508 1111.739990
-8.731742 19.094320 1.426887 -0.028789 0.031052 -0.061052 1111.949951
-8.682745 19.296442 1.449507 -0.008647 -0.017014 -0.029986 1112.160034
-8.643544 19.493124 1.467793 -0.003230 -0.081044 0.000080 1112.369995
-8.640221 19.699488 1.477051 -0.007001 -0.107078 0.033230 1112.599976
-8.688567 19.896698 1.473013 -0.011925 -0.095162 0.066584 1112.829956
-8.776208 20.077988 1.458179 0.000172 -0.059893 0.098150 1113.050049
-8.885142 20.245020 1.437606 0.065703 -0.000416 0.130059 1113.270020
-9.012349 20.405993 1.410552 0.101644 0.042405 0.168732 1113.560059
-9.178430 20.525244 1.403148 -0.107328 -0.092336 0.224792 1114.579956
-9.349603 20.639048 1.434871 -0.084418 -0.072642 0.237942 1114.890015
-9.515049 20.752022 1.462711 -0.046748 -0.040084 0.249655 1115.109985
-9.679616 20.864882 1.489393 -0.023745 -0.021766 0.264256 1115.310059
-9.847532 20.979124 1.513087 -0.007333 -0.020281 0.281947 1115.510010
-10.016080 21.088947 1.530285 -0.001918 -0.024532 0.302241 1115.709961
-10.193478 21.196264 1.540126 0.008844 -0.015883 0.325903 1115.920044
-10.376298 21.297800 1.541612 -0.000329 -0.018369 0.353061 1116.140015
-10.566218 21.395687 1.535422 -0.014884 -0.022428 0.383864 1116.369995
-10.749423 21.487785 1.524988 -0.034036 0.009221 0.415277 1116.589966
-10.925674 21.591034 1.513141 -0.047460 0.044830 0.447907 1116.810059
-11.084569 21.717110 1.501633 -0.052678 0.054485 0.482472 1117.030029
-11.224655 21.869448 1.491466 -0.048604 0.046910 0.518549 1117.250000
-11.344423 22.035620 1.483193 -0.027762 0.032298 0.553506 1117.459961
-11.452410 22.210718 1.476853 -0.001643 0.024295 0.587865 1117.670044
-11.551639 22.393147 1.472871 -0.012046 0.024981 0.623474 1117.890015
-11.639519 22.576702 1.471635 -0.007331 0.016603 0.658559 1118.109985
-11.729611 22.783949 1.472792 -0.019405 0.013250 0.697387 1118.359985
-11.808712 22.975687 1.475685 -0.022951 0.009101 0.732482 1118.589966
-11.887673 23.166952 1.478777 -0.002186 -0.023904 0.765921 1118.819946
-11.977586 23.348730 1.480378 -0.024276 -0.066331 0.798905 1119.060059
-12.101130 23.510063 1.479258 -0.029499 -0.072008 0.832399 1119.310059
-12.259142 23.643513 1.474718 -0.035668 -0.055108 0.864619 1119.560059
-12.429083 23.749287 1.468121 -0.030791 -0.032665 0.893647 1119.790039
-12.610846 23.846207 1.460607 -0.006733 0.006990 0.922669 1120.020020
-12.792456 23.948563 1.454044 -0.022071 0.046016 0.953265 1120.260010
-12.959044 24.070646 1.450182 -0.015184 0.049339 0.984049 1120.500000
-13.109215 24.213392 1.448574 -0.018533 0.035893 1.014949 1120.739990
-13.244201 24.363214 1.448704 -0.033123 0.009215 1.045034 1120.969971
-13.383719 24.517784 1.449895 -0.035242 -0.009506 1.075747 1121.199951
-13.526209 24.661993 1.451190 -0.023676 -0.017099 1.105056 1121.420044
-13.675285 24.797544 1.452272 -0.031078 -0.011548 1.134430 1121.640015
-13.830899 24.927099 1.453557 -0.011323 0.008937 1.164137 1121.859985
-13.987614 25.063303 1.457127 0.015276 0.058953 1.196445 1122.089966
-14.119057 25.216301 1.464288 0.022816 0.079706 1.229375 1122.319946
-14.219760 25.394262 1.474527 0.014743 0.057171 1.261363 1122.550049
-14.301862 25.585844 1.484935 -0.033959 -0.022918 1.293172 1122.780029
-14.398031 25.761967 1.494526 -0.068311 -0.072257 1.327825 1123.010010
-14.535274 25.907898 1.502081 -0.063142 -0.078851 1.362707 1123.250000
-14.706787 26.012968 1.507521 -0.048415 -0.030662 1.394864 1123.489990
-14.889953 26.096966 1.515450 -0.028913 0.026824 1.426152 1123.719971
-15.076405 26.190792 1.528857 -0.014908 0.053313 1.459188 1123.949951
-15.250163 26.301224 1.547164 -0.010024 0.058713 1.491442 1124.170044
-15.409934 26.426580 1.568163 0.007138 0.035796 1.522333 1124.380005
-15.563017 26.565157 1.589285 0.061758 -0.031669 1.550879 1124.599976
-15.705754 26.708858 1.610078 0.091358 -0.080068 1.581284 1124.880005
-15.632796 26.514156 1.603392 0.041765 -0.111965 1.594996 1125.719971
-15.545295 26.331156 1.587168 0.025186 -0.070963 1.582137 1125.920044
-15.456763 26.140095 1.570765 0.004018 -0.030020 1.564008 1126.109985
-15.375195 25.956367 1.556050 -0.018942 -0.013788 1.542132 1126.290039
-15.299095 25.765898 1.542704 -0.029912 -0.015141 1.515349 1126.479980
-15.233891 25.569241 1.531449 -0.029874 -0.021459 1.483965 1126.680054
-15.183744 25.374617 1.523076 -0.022903 -0.025811 1.449955 1126.880005
-15.144197 25.170683 1.517120 -0.015740 -0.019039 1.412313 1127.089966
-15.114510 24.970381 1.512968 -0.011565 -0.000551 1.373997 1127.300049
-15.089736 24.770370 1.507676 0.005969 -0.011460 1.334326 1127.520020
-15.063893 24.565882 1.499091 0.018687 -0.024798 1.293304 1127.750000
-15.035454 24.367212 1.487287 0.023635 -0.030827 1.254868 1127.969971
-15.002687 24.162258 1.472211 0.021060 -0.026654 1.217664 1128.189941
-14.968941 23.963423 1.456354 -0.003625 -0.014062 1.183602 1128.400024
-14.940062 23.759413 1.441973 -0.033694 -0.028935 1.149146 1128.619995
-14.931830 23.559448 1.432471 -0.043226 -0.041518 1.115625 1128.839966
-14.951270 23.353167 1.428186 -0.039080 -0.032491 1.080824 1129.069946
-14.994912 23.151834 1.429272 -0.021894 -0.037053 1.047723 1129.300049
-15.055008 22.951859 1.434576 -0.010257 -0.022056 1.015429 1129.530029
-15.122678 22.755335 1.441885 -0.003623 -0.019273 0.984377 1129.760010
-15.194132 22.561695 1.448844 -0.000247 -0.030820 0.953945 1129.989990
-15.267123 22.375042 1.453895 -0.001286 -0.023250 0.925117 1130.209961
-15.343520 22.188908 1.456686 0.001915 -0.023624 0.896506 1130.430054
-15.422155 22.003187 1.457167 0.006955 -0.029344 0.867834 1130.650024
-15.503109 21.814568 1.455784 0.010486 -0.032759 0.838867 1130.869995
-15.582350 21.630598 1.452542 0.009976 -0.023795 0.811007 1131.079956
-15.661702 21.444952 1.446532 0.014868 -0.024047 0.782673 1131.290039
-15.740005 21.256935 1.437471 0.016617 -0.023288 0.753992 1131.500000
-15.816862 21.066422 1.425470 0.016569 -0.022490 0.724867 1131.709961
-15.892447 20.873753 1.411153 0.015500 -0.021486 0.695305 1131.920044
-15.966813 20.680616 1.395364 0.004950 -0.006474 0.665733 1132.130005
-16.038858 20.492861 1.380239 -0.000883 -0.010877 0.635926 1132.339966
-16.115303 20.303036 1.370105 -0.006143 -0.027357 0.604612 1132.560059
-16.203585 20.110041 1.368383 -0.011178 -0.026207 0.571602 1132.790039
-16.296972 19.932411 1.374755 -0.008205 -0.023299 0.540084 1133.010010
-16.401892 19.753237 1.389004 0.003206 -0.028849 0.507355 1133.239990
-16.507740 19.583981 1.407738 0.003217 -0.017564 0.476512 1133.459961
-16.620173 19.409878 1.430636 0.013488 -0.022455 0.444492 1133.689941
-16.728735 19.242413 1.453704 0.002406 -0.003194 0.414568 1133.910034
-16.839937 19.070827 1.475363 -0.045831 0.063067 0.382308 1134.150024
-16.949852 18.902443 1.495399 -0.075661 0.100867 0.341600 1134.500000
-16.801876 18.763792 1.517123 0.103149 0.080825 0.289501 1135.410034
-16.626102 18.662212 1.524745 0.073898 0.050617 0.271491 1135.660034
-16.453844 18.554514 1.531922 0.040547 0.022987 0.254727 1135.869995
-16.283762 18.443026 1.539738 0.027607 0.016038 0.237772 1136.069946
-16.112978 18.327745 1.548344 0.020159 0.011330 0.218546 1136.270020
-15.945278 18.210327 1.556929 0.031267 -0.026823 0.196925 1136.469971
-15.786186 18.077732 1.564287 0.052298 -0.071750 0.171201 1136.680054
-15.654667 17.917839 1.568824 0.056336 -0.083908 0.142435 1136.900024
-15.563385 17.735085 1.569515 0.054993 -0.068797 0.112650 1137.119995
-15.507154 17.542707 1.567152 0.047252 -0.044598 0.082892 1137.329956
-15.470666 17.338146 1.562746 0.039503 -0.020463 0.051693 1137.540039
-15.445093 17.136730 1.557431 0.025485 -0.001599 0.020861 1137.739990
-15.420024 16.935829 1.550495 -0.013322 0.044691 -0.011109 1137.939941
-15.376500 16.739887 1.540635 -0.043881 0.089540 -0.046556 1138.150024
-15.289024 16.554821 1.526316 -0.055508 0.087207 -0.083553 1138.380005
-15.160219 16.402637 1.508639 -0.043813 0.073383 -0.119430 1138.609985
-15.000837 16.275356 1.489431 0.000311 0.022464 -0.153234 1138.839966
-14.839399 16.152311 1.474018 0.064997 -0.039101 -0.189029 1139.069946
-14.705979 16.001408 1.465623 0.091641 -0.060733 -0.226658 1139.310059
-14.622794 15.817456 1.464498 0.089017 -0.050242 -0.261808 1139.550049
-14.584309 15.612824 1.468966 0.073213 -0.027862 -0.294412 1139.780029
-14.572802 15.407936 1.476721 0.051699 -0.013420 -0.324557 1139.989990
-14.574261 15.203955 1.486828 0.039669 -0.005037 -0.353475 1140.189941
-14.582849 14.995917 1.498909 0.022845 -0.001725 -0.382494 1140.390015
-14.594992 14.789877 1.511716 0.002040 -0.002988 -0.411302 1140.589966
-14.608631 14.582360 1.525459 0.008901 0.005547 -0.441278 1140.800049
-14.621212 14.381310 1.538948 -0.002903 0.004841 -0.471038 1141.010010
-14.629451 14.181042 1.549571 -0.029188 0.035755 -0.502699 1141.229980
-14.614352 13.977474 1.553275 -0.035403 0.070209 -0.537258 1141.469971
-14.559291 13.782439 1.547551 -0.026771 0.073576 -0.568437 1141.709961
-14.470913 13.597062 1.534182 -0.013325 0.062547 -0.591966 1141.939941
-14.363072 13.419091 1.517800 -0.024275 0.035462 -0.606630 1142.160034
-14.245618 13.257434 1.506437 -0.049086 0.028090 -0.613073 1142.369995
-14.105229 13.106967 1.503856 -0.055696 0.024805 -0.611738 1142.589966
-13.948146 12.978909 1.511275 -0.045671 0.013707 -0.604150 1142.810059
-13.774139 12.865571 1.526680 -0.005325 0.017794 -0.594924 1143.040039
-13.600218 12.755145 1.543287 0.042101 0.028531 -0.587437 1143.270020
-13.436017 12.627851 1.556693 0.042227 -0.014152 -0.586466 1143.500000
-13.288417 12.484638 1.565472 0.007071 -0.091527 -0.589107 1143.750000
-13.104584 12.574356 1.571032 -0.113870 -0.027817 -0.586776 1144.770020
-13.054515 12.771195 1.569197 -0.072497 -0.011509 -0.570595 1145.000000
-12.997869 12.972464 1.567895 -0.033686 -0.000272 -0.550791 1145.209961
-12.939399 13.166973 1.566743 -0.014618 0.007328 -0.528182 1145.410034
-12.875018 13.365826 1.564381 -0.015506 0.011362 -0.501242 1145.619995
-12.806642 13.558473 1.560053 -0.012873 0.010319 -0.471731 1145.829956
-12.731905 13.753277 1.553318 -0.009828 0.007189 -0.438884 1146.050049
-12.655761 13.941437 1.544460 -0.020733 0.006271 -0.404500 1146.270020
-12.572886 14.135673 1.532936 -0.027530 0.018380 -0.367472 1146.500000
-12.485468 14.320615 1.519903 -0.029656 0.025850 -0.331275 1146.719971
-12.391799 14.496816 1.505899 -0.029604 0.026032 -0.296285 1146.930054
-12.283641 14.681495 1.490048 -0.027753 0.022161 -0.259495 1147.150024
-12.173745 14.857386 1.474517 -0.008632 0.011651 -0.224569 1147.359985
-12.062287 15.027127 1.459157 0.009217 0.028519 -0.190112 1147.569946
-11.939008 15.189872 1.443948 0.016226 0.053588 -0.154371 1147.790039
-11.799228 15.333632 1.429843 0.011419 0.062012 -0.119635 1148.010010
-11.639511 15.461348 1.416869 0.005098 0.053827 -0.085844 1148.229980
-11.471550 15.573015 1.405443 -0.003681 0.044880 -0.054024 1148.439941
-11.292929 15.679600 1.394693 -0.008961 0.032703 -0.022520 1148.650024
-11.117929 15.779318 1.385056 -0.006283 0.016648 0.007175 1148.849976
-10.935903 15.881099 1.376329 0.008419 0.008056 0.037548 1149.060059
-10.758308 15.974961 1.370282 0.012559 0.023371 0.067408 1149.270020
-10.570739 16.063639 1.367319 0.010242 0.033001 0.098197 1149.489990
-10.386265 16.141035 1.367269 0.006071 0.034210 0.127269 1149.699951
-10.196549 16.213802 1.369185 0.004087 0.018554 0.155962 1149.910034
-10.008420 16.281691 1.372563 0.022642 -0.004932 0.182141 1150.119995
-9.811566 16.340622 1.378857 0.050800 0.008946 0.205347 1150.349976
-9.607007 16.373734 1.389100 0.057448 0.025540 0.220845 1150.589966
-9.402677 16.377977 1.401976 0.048002 0.031128 0.229211 1150.819946
-9.198363 16.363119 1.415921 0.021551 0.023689 0.234247 1151.040039
-8.991291 16.343380 1.429435 -0.035323 0.026014 0.239456 1151.260010
-8.786859 16.342155 1.441481 -0.065976 0.026752 0.247052 1151.479980
-8.588795 16.372181 1.451065 -0.065690 0.015722 0.258359 1151.699951
-8.392135 16.434982 1.458547 -0.051662 0.025222 0.272388 1151.930054
-8.209477 16.518599 1.464081 -0.047295 0.019066 0.290026 1152.150024
-8.036224 16.623274 1.468986 -0.092735 -0.023164 0.313411 1152.369995
-7.888751 16.766176 1.473227 -0.107925 -0.052042 0.342550 1152.599976
-7.787954 16.946985 1.474614 -0.025742 -0.086174 0.375611 1152.839966
-7.736036 17.144207 1.473054 0.056383 -0.088093 0.410589 1153.130005
-7.543934 17.088026 1.490789 0.111629 0.058521 0.453552 1154.079956
-7.390945 16.950294 1.498956 0.058085 0.038002 0.431265 1154.300049
-7.233687 16.815252 1.506961 0.021624 0.022240 0.405659 1154.500000
-7.072366 16.681879 1.515676 0.003236 0.011693 0.375871 1154.699951
-6.913389 16.554708 1.525266 0.005920 0.010320 0.342540 1154.900024
-6.749766 16.426702 1.536264 0.002969 0.002487 0.304723 1155.109985
-6.585136 16.298237 1.548193 0.004146 0.000123 0.264443 1155.329956
-6.427831 16.174160 1.560599 0.015486 0.009751 0.225665 1155.550049
-6.265152 16.047432 1.571507 -0.023950 0.037701 0.188569 1155.780029
-6.094878 15.942486 1.575081 -0.068302 0.064208 0.156046 1156.010010
-5.901005 15.878093 1.568819 -0.076417 0.047297 0.131759 1156.250000
-5.696546 15.860734 1.552592 -0.059766 0.046108 0.113343 1156.489990
-5.491909 15.877703 1.529844 -0.038168 0.025486 0.102662 1156.719971
-5.288034 15.916024 1.507203 -0.050901 -0.005403 0.098638 1156.949951
-5.098568 15.978239 1.491911 -0.068284 0.002752 0.100790 1157.180054
-4.921274 16.071497 1.487158 -0.065743 0.012645 0.111092 1157.410034
-4.758232 16.187860 1.492435 -0.051836 0.019169 0.128397 1157.630005
-4.605636 16.316626 1.504484 -0.020802 0.008187 0.150936 1157.839966
-4.450520 16.451582 1.519330 0.073065 0.001847 0.175756 1158.060059
-4.274739 16.556480 1.533619 0.142287 0.008084 0.200466 1158.310059
-4.074840 16.575994 1.540992 0.129614 0.002655 0.216392 1158.579956
-3.881659 16.516298 1.539433 0.095004 0.010542 0.222826 1158.829956
-3.700962 16.418470 1.532340 0.015049 -0.035713 0.217451 1159.060059
-3.533643 16.305691 1.522437 -0.056589 -0.077223 0.209503 1159.310059
-3.378793 16.177807 1.507997 -0.067228 -0.073235 0.188693 1159.800049
-3.579368 16.173655 1.525210 -0.023498 -0.127843 0.204838 1160.469971
-3.782252 16.178509 1.540424 -0.013477 -0.094743 0.223580 1160.709961
-3.983925 16.179199 1.555316 -0.007524 -0.061271 0.244532 1160.910034
-4.189077 16.177172 1.570587 -0.004509 -0.032883 0.268303 1161.099976
-4.396146 16.174383 1.585156 -0.020798 0.008775 0.294927 1161.290039
-4.604131 16.180651 1.597507 -0.058709 0.034886 0.324819 1161.489990
-4.806806 16.213337 1.605654 -0.074171 0.039289 0.358202 1161.699951
-5.003952 16.282297 1.608713 -0.068711 0.030146 0.395104 1161.920044
-5.182184 16.376774 1.607215 -0.053742 0.016911 0.431242 1162.130005
-5.353773 16.489420 1.602635 -0.014928 0.014992 0.466563 1162.339966
-5.522735 16.610895 1.596010 0.002164 -0.006100 0.502794 1162.560059
-5.692849 16.729517 1.588886 -0.004691 -0.030718 0.539943 1162.790039
-5.866480 16.835474 1.582908 0.002734 -0.030176 0.576057 1163.020020
-6.051668 16.930918 1.578036 -0.013311 -0.032017 0.612654 1163.260010
-6.236480 17.013248 1.574750 -0.019918 -0.028792 0.646725 1163.489990
-6.429657 17.089796 1.572519 -0.017816 -0.037303 0.680003 1163.719971
-6.623602 17.154909 1.570945 -0.014425 -0.038682 0.711269 1163.939941
-6.824545 17.210091 1.569479 -0.003089 -0.026201 0.741877 1164.160034
-7.026042 17.255684 1.568013 -0.012073 -0.023187 0.772205 1164.380005
-7.228674 17.295372 1.566491 -0.019754 -0.020113 0.802350 1164.599976
-7.434102 17.332657 1.564979 -0.025116 -0.017374 0.832540 1164.819946
-7.633008 17.368372 1.563208 -0.023148 0.005508 0.861423 1165.030029
-7.836536 17.414248 1.559801 -0.028637 0.063373 0.891926 1165.250000
-8.022599 17.487844 1.554002 -0.029332 0.088780 0.923448 1165.469971
-8.192386 17.602688 1.544948 -0.017456 0.079138 0.957287 1165.699951
-8.338170 17.749210 1.533140 -0.022472 0.060696 0.991390 1165.930054
-8.463506 17.911831 1.519867 -0.027017 0.039932 1.024266 1166.150024
-8.577808 18.079689 1.506640 -0.022164 0.005483 1.055766 1166.359985
-8.694529 18.245173 1.495716 -0.027356 -0.057106 1.087056 1166.569946
-8.833343 18.393353 1.489044 -0.031029 -0.089751 1.119435 1166.790039
-9.002620 18.507421 1.487270 -0.019820 -0.083754 1.152158 1167.020020
-9.188903 18.581659 1.489021 -0.009633 -0.036593 1.184242 1167.250000
-9.384454 18.641247 1.489276 -0.005000 0.052936 1.218167 1167.489990
-9.569978 18.727610 1.484657 -0.006837 0.094144 1.253618 1167.739990
-9.726001 18.854824 1.473818 -0.009422 0.091667 1.287765 1167.979980
-9.859015 19.015707 1.457732 -0.000146 0.058730 1.320756 1168.209961
-9.971219 19.185921 1.439829 0.052822 -0.021718 1.348739 1168.430054
-10.071473 19.361647 1.419965 0.080806 -0.075390 1.377290 1168.699951
-10.153285 19.546421 1.407619 -0.080024 0.086073 1.437095 1169.589966
-10.263454 19.716557 1.440533 -0.074137 0.082584 1.458447 1169.989990
-10.377389 19.885147 1.468614 -0.046544 0.052829 1.476369 1170.239990
-10.493835 20.055460 1.495003 -0.027899 0.034139 1.490866 1170.459961
-10.609996 20.225531 1.519949 0.002553 0.021747 1.501523 1170.670044
-10.717970 20.397676 1.540871 0.053500 0.037873 1.509121 1170.880005
-10.801506 20.584215 1.555824 0.077252 0.049846 1.513475 1171.099976
-10.845352 20.781378 1.562892 0.071894 0.049713 1.514912 1171.319946
-10.853398 20.989275 1.562835 0.050682 0.040551 1.516335 1171.540039
-10.839640 21.192589 1.555750 -0.010583 -0.000469 1.518720 1171.750000
-10.831445 21.396154 1.539294 -0.084386 -0.018416 1.526812 1171.969971
-10.865257 21.599253 1.510726 -0.109668 -0.019826 1.541132 1172.209961
-10.954996 21.782446 1.473189 -0.091758 -0.015079 1.560619 1172.449951
-11.083611 21.941599 1.438235 -0.064532 -0.001588 1.583376 1172.680054
-11.231560 22.084690 1.413497 -0.044758 0.015773 1.608920 1172.900024
-11.385901 22.220222 1.400372 -0.028009 0.023778 1.636925 1173.109985
-11.537938 22.351717 1.397144 -0.016488 0.026566 1.666095 1173.310059
-11.689897 22.486078 1.401225 -0.001664 0.012714 1.697048 1173.510010
-11.843908 22.626064 1.410462 -0.002973 0.010182 1.730498 1173.719971
-11.992496 22.763426 1.422434 -0.010959 0.016066 1.764692 1173.930054
-12.139598 22.899790 1.435419 -0.016719 0.020457 1.799285 1174.140015
-12.288220 23.036264 1.448255 -0.018760 0.022721 1.834043 1174.349976
-12.439059 23.172695 1.460032 -0.009646 0.008598 1.868339 1174.560059
-12.595178 23.311663 1.470534 -0.008455 0.010087 1.899905 1174.780029
-12.748212 23.446695 1.479647 0.010894 0.010274 1.924355 1175.000000
-12.894226 23.588610 1.489784 0.078696 0.017411 1.940713 1175.229980
-13.006842 23.760082 1.503904 0.109764 0.030906 1.946233 1175.479980
-13.058933 23.952963 1.520594 0.096985 0.032540 1.941403 1175.719971
-13.065663 24.161182 1.538706 0.055202 0.019220 1.932377 1175.949951
-13.053669 24.366146 1.553784 -0.062537 -0.007862 1.924613 1176.170044
-13.072585 24.570894 1.564777 -0.149610 -0.017837 1.922238 1176.420044
-13.180450 24.739763 1.566209 -0.138892 -0.023401 1.927890 1176.699951
-13.354928 24.841681 1.557876 -0.106740 -0.003154 1.937728 1176.959961
-13.552687 24.904022 1.545265 -0.047838 0.011218 1.951867 1177.189941
-13.753881 24.958776 1.532796 0.053335 0.045119 1.966397 1177.410034
-13.938754 25.043081 1.523926 0.108290 0.064869 1.978987 1177.640015
-14.087127 25.185890 1.519158 0.103962 0.050211 1.984883 1177.890015
-14.182391 25.364161 1.516287 0.036443 0.047522 1.990960 1178.130005
-14.260299 25.555742 1.513101 -0.020715 0.031411 1.999044 1178.359985
-14.346299 25.744987 1.509177 -0.023916 -0.049836 2.011336 1178.589966
-14.443236 25.923910 1.504129 -0.007039 -0.108479 2.025253 1178.869995
-14.465531 25.720779 1.523914 -0.037402 -0.106309 2.058075 1179.770020
-14.434584 25.518030 1.533555 -0.020278 -0.053848 2.069680 1179.979980
-14.403157 25.311018 1.543109 -0.000433 -0.014555 2.084078 1180.180054
-14.370084 25.107431 1.550742 0.015070 -0.015095 2.101488 1180.380005
-14.330917 24.911062 1.554412 0.022546 -0.018370 2.121578 1180.579956
-14.280482 24.713772 1.553538 0.025083 -0.006708 2.145483 1180.790039
-14.219089 24.519678 1.547588 0.014732 -0.017664 2.172350 1181.010010
-14.147526 24.324596 1.537575 0.009288 -0.010750 2.202620 1181.239990
-14.072425 24.137451 1.528597 0.002857 -0.012781 2.234079 1181.469971
-13.992578 23.947794 1.525781 -0.006225 -0.026989 2.268071 1181.709961
-13.910729 23.756739 1.531050 -0.005457 -0.018955 2.302632 1181.949951
-13.831672 23.573215 1.543841 -0.013005 -0.030549 2.336289 1182.180054
-13.750934 23.384235 1.562926 -0.015216 -0.033182 2.370158 1182.410034
-13.672541 23.197598 1.582042 -0.025086 -0.008451 2.402320 1182.630005
-13.603113 23.008524 1.592619 -0.051794 0.011149 2.434173 1182.849976
-13.553621 22.805937 1.589479 -0.051837 0.021425 2.466860 1183.079956
-13.530285 22.600348 1.571586 -0.042544 0.018947 2.499581 1183.310059
-13.527979 22.393744 1.540579 -0.038002 0.004728 2.532536 1183.540039
-13.535520 22.194988 1.504597 0.028123 -0.031861 2.561740 1183.760010
-13.520034 21.993483 1.468061 0.096211 -0.076358 2.585086 1184.000000
-13.435950 21.813314 1.437491 0.101815 -0.069647 2.604641 1184.260010
-13.283611 21.676279 1.417778 0.075758 -0.067314 2.611535 1184.520020
-13.104717 21.579891 1.408951 0.043018 -0.042680 2.608811 1184.750000
-12.913531 21.499588 1.406468 -0.001488 -0.022433 2.600406 1184.969971
-12.724724 21.416286 1.407964 -0.079700 0.001566 2.589405 1185.189941
-12.557978 21.301519 1.411989 -0.113318 0.017529 2.577962 1185.420044
-12.432691 21.143127 1.416182 -0.101832 0.019026 2.571166 1185.660034
-12.349872 20.942909 1.419629 -0.080948 -0.000140 2.572840 1185.910034
-12.303263 20.744041 1.421656 -0.041429 0.000191 2.578807 1186.130005
-12.269188 20.538797 1.422534 -0.006456 -0.014862 2.591110 1186.349976
-12.232079 20.337612 1.420624 0.027947 -0.045967 2.608704 1186.569946
-12.173155 20.146528 1.415089 0.042456 -0.054866 2.631917 1186.790039
-12.082091 19.962032 1.405365 0.039396 -0.044691 2.661604 1187.020020
-11.966628 19.793472 1.392265 0.017807 -0.045719 2.694453 1187.250000
-11.838895 19.639156 1.377468 0.000825 -0.040559 2.728564 1187.469971
-11.700003 19.486629 1.363576 0.011695 -0.035784 2.764336 1187.689941
-11.550157 19.341003 1.356278 0.032470 -0.042191 2.801362 1187.910034
-11.392609 19.215776 1.357848 0.037330 -0.041859 2.837783 1188.119995
-11.221113 19.106388 1.367837 0.031089 -0.036937 2.874630 1188.329956
-11.039181 19.010878 1.385097 0.020570 -0.027694 2.911251 1188.540039
-10.854876 18.927013 1.405464 0.025490 0.038254 2.947598 1188.750000
-10.666728 18.850485 1.427774 0.031973 0.104303 2.987152 1189.000000
-10.479425 18.784912 1.463780 -0.027965 -0.090444 3.048879 1189.709961
-10.294127 18.714308 1.497617 -0.035919 -0.117029 3.074258 1190.150024
-10.103564 18.641001 1.523505 -0.022520 -0.075123 3.088678 1190.400024
-9.916177 18.569691 1.546896 -0.012174 -0.041916 3.103078 1190.609985
-9.728975 18.499771 1.568842 0.003775 -0.035439 3.119336 1190.810059
-9.536842 18.434229 1.587097 0.021527 -0.032807 3.138144 1191.010010
-9.341521 18.379498 1.599989 0.029627 -0.017613 -3.123414 1191.209961
-9.138722 18.336535 1.607396 0.026107 -0.012600 -3.098761 1191.420044
-8.940486 18.306555 1.609339 0.015533 -0.020966 -3.072446 1191.630005
-8.735574 18.284500 1.607217 0.009387 -0.010075 -3.043012 1191.849976
-8.527699 18.267214 1.601451 -0.015259 -0.000885 -3.011001 1192.079956
-8.329371 18.242056 1.591479 -0.064586 0.013540 -2.978494 1192.310059
-8.134768 18.183466 1.576422 -0.075657 0.020832 -2.944593 1192.550049
-7.953701 18.086399 1.557516 -0.063278 0.017880 -2.910128 1192.790039
-7.790740 17.964676 1.536794 -0.051642 0.005498 -2.876439 1193.020020
-7.640265 17.830559 1.516412 -0.030932 0.012699 -2.845002 1193.239990
-7.498837 17.686823 1.497840 -0.035584 0.025550 -2.813328 1193.459961
-7.370072 17.531115 1.482104 -0.042584 0.026676 -2.781217 1193.680054
-7.252370 17.360865 1.469236 -0.042258 0.020255 -2.748672 1193.900024
-7.146770 17.186237 1.459417 -0.035343 0.012381 -2.717344 1194.109985
-7.045513 17.005327 1.451460 -0.010589 0.005942 -2.686293 1194.319946
-6.949090 16.827183 1.444975 -0.011134 -0.000749 -2.655520 1194.530029
-6.850069 16.645267 1.440466 -0.021442 -0.010108 -2.623370 1194.750000
-6.747273 16.466232 1.438731 -0.029541 -0.013958 -2.591201 1194.969971
-6.637213 16.288006 1.439533 -0.032690 -0.012533 -2.558989 1195.189941
-6.525209 16.117622 1.441995 -0.029251 -0.008705 -2.528173 1195.400024
-6.408622 15.947578 1.445765 -0.024167 -0.003383 -2.497299 1195.609985
-6.290281 15.778310 1.450740 -0.025316 0.001974 -2.466324 1195.819946
-6.171931 15.609010 1.456749 -0.010615 0.002657 -2.435327 1196.030029
-6.056885 15.443174 1.463096 -0.009582 0.004397 -2.404597 1196.239990
-5.940623 15.273167 1.470204 -0.019692 0.007137 -2.372549 1196.459961
-5.827704 15.103761 1.478068 -0.003036 0.024314 -2.340557 1196.680054
-5.723237 14.925294 1.488301 0.003383 0.055089 -2.306827 1196.910034
-5.643444 14.737044 1.501257 -0.002135 0.066088 -2.273158 1197.140015
-5.590293 14.542274 1.516178 -0.006744 0.057892 -2.240945 1197.359985
-5.554400 14.345761 1.531172 -0.016266 -0.000210 -2.210784 1197.569946
-5.511653 14.145760 1.545815 -0.051181 -0.066730 -2.178454 1197.790039
-5.431975 13.959797 1.558797 -0.051275 -0.089216 -2.144791 1198.020020
-5.304849 13.800068 1.568510 -0.046917 -0.075769 -2.111748 1198.260010
-5.141461 13.670805 1.574957 -0.030231 -0.048042 -2.079695 1198.500000
-4.963398 13.565894 1.577915 0.060490 -0.028333 -2.048487 1198.739990
-4.781861 13.480399 1.577703 0.108829 -0.008827 -2.013092 1199.050049
-4.971222 13.545166 1.585953 0.121408 0.015092 -1.994364 1199.910034
-5.166692 13.610835 1.587776 0.063051 0.010447 -2.010784 1200.119995
-5.358421 13.673860 1.589506 0.008546 0.012957 -2.030633 1200.310059
-5.557575 13.734284 1.592034 -0.002685 0.032038 -2.056317 1200.510010
-5.752340 13.781112 1.595089 -0.004886 0.036140 -2.085833 1200.709961
-5.952088 13.814314 1.598356 -0.009775 0.026548 -2.119577 1200.920044
-6.154268 13.834951 1.601718 0.005521 0.025453 -2.157324 1201.140015
-6.362749 13.846576 1.605251 -0.000539 0.006157 -2.198150 1201.369995
-6.563428 13.855317 1.607171 0.015958 -0.005700 -2.238845 1201.599976
-6.766646 13.871343 1.605689 0.035614 -0.004173 -2.280909 1201.839966
-6.970495 13.900195 1.600545 0.031871 -0.004517 -2.321979 1202.079956
-7.175056 13.941048 1.592072 0.037628 0.008242 -2.361277 1202.319946
-7.376515 13.988767 1.581657 0.029200 0.018856 -2.396412 1202.550049
-7.574106 14.033136 1.570241 -0.041167 0.053464 -2.424439 1202.770020
-7.776596 14.044868 1.557626 -0.098906 0.073849 -2.445407 1203.000000
-7.972024 13.993436 1.543701 -0.103372 0.050933 -2.452148 1203.239990
-8.143703 13.883230 1.529430 -0.078711 0.048992 -2.450079 1203.479980
-8.286223 13.743219 1.516724 -0.048586 0.042107 -2.439763 1203.699951
-8.415429 13.588851 1.505338 -0.001769 0.011594 -2.425561 1203.910034
-8.548725 13.433783 1.495890 0.094968 -0.032896 -2.412566 1204.130005
-8.713904 13.318227 1.490398 0.144344 -0.047971 -2.402768 1204.380005
-8.913884 13.290853 1.488910 0.130889 -0.039314 -2.397838 1204.640015
-9.112988 13.334399 1.490026 0.089774 -0.025391 -2.400559 1204.869995
-9.303641 13.409460 1.492482 0.037656 -0.018164 -2.409976 1205.079956
-9.491335 13.498581 1.497394 0.021621 0.003667 -2.424534 1205.290039
-9.676971 13.589674 1.504791 0.011690 0.015153 -2.444400 1205.500000
-9.861029 13.676128 1.513885 -0.000285 0.014397 -2.468641 1205.709961
-10.050086 13.758420 1.524689 0.009523 0.022508 -2.497861 1205.930054
-10.239299 13.833630 1.536105 -0.001002 0.007345 -2.530080 1206.150024
-10.430271 13.906812 1.545899 0.011490 -0.010008 -2.565271 1206.380005
-10.618511 13.987162 1.551049 0.036064 -0.009220 -2.603455 1206.619995
-10.800441 14.080971 1.550894 0.031296 -0.011163 -2.640939 1206.859985
-10.976244 14.186714 1.545632 0.006383 0.019409 -2.671659 1207.099976
-11.153513 14.281981 1.535996 -0.069556 0.072273 -2.694895 1207.339966
-11.354904 14.324039 1.522035 -0.099071 0.069894 -2.704921 1207.599976
-11.559389 14.288723 1.505351 -0.082244 0.061995 -2.703286 1207.859985
-11.748347 14.201130 1.488852 -0.050461 0.021057 -2.693024 1208.099976
-11.922887 14.089667 1.473546 -0.016595 -0.071431 -2.677758 1208.339966
-12.080552 13.966893 1.458239 0.010403 -0.106204 -2.658772 1208.660034
-12.272555 13.906714 1.474706 0.067176 0.119154 -2.646934 1209.579956
-12.475132 13.915043 1.501985 0.045974 0.096910 -2.672866 1209.869995
-12.677636 13.919931 1.525118 0.020121 0.051861 -2.699866 1210.089966
-12.876715 13.922551 1.546700 0.007763 0.028014 -2.727231 1210.290039
-13.078002 13.923827 1.566506 0.011774 0.013913 -2.757168 1210.489990
-13.286895 13.927435 1.583958 0.020730 0.013258 -2.791122 1210.699951
-13.502350 13.937462 1.597787 0.016953 -0.002571 -2.828727 1210.920044
-13.709715 13.954618 1.607293 0.018029 0.009517 -2.866704 1211.140015
-13.912535 13.977658 1.613440 0.012615 0.009686 -2.905042 1211.359985
-14.110986 14.003584 1.612845 -0.002948 0.014249 -2.942796 1211.579956
-14.314722 14.026709 1.600827 -0.012450 0.027284 -2.981244 1211.810059
-14.518614 14.040878 1.577594 -0.014806 0.016555 -3.017539 1212.040039
-14.720387 14.046082 1.544680 -0.011550 0.028195 -3.051065 1212.270020
-14.924102 14.044190 1.505140 -0.003618 0.015616 -3.080517 1212.500000
-15.124999 14.041839 1.468399 0.036360 0.001016 -3.106736 1212.729980
-15.325671 14.059193 1.442716 0.066501 0.011822 -3.131995 1212.969971
-15.520339 14.110870 1.432818 0.057257 0.002716 3.125442 1213.209961
-15.706120 14.191178 1.435026 0.034637 0.014464 3.101321 1213.449951
-15.889280 14.286856 1.443242 0.014855 0.036802 3.077032 1213.689941
-16.071518 14.382356 1.452404 -0.001792 0.026282 3.052550 1213.920044
-16.258541 14.473788 1.459613 -0.005716 0.034184 3.027101 1214.150024
-16.443712 14.555925 1.463673 -0.002776 0.023900 3.001710 1214.369995
-16.630114 14.635530 1.468036 0.029241 0.004636 2.975273 1214.589966
-16.815399 14.729142 1.477731 0.054730 0.002978 2.945950 1214.819946
-16.986137 14.843661 1.493752 0.049216 -0.006749 2.915896 1215.050049
-17.139988 14.975789 1.515093 0.018328 0.005111 2.890957 1215.280029
-17.293589 15.112791 1.535618 -0.077821 0.023672 2.872029 1215.520020
-17.468349 15.210018 1.549128 -0.117317 0.019692 2.865194 1215.770020
-17.670719 15.240649 1.551766 -0.103057 0.015787 2.866919 1216.030029
-17.871119 15.216445 1.545478 -0.026935 0.031786 2.869347 1216.270020
-18.071800 15.185215 1.537703 0.061490 0.040484 2.871042 1216.500000
-18.273581 15.189016 1.533113 0.095991 0.041585 2.868390 1216.729980
-18.471811 15.243859 1.532511 0.090375 0.036433 2.860026 1216.959961
-18.656111 15.339209 1.535244 0.062909 0.017541 2.846348 1217.180054
-18.822763 15.453255 1.539654 0.008161 -0.003859 2.831594 1217.390015
-18.987656 15.570069 1.545813 -0.046923 0.015293 2.818597 1217.609985
-19.164600 15.667239 1.553489 -0.064871 0.016837 2.810112 1217.839966
-19.358955 15.733988 1.561412 -0.058048 0.019736 2.807478 1218.079956
-19.563295 15.770861 1.569032 -0.038860 0.014118 2.812432 1218.319946
-19.766199 15.787503 1.574717 -0.003586 -0.065536 2.824741 1218.560059
-19.966446 15.789623 1.577984 0.023713 -0.102424 2.843019 1218.880005
-19.854633 15.957973 1.585886 0.111174 -0.050019 2.854318 1219.780029
-19.709383 16.097383 1.587010 0.070094 -0.025599 2.839531 1220.000000
-19.564886 16.242428 1.588086 0.036391 -0.008256 2.820001 1220.199951
-19.419449 16.393330 1.589488 0.016179 0.010791 2.795688 1220.400024
-19.283539 16.545294 1.590857 0.006623 0.060979 2.767256 1220.599976
-19.164850 16.717299 1.591895 0.008969 0.092802 2.732370 1220.819946
-19.086218 16.908304 1.591982 0.000810 0.083015 2.693601 1221.050049
-19.048906 17.108545 1.591180 0.012535 0.066862 2.653385 1221.280029
-19.040241 17.309290 1.589950 0.005626 0.035531 2.614292 1221.500000
-19.043545 17.509575 1.587099 0.005007 -0.034823 2.577217 1221.719971
-19.029060 17.709839 1.579453 0.035834 -0.098442 2.537184 1221.959961
-18.954462 17.898808 1.563806 0.052591 -0.106591 2.495026 1222.219971
-18.824917 18.051012 1.542073 0.054544 -0.080383 2.458344 1222.459961
-18.666681 18.178461 1.517975 0.033915 -0.044034 2.425959 1222.680054
-18.498417 18.293135 1.495541 0.027228 -0.011053 2.395305 1222.890015
-18.326763 18.407179 1.476646 0.026824 0.008943 2.365059 1223.099976
-18.157801 18.526302 1.462316 0.028949 0.016918 2.335104 1223.310059
-17.993143 18.653023 1.452486 0.027417 0.017264 2.305304 1223.520020
-17.833256 18.786207 1.446544 0.011465 0.012879 2.275728 1223.729980
-17.680437 18.920780 1.443339 0.012238 0.008931 2.246448 1223.939941
-17.526466 19.061394 1.441718 0.016852 0.006666 2.215823 1224.160034
-17.376101 19.202303 1.439855 0.019555 0.011020 2.185151 1224.380005
-17.228777 19.345465 1.435934 0.026548 0.015399 2.154303 1224.599976
-17.082680 19.493782 1.429163 0.031288 0.016484 2.123070 1224.819946
-16.942709 19.641027 1.419920 0.027941 0.013861 2.092853 1225.030029
-16.802706 19.791521 1.408535 0.011567 0.006280 2.062431 1225.239990
-16.665964 19.939991 1.395641 0.011527 0.005882 2.032170 1225.449951
-16.526453 20.092150 1.381670 0.010804 -0.005254 2.000601 1225.670044
-16.387007 20.235638 1.370719 0.026523 -0.044795 1.969456 1225.890015
-16.228487 20.362957 1.365139 0.033994 -0.062226 1.936938 1226.119995
-16.051962 20.460625 1.365564 0.027589 -0.055077 1.905227 1226.349976
-15.861782 20.531740 1.371550 0.036891 -0.037092 1.873955 1226.579956
-15.668443 20.584028 1.381284 0.023583 -0.019889 1.844222 1226.800049
-15.471173 20.627823 1.393263 0.018364 -0.005728 1.814517 1227.020020
-15.275203 20.668350 1.405598 0.014903 -0.001964 1.785042 1227.239990
-15.072888 20.709150 1.416530 0.027791 -0.002088 1.754336 1227.469971
-14.868815 20.748981 1.424705 0.017414 -0.002861 1.723668 1227.699951
-14.665275 20.787029 1.429823 0.026428 -0.000312 1.693010 1227.930054
-14.461370 20.825888 1.432663 -0.006067 0.042054 1.662377 1228.160034
-14.266839 20.888195 1.434734 -0.064178 0.110689 1.626658 1228.400024
-14.109903 21.014425 1.436265 -0.081002 0.104967 1.590650 1228.660034
-14.017164 21.191725 1.437163 -0.064881 0.087415 1.556692 1228.910034
-13.970352 21.391813 1.438412 -0.040975 0.042998 1.526374 1229.140015
-13.947093 21.592264 1.439145 -0.023462 -0.057129 1.500211 1229.359985
-13.937172 21.794983 1.439464 -0.005485 -0.112713 1.467890 1229.640015
-13.822471 21.962250 1.458608 0.103741 0.061389 1.414321 1230.599976
-13.630322 22.025679 1.477759 0.079345 0.061223 1.395351 1230.900024
-13.438860 22.098248 1.495512 0.057588 0.050557 1.376962 1231.130005
-13.253301 22.174011 1.511839 0.027914 0.033260 1.358239 1231.329956
-13.062815 22.257153 1.527854 0.002045 0.032515 1.337721 1231.530029
-12.876981 22.348385 1.542829 -0.008949 0.035529 1.314888 1231.729980
-12.700146 22.448549 1.556155 -0.019738 0.019800 1.290351 1231.930054
-12.527940 22.559303 1.568296 -0.012385 0.020552 1.262468 1232.140015
-12.359052 22.679743 1.578500 0.000558 0.017365 1.231646 1232.359985
-12.195452 22.801411 1.582188 0.021135 0.014179 1.199434 1232.579956
-12.029331 22.919561 1.576992 0.030515 0.011105 1.165910 1232.800049
-11.856971 23.031265 1.562601 0.033148 0.014549 1.131853 1233.020020
-11.685350 23.132320 1.541485 0.030649 0.018938 1.098936 1233.229980
-11.507895 23.228966 1.517085 0.024085 0.001870 1.065588 1233.439941
-11.328834 23.316704 1.497200 0.036855 -0.004346 1.032843 1233.650024
-11.137350 23.393856 1.486362 0.038628 -0.007074 0.998622 1233.869995
-10.942701 23.454548 1.486713 0.029404 -0.008165 0.964936 1234.089966
-10.739552 23.502361 1.497015 0.041133 -0.011850 0.930714 1234.319946
-10.534032 23.529566 1.509685 0.063760 -0.028826 0.896686 1234.550049
-10.333424 23.526152 1.518500 0.054533 -0.035908 0.864668 1234.770020
-10.133997 23.494589 1.521535 0.044112 -0.027232 0.833928 1234.989990
-9.937827 23.441936 1.518813 0.033444 -0.013200 0.803704 1235.209961
-9.744651 23.376839 1.515789 0.022300 0.000384 0.773712 1235.430054
-9.553685 23.307449 1.518445 0.019854 0.013002 0.743893 1235.650024
-9.363031 23.238977 1.528670 0.006770 0.011078 0.714082 1235.869995
-9.166582 23.171822 1.547904 0.016050 0.020432 0.683149 1236.099976
-8.977083 23.111288 1.573403 0.011617 0.015405 0.653391 1236.319946
-8.787743 23.053812 1.603449 0.009282 0.010438 0.623801 1236.540039
-8.594164 22.994778 1.637309 0.024015 -0.018981 0.593340 1236.770020
-8.403722 22.919689 1.673293 0.052465 -0.039231 0.561562 1237.010010
-8.227549 22.815170 1.708122 0.045772 -0.041360 0.529844 1237.250000
-8.073420 22.689182 1.739273 0.045592 -0.026311 0.500057 1237.479980
-7.928293 22.543579 1.768923 0.043842 -0.008525 0.470043 1237.709961
-7.791059 22.391062 1.796391 0.039502 0.004777 0.440695 1237.930054
-7.657690 22.238094 1.822012 0.027938 0.010072 0.411929 1238.140015
-7.522817 22.083895 1.846572 0.008322 0.007514 0.382751 1238.349976
-7.389477 21.934259 1.870589 0.015583 0.013730 0.353427 1238.560059
-7.249184 21.781336 1.895064 -0.004895 0.002174 0.322529 1238.780029
-7.111957 21.634531 1.916324 -0.074740 -0.036431 0.293494 1239.010010
-6.973397 21.487541 1.937462 -0.127501 -0.067636 0.258402 1239.359985
-7.051924 21.304207 1.886757 0.093816 -0.089992 0.204487 1240.219971
-7.170414 21.140469 1.837535 0.070305 -0.057055 0.191260 1240.479980
-7.281319 20.977791 1.791460 0.040044 -0.026494 0.178181 1240.689941
-7.389870 20.812235 1.744895 0.027789 -0.014886 0.162364 1240.890015
-7.497135 20.643290 1.698269 0.012115 -0.002118 0.144265 1241.089966
-7.599830 20.476896 1.654698 0.011887 -0.000267 0.123729 1241.290039
-7.702338 20.305153 1.613917 0.017587 -0.005174 0.099804 1241.500000
-7.805500 20.126963 1.577612 0.008603 -0.002388 0.072794 1241.719971
-7.904625 19.952814 1.546855 0.020136 -0.010181 0.043633 1241.939941
-8.002469 19.779184 1.520733 0.010453 -0.006946 0.013196 1242.160034
-8.103374 19.600512 1.496705 0.019141 -0.010861 -0.019914 1242.390015
-8.204272 19.423103 1.475827 0.014319 -0.015721 -0.053673 1242.619995
-8.308503 19.247864 1.460708 0.018258 -0.027668 -0.087920 1242.849976
-8.421447 19.074329 1.452421 0.010849 -0.025237 -0.122120 1243.079956
-8.542013 18.905407 1.449793 0.013086 -0.021484 -0.156210 1243.310059
-8.668216 18.740253 1.451619 0.023803 -0.019968 -0.190269 1243.540039
-8.793339 18.581671 1.455536 0.023769 -0.004453 -0.222517 1243.760010
-8.916789 18.420521 1.459286 0.033534 0.008283 -0.254723 1243.979980
-9.034178 18.252518 1.461582 0.026100 0.014020 -0.286741 1244.199951
-9.143151 18.079416 1.461617 0.023374 0.012928 -0.318629 1244.420044
-9.244658 17.902542 1.459476 0.029967 0.007717 -0.350482 1244.640015
-9.340635 17.721224 1.455262 0.004686 0.041158 -0.382006 1244.859985
-9.416076 17.531403 1.448305 -0.027358 0.107164 -0.416926 1245.089966
-9.433768 17.326094 1.437165 -0.036297 0.123303 -0.454801 1245.339966
-9.380525 17.128105 1.422901 -0.027753 0.103697 -0.490137 1245.579956
-9.285233 16.945061 1.408331 0.003232 0.039108 -0.521243 1245.800049
-9.184958 16.769178 1.397062 0.055551 -0.036229 -0.553228 1246.010010
-9.111263 16.581255 1.391244 0.085599 -0.071411 -0.588008 1246.229980
-9.090199 16.379250 1.391455 0.088151 -0.069444 -0.622534 1246.459961
-9.121943 16.181171 1.396287 0.069110 -0.050397 -0.654419 1246.680054
-9.186624 15.991841 1.404103 0.036495 -0.046015 -0.685205 1246.890015
-9.274319 15.811274 1.415396 0.036269 -0.052085 -0.715507 1247.099976
-9.384094 15.642402 1.429499 0.034379 -0.048110 -0.745110 1247.310059
-9.513353 15.484608 1.445624 0.033906 -0.035981 -0.774315 1247.520020
-9.656990 15.335077 1.462895 0.018604 -0.017108 -0.803337 1247.729980
-9.802302 15.191764 1.479409 -0.020891 0.044647 -0.833327 1247.939941
-9.931611 15.032660 1.495552 -0.040069 0.102250 -0.868010 1248.170044
-10.009281 14.848568 1.509203 -0.037238 0.110578 -0.902646 1248.410034
-10.030127 14.649406 1.519191 -0.024047 0.091085 -0.934910 1248.640015
-10.014361 14.441557 1.526403 -0.020281 0.041978 -0.965282 1248.859985
-9.980800 14.236216 1.530926 -0.042068 -0.053625 -0.992059 1249.079956
-9.936996 14.035573 1.533182 -0.047159 -0.107677 -1.022431 1249.359985
-10.024231 13.855092 1.535052 0.140916 0.016028 -1.085039 1250.420044
-10.206207 13.760407 1.540543 0.104365 0.022649 -1.100724 1250.699951
-10.385178 13.654960 1.544505 0.052833 0.017746 -1.116777 1250.920044
-10.557202 13.547218 1.548190 0.032286 0.014649 -1.133606 1251.119995
-10.730165 13.434345 1.551838 0.017663 0.002056 -1.152871 1251.319946
-10.901642 13.323524 1.555246 0.016802 -0.025966 -1.174326 1251.520020
-11.083605 13.219523 1.558748 0.021996 -0.041862 -1.199305 1251.729980
-11.271520 13.133242 1.562191 0.024651 -0.042158 -1.226595 1251.939941
-11.465940 13.064144 1.565467 0.024415 -0.033057 -1.255831 1252.150024
-11.664433 13.008571 1.568525 0.009307 -0.020883 -1.286543 1252.359985
-11.859587 12.963122 1.570290 -0.002554 -0.012284 -1.318096 1252.569946
-12.064031 12.921658 1.568771 0.015165 -0.007403 -1.353063 1252.800049
-12.265203 12.884636 1.562931 0.017365 -0.004627 -1.388164 1253.030029
-12.465407 12.850076 1.552988 0.022583 -0.001258 -1.423112 1253.260010
-12.665677 12.817115 1.539543 0.021415 -0.013425 -1.457658 1253.489990
-12.867264 12.791544 1.523219 0.030320 -0.032168 -1.491726 1253.719971
-13.073739 12.781598 1.504897 0.021208 -0.034323 -1.525103 1253.949951
-13.281687 12.788584 1.485352 0.022585 -0.027413 -1.557788 1254.180054
-13.481101 12.807676 1.465999 0.025531 -0.018027 -1.588628 1254.400024
-13.680586 12.834291 1.447557 0.004055 -0.009788 -1.618886 1254.619995
-13.881580 12.865929 1.434577 0.014268 -0.007272 -1.649950 1254.849976
-14.079071 12.900286 1.431835 0.033186 -0.006039 -1.680761 1255.079956
-14.282013 12.937707 1.439653 0.037635 -0.004305 -1.711656 1255.310059
-14.482644 12.976213 1.454727 0.025290 -0.006360 -1.741341 1255.530029
-14.685250 13.017986 1.474613 0.031957 -0.011294 -1.771294 1255.750000
-14.881355 13.063236 1.495874 0.033880 -0.012352 -1.800253 1255.959961
-15.080320 13.114393 1.517278 0.021343 -0.005962 -1.829544 1256.170044
-15.278078 13.166828 1.536575 0.009473 0.024612 -1.859348 1256.380005
-15.473404 13.208405 1.552721 0.010575 0.048425 -1.889796 1256.589966
-15.677807 13.231461 1.565881 -0.002385 0.044455 -1.921881 1256.810059
-15.878836 13.233955 1.575374 0.006770 0.040947 -1.953896 1257.030029
-16.079268 13.220196 1.582415 0.009826 0.028731 -1.986114 1257.250000
-16.278263 13.196823 1.587129 -0.003036 0.010351 -2.017837 1257.469971
-16.477940 13.167794 1.589118 0.008045 0.018632 -2.050578 1257.699951
-16.683060 13.132535 1.588071 0.013306 0.019526 -2.084483 1257.939941
-16.879742 13.095165 1.584590 0.014623 0.017607 -2.116498 1258.170044
-17.077311 13.055892 1.579443 0.022878 0.024802 -2.148184 1258.400024
-17.280087 13.013389 1.574198 0.004053 0.042117 -2.179653 1258.630005
-17.476776 12.959883 1.570857 -0.020363 0.054969 -2.209936 1258.849976
-17.670460 12.884380 1.569514 -0.032986 0.037129 -2.239265 1259.069946
-17.854118 12.789294 1.570045 -0.028565 0.034913 -2.268871 1259.290039
-18.028414 12.678588 1.572192 -0.021254 0.012979 -2.297925 1259.510010
-18.194862 12.559138 1.574771 -0.023681 -0.067717 -2.325376 1259.739990
-18.353861 12.435415 1.576869 -0.018819 -0.109634 -2.358594 1260.050049
-18.249311 12.612387 1.602056 0.033972 -0.110931 -2.423785 1261.109985
-18.131607 12.783307 1.611851 0.021993 -0.062718 -2.436805 1261.329956
-18.015671 12.955215 1.621282 0.012128 -0.027071 -2.451115 1261.530029
-17.899595 13.130072 1.631383 0.009867 -0.018098 -2.468110 1261.729980
-17.785631 13.303914 1.641318 -0.009929 -0.010126 -2.486808 1261.930054
-17.670511 13.467871 1.647892 -0.073938 -0.005073 -2.504913 1262.130005
-17.529314 13.615289 1.648299 -0.112079 -0.003392 -2.522241 1262.349976
-17.358288 13.719223 1.640097 -0.100791 0.003972 -2.537244 1262.579956
-17.160257 13.777832 1.623177 -0.055842 -0.004023 -2.548860 1262.819946
-16.957670 13.813029 1.600947 0.073622 0.001421 -2.560723 1263.060059
-16.769180 13.888898 1.575924 0.137201 0.007344 -2.572936 1263.329956
-16.638903 14.048065 1.551152 0.122877 0.003861 -2.585046 1263.619995
-16.576029 14.240962 1.531085 0.050976 -0.024355 -2.592545 1263.869995
-16.525064 14.438275 1.512276 -0.040246 -0.057211 -2.591842 1264.099976
-16.444304 14.623895 1.493476 -0.079011 -0.053795 -2.585467 1264.329956
-16.317974 14.787694 1.472988 -0.080141 -0.050688 -2.572081 1264.569946
-16.159636 14.916096 1.451616 -0.059933 -0.040479 -2.553399 1264.800049
-15.985482 15.018535 1.433186 -0.041652 -0.006792 -2.532083 1265.020020
-15.796307 15.105276 1.423157 -0.038809 -0.012315 -2.503641 1265.250000
-15.600957 15.175173 1.425003 -0.025654 -0.009998 -2.472326 1265.479980
-15.403101 15.234208 1.437960 -0.016113 -0.011421 -2.438639 1265.709961
-15.205716 15.286812 1.458730 -0.023324 -0.011830 -2.403431 1265.939941
-15.006271 15.332013 1.483409 -0.032936 -0.016383 -2.367301 1266.170044
-14.810443 15.367383 1.507387 -0.023159 -0.007320 -2.333113 1266.390015
-14.613687 15.396106 1.529446 -0.017374 -0.008966 -2.298875 1266.609985
-14.409211 15.422991 1.544789 -0.004278 -0.022826 -2.263467 1266.839966
-14.206277 15.455472 1.548041 -0.000766 -0.035821 -2.228544 1267.069946
-14.004220 15.499228 1.539201 0.004634 -0.029073 -2.194363 1267.300049
-13.805387 15.553661 1.519746 -0.005941 -0.031989 -2.160864 1267.530029
-13.615669 15.613558 1.494288 0.000977 -0.011436 -2.129631 1267.750000
-13.424406 15.676229 1.466039 -0.020146 0.027861 -2.097400 1267.979980
-13.224332 15.721100 1.439063 -0.058254 0.043178 -2.063451 1268.229980
-13.019736 15.726154 1.418475 -0.050692 0.039494 -2.029862 1268.479980
-12.817871 15.698050 1.404746 -0.047723 0.024532 -1.997383 1268.719971
-12.619417 15.653705 1.395951 0.004701 -0.037050 -1.966300 1268.949951
-12.417898 15.629899 1.390178 0.048906 -0.107112 -1.936840 1269.189941
-12.217902 15.674269 1.385611 0.063238 -0.101706 -1.902112 1269.449951
-12.050995 15.785375 1.380900 0.040140 -0.088948 -1.868382 1269.699951
-11.912840 15.932705 1.376109 0.014336 -0.059960 -1.837014 1269.930054
-11.786138 16.095827 1.373589 -0.018296 -0.030405 -1.807543 1270.150024
-11.660867 16.255489 1.374934 -0.035232 -0.010243 -1.779946 1270.359985
-11.527005 16.408552 1.379912 -0.032432 0.006987 -1.752547 1270.569946
-11.379436 16.555775 1.388534 -0.035348 0.003030 -1.722945 1270.790039
-11.224066 16.691387 1.399706 -0.015128 0.011315 -1.693655 1271.010010
-11.065913 16.817429 1.411048 0.049248 0.058176 -1.663295 1271.239990
-10.904712 16.937590 1.424440 0.120278 0.104286 -1.623923 1271.569946
-10.767927 17.084730 1.438088 -0.065080 -0.099035 -1.581196 1272.449951
-10.651382 17.249805 1.447123 -0.054949 -0.079996 -1.565494 1272.739990
-10.532951 17.419292 1.455489 -0.040627 -0.056727 -1.550097 1272.969971
-10.418610 17.583754 1.463916 -0.025423 -0.043318 -1.533525 1273.170044
-10.300389 17.757694 1.474099 -0.011270 -0.034362 -1.514004 1273.369995
-10.189749 17.927776 1.485127 0.004279 -0.016546 -1.493069 1273.560059
-10.080344 18.104990 1.497667 0.009933 -0.005596 -1.468880 1273.760010
-9.974910 18.284536 1.511768 0.002980 -0.008224 -1.441691 1273.969971
-9.871542 18.465761 1.525252 -0.011828 0.011747 -1.411175 1274.189941
-9.761512 18.640759 1.531886 -0.045233 0.033854 -1.377977 1274.420044
-9.633558 18.794853 1.528115 -0.046903 0.039023 -1.343928 1274.650024
-9.478340 18.933325 1.513121 -0.044690 0.029373 -1.307331 1274.890015
-9.311867 19.050562 1.489621 -0.037125 0.015661 -1.271772 1275.119995
-9.135766 19.157923 1.463058 -0.004716 0.023914 -1.237022 1275.349976
-8.952875 19.252878 1.440598 -0.020267 0.039136 -1.200890 1275.589966
-8.762231 19.326971 1.427921 -0.036028 0.038716 -1.165033 1275.829956
-8.564855 19.382906 1.425817 -0.041003 0.030394 -1.130621 1276.060059
-8.362510 19.428568 1.431627 -0.026253 0.016960 -1.097711 1276.280029
-8.165778 19.468622 1.441883 -0.006373 -0.004043 -1.067254 1276.489990
-7.949358 19.516241 1.457580 -0.021110 -0.018378 -1.033292 1276.729980
-7.749074 19.572439 1.474975 -0.021162 -0.022363 -1.001043 1276.959961
-7.555794 19.640863 1.492914 -0.024132 -0.016613 -0.969376 1277.189941
-7.367059 19.719538 1.510605 -0.027252 -0.007488 -0.938043 1277.420044
-7.183128 19.803749 1.525898 0.041658 -0.018443 -0.907890 1277.650024
-7.003697 19.891468 1.539408 0.126496 -0.030401 -0.876691 1277.930054
-6.894130 19.719866 1.546502 0.034979 0.109320 -0.841273 1278.739990
-6.848238 19.519690 1.543861 0.029215 0.086089 -0.866783 1279.000000
-6.796912 19.326130 1.541679 0.023510 0.062135 -0.895461 1279.209961
-6.742233 19.125788 1.539628 0.015055 0.034381 -0.927827 1279.410034
-6.689240 18.931025 1.537933 -0.000612 0.012625 -0.961279 1279.599976
-6.632694 18.731033 1.536611 -0.014838 0.013048 -0.997579 1279.800049
-6.571529 18.538984 1.535990 -0.019180 0.011943 -1.033535 1280.000000
-6.501342 18.346907 1.535887 -0.017106 0.005700 -1.069129 1280.209961
-6.423193 18.156372 1.536269 -0.011380 0.018527 -1.102845 1280.430054
-6.341012 17.971422 1.537366 -0.005836 0.010453 -1.130899 1280.650024
-6.254376 17.784065 1.538872 -0.005698 0.010679 -1.152280 1280.880005
-6.166418 17.602512 1.540358 -0.021947 0.025166 -1.163978 1281.109985
-6.068557 17.423624 1.541957 -0.028628 0.025829 -1.164742 1281.339966
-5.958260 17.248545 1.543449 -0.023808 0.015129 -1.155184 1281.569946
-5.839388 17.079792 1.544837 -0.017954 0.026086 -1.137158 1281.800049
-5.713893 16.913298 1.546192 -0.010247 0.016245 -1.111320 1282.030029
-5.586248 16.749727 1.547122 -0.004602 0.022332 -1.080047 1282.260010
-5.457682 16.585735 1.546370 -0.002091 0.034208 -1.046267 1282.489990
-5.332379 16.424049 1.543469 -0.000644 0.028870 -1.014190 1282.709961
-5.206370 16.259689 1.538368 0.000851 0.015133 -0.984393 1282.930054
-5.082674 16.096889 1.531335 0.001278 0.022480 -0.958219 1283.150024
-4.948469 15.918534 1.522317 0.001479 0.028379 -0.935544 1283.390015
-4.825182 15.752399 1.514554 0.012091 0.021945 -0.922217 1283.609985
-4.706135 15.582871 1.509145 0.021751 0.026139 -0.917226 1283.829956
-4.594239 15.407466 1.507050 0.021089 0.010546 -0.921234 1284.050049
-4.492104 15.230251 1.507771 0.016754 0.014469 -0.932739 1284.270020
-4.397346 15.051894 1.511032 0.012127 0.025117 -0.951072 1284.489990
-4.305548 14.870997 1.514037 -0.002074 0.019689 -0.973415 1284.709961
-4.212047 14.691790 1.510899 -0.019899 0.027360 -0.995097 1284.930054
-4.109527 14.516146 1.498508 -0.025930 0.028819 -1.012566 1285.150024
-3.995349 14.345318 1.478973 -0.039741 0.018317 -1.023553 1285.369995
-3.866551 14.185170 1.458581 -0.057357 0.017542 -1.027153 1285.589966
-3.718439 14.040071 1.441445 -0.049985 0.001682 -1.021704 1285.810059
-3.556908 13.912940 1.429334 -0.037874 0.003384 -1.009619 1286.030029
-3.387545 13.800154 1.422714 -0.027241 0.014339 -0.991065 1286.250000
-3.214220 13.695951 1.421162 -0.009881 -0.004720 -0.966298 1286.469971
-3.038083 13.596322 1.423849 -0.009022 0.011800 -0.936265 1286.699951
-2.856278 13.495816 1.430436 -0.013062 0.032030 -0.900948 1286.939941
-2.676645 13.396514 1.439356 -0.013488 0.037063 -0.864090 1287.170044
-2.497660 13.297341 1.449078 -0.009418 0.027703 -0.826976 1287.390015
-2.318795 13.198490 1.457629 0.011521 -0.048856 -0.790431 1287.609985
-2.139880 13.101030 1.465232 0.030470 -0.118675 -0.751013 1287.880005
-2.273544 13.244217 1.536614 -0.001228 -0.126811 -0.724441 1288.699951
-2.423573 13.373652 1.564438 0.002952 -0.071950 -0.738665 1288.890015
-2.578018 13.506307 1.590587 0.013085 -0.035353 -0.757587 1289.069946
-2.736987 13.638370 1.613797 0.019429 -0.013764 -0.780982 1289.250000
-2.896163 13.763689 1.632452 0.016263 0.009472 -0.807787 1289.430054
-3.059231 13.884712 1.646309 0.014053 0.011939 -0.839531 1289.619995
-3.224346 13.999942 1.654983 0.011951 0.002178 -0.875489 1289.819946
-3.392014 14.110935 1.658697 0.009067 0.005217 -0.914465 1290.030029
-3.561671 14.217333 1.657526 0.019181 -0.005395 -0.956035 1290.250000
-3.739331 14.319907 1.652451 0.028002 -0.021490 -0.999487 1290.479980
-3.916352 14.414100 1.645401 0.028207 -0.027749 -1.040196 1290.699951
-4.101700 14.507753 1.637339 0.020387 -0.022115 -1.079539 1290.920044
-4.281317 14.596272 1.628983 0.008801 0.001749 -1.115306 1291.130005
-4.464898 14.682204 1.618574 0.026796 0.002921 -1.151462 1291.349976
-4.657818 14.761035 1.605512 0.028363 0.003531 -1.187255 1291.579956
-4.853283 14.828942 1.590463 0.026861 -0.000082 -1.221422 1291.810059
-5.051100 14.888741 1.573753 0.026910 -0.006689 -1.254370 1292.040039
-5.249972 14.943869 1.557775 -0.000525 -0.001443 -1.285309 1292.270020
-5.448380 14.999818 1.546751 0.010336 -0.021352 -1.316548 1292.510010
-5.643326 15.062076 1.544298 0.011167 -0.025621 -1.347178 1292.750000
-5.837440 15.133384 1.550113 0.017313 -0.025693 -1.377427 1292.989990
-6.024498 15.209293 1.561890 0.020772 -0.021925 -1.406435 1293.219971
-6.212807 15.290066 1.577002 0.006299 -0.008970 -1.435271 1293.449951
-6.396290 15.371210 1.591199 0.015429 -0.010783 -1.464247 1293.680054
-6.586512 15.456368 1.601784 0.025181 -0.014543 -1.494778 1293.920044
-6.771276 15.539578 1.606849 0.019461 -0.010809 -1.524069 1294.150024
-6.956914 15.623568 1.607073 0.029906 -0.013577 -1.553978 1294.380005
-7.147455 15.709653 1.603313 0.027543 -0.018097 -1.584496 1294.609985
-7.332791 15.797160 1.597700 0.015446 -0.038557 -1.614281 1294.829956
-7.515149 15.897737 1.591587 0.005335 -0.046292 -1.644374 1295.050049
-7.688861 16.013861 1.585798 -0.005607 -0.036498 -1.674699 1295.270020
-7.850385 16.141085 1.580932 0.006739 -0.033007 -1.705287 1295.489990
-8.003831 16.276690 1.577140 -0.011199 -0.010790 -1.735748 1295.709961
-8.153109 16.419048 1.573815 -0.074203 0.036560 -1.769240 1295.949951
-8.294446 16.564150 1.570284 -0.104975 0.064376 -1.811850 1296.310059
-8.400493 16.736584 1.563627 0.102676 -0.087938 -1.858091 1297.170044
-8.504917 16.910875 1.560779 0.084400 -0.068543 -1.872570 1297.449951
-8.614265 17.087690 1.556970 0.058018 -0.026170 -1.885828 1297.670044
-8.729012 17.257149 1.552275 0.049010 0.057239 -1.899811 1297.869995
-8.870314 17.411694 1.546516 0.042793 0.110742 -1.919707 1298.079956
-9.037182 17.522444 1.539335 0.034460 0.117690 -1.944490 1298.290039
-9.227165 17.587698 1.530482 0.024568 0.096717 -1.972652 1298.500000
-9.432931 17.616550 1.520746 0.007529 0.061169 -2.003022 1298.709961
-9.642145 17.622561 1.511436 -0.004477 -0.001835 -2.033434 1298.920044
-9.848594 17.629950 1.505926 0.010507 -0.080795 -2.065887 1299.140015
-10.046615 17.676741 1.507213 0.015155 -0.108780 -2.103038 1299.380005
-10.217627 17.781494 1.515350 0.023576 -0.093553 -2.141681 1299.630005
-10.355538 17.928181 1.528596 0.037675 -0.064326 -2.178307 1299.869995
-10.471696 18.091705 1.544143 0.033582 -0.034675 -2.211406 1300.089966
-10.579381 18.260935 1.558464 0.023623 -0.012062 -2.242864 1300.300049
-10.686616 18.432684 1.568215 0.028606 -0.000490 -2.274207 1300.510010
-10.796985 18.603622 1.571779 0.016466 0.006359 -2.305072 1300.719971
-10.909315 18.769634 1.568937 0.013653 0.007579 -2.335549 1300.930054
-11.027932 18.935846 1.559734 0.008026 0.025441 -2.367336 1301.150024
-11.158051 19.094954 1.543151 0.016818 0.053319 -2.400438 1301.380005
-11.305602 19.234442 1.520509 0.022431 0.057598 -2.433415 1301.609985
-11.466577 19.351706 1.494574 0.028038 0.049854 -2.465133 1301.829956
-11.644598 19.458492 1.466141 0.018180 0.031079 -2.497053 1302.050049
-11.820592 19.553596 1.439763 0.001548 -0.016598 -2.526334 1302.260010
-11.996491 19.659870 1.419091 0.017064 -0.086580 -2.557266 1302.489990
-12.141473 19.803846 1.410779 0.019698 -0.105078 -2.591106 1302.739990
-12.231456 19.983147 1.415813 0.020868 -0.081523 -2.624046 1302.989990
-12.283895 20.182871 1.427683 -0.001736 0.033682 -2.657091 1303.239990
-12.356984 20.375103 1.440912 -0.016790 0.124640 -2.695193 1303.510010
-12.505137 20.517979 1.449573 -0.023202 0.119949 -2.735097 1303.800049
-12.697948 20.592482 1.450362 -0.010085 0.095500 -2.770997 1304.060059
-12.903105 20.630674 1.445687 0.000818 0.038673 -2.802252 1304.290039
-13.107733 20.660656 1.435748 0.046069 -0.001705 -2.833002 1304.510010
-13.307910 20.708174 1.420670 0.063153 -0.026815 -2.865137 1304.729980
-13.499478 20.785244 1.401531 0.003131 -0.073935 -2.898362 1304.959961
-13.675357 20.888601 1.378597 -0.054595 -0.092969 -2.932208 1305.250000
-13.815793 21.033970 1.367386 0.082122 0.092514 -2.990916 1306.160034
-13.974527 21.160116 1.394397 0.069203 0.082592 -3.010546 1306.520020
-14.136320 21.278831 1.418533 0.047902 0.058739 -3.027640 1306.760010
-14.300228 21.396231 1.441432 0.027856 0.039644 -3.044761 1306.969971
-14.465964 21.512480 1.464244 0.016813 0.030315 -3.063204 1307.170044
-14.635664 21.628687 1.486807 0.001626 0.009798 -3.084020 1307.369995
-14.802047 21.740376 1.508458 -0.000540 0.006697 -3.106771 1307.569946
-14.971544 21.852022 1.530488 0.006046 0.015057 -3.132855 1307.780029
-15.138508 21.960312 1.551637 0.002482 0.012035 3.122284 1307.989990
-15.310947 22.069292 1.570796 -0.004288 0.022737 3.091329 1308.209961
-15.484994 22.171524 1.585724 -0.006926 0.027167 3.059273 1308.430054
-15.662171 22.266329 1.596246 -0.008095 0.018587 3.026798 1308.650024
-15.848345 22.357901 1.603402 -0.001501 0.031389 2.992270 1308.880005
-16.030281 22.441828 1.607610 0.000111 0.016665 2.959292 1309.099976
-16.218939 22.527571 1.609474 0.022539 0.008847 2.925202 1309.329956
-16.399920 22.621220 1.608980 0.053268 0.013958 2.891242 1309.560059
-16.571400 22.736399 1.606514 0.058848 0.016340 2.856983 1309.790039
-16.726763 22.869291 1.602834 0.051160 0.021885 2.824340 1310.010010
-16.869518 23.013412 1.598525 0.032396 0.013035 2.792718 1310.219971
-17.006189 23.165609 1.593910 0.016699 0.009398 2.761713 1310.430054
-17.137281 23.318768 1.589014 0.014652 0.011699 2.731416 1310.640015
-17.269491 23.480146 1.583809 0.031541 0.010207 2.700037 1310.859985
-17.393154 23.648056 1.578782 0.036045 0.004811 2.668346 1311.079956
-17.504997 23.822697 1.574039 0.028230 -0.001692 2.636774 1311.300049
-17.604687 24.000128 1.569475 0.027593 0.012671 2.606028 1311.520020
-17.697632 24.182220 1.565159 0.024295 0.021215 2.575219 1311.739990
-17.787292 24.369715 1.561846 0.029471 0.015421 2.544220 1311.959961
-17.867107 24.554274 1.560801 0.038104 0.012748 2.514466 1312.170044
-17.937887 24.744980 1.561923 0.027687 -0.001794 2.484548 1312.380005
-17.997898 24.936094 1.564939 0.022536 -0.000050 2.458388 1312.589966
-18.052542 25.132421 1.569808 -0.034305 0.008028 2.437037 1312.810059
-18.125509 25.323521 1.576405 -0.107733 0.025209 2.422794 1313.050049
-18.254368 25.480301 1.583955 -0.123929 0.037336 2.420544 1313.310059
-18.435877 25.581289 1.590513 -0.097321 0.037167 2.432335 1313.560059
-18.631603 25.640211 1.595391 -0.055768 0.017180 2.452542 1313.780029
-18.830458 25.680134 1.598615 -0.005625 0.005340 2.474390 1313.989990
-19.033125 25.720148 1.599502 0.035333 0.024675 2.496819 1314.209961
-19.225338 25.776978 1.597276 0.048683 0.040892 2.516706 1314.430054
-19.409739 25.859144 1.591772 0.044051 0.041245 2.532194 1314.650024
-19.588776 25.964319 1.583395 0.031087 0.031279 2.543578 1314.869995
-19.759930 26.082287 1.573238 0.016210 -0.042757 2.550073 1315.089966
-19.923502 26.206753 1.561528 0.001661 -0.107926 2.555182 1315.349976
-19.722059 26.181725 1.567377 0.022070 -0.098415 2.525146 1316.709961
-19.533655 26.100246 1.576880 0.013231 -0.051335 2.507663 1316.920044
-19.342428 26.018192 1.586132 0.007463 -0.020041 2.487252 1317.119995
-19.152000 25.937330 1.594393 0.002332 -0.003654 2.463922 1317.319946
-18.959082 25.855927 1.600084 0.002352 -0.009889 2.436747 1317.530029
-18.772049 25.776646 1.602199 -0.001093 -0.007389 2.407499 1317.739990
-18.583382 25.695091 1.600639 -0.000315 -0.009843 2.375308 1317.959961
-18.392515 25.610632 1.595613 0.005828 -0.021684 2.340394 1318.189941
-18.203760 25.525280 1.588117 -0.004514 -0.014684 2.305043 1318.420044
-18.020868 25.436760 1.578343 -0.012052 -0.029442 2.269534 1318.650024
-17.843031 25.338291 1.566719 -0.014510 -0.030270 2.233870 1318.880005
-17.670792 25.228779 1.553872 -0.009362 -0.029390 2.198639 1319.109985
-17.502386 25.110144 1.540055 0.001796 -0.037518 2.163949 1319.339966
-17.341045 24.987885 1.527162 -0.030920 -0.033089 2.132927 1319.560059
-17.192268 24.850927 1.516916 -0.078419 -0.030507 2.106853 1319.780029
-17.069534 24.682865 1.509801 -0.089001 -0.029104 2.086671 1320.010010
-16.985594 24.500317 1.505260 -0.013645 -0.007560 2.071425 1320.229980
-16.905415 24.313225 1.502435 0.081867 0.010682 2.061138 1320.459961
-16.787212 24.147518 1.501316 0.105751 0.025818 2.053922 1320.709961
-16.619688 24.028793 1.500685 0.099646 0.012896 2.043253 1320.969971
-16.427246 23.957962 1.499816 0.074725 -0.005964 2.030253 1321.209961
-16.227360 23.908968 1.498117 0.019418 -0.039910 2.014909 1321.430054
-16.030760 23.853699 1.495651 -0.025076 -0.061124 1.997979 1321.640015
-15.841989 23.774172 1.492105 -0.041732 -0.065715 1.977551 1321.849976
-15.667144 23.666712 1.487235 -0.038130 -0.059988 1.953436 1322.060059
-15.506357 23.535568 1.481127 -0.030581 -0.038002 1.926147 1322.270020
-15.359547 23.391117 1.474199 -0.019305 -0.016654 1.897148 1322.479980
-15.218733 23.237713 1.466529 0.005772 0.000026 1.865746 1322.699951
-15.075790 23.085794 1.458639 0.036171 -0.001875 1.832033 1322.930054
-14.924466 22.946026 1.451484 0.033690 0.005136 1.798360 1323.160034
-14.764439 22.819338 1.444986 0.036387 -0.002798 1.763842 1323.390015
-14.596076 22.701815 1.439070 0.016064 -0.011283 1.729503 1323.619995
-14.427257 22.585129 1.432838 -0.002617 -0.039670 1.695191 1323.849976
-14.266047 22.455660 1.425764 -0.015451 -0.042583 1.660957 1324.079956
-14.118474 22.311142 1.417638 -0.014332 -0.037315 1.627113 1324.310059
-13.984202 22.154711 1.408363 0.000559 -0.038568 1.593869 1324.540039
-13.858063 21.988983 1.399289 -0.009200 -0.016106 1.561489 1324.770020
-13.742333 21.822258 1.393635 -0.000883 -0.025202 1.529900 1325.000000
-13.633891 21.651880 1.393316 0.003208 -0.025566 1.498749 1325.229980
-13.530440 21.477470 1.398062 0.007037 -0.022438 1.468031 1325.459961
-13.430002 21.300411 1.407210 0.011011 -0.019938 1.437658 1325.689941
-13.332892 21.125416 1.417754 -0.033904 0.037396 1.407957 1325.920044
-13.235394 20.945356 1.429088 -0.068972 0.081421 1.371447 1326.219971
-13.105051 20.788719 1.437130 0.112150 -0.051456 1.317438 1327.140015
-12.944312 20.663633 1.434473 0.095078 -0.045329 1.301109 1327.469971
-12.782944 20.533777 1.430933 0.069077 -0.032807 1.286450 1327.709961
-12.622734 20.402695 1.427025 0.049629 -0.022599 1.270343 1327.920044
-12.461429 20.269535 1.422914 0.024798 -0.011425 1.252217 1328.119995
-12.299939 20.135336 1.418657 -0.002013 -0.008056 1.231513 1328.319946
-12.148231 20.003479 1.415929 -0.023952 -0.043281 1.209412 1328.520020
-12.006141 19.851076 1.416889 -0.032959 -0.074496 1.182954 1328.739990
-11.897923 19.680801 1.422355 -0.027647 -0.077543 1.153265 1328.959961
-11.821263 19.491581 1.431952 -0.012291 -0.066849 1.121282 1329.180054
-11.769504 19.296873 1.444033 -0.008665 -0.039037 1.089604 1329.390015
-11.731031 19.097874 1.457860 0.002709 -0.022316 1.057505 1329.599976
-11.698127 18.899729 1.472542 0.018477 -0.006229 1.025197 1329.810059
-11.658844 18.695930 1.485945 0.043068 0.022104 0.991361 1330.030029
-11.600256 18.499784 1.495199 0.050094 0.035481 0.957467 1330.250000
-11.517486 18.313892 1.499578 0.036359 0.036014 0.923491 1330.469971
-11.415457 18.139849 1.499226 0.038358 0.023845 0.889313 1330.689941
-11.299203 17.971958 1.495016 0.019946 -0.013473 0.854975 1330.910034
-11.186898 17.801380 1.488007 -0.008628 -0.072582 0.821902 1331.130005
-11.104500 17.618881 1.479051 -0.028944 -0.085083 0.789417 1331.349976
-11.061337 17.418173 1.468163 -0.026347 -0.075677 0.755600 1331.579956
-11.056868 17.211439 1.456646 -0.008794 -0.060817 0.722511 1331.810059
-11.077219 17.009340 1.445805 -0.006440 -0.030655 0.691755 1332.030029
-11.108646 16.810478 1.433786 0.012922 0.004102 0.661606 1332.250000
-11.134270 16.608593 1.416137 0.044187 0.026149 0.630942 1332.479980
-11.136422 16.408434 1.393006 0.036857 0.038001 0.600801 1332.709961
-11.109601 16.205362 1.372010 0.039907 0.049279 0.569133 1332.949951
-11.049609 16.009216 1.363003 0.041052 0.044687 0.536753 1333.189941
-10.964581 15.825644 1.367456 0.027167 0.031122 0.505491 1333.420044
-10.862700 15.646663 1.384340 0.032144 0.018251 0.473989 1333.650024
-10.750577 15.467186 1.410933 0.028070 -0.001646 0.442010 1333.880005
-10.645083 15.291606 1.438441 0.021646 -0.050289 0.411117 1334.099976
-10.561139 15.106772 1.462078 0.019650 -0.075847 0.380373 1334.319946
-10.509405 14.911511 1.478643 0.002109 -0.068093 0.349972 1334.540039
-10.488751 14.705204 1.488958 0.000126 -0.058095 0.318470 1334.770020
-10.496835 14.499828 1.496047 0.015890 -0.051635 0.287193 1335.000000
-10.525407 14.299925 1.502442 0.024766 -0.039190 0.257295 1335.219971
-10.565127 14.104031 1.509526 0.028958 -0.026342 0.228544 1335.430054
-10.611064 13.903584 1.517904 0.011870 -0.009209 0.199726 1335.640015
-10.659387 13.700983 1.526152 -0.063291 0.024014 0.169504 1335.859985
-10.708186 13.502912 1.533504 -0.108208 0.042571 0.133827 1336.140015
-10.506440 13.468153 1.522338 0.001287 0.114182 0.083999 1337.099976
-10.310185 13.518202 1.508572 0.006242 0.079948 0.093242 1337.339966
-10.111629 13.559570 1.495438 0.031510 0.027880 0.103065 1337.550049
-9.908274 13.586224 1.484837 0.075059 0.005489 0.111700 1337.760010
-9.699224 13.580024 1.478288 0.088260 -0.002035 0.117338 1337.979980
-9.496592 13.533765 1.476661 0.079549 0.002123 0.118642 1338.199951
-9.307970 13.457724 1.479365 0.058385 0.005083 0.114149 1338.410034
-9.124429 13.361392 1.484828 0.022535 -0.009166 0.104532 1338.619995
-8.951415 13.260550 1.492071 -0.025616 0.007441 0.093186 1338.829956
-8.768240 13.168238 1.501556 -0.056951 0.041071 0.078886 1339.060059
-8.568779 13.108236 1.512179 -0.058249 0.052737 0.065280 1339.300049
-8.363402 13.085114 1.522242 -0.043822 0.049546 0.054251 1339.530029
-8.155867 13.086123 1.531257 -0.026345 0.024708 0.046121 1339.750000
-7.947076 13.099925 1.539386 -0.010884 0.015576 0.040657 1339.969971
-7.742408 13.118961 1.545400 -0.010689 0.009754 0.039694 1340.189941
-7.543000 13.142415 1.546061 -0.018849 0.021780 0.044291 1340.410034
-7.344277 13.173486 1.540561 -0.021203 0.031329 0.055207 1340.630005
-7.142341 13.213216 1.529086 -0.018095 0.030520 0.072420 1340.849976
-6.946605 13.257877 1.513651 -0.012296 0.022925 0.093993 1341.060059
-6.751565 13.306323 1.495423 -0.005928 0.011921 0.117860 1341.270020
-6.551741 13.357972 1.474586 0.001006 0.016150 0.141149 1341.489990
-6.345770 13.408419 1.455991 0.030479 0.015891 0.160488 1341.719971
-6.139753 13.442581 1.446158 0.050658 0.023788 0.172221 1341.949951
-5.938068 13.452202 1.446557 0.050348 0.025685 0.174734 1342.170044
-5.730734 13.440359 1.455888 0.040128 0.026276 0.168750 1342.390015
-5.529178 13.414248 1.470934 0.022788 0.008410 0.155593 1342.599976
-5.332070 13.381099 1.487571 -0.015305 0.001553 0.139572 1342.810059
-5.126625 13.355084 1.500215 -0.064783 0.015202 0.122310 1343.040039
-4.920302 13.362720 1.502693 -0.075010 0.014332 0.109601 1343.280029
-4.721474 13.410223 1.493741 -0.062771 0.017041 0.103186 1343.520020
-4.535599 13.486245 1.481200 -0.048697 0.028656 0.103871 1343.750000
-4.356367 13.579617 1.472681 -0.032270 0.028799 0.112260 1343.969971
-4.175550 13.684421 1.470297 -0.013454 0.013808 0.127553 1344.189941
-3.997441 13.791525 1.475054 -0.005692 0.021432 0.148313 1344.410034
-3.819560 13.897234 1.486436 -0.000003 0.015130 0.173848 1344.630005
-3.643498 13.998110 1.502115 0.027592 0.008693 0.200259 1344.849976
-3.461173 14.084554 1.520594 0.074979 0.019212 0.224886 1345.079956
-3.262788 14.134191 1.539958 0.088148 0.027294 0.242821 1345.319946
-3.058933 14.139277 1.557013 0.074128 0.028033 0.250322 1345.550049
-2.852709 14.113354 1.571168 0.046848 0.015530 0.248051 1345.770020
-2.656695 14.072114 1.581328 -0.001902 -0.052664 0.238460 1345.979980
-2.458307 14.018679 1.588758 -0.043667 -0.103054 0.224166 1346.239990
-2.661758 14.058322 1.578591 -0.047760 -0.097265 0.216280 1347.239990
-2.855891 14.106687 1.568963 -0.022644 -0.042273 0.229272 1347.430054
-3.058358 14.157906 1.560917 -0.020937 -0.004918 0.247848 1347.619995
-3.255908 14.213820 1.557361 -0.034178 0.014351 0.270349 1347.810059
-3.452752 14.283541 1.559639 -0.032998 0.024672 0.297123 1348.010010
-3.643742 14.369027 1.568187 -0.022271 0.027003 0.327975 1348.219971
-3.826250 14.468124 1.583294 -0.027522 0.010995 0.362915 1348.439941
-3.998094 14.575194 1.602780 -0.014839 0.011147 0.398958 1348.660034
-4.165587 14.692175 1.621883 -0.028566 0.037673 0.437617 1348.890015
-4.326025 14.836290 1.634585 -0.043698 0.049976 0.480126 1349.140015
-4.452940 14.991782 1.636962 -0.030755 0.042288 0.519214 1349.369995
-4.562996 15.163381 1.630716 -0.035073 0.030030 0.557732 1349.599976
-4.659044 15.339359 1.618371 -0.022102 0.015437 0.593705 1349.819946
-4.750191 15.519428 1.601854 -0.019377 0.000714 0.628418 1350.040039
-4.843102 15.696440 1.584341 -0.017037 -0.052298 0.662123 1350.260010
-4.960547 15.862788 1.568938 -0.016677 -0.092335 0.696120 1350.489990
-5.112051 15.997658 1.557886 -0.018432 -0.092970 0.729094 1350.719971
-5.287897 16.097370 1.551491 -0.020905 -0.073237 0.759993 1350.939941
-5.476048 16.172146 1.548658 -0.002138 -0.039570 0.788873 1351.150024
-5.676920 16.235209 1.546594 0.002017 -0.003353 0.819107 1351.369995
-5.869108 16.293381 1.542202 -0.019097 0.015256 0.848541 1351.589966
-6.062279 16.362513 1.533151 -0.039848 0.018582 0.879003 1351.819946
-6.245751 16.443045 1.519682 -0.041072 0.015150 0.908398 1352.040039
-6.430347 16.536371 1.502318 -0.022938 0.012074 0.937994 1352.260010
-6.610312 16.636703 1.485173 -0.006505 0.030459 0.967729 1352.479980
-6.783526 16.750925 1.472366 -0.014877 0.046729 0.999261 1352.709961
-6.940509 16.881601 1.466954 -0.009263 0.040650 1.030996 1352.939941
-7.083166 17.026134 1.468861 -0.019380 0.033883 1.062845 1353.170044
-7.224274 17.189915 1.477744 -0.030653 0.026091 1.096560 1353.410034
-7.353849 17.350187 1.490443 -0.033832 0.018686 1.127966 1353.630005
-7.480296 17.508350 1.503944 -0.017204 0.004984 1.158291 1353.839966
-7.606922 17.664532 1.514577 -0.018717 0.004169 1.188332 1354.050049
-7.740056 17.824940 1.520288 -0.016890 0.003259 1.219960 1354.270020
-7.873051 17.981203 1.519974 -0.011209 0.001508 1.251466 1354.489990
-8.004351 18.132343 1.513975 -0.021552 0.011263 1.282715 1354.709961
-8.136921 18.283392 1.503444 -0.029733 0.018898 1.314007 1354.930054
-8.273492 18.438280 1.489832 -0.028493 0.019571 1.345602 1355.150024
-8.407133 18.589361 1.475314 -0.011133 0.007194 1.375996 1355.359985
-8.544701 18.744289 1.460811 -0.001304 0.001482 1.407348 1355.579956
-8.682273 18.899498 1.448058 -0.013015 0.014004 1.439750 1355.810059
-8.817174 19.053007 1.438733 -0.009717 0.010003 1.471920 1356.040039
-8.950048 19.204884 1.432695 -0.018199 0.019190 1.503590 1356.270020
-9.084172 19.358671 1.429399 -0.011631 0.011578 1.535249 1356.500000
-9.219662 19.513531 1.427554 0.042650 -0.050774 1.565225 1356.739990
-9.354587 19.666300 1.425904 0.068106 -0.080473 1.598563 1357.069946
-9.527392 19.767340 1.430935 -0.106393 0.049400 1.651192 1357.969971
-9.723714 19.832308 1.437992 -0.089541 0.047981 1.670053 1358.290039
-9.920700 19.902018 1.442955 -0.047061 0.027650 1.688580 1358.530029
-10.108593 19.970474 1.447178 -0.029734 0.015122 1.706457 1358.739990
-10.301193 20.039318 1.454434 -0.030903 -0.014763 1.726827 1358.949951
-10.496749 20.096910 1.467954 -0.037016 -0.034238 1.749647 1359.160034
-10.694556 20.134987 1.487637 -0.019845 -0.040603 1.774499 1359.369995
-10.897759 20.153269 1.514138 -0.019678 -0.029499 1.802238 1359.589966
-11.104897 20.156616 1.540339 -0.008007 0.012152 1.833197 1359.819946
-11.306810 20.164116 1.554171 -0.001818 0.050836 1.866295 1360.050049
-11.504982 20.193012 1.551787 0.008774 0.051502 1.900558 1360.280029
-11.697927 20.245579 1.532928 -0.000129 0.052183 1.935522 1360.510010
-11.889615 20.318930 1.500737 -0.000718 0.043128 1.970878 1360.739990
-12.070489 20.405134 1.466517 0.031615 0.046627 2.004711 1360.959961
-12.238647 20.512770 1.437570 0.048542 0.056430 2.038339 1361.180054
-12.390141 20.648146 1.417961 0.045604 0.053983 2.070466 1361.400024
-12.521335 20.801188 1.408722 0.034020 0.046583 2.099113 1361.609985
-12.643504 20.971300 1.407847 0.020358 0.036356 2.125580 1361.819946
-12.754808 21.141891 1.412839 -0.003156 0.013289 2.149109 1362.020020
-12.871623 21.315079 1.420930 -0.067299 -0.013655 2.173650 1362.229980
-13.009208 21.466013 1.429648 -0.104513 -0.024119 2.200207 1362.449951
-13.178250 21.576658 1.436388 -0.093107 -0.030010 2.228542 1362.680054
-13.375615 21.643835 1.439901 -0.076030 -0.008015 2.256012 1362.920044
-13.580728 21.676538 1.440523 -0.031002 0.000920 2.283420 1363.150024
-13.804346 21.702875 1.440186 0.052657 0.037730 2.309379 1363.400024
-14.000473 21.759466 1.441216 0.089363 0.048083 2.326007 1363.640015
-14.174743 21.869118 1.443768 0.082602 0.038291 2.334041 1363.890015
-14.314670 22.016182 1.447817 0.051742 0.040960 2.339558 1364.130005
-14.438049 22.179800 1.453049 -0.044234 0.012235 2.343960 1364.359985
-14.580844 22.330177 1.461455 -0.111399 -0.011228 2.353813 1364.599976
-14.759829 22.429510 1.472054 -0.107105 -0.026694 2.368814 1364.849976
-14.963042 22.467508 1.483815 -0.090187 -0.009334 2.384951 1365.099976
-15.167107 22.462345 1.495091 -0.040654 -0.010208 2.404695 1365.329956
-15.370715 22.441727 1.504414 0.046763 0.025478 2.424223 1365.560059
-15.574456 22.449480 1.510896 0.094472 0.060441 2.441701 1365.810059
-15.763936 22.522856 1.512168 0.088528 0.050482 2.447859 1366.069946
-15.925824 22.649818 1.508487 0.060966 0.047194 2.445392 1366.319946
-16.062071 22.798162 1.501732 0.026878 -0.028375 2.433030 1366.550049
-16.187189 22.961712 1.492669 -0.005627 -0.097671 2.416168 1366.819946
-16.288311 23.134554 1.481016 0.009787 0.061173 2.370442 1367.589966
-16.397331 23.302584 1.531409 0.016289 0.110317 2.344815 1368.140015
-16.520668 23.480473 1.574541 0.011892 0.087544 2.326294 1368.420044
-16.634022 23.642790 1.610980 0.007631 0.060134 2.309193 1368.630005
-16.750854 23.809952 1.647087 0.003999 0.035698 2.290444 1368.829956
-16.863989 23.971880 1.680439 0.000177 0.003684 2.271378 1369.020020
-16.979286 24.136499 1.708740 -0.004622 0.000908 2.252144 1369.219971
-17.096590 24.300825 1.725463 -0.006722 0.013546 2.234714 1369.430054
-17.218517 24.466404 1.727677 -0.003528 0.002272 2.220517 1369.650024
-17.356171 24.653715 1.714079 0.029552 0.012548 2.206510 1369.910034
-17.463360 24.823706 1.693515 0.047040 0.021585 2.194031 1370.140015
-17.552090 25.005283 1.669993 0.040905 0.011475 2.179370 1370.369995
-17.623133 25.194633 1.646073 0.033432 0.025047 2.163651 1370.599976
-17.683023 25.392616 1.624002 0.018924 0.014923 2.144682 1370.829956
-17.737745 25.600433 1.605434 0.011092 0.007671 2.122517 1371.069946
-17.784657 25.796455 1.595639 0.014550 0.024706 2.098889 1371.300049
-17.828655 25.995440 1.594476 0.011156 0.017563 2.072937 1371.530029
-17.870607 26.193985 1.599564 -0.029710 -0.000519 2.048620 1371.760010
-17.932106 26.386963 1.606016 -0.127244 -0.029777 2.030264 1372.010010
-18.069939 26.537628 1.607948 -0.135311 -0.045603 2.022407 1372.300049
-18.263336 26.599960 1.601148 -0.108677 -0.028398 2.024110 1372.569946
-18.465160 26.609640 1.589605 -0.078579 -0.007139 2.034872 1372.800049
-18.669634 26.599195 1.575878 -0.048777 0.003430 2.052593 1373.010010
-18.872879 26.581146 1.561749 -0.032045 -0.005358 2.075335 1373.209961
-19.076841 26.556133 1.547999 -0.027140 -0.012706 2.102177 1373.410034
-19.277176 26.523106 1.535391 0.006001 -0.025027 2.132194 1373.609985
-19.476362 26.481375 1.523651 0.078201 -0.046852 2.165244 1373.829956
-19.672422 26.430573 1.511214 0.111353 -0.049042 2.210692 1374.150024
-19.569338 26.254063 1.526269 -0.018293 -0.117166 2.225015 1374.969971
-19.438646 26.100611 1.539862 -0.015989 -0.081489 2.206045 1375.209961
-19.313999 25.939144 1.553133 -0.010173 -0.039669 2.183685 1375.420044
-19.194483 25.776600 1.566565 -0.003211 -0.026727 2.161856 1375.619995
-19.076820 25.612534 1.579975 -0.024202 -0.003436 2.142021 1375.819946
-18.967812 25.441153 1.592698 -0.076857 0.015217 2.124823 1376.030029
-18.888872 25.249773 1.604111 -0.096943 0.019922 2.112203 1376.260010
-18.859531 25.043978 1.612551 -0.082964 0.014967 2.107899 1376.500000
-18.873343 24.841848 1.618270 -0.066820 -0.004370 2.113615 1376.729980
-18.911634 24.641136 1.621713 -0.037251 -0.017983 2.126285 1376.949951
-18.956221 24.443586 1.621642 -0.014203 -0.036220 2.144940 1377.160034
-18.995892 24.240015 1.617537 0.000070 -0.042236 2.169098 1377.369995
-19.023033 24.041922 1.609912 0.005211 -0.039214 2.196603 1377.569946
-19.038809 23.841970 1.599122 0.003148 -0.033553 2.227606 1377.770020
-19.045225 23.632925 1.585455 0.011112 -0.012639 2.262708 1377.979980
-19.044340 23.432505 1.571078 0.011103 -0.002872 2.299184 1378.189941
-19.038399 23.225485 1.557690 -0.005166 -0.015307 2.339604 1378.420044
-19.029139 23.022383 1.548943 -0.018544 -0.026348 2.380245 1378.650024
-19.017181 22.814434 1.545344 -0.023050 -0.027759 2.420408 1378.880005
-19.003693 22.608788 1.545917 -0.018930 -0.020831 2.457945 1379.099976
-18.987862 22.402615 1.549143 0.026816 -0.018400 2.493704 1379.319946
-18.956182 22.201828 1.553685 0.051698 -0.051403 2.528879 1379.550049
-18.887844 22.010660 1.558354 0.053112 -0.053689 2.565889 1379.790039
-18.782948 21.837463 1.562212 0.034730 -0.050766 2.601789 1380.030029
-18.656084 21.682266 1.565193 0.011809 -0.047902 2.634943 1380.260010
-18.513638 21.529388 1.565595 -0.021080 -0.015160 2.667189 1380.489990
-18.381828 21.378431 1.560107 -0.058352 0.004929 2.696662 1380.709961
-18.269264 21.212927 1.547562 -0.068641 0.011573 2.725657 1380.930054
-18.179302 21.029589 1.528094 -0.064149 0.007684 2.755139 1381.150024
-18.110992 20.839676 1.504358 -0.040622 0.008373 2.783095 1381.359985
-18.055614 20.644537 1.478835 -0.016123 0.016613 2.810832 1381.569946
-18.009842 20.444387 1.453316 -0.024785 0.010591 2.840501 1381.790039
-17.974352 20.245031 1.430716 -0.028513 0.001942 2.870543 1382.010010
-17.943966 20.044907 1.413683 0.003370 -0.025705 2.900487 1382.229980
-17.900349 19.844730 1.406208 0.023198 -0.067140 2.931075 1382.459961
-17.824057 19.659376 1.410599 0.022432 -0.080803 2.962541 1382.689941
-17.709753 19.487846 1.425304 0.012699 -0.071319 2.995149 1382.920044
-17.571581 19.333534 1.446550 0.008225 -0.045088 3.026680 1383.140015
-17.426439 19.194313 1.468810 -0.007814 -0.006062 3.056973 1383.349976
-17.279587 19.050873 1.487122 -0.044781 0.029563 3.088031 1383.569946
-17.148561 18.888491 1.496313 -0.061095 0.042413 3.120536 1383.800049
-17.049196 18.713743 1.494225 -0.062197 0.036470 -3.130568 1384.020020
-16.970913 18.520021 1.482753 -0.031189 0.027924 -3.098418 1384.239990
-16.909521 18.324060 1.465897 0.058894 0.030190 -3.067917 1384.459961
-16.858883 18.127527 1.443550 0.111300 0.026297 -3.033237 1384.739990
-16.856750 17.927864 1.431967 -0.116861 0.025655 -2.971098 1385.630005
-16.878954 17.726913 1.467720 -0.105321 0.018984 -2.951117 1385.989990
-16.892223 17.527674 1.500522 -0.080031 0.014386 -2.935171 1386.229980
-16.902636 17.325012 1.531142 -0.047020 0.023162 -2.919184 1386.439941
-16.917173 17.120794 1.557320 -0.016490 0.045973 -2.901293 1386.640015
-16.945929 16.915478 1.577736 0.001143 0.056273 -2.880033 1386.839966
-16.993523 16.714346 1.591295 0.007268 0.053548 -2.856151 1387.040039
-17.058865 16.519287 1.598379 0.006779 0.043141 -2.829952 1387.239990
-17.137138 16.331190 1.600157 0.013060 0.019709 -2.801997 1387.439941
-17.225178 16.144636 1.597960 0.010127 0.005542 -2.771054 1387.650024
-17.316992 15.961526 1.592776 -0.006376 0.004586 -2.737511 1387.869995
-17.408960 15.776256 1.586054 -0.021408 0.009355 -2.701699 1388.099976
-17.495352 15.590471 1.579482 -0.018989 0.003973 -2.665581 1388.329956
-17.575087 15.404344 1.573725 -0.023505 0.014871 -2.630066 1388.560059
-17.650599 15.215254 1.568907 -0.023244 0.008595 -2.594852 1388.790039
-17.719662 15.023134 1.563836 -0.038275 0.009296 -2.560506 1389.020020
-17.778618 14.823196 1.557676 -0.035190 0.004054 -2.526225 1389.250000
-17.824408 14.626830 1.550572 -0.028535 0.004604 -2.494201 1389.469971
-17.861715 14.428576 1.542292 -0.027446 0.015051 -2.462973 1389.689941
-17.894178 14.227227 1.533231 -0.020062 0.007236 -2.431837 1389.910034
-17.921225 14.026237 1.523391 -0.026831 0.001484 -2.401382 1390.130005
-17.939341 13.825615 1.512850 -0.030225 0.002101 -2.371116 1390.349976
-17.947704 13.624948 1.501816 -0.024702 0.001574 -2.341002 1390.569946
-17.947941 13.416348 1.489769 -0.025155 0.013592 -2.310104 1390.800049
-17.944536 13.215302 1.480303 -0.000926 0.028485 -2.280613 1391.020020
-17.949581 13.013700 1.476608 0.018565 0.048343 -2.250924 1391.239990
-17.974558 12.810475 1.479818 0.023930 0.051407 -2.221347 1391.459961
-18.018782 12.614758 1.488847 0.020467 0.045428 -2.193081 1391.670044
-18.079144 12.417953 1.502527 0.014671 0.029743 -2.164615 1391.880005
-18.148792 12.223888 1.518701 0.008359 0.009935 -2.136122 1392.089966
-18.220440 12.036664 1.535568 -0.007177 0.012753 -2.107257 1392.300049
-18.292049 11.843495 1.552578 -0.020251 0.021857 -2.076784 1392.520020
-18.356913 11.647210 1.567990 -0.023607 0.025941 -2.045861 1392.739990
-18.411964 11.454714 1.580881 -0.020943 0.028591 -2.015996 1392.949951
-18.461164 11.258622 1.591442 -0.008812 -0.014916 -1.985702 1393.160034
-18.505232 11.061822 1.599118 0.008890 -0.091850 -1.955286 1393.390015
-18.544544 10.863110 1.605403 0.021940 -0.168964 -1.917715 1393.760010
-18.473211 11.052213 1.620236 -0.004131 -0.147138 -1.909483 1394.380005
-18.404099 11.244605 1.625615 -0.002943 -0.083826 -1.923171 1394.589966
-18.332525 11.440082 1.631533 -0.000529 -0.034736 -1.941228 1394.780029
-18.263206 11.628284 1.638129 0.004031 -0.009731 -1.962497 1394.959961
-18.193203 11.822510 1.644291 0.013746 -0.001228 -1.988660 1395.150024
-18.127108 12.020500 1.648419 0.019282 -0.002549 -2.019491 1395.349976
-18.070185 12.212513 1.649707 0.014192 0.007344 -2.052323 1395.550049
-18.017355 12.414597 1.647695 0.014223 -0.004941 -2.090539 1395.770020
-17.971670 12.611594 1.642569 0.012486 -0.017671 -2.129777 1395.989990
-17.928623 12.808180 1.632618 0.002797 -0.025512 -2.169197 1396.209961
-17.882444 13.005112 1.615212 -0.003303 -0.032384 -2.208396 1396.430054
-17.829233 13.201894 1.590607 -0.009715 -0.018456 -2.246799 1396.650024
-17.769817 13.393886 1.559289 -0.002975 -0.023537 -2.283894 1396.869995
-17.705402 13.583236 1.522748 0.000847 -0.019419 -2.319670 1397.089966
-17.637663 13.777087 1.486672 0.026117 0.026512 -2.355321 1397.319946
-17.590487 13.977602 1.461959 0.070488 0.051351 -2.391607 1397.569946
-17.597948 14.184684 1.457726 0.082031 0.045784 -2.428880 1397.829956
-17.655237 14.382689 1.471142 0.058708 0.019911 -2.463471 1398.069946
-17.729712 14.571379 1.490829 0.021720 -0.038160 -2.495106 1398.290039
-17.793556 14.768692 1.511577 -0.007508 -0.068231 -2.524646 1398.510010
-17.827826 14.970704 1.529244 -0.022566 -0.066781 -2.553617 1398.729980
-17.829700 15.171811 1.541774 -0.008562 -0.063789 -2.582540 1398.949951
-17.804903 15.374457 1.548766 0.002446 -0.048902 -2.611687 1399.170044
-17.762470 15.579391 1.551032 0.013464 -0.035470 -2.640943 1399.390015
-17.713186 15.777587 1.549778 0.017396 -0.022249 -2.669070 1399.599976
-17.661251 15.976321 1.546209 0.010445 -0.006786 -2.697338 1399.810059
-17.610920 16.171301 1.541320 0.017659 -0.005754 -2.726033 1400.020020
-17.561495 16.373840 1.535627 0.025423 -0.009530 -2.756560 1400.239990
-17.516985 16.568802 1.530267 0.016779 -0.008815 -2.785951 1400.449951
-17.469622 16.770548 1.525794 -0.020228 -0.038886 -2.816546 1400.670044
-17.401409 16.967667 1.523235 -0.039730 -0.069063 -2.848372 1400.900024
-17.299820 17.144571 1.522501 -0.045020 -0.057740 -2.881893 1401.130005
-17.169096 17.298853 1.523134 -0.025628 -0.054049 -2.914955 1401.359985
-17.015724 17.438622 1.524929 0.001652 -0.044369 -2.948031 1401.589966
-16.857384 17.570368 1.525890 0.039077 -0.007985 -2.979289 1401.810059
-16.705629 17.713434 1.524403 0.059759 0.018678 -3.009784 1402.030029
-16.573948 17.871950 1.519900 0.003398 0.055118 -3.039009 1402.250000
-16.463354 18.039320 1.512986 -0.067384 0.079610 -3.072104 1402.500000
-16.385447 18.223469 1.498805 0.025930 0.027129 -3.126939 1403.150024
-16.435263 18.422489 1.495029 0.128352 0.006161 3.122726 1403.739990
-16.462067 18.621355 1.493655 0.087496 0.001280 3.106789 1403.989990
-16.482777 18.820934 1.491548 0.048016 -0.000916 3.091623 1404.199951
-16.500359 19.021694 1.489254 0.034197 0.001023 3.075171 1404.400024
-16.516602 19.226274 1.486602 0.025715 0.002444 3.056268 1404.599976
-16.532146 19.431255 1.483555 0.016855 0.001647 3.034922 1404.800049
-16.546673 19.633371 1.480870 0.013277 -0.005013 3.011421 1405.000000
-16.558458 19.841003 1.479494 0.019669 -0.009157 2.984565 1405.209961
-16.564674 20.045971 1.479956 0.021730 -0.009525 2.955724 1405.420044
-16.565039 20.249474 1.482198 0.025676 -0.005865 2.925283 1405.630005
-16.560654 20.453081 1.486126 0.028053 -0.001032 2.893508 1405.839966
-16.553137 20.658203 1.491412 0.030454 0.004035 2.860677 1406.050049
-16.543987 20.865595 1.497123 0.022473 0.003620 2.827084 1406.260010
-16.533667 21.072731 1.501296 0.021533 0.001448 2.793190 1406.469971
-16.521374 21.278637 1.502373 0.022485 0.000841 2.759190 1406.680054
-16.506594 21.482386 1.500021 0.006743 -0.004202 2.725451 1406.890015
-16.488962 21.688517 1.493892 0.014798 0.001797 2.690784 1407.109985
-16.469969 21.890285 1.485047 0.013043 0.002785 2.656671 1407.329956
-16.449368 22.097065 1.473843 0.015645 0.006148 2.621925 1407.560059
-16.428583 22.301569 1.461313 0.027922 0.014222 2.588030 1407.790039
-16.408363 22.500490 1.449233 0.024572 0.008153 2.556068 1408.010010
-16.385963 22.701557 1.438528 0.032586 0.007398 2.524742 1408.229980
-16.359009 22.905834 1.429783 0.022857 0.001295 2.493537 1408.449951
-16.327703 23.108698 1.423010 0.007207 0.000712 2.463019 1408.670044
-16.295387 23.313984 1.419898 0.003916 0.024976 2.431496 1408.900024
-16.272579 23.517912 1.422121 0.002513 0.035235 2.400093 1409.130005
-16.262949 23.723396 1.429036 -0.000878 0.029575 2.368989 1409.359985
-16.264868 23.929033 1.439789 0.009323 0.033832 2.338003 1409.589966
-16.274439 24.128542 1.452435 0.004205 0.016910 2.308389 1409.810059
-16.286793 24.333910 1.466896 0.024151 -0.022704 2.278267 1410.040039
-16.279375 24.536001 1.483412 0.069998 -0.072237 2.245611 1410.280029
-16.212978 24.734087 1.501656 0.065217 -0.080867 2.210902 1410.540039
-16.091721 24.899626 1.518102 0.060985 -0.057558 2.179355 1410.790039
-15.942650 25.036539 1.531646 0.053730 -0.033359 2.150208 1411.020020
-15.777344 25.161289 1.542281 0.046963 -0.013859 2.121683 1411.239990
-15.607049 25.279593 1.549923 0.035470 -0.000821 2.093693 1411.449951
-15.440085 25.393518 1.555151 0.029496 0.007335 2.066348 1411.650024
-15.272336 25.509756 1.558614 0.009424 0.007364 2.038442 1411.849976
-15.104482 25.628725 1.560026 -0.066943 -0.009949 2.010503 1412.060059
-14.941408 25.745907 1.559012 -0.116743 -0.023466 1.979894 1412.319946
-14.765866 25.642160 1.552337 0.025972 -0.109149 1.908249 1413.520020
-14.687025 25.457577 1.552674 0.027324 -0.084715 1.895425 1413.780029
-14.597836 25.274361 1.552299 0.018841 -0.044993 1.882437 1414.000000
-14.502709 25.091242 1.551615 0.012809 -0.024479 1.866879 1414.209961
-14.403820 24.908409 1.553010 0.009070 -0.015548 1.848446 1414.420044
-14.303867 24.728588 1.558860 0.008666 -0.020399 1.827119 1414.630005
-14.203705 24.551142 1.569303 0.001573 -0.005344 1.803568 1414.839966
-14.101974 24.371235 1.584665 0.004482 -0.014335 1.776454 1415.060059
-14.002271 24.194696 1.603948 0.004038 -0.013085 1.747401 1415.280029
-13.899448 24.016176 1.623521 0.034747 0.031244 1.715708 1415.510010
-13.775420 23.852646 1.636836 0.085277 0.057745 1.680872 1415.760010
-13.609221 23.732281 1.638091 0.072433 0.056821 1.643224 1416.020020
-13.416456 23.659405 1.627755 0.068936 0.036226 1.605296 1416.270020
-13.214439 23.616396 1.610410 0.054681 0.015833 1.570117 1416.500000
-13.015121 23.586466 1.589996 0.042716 0.001634 1.538115 1416.709961
-12.817716 23.559629 1.568181 0.027516 -0.013682 1.507565 1416.910034
-12.619905 23.526953 1.545248 0.000541 -0.061389 1.477244 1417.109985
-12.424136 23.469637 1.520992 -0.019344 -0.093873 1.446270 1417.319946
-12.243275 23.373383 1.495857 -0.034605 -0.083194 1.413378 1417.540039
-12.085935 23.239754 1.470376 -0.017703 -0.069806 1.379592 1417.770020
-11.952659 23.080662 1.446583 -0.004123 -0.050427 1.346708 1418.000000
-11.839439 22.912779 1.428198 0.000562 -0.041142 1.316016 1418.219971
-11.736438 22.734533 1.415781 0.010533 -0.037525 1.285667 1418.439941
-11.643352 22.555914 1.409516 0.017414 -0.032053 1.256815 1418.650024
-11.552132 22.370897 1.407768 0.019435 -0.024261 1.227906 1418.859985
-11.461476 22.183050 1.409218 0.009418 -0.005449 1.198983 1419.069946
-11.366315 21.993610 1.413222 0.021322 0.052874 1.167970 1419.290039
-11.251411 21.825418 1.419597 0.043764 0.101870 1.135554 1419.520020
-11.094942 21.697886 1.427210 0.046580 0.102794 1.100307 1419.760010
-10.908341 21.618206 1.434201 0.034881 0.071955 1.065390 1419.989990
-10.709479 21.565722 1.439477 0.023053 -0.014312 1.031850 1420.209961
-10.514311 21.505556 1.443878 0.019912 -0.081385 0.999276 1420.430054
-10.334116 21.409212 1.447287 0.006349 -0.094804 0.966196 1420.660034
-10.180748 21.270206 1.449088 0.018181 -0.082490 0.932123 1420.900024
-10.059646 21.105032 1.449511 0.021438 -0.056784 0.899993 1421.130005
-9.955168 20.919348 1.450903 0.013068 -0.041658 0.868177 1421.359985
-9.868216 20.730890 1.456431 0.019831 -0.037259 0.837824 1421.579956
-9.794356 20.543434 1.465947 0.004631 -0.021345 0.809284 1421.790039
-9.725545 20.347376 1.479875 0.008033 -0.012959 0.779459 1422.010010
-9.661781 20.154615 1.495013 0.016880 -0.002411 0.749771 1422.229980
-9.596822 19.964931 1.507073 0.030785 0.003738 0.720003 1422.449951
-9.525382 19.776335 1.513979 0.020667 0.008276 0.690274 1422.670044
-9.448241 19.591494 1.515269 0.025817 0.006325 0.660293 1422.890015
-9.365619 19.408524 1.511549 0.023402 0.003224 0.630103 1423.109985
-9.277606 19.222486 1.503891 -0.052910 0.009576 0.599492 1423.339966
-9.189322 19.038540 1.492355 -0.106443 0.013762 0.564462 1423.630005
-9.096579 18.861038 1.486356 0.126355 0.001164 0.507227 1424.479980
-8.996967 18.685972 1.507924 0.117373 0.002077 0.487620 1424.829956
-8.898791 18.511808 1.527087 0.086896 0.002531 0.471868 1425.060059
-8.800166 18.335932 1.545449 0.057452 0.001778 0.455583 1425.260010
-8.701303 18.157949 1.561871 0.032720 -0.008992 0.437577 1425.449951
-8.604640 17.975943 1.574502 0.020784 -0.021126 0.417520 1425.640015
-8.515731 17.792601 1.582278 0.004972 -0.025445 0.395514 1425.829956
-8.434088 17.602982 1.584939 -0.006032 -0.023128 0.370517 1426.030029
-8.361558 17.411289 1.582040 0.007363 -0.015947 0.342361 1426.239990
-8.294250 17.215578 1.572814 0.012233 0.010508 0.311002 1426.459961
-8.213640 17.000584 1.553876 0.017213 0.040701 0.273518 1426.709961
-8.127252 16.819695 1.531239 0.002286 0.038887 0.239389 1426.930054
-8.022273 16.642555 1.502958 0.011579 0.038549 0.203262 1427.160034
-7.908784 16.480581 1.473130 0.015662 0.025968 0.168466 1427.380005
-7.789673 16.321445 1.448080 0.022978 -0.021767 0.134192 1427.599976
-7.680489 16.150320 1.436737 0.041354 -0.052913 0.098607 1427.829956
-7.601615 15.966140 1.442447 0.032651 -0.056294 0.064118 1428.060059
-7.554383 15.772354 1.463693 0.035174 -0.040638 0.030886 1428.290039
-7.528158 15.571152 1.493819 0.019888 0.015913 -0.001159 1428.520020
-7.495486 15.370412 1.522696 0.000185 0.072427 -0.034134 1428.750000
-7.430926 15.179265 1.544084 -0.018891 0.076229 -0.067293 1428.979980
-7.331362 15.003866 1.555535 -0.015308 0.070732 -0.100159 1429.209961
-7.201772 14.841621 1.557403 -0.008873 0.048248 -0.132669 1429.439941
-7.056878 14.688194 1.551956 0.026117 -0.017271 -0.164209 1429.670044
-6.924924 14.524433 1.542132 0.068445 -0.066691 -0.198816 1429.910034
-6.841283 14.342511 1.530390 0.063483 -0.075103 -0.232430 1430.150024
-6.809242 14.144868 1.518081 0.065201 -0.052729 -0.263947 1430.390015
-6.815217 13.941310 1.507065 0.041798 -0.029904 -0.294087 1430.619995
-6.839137 13.741586 1.499082 0.007646 0.013817 -0.323269 1430.839966
-6.857255 13.537229 1.497940 -0.009529 0.063566 -0.354838 1431.069946
-6.844097 13.337708 1.505164 -0.021484 0.067870 -0.386095 1431.300049
-6.792820 13.136946 1.520525 -0.014331 0.062652 -0.418390 1431.540039
-6.713640 12.948679 1.541550 -0.003058 0.053318 -0.449489 1431.770020
-6.617094 12.769604 1.565112 -0.026193 0.051287 -0.478980 1431.989990
-6.498763 12.599235 1.588832 -0.047562 0.051855 -0.507094 1432.209961
-6.363337 12.451780 1.609374 -0.049246 0.029472 -0.530700 1432.420044
-6.205276 12.316581 1.627695 -0.038591 0.023586 -0.553301 1432.640015
-6.036482 12.197385 1.642855 -0.023388 0.027813 -0.572574 1432.859985
-5.859605 12.086438 1.655722 -0.009947 0.032151 -0.587794 1433.079956
-5.685241 11.981959 1.666587 -0.001272 0.030691 -0.598495 1433.290039
-5.510214 11.877143 1.675706 0.004104 -0.027266 -0.605886 1433.500000
-5.334917 11.770970 1.682778 0.008283 -0.101593 -0.610915 1433.739990
-5.525751 11.851333 1.669085 0.014769 -0.098764 -0.636433 1434.760010
-5.711931 11.947483 1.656575 0.006464 -0.039568 -0.648915 1434.949951
-5.893103 12.041185 1.645232 0.004965 -0.018081 -0.663888 1435.130005
-6.072303 12.133256 1.634734 0.007917 -0.007830 -0.681469 1435.310059
-6.257236 12.225854 1.624857 0.013340 -0.002721 -0.702630 1435.500000
-6.447061 12.315876 1.616171 0.013457 0.002424 -0.727325 1435.699951
-6.630594 12.397264 1.609313 0.009510 0.007457 -0.753987 1435.900024
-6.823840 12.477414 1.603477 0.012219 -0.005585 -0.785434 1436.119995
-7.012611 12.551291 1.599135 0.005121 -0.013160 -0.818298 1436.339966
-7.206039 12.628546 1.595132 -0.014438 -0.031038 -0.853622 1436.569946
-7.394186 12.717681 1.590681 -0.022995 -0.037954 -0.889929 1436.800049
-7.567227 12.818344 1.585358 -0.023408 -0.025880 -0.925190 1437.020020
-7.738369 12.935673 1.578458 -0.009438 -0.034469 -0.961340 1437.250000
-7.897831 13.057130 1.570865 -0.006724 -0.016358 -0.994992 1437.469971
-8.056842 13.187056 1.561086 -0.029007 -0.011299 -1.025637 1437.699951
-8.204189 13.329580 1.546467 -0.052199 -0.032963 -1.048876 1437.939941
-8.327935 13.491761 1.526931 -0.048493 -0.025816 -1.063551 1438.180054
-8.429520 13.671295 1.502963 -0.036415 -0.034112 -1.066525 1438.420044
-8.513616 13.858026 1.476486 -0.021510 -0.037451 -1.059591 1438.650024
-8.589900 14.047507 1.451144 0.004769 -0.035123 -1.047596 1438.869995
-8.668483 14.231572 1.434312 0.033779 -0.031460 -1.034717 1439.079956
-8.762072 14.411092 1.428445 0.043225 -0.019541 -1.022684 1439.290039
-8.871097 14.579594 1.433325 0.038751 -0.009323 -1.011901 1439.500000
-8.996681 14.742479 1.446518 0.012664 -0.017220 -1.001099 1439.719971
-9.124714 14.900774 1.459630 -0.026241 -0.024635 -0.988835 1439.939941
-9.242950 15.066165 1.467217 -0.041534 -0.016661 -0.975192 1440.160034
-9.344456 15.240259 1.466807 -0.042064 -0.014624 -0.958937 1440.380005
-9.429386 15.422121 1.457765 -0.035687 -0.021022 -0.939441 1440.599976
-9.502337 15.610172 1.442927 -0.002199 -0.002709 -0.918903 1440.819946
-9.576324 15.798852 1.429490 0.047562 -0.018013 -0.898841 1441.050049
-9.674653 15.977069 1.424534 0.066254 -0.032503 -0.882730 1441.290039
-9.804708 16.136047 1.427655 0.034876 -0.023959 -0.869510 1441.530029
-9.944795 16.278816 1.431739 -0.012105 -0.030677 -0.859403 1441.760010
-10.083631 16.429037 1.433070 -0.037312 -0.036144 -0.849108 1441.989990
-10.208059 16.588800 1.429871 -0.042160 -0.035595 -0.837769 1442.209961
-10.317824 16.756641 1.422320 -0.034220 -0.023816 -0.824981 1442.420044
-10.418310 16.933477 1.412049 -0.029309 -0.010005 -0.809545 1442.630005
-10.508144 17.113760 1.401282 -0.029470 -0.012820 -0.790746 1442.839966
-10.588452 17.297052 1.391512 -0.019010 -0.004428 -0.769588 1443.050049
-10.664096 17.487839 1.383221 -0.011256 -0.003783 -0.744749 1443.270020
-10.737119 17.682013 1.377198 0.001808 -0.012269 -0.716587 1443.500000
-10.811632 17.870005 1.374173 0.003797 -0.033009 -0.686300 1443.729980
-10.895251 18.055607 1.373722 0.008267 -0.027239 -0.654307 1443.959961
-10.988143 18.237476 1.375036 -0.000098 -0.032607 -0.621181 1444.189941
-11.088623 18.417629 1.377021 0.013513 0.004456 -0.587524 1444.420044
-11.192337 18.592377 1.378637 0.045450 0.075030 -0.550894 1444.670044
-11.298953 18.761745 1.380947 0.051899 0.076922 -0.504702 1445.119995
-11.499570 18.784775 1.408888 0.033301 -0.103776 -0.523498 1445.859985
-11.704503 18.806702 1.433854 0.026609 -0.086081 -0.550524 1446.140015
-11.903090 18.834755 1.457025 0.020323 -0.062737 -0.578487 1446.359985
-12.100947 18.865919 1.479066 0.018744 -0.038788 -0.608032 1446.560059
-12.306216 18.898136 1.500463 0.023208 -0.019223 -0.640475 1446.760010
-12.513293 18.926382 1.520071 0.021261 -0.004176 -0.674717 1446.959961
-12.716822 18.948166 1.537100 0.012544 0.008299 -0.709880 1447.160034
-12.921705 18.964109 1.551367 0.003313 0.000564 -0.747495 1447.369995
-13.126547 18.980005 1.558405 -0.023732 -0.026420 -0.786510 1447.589966
-13.330841 19.012333 1.554369 -0.035411 -0.043792 -0.826890 1447.819946
-13.525611 19.069569 1.539090 -0.033177 -0.038894 -0.866994 1448.050049
-13.710953 19.149067 1.514169 -0.014312 -0.043890 -0.905449 1448.280029
-13.892627 19.245132 1.483003 -0.013519 -0.017534 -0.942551 1448.510010
-14.065013 19.349022 1.449361 -0.026665 -0.021706 -0.977258 1448.739990
-14.230609 19.469484 1.413201 -0.028561 -0.039256 -1.011822 1448.979980
-14.377618 19.601728 1.380361 -0.032533 -0.022333 -1.043462 1449.209961
-14.513501 19.753361 1.356367 -0.047172 -0.033159 -1.069128 1449.449951
-14.627869 19.924999 1.348807 -0.046189 -0.033196 -1.086196 1449.689941
-14.718213 20.107027 1.356433 -0.034192 -0.024429 -1.093329 1449.920044
-14.794114 20.299492 1.376669 -0.023197 -0.033278 -1.089847 1450.150024
-14.860139 20.492922 1.404516 -0.011639 -0.029224 -1.077954 1450.369995
-14.921322 20.682331 1.432882 -0.007659 -0.025467 -1.059380 1450.579956
-14.981934 20.873585 1.457805 -0.007538 -0.026639 -1.034782 1450.790039
-15.042350 21.065710 1.476674 -0.002080 -0.011223 -1.005672 1451.000000
-15.104587 21.262848 1.489042 -0.004709 -0.014753 -0.971331 1451.219971
-15.165794 21.456907 1.494650 -0.008053 -0.024160 -0.934460 1451.439941
-15.228806 21.650539 1.495434 0.034876 -0.024511 -0.898611 1451.660034
-15.312707 21.840662 1.493951 0.089973 -0.025164 -0.865936 1451.890015
-15.432968 22.001822 1.491774 0.095204 -0.014567 -0.839183 1452.119995
-15.587728 22.128813 1.489792 0.077717 -0.015848 -0.819659 1452.349976
-15.768456 22.228401 1.489108 0.046510 -0.022318 -0.804352 1452.579956
-15.954837 22.311827 1.490532 -0.012175 -0.029514 -0.791051 1452.800049
-16.137859 22.404047 1.495126 -0.052140 -0.035156 -0.777908 1453.020020
-16.306927 22.519600 1.502647 -0.062427 -0.038628 -0.763763 1453.239990
-16.453854 22.655024 1.511720 -0.054425 -0.037260 -0.748595 1453.449951
-16.589266 22.810652 1.521634 -0.026759 -0.019517 -0.732259 1453.660034
-16.717770 22.972269 1.530188 0.026499 -0.013100 -0.715897 1453.869995
-16.851143 23.122053 1.536400 0.059305 -0.018270 -0.702398 1454.079956
-17.006783 23.256716 1.539834 0.065320 -0.022889 -0.693486 1454.300049
-17.181355 23.368551 1.540042 0.054238 -0.025842 -0.691317 1454.520020
-17.361769 23.458656 1.537754 0.024503 0.012491 -0.694104 1454.729980
-17.549896 23.538542 1.533494 -0.015106 0.087584 -0.703915 1454.959961
-17.738676 23.607801 1.525591 -0.034959 0.107530 -0.726539 1455.300049
-17.938629 23.669542 1.538531 0.048224 -0.124665 -0.769919 1456.199951
-18.129416 23.744848 1.561711 0.038678 -0.095780 -0.787189 1456.489990
-18.317385 23.820673 1.581448 0.021425 -0.051139 -0.803058 1456.709961
-18.501932 23.895634 1.600413 0.016634 -0.033494 -0.820881 1456.910034
-18.691563 23.972311 1.619836 0.014619 -0.025966 -0.840899 1457.109985
-18.882475 24.049723 1.638611 -0.017825 -0.021357 -0.860528 1457.310059
-19.064373 24.134842 1.654856 -0.073323 -0.026312 -0.877270 1457.510010
-19.230701 24.246675 1.667973 -0.095343 -0.022843 -0.891229 1457.719971
-19.370134 24.391920 1.676634 -0.084817 -0.014431 -0.900044 1457.939941
-19.481037 24.567842 1.681049 -0.063807 -0.025918 -0.899324 1458.170044
-19.565456 24.755322 1.682184 -0.039225 -0.031528 -0.891030 1458.390015
-19.637033 24.946535 1.681663 -0.019221 -0.030742 -0.876334 1458.599976
-19.709591 25.153185 1.679105 -0.023007 -0.015467 -0.854304 1458.819946
-19.771841 25.352224 1.671462 -0.045032 0.009218 -0.828324 1459.030029
-19.815487 25.551519 1.657231 -0.049475 0.022099 -0.798578 1459.239990
-19.836855 25.758198 1.635779 -0.042155 0.023452 -0.764085 1459.459961
-19.836332 25.961382 1.608589 -0.037096 0.012715 -0.727036 1459.680054
-19.819809 26.168621 1.577920 0.027225 0.035141 -0.688413 1459.910034
-19.795156 26.368185 1.546504 0.085957 0.057993 -0.643965 1460.180054
-19.598478 26.331032 1.556069 0.004660 0.111679 -0.580985 1461.180054
-19.448095 26.189163 1.582534 -0.001335 0.077728 -0.595750 1461.420044
-19.293530 26.051888 1.608806 -0.003907 0.038322 -0.611841 1461.630005
-19.139303 25.919394 1.634403 -0.006872 0.023796 -0.626854 1461.829956
-18.982952 25.789827 1.655089 -0.015906 0.020034 -0.639215 1462.030029
-18.824238 25.666332 1.666969 -0.019988 0.017064 -0.647075 1462.229980
-18.656050 25.545471 1.669282 -0.017239 -0.000073 -0.649667 1462.439941
-18.482914 25.430307 1.660863 -0.012545 0.010250 -0.647226 1462.660034
-18.287958 25.308300 1.640670 -0.002966 0.019578 -0.638444 1462.910034
-18.117601 25.201742 1.617851 0.023945 0.026598 -0.628697 1463.130005
-17.952425 25.085165 1.594145 0.038135 0.025976 -0.620907 1463.349976
-17.796555 24.954338 1.572027 0.035175 0.012430 -0.617253 1463.569946
-17.652571 24.813040 1.552319 0.029232 0.020599 -0.617717 1463.790039
-17.516018 24.662535 1.535180 0.015746 0.025716 -0.623386 1464.010010
-17.380518 24.507408 1.520338 -0.014198 0.029881 -0.631285 1464.229980
-17.237265 24.356955 1.507390 -0.031809 0.027811 -0.637829 1464.449951
-17.083313 24.218422 1.495958 -0.033247 0.013626 -0.640970 1464.670044
-16.922359 24.094748 1.485271 -0.027087 0.022694 -0.640734 1464.890015
-16.753988 23.981236 1.474751 -0.018164 0.030411 -0.636184 1465.109985
-16.577967 23.872019 1.464139 -0.010048 0.034516 -0.630094 1465.329956
-16.403896 23.767902 1.453880 -0.000890 0.029070 -0.625415 1465.540039
-16.228395 23.661421 1.446705 0.020934 0.024094 -0.623766 1465.750000
-16.057995 23.546999 1.446050 0.034660 0.022513 -0.626614 1465.959961
-15.897318 23.421537 1.452273 0.032976 0.004205 -0.634884 1466.170044
-15.743805 23.282784 1.465393 0.026341 0.012303 -0.647790 1466.390015
-15.601692 23.138134 1.483278 0.028223 0.013622 -0.665904 1466.609985
-15.470242 22.986134 1.500049 0.044609 0.012957 -0.688815 1466.829956
-15.353346 22.822372 1.511806 0.047001 0.011424 -0.716203 1467.050049
-15.252336 22.647724 1.517061 0.036632 0.006929 -0.747055 1467.270020
-15.165133 22.467190 1.515686 0.023342 0.015114 -0.779617 1467.489990
-15.084234 22.283522 1.509822 -0.003437 0.029625 -0.812449 1467.709961
-14.997405 22.100252 1.501997 -0.021438 0.038247 -0.843310 1467.930054
-14.896413 21.919600 1.493845 -0.026005 0.038956 -0.870455 1468.150024
-14.785722 21.750168 1.486590 -0.022704 0.034584 -0.892116 1468.359985
-14.663869 21.583611 1.480474 -0.014690 0.023348 -0.909709 1468.569946
-14.537162 21.420834 1.475774 0.002269 0.014814 -0.924646 1468.780029
-14.413202 21.260181 1.472961 0.014915 0.019632 -0.938611 1468.989990
-14.295763 21.097942 1.471946 0.017836 0.007252 -0.952762 1469.199951
-14.182933 20.928486 1.472048 0.016042 0.014141 -0.967574 1469.420044
-14.078096 20.757919 1.473422 0.012011 0.028717 -0.983094 1469.640015
-13.975989 20.582071 1.475687 0.007460 0.035524 -0.998933 1469.859985
-13.873240 20.399677 1.478417 0.003243 0.033839 -1.013950 1470.079956
-13.774823 20.223202 1.480538 -0.000358 -0.029019 -1.026795 1470.290039
-13.676559 20.046331 1.481786 -0.002157 -0.101501 -1.038952 1470.530029
-13.579556 19.870653 1.482334 0.006829 -0.075229 -1.055972 1471.010010
-13.576440 19.668009 1.483958 0.046445 0.106643 -1.085129 1471.750000
-13.570953 19.465059 1.487158 0.032908 0.088568 -1.106960 1472.020020
-13.561593 19.260069 1.489769 0.020518 0.063662 -1.126392 1472.239990
-13.549960 19.055836 1.492023 0.011339 0.041894 -1.141804 1472.439941
-13.536146 18.855532 1.494324 -0.022803 0.023766 -1.152594 1472.630005
-13.509963 18.649683 1.498047 -0.075356 0.013307 -1.158148 1472.829956
-13.453786 18.450916 1.503740 -0.095366 0.002760 -1.156461 1473.040039
-13.358796 18.269135 1.511134 -0.083934 -0.004990 -1.147551 1473.260010
-13.227850 18.107536 1.520136 -0.059373 0.003251 -1.132361 1473.489990
-13.076276 17.965345 1.524503 -0.028835 0.018190 -1.110686 1473.719971
-12.922615 17.835117 1.518609 -0.007120 0.030444 -1.084456 1473.939941
-12.767940 17.702122 1.502165 0.007750 0.018128 -1.054070 1474.160034
-12.619178 17.566288 1.475490 0.011600 0.026582 -1.020535 1474.380005
-12.476266 17.424921 1.440876 0.010177 0.014496 -0.985190 1474.599976
-12.340269 17.282360 1.405297 0.000772 0.008705 -0.948875 1474.819946
-12.202717 17.136681 1.373721 -0.009113 0.024904 -0.910347 1475.050049
-12.062452 16.992817 1.351200 -0.011532 0.017607 -0.872112 1475.280029
-11.918826 16.852715 1.337753 -0.010455 0.025796 -0.835747 1475.510010
-11.769842 16.713654 1.332193 -0.007958 0.038282 -0.802297 1475.739990
-11.619749 16.577517 1.332420 -0.004279 0.038788 -0.775671 1475.959961
-11.471196 16.443066 1.336587 0.025772 0.029130 -0.757555 1476.170044
-11.328614 16.298466 1.345131 0.064375 0.017130 -0.748668 1476.380005
-11.205760 16.136955 1.357398 0.069129 -0.004686 -0.750148 1476.589966
-11.105663 15.954376 1.372820 0.058500 -0.008615 -0.759497 1476.810059
-11.031879 15.763710 1.390373 0.045913 0.005038 -0.776133 1477.030029
-10.975670 15.567255 1.409133 0.023915 0.000515 -0.799553 1477.250000
-10.926300 15.365574 1.428456 -0.051439 0.001131 -0.825167 1477.479980
-10.852096 15.179069 1.447375 -0.142717 0.002168 -0.848730 1477.729980
-10.702980 15.045629 1.463256 -0.137138 -0.008878 -0.862357 1478.010010
-10.506787 14.991922 1.472909 -0.104461 0.001319 -0.866402 1478.270020
-10.300417 14.983450 1.478970 -0.061550 0.007352 -0.860106 1478.500000
-10.097938 14.991953 1.484304 -0.033829 0.018949 -0.847299 1478.709961
-9.889250 15.003898 1.490362 -0.010659 0.019364 -0.827783 1478.920044
-9.681704 15.012567 1.496995 0.003468 0.016093 -0.803064 1479.130005
-9.479766 15.015024 1.504344 -0.001791 0.025880 -0.774061 1479.339966
-9.279737 15.010515 1.512419 -0.006763 0.023276 -0.741678 1479.550049
-9.080025 15.002075 1.519666 -0.020578 0.016234 -0.706835 1479.760010
-8.879427 14.995982 1.524728 -0.029203 0.010742 -0.670160 1479.969971
-8.677259 14.996733 1.527069 -0.032987 0.011685 -0.634071 1480.180054
-8.473043 15.005502 1.526849 -0.022850 0.008296 -0.601873 1480.390015
-8.271074 15.017842 1.523713 0.033530 0.015757 -0.576341 1480.599976
-8.062743 15.012466 1.516415 0.081332 0.040809 -0.557352 1480.829956
-7.862631 14.961454 1.504921 0.085622 0.031253 -0.552263 1481.069946
-7.682142 14.864715 1.489859 0.065202 0.034440 -0.557294 1481.310059
-7.522407 14.740075 1.473485 0.036640 -0.000246 -0.572519 1481.540039
-7.377534 14.602329 1.457212 0.005613 -0.079161 -0.594328 1481.780029
-7.244653 14.453491 1.438766 -0.018127 -0.105608 -0.628227 1482.140015
-7.085604 14.475804 1.314582 -0.113069 0.055860 -0.643650 1483.010010
-6.929135 14.566324 1.211514 -0.075237 0.047664 -0.616388 1483.280029
-6.767551 14.653371 1.112376 -0.035000 0.030009 -0.586386 1483.500000
-6.609384 14.734135 1.014808 -0.019577 0.025032 -0.555447 1483.699951
-6.446798 14.812560 0.914052 -0.003411 0.012480 -0.521380 1483.900024
-6.286476 14.886329 0.813632 0.001470 0.006836 -0.485468 1484.099976
-6.123448 14.958493 0.709399 -0.007482 0.013469 -0.446400 1484.310059
-5.954172 15.030630 0.612418 -0.015964 0.023779 -0.404895 1484.530029
-5.780454 15.101515 0.538135 -0.021384 0.031196 -0.363510 1484.750000
-5.599427 15.172580 0.489190 -0.013583 0.021040 -0.322756 1484.969971
-5.406926 15.246322 0.462366 -0.015358 0.025601 -0.281876 1485.199951
-5.218460 15.316853 0.454857 -0.017779 0.031473 -0.244240 1485.420044
-5.023466 15.388257 0.459056 -0.014432 0.026689 -0.207899 1485.640015
-4.834278 15.456637 0.468740 -0.007358 0.014760 -0.174755 1485.849976
-4.637892 15.527082 0.480895 -0.010018 0.022024 -0.141671 1486.069946
-4.441665 15.596858 0.492554 -0.005647 0.012070 -0.109722 1486.290039
-4.248765 15.665282 0.501921 -0.006119 0.014339 -0.079093 1486.510010
-4.058608 15.732615 0.508577 -0.010719 0.027192 -0.049394 1486.729980
-3.865744 15.800757 0.512579 -0.012094 0.030462 -0.021924 1486.949951
-3.668794 15.870522 0.514429 -0.003357 0.020830 0.001126 1487.170044
-3.471488 15.937432 0.514649 0.023904 0.022460 0.018873 1487.390015
-3.273513 15.990705 0.513868 0.037686 0.029697 0.031257 1487.609985
-3.071479 16.024820 0.512535 0.036345 0.032500 0.037698 1487.829956
-2.864021 16.041231 0.511127 0.027001 0.036989 0.037394 1488.050049
-2.660030 16.044847 0.510060 0.020562 0.033320 0.030564 1488.260010
-2.451694 16.039896 0.509338 0.018071 0.028989 0.018741 1488.469971
-2.251188 16.028553 0.509027 0.013762 0.016468 0.003912 1488.670044
-2.043943 16.011641 0.508927 0.008127 0.003869 -0.013670 1488.880005
-1.844283 15.992021 0.508587 0.004239 0.018466 -0.031584 1489.089966
-1.638401 15.970313 0.508332 0.001427 0.010280 -0.049491 1489.310059
-1.438295 15.949075 0.507925 -0.011234 -0.000199 -0.064130 1489.530029
-1.238428 15.934355 0.507637 -0.039228 0.015001 -0.073854 1489.760010
-1.031942 15.939497 0.507676 -0.049062 0.026800 -0.075747 1490.000000
-0.829289 15.967831 0.507956 -0.044208 0.034424 -0.068997 1490.229980
-0.628357 16.013086 0.508332 -0.030083 0.025004 -0.054479 1490.449951
-0.428611 16.068605 0.507926 0.001537 -0.050350 -0.033861 1490.670044
-0.236135 16.129900 0.506460 0.029230 -0.105945 -0.008339 1490.930054
-0.439515 16.145117 0.511951 -0.035747 -0.100410 0.446651 1492.719971
-0.646439 16.137703 0.512528 -0.010228 -0.071917 0.434102 1492.959961
-0.850360 16.121387 0.526606 0.035002 -0.040764 0.415075 1493.170044
-1.045621 16.087242 0.558722 0.059096 -0.020582 0.391264 1493.369995
-1.230831 16.029840 0.610645 0.062417 -0.012450 0.361940 1493.569946
-1.403141 15.950280 0.680187 0.051244 -0.006160 0.328516 1493.770020
-1.562857 15.854625 0.762467 0.031392 0.006007 0.292494 1493.969971
-1.709646 15.751863 0.852514 0.016793 0.005560 0.254381 1494.170044
-1.852789 15.642499 0.953014 0.010490 -0.009243 0.213297 1494.380005
-1.991598 15.533304 1.056803 0.005325 -0.018249 0.173685 1494.589966
-2.130855 15.425691 1.161592 0.002398 -0.025551 0.139071 1494.800049
-2.274217 15.322179 1.262021 -0.032887 -0.038146 0.112324 1495.010010
-2.435581 15.231832 1.355114 -0.068429 -0.050655 0.094234 1495.229980
-2.613215 15.173431 1.431648 -0.069955 -0.037084 0.084700 1495.449951
-2.802271 15.147543 1.491960 -0.057577 -0.037317 0.086553 1495.670044
-3.000753 15.147256 1.539486 -0.039226 -0.036863 0.098239 1495.890015
-3.197685 15.163174 1.574218 -0.044757 -0.023562 0.117171 1496.099976
-3.397106 15.195753 1.597625 -0.058623 -0.011062 0.142562 1496.310059
-3.595070 15.249522 1.610231 -0.058174 -0.006210 0.173344 1496.520020
-3.790177 15.323635 1.614033 -0.047554 -0.005069 0.208302 1496.729980
-3.973094 15.408584 1.612026 -0.036781 -0.008115 0.244402 1496.930054
-4.153876 15.502421 1.606680 -0.026014 -0.010817 0.282159 1497.130005
-4.332995 15.600391 1.599821 -0.017131 -0.012197 0.320783 1497.329956
-4.509643 15.698298 1.592092 -0.001358 -0.003955 0.359321 1497.530029
-4.688686 15.796719 1.581912 -0.004238 -0.006150 0.399318 1497.739990
-4.870475 15.895514 1.568472 -0.008341 -0.008995 0.440062 1497.959961
-5.047936 15.990741 1.552566 -0.007058 -0.007552 0.479124 1498.180054
-5.229490 16.086988 1.533598 -0.021837 -0.014763 0.518292 1498.410034
-5.412499 16.183372 1.513326 -0.014253 -0.015384 0.555427 1498.640015
-5.597415 16.276461 1.495001 -0.010693 -0.034495 0.590781 1498.869995
-5.780947 16.356295 1.481387 -0.007109 -0.039924 0.623157 1499.089966
-5.971252 16.423996 1.471902 0.001647 -0.029347 0.654185 1499.310059
-6.163428 16.479845 1.466449 -0.014125 -0.030549 0.684265 1499.530029
-6.359393 16.528673 1.464266 -0.012283 -0.004865 0.713569 1499.750000
-6.559548 16.581881 1.464734 -0.032727 0.040541 0.743900 1499.979980
-6.746024 16.657391 1.467463 -0.051100 0.057854 0.774267 1500.209961
-6.919860 16.766714 1.471382 -0.052682 0.052197 0.805620 1500.439941
-7.078139 16.900419 1.475423 -0.039819 0.036780 0.836348 1500.660034
-7.223126 17.044451 1.479034 -0.014397 0.019799 0.865601 1500.869995
-7.361023 17.192808 1.482383 -0.018150 0.006397 0.894858 1501.079956
-7.496886 17.339855 1.484605 -0.021189 -0.029404 0.924436 1501.290039
-7.647623 17.481600 1.484992 -0.026445 -0.057342 0.955655 1501.510010
-7.813854 17.601683 1.483149 -0.007249 -0.056077 0.986556 1501.729980
-7.990031 17.697130 1.479230 -0.018914 -0.045144 1.017328 1501.949951
-8.174695 17.774300 1.473696 0.000905 -0.026372 1.047746 1502.170044
-8.368438 17.840626 1.466777 0.078843 -0.001035 1.080089 1502.410034
-8.561257 17.894514 1.463602 0.127995 0.020787 1.120751 1502.810059
-8.716537 18.026428 1.479415 -0.121968 0.046175 1.161653 1503.640015
-8.863434 18.170765 1.500302 -0.086222 0.031830 1.179545 1503.900024
-9.007476 18.310709 1.518586 -0.030510 0.018989 1.196461 1504.109985
-9.154519 18.457563 1.535333 -0.008659 0.032504 1.215055 1504.319946
-9.293657 18.611235 1.548571 0.002264 0.035309 1.236576 1504.530029
-9.420427 18.770622 1.557439 0.010690 0.025877 1.260396 1504.739990
-9.539187 18.939653 1.562309 -0.002721 0.029578 1.287883 1504.959961
-9.649537 19.112711 1.563594 -0.020463 0.000706 1.317459 1505.180054
-9.764128 19.277040 1.560890 -0.044007 -0.089303 1.350073 1505.400024
-9.921665 19.411274 1.552842 -0.057022 -0.134922 1.388619 1505.650024
-10.116529 19.467991 1.539359 -0.053079 -0.118781 1.425873 1505.900024
-10.322391 19.460182 1.523421 -0.037601 -0.079049 1.459709 1506.130005
-10.521375 19.420204 1.507658 -0.015842 -0.039927 1.491011 1506.339966
-10.718686 19.366554 1.493222 -0.005489 0.015196 1.522888 1506.550049
-10.918132 19.320477 1.483120 -0.014617 0.068596 1.556298 1506.770020
-11.121931 19.307570 1.479270 -0.006756 0.076834 1.590611 1507.000000
-11.328439 19.336071 1.481591 -0.010291 0.068818 1.625793 1507.239990
-11.522539 19.397573 1.484474 -0.013899 0.066633 1.659286 1507.469971
-11.707771 19.483643 1.482062 -0.013933 0.056275 1.691292 1507.689941
-11.884700 19.584845 1.472865 -0.015584 0.043214 1.721887 1507.900024
-12.053510 19.692272 1.457733 -0.014485 0.028882 1.751184 1508.099976
-12.221593 19.804409 1.437655 -0.002598 0.006967 1.780496 1508.300049
-12.390668 19.919645 1.415765 0.022746 0.000857 1.810609 1508.510010
-12.556766 20.043877 1.397280 0.029242 0.027556 1.843508 1508.739990
-12.709793 20.184645 1.387807 0.021674 0.043575 1.876765 1508.979980
-12.844472 20.337032 1.388967 0.009840 0.049429 1.908092 1509.209961
-12.969397 20.498510 1.397966 0.003884 0.032061 1.937779 1509.430054
-13.091742 20.666786 1.412107 -0.004542 0.012472 1.967186 1509.650024
-13.213392 20.828440 1.428190 -0.063412 -0.037853 1.997125 1509.869995
-13.361264 20.963490 1.444966 -0.112880 -0.073098 2.032145 1510.109985
-13.551460 21.032864 1.458757 -0.095966 -0.072620 2.068187 1510.369995
-13.755590 21.030296 1.467273 -0.082924 -0.041031 2.100182 1510.619995
-13.958130 20.987303 1.471933 -0.042297 -0.020383 2.130721 1510.849976
-14.154343 20.930113 1.472939 -0.003018 0.019178 2.160246 1511.069946
-14.356245 20.880342 1.469033 0.016583 0.063386 2.192142 1511.300049
-14.558284 20.862055 1.459661 0.027560 0.063100 2.223392 1511.530029
-14.758683 20.877783 1.445607 0.020813 0.059847 2.254431 1511.760010
-14.958904 20.923500 1.431128 0.026325 0.062875 2.285822 1511.989990
-15.150398 20.995306 1.420979 0.031588 0.049444 2.315317 1512.209961
-15.334501 21.088255 1.414522 0.038836 -0.029119 2.341269 1512.430054
-15.510127 21.194626 1.410576 0.038509 -0.099627 2.369022 1512.689941
-15.685845 21.290598 1.428504 -0.112283 0.036327 2.422733 1513.520020
-15.857251 21.196947 1.478317 -0.095488 0.052848 2.444508 1513.930054
-16.034899 21.110674 1.520361 -0.072560 0.046651 2.462725 1514.180054
-16.214890 21.028973 1.559696 -0.047524 0.034144 2.481190 1514.390015
-16.399887 20.947792 1.595933 -0.028563 -0.000209 2.501209 1514.589966
-16.583145 20.860987 1.623632 -0.033665 -0.041178 2.523173 1514.790039
-16.761227 20.754221 1.639271 -0.029886 -0.060387 2.548355 1515.000000
-16.917503 20.629349 1.640302 -0.018849 -0.057684 2.575026 1515.209961
-17.057146 20.484093 1.627446 -0.027611 -0.039241 2.604496 1515.430054
-17.180161 20.327280 1.604229 -0.012752 -0.022905 2.635339 1515.650024
-17.296589 20.161377 1.573376 0.000943 0.018817 2.668974 1515.880005
-17.420938 20.002377 1.538450 0.001907 0.067359 2.705192 1516.119995
-17.568893 19.868166 1.504255 0.008767 0.067157 2.741307 1516.359985
-17.741308 19.759417 1.472423 0.000141 0.060804 2.777281 1516.599976
-17.926714 19.672125 1.445142 -0.011921 0.049215 2.811851 1516.829956
-18.118650 19.595346 1.426721 -0.021590 0.031417 2.845068 1517.050049
-18.308870 19.521032 1.419436 -0.024349 0.016792 2.876880 1517.260010
-18.499022 19.442642 1.421985 -0.016883 0.001110 2.908411 1517.469971
-18.682875 19.360933 1.433093 -0.019569 0.006625 2.939068 1517.680054
-18.870274 19.271641 1.451761 -0.011157 -0.002330 2.970906 1517.900024
-19.047205 19.180172 1.474092 -0.028514 -0.033320 3.001758 1518.119995
-19.215702 19.067358 1.499253 -0.065886 -0.037625 3.034615 1518.359985
-19.358501 18.924086 1.523045 -0.072321 -0.027679 3.066899 1518.599976
-19.476576 18.756659 1.543573 -0.062170 -0.011945 3.097630 1518.829956
-19.578407 18.576580 1.560291 -0.011834 -0.018767 3.127853 1519.050049
-19.669266 18.393963 1.572807 0.070064 -0.048680 -3.126983 1519.280029
-19.751917 18.208838 1.583134 0.125001 -0.064988 -3.093819 1519.619995
-19.622091 18.050695 1.574281 -0.097285 -0.089488 -3.041013 1520.510010
-19.459980 17.927275 1.566028 -0.075613 -0.060058 -3.027704 1520.770020
-19.303740 17.800880 1.558212 -0.040183 -0.026278 -3.014647 1520.979980
-19.149141 17.670914 1.551248 -0.031730 -0.000564 -2.998555 1521.180054
-18.999962 17.534164 1.546967 -0.042723 0.032385 -2.979854 1521.380005
-18.860758 17.378092 1.546682 -0.047177 0.047438 -2.957095 1521.589966
-18.744036 17.206573 1.550558 -0.043885 0.044400 -2.931107 1521.800049
-18.647362 17.021320 1.558011 -0.038267 0.032558 -2.902447 1522.010010
-18.568964 16.836407 1.567682 -0.011456 0.020571 -2.873636 1522.209961
-18.497625 16.643848 1.577645 -0.004460 0.019133 -2.842187 1522.420044
-18.434294 16.447174 1.583068 -0.015723 0.025402 -2.807979 1522.640015
-18.380367 16.241062 1.580204 -0.023630 0.024229 -2.771340 1522.869995
-18.338064 16.040852 1.570088 -0.015209 0.016205 -2.735966 1523.089966
-18.301971 15.840870 1.556583 -0.020670 0.013266 -2.700733 1523.310059
-18.269211 15.639970 1.542813 -0.020406 0.008966 -2.665652 1523.530029
-18.237602 15.439317 1.530423 -0.015132 0.004706 -2.631246 1523.750000
-18.206060 15.241013 1.520333 -0.025698 0.008869 -2.597547 1523.969971
-18.174082 15.041831 1.513454 -0.007413 0.016948 -2.564332 1524.189941
-18.148460 14.835902 1.511008 0.009521 0.047557 -2.529986 1524.420044
-18.145784 14.631035 1.513970 0.010907 0.061490 -2.496205 1524.650024
-18.169350 14.431989 1.521305 0.004987 0.059804 -2.464454 1524.869995
-18.214594 14.227869 1.531997 0.001029 0.044330 -2.432938 1525.089966
-18.270420 14.031114 1.543755 -0.000785 0.018220 -2.403227 1525.300049
-18.328995 13.837477 1.555443 -0.021508 0.009386 -2.373642 1525.510010
-18.381592 13.644234 1.566147 -0.032221 0.003247 -2.343816 1525.719971
-18.424818 13.441570 1.575661 -0.027227 -0.005759 -2.312594 1525.939941
-18.455170 13.241776 1.583318 -0.028914 0.007359 -2.282233 1526.160034
-18.476021 13.041592 1.589438 -0.018621 0.005090 -2.251757 1526.380005
-18.490486 12.835985 1.593839 -0.021692 -0.015482 -2.220710 1526.609985
-18.489445 12.631134 1.595262 -0.058312 -0.022365 -2.188925 1526.849976
-18.457027 12.430210 1.592913 -0.054895 -0.026883 -2.156671 1527.089966
-18.393463 12.234624 1.587123 -0.050310 -0.012823 -2.125411 1527.329956
-18.310438 12.049391 1.579059 -0.046182 0.003795 -2.095514 1527.560059
-18.216385 11.870223 1.570650 -0.045187 -0.009660 -2.065870 1527.780029
-18.106462 11.693960 1.562930 -0.051611 -0.022760 -2.035951 1528.000000
-17.984005 11.533669 1.556242 -0.008490 -0.037678 -2.007266 1528.209961
-17.847397 11.383092 1.549801 0.071629 -0.055576 -1.978855 1528.439941
-17.698801 11.244821 1.543229 0.116928 -0.051107 -1.942880 1528.790039
-17.540298 11.369108 1.568166 -0.044436 -0.100790 -1.896484 1529.650024
-17.416538 11.531079 1.591327 -0.045468 -0.078104 -1.881564 1529.920044
-17.287582 11.686507 1.612884 -0.028648 -0.038730 -1.867707 1530.140015
-17.152962 11.840837 1.634375 -0.022324 -0.020963 -1.850978 1530.349976
-17.012552 11.992871 1.653826 -0.042070 0.003604 -1.831490 1530.560059
-16.862545 12.131755 1.667176 -0.061100 0.025785 -1.809815 1530.770020
-16.698528 12.248150 1.672482 -0.052924 0.035930 -1.785672 1530.979980
-16.515224 12.344055 1.669648 -0.045073 0.029389 -1.757414 1531.199951
-16.323423 12.418395 1.659690 -0.040730 0.013900 -1.726894 1531.420044
-16.115786 12.482231 1.644189 -0.015714 -0.001320 -1.693901 1531.650024
-15.919140 12.540380 1.626394 -0.002363 -0.031296 -1.661689 1531.869995
-15.729836 12.609155 1.607374 0.002522 -0.044559 -1.628856 1532.089966
-15.542407 12.698510 1.587517 0.005506 -0.039693 -1.594150 1532.319946
-15.366505 12.803287 1.568330 -0.009215 -0.035748 -1.559332 1532.550049
-15.195865 12.919823 1.550190 -0.021064 -0.016170 -1.524609 1532.780029
-15.031402 13.033813 1.533838 -0.036367 0.003602 -1.491606 1533.000000
-14.858751 13.142110 1.518219 -0.044369 0.011935 -1.458563 1533.219971
-14.682829 13.237624 1.503537 -0.043142 0.012486 -1.426818 1533.430054
-14.487916 13.330000 1.488199 -0.026106 0.011000 -1.393620 1533.650024
-14.299902 13.410462 1.474470 0.003850 0.019150 -1.362469 1533.859985
-14.110748 13.482059 1.461756 -0.011493 0.027396 -1.330092 1534.079956
-13.914536 13.541638 1.450478 -0.029633 0.025967 -1.296611 1534.310059
-13.711261 13.589546 1.441118 -0.036554 0.019225 -1.263136 1534.540039
-13.508189 13.629672 1.433923 -0.033998 -0.003236 -1.230920 1534.760010
-13.310967 13.673008 1.430283 -0.029714 -0.049802 -1.199964 1534.969971
-13.119078 13.737641 1.430980 -0.023093 -0.072328 -1.169621 1535.180054
-12.939132 13.830648 1.435738 -0.019485 -0.070328 -1.139587 1535.390015
-12.772821 13.949340 1.443743 -0.018071 -0.054828 -1.109557 1535.599976
-12.618640 14.085910 1.453993 0.000510 -0.027500 -1.079566 1535.810059
-12.469813 14.230250 1.465457 0.019478 0.054629 -1.046233 1536.030029
-12.309587 14.349610 1.478824 0.018817 0.121323 -1.009372 1536.270020
-12.116652 14.404009 1.492850 0.009907 0.124751 -0.971178 1536.530029
-11.913617 14.389706 1.504632 -0.001059 0.098386 -0.936334 1536.770020
-11.710443 14.339805 1.511969 -0.005769 0.041606 -0.904624 1536.989990
-11.512097 14.281692 1.509032 -0.030452 0.002651 -0.874247 1537.199951
-11.312935 14.232704 1.492697 -0.044236 -0.015481 -0.843533 1537.410034
-11.114318 14.202141 1.466103 -0.040021 -0.017651 -0.813218 1537.619995
-10.908516 14.189277 1.436671 -0.034884 -0.000356 -0.782142 1537.839966
-10.702449 14.188837 1.412378 -0.019011 0.003181 -0.750650 1538.060059
-10.489675 14.194268 1.395740 -0.012008 0.012422 -0.717984 1538.290039
-10.288289 14.199863 1.388813 -0.012366 0.022567 -0.686999 1538.510010
-10.080071 14.203382 1.388760 0.027233 -0.030477 -0.656128 1538.739990
-9.877722 14.205166 1.393391 0.063096 -0.082157 -0.626117 1539.010010
-9.677271 14.218175 1.418089 -0.093709 0.070984 -0.568989 1539.810059
-9.487565 14.284542 1.451159 -0.092250 0.078297 -0.546534 1540.199951
-9.296368 14.350460 1.476552 -0.055495 0.048842 -0.527257 1540.439941
-9.104003 14.416354 1.499933 -0.031552 0.030468 -0.509064 1540.650024
-8.913040 14.481523 1.521862 -0.022255 0.006944 -0.489995 1540.849976
-8.724215 14.550440 1.540551 -0.031452 -0.016848 -0.468951 1541.050049
-8.535226 14.633716 1.554993 -0.035233 -0.027354 -0.444529 1541.260010
-8.359452 14.730514 1.563618 -0.026008 -0.029168 -0.418269 1541.469971
-8.183712 14.847278 1.566959 -0.000738 -0.001675 -0.388118 1541.699951
-8.009923 14.961627 1.564656 0.044772 0.050031 -0.353724 1541.939941
-7.820949 15.041533 1.557746 0.056099 0.077120 -0.316750 1542.189941
-7.619581 15.072009 1.547933 0.045059 0.076783 -0.281816 1542.430054
-7.416265 15.067450 1.537230 0.029893 0.047905 -0.250355 1542.650024
-7.215648 15.046382 1.526068 -0.009180 -0.003246 -0.220579 1542.859985
-7.015182 15.030827 1.514146 -0.072733 -0.024539 -0.187539 1543.079956
-6.812941 15.053772 1.500670 -0.102945 -0.020994 -0.151871 1543.319946
-6.624710 15.131322 1.486317 -0.090392 -0.009340 -0.118409 1543.560059
-6.452419 15.245915 1.472108 -0.021058 0.023561 -0.090838 1543.790039
-6.284651 15.359658 1.460116 0.043752 0.050227 -0.067463 1544.010010
-6.105047 15.447333 1.450827 0.069149 0.042315 -0.049855 1544.229980
-5.907201 15.499845 1.443266 0.066094 0.040764 -0.034220 1544.459961
-5.700445 15.515918 1.437553 0.043939 0.032079 -0.020018 1544.689941
-5.498694 15.511256 1.435961 -0.021586 0.007461 -0.006494 1544.910034
-5.294020 15.517145 1.442637 -0.073430 0.003876 0.010562 1545.140015
-5.091582 15.560751 1.458620 -0.075916 -0.008133 0.030970 1545.380005
-4.904686 15.642689 1.480263 -0.032324 0.009206 0.046910 1545.619995
-4.723334 15.736229 1.497845 0.050830 0.035183 0.057282 1545.859985
-4.532223 15.800480 1.506207 0.086808 0.044193 0.059238 1546.099976
-4.325366 15.817428 1.503084 0.082757 0.042140 0.051248 1546.339966
-4.124422 15.793980 1.492154 0.068197 0.027920 0.035539 1546.560059
-3.928668 15.743737 1.479116 0.055792 0.024434 0.015290 1546.770020
-3.732361 15.672868 1.466468 0.034568 0.006863 -0.010554 1546.979980
-3.541904 15.590466 1.455902 0.019124 0.007373 -0.039566 1547.189941
-3.357857 15.503648 1.448197 0.009681 0.013117 -0.071487 1547.400024
-3.169897 15.412599 1.443270 0.001586 0.005169 -0.107151 1547.619995
-2.988422 15.324212 1.442546 0.012456 0.014271 -0.144041 1547.839966
-2.802767 15.229445 1.448237 0.024879 0.021080 -0.183473 1548.069946
-2.626773 15.130393 1.460073 0.028108 0.026382 -0.221529 1548.290039
-2.450606 15.021049 1.477314 0.024889 0.029400 -0.259546 1548.510010
-2.281787 14.908488 1.496783 0.012342 0.004959 -0.295629 1548.719971
-2.115401 14.791994 1.515947 -0.013433 -0.071366 -0.330452 1548.939941
-1.952752 14.673137 1.537275 -0.046244 -0.169056 -0.366905 1549.239990
-1.813110 14.527707 1.544835 0.047539 0.110516 -0.425794 1550.099976
-1.677388 14.370317 1.541470 0.036341 0.093017 -0.443960 1550.410034
-1.543070 14.218141 1.537889 0.018910 0.052109 -0.459632 1550.640015
-1.408521 14.067251 1.534153 0.011764 0.035384 -0.471791 1550.849976
-1.269534 13.912704 1.530256 -0.002405 0.019318 -0.480388 1551.060059
-1.128451 13.763096 1.525673 -0.036045 0.020312 -0.484203 1551.270020
-0.972475 13.623713 1.519596 -0.052790 0.024031 -0.481906 1551.489990
-0.804517 13.507653 1.512162 -0.049224 0.014821 -0.472570 1551.709961
-0.620091 13.410182 1.503153 -0.035090 0.021067 -0.457149 1551.939941
-0.428948 13.330386 1.494968 -0.036690 0.013154 -0.435388 1552.170044
-0.233311 13.268774 1.491004 -0.043997 0.020295 -0.408819 1552.400024
-0.030694 13.226672 1.492598 -0.036352 0.011991 -0.377214 1552.630005
0.174759 13.201372 1.499116 -0.026168 0.020421 -0.343097 1552.859985
0.374139 13.187112 1.509437 -0.015454 0.019612 -0.308285 1553.079956
0.581766 13.177073 1.521297 0.006845 0.002033 -0.272473 1553.310059
0.789108 13.162933 1.529704 0.023288 0.026538 -0.240725 1553.550049
0.994255 13.134971 1.532184 0.024823 0.020260 -0.218231 1553.790039
1.196831 13.093122 1.528700 0.016066 0.019900 -0.202076 1554.030029
1.397956 13.043149 1.523342 -0.002100 0.034016 -0.189194 1554.270020
1.596890 12.995273 1.520190 -0.011759 0.040558 -0.177621 1554.500000
1.796820 12.953724 1.520269 -0.013877 0.040103 -0.166736 1554.719971
1.996064 12.919003 1.523273 -0.011787 0.033451 -0.156750 1554.930054
2.199059 12.889036 1.527799 -0.016826 0.003973 -0.146817 1555.140015
2.405327 12.866872 1.530623 -0.035596 0.003946 -0.135872 1555.359985
2.605528 12.861265 1.529301 -0.041622 0.010546 -0.122807 1555.579956
2.810884 12.874774 1.523168 -0.034021 0.009348 -0.105995 1555.810059
3.012428 12.903903 1.512163 -0.025324 0.024885 -0.086619 1556.040039
3.216486 12.942729 1.499394 -0.008974 0.033502 -0.063850 1556.270020
3.417452 12.981442 1.489178 0.003952 0.037464 -0.039489 1556.489990
3.623949 13.015897 1.482696 0.010701 0.016305 -0.014116 1556.709961
3.828973 13.043713 1.480226 0.010810 0.023169 0.009672 1556.930054
4.033920 13.065278 1.481568 0.008426 0.020750 0.029024 1557.150024
4.238058 13.081937 1.485580 0.008742 0.015613 0.043324 1557.369995
4.439764 13.094069 1.491407 0.008375 0.026274 0.052999 1557.589966
4.642220 13.102335 1.498009 0.006509 0.014295 0.057894 1557.810059
4.842143 13.107555 1.503178 0.005807 0.019667 0.058086 1558.030029
5.050193 13.110415 1.503674 0.006121 0.029729 0.053984 1558.260010
5.258850 13.110837 1.498760 0.003284 -0.029199 0.046294 1558.489990
5.462031 13.108704 1.489726 -0.002028 -0.099956 0.035601 1558.750000
5.661539 13.100562 1.466423 0.007579 0.111293 0.003230 1559.630005
5.862992 13.084382 1.458448 0.005286 0.117812 -0.018699 1560.099976
6.071158 13.069308 1.452950 0.001349 0.076869 -0.032156 1560.359985
6.277803 13.055576 1.448940 -0.008242 0.042554 -0.041659 1560.579956
6.484730 13.045694 1.448090 -0.014101 0.033328 -0.046865 1560.790039
6.685057 13.041498 1.450215 -0.013282 0.009626 -0.047395 1560.989990
6.890554 13.042512 1.455301 -0.010251 0.008443 -0.044565 1561.199951
7.099167 13.047953 1.462940 -0.006098 0.015559 -0.038613 1561.420044
7.304554 13.055656 1.470627 -0.001772 0.023530 -0.030637 1561.640015
7.510447 13.063528 1.476778 0.000825 0.031063 -0.021656 1561.859985
7.710392 13.070094 1.480438 0.001783 0.034182 -0.013063 1562.069946
7.914781 13.075436 1.481616 0.001904 0.029054 -0.005187 1562.280029
8.120596 13.079640 1.480690 0.002065 0.010658 0.001548 1562.489990
8.321967 13.082786 1.478218 0.002050 0.016835 0.007068 1562.699951
8.529696 13.085058 1.474752 0.001658 0.012925 0.011453 1562.920044
8.733045 13.086524 1.470915 0.001130 0.012706 0.014853 1563.140015
8.941290 13.087518 1.466971 0.000453 0.024395 0.018004 1563.369995
9.141367 13.088453 1.463230 -0.001226 0.031360 0.020696 1563.589966
9.345632 13.090172 1.459264 -0.002135 0.031308 0.023002 1563.810059
9.553058 13.093060 1.454979 -0.002107 0.017502 0.024186 1564.030029
9.758763 13.096986 1.450279 -0.001973 0.023549 0.022557 1564.250000
9.964105 13.101788 1.445486 0.000417 0.015445 0.017389 1564.469971
10.166832 13.106149 1.440925 0.006017 0.018181 0.009525 1564.689941
10.367926 13.107698 1.437161 0.008815 0.029241 0.000126 1564.910034
10.572056 13.105191 1.434371 0.008522 0.033957 -0.009887 1565.130005
10.781232 13.098777 1.432525 0.006296 0.033363 -0.019709 1565.349976
10.984400 13.090033 1.431540 0.001740 0.016264 -0.028092 1565.560059
11.185280 13.080829 1.431461 -0.004419 0.017320 -0.033921 1565.770020
11.393466 13.073292 1.432817 -0.007626 0.028111 -0.036143 1565.989990
11.593970 13.069236 1.435422 -0.007955 0.027882 -0.034702 1566.199951
11.796646 13.068276 1.439115 -0.006549 0.028841 -0.030756 1566.410034
12.001717 13.069742 1.443558 -0.004503 0.028334 -0.025298 1566.619995
12.207848 13.072733 1.448089 -0.001907 0.013530 -0.019239 1566.829956
12.410402 13.076274 1.451832 0.000244 0.017258 -0.013204 1567.040039
12.610400 13.079486 1.454419 0.001309 0.015498 -0.007518 1567.250000
12.816307 13.082065 1.455899 0.001598 0.010947 -0.001997 1567.469971
13.026483 13.083838 1.456060 0.001423 0.024676 0.003505 1567.699951
13.228229 13.084858 1.455256 0.000193 0.031972 0.008485 1567.920044
13.434308 13.085869 1.453633 -0.001298 0.035073 0.012987 1568.140015
13.635735 13.087490 1.451589 -0.001794 0.019924 0.016722 1568.349976
13.836481 13.089916 1.449007 -0.001643 0.016196 0.019779 1568.560059
14.044024 13.093212 1.445852 -0.001103 0.022146 0.022222 1568.780029
14.249935 13.097048 1.442549 -0.000555 0.010700 0.023952 1569.000000
14.451401 13.101094 1.439064 -0.000099 0.021391 0.025001 1569.219971
14.652071 13.105222 1.435565 0.000198 0.017966 0.025476 1569.439941
14.860155 13.109455 1.431740 0.000294 0.017427 0.025484 1569.670044
15.066441 13.113553 1.427819 0.000325 0.026452 0.025113 1569.900024
15.272546 13.117519 1.424451 0.001171 0.003350 0.024294 1570.130005
15.479942 13.120854 1.422145 0.002846 0.020488 0.022480 1570.369995
15.687127 13.122740 1.421954 0.003366 0.038061 0.019297 1570.609985
15.893992 13.123112 1.423916 0.002852 0.040244 0.015303 1570.839966
16.100435 13.122398 1.427221 0.001850 0.026156 0.011092 1571.060059
16.307928 13.120839 1.430437 0.004317 0.003207 0.006174 1571.280029
16.508125 13.117371 1.431615 0.007600 0.019822 -0.000511 1571.500000
16.716078 13.110271 1.430179 0.008421 0.032819 -0.010056 1571.729980
16.919556 13.099797 1.426113 0.007103 0.035027 -0.020491 1571.949951
17.128523 13.086305 1.419955 0.004342 0.024048 -0.030948 1572.170044
17.328592 13.071877 1.413739 0.001229 0.013936 -0.040169 1572.380005
17.534882 13.056636 1.408959 -0.000740 0.024114 -0.048584 1572.599976
17.741474 13.041940 1.406934 -0.001411 0.029385 -0.054850 1572.819946
17.941534 13.028503 1.407755 -0.001294 0.032959 -0.057112 1573.030029
18.145121 13.015548 1.410656 -0.002932 0.017841 -0.054778 1573.239990
18.347097 13.004284 1.413542 -0.010805 0.014045 -0.047941 1573.449951
18.555098 12.997508 1.414701 -0.015669 0.022200 -0.036287 1573.670044
18.762974 12.997738 1.413107 -0.015522 0.029671 -0.020219 1573.890015
18.963926 13.004294 1.409096 -0.014558 0.025905 -0.000719 1574.099976
19.166292 13.017118 1.404049 -0.023477 0.024256 0.022374 1574.310059
19.368902 13.039277 1.399420 -0.028232 0.025417 0.048809 1574.520020
19.571671 13.072552 1.395947 -0.025671 0.025093 0.078013 1574.729980
19.774231 13.115732 1.393970 -0.019248 0.026099 0.109037 1574.939941
19.976519 13.166003 1.393399 -0.010512 0.010338 0.141014 1575.150024
20.172726 13.217723 1.393683 0.026176 -0.010405 0.170630 1575.359985
20.375202 13.257459 1.395397 0.071834 -0.003886 0.196769 1575.589966
20.580532 13.259616 1.398654 0.081187 0.005226 0.214106 1575.829956
20.777800 13.222939 1.401815 0.049167 0.016832 0.220320 1576.060059
20.978506 13.165842 1.404271 0.014478 0.034008 0.216394 1576.290039
21.177460 13.109982 1.405636 -0.004648 0.041425 0.203672 1576.510010
21.374807 13.064369 1.405778 -0.012135 0.040150 0.185282 1576.719971
21.578075 13.028872 1.404925 -0.014818 0.028252 0.162598 1576.930054
21.782351 13.003454 1.404995 -0.020761 0.017802 0.137600 1577.140015
21.983629 12.988913 1.408218 -0.020658 0.024189 0.112053 1577.349976
22.184164 12.984799 1.415519 -0.015572 0.028684 0.087274 1577.560059
22.386408 12.988536 1.426823 -0.009512 0.030578 0.062798 1577.770020
22.591223 12.996880 1.440813 -0.001494 0.026722 0.038624 1577.979980
22.797541 13.005876 1.454545 0.007269 0.027616 0.015709 1578.189941
23.005304 13.011745 1.466068 0.011099 0.026781 -0.004921 1578.400024
23.214212 13.012761 1.474392 0.010822 0.026086 -0.021305 1578.609985
23.423769 13.009036 1.479470 0.008223 0.022665 -0.031680 1578.819946
23.631586 13.002007 1.481624 -0.001074 0.005718 -0.035368 1579.030029
23.832788 12.995740 1.480794 -0.013467 0.014150 -0.031874 1579.239990
24.039557 12.995149 1.477373 -0.019340 0.023104 -0.020862 1579.459961
24.246422 13.003052 1.472176 -0.018774 0.027491 -0.004201 1579.680054
24.445841 13.018155 1.466220 -0.014382 0.026075 0.014735 1579.890015
24.653830 13.039599 1.459700 -0.005555 -0.006545 0.035764 1580.109985
24.859259 13.063501 1.452515 0.003466 0.011179 0.055302 1580.339966
25.059151 13.084960 1.444968 0.006966 0.020969 0.070358 1580.569946
25.259064 13.102630 1.437361 0.007054 0.022197 0.080501 1580.800049
25.460321 13.116815 1.429593 0.005665 0.033329 0.086377 1581.030029
25.665970 13.128613 1.422147 0.007314 0.020645 0.087859 1581.260010
25.872478 13.136868 1.415237 0.013968 0.027336 0.083987 1581.489990
26.073074 13.139047 1.409351 0.016107 0.032083 0.074741 1581.709961
26.278784 13.134896 1.404233 0.014813 0.036649 0.062803 1581.930054
26.481270 13.125781 1.399974 0.010977 0.032459 0.052068 1582.140015
26.686760 13.113456 1.397424 -0.000453 0.009424 0.043565 1582.349976
26.887562 13.102114 1.399502 -0.011150 0.016716 0.037954 1582.560059
27.094500 13.095990 1.408060 -0.014909 0.012508 0.035201 1582.780029
27.296757 13.097186 1.422173 -0.012479 0.005457 0.033897 1583.000000
27.499907 13.103960 1.438558 0.003645 0.010648 0.031705 1583.229980
27.706995 13.108953 1.452407 0.018248 0.031339 0.026394 1583.469971
27.908224 13.105334 1.460567 0.014059 0.016939 0.017721 1583.699951
28.109140 13.095633 1.463212 -0.003181 0.030632 0.009952 1583.930054
28.314459 13.087848 1.461482 -0.013490 0.038769 0.005307 1584.160034
28.518404 13.086907 1.456999 -0.015959 0.036755 0.003065 1584.380005
28.719126 13.092822 1.451166 -0.013819 0.031518 0.000999 1584.589966
28.922411 13.104012 1.444844 -0.004645 0.014616 -0.001671 1584.800049
29.122898 13.116604 1.438634 0.005301 0.019460 -0.005058 1585.010010
29.331089 13.126854 1.432869 0.010010 0.015463 -0.008932 1585.229980
29.536028 13.132048 1.428019 0.010123 0.014237 -0.012583 1585.449951
29.737539 13.132277 1.424161 0.007829 0.023935 -0.015509 1585.670044
29.938498 13.128762 1.421282 0.004324 0.012879 -0.017800 1585.890015
30.145206 13.123009 1.419646 0.001013 0.025112 -0.019262 1586.119995
30.352957 13.116761 1.419532 -0.001024 0.022863 -0.019875 1586.349976
30.561628 13.111237 1.420206 -0.006803 0.021694 -0.018270 1586.579956
30.770449 13.109417 1.420608 -0.016460 0.028206 -0.012771 1586.810059
30.973108 13.115058 1.420224 -0.018565 0.023042 -0.002807 1587.030029
31.176174 13.128762 1.418778 -0.015209 0.017359 0.011011 1587.250000
31.377384 13.148852 1.416179 -0.010684 0.025519 0.027595 1587.469971
31.577850 13.173151 1.413303 -0.010128 -0.001414 0.046624 1587.689941
31.777744 13.202974 1.413228 -0.021613 0.010600 0.068392 1587.920044
31.979977 13.244250 1.418984 -0.026335 0.027988 0.093862 1588.160034
32.176136 13.296401 1.430678 -0.023441 0.036407 0.121177 1588.390015
32.369717 13.356816 1.446804 -0.017085 0.038986 0.149618 1588.609985
32.560680 13.421482 1.465482 -0.010205 0.033606 0.176605 1588.819946
32.755272 13.489491 1.485061 0.009206 0.016892 0.200140 1589.030029
32.948685 13.550760 1.499829 0.058100 0.006521 0.217531 1589.239990
33.150002 13.587988 1.505727 0.085793 0.007104 0.227468 1589.459961
33.352200 13.587369 1.500955 0.078883 -0.004026 0.227235 1589.680054
33.551254 13.551257 1.489275 0.069707 -0.002619 0.219324 1589.900024
33.745983 13.485752 1.474863 0.055124 0.005849 0.203663 1590.119995
33.929794 13.403485 1.461123 0.040298 0.015301 0.182013 1590.329956
34.113888 13.309594 1.448885 0.025731 0.019892 0.154649 1590.540039
34.298161 13.210974 1.438782 0.006103 0.007523 0.122852 1590.750000
34.477962 13.114772 1.430276 -0.006052 0.014610 0.088345 1590.959961
34.663353 13.022073 1.422130 -0.009152 0.028376 0.050063 1591.180054
34.850784 12.939035 1.414322 -0.011228 0.018381 0.011018 1591.400024
35.038017 12.865191 1.406271 -0.006649 0.022098 -0.028321 1591.619995
35.234699 12.794827 1.397289 -0.001156 0.023203 -0.068942 1591.849976
35.432152 12.728191 1.387769 0.001752 0.016414 -0.106029 1592.079956
35.627602 12.663551 1.377896 -0.004960 0.023287 -0.135709 1592.310059
35.825199 12.604137 1.369359 -0.031060 0.034005 -0.155375 1592.540039
36.022217 12.561624 1.363324 -0.041895 0.037089 -0.163261 1592.760010
36.228989 12.537244 1.359309 -0.038679 0.034274 -0.160329 1592.979980
36.433819 12.529160 1.357063 -0.028801 0.029882 -0.148315 1593.189941
36.642948 12.531637 1.356131 -0.017332 0.024641 -0.128467 1593.400024
36.843349 12.539515 1.356100 -0.008387 0.023627 -0.103570 1593.599976
37.043751 12.549512 1.356393 -0.005527 0.022874 -0.074723 1593.800049
37.243740 12.560575 1.356758 -0.005410 0.022092 -0.044269 1594.000000
37.453026 12.573445 1.356950 -0.004955 0.023894 -0.012719 1594.209961
37.662071 12.587632 1.356817 -0.003900 0.024878 0.016679 1594.420044
37.871307 12.602933 1.356426 -0.002522 0.023846 0.042600 1594.630005
38.080116 12.618896 1.355838 0.000809 0.019214 0.063541 1594.839966
38.287174 12.634233 1.355415 0.005265 0.020874 0.078452 1595.050049
38.492920 12.647377 1.355296 0.007214 0.021622 0.087111 1595.260010
38.698246 12.657715 1.355566 0.007361 0.027195 0.091000 1595.469971
38.904778 12.665517 1.356101 0.005214 0.022515 0.091820 1595.680054
39.111137 12.671718 1.357010 0.000880 0.020622 0.090547 1595.890015
39.316414 12.677994 1.358289 -0.002071 0.019523 0.087761 1596.099976
39.518875 12.685438 1.360039 -0.003375 0.005411 0.083349 1596.310059
39.723980 12.694639 1.362056 -0.003325 0.019039 0.075784 1596.530029
39.927086 12.705428 1.364378 0.001392 0.029980 0.064473 1596.750000
40.133389 12.715593 1.367191 0.012868 0.033054 0.049218 1596.969971
40.334564 12.720259 1.370273 0.017466 0.023334 0.030999 1597.180054
40.535751 12.717860 1.373567 0.015705 0.010947 0.011332 1597.390015
40.741756 12.708504 1.377155 0.012066 0.017651 -0.006931 1597.609985
40.954144 12.693303 1.381049 0.005081 0.015192 -0.021286 1597.839966
41.154556 12.677083 1.384764 -0.005774 0.020137 -0.029806 1598.060059
41.354282 12.663860 1.388652 -0.011560 0.030379 -0.033455 1598.280029
41.557816 12.656024 1.392843 -0.012451 0.035057 -0.032877 1598.500000
41.767303 12.653713 1.397243 -0.010081 0.033697 -0.029130 1598.719971
41.971294 12.655572 1.401170 -0.007510 0.019804 -0.023265 1598.930054
42.174648 12.660355 1.404304 -0.006443 0.022375 -0.015555 1599.140015
42.377541 12.667460 1.406253 -0.005096 0.026484 -0.006256 1599.349976
42.581635 12.676303 1.406967 -0.003791 0.028638 0.002765 1599.560059
42.787579 12.686333 1.406625 -0.002341 0.025278 0.009259 1599.770020
42.993305 12.696831 1.405622 0.002249 0.008403 0.012225 1599.979980
43.193470 12.705884 1.404497 0.008177 0.013128 0.012068 1600.189941
43.398846 12.711380 1.404041 0.010644 0.023785 0.009340 1600.410034
43.604862 12.711864 1.404677 0.010081 0.032498 0.006104 1600.630005
43.805428 12.708077 1.406367 0.007431 0.030350 0.004688 1600.839966
44.008068 12.701560 1.407781 0.000358 0.013085 0.005752 1601.050049
44.216766 12.695012 1.405757 -0.007594 0.019480 0.009310 1601.270020
44.423683 12.692170 1.398463 -0.010827 0.026798 0.014690 1601.489990
44.632000 12.694455 1.385670 -0.010194 0.030268 0.021192 1601.709961
44.833664 12.701098 1.369048 -0.007559 0.025131 0.027836 1601.920044
45.034508 12.710727 1.350803 -0.001676 -0.004250 0.034088 1602.130005
45.243057 12.721390 1.332862 0.005727 0.009524 0.038209 1602.359985
45.445396 12.728953 1.319819 0.008914 0.029316 0.038360 1602.589966
45.651455 12.732240 1.312515 0.008921 0.035331 0.035849 1602.819946
45.855152 12.731630 1.310317 0.006576 0.032462 0.032979 1603.040039
46.062847 12.728632 1.311499 0.000745 0.019408 0.030551 1603.260010
46.269920 12.725673 1.314676 -0.003752 0.026066 0.028766 1603.479980
46.478107 12.724829 1.318671 -0.005363 0.029945 0.027160 1603.699951
46.679615 12.726664 1.322594 -0.005124 0.031413 0.024480 1603.910034
46.884354 12.730855 1.326089 -0.003258 0.021244 0.019785 1604.119995
47.088055 12.736244 1.329162 0.002168 0.010648 0.013334 1604.329956
47.296494 12.740738 1.332684 0.006315 0.020396 0.005516 1604.550049
47.503559 12.742231 1.337139 0.007431 0.026980 -0.002636 1604.770020
47.712574 12.740247 1.342681 0.006307 0.032485 -0.010504 1604.989990
47.915443 12.735604 1.348682 0.003799 0.019428 -0.017365 1605.199951
48.117237 12.729512 1.355062 -0.000420 0.014666 -0.022680 1605.410034
48.325417 12.723437 1.362080 -0.003388 0.023587 -0.025867 1605.630005
48.532986 12.718855 1.368687 -0.002990 0.018528 -0.026786 1605.849976
48.739075 12.715569 1.373037 -0.000491 0.023855 -0.026651 1606.069946
48.945305 12.712448 1.374333 0.000922 0.016988 -0.026313 1606.290039
49.149117 12.708874 1.372437 0.001690 0.013354 -0.024847 1606.510010
49.349518 12.704532 1.367862 0.002216 0.027044 -0.020494 1606.729980
49.550625 12.699426 1.361647 -0.003810 0.015750 -0.012721 1606.949951
49.759018 12.696286 1.355078 -0.012491 0.026415 -0.001060 1607.180054
49.960030 12.699073 1.349912 -0.015075 0.034015 0.012829 1607.400024
50.166168 12.708756 1.346199 -0.012489 0.033340 0.026570 1607.619995
50.367149 12.722928 1.343123 -0.000050 0.027071 0.036900 1607.829956
50.570251 12.736939 1.339496 0.011415 0.030601 0.042432 1608.040039
50.776196 12.746252 1.334675 0.015743 0.027445 0.042467 1608.250000
50.984074 12.749155 1.328280 0.015060 0.028018 0.037912 1608.459961
51.193493 12.746110 1.320700 0.011250 0.015208 0.029593 1608.670044
51.399593 12.738685 1.314902 0.006519 0.007000 0.018987 1608.880005
51.608463 12.728358 1.314422 0.003018 0.016703 0.006777 1609.099976
51.813156 12.717153 1.320907 0.000746 0.006804 -0.005839 1609.319946
52.019291 12.705639 1.332942 -0.000249 0.002334 -0.019042 1609.550049
52.225540 12.694263 1.346682 0.000440 0.026740 -0.031964 1609.790039
52.425392 12.683316 1.358108 0.000877 0.038491 -0.042555 1610.020020
52.633484 12.671732 1.366359 0.000763 0.039565 -0.049429 1610.250000
52.840687 12.659966 1.370996 -0.000132 0.030923 -0.051104 1610.469971
53.041832 12.648843 1.372737 -0.004750 0.017165 -0.048584 1610.680054
53.250828 12.639447 1.372827 -0.008023 0.023816 -0.042852 1610.900024
53.459030 12.633689 1.372069 -0.008043 0.010328 -0.034570 1611.119995
53.662678 12.631653 1.370823 -0.005848 0.018191 -0.023463 1611.339966
53.864090 12.632298 1.369611 -0.005571 0.025219 -0.009058 1611.560059
54.066959 12.635560 1.368214 -0.009309 0.031391 0.007447 1611.780029
54.273739 12.642943 1.366314 -0.010229 0.032964 0.024717 1612.000000
54.475437 12.654322 1.363883 -0.008603 0.033968 0.040452 1612.209961
54.681393 12.669306 1.360742 -0.005863 0.031726 0.054229 1612.420044
54.889332 12.686634 1.357109 -0.002151 0.009581 0.065434 1612.630005
55.092075 12.704357 1.352715 0.001166 0.010625 0.073819 1612.839966
55.299171 12.721908 1.347584 0.003019 0.015034 0.079795 1613.060059
55.502476 12.737760 1.342228 0.003235 0.013108 0.082738 1613.280029
55.701939 12.751868 1.336627 0.003172 0.023340 0.082453 1613.500000
55.902096 12.764619 1.331379 0.004338 0.031178 0.079525 1613.719971
56.106281 12.775887 1.326987 0.004294 0.027722 0.074710 1613.939941
56.312492 12.785561 1.323522 0.003063 0.017394 0.067888 1614.160034
56.517052 12.793935 1.320853 0.001451 0.024286 0.058063 1614.380005
56.721565 12.801602 1.318781 0.008447 0.013566 0.044658 1614.599976
56.922863 12.804618 1.317898 0.030364 0.014668 0.027586 1614.819946
57.130554 12.793138 1.318732 0.041295 0.026846 0.005662 1615.050049
57.331200 12.763741 1.321043 0.037901 0.029388 -0.019493 1615.270020
57.535007 12.718184 1.324501 0.027947 0.030200 -0.047939 1615.489990
57.731186 12.664345 1.328423 0.014849 0.012703 -0.077704 1615.699951
57.923729 12.606196 1.332609 0.006259 0.018643 -0.108636 1615.910034
58.123352 12.544476 1.337125 0.001768 0.023693 -0.142345 1616.130005
58.323029 12.482920 1.342005 0.012639 0.020475 -0.176893 1616.349976
58.521076 12.416949 1.348120 0.026746 0.023452 -0.212026 1616.569946
58.707546 12.344390 1.355366 0.027069 0.010696 -0.246251 1616.780029
58.895584 12.259054 1.364025 0.022495 0.011800 -0.281394 1617.000000
59.076721 12.166435 1.373743 0.016835 0.023691 -0.315748 1617.219971
59.256592 12.067988 1.383639 0.004477 0.029450 -0.347889 1617.439941
59.439594 11.967900 1.392220 -0.008888 0.034819 -0.375152 1617.660034
59.620071 11.875179 1.398311 -0.014446 0.018996 -0.394949 1617.869995
59.801819 11.789161 1.401829 -0.013991 0.012601 -0.409039 1618.079956
59.990971 11.706724 1.403403 -0.010901 0.024510 -0.418448 1618.300049
60.182224 11.628921 1.403575 -0.019100 0.016126 -0.421923 1618.520020
60.374500 11.562280 1.404941 -0.070417 -0.007837 -0.418225 1618.739990
60.575768 11.528895 1.409768 -0.096427 -0.021068 -0.406020 1618.969971
60.783348 11.546554 1.418148 -0.080603 -0.026419 -0.385791 1619.209961
60.975502 11.606408 1.429559 -0.064072 -0.009173 -0.361940 1619.439941
61.163979 11.695816 1.441973 -0.055786 -0.006049 -0.332348 1619.670044
61.340870 11.802843 1.450544 -0.054479 -0.003941 -0.300234 1619.890015
61.505764 11.921829 1.453756 -0.030257 -0.012221 -0.266482 1620.099976
61.662079 12.049150 1.451658 -0.020780 -0.005124 -0.231738 1620.310059
61.818001 12.185806 1.444260 -0.024224 0.011075 -0.194506 1620.530029
61.972778 12.325381 1.432771 -0.022952 0.018236 -0.156576 1620.750000
62.121994 12.458923 1.419901 0.019339 0.025041 -0.120952 1620.959961
62.281830 12.581488 1.406586 0.064922 0.051337 -0.085799 1621.180054
62.462055 12.670084 1.393933 0.075872 0.050045 -0.055557 1621.410034
62.664410 12.716115 1.382246 0.061701 0.042774 -0.030783 1621.650024
62.869148 12.725360 1.372852 0.039235 0.045723 -0.012476 1621.880005
63.075844 12.714602 1.365353 0.019115 0.042575 -0.000025 1622.099976
63.281509 12.696251 1.359249 0.004563 0.034711 0.008502 1622.310059
63.481735 12.677713 1.354482 -0.005217 0.028365 0.014146 1622.510010
63.683659 12.662030 1.350792 -0.009841 0.026336 0.017561 1622.709961
63.886070 12.650901 1.348135 -0.010205 0.023108 0.019057 1622.910034
64.087868 12.644306 1.346320 -0.008152 0.022365 0.018918 1623.109985
64.288589 12.641285 1.345093 -0.005327 0.012883 0.017580 1623.310059
64.494453 12.640546 1.344131 -0.002624 0.004598 0.015189 1623.520020
64.702003 12.641042 1.343354 -0.000377 0.010810 0.011939 1623.739990
64.904411 12.641778 1.342899 0.001072 0.022117 0.008376 1623.959961
65.106621 12.642097 1.343039 0.001587 0.031119 0.004800 1624.180054
65.312668 12.641757 1.343704 0.001415 0.033132 0.001441 1624.400024
65.513779 12.640865 1.344540 0.000953 0.031249 -0.001401 1624.609985
65.718498 12.639596 1.345555 0.000462 0.032234 -0.003991 1624.819946
65.926666 12.638133 1.346660 0.000149 0.030051 -0.006790 1625.030029
66.136147 12.636567 1.347697 0.000776 0.008474 -0.009948 1625.239990
66.340324 12.634683 1.348402 0.001958 0.013750 -0.013266 1625.449951
66.549698 12.631861 1.348720 0.002520 0.021587 -0.016534 1625.670044
66.758461 12.627866 1.348724 0.002533 0.030642 -0.017985 1625.890015
66.960518 12.622950 1.348548 0.001701 0.027797 -0.016123 1626.099976
67.163666 12.617564 1.348687 -0.003915 0.012642 -0.010722 1626.310059
67.372375 12.613972 1.350791 -0.010530 0.015976 -0.001809 1626.530029
67.578377 12.615294 1.355814 -0.012772 0.028453 0.009572 1626.750000
67.786461 12.622494 1.363988 -0.011366 0.030665 0.022422 1626.969971
67.988327 12.634214 1.374375 -0.008144 0.031025 0.034828 1627.180054
68.193192 12.649264 1.386543 -0.004641 0.027498 0.045557 1627.390015
68.399261 12.665969 1.398767 0.001343 0.019919 0.052937 1627.599976
68.604103 12.681729 1.408407 0.008397 0.023050 0.056388 1627.810059
68.808487 12.693903 1.413916 0.010934 0.015308 0.055756 1628.020020
69.009697 12.701403 1.414961 0.009781 0.008277 0.051902 1628.229980
69.214813 12.704777 1.411820 0.007323 0.020823 0.045691 1628.449951
69.417976 12.705037 1.404967 0.003704 0.014301 0.038064 1628.670044
69.618172 12.703894 1.392833 -0.000531 0.020109 0.030592 1628.890015
69.817642 12.703252 1.374848 -0.002770 0.024503 0.024306 1629.109985
70.016670 12.704044 1.353182 -0.001682 0.003240 0.018990 1629.329956
70.217537 12.705586 1.330864 0.002215 0.021514 0.013331 1629.560059
70.417900 12.706149 1.311937 0.003986 0.024418 0.006883 1629.790039
70.619827 12.704818 1.297553 0.003887 0.023083 -0.000022 1630.020020
70.823326 12.701603 1.287576 0.002984 0.034149 -0.006725 1630.250000
71.030510 12.696937 1.281692 0.002962 0.006453 -0.013207 1630.479980
71.232216 12.690868 1.280568 0.004540 0.020372 -0.019859 1630.709961
71.432892 12.682674 1.284471 0.004587 0.022475 -0.027373 1630.939941
71.634407 12.672309 1.292320 0.003516 0.023123 -0.035270 1631.170044
71.837158 12.660288 1.303133 0.002213 0.033989 -0.042831 1631.400024
72.036743 12.647637 1.315294 0.001240 0.038613 -0.048420 1631.619995
72.243797 12.634389 1.328443 -0.010412 0.035385 -0.050357 1631.839966
72.446716 12.626975 1.341597 -0.046017 0.022252 -0.047197 1632.050049
72.650284 12.638290 1.355274 -0.064557 0.011231 -0.038064 1632.260010
72.849007 12.675103 1.368700 -0.056651 -0.006450 -0.023061 1632.469971
73.045609 12.737370 1.382533 -0.045674 0.003084 -0.003858 1632.689941
73.233322 12.817423 1.396307 -0.028596 0.004255 0.020268 1632.910034
73.412971 12.906753 1.409202 -0.014815 -0.000111 0.048001 1633.130005
73.591606 13.003297 1.420866 -0.016311 0.016607 0.079608 1633.359985
73.767761 13.103347 1.430273 -0.013771 0.018085 0.113741 1633.589966
73.943253 13.206174 1.437526 -0.011329 0.021755 0.149281 1633.819946
74.119652 13.310987 1.443077 -0.012105 0.033850 0.185603 1634.050049
74.293793 13.414449 1.447365 -0.011125 0.035186 0.219004 1634.270020
74.473717 13.521117 1.451108 -0.008837 0.031995 0.247310 1634.489990
74.648468 13.622809 1.453591 0.043435 0.000547 0.267178 1634.699951
74.836449 13.706481 1.452931 0.124747 -0.028254 0.277243 1634.930054
75.040855 13.721429 1.445953 0.133409 -0.042880 0.274610 1635.189941
75.231583 13.647518 1.432239 0.102321 -0.028519 0.262275 1635.449951
75.397659 13.524391 1.416776 0.040125 0.014582 0.242497 1635.689941
75.552841 13.398635 1.404791 -0.003482 0.052019 0.215871 1635.910034
75.722763 13.284964 1.396712 -0.022834 0.065579 0.183303 1636.130005
75.902618 13.196194 1.392457 -0.026140 0.061598 0.148850 1636.339966
76.097580 13.126374 1.390955 -0.023761 0.041805 0.112351 1636.550049
76.299446 13.072363 1.392348 -0.027348 0.021681 0.075140 1636.760010
76.500694 13.033182 1.397450 -0.026085 0.026064 0.038278 1636.969971
76.702484 13.007239 1.406253 -0.018978 0.027807 0.003889 1637.180054
76.906113 12.990675 1.418262 -0.010806 0.027907 -0.026709 1637.390015
77.111755 12.979262 1.432691 -0.004179 0.028281 -0.052549 1637.599976
77.319321 12.969653 1.448198 -0.000883 0.026635 -0.072048 1637.810059
77.527977 12.960348 1.461411 -0.004121 0.023829 -0.084224 1638.020020
77.736748 12.952336 1.469410 -0.007137 0.022976 -0.088909 1638.229980
77.955124 12.946548 1.471058 -0.007865 0.024212 -0.086698 1638.449951
78.163620 12.943702 1.466407 -0.007006 0.025144 -0.079497 1638.660034
78.372566 12.943058 1.456820 -0.005339 0.025371 -0.068942 1638.869995
78.581993 12.943945 1.443855 -0.003372 0.020926 -0.056402 1639.079956
78.790253 12.945711 1.431219 -0.001680 0.017111 -0.043093 1639.290039
78.995926 12.947803 1.422663 -0.000651 0.021685 -0.029989 1639.500000
79.199547 12.949823 1.419883 0.000148 0.007001 -0.017802 1639.709961
79.406670 12.951702 1.423022 0.000450 0.014444 -0.006571 1639.930054
79.610046 12.953249 1.431628 0.000580 0.022977 0.002672 1640.150024
79.812317 12.953694 1.443731 0.020959 0.008768 0.008726 1640.369995
80.018456 12.943088 1.457612 0.053056 0.015659 0.010015 1640.599976
80.221611 12.907363 1.471159 0.060822 0.021455 0.004447 1640.829956
80.415794 12.846895 1.482591 0.049541 0.016845 -0.007881 1641.050049
80.607498 12.766740 1.492553 0.032810 0.008918 -0.026000 1641.270020
80.793999 12.675000 1.502418 0.023717 0.019645 -0.048615 1641.489990
80.978378 12.576853 1.512585 0.010643 0.009796 -0.075931 1641.709961
81.158447 12.477976 1.523215 0.005339 0.015801 -0.106363 1641.930054
81.336342 12.380726 1.534647 0.002554 0.017069 -0.139348 1642.150024
81.519585 12.282995 1.545903 -0.015455 0.003676 -0.173954 1642.380005
81.705872 12.193713 1.554062 -0.028118 0.030242 -0.206341 1642.619995
81.900185 12.120544 1.557460 -0.027455 0.040866 -0.231263 1642.859985
82.099533 12.062995 1.556452 -0.020663 0.041768 -0.248002 1643.089966
82.301117 12.015583 1.552386 -0.012174 0.017896 -0.257891 1643.310059
82.502426 11.973734 1.545774 -0.002997 0.002976 -0.263346 1643.530029
82.705086 11.933052 1.535802 0.002642 0.022798 -0.265715 1643.760010
82.907211 11.890549 1.523299 0.003997 0.034396 -0.265572 1643.989990
83.114357 11.844012 1.508950 0.003383 0.037165 -0.263630 1644.219971
83.308548 11.798175 1.494929 0.002826 0.016063 -0.260969 1644.430054
83.508583 11.748410 1.482224 0.023096 0.002350 -0.258969 1644.650024
83.705978 11.687204 1.475639 0.045748 0.015966 -0.259701 1644.880005
83.894386 11.605498 1.477779 0.048360 0.023911 -0.265464 1645.109985
84.069885 11.506500 1.487553 0.039700 0.027654 -0.276303 1645.329956
84.243942 11.391413 1.501098 0.023514 0.031399 -0.292327 1645.550049
84.411705 11.273324 1.511317 0.007693 0.033042 -0.312255 1645.760010
84.582771 11.153754 1.515718 -0.004122 0.017188 -0.335998 1645.969971
84.753464 11.038756 1.513173 -0.009303 0.011250 -0.362687 1646.180054
84.922188 10.930828 1.503791 -0.008316 0.021755 -0.391892 1646.390015
85.099495 10.823202 1.489080 0.005229 0.012061 -0.424124 1646.609985
85.272011 10.715687 1.475328 0.035000 0.009472 -0.457834 1646.829956
85.440025 10.591658 1.466814 0.050146 0.017708 -0.494079 1647.060059
85.588051 10.455138 1.465726 0.049266 0.010292 -0.530108 1647.280029
85.720901 10.302569 1.470276 0.058884 0.005129 -0.566031 1647.500000
85.834686 10.133565 1.478766 0.056724 0.004839 -0.601795 1647.719971
85.929558 9.951069 1.489090 0.039564 -0.001553 -0.637356 1647.939941
86.008591 9.762712 1.500091 0.030119 0.012179 -0.671287 1648.160034
86.078888 9.570202 1.510907 0.014141 0.006894 -0.704797 1648.380005
86.143761 9.379680 1.519419 0.010005 0.005603 -0.737055 1648.599976
86.206924 9.184627 1.523281 0.017402 0.019299 -0.769655 1648.829956
86.267586 8.987137 1.521208 0.022306 0.031127 -0.801664 1649.060059
86.325073 8.790873 1.514141 0.020601 0.032482 -0.832228 1649.280029
86.380127 8.596501 1.503518 0.017119 0.031220 -0.861339 1649.489990
86.434959 8.397758 1.490744 0.017395 0.011601 -0.890524 1649.699951
86.484520 8.199561 1.477750 0.029226 0.003618 -0.919562 1649.910034
86.523148 8.002151 1.465999 0.031916 0.000039 -0.948809 1650.119995
86.550095 7.797569 1.455653 0.026338 -0.001439 -0.979333 1650.339966
86.565331 7.596488 1.447545 0.025939 0.014548 -1.009431 1650.560059
86.573006 7.395406 1.441490 0.008383 0.000053 -1.039920 1650.780029
86.578026 7.192724 1.436146 -0.011560 0.014422 -1.070995 1651.010010
86.591728 6.988457 1.430600 -0.018729 0.034050 -1.103020 1651.250000
86.621162 6.785265 1.424705 -0.018374 0.027117 -1.134001 1651.489990
86.664574 6.582891 1.417891 -0.010752 0.040443 -1.165250 1651.729980
86.716675 6.384082 1.410913 -0.002974 0.023927 -1.194846 1651.959961
86.772179 6.183967 1.406789 0.007317 0.024923 -1.224539 1652.189941
86.823456 5.990391 1.407829 0.011848 0.023868 -1.253270 1652.410034
86.870468 5.794598 1.413638 0.011479 0.018526 -1.281608 1652.630005
86.912613 5.598530 1.423737 0.009195 0.026852 -1.308635 1652.849976
86.951408 5.400408 1.436985 0.007660 0.017699 -1.334217 1653.069946
86.986794 5.202602 1.451211 0.009011 0.024016 -1.358311 1653.290039
87.018700 5.003233 1.465007 0.008169 0.021940 -1.381442 1653.510010
87.047226 4.803475 1.477373 0.005836 0.017625 -1.402875 1653.729980
87.073074 4.604988 1.487962 0.003444 0.026618 -1.421546 1653.949951
87.097832 4.404257 1.497075 0.001291 0.032644 -1.437614 1654.170044
87.122169 4.199868 1.504912 0.011869 0.019720 -1.452421 1654.390015
87.140587 3.995661 1.511484 0.032952 0.017494 -1.467361 1654.609985
87.144287 3.791723 1.517283 0.041111 0.025517 -1.483473 1654.829956
87.130280 3.584933 1.522551 0.037091 0.029341 -1.501832 1655.050049
87.102592 3.383922 1.527341 0.026834 0.025156 -1.521847 1655.260010
87.065575 3.182207 1.531871 0.014043 0.010646 -1.544061 1655.469971
87.024368 2.984763 1.536213 0.006452 0.017625 -1.567847 1655.680054
86.980370 2.780422 1.540945 0.002203 0.023815 -1.594831 1655.900024
86.937225 2.575532 1.545995 0.000470 0.029245 -1.623772 1656.119995
86.897186 2.377759 1.550415 0.001891 0.024697 -1.652856 1656.329956
86.857323 2.179135 1.552302 0.006809 0.026093 -1.682952 1656.540039
86.815422 1.979545 1.550336 0.009251 0.028397 -1.713647 1656.750000
86.770142 1.778530 1.544456 0.008938 0.028133 -1.743565 1656.959961
86.721436 1.576403 1.535048 0.006855 0.026703 -1.771090 1657.170044
86.670052 1.373652 1.522881 0.004301 0.024924 -1.794456 1657.380005
86.619629 1.180532 1.509722 -0.000850 0.022951 -1.810881 1657.579956
86.568489 0.977943 1.496542 -0.031733 0.017939 -1.820634 1657.790039
86.530678 0.774670 1.486589 -0.054708 0.011083 -1.821504 1658.000000
86.515350 0.572176 1.480353 -0.057274 -0.023256 -1.812673 1658.209961
86.532265 0.367637 1.475400 -0.101058 -0.092213 -1.792365 1658.439941
86.625969 0.184261 1.466666 -0.117200 -0.119904 -1.760830 1658.709961
86.798836 0.078109 1.451446 -0.100390 -0.094276 -1.727330 1658.969971
86.994423 0.032169 1.433716 -0.065279 -0.058260 -1.695137 1659.189941
87.192780 0.012729 1.415507 -0.029505 -0.027752 -1.662413 1659.390015
87.395073 0.003770 1.396457 -0.016329 -0.002962 -1.627710 1659.589966
87.603745 -0.004850 1.378051 0.001570 0.029673 -1.590049 1659.800049
87.811272 -0.027097 1.364292 -0.000161 0.060270 -1.550101 1660.020020
88.008888 -0.075443 1.357842 -0.004716 0.064583 -1.510715 1660.239990
88.200447 -0.151007 1.358422 -0.009563 0.054488 -1.472031 1660.459961
88.379944 -0.242345 1.364428 -0.006023 0.030648 -1.436035 1660.670044
88.555542 -0.342128 1.375136 -0.015726 0.014389 -1.401218 1660.880005
88.730232 -0.442275 1.389809 -0.022298 0.005017 -1.367204 1661.089966
88.905487 -0.537704 1.406790 -0.015851 -0.005251 -1.334304 1661.300049
89.087227 -0.629313 1.426023 -0.024216 0.004067 -1.301308 1661.520020
89.270432 -0.715145 1.446047 -0.010247 0.017751 -1.270100 1661.739990
89.449699 -0.804508 1.465687 0.048677 0.048675 -1.242396 1661.959961
89.613167 -0.922622 1.484590 0.080286 0.057768 -1.220912 1662.189941
89.745514 -1.081591 1.501351 0.076053 0.045940 -1.208133 1662.430054
89.837898 -1.262009 1.515069 0.054503 0.046692 -1.201462 1662.660034
89.908257 -1.464198 1.526430 0.021664 0.037171 -1.199640 1662.890015
89.966545 -1.658117 1.530977 -0.025391 0.026315 -1.198888 1663.099976
90.035118 -1.849433 1.527459 -0.052601 0.018793 -1.196395 1663.310059
90.122276 -2.030460 1.515845 -0.052986 0.001940 -1.190815 1663.520020
90.231461 -2.203893 1.495758 -0.045630 0.009039 -1.182870 1663.739990
90.355568 -2.364283 1.470096 -0.024874 -0.000489 -1.170582 1663.959961
90.487778 -2.519629 1.443492 0.036773 -0.002353 -1.156565 1664.189941
90.604530 -2.687302 1.421578 0.078284 0.022489 -1.143795 1664.439941
90.678520 -2.875839 1.410004 0.079109 0.035801 -1.138097 1664.689941
90.712669 -3.074022 1.407918 0.060104 0.035726 -1.140915 1664.920044
90.724342 -3.279893 1.411849 0.032865 0.017716 -1.150918 1665.140015
90.724602 -3.480427 1.419146 0.025858 0.010305 -1.165212 1665.349976
90.714500 -3.689173 1.428348 0.048882 -0.003257 -1.185796 1665.569946
90.684052 -3.894400 1.437195 0.055997 -0.013238 -1.211874 1665.790039
90.629570 -4.092359 1.444519 0.041251 -0.017210 -1.240157 1666.010010
90.559410 -4.279896 1.452716 -0.009779 0.014704 -1.266184 1666.229980
90.496559 -4.471200 1.466888 -0.054641 0.044375 -1.290284 1666.459961
90.467964 -4.672980 1.488848 -0.065040 0.037234 -1.307716 1666.699951
90.480782 -4.875429 1.517472 -0.052749 0.041751 -1.319978 1666.939941
90.524117 -5.072214 1.549491 -0.033358 0.025246 -1.325772 1667.170044
90.585205 -5.266958 1.579513 -0.024072 0.014383 -1.326430 1667.400024
90.656845 -5.456335 1.599041 -0.021358 0.028213 -1.321212 1667.630005
90.738113 -5.646123 1.604311 -0.016708 0.034688 -1.308959 1667.859985
90.823349 -5.831514 1.596159 -0.011381 0.036264 -1.291102 1668.079956
90.909500 -6.012867 1.578509 -0.004632 0.029587 -1.269450 1668.290039
90.993912 -6.194069 1.555583 0.054517 -0.059236 -1.247755 1668.500000
91.046585 -6.385977 1.528767 0.126455 -0.167022 -1.230935 1668.770020
90.889496 -6.509638 1.500125 0.095596 -0.139383 -1.207622 1669.199951
90.686974 -6.493555 1.493963 0.067931 -0.089737 -1.205224 1669.449951
90.490166 -6.454172 1.494534 0.046996 -0.049524 -1.211445 1669.650024
90.289902 -6.408668 1.497101 0.029436 0.022928 -1.223103 1669.839966
90.091164 -6.375885 1.499058 0.025769 0.090711 -1.240959 1670.030029
89.883484 -6.378033 1.498257 0.013310 0.112825 -1.266854 1670.239990
89.685539 -6.429394 1.492495 0.006492 0.101217 -1.298971 1670.459961
89.506950 -6.523258 1.481823 0.006526 0.078612 -1.334623 1670.680054
89.343330 -6.648658 1.468887 0.000989 0.062864 -1.372730 1670.900024
89.199654 -6.789261 1.456485 0.003353 0.050559 -1.410531 1671.109985
89.058685 -6.951949 1.444759 0.010149 0.038377 -1.451040 1671.329956
88.928673 -7.116536 1.435258 0.014039 0.026348 -1.490000 1671.540039
88.806595 -7.276249 1.427834 0.006590 0.006784 -1.526756 1671.739990
88.681511 -7.439529 1.421472 0.011301 -0.004336 -1.563991 1671.949951
88.550133 -7.597994 1.415536 0.051960 -0.052468 -1.602029 1672.170044
88.396011 -7.728962 1.408898 0.077442 -0.082480 -1.641200 1672.400024
88.206566 -7.812678 1.399908 0.072943 -0.076339 -1.678979 1672.640015
88.002190 -7.845765 1.387235 0.056971 -0.063180 -1.713336 1672.869995
87.794350 -7.842870 1.368978 0.047824 -0.046561 -1.744951 1673.089966
87.589302 -7.817284 1.346365 0.031281 -0.022337 -1.774307 1673.300049
87.392563 -7.783270 1.324937 0.020272 0.012872 -1.801978 1673.500000
87.186333 -7.752155 1.307173 0.012626 0.033986 -1.831173 1673.709961
86.982033 -7.734559 1.295974 -0.001477 0.034392 -1.860204 1673.920044
86.774002 -7.732155 1.291405 0.005108 0.033387 -1.890364 1674.140015
86.569656 -7.743746 1.293187 0.006199 0.022286 -1.920434 1674.359985
86.369034 -7.763305 1.297733 0.014459 0.008263 -1.950214 1674.579956
86.161491 -7.784032 1.302112 0.028511 0.003128 -1.981574 1674.810059
85.961700 -7.799089 1.303984 0.020980 -0.004053 -2.011698 1675.030029
85.754204 -7.808074 1.302663 0.023511 -0.000761 -2.042966 1675.260010
85.547852 -7.810390 1.297966 0.027007 -0.006374 -2.074158 1675.489990
85.341560 -7.803375 1.290139 0.038883 -0.004700 -2.105332 1675.719971
85.141342 -7.786182 1.280497 0.024899 -0.008118 -2.135484 1675.939941
84.942467 -7.760590 1.269349 0.027101 0.000400 -2.165462 1676.160034
84.743484 -7.729441 1.257314 0.026053 0.008455 -2.195561 1676.380005
84.542534 -7.696539 1.248122 0.016234 0.023327 -2.225912 1676.599976
84.338837 -7.669146 1.245985 0.011361 0.036196 -2.256723 1676.819946
84.132256 -7.652430 1.251649 -0.002723 0.025800 -2.287841 1677.040039
83.928192 -7.646461 1.264433 0.000069 0.024544 -2.318895 1677.260010
83.727501 -7.649066 1.281234 0.000667 0.018312 -2.349790 1677.479980
83.521248 -7.657922 1.297785 0.011479 0.024990 -2.382020 1677.709961
83.313858 -7.670667 1.310210 0.009934 0.016119 -2.414277 1677.939941
83.107201 -7.684592 1.317242 0.012950 0.017299 -2.446121 1678.170044
82.900391 -7.698413 1.319235 0.015749 0.020082 -2.477868 1678.400024
82.692413 -7.711325 1.317934 0.014471 0.013397 -2.509429 1678.630005
82.484924 -7.721793 1.315809 0.020941 0.022123 -2.540593 1678.859985
82.284012 -7.729002 1.314571 0.014463 0.012643 -2.570571 1679.079956
82.083763 -7.733500 1.314762 0.015388 0.019523 -2.600148 1679.300049
81.882515 -7.736274 1.316668 0.011556 0.016498 -2.629826 1679.520020
81.682419 -7.738017 1.320591 0.005383 0.010046 -2.659221 1679.739990
81.477585 -7.739737 1.328119 0.009002 0.024918 -2.689684 1679.969971
81.271599 -7.742587 1.339315 0.006112 0.018377 -2.720229 1680.199951
81.065918 -7.746364 1.353322 0.006807 0.022236 -2.750571 1680.430054
80.859612 -7.750997 1.369359 0.008250 0.026101 -2.780967 1680.660034
80.659256 -7.755854 1.383466 0.012014 0.032613 -2.810264 1680.880005
80.453285 -7.760147 1.393269 0.012721 0.032070 -2.840036 1681.099976
80.252762 -7.762938 1.397692 0.007436 0.013601 -2.868771 1681.310059
80.045456 -7.764262 1.397105 0.006297 0.018536 -2.898729 1681.530029
79.840134 -7.764688 1.392359 0.003339 0.007516 -2.928808 1681.750000
79.632393 -7.764279 1.384776 0.002567 0.002826 -2.959840 1681.979980
79.424591 -7.762815 1.375007 0.005457 0.023624 -2.992018 1682.219971
79.217026 -7.760332 1.364729 0.004877 0.018510 -3.023981 1682.459961
79.009529 -7.756624 1.354524 0.004269 0.030857 -3.055400 1682.699951
78.806290 -7.752379 1.345564 0.002428 0.017296 -3.084904 1682.930054
78.604202 -7.747812 1.338286 -0.001124 0.012732 -3.111651 1683.160034
78.397102 -7.744035 1.332911 -0.002904 0.032217 -3.134561 1683.400024
78.193275 -7.742156 1.329882 -0.003331 0.040750 3.132282 1683.630005
77.989632 -7.741841 1.328493 -0.003145 0.038790 3.121618 1683.849976
77.788010 -7.742580 1.328214 -0.002604 0.037492 3.115109 1684.060059
77.580544 -7.743962 1.328480 -0.001414 0.030379 3.110716 1684.270020
77.380112 -7.745346 1.328848 0.001317 0.028877 3.107926 1684.469971
77.178169 -7.745833 1.329074 0.003186 0.024489 3.106306 1684.670044
76.977081 -7.744817 1.329127 0.003711 0.006869 3.105634 1684.869995
76.772400 -7.742175 1.328786 0.003254 0.009492 3.105882 1685.079956
76.564133 -7.737941 1.328056 0.002126 0.021951 3.106924 1685.300049
76.356644 -7.732597 1.327296 0.000964 0.028770 3.109039 1685.520020
76.156380 -7.726946 1.326523 -0.000659 0.026932 3.112360 1685.729980
75.954414 -7.721532 1.325726 -0.002737 0.027631 3.116585 1685.939941
75.750557 -7.717199 1.325001 -0.003530 0.022692 3.121288 1686.150024
75.547272 -7.714333 1.324236 -0.003106 0.012025 3.126082 1686.359985
75.338707 -7.712767 1.323286 -0.002174 0.019164 3.130782 1686.579956
75.132431 -7.712203 1.322038 -0.001562 0.015188 3.135100 1686.800049
74.928932 -7.712383 1.321022 -0.001907 0.022610 3.139166 1687.020020
74.725670 -7.713396 1.320623 -0.001827 0.021966 -3.140022 1687.239990
74.523010 -7.715201 1.320695 -0.001357 0.015307 -3.136180 1687.459961
74.322777 -7.717585 1.321066 -0.000832 0.027831 -3.132742 1687.680054
74.120834 -7.720339 1.321396 -0.000203 0.022637 -3.129893 1687.900024
73.918167 -7.723165 1.320143 0.000619 0.024926 -3.127848 1688.119995
73.714134 -7.725739 1.316343 0.001058 0.032391 -3.126658 1688.339966
73.505867 -7.727928 1.309754 0.001087 0.033148 -3.126246 1688.560059
73.302795 -7.729671 1.301127 0.000869 0.031364 -3.126412 1688.770020
73.096367 -7.731165 1.290710 0.000659 0.030190 -3.126301 1688.979980
72.887718 -7.732561 1.279802 -0.001425 0.021008 -3.124709 1689.189941
72.679955 -7.734695 1.271091 -0.004815 0.020836 -3.121610 1689.400024
72.473686 -7.738866 1.265995 -0.005981 0.014194 -3.117190 1689.609985
72.271660 -7.745453 1.264698 -0.005213 0.005818 -3.111942 1689.819946
72.066826 -7.754477 1.267380 -0.003782 0.021875 -3.106263 1690.040039
71.863533 -7.765065 1.273681 0.000178 0.017311 -3.101025 1690.260010
71.661903 -7.775218 1.284095 0.007770 0.022550 -3.098285 1690.479980
71.459892 -7.781852 1.298780 0.011112 0.023621 -3.099725 1690.699951
71.257523 -7.783567 1.316492 0.010154 0.015591 -3.105204 1690.920044
71.057381 -7.780802 1.336616 0.007775 0.025154 -3.113394 1691.140015
70.856583 -7.774860 1.357540 0.006281 0.019230 -3.123778 1691.359985
70.656197 -7.766362 1.375713 0.007647 0.026980 -3.136135 1691.579956
70.453819 -7.754910 1.389201 0.007318 0.026657 3.132580 1691.800049
70.250359 -7.740699 1.397434 0.003489 0.010947 3.117815 1692.020020
70.042145 -7.725057 1.401742 -0.005551 0.019704 3.105459 1692.250000
69.835045 -7.712472 1.403584 -0.010471 0.025920 3.098542 1692.479980
69.626884 -7.705114 1.404301 -0.010346 0.017584 3.097438 1692.709961
69.419693 -7.702855 1.405000 -0.008134 0.028661 3.100451 1692.939941
69.218544 -7.704107 1.406131 -0.004815 0.030822 3.105946 1693.160034
69.013405 -7.706966 1.408507 -0.000239 0.030745 3.112268 1693.380005
68.804115 -7.709440 1.412544 0.002557 0.035662 3.118173 1693.599976
68.599388 -7.710297 1.417766 0.003450 0.031844 3.123208 1693.810059
68.391281 -7.709452 1.423480 0.002832 0.026957 3.127866 1694.020020
68.181999 -7.707333 1.427730 0.001164 0.022802 3.132039 1694.229980
67.973305 -7.704719 1.429414 -0.000132 0.022359 3.135613 1694.439941
67.765099 -7.702207 1.427972 -0.000792 0.026009 3.138507 1694.650024
67.556274 -7.700099 1.423571 -0.000940 0.025517 3.140707 1694.859985
67.347694 -7.698466 1.417088 -0.000696 0.011607 -3.140999 1695.069946
67.143509 -7.697198 1.410482 -0.000149 0.015419 -3.140264 1695.280029
66.942863 -7.696068 1.405298 0.000285 0.015892 -3.140178 1695.489990
66.736389 -7.694832 1.401907 0.000524 0.010799 -3.140088 1695.709961
66.534775 -7.693417 1.400711 0.000855 0.021977 -3.138791 1695.930054
66.334305 -7.691758 1.401441 -0.000595 0.013697 -3.135709 1696.150024
66.127518 -7.690575 1.402346 -0.004189 0.023315 -3.131065 1696.380005
65.919853 -7.691602 1.401651 -0.005702 0.035090 -3.125661 1696.609985
65.715698 -7.695393 1.398804 -0.005147 0.035443 -3.120335 1696.829956
65.515274 -7.701341 1.394265 -0.003573 0.033776 -3.115524 1697.040039
65.310463 -7.708871 1.388384 -0.001871 0.024368 -3.111210 1697.250000
65.105690 -7.717128 1.381533 -0.000512 0.010579 -3.107818 1697.459961
64.905624 -7.725401 1.374015 0.000171 0.019729 -3.105933 1697.670044
64.698547 -7.733828 1.366221 0.001280 0.010265 -3.105802 1697.890015
64.496338 -7.741406 1.358631 0.003048 0.015792 -3.107175 1698.109985
64.287910 -7.747725 1.351347 0.003710 0.029270 -3.109815 1698.339966
64.085335 -7.752179 1.345028 0.003117 0.034276 -3.114325 1698.560059
63.877178 -7.755414 1.339181 0.001921 0.034564 -3.122067 1698.780029
63.674614 -7.757643 1.334414 0.004434 0.014852 -3.132575 1698.989990
63.474445 -7.757896 1.331674 0.008882 0.019943 3.138222 1699.199951
63.266438 -7.754171 1.331733 0.010156 0.016623 3.124109 1699.420044
63.061386 -7.745895 1.334491 0.008492 0.011602 3.110020 1699.640015
62.860786 -7.733922 1.339656 0.005858 0.024348 3.097037 1699.859985
62.659824 -7.719400 1.346583 0.000081 0.023366 3.086116 1700.079956
62.457825 -7.705410 1.354752 -0.014824 0.027081 3.079365 1700.300049
62.253201 -7.697895 1.363471 -0.022744 0.030581 3.078462 1700.520020
62.044407 -7.700109 1.372356 -0.022517 0.030492 3.084141 1700.739990
61.841274 -7.710966 1.380798 -0.018101 0.030836 3.095751 1700.949951
61.635830 -7.728258 1.388675 -0.010426 0.007882 3.112614 1701.160034
61.436478 -7.748746 1.395518 0.003623 0.000594 3.130867 1701.369995
61.236656 -7.767437 1.401950 0.017547 0.019116 -3.135064 1701.589966
61.029964 -7.777781 1.408142 0.020223 0.015806 -3.122229 1701.819946
60.825119 -7.777714 1.413776 0.017131 0.021519 -3.115491 1702.050049
60.619976 -7.769355 1.419179 0.012084 0.030489 -3.115566 1702.280029
60.420189 -7.756490 1.424475 0.004681 0.027768 -3.120875 1702.500000
60.217373 -7.742323 1.430264 -0.001583 0.032814 -3.128508 1702.719971
60.010120 -7.729669 1.436617 -0.004310 0.034004 -3.136569 1702.939941
59.807648 -7.720051 1.443218 -0.004715 0.032068 3.139246 1703.150024
59.601360 -7.712823 1.450293 -0.003842 0.030926 3.132536 1703.359985
59.392200 -7.707445 1.457705 -0.002503 0.027836 3.126670 1703.569946
59.191544 -7.703403 1.464958 -0.001279 0.024119 3.121911 1703.770020
58.991112 -7.699865 1.471404 -0.000145 0.018670 3.117993 1703.969971
58.782799 -7.696206 1.475729 0.000708 0.020850 3.114795 1704.180054
58.576363 -7.692228 1.476685 0.000996 0.009755 3.112546 1704.390015
58.375263 -7.687900 1.474308 0.001090 0.009386 3.111913 1704.599976
58.170639 -7.682982 1.468906 0.000370 0.016826 3.113742 1704.819946
57.968464 -7.678046 1.462438 -0.002969 0.026002 3.117712 1705.040039
57.764896 -7.674389 1.456490 -0.004818 0.027221 3.123095 1705.260010
57.559998 -7.672842 1.451765 -0.004484 0.014175 3.128565 1705.479980
57.357914 -7.673350 1.448563 -0.003816 0.022925 3.131665 1705.699951
57.156151 -7.675379 1.446561 0.004138 0.017768 3.130931 1705.920044
56.947243 -7.674058 1.442850 0.034140 0.015812 3.125022 1706.150024
56.741405 -7.656271 1.435063 0.048707 0.019048 3.112919 1706.380005
56.538620 -7.615778 1.422767 0.042283 0.010280 3.094487 1706.609985
56.341629 -7.556141 1.406130 0.031313 0.017453 3.071659 1706.839966
56.148125 -7.483729 1.388821 0.014372 0.016609 3.044316 1707.069946
55.956455 -7.406700 1.376083 0.003460 0.031738 3.013706 1707.300049
55.768383 -7.333076 1.370354 -0.001397 0.037728 2.982004 1707.520020
55.572720 -7.261010 1.371108 -0.003283 0.035559 2.949526 1707.739990
55.379940 -7.194061 1.376913 0.000246 0.023911 2.918955 1707.949951
55.186871 -7.127151 1.387721 0.025880 0.012859 2.888940 1708.160034
55.000233 -7.051609 1.404286 0.045964 0.015121 2.859078 1708.369995
54.821941 -6.959665 1.426078 0.048673 0.016052 2.830404 1708.579956
54.652012 -6.850590 1.451764 0.041097 0.017996 2.806152 1708.790039
54.489330 -6.728606 1.478928 0.014001 0.008975 2.788014 1709.000000
54.331951 -6.605889 1.503165 -0.028695 0.019248 2.777958 1709.209961
54.162857 -6.492055 1.522485 -0.051718 0.024514 2.776824 1709.430054
53.984669 -6.401599 1.534535 -0.051213 0.013943 2.784778 1709.650024
53.791946 -6.332098 1.539765 -0.038749 0.026845 2.798376 1709.880005
53.591938 -6.280354 1.538927 -0.014979 0.004625 2.817189 1710.109985
53.396992 -6.235419 1.532850 0.042018 0.003434 2.835671 1710.339966
53.201149 -6.166580 1.521489 0.070960 0.012030 2.851051 1710.589966
53.022114 -6.061479 1.506834 0.063171 0.010602 2.858507 1710.839966
52.863445 -5.930618 1.491031 0.050464 0.023808 2.858411 1711.079956
52.716793 -5.784895 1.475328 0.024786 0.004229 2.849444 1711.310059
52.578529 -5.632435 1.460873 0.025633 0.007204 2.834426 1711.540039
52.448109 -5.474713 1.448734 0.030372 0.017607 2.813158 1711.770020
52.326645 -5.315498 1.439412 0.032023 0.026769 2.789661 1711.989990
52.205112 -5.146591 1.431828 0.024625 0.025357 2.767189 1712.209961
52.088169 -4.981369 1.425737 -0.030913 0.018450 2.749699 1712.420044
51.957783 -4.826733 1.419982 -0.092520 0.028758 2.737620 1712.640015
51.790619 -4.704578 1.413576 -0.109050 0.035533 2.734164 1712.880005
51.601036 -4.637292 1.406421 -0.090312 0.032550 2.741307 1713.109985
51.398445 -4.609464 1.398905 -0.058474 0.022393 2.756568 1713.329956
51.196678 -4.604347 1.391841 -0.028165 -0.001421 2.777529 1713.540039
50.990223 -4.611764 1.388126 -0.019733 0.005799 2.803510 1713.760010
50.788536 -4.626788 1.390373 -0.016368 0.014519 2.834028 1713.979980
50.589409 -4.646313 1.398376 -0.009344 0.008725 2.867987 1714.199951
50.385372 -4.668995 1.412366 -0.009268 0.024910 2.905675 1714.430054
50.179195 -4.692227 1.430915 -0.008799 0.032137 2.943961 1714.660034
49.976940 -4.713360 1.449273 0.018138 0.032069 2.976912 1714.880005
49.771763 -4.722586 1.462508 0.053896 0.033074 3.002661 1715.099976
49.565975 -4.706136 1.467628 0.060899 0.016806 3.018124 1715.319946
49.365681 -4.662472 1.464107 0.052006 0.012650 3.026415 1715.540039
49.172134 -4.596963 1.453278 0.035632 0.021788 3.029522 1715.760010
48.980515 -4.518166 1.439852 0.003730 0.027132 3.027926 1715.979980
48.795097 -4.443140 1.429436 -0.017299 0.036181 3.023514 1716.189941
48.603004 -4.376869 1.423692 -0.024465 0.037102 3.017354 1716.400024
48.403530 -4.321990 1.423127 -0.022786 0.032872 3.010251 1716.609985
48.199097 -4.277480 1.427167 -0.013122 0.015479 3.002776 1716.819946
47.996910 -4.239151 1.436472 0.010235 0.008321 2.993622 1717.030029
47.801182 -4.198048 1.451834 0.027051 0.017396 2.981918 1717.239990
47.600632 -4.144048 1.473877 0.031508 0.022999 2.966220 1717.459961
47.411304 -4.080036 1.499240 0.026797 0.021477 2.947705 1717.670044
47.224972 -4.006667 1.525434 0.013936 0.010943 2.926443 1717.880005
47.035114 -3.926229 1.549822 0.002258 0.020731 2.902992 1718.099976
46.846581 -3.846566 1.569233 -0.004260 0.015741 2.878925 1718.319946
46.659508 -3.770630 1.583065 -0.006660 0.019535 2.854257 1718.540039
46.464935 -3.695805 1.592638 -0.000561 0.013249 2.827785 1718.770020
46.273350 -3.622393 1.599623 0.014831 0.022599 2.800328 1719.000000
46.083817 -3.542459 1.606303 0.020488 0.021997 2.771540 1719.229980
45.897530 -3.453340 1.613791 0.018281 0.021881 2.742322 1719.459961
45.714367 -3.356148 1.622889 0.013130 0.027858 2.713456 1719.689941
45.540298 -3.257571 1.632225 0.007736 0.009407 2.686538 1719.910034
45.363911 -3.153619 1.640670 0.004991 0.020301 2.660584 1720.140015
45.189072 -3.048199 1.646492 0.002959 0.023782 2.637228 1720.369995
45.014099 -2.941489 1.649310 0.001101 0.020079 2.617184 1720.599976
44.839214 -2.834441 1.649531 -0.000159 0.033091 2.601051 1720.829956
44.661407 -2.725867 1.647467 -0.002033 0.010351 2.589248 1721.060059
44.486534 -2.620315 1.642356 -0.005006 0.019524 2.582524 1721.290039
44.311539 -2.517349 1.633953 -0.006114 0.022781 2.581203 1721.520020
44.134682 -2.416384 1.622791 -0.005230 0.019686 2.584421 1721.750000
43.956818 -2.317391 1.609442 -0.003944 0.033327 2.590674 1721.979980
43.775131 -2.216461 1.594557 0.027811 0.019654 2.598146 1722.209961
43.601997 -2.103094 1.578305 0.076807 0.006210 2.602970 1722.439941
43.454094 -1.962152 1.560624 0.089412 0.002731 2.603104 1722.670044
43.339840 -1.797911 1.542471 0.078852 0.006391 2.598191 1722.890015
43.251251 -1.618434 1.524336 0.059479 0.012131 2.588402 1723.099976
43.175877 -1.423819 1.505875 0.038529 0.016104 2.575706 1723.310059
43.110413 -1.231107 1.488419 0.012076 0.019323 2.564049 1723.510010
43.043404 -1.040133 1.472307 -0.042842 0.030693 2.554752 1723.709961
42.956284 -0.856480 1.457979 -0.078627 0.043937 2.549283 1723.920044
42.834068 -0.691646 1.445657 -0.081683 0.045225 2.550004 1724.140015
42.679878 -0.554525 1.435656 -0.064255 0.041955 2.555386 1724.359985
42.510014 -0.443649 1.428067 -0.040540 0.021550 2.564108 1724.569946
42.330662 -0.347206 1.421944 -0.018655 0.013801 2.574940 1724.780029
42.150646 -0.259864 1.416774 -0.023656 0.007031 2.588720 1724.989990
41.962627 -0.181199 1.411266 -0.052883 0.002224 2.607079 1725.209961
41.762100 -0.124383 1.404530 -0.060347 -0.001478 2.631034 1725.439941
41.558136 -0.096763 1.396946 -0.048943 0.001544 2.658433 1725.670044
41.352531 -0.091741 1.393540 -0.030512 0.018097 2.688316 1725.900024
41.151855 -0.096925 1.398486 -0.015445 0.029824 2.719473 1726.119995
40.945713 -0.103028 1.412677 -0.006466 0.036805 2.752513 1726.339966
40.742970 -0.105321 1.434217 -0.001630 0.035816 2.785368 1726.550049
40.536568 -0.103029 1.460633 0.003949 0.016585 2.818821 1726.760010
40.332844 -0.096913 1.486621 0.003145 0.020653 2.852598 1726.969971
40.131435 -0.087481 1.508702 0.001615 0.017473 2.886293 1727.180054
39.914631 -0.074895 1.526432 0.000376 0.010490 2.922617 1727.410034
39.712627 -0.062129 1.537116 -0.001781 0.017865 2.956708 1727.630005
39.504242 -0.049173 1.541083 -0.010392 0.016620 2.991450 1727.859985
39.297371 -0.040650 1.535959 -0.018710 0.026787 3.025374 1728.089966
39.097649 -0.039836 1.523420 -0.017691 0.016634 3.057490 1728.310059
38.889866 -0.046756 1.503792 -0.013768 0.022619 3.090013 1728.540039
38.690754 -0.058937 1.480772 -0.008592 0.018590 3.120575 1728.760010
38.485176 -0.074755 1.455503 0.001042 0.002462 -3.133273 1728.989990
38.278934 -0.089911 1.429682 0.008732 0.026423 -3.109380 1729.229980
38.079445 -0.099829 1.407177 0.010519 0.028540 -3.094640 1729.459961
37.875641 -0.104708 1.391722 0.008095 0.027487 -3.086729 1729.689941
37.668114 -0.105960 1.387115 0.005118 0.033179 -3.084314 1729.920044
37.464275 -0.105480 1.393015 0.002792 0.033903 -3.086560 1730.140015
37.264439 -0.104600 1.407124 0.001222 0.034981 -3.092626 1730.349976
37.060417 -0.103882 1.426213 0.001174 0.015434 -3.101888 1730.560059
36.858826 -0.102939 1.445572 0.002924 0.016788 -3.113117 1730.770020
36.650372 -0.100909 1.462934 0.004106 0.020279 -3.125790 1730.989990
36.443855 -0.097305 1.475554 0.003861 0.012055 -3.137485 1731.209961
36.241497 -0.092164 1.483057 0.001816 0.022792 3.137500 1731.430054
36.039127 -0.086644 1.485766 -0.005389 0.030188 3.133516 1731.650024
35.833347 -0.083639 1.484450 -0.009819 0.033123 3.133816 1731.869995
35.632668 -0.084869 1.480338 -0.010124 0.030325 3.137526 1732.079956
35.428734 -0.090174 1.474451 -0.008259 0.032145 -3.139703 1732.290039
35.221901 -0.098651 1.467567 -0.003310 0.021090 -3.132655 1732.500000
35.015553 -0.108004 1.459973 0.006098 0.021514 -3.126883 1732.709961
34.810230 -0.114647 1.451912 0.011003 0.020926 -3.124338 1732.920044
34.606777 -0.116633 1.443791 0.011045 0.007704 -3.125479 1733.130005
34.399609 -0.113764 1.435384 0.008981 0.016860 -3.129521 1733.349976
34.195679 -0.107004 1.427282 0.005482 0.012776 -3.135890 1733.569946
33.995625 -0.098295 1.418785 -0.002213 0.017109 3.140948 1733.790039
33.788521 -0.090683 1.408766 -0.007974 0.029651 3.136748 1734.020020
33.586990 -0.087289 1.397684 -0.009383 0.035799 3.136027 1734.239990
33.379421 -0.088213 1.385196 -0.008225 0.036073 3.137936 1734.459961
33.176388 -0.092496 1.372338 -0.004990 0.012831 3.141501 1734.670044
32.967823 -0.098761 1.360312 0.003145 0.006822 -3.138254 1734.890015
32.765987 -0.103384 1.352729 0.008826 0.023562 -3.137331 1735.109985
32.563847 -0.103847 1.350553 0.010128 0.029855 -3.139768 1735.329956
32.358124 -0.099672 1.353497 0.008707 0.035023 3.138493 1735.550049
32.157272 -0.092086 1.360030 0.005465 0.013939 3.132228 1735.760010
31.950529 -0.082180 1.369493 -0.001200 0.003729 3.125877 1735.979980
31.742807 -0.072830 1.381668 -0.005721 0.019647 3.121312 1736.209961
31.537794 -0.066556 1.394775 -0.006823 0.011138 3.120048 1736.439941
31.336243 -0.063876 1.404426 -0.007137 0.027056 3.121686 1736.670044
31.132324 -0.064594 1.407491 -0.006253 0.037296 3.125816 1736.900024
30.930218 -0.067875 1.403621 -0.004611 0.039611 3.131383 1737.119995
30.730009 -0.072652 1.394277 -0.002787 0.035527 3.137467 1737.329956
30.526463 -0.078253 1.381481 0.001287 -0.000480 -3.139657 1737.540039
30.321901 -0.083012 1.368096 0.009393 0.007166 -3.135387 1737.760010
30.115400 -0.083283 1.356912 0.012493 0.018412 -3.135154 1737.989990
29.911394 -0.077431 1.350072 0.011042 0.015339 -3.138316 1738.219971
29.710432 -0.066420 1.347689 0.005046 0.016847 3.141585 1738.449951
29.502127 -0.053192 1.349430 -0.006850 0.028927 3.140012 1738.689941
29.298809 -0.044376 1.354426 -0.012057 0.028200 3.141574 1738.920044
29.092369 -0.041921 1.361322 -0.011693 0.021555 -3.137722 1739.150024
28.885092 -0.045486 1.369518 -0.008973 0.032826 -3.133366 1739.380005
28.683552 -0.053009 1.377468 -0.004221 0.015562 -3.129223 1739.599976
28.483501 -0.062228 1.384417 0.000270 0.026611 -3.125734 1739.819946
28.281704 -0.071128 1.389936 0.002620 0.034156 -3.122933 1740.040039
28.074612 -0.078724 1.393897 0.003128 0.035778 -3.121380 1740.260010
27.871450 -0.084605 1.396419 0.002711 0.028716 -3.121519 1740.469971
27.666779 -0.089238 1.398141 0.003256 0.009616 -3.123159 1740.680054
27.457531 -0.092478 1.399562 0.003871 0.019150 -3.125919 1740.900024
27.250219 -0.093924 1.401251 0.003686 0.027761 -3.129391 1741.119995
27.040686 -0.093768 1.403473 0.002802 0.031597 -3.133185 1741.339966
26.837421 -0.092529 1.406147 0.001667 0.027823 -3.136761 1741.550049
26.632080 -0.090706 1.409213 0.000481 0.028449 -3.139875 1741.760010
26.424835 -0.088779 1.412325 -0.000417 0.028434 3.140754 1741.969971
26.216547 -0.087096 1.415302 -0.000809 0.008495 3.138791 1742.180054
26.013655 -0.085811 1.417943 -0.000765 0.009236 3.137375 1742.390015
25.806921 -0.084850 1.420383 -0.000564 0.022477 3.136432 1742.609985
25.601091 -0.084195 1.422450 -0.001452 0.022792 3.136339 1742.829956
25.394876 -0.084199 1.423947 -0.002681 0.028054 3.137386 1743.050049
25.186550 -0.085347 1.424653 -0.002886 0.027266 3.139626 1743.270020
24.985502 -0.087593 1.424674 -0.002486 0.030894 -3.140655 1743.479980
24.781353 -0.090782 1.424239 -0.001752 0.025638 -3.137341 1743.689941
24.577015 -0.094585 1.423163 -0.000770 0.007021 -3.134320 1743.900024
24.369656 -0.098711 1.419830 0.000776 0.010529 -3.132095 1744.119995
24.167715 -0.102339 1.412209 0.001989 0.024563 -3.130750 1744.339966
23.965183 -0.105029 1.399614 0.002210 0.031540 -3.130296 1744.560059
23.758850 -0.106753 1.382669 0.001818 0.027016 -3.130926 1744.780029
23.550377 -0.107661 1.366630 0.001806 0.024491 -3.132465 1745.000000
23.350464 -0.107795 1.358084 0.001762 0.028248 -3.134488 1745.209961
23.148371 -0.107258 1.358344 0.001480 0.029165 -3.136814 1745.420044
22.943853 -0.106174 1.367425 0.001056 0.028206 -3.139229 1745.630005
22.737656 -0.104719 1.383649 0.000600 0.012391 -3.141592 1745.839966
22.535822 -0.103071 1.403530 0.000379 0.003018 3.139336 1746.050049
22.332472 -0.101244 1.424766 0.000360 0.018880 3.137177 1746.270020
22.131077 -0.099308 1.444293 0.000293 0.030982 3.135296 1746.489990
21.926031 -0.097251 1.461146 0.000101 0.034689 3.133748 1746.709961
21.725363 -0.095226 1.474345 -0.000106 0.023739 3.132655 1746.920044
21.525225 -0.093274 1.483956 -0.000603 0.000003 3.132332 1747.130005
21.324360 -0.091595 1.489201 -0.001295 0.014142 3.132817 1747.349976
21.118610 -0.090495 1.489633 -0.001569 0.019060 3.134081 1747.579956
20.914221 -0.090149 1.485688 -0.001378 0.020573 3.135870 1747.810059
20.710119 -0.090446 1.478592 -0.001005 0.031679 3.137899 1748.040039
20.501341 -0.091179 1.469559 -0.000676 0.035619 3.139761 1748.270020
20.296429 -0.092118 1.460465 0.000030 0.020046 3.140985 1748.489990
20.091681 -0.092984 1.452396 0.000889 0.023231 -3.141514 1748.709961
19.886488 -0.093409 1.446366 0.001323 0.032840 -3.141262 1748.930054
19.676872 -0.093228 1.442545 0.001192 0.034931 -3.141372 1749.150024
19.471777 -0.092554 1.440759 0.000866 0.031367 3.141486 1749.359985
19.263330 -0.091544 1.440290 0.000589 0.028154 -3.141409 1749.569946
19.053635 -0.090376 1.440661 -0.000869 0.018698 -3.139623 1749.780029
18.845812 -0.089683 1.441141 -0.003323 0.019620 -3.136626 1749.989990
18.639826 -0.090427 1.441446 -0.004453 0.015427 -3.132917 1750.199951
18.437784 -0.092989 1.441097 -0.003728 0.006085 -3.128916 1750.410034
18.233099 -0.097258 1.439828 -0.002723 0.019533 -3.125095 1750.630005
18.031176 -0.102682 1.438133 -0.001312 0.010622 -3.121876 1750.849976
17.824430 -0.108817 1.436389 0.000324 0.022296 -3.119327 1751.079956
17.617506 -0.114747 1.434923 0.001181 0.033747 -3.117663 1751.310059
17.414320 -0.119972 1.433996 0.001204 0.034340 -3.117856 1751.530029
17.205875 -0.124728 1.433508 0.002000 0.027741 -3.120706 1751.750000
16.994942 -0.128494 1.433590 0.004857 0.027213 -3.125675 1751.969971
16.792002 -0.130078 1.434428 0.005899 0.022894 -3.131687 1752.180054
16.589699 -0.129251 1.435652 0.005159 0.011427 -3.138142 1752.390015
16.382311 -0.126136 1.437260 0.003807 0.018581 3.138829 1752.609985
16.177488 -0.121408 1.439020 0.001936 0.012285 3.133626 1752.829956
15.976620 -0.115993 1.440459 -0.000353 0.018272 3.129652 1753.050049
15.768169 -0.110657 1.441461 -0.001754 0.025762 3.126752 1753.280029
15.567874 -0.106436 1.441733 -0.002039 0.015464 3.125285 1753.500000
15.361989 -0.103126 1.441262 -0.001965 0.012533 3.125118 1753.729980
15.159711 -0.100865 1.440482 -0.001920 0.030077 3.125990 1753.959961
14.954519 -0.099467 1.439912 -0.001517 0.019872 3.127644 1754.189941
14.748881 -0.098746 1.439610 -0.000960 0.025130 3.129629 1754.420044
14.541437 -0.098405 1.439623 -0.000476 0.026824 3.131619 1754.650024
14.341338 -0.098193 1.439584 0.000130 0.017495 3.133364 1754.869995
14.133495 -0.097847 1.438874 0.000531 0.030680 3.134933 1755.099976
13.930944 -0.097201 1.437493 0.000673 0.037390 3.136610 1755.319946
13.721951 -0.096205 1.435532 0.000647 0.035298 3.139711 1755.540039
13.517521 -0.095011 1.433194 -0.000409 0.020959 -3.138418 1755.750000
13.313812 -0.094190 1.429949 -0.004283 0.013193 -3.131799 1755.959961
13.104524 -0.095317 1.425398 -0.006559 0.019038 -3.124005 1756.180054
12.898334 -0.099443 1.419839 -0.006281 0.009445 -3.115927 1756.400024
12.697429 -0.106348 1.413290 -0.004740 0.020128 -3.108367 1756.619995
12.488980 -0.115823 1.405797 -0.002742 0.017201 -3.101367 1756.849976
12.282527 -0.126563 1.397952 -0.001323 0.020604 -3.097031 1757.079956
12.077201 -0.137802 1.390742 0.001591 0.020102 -3.096923 1757.310059
11.871875 -0.147996 1.387780 0.007012 0.027993 -3.100547 1757.540039
11.663310 -0.154788 1.391591 0.009028 0.034309 -3.107084 1757.770020
11.457799 -0.157288 1.401929 0.008077 0.036376 -3.115395 1757.989990
11.255705 -0.156467 1.416894 0.005787 0.030808 -3.124688 1758.199951
11.051078 -0.153425 1.433591 0.003964 0.013735 -3.134659 1758.410034
10.849750 -0.148883 1.447722 0.003053 0.017876 3.138729 1758.619995
10.641480 -0.142970 1.457386 0.002111 0.013759 3.129124 1758.839966
10.437308 -0.136317 1.460975 0.001183 0.013034 3.120663 1759.060059
10.237256 -0.129318 1.458953 0.000449 0.024918 3.113619 1759.280029
10.036945 -0.122197 1.453170 -0.000859 0.021042 3.108260 1759.500000
9.836683 -0.115504 1.446161 -0.002368 0.026859 3.104948 1759.719971
9.634626 -0.109767 1.439860 -0.002749 0.018551 3.103868 1759.939941
9.433509 -0.105220 1.435380 -0.002212 0.019179 3.105121 1760.160034
9.233444 -0.101593 1.432908 -0.001507 0.029501 3.108888 1760.380005
9.031281 -0.098513 1.432135 -0.002400 0.017655 3.114886 1760.599976
8.830396 -0.096470 1.432643 -0.003761 0.023340 3.122182 1760.819946
8.628758 -0.096030 1.434160 -0.004122 0.033850 3.129857 1761.040039
8.422319 -0.097309 1.436304 -0.003512 0.032559 3.136426 1761.260010
8.220721 -0.099910 1.438609 -0.002412 0.029935 3.140298 1761.469971
8.017253 -0.103261 1.439795 0.001442 0.012444 -3.141564 1761.680054
7.807952 -0.105945 1.437560 0.005123 0.019047 3.140762 1761.900024
7.601147 -0.106237 1.431104 0.006139 0.012516 3.138128 1762.119995
7.398507 -0.103746 1.420615 0.005274 0.016250 3.134445 1762.339966
7.198401 -0.098921 1.406867 0.003736 0.024684 3.130199 1762.560059
6.998963 -0.092549 1.391294 0.001042 -0.000845 3.126083 1762.780029
6.791285 -0.085533 1.374859 -0.003256 0.011862 3.123127 1763.020020
6.588245 -0.080450 1.360916 -0.005102 0.026518 3.122590 1763.260010
6.382519 -0.078111 1.350259 -0.004827 0.027862 3.124387 1763.500000
6.181479 -0.078211 1.342597 -0.003653 0.035315 3.127535 1763.729980
5.974951 -0.079904 1.336828 -0.001973 0.015223 3.131524 1763.959961
5.770284 -0.082419 1.333289 -0.000455 0.018913 3.135652 1764.189941
5.566699 -0.085008 1.332490 0.000332 0.032114 3.139621 1764.420044
5.357803 -0.087286 1.334253 0.000541 0.039711 -3.139983 1764.650024
5.149853 -0.089132 1.337763 0.000494 0.039304 -3.137057 1764.869995
4.944439 -0.090668 1.342169 0.000380 0.034176 -3.134685 1765.079956
4.735067 -0.092065 1.346802 0.000131 0.017307 -3.132583 1765.290039
4.527784 -0.093438 1.351363 -0.000417 0.018655 -3.130855 1765.500000
4.322699 -0.094986 1.355555 -0.000410 0.024641 -3.129426 1765.709961
4.117508 -0.096757 1.359053 -0.000428 0.024299 -3.128263 1765.920044
3.911783 -0.098757 1.361845 -0.000336 0.027605 -3.127277 1766.130005
3.705412 -0.100956 1.364006 -0.000314 0.010861 -3.126394 1766.339966
3.503785 -0.103269 1.366241 -0.000467 0.011561 -3.125643 1766.550049
3.288160 -0.105986 1.369715 -0.000421 0.019310 -3.124999 1766.780029
3.084368 -0.108786 1.374008 -0.000301 0.013950 -3.124548 1767.000000
2.883985 -0.111702 1.379195 -0.000160 0.022717 -3.124260 1767.219971
2.674923 -0.114853 1.385502 -0.000048 0.016363 -3.124082 1767.449951
2.467704 -0.118023 1.392260 0.000055 0.021940 -3.123840 1767.680054
2.261379 -0.121191 1.398987 -0.000144 0.019875 -3.123423 1767.910034
2.055570 -0.124458 1.404593 -0.000482 0.026790 -3.122887 1768.140015
1.847484 -0.128031 1.408723 -0.000578 0.022772 -3.122291 1768.369995
1.647478 -0.131756 1.410948 -0.000492 0.024116 -3.121721 1768.589966
1.446468 -0.135738 1.411831 -0.000330 0.027597 -3.121183 1768.810059
1.244045 -0.139912 1.411676 -0.000178 0.014549 -3.120011 1769.030029
1.044076 -0.144100 1.410840 0.000379 0.023462 -3.116492 1769.250000
0.835176 -0.148826 1.410302 -0.009556 0.022403 -3.109102 1769.479980
0.634908 -0.157963 1.411582 -0.021491 0.027855 -3.097672 1769.699951
0.433000 -0.176751 1.415286 -0.022834 0.016603 -3.081427 1769.920044
0.233584 -0.205503 1.421179 -0.018534 0.017130 -3.061870 1770.140015
0.036760 -0.242018 1.429123 -0.012875 0.024871 -3.039774 1770.359985
-0.166087 -0.285171 1.437888 -0.003965 -0.040728 -3.014706 1770.589966
-0.362790 -0.331390 1.445855 0.005244 -0.104288 -2.986813 1770.859985
