55.127998 0.000000 0.000000 0.040000
81.288002 0.000000 0.000000 0.060000
124.704002 0.409303 0.000000 0.670000
159.671997 0.821152 0.000000 1.050000
161.360001 0.821152 0.000000 1.060000
161.391998 1.654484 0.000000 1.670000
188.600006 1.863640 0.000000 2.050000
205.688004 1.863640 0.000000 2.060000
210.335999 2.069098 0.000000 2.670000
215.639999 2.274277 0.000000 3.050000
228.871994 2.274277 0.000000 3.060000
266.944000 3.103285 0.000000 3.660000
270.720001 3.510734 0.000000 4.040000
276.824005 3.510734 0.000000 4.060000
293.608002 3.916904 0.000000 4.670000
302.704010 4.321980 0.000000 5.050000
305.279999 4.321980 0.000000 5.060000
310.351990 4.726934 104.999924 5.670000
318.511993 4.726934 104.999924 6.050000
321.343994 4.726934 104.999924 6.060000
324.000000 4.930075 104.999924 6.670000
330.175995 5.342222 104.999924 7.050000
334.944000 5.342222 104.999924 7.070000
336.384003 5.954785 104.999924 7.670000
340.704010 6.364059 104.999924 8.050000
346.463989 6.364059 104.999924 8.060000
348.424011 6.982082 104.999924 8.670000
351.864014 7.189598 104.999924 9.050000
356.783997 7.189598 104.999924 9.060000
358.015991 7.803761 104.999924 9.670000
361.183990 8.219681 104.999924 10.050000
366.415985 8.219681 104.999924 10.070000
367.911987 8.626458 104.999924 10.670000
370.864014 9.029967 104.999924 11.050000
374.536011 9.029967 104.999924 11.070000
375.832001 9.646177 104.999924 11.670000
378.455994 10.049879 104.999924 12.050000
382.007996 10.049879 104.999924 12.060000
383.167999 10.658603 104.999924 12.670000
386.015991 11.064484 104.999924 13.050000
390.127991 11.064484 104.999924 13.070000
391.135986 11.471062 104.999924 13.670000
393.920013 11.882961 104.999924 14.050000
397.079987 11.882961 104.999924 14.070000
397.959991 12.289886 54.044231 14.660000
400.328003 12.289886 54.044231 15.050000
403.503998 12.289886 54.044231 15.060000
404.384003 12.696025 54.044231 15.670000
406.399994 12.904169 54.044231 16.049999
409.760010 12.904169 54.044231 16.070000
410.575989 13.521358 54.044231 16.670000
413.167999 13.930141 54.044231 17.049999
415.768005 13.930141 54.044231 17.070000
416.239990 14.537286 54.044231 17.670000
418.727997 14.944830 54.044231 18.049999
421.640015 14.944830 54.044231 18.059999
422.415985 15.561408 54.044231 18.680000
425.104004 15.765110 54.044231 19.049999
428.760010 15.765110 54.044231 19.070000
429.335999 16.372587 54.044231 19.670000
431.608002 16.780300 54.044231 20.049999
436.888000 16.780300 54.044231 20.070000
437.328003 17.404009 54.044231 20.670000
439.471985 17.821545 54.044231 21.049999
447.567993 17.821545 54.044231 21.070000
448.096008 18.441593 54.044231 21.670000
450.040009 18.646870 54.044231 22.049999
455.743988 18.646870 54.044231 22.070000
456.440002 19.263334 54.044231 22.670000
458.727997 19.468098 40.782246 23.049999
462.351990 19.468098 40.782246 23.070000
463.536011 19.669226 40.782246 23.670000
465.519989 19.872828 40.782246 24.049999
467.959991 19.872828 40.782246 24.070000
469.727997 20.481407 40.782246 24.670000
471.679993 20.686272 40.782246 25.049999
474.127991 20.686272 40.782246 25.070000
475.399994 21.305866 40.782246 25.670000
476.967987 21.707438 40.782246 26.049999
479.623993 21.707438 40.782246 26.070000
480.312012 22.318686 40.782246 26.670000
482.264008 22.726686 40.782246 27.049999
485.000000 22.726686 40.782246 27.070000
486.096008 23.130489 40.782246 27.670000
488.191986 23.546034 40.782246 28.049999
489.743988 23.546034 40.782246 28.070000
490.735992 24.171883 40.782246 28.670000
492.567993 24.378004 40.782246 29.049999
494.447998 24.378004 40.782246 29.070000
494.832001 24.994219 40.782246 29.670000
496.696014 25.400757 40.782246 30.049999
499.079987 25.400757 40.782246 30.070000
499.503998 26.013433 40.782246 30.670000
501.231995 26.215876 40.782246 31.049999
503.511993 26.215876 40.782246 31.070000
503.768005 26.621170 45.705433 31.670000
505.608002 26.821192 45.705433 32.049999
507.015991 26.821192 45.705433 32.070000
507.320007 27.021252 45.705433 32.669998
508.679993 27.438147 45.705433 33.049999
510.239990 27.438147 45.705433 33.060001
510.424011 28.052044 45.705433 33.669998
512.080017 28.466303 45.705433 34.049999
513.703979 28.466303 45.705433 34.070000
514.007996 29.075451 45.705433 34.669998
515.903992 29.275635 45.705433 35.049999
517.599976 29.275635 45.705433 35.070000
518.015991 29.893215 45.705433 35.669998
519.632019 30.307365 45.705433 36.040001
521.695984 30.307365 45.705433 36.070000
522.575989 30.920013 45.705433 36.669998
524.143982 31.129608 45.705433 37.049999
525.495972 31.129608 45.705433 37.070000
526.072021 31.735315 45.705433 37.669998
528.392029 32.143143 45.705433 38.049999
529.856018 32.143143 45.705433 38.070000
530.223999 32.755550 45.705433 38.669998
532.072021 32.959297 45.705433 39.049999
533.679993 32.959297 45.705433 39.070000
534.080017 33.569431 45.705433 39.669998
536.375977 33.979424 45.705433 40.049999
538.007996 33.979424 45.705433 40.070000
538.255981 34.588619 45.705433 40.669998
540.599976 34.998055 45.705433 41.049999
542.064026 34.998055 45.705433 41.070000
542.343994 35.198303 47.578949 41.669998
544.512024 35.198303 47.578949 42.049999
546.280029 35.198303 47.578949 42.070000
546.544006 35.604534 47.578949 42.669998
548.440002 36.010010 47.578949 43.049999
550.247986 36.010010 47.578949 43.070000
550.520020 36.623230 47.578949 43.669998
552.328003 36.830582 47.578949 44.049999
554.064026 37.034126 47.578949 44.070000
554.320007 37.442940 47.578949 44.669998
556.559998 37.854362 47.578949 45.049999
559.271973 37.854362 47.578949 45.070000
560.208008 38.476639 47.578949 45.669998
563.536011 38.679741 47.578949 46.049999
565.943970 38.881439 47.578949 46.070000
566.512024 39.290283 47.578949 46.669998
569.575989 39.701305 47.578949 47.049999
571.943970 39.701305 47.578949 47.070000
572.320007 40.306187 47.578949 47.669998
574.895996 40.713917 47.578949 48.049999
578.239990 40.713917 47.578949 48.070000
578.728027 41.122250 47.578949 48.669998
582.447998 41.524055 47.578949 49.049999
587.895996 41.524055 47.578949 49.070000
588.328003 42.140167 47.578949 49.669998
593.703979 42.548836 47.578949 50.049999
596.968018 42.548836 47.578949 50.070000
597.711975 42.960510 47.578949 50.669998
605.151978 43.166363 67.786125 51.049999
608.239990 43.166363 67.786125 51.070000
611.416016 43.366489 67.786125 51.669998
616.072021 43.566917 67.786125 52.060001
618.903992 43.566917 67.786125 52.070000
621.320007 44.187187 67.786125 52.669998
628.695984 44.604576 67.786125 53.049999
631.072021 44.604576 67.786125 53.070000
631.976013 45.228252 67.786125 53.669998
641.312012 45.431725 67.786125 54.049999
644.432007 45.431725 67.786125 54.070000
645.447998 46.048153 67.786125 54.669998
652.127991 46.455482 67.786125 55.060001
656.736023 46.455482 67.786125 55.070000
656.976013 47.068741 67.786125 55.669998
660.271973 47.269314 67.786125 56.049999
663.208008 47.473038 67.786125 56.070000
663.367981 47.885830 67.786125 56.669998
666.559998 48.295074 67.786125 57.049999
668.280029 48.295074 67.786125 57.070000
668.375977 48.905380 67.786125 57.669998
671.783997 49.318920 67.786125 58.049999
673.151978 49.318920 67.786125 58.070000
673.335999 49.932388 67.786125 58.669998
677.096008 50.139610 67.786125 59.060001
678.616028 50.139610 67.786125 59.070000
678.744019 50.345089 70.896210 59.669998
681.607971 50.545410 70.896210 60.060001
683.695984 50.545410 70.896210 60.070000
683.760010 50.951965 70.896210 60.669998
686.007996 51.360538 70.896210 61.049999
687.976013 51.360538 70.896210 61.070000
688.039978 51.976452 70.896210 61.669998
691.047974 52.184284 70.896210 62.049999
692.895996 52.184284 70.896210 62.070000
692.903992 52.792828 70.896210 62.669998
695.616028 53.207424 70.896210 63.049999
698.072021 53.207424 70.896210 63.070000
698.424011 53.621189 70.896210 63.669998
700.599976 54.030323 70.896210 64.050003
703.047974 54.030323 70.896210 64.070000
703.367981 54.641056 70.896210 64.669998
705.408020 54.842262 70.896210 65.050003
708.952026 54.842262 70.896210 65.070000
708.984009 55.458599 70.896210 65.669998
712.487976 55.869526 70.896210 66.050003
715.351990 55.869526 70.896210 66.070000
715.479980 56.487000 70.896210 66.669998
720.471985 56.894676 70.896210 67.050003
724.135986 56.894676 70.896210 67.070000
724.367981 57.506767 70.896210 67.669998
731.783997 57.708279 70.896210 68.059998
737.719971 57.708279 70.896210 68.070000
738.328003 58.316925 70.896210 68.669998
744.479980 58.730129 70.896210 69.050003
760.632019 58.730129 70.896210 69.080002
761.039978 59.138783 91.874313 69.669998
765.168030 59.138783 91.874313 70.059998
777.168030 59.138783 91.874313 70.070000
777.424011 59.542614 91.874313 70.669998
779.312012 59.960125 91.874313 71.059998
790.280029 59.960125 91.874313 71.070000
790.440002 60.576565 91.874313 71.669998
791.375977 60.991947 91.874313 72.059998
802.023987 60.991947 91.874313 72.059998
802.831970 61.601570 91.874313 72.669998
804.184021 61.807949 91.874313 73.050003
813.872009 61.807949 91.874313 73.070000
814.343994 62.425289 91.874313 73.669998
816.607971 62.834286 91.874313 74.059998
824.591980 62.834286 91.874313 74.070000
824.728027 63.450649 91.874313 74.669998
826.559998 63.657230 91.874313 75.050003
830.943970 63.864883 91.874313 75.070000
831.151978 64.276505 91.874313 75.669998
832.888000 64.690430 91.874313 76.059998
835.776001 64.690430 91.874313 76.070000
835.799988 65.304199 91.874313 76.669998
837.768005 65.709900 91.874313 77.050003
840.671997 65.709900 91.874313 77.070000
840.695984 66.113319 91.874313 77.669998
842.320007 66.523827 91.874313 78.059998
844.872009 66.523827 91.874313 78.070000
844.952026 67.135582 91.874313 78.669998
846.679993 67.553535 91.874313 79.059998
851.479980 67.553535 91.874313 79.070000
851.512024 68.172279 91.874313 79.669998
853.192017 68.373810 91.874313 80.059998
860.392029 68.576492 91.874313 80.070000
860.408020 68.988640 91.874313 80.669998
861.447998 69.397369 91.874313 81.059998
868.703979 69.397369 91.874313 81.070000
869.288025 69.802345 68.046577 81.669998
869.703979 69.802345 68.046577 82.059998
875.783997 69.802345 68.046577 82.070000
876.312012 70.213097 68.046577 82.669998
876.664001 70.622391 68.046577 83.059998
883.015991 70.622391 68.046577 83.070000
883.192017 71.038078 68.046577 83.669998
883.711975 71.449875 68.046577 84.059998
888.783997 71.449875 68.046577 84.070000
888.903992 72.063957 68.046577 84.669998
890.744019 72.475250 68.046577 85.059998
900.880005 72.475250 68.046577 85.070000
900.952026 73.100166 68.046577 85.669998
902.559998 73.302864 68.046577 86.059998
909.471985 73.302864 68.046577 86.070000
909.559998 73.918915 68.046577 86.669998
911.392029 74.330139 68.046577 87.059998
920.640015 74.330139 68.046577 87.070000
920.671997 74.958107 68.046577 87.669998
922.304016 75.166855 68.046577 88.059998
929.719971 75.166855 68.046577 88.070000
929.888000 75.780632 68.046577 88.669998
931.343994 76.186852 68.046577 89.059998
936.791992 76.186852 68.046577 89.070000
936.823975 76.803917 68.046577 89.669998
938.383972 77.011284 68.046577 90.059998
942.880005 77.011284 68.046577 90.070000
943.184021 77.626671 68.046577 90.669998
944.815979 77.826790 75.614471 91.059998
949.895996 77.826790 75.614471 91.070000
950.328003 77.826790 75.614471 91.669998
951.895996 78.227028 75.614471 92.059998
955.231995 78.227028 75.614471 92.070000
955.320007 78.641922 75.614471 92.669998
956.640015 79.052673 75.614471 93.059998
959.343994 79.052673 75.614471 93.070000
959.455994 79.660988 75.614471 93.669998
960.815979 80.070366 75.614471 94.059998
963.504028 80.070366 75.614471 94.070000
963.616028 80.679543 75.614471 94.669998
964.711975 81.087692 75.614471 95.050003
969.007996 81.087692 75.614471 95.070000
969.080017 81.698578 75.614471 95.669998
969.927979 81.905342 75.614471 96.059998
975.015991 81.905342 75.614471 96.070000
975.127991 82.521095 75.614471 96.669998
976.552002 82.937836 75.614471 97.059998
981.880005 82.937836 75.614471 97.070000
981.927979 83.543518 75.614471 97.669998
982.703979 83.948074 75.614471 98.059998
988.943970 83.948074 75.614471 98.070000
989.096008 84.562721 75.614471 98.669998
989.776001 84.770782 75.614471 99.059998
995.463989 84.770782 75.614471 99.070000
995.671997 85.383240 75.614471 99.669998
996.695984 85.587921 51.085598 100.059998
1002.583984 85.587921 51.085598 100.070000
1003.223999 85.788101 51.085598 100.669998
1004.104004 85.991348 51.085598 101.059998
1009.736023 85.991348 51.085598 101.070000
1009.992004 86.399269 51.085598 101.669998
1010.679993 86.809731 51.085598 102.059998
1015.872009 86.809731 51.085598 102.080002
1016.080017 87.427750 51.085598 102.669998
1016.919983 87.841187 51.085598 103.050003
1019.783997 87.841187 51.085598 103.080002
1020.104004 88.454346 51.085598 103.669998
1020.695984 88.661125 51.085598 104.059998
1022.736023 88.661125 51.085598 104.070000
1023.151978 89.272705 51.085598 104.669998
1023.791992 89.680244 51.085598 105.059998
1026.520020 89.680244 51.085598 105.070000
1026.680054 90.293175 51.085598 105.669998
1027.024048 90.501060 51.085598 106.059998
1032.991943 90.501060 51.085598 106.070000
1033.144043 91.113197 51.085598 106.669998
1033.728027 91.515259 51.085598 107.059998
1043.800049 91.515259 51.085598 107.070000
1043.936035 92.126495 51.085598 107.669998
1044.527954 92.542778 51.085598 108.059998
1060.680054 92.542778 51.085598 108.070000
1060.936035 92.950851 51.085598 108.669998
1061.432007 93.357346 51.085598 109.059998
1078.991943 93.357346 51.085598 109.070000
1079.472046 93.968323 51.085598 109.669998
1080.416016 94.170052 72.446770 110.059998
1091.624023 94.170052 72.446770 110.070000
1092.047974 94.371269 72.446770 110.669998
1092.904053 94.573708 72.446770 111.059998
1099.784058 94.573708 72.446770 111.070000
1100.095947 94.983795 72.446770 111.669998
1100.823975 95.392967 72.446770 112.059998
1106.255981 95.392967 72.446770 112.070000
1106.472046 96.008110 72.446770 112.669998
1108.336060 96.424545 72.446770 113.059998
1112.135986 96.424545 72.446770 113.070000
1112.264038 97.034119 72.446770 113.669998
1113.504028 97.443359 72.446770 114.059998
1113.943970 97.443359 72.446770 114.070000
1114.223999 97.849655 72.446770 114.660004
1115.615967 98.260277 72.446770 115.059998
1116.056030 98.260277 72.446770 115.070000
1116.647949 98.875496 72.446770 115.669998
1117.680054 99.279861 72.446770 116.059998
1118.848022 99.279861 72.446770 116.070000
1121.423950 99.888077 72.446770 116.669998
1122.504028 100.302361 72.446770 117.059998
1125.319946 100.302361 72.446770 117.059998
1127.751953 100.715370 72.446770 117.669998
1128.864014 101.119270 72.446770 118.070000
1139.135986 101.119270 72.446770 118.070000
1141.511963 101.526543 97.897408 118.669998
1142.719971 101.526543 97.897408 119.070000
1163.456055 101.526543 97.897408 119.070000
1166.024048 101.929985 97.897408 119.669998
1167.088013 102.343597 97.897408 120.070000
1188.239990 102.343597 97.897408 120.070000
1190.239990 102.965431 97.897408 120.669998
1190.375977 103.166939 97.897408 121.070000
1200.056030 103.166939 97.897408 121.070000
1202.303955 103.777184 97.897408 121.669998
1202.488037 104.183731 97.897408 122.070000
1209.904053 104.183731 97.897408 122.070000
1210.968018 104.793022 97.897408 122.669998
1211.271973 105.000298 97.897408 123.059998
1216.239990 105.000298 97.897408 123.059998
1216.911987 105.621483 97.897408 123.669998
1218.088013 106.029724 97.897408 124.070000
1221.303955 106.029724 97.897408 124.070000
1221.920044 106.637337 97.897408 124.669998
1225.352051 107.047966 97.897408 125.070000
1228.864014 107.047966 97.897408 125.070000
1229.391968 107.459846 97.897408 125.669998
1233.000000 107.863388 97.897408 126.070000
1236.527954 107.863388 97.897408 126.070000
1237.312012 108.477257 97.897408 126.669998
1241.368042 108.880600 97.897408 127.070000
1244.495972 108.880600 97.897408 127.070000
1245.439941 109.500832 97.897408 127.669998
1248.447998 109.706467 97.897408 128.070007
1250.479980 109.706467 97.897408 128.070007
1251.728027 110.317337 97.897408 128.660004
1254.488037 110.718582 97.897408 129.070007
1256.375977 110.718582 97.897408 129.070007
1257.439941 111.128181 81.722672 129.669998
1259.552002 111.128181 81.722672 130.070007
1260.911987 111.128181 81.722672 130.070007
1261.527954 111.330070 81.722672 130.669998
1263.072021 111.744415 81.722672 131.070007
1264.760010 111.744415 81.722672 131.070007
1265.416016 112.353592 81.722672 131.669998
1266.536011 112.769180 81.722672 132.070007
1268.816040 112.769180 81.722672 132.070007
1269.439941 113.180954 81.722672 132.669998
1270.887939 113.582970 81.722672 133.070007
1276.920044 113.582970 81.722672 133.070007
1277.671997 114.195229 81.722672 133.669998
1279.040039 114.599892 81.722672 134.070007
1284.800049 114.599892 81.722672 134.070007
1285.712036 115.016502 81.722672 134.660004
1287.151978 115.423904 81.722672 135.070007
1289.687988 115.423904 81.722672 135.070007
1290.384033 116.043266 81.722672 135.669998
1291.624023 116.452011 81.722672 136.070007
1293.416016 116.452011 81.722672 136.070007
1293.936035 117.058609 81.722672 136.669998
1295.400024 117.464775 81.722672 137.070007
1296.959961 117.464775 81.722672 137.070007
1297.368042 118.076408 81.722672 137.669998
1298.728027 118.283806 81.722672 138.070007
1299.823975 118.283806 81.722672 138.070007
1300.128052 118.896645 81.722672 138.669998
1301.303955 119.310547 81.722672 139.070007
1301.712036 119.310547 81.722672 139.070007
1302.271973 119.722778 81.722672 139.669998
1303.984009 119.925499 70.526443 140.070007
1304.416016 119.925499 70.526443 140.070007
1304.936035 119.925499 70.526443 140.669998
1306.463989 120.133438 70.526443 141.070007
1307.095947 120.133438 70.526443 141.070007
1307.543945 120.741852 70.526443 141.660004
1308.479980 121.149788 70.526443 142.070007
1308.855957 121.149788 70.526443 142.070007
1309.079956 121.765160 70.526443 142.669998
1309.839966 122.175262 70.526443 143.070007
1310.135986 122.175262 70.526443 143.070007
1310.608032 122.789230 70.526443 143.669998
1311.312012 123.191589 70.526443 144.070007
1311.423950 123.191589 70.526443 144.070007
1312.423950 123.603584 70.526443 144.669998
1312.895996 124.010986 70.526443 145.059998
1313.000000 124.010986 70.526443 145.059998
1314.911987 124.627563 70.526443 145.669998
1315.328003 125.030685 70.526443 146.070007
1315.439941 125.030685 70.526443 146.070007
1316.592041 125.641945 70.526443 146.679993
1316.864014 126.049561 70.526443 147.070007
1317.008057 126.049561 70.526443 147.070007
1317.663940 126.462402 70.526443 147.669998
1318.015991 126.875595 70.526443 148.070007
1318.063965 126.875595 70.526443 148.070007
1319.040039 127.486977 70.526443 148.669998
1319.504028 127.897469 70.526443 149.070007
1319.624023 127.897469 70.526443 149.070007
1320.439941 128.300720 71.289825 149.679993
1320.880005 128.300720 71.289825 150.070007
1321.144043 128.300720 71.289825 150.070007
1321.615967 128.706482 71.289825 150.669998
1321.839966 128.911163 71.289825 151.070007
1322.135986 128.911163 71.289825 151.070007
1322.560059 129.519867 71.289825 151.669998
1322.832031 129.929108 71.289825 152.070007
1322.927979 129.929108 71.289825 152.070007
1323.160034 130.541428 71.289825 152.679993
1323.583984 130.957123 71.289825 153.070007
1323.703979 130.957123 71.289825 153.070007
1324.000000 131.359299 71.289825 153.669998
1324.336060 131.768112 71.289825 154.070007
1324.423950 131.768112 71.289825 154.070007
1324.791992 132.384323 71.289825 154.669998
1325.248047 132.795197 71.289825 155.070007
1325.511963 132.795197 71.289825 155.070007
1326.144043 133.410248 71.289825 155.679993
1326.456055 133.820663 71.289825 156.070007
1326.776001 133.820663 71.289825 156.070007
1327.456055 134.225952 71.289825 156.669998
1327.848022 134.636414 71.289825 157.070007
1328.239990 134.636414 71.289825 157.070007
1328.823975 135.245529 71.289825 157.679993
1329.024048 135.659378 71.289825 158.070007
1329.511963 135.659378 71.289825 158.070007
1329.887939 136.071533 71.289825 158.669998
1330.232056 136.276962 71.289825 159.070007
1330.927979 136.276962 71.289825 159.070007
1331.015991 136.276962 71.289825 159.669998
1331.439941 136.276962 71.289825 160.070007
1332.328003 136.276962 71.289825 160.070007
1332.391968 136.276962 71.289825 160.679993
1332.552002 136.276962 71.289825 161.070007
1332.864014 136.276962 71.289825 161.070007
1332.904053 136.276962 71.289825 161.669998
1333.112061 136.276962 71.289825 162.070007
1333.536011 136.276962 71.289825 162.070007
1333.624023 136.276962 71.289825 162.669998
1333.807983 136.276962 71.289825 163.070007
1334.135986 136.276962 71.289825 163.070007
1334.255981 136.276962 71.289825 163.679993
1334.384033 136.276962 71.289825 164.059998
1334.624023 136.276962 71.289825 164.059998
1334.744019 136.276962 71.289825 164.679993
1334.904053 136.276962 71.289825 165.070007
1334.991943 136.276962 71.289825 165.070007
1336.680054 136.276962 71.289825 165.679993
1336.807983 136.276962 71.289825 166.070007
1336.848022 136.276962 71.289825 166.070007
1339.088013 136.276962 71.289825 166.669998
1339.223999 136.276962 71.289825 167.070007
1339.384033 136.276962 71.289825 167.070007
1341.072021 136.276962 71.289825 167.679993
1341.255981 136.276962 71.289825 168.070007
1341.608032 136.276962 71.289825 168.070007
1342.927979 136.276962 71.289825 168.679993
1343.000000 136.276962 71.289825 169.070007
1343.671997 136.276962 71.289825 169.070007
1344.128052 136.276962 71.289825 169.679993
1344.232056 136.276962 71.289825 170.070007
1344.880005 136.276962 71.289825 170.070007
1346.056030 136.276962 71.289825 170.679993
1346.151978 136.276962 71.289825 171.070007
1346.543945 136.276962 71.289825 171.070007
1350.447998 136.276962 71.289825 171.690002
1350.576050 136.276962 71.289825 172.070007
1350.832031 136.276962 71.289825 172.070007
1365.439941 136.276962 71.289825 172.679993
1365.599976 136.276962 71.289825 173.070007
1365.784058 136.276962 71.289825 173.070007
1372.543945 136.276962 71.289825 173.679993
1372.760010 136.276962 71.289825 174.070007
1372.864014 136.276962 71.289825 174.070007
1374.904053 136.276962 71.289825 174.690002
1374.968018 136.276962 71.289825 175.070007
1375.056030 136.276962 71.289825 175.070007
1375.063965 136.276962 71.289825 175.679993
1375.088013 136.276962 71.289825 176.070007
1375.183960 136.276962 71.289825 176.070007
1375.183960 136.276962 71.289825 176.679993
1375.208008 136.276962 71.289825 177.070007
1375.271973 136.276962 71.289825 177.070007
1376.223999 136.276962 71.289825 177.679993
1376.248047 136.276962 71.289825 178.070007
1376.287964 136.276962 71.289825 178.070007
1377.255981 136.276962 71.289825 178.669998
1377.359985 136.276962 71.289825 179.070007
1377.368042 136.276962 71.289825 179.070007
1378.776001 136.276962 71.289825 179.679993
1378.871948 136.276962 71.289825 180.070007
1378.943970 136.276962 71.289825 180.070007
1379.855957 136.276962 71.289825 180.679993
1379.871948 136.276962 71.289825 181.059998
1379.968018 136.276962 71.289825 181.059998
1381.352051 136.276962 71.289825 181.679993
1381.368042 136.276962 71.289825 182.070007
1381.423950 136.276962 71.289825 182.070007
1381.959961 136.276962 71.289825 182.679993
1381.984009 136.276962 71.289825 183.070007
1382.088013 136.276962 71.289825 183.070007
1382.432007 136.276962 71.289825 183.679993
1382.439941 136.276962 71.289825 184.070007
1382.511963 136.276962 71.289825 184.070007
1383.095947 136.276962 71.289825 184.679993
1383.112061 136.276962 71.289825 185.070007
1383.336060 136.276962 71.289825 185.070007
1383.936035 136.276962 71.289825 185.669998
1383.952026 136.276962 71.289825 186.070007
1384.232056 136.276962 71.289825 186.070007
1384.511963 136.276962 71.289825 186.679993
1384.536011 136.276962 71.289825 187.070007
1384.848022 136.276962 71.289825 187.070007
1385.119995 136.276962 71.289825 187.669998
1385.119995 136.276962 71.289825 188.070007
1385.255981 136.276962 71.289825 188.070007
1385.696045 136.276962 71.289825 188.679993
1385.728027 136.276962 71.289825 189.070007
1385.871948 136.276962 71.289825 189.070007
1386.215942 136.276962 89.195839 189.679993
1386.239990 136.276962 89.195839 190.070007
1386.303955 136.276962 89.195839 190.070007
1386.543945 136.684219 89.195839 190.679993
1386.656006 137.096420 89.195839 191.070007
1386.832031 137.096420 89.195839 191.070007
1387.040039 137.502945 89.195839 191.679993
1387.095947 137.704422 89.195839 192.059998
1387.479980 137.704422 89.195839 192.059998
1387.735962 138.323181 89.195839 192.679993
1387.784058 138.735779 89.195839 193.070007
1388.199951 138.735779 89.195839 193.070007
1388.359985 139.361359 89.195839 193.679993
1388.384033 139.769302 89.195839 194.070007
1388.504028 139.769302 89.195839 194.070007
1388.615967 140.180527 89.195839 194.679993
1388.712036 140.587646 89.195839 195.070007
1388.832031 140.587646 89.195839 195.070007
1389.104004 141.206909 89.195839 195.679993
1389.255981 141.617447 89.195839 196.070007
1389.312012 141.617447 89.195839 196.070007
1391.640015 142.226456 89.195839 196.679993
1392.031982 142.426971 89.195839 197.070007
1392.104004 142.426971 89.195839 197.070007
1394.280029 143.047897 89.195839 197.679993
1394.631958 143.461929 89.195839 198.070007
1394.680054 143.461929 89.195839 198.070007
1396.079956 143.866577 86.061707 198.679993
1396.248047 143.866577 86.061707 199.070007
1396.303955 143.866577 86.061707 199.070007
1397.264038 144.273392 86.061707 199.679993
1397.504028 144.680801 86.061707 200.070007
1397.527954 144.680801 86.061707 200.070007
1398.495972 145.295013 86.061707 200.679993
1398.696045 145.699600 86.061707 201.070007
1399.128052 145.699600 86.061707 201.070007
1399.728027 146.318222 86.061707 201.679993
1400.063965 146.727448 86.061707 202.070007
1400.615967 146.727448 86.061707 202.070007
1401.296021 147.140533 86.061707 202.669998
1401.447998 147.551437 86.061707 203.070007
1401.504028 147.551437 86.061707 203.070007
1401.895996 147.961349 86.061707 203.679993
1401.968018 148.371964 86.061707 204.070007
1402.015991 148.371964 86.061707 204.070007
1402.312012 148.986801 86.061707 204.679993
1402.375977 149.402939 86.061707 205.070007
1402.407959 149.402939 86.061707 205.070007
1403.543945 149.812668 86.061707 205.669998
1403.640015 150.219559 86.061707 206.070007
1403.703979 150.219559 86.061707 206.070007
1405.287964 150.830750 86.061707 206.679993
1405.488037 151.247162 86.061707 207.070007
1405.560059 151.247162 86.061707 207.070007
1406.936035 151.660461 86.061707 207.679993
1407.248047 152.068771 86.061707 208.059998
1407.303955 152.068771 86.061707 208.059998
1408.112061 152.470184 87.399834 208.679993
1408.416016 152.470184 87.399834 209.070007
1408.504028 152.470184 87.399834 209.070007
1408.952026 152.671783 87.399834 209.679993
1409.079956 153.077118 87.399834 210.070007
1409.567993 153.077118 87.399834 210.070007
1410.015991 153.692993 87.399834 210.679993
1410.255981 154.095901 87.399834 211.070007
1410.663940 154.095901 87.399834 211.070007
1410.784058 154.707199 87.399834 211.679993
1410.927979 155.120712 87.399834 212.080002
1411.280029 155.120712 87.399834 212.080002
1411.391968 155.535294 87.399834 212.660004
1411.567993 155.946838 87.399834 213.070007
1411.624023 155.946838 87.399834 213.070007
1411.735962 156.561813 87.399834 213.679993
1412.040039 156.968979 87.399834 214.070007
1412.047974 156.968979 87.399834 214.070007
1412.151978 157.583435 87.399834 214.660004
1413.463989 157.785217 87.399834 215.070007
1413.504028 157.785217 87.399834 215.070007
1413.760010 158.410751 87.399834 215.679993
1415.167969 158.825180 87.399834 216.070007
1415.232056 158.825180 87.399834 216.070007
1415.375977 159.438766 87.399834 216.669998
1417.056030 159.645477 87.399834 217.070007
1417.088013 159.645477 87.399834 217.070007
1417.119995 160.257965 87.399834 217.679993
1418.560059 160.663849 87.399834 218.080002
1418.567993 160.663849 87.399834 218.080002
1418.631958 160.865601 78.482208 218.669998
1420.208008 160.865601 78.482208 219.070007
1421.264038 160.865601 78.482208 219.070007
1421.375977 161.276062 78.482208 219.679993
1422.271973 161.680435 78.482208 220.070007
1422.504028 161.680435 78.482208 220.070007
1422.687988 162.291809 78.482208 220.679993
1423.336060 162.706802 78.482208 221.070007
1423.439941 162.706802 78.482208 221.070007
1424.072021 163.116043 78.482208 221.679993
1424.407959 163.525406 78.482208 222.070007
1424.608032 163.525406 78.482208 222.070007
1424.920044 164.143921 78.482208 222.690002
1425.511963 164.550308 78.482208 223.070007
1425.608032 164.550308 78.482208 223.070007
1425.791992 165.163864 64.087074 223.690002
1426.287964 165.163864 64.087074 224.070007
1426.543945 165.163864 64.087074 224.070007
1427.072021 165.365005 64.087074 224.679993
1427.631958 165.565155 64.087074 225.070007
1427.952026 165.565155 64.087074 225.070007
1428.239990 166.180893 64.087074 225.690002
1428.984009 166.583023 64.087074 226.070007
1429.296021 166.583023 64.087074 226.070007
1429.456055 167.188797 64.087074 226.690002
1430.199951 167.598740 64.087074 227.070007
1430.511963 167.598740 64.087074 227.070007
1430.640015 168.002823 64.087074 227.679993
1431.447998 168.417099 64.087074 228.070007
1431.703979 168.417099 64.087074 228.070007
1431.751953 169.028870 64.087074 228.679993
1433.079956 169.437790 64.087074 229.070007
1433.800049 169.437790 64.087074 229.070007
1433.952026 170.045593 64.087074 229.669998
1436.687988 170.253845 64.087074 230.070007
1436.968018 170.253845 64.087074 230.070007
1437.287964 170.863098 64.087074 230.690002
1446.576050 171.272751 64.087074 231.070007
1446.848022 171.272751 64.087074 231.070007
1446.927979 171.891068 64.087074 231.690002
1455.280029 172.295135 64.087074 232.070007
1455.703979 172.295135 64.087074 232.070007
1455.839966 172.708862 64.087074 232.679993
1461.400024 173.116821 64.087074 233.070007
1461.832031 173.116821 64.087074 233.070007
1461.880005 173.739029 64.087074 233.679993
1463.112061 174.146317 64.087074 234.070007
1464.232056 174.146317 64.087074 234.070007
1464.319946 174.350479 66.903351 234.679993
1465.456055 174.350479 66.903351 235.070007
1467.984009 174.350479 66.903351 235.070007
1468.088013 174.753754 66.903351 235.690002
1469.319946 175.162170 66.903351 236.070007
1471.592041 175.162170 66.903351 236.070007
1471.608032 175.781326 66.903351 236.679993
1472.816040 175.990677 66.903351 237.070007
1477.791992 175.990677 66.903351 237.070007
1477.791992 176.609268 66.903351 237.679993
1479.328003 177.014542 66.903351 238.070007
1483.576050 177.014542 66.903351 238.070007
1483.592041 177.430557 66.903351 238.660004
1485.255981 177.845490 66.903351 239.070007
1488.015991 177.845490 66.903351 239.070007
1488.056030 178.459579 66.903351 239.679993
1489.400024 178.870682 66.903351 240.070007
1490.687988 178.870682 66.903351 240.070007
1490.767944 179.283737 66.903351 240.669998
1492.719971 179.695160 66.903351 241.059998
1493.615967 179.695160 66.903351 241.059998
1493.647949 180.302521 66.903351 241.690002
1495.776001 180.709946 66.903351 242.070007
1496.463989 180.709946 66.903351 242.070007
1496.567993 181.316360 66.903351 242.690002
1498.343994 181.523911 66.903351 243.070007
1498.984009 181.523911 66.903351 243.070007
1499.463989 181.931946 45.504490 243.679993
1501.520020 181.931946 45.504490 244.070007
1501.936035 181.931946 45.504490 244.070007
1502.151978 182.338486 45.504490 244.679993
1504.352051 182.745529 45.504490 245.070007
1504.647949 182.745529 45.504490 245.070007
1504.735962 183.160339 45.504490 245.679993
1512.472046 183.578979 45.504490 246.070007
1512.703979 183.578979 45.504490 246.070007
1512.800049 184.187180 45.504490 246.679993
1519.776001 184.602493 45.504490 247.070007
1519.991943 184.602493 45.504490 247.070007
1520.040039 185.012573 45.504490 247.679993
1529.728027 185.422775 45.504490 248.070007
1529.887939 185.422775 45.504490 248.070007
1529.968018 186.047806 45.504490 248.679993
1533.887939 186.458603 45.504490 249.070007
1534.031982 186.458603 45.504490 249.070007
1534.119995 187.064575 45.504490 249.679993
1535.472046 187.469681 45.504490 250.070007
1535.543945 187.469681 45.504490 250.070007
1535.647949 187.876236 45.504490 250.679993
1537.215942 188.288544 45.504490 251.070007
1537.280029 188.288544 45.504490 251.070007
1537.336060 188.894577 45.504490 251.679993
1538.920044 189.296234 45.504490 252.070007
1539.008057 189.296234 45.504490 252.070007
1539.144043 189.699371 45.504490 252.679993
1540.560059 190.116318 45.504490 253.070007
1540.631958 190.116318 45.504490 253.070007
1540.687988 190.733521 43.930401 253.690002
1542.199951 190.733521 43.930401 254.070007
1542.264038 190.733521 43.930401 254.070007
1542.816040 190.934326 43.930401 254.679993
1544.072021 191.337601 43.930401 255.080002
1544.104004 191.337601 43.930401 255.080002
1544.239990 191.958557 43.930401 255.679993
1546.776001 192.167252 43.930401 256.070007
1546.959961 192.167252 43.930401 256.070007
1547.024048 192.778214 43.930401 256.690002
1554.671997 193.189148 43.930401 257.070007
1554.823975 193.189148 43.930401 257.079987
1554.895996 193.807999 43.930401 257.690002
1580.047974 194.016861 43.930401 258.070007
1580.199951 194.016861 43.930401 258.070007
1580.463989 194.627808 43.930401 258.690002
1591.192017 195.037201 43.930401 259.070007
1591.303955 195.037201 43.930401 259.070007
1591.343994 195.647079 43.930401 259.679993
1598.015991 195.853943 43.930401 260.070007
1598.079956 195.853943 43.930401 260.070007
1598.192017 196.469391 43.930401 260.690002
1599.848022 196.875961 43.930401 261.070007
1600.024048 196.875961 43.930401 261.070007
1600.176025 197.487335 43.930401 261.690002
1601.264038 197.895859 43.930401 262.070007
1601.352051 197.895859 43.930401 262.070007
1601.423950 198.507599 43.930401 262.679993
1603.079956 198.709641 43.930401 263.070007
1603.208008 198.709641 43.930401 263.070007
1603.296021 199.122894 44.085831 263.690002
1604.696045 199.325394 44.085831 264.059998
1604.767944 199.325394 44.085831 264.079987
1604.767944 199.527847 44.085831 264.700012
1606.024048 199.732285 44.085831 265.070007
1606.151978 199.732285 44.085831 265.070007
1606.199951 200.350723 44.085831 265.690002
1607.527954 200.763000 44.085831 266.070007
1607.592041 200.763000 44.085831 266.070007
1607.687988 201.373108 44.085831 266.690002
1609.248047 201.577469 44.085831 267.070007
1609.328003 201.577469 44.085831 267.070007
1609.400024 202.191818 44.085831 267.679993
1611.552002 202.593201 44.085831 268.070007
1611.687988 202.593201 44.085831 268.070007
1611.887939 203.216187 44.085831 268.690002
1617.671997 203.626526 44.085831 269.070007
1617.839966 203.626526 44.085831 269.070007
1618.015991 204.242950 44.085831 269.690002
1632.927979 204.653000 44.085831 270.070007
1633.151978 204.653000 44.085831 270.079987
1633.199951 205.262527 44.085831 270.690002
1638.583984 205.471405 44.085831 271.070007
1638.687988 205.471405 44.085831 271.070007
1638.687988 205.674042 43.189926 271.679993
1640.728027 205.874329 43.189926 272.070007
1640.848022 205.874329 43.189926 272.070007
1640.864014 206.283356 43.189926 272.690002
1642.432007 206.695206 43.189926 273.070007
1642.543945 206.695206 43.189926 273.070007
1642.543945 207.111313 43.189926 273.679993
1643.776001 207.525925 43.189926 274.070007
1643.911987 207.525925 43.189926 274.070007
1644.008057 208.139343 43.189926 274.690002
1644.880005 208.553223 43.189926 275.070007
1644.984009 208.553223 43.189926 275.070007
1645.416016 208.965469 43.189926 275.690002
1646.079956 209.380081 43.189926 276.070007
1646.192017 209.380081 43.189926 276.079987
1646.208008 209.984604 43.189926 276.690002
1647.056030 210.391708 43.189926 277.070007
1647.151978 210.391708 43.189926 277.070007
1647.183960 211.007202 43.189926 277.690002
1648.104004 211.414032 43.189926 278.070007
1648.112061 211.414032 43.189926 278.070007
1648.144043 212.028778 43.189926 278.670013
1649.167969 212.231186 43.189926 279.070007
1649.176025 212.231186 43.189926 279.070007
1649.223999 212.840881 43.189926 279.690002
1650.000000 213.250244 43.189926 280.070007
1650.047974 213.250244 43.189926 280.070007
1650.047974 213.861877 43.189926 280.690002
1651.280029 214.062943 43.189926 281.070007
1651.312012 214.062943 43.189926 281.070007
1651.312012 214.681503 43.189926 281.679993
1652.384033 214.883804 42.334675 282.070007
1652.391968 214.883804 42.334675 282.070007
1652.400024 215.084869 42.334675 282.690002
1653.599976 215.285904 42.334675 283.070007
1653.599976 215.285904 42.334675 283.070007
1653.680054 215.901321 42.334675 283.690002
1654.871948 216.316238 42.334675 284.070007
1654.904053 216.316238 42.334675 284.070007
1655.640015 216.728806 42.334675 284.679993
1657.112061 217.139725 42.334675 285.070007
1657.160034 217.139725 42.334675 285.070007
1657.303955 217.757217 42.334675 285.679993
1658.703979 218.170181 42.334675 286.070007
1658.767944 218.170181 42.334675 286.070007
1658.823975 218.578125 42.334675 286.679993
1660.423950 218.990295 42.334675 287.070007
1660.495972 218.990295 42.334675 287.070007
1660.647949 219.601883 42.334675 287.690002
1663.744019 219.809677 42.334675 288.070007
1663.800049 219.809677 42.334675 288.070007
1663.911987 220.422165 42.334675 288.679993
1666.208008 220.831131 42.334675 289.070007
1666.208008 220.831131 42.334675 289.070007
1666.328003 221.436905 42.334675 289.690002
1668.423950 221.640228 42.334675 290.070007
1668.423950 221.640228 42.334675 290.070007
1668.479980 222.044327 40.531895 290.679993
1670.223999 222.044327 40.531895 291.059998
1670.223999 222.044327 40.531895 291.059998
1670.319946 222.449829 40.531895 291.679993
1671.927979 222.865723 40.531895 292.070007
1671.927979 222.865723 40.531895 292.070007
1672.104004 223.490005 40.531895 292.679993
1674.255981 223.895477 40.531895 293.070007
1674.303955 223.895477 40.531895 293.070007
1674.560059 224.306366 40.531895 293.679993
1676.472046 224.721359 40.531895 294.070007
1676.504028 224.721359 40.531895 294.070007
1676.696045 225.338348 40.531895 294.679993
1682.576050 225.541565 40.531895 295.070007
1682.576050 225.541565 40.531895 295.079987
1682.576050 226.156281 40.531895 295.679993
1696.208008 226.565933 40.531895 296.070007
1696.208008 226.565933 40.531895 296.070007
1696.447998 226.974594 40.531895 296.679993
1701.839966 227.380280 40.531895 297.070007
1701.839966 227.380280 40.531895 297.070007
1702.199951 227.995575 40.531895 297.679993
1705.680054 228.408264 40.531895 298.070007
1705.680054 228.408264 40.531895 298.070007
1705.959961 229.014236 40.531895 298.690002
1709.047974 229.218216 40.531895 299.059998
1709.047974 229.218216 40.531895 299.059998
1709.560059 229.830841 55.844452 299.670013
1712.560059 229.830841 55.844452 300.070007
1712.567993 229.830841 55.844452 300.070007
1713.128052 230.033691 55.844452 300.679993
1715.663940 230.444550 55.844452 301.070007
1715.663940 230.444550 55.844452 301.070007
1716.000000 231.064514 55.844452 301.690002
1717.991943 231.472961 55.844452 302.070007
1717.991943 231.472961 55.844452 302.070007
1718.104004 232.084030 55.844452 302.690002
1720.183960 232.292145 55.844452 303.070007
1720.183960 232.292145 55.844452 303.070007
1720.248047 232.914230 55.844452 303.690002
1721.968018 233.319489 55.844452 304.070007
1721.968018 233.319489 55.844452 304.070007
1721.975952 233.932663 55.844452 304.679993
1723.511963 234.137131 55.844452 305.070007
1723.511963 234.137131 55.844452 305.070007
1723.520020 234.754486 55.844452 305.679993
1725.368042 235.159698 55.844452 306.059998
1725.368042 235.159698 55.844452 306.059998
1725.735962 235.765152 55.844452 306.690002
1728.144043 235.971146 55.844452 307.070007
1728.144043 235.971146 55.844452 307.070007
1728.791992 236.585693 55.844452 307.690002
1731.303955 236.998123 55.844452 308.070007
1731.303955 236.998123 55.844452 308.070007
1732.079956 237.612198 55.844452 308.690002
1735.192017 237.812225 40.053799 309.070007
1735.287964 237.812225 40.053799 309.070007
1735.839966 237.812225 40.053799 309.679993
1738.488037 238.012619 40.053799 310.070007
1738.488037 238.012619 40.053799 310.070007
1738.791992 238.623260 40.053799 310.690002
1752.656006 239.035217 40.053799 311.070007
1752.656006 239.035217 40.053799 311.070007
1753.592041 239.653961 40.053799 311.679993
1770.536011 239.854950 40.053799 312.070007
1770.536011 239.854950 40.053799 312.070007
1771.144043 240.466797 40.053799 312.690002
1771.144043 240.881592 40.053799 313.070007
1785.760010 240.881592 40.053799 313.070007
1786.751953 241.488419 40.053799 313.679993
1786.751953 241.693085 40.053799 314.070007
1797.088013 241.693085 40.053799 314.070007
1798.687988 242.304764 40.053799 314.690002
1805.336060 242.718033 40.053799 315.070007
1805.336060 242.718033 40.053799 315.070007
1806.744019 243.334991 40.053799 315.679993
1806.744019 243.542969 40.053799 316.070007
1809.192017 243.542969 40.053799 316.070007
1810.271973 244.156128 40.053799 316.690002
1811.536011 244.563004 40.053799 317.070007
1811.536011 244.563004 40.053799 317.070007
1812.871948 245.181519 40.053799 317.690002
1813.008057 245.381989 40.053799 318.070007
1814.352051 245.381989 40.053799 318.070007
1816.631958 245.992920 40.053799 318.679993
1816.640015 246.397797 53.921337 319.070007
1818.255981 246.397797 53.921337 319.070007
1820.615967 246.397797 53.921337 319.690002
1822.095947 246.599472 53.921337 320.070007
1822.095947 246.599472 53.921337 320.070007
1825.592041 247.008896 53.921337 320.690002
1825.592041 247.411560 53.921337 321.070007
1826.943970 247.411560 53.921337 321.070007
1832.567993 248.230759 53.921337 321.700012
1834.728027 248.431213 53.921337 322.070007
1834.728027 248.431213 53.921337 322.070007
1838.199951 249.048004 53.921337 322.700012
1842.495972 249.459747 53.921337 323.070007
1842.495972 249.459747 53.921337 323.070007
1845.776001 250.078537 53.921337 323.700012
1845.776001 250.484238 53.921337 324.070007
1858.343994 250.484238 53.921337 324.070007
1862.040039 251.099686 53.921337 324.700012
1862.040039 251.300568 53.921337 325.070007
1874.095947 251.300568 53.921337 325.079987
1876.848022 251.920319 53.921337 325.700012
1876.848022 252.328323 53.921337 326.070007
1888.504028 252.328323 53.921337 326.070007
1892.264038 252.933929 53.921337 326.700012
1892.319946 253.139923 53.921337 327.070007
1895.624023 253.139923 53.921337 327.079987
1899.800049 253.749512 53.921337 327.700012
1901.504028 254.155914 53.921337 328.079987
1901.583984 254.155914 53.921337 328.079987
1906.432007 254.561996 49.464348 328.700012
1906.432007 254.762619 49.464348 329.070007
1907.767944 254.762619 49.464348 329.079987
1912.015991 254.967972 49.464348 329.700012
1912.040039 255.175842 49.464348 330.070007
1912.959961 255.175842 49.464348 330.070007
1915.303955 255.794434 49.464348 330.700012
1915.303955 256.207733 49.464348 331.079987
1917.119995 256.207733 49.464348 331.089996
1920.352051 256.819122 49.464348 331.700012
1922.456055 257.226410 49.464348 332.070007
1922.456055 257.226410 49.464348 332.079987
1925.864014 257.642731 49.464348 332.700012
1927.952026 258.044556 49.464348 333.070007
1927.952026 258.044556 49.464348 333.070007
1929.384033 258.654663 49.464348 333.700012
1929.384033 258.862793 49.464348 334.070007
1932.208008 258.862793 49.464348 334.070007
1933.239990 259.467987 49.464348 334.700012
1933.239990 259.874786 49.464348 335.070007
1941.631958 259.874786 49.464348 335.070007
1942.232056 260.485504 49.464348 335.700012
1942.232056 260.690887 49.464348 336.070007
1962.599976 260.690887 49.464348 336.079987
1963.095947 261.295898 49.464348 336.700012
1963.472046 261.709198 49.464348 337.070007
1980.160034 261.709198 49.464348 337.079987
1982.056030 262.321869 49.464348 337.700012
1982.056030 262.527679 49.464348 338.070007
1992.567993 262.527679 49.464348 338.079987
1994.943970 263.138062 49.464348 338.700012
1997.056030 263.343231 57.000847 339.070007
1997.056030 263.343231 57.000847 339.070007
1999.160034 263.544006 57.000847 339.700012
1999.160034 263.746277 57.000847 340.070007
2000.751953 263.746277 57.000847 340.079987
2002.423950 264.155731 57.000847 340.700012
2002.423950 264.564575 57.000847 341.070007
2003.767944 264.564575 57.000847 341.070007
2005.952026 265.174500 57.000847 341.700012
2008.056030 265.580109 57.000847 342.070007
2008.056030 265.580109 57.000847 342.070007
2013.000000 266.198090 57.000847 342.700012
2013.000000 266.403931 57.000847 343.079987
2014.495972 266.611969 57.000847 343.089996
2021.823975 267.018738 57.000847 343.700012
2021.823975 267.429138 57.000847 344.070007
2023.760010 267.429138 57.000847 344.079987
2028.656006 268.035919 57.000847 344.700012
2028.671997 268.448242 57.000847 345.070007
2030.728027 268.448242 57.000847 345.079987
2033.920044 268.851654 57.000847 345.709991
2034.312012 269.255676 57.000847 346.079987
2036.463989 269.255676 57.000847 346.089996
2039.488037 269.871979 57.000847 346.700012
2039.495972 270.282410 57.000847 347.079987
2041.848022 270.282410 57.000847 347.089996
2046.472046 270.899994 57.000847 347.690002
2046.527954 271.106934 57.000847 348.079987
2049.543945 271.106934 57.000847 348.079987
2052.583984 271.714233 51.191700 348.700012
2052.592041 271.714233 51.191700 349.070007
2058.872070 271.714233 51.191700 349.079987
2060.879883 271.914276 51.191700 349.700012
2060.879883 272.117035 51.191700 350.079987
2067.919922 272.117035 51.191700 350.089996
2069.664062 272.728760 51.191700 350.700012
2069.664062 273.143127 51.191700 351.070007
2081.144043 273.143127 51.191700 351.079987
2083.575928 273.753387 51.191700 351.700012
2083.575928 274.161865 51.191700 352.070007
2093.743896 274.161865 51.191700 352.089996
2097.167969 274.774200 51.191700 352.700012
2097.167969 275.179565 51.191700 353.059998
2101.647949 275.179565 51.191700 353.070007
2105.000000 275.590820 51.191700 353.700012
2105.000000 275.998901 51.191700 354.079987
2106.239990 275.998901 51.191700 354.079987
2109.704102 276.617371 51.191700 354.709991
2109.719971 277.025116 51.191700 355.070007
2110.959961 277.025116 51.191700 355.079987
2113.944092 277.634979 51.191700 355.700012
2115.407959 277.837646 51.191700 356.070007
2115.407959 277.837646 51.191700 356.070007
2118.791992 278.454407 51.191700 356.700012
2118.791992 278.859924 51.191700 357.070007
2120.063965 278.859924 51.191700 357.070007
2123.167969 279.272156 55.692993 357.700012
2123.167969 279.272156 55.692993 358.070007
2124.535889 279.272156 55.692993 358.079987
2128.072021 279.476135 55.692993 358.700012
2129.407959 279.881775 55.692993 359.059998
2129.416016 279.881775 55.692993 359.079987
2133.872070 280.499207 55.692993 359.700012
2133.887939 280.912781 55.692993 360.070007
2135.528076 280.912781 55.692993 360.079987
2141.535889 281.519440 55.692993 360.700012
2143.295898 281.727203 55.692993 361.070007
2143.312012 281.727203 55.692993 361.079987
2154.144043 282.353119 55.692993 361.700012
2154.256104 282.769684 55.692993 362.070007
2158.144043 282.769684 55.692993 362.079987
2166.944092 283.372772 55.692993 362.700012
2167.048096 283.579224 55.692993 363.079987
2178.208008 283.579224 55.692993 363.079987
2185.528076 284.393036 55.692993 363.760010
2185.568115 284.596863 55.692993 364.070007
2194.968018 284.596863 55.692993 364.079987
2200.312012 285.214874 55.692993 364.700012
2200.352051 285.420044 55.692993 365.079987
2208.416016 285.420044 55.692993 365.100006
2211.632080 286.030487 55.692993 365.700012
2211.679932 286.439178 55.692993 366.070007
2213.936035 286.439178 55.692993 366.070007
2216.607910 287.063965 55.692993 366.700012
2216.639893 287.469635 55.692993 367.070007
2218.080078 287.469635 55.692993 367.089996
2220.768066 288.080780 55.692993 367.709991
2220.808105 288.284515 46.392925 368.070007
2222.320068 288.284515 46.392925 368.089996
2224.503906 288.284515 46.392925 368.700012
2224.520020 288.487640 46.392925 369.070007
2225.775879 288.487640 46.392925 369.089996
2228.352051 289.104858 46.392925 369.700012
2228.352051 289.518555 46.392925 370.079987
2230.135986 289.518555 46.392925 370.079987
2232.384033 290.139130 46.392925 370.700012
2232.407959 290.347809 46.392925 371.070007
2236.568115 290.347809 46.392925 371.100006
2238.632080 290.961365 46.392925 371.700012
2238.639893 291.370087 46.392925 372.079987
2250.815918 291.370087 46.392925 372.089996
2252.672119 291.980835 46.392925 372.730011
2252.672119 292.180878 46.392925 373.070007
2258.600098 292.180878 46.392925 373.089996
2260.672119 292.789032 46.392925 373.700012
2260.672119 293.205658 46.392925 374.079987
2263.927979 293.205658 46.392925 374.100006
2265.511963 293.613983 46.392925 374.700012
2265.511963 294.028809 46.392925 375.079987
2268.639893 294.028809 46.392925 375.089996
2270.800049 294.640137 46.392925 375.700012
2270.815918 295.056976 46.392925 376.070007
2276.456055 295.056976 46.392925 376.079987
2279.008057 295.664673 46.392925 376.700012
2279.016113 295.664673 51.827110 377.070007
2291.560059 295.664673 51.827110 377.079987
2295.288086 295.865051 51.827110 377.700012
2295.295898 296.065948 51.827110 378.089996
2304.303955 296.065948 51.827110 378.100006
2309.176025 296.686737 51.827110 378.700012
2309.191895 297.097748 51.827110 379.070007
2318.624023 297.097748 51.827110 379.070007
2323.600098 297.710907 51.827110 379.700012
2326.048096 297.915771 51.827110 380.070007
2326.080078 297.915771 51.827110 380.079987
2332.647949 298.529999 51.827110 380.700012
2332.664062 298.944580 51.827110 381.070007
2334.624023 298.944580 51.827110 381.089996
2338.815918 299.554504 51.827110 381.690002
2338.815918 299.756226 51.827110 382.079987
2340.783936 299.756226 51.827110 382.089996
2343.023926 300.369263 51.827110 382.690002
2343.031982 300.777496 51.827110 383.059998
2344.743896 300.777496 51.827110 383.089996
2347.600098 301.393188 51.827110 383.700012
2347.600098 301.798706 51.827110 384.079987
2349.968018 301.798706 51.827110 384.089996
2352.184082 302.211060 51.827110 384.700012
2352.184082 302.615875 51.827110 385.070007
2354.447998 302.615875 51.827110 385.100006
2356.352051 303.224152 51.827110 385.709991
2356.360107 303.633606 51.827110 386.079987
2359.672119 303.633606 51.827110 386.079987
2361.095947 304.243103 51.827110 386.709991
2361.095947 304.447083 51.328159 387.070007
2365.231934 304.447083 51.328159 387.100006
2366.552002 304.652222 51.328159 387.700012
2369.696045 304.853027 51.328159 388.070007
2369.704102 304.853027 51.328159 388.070007
2371.384033 305.261780 51.328159 388.690002
2371.384033 305.668915 51.328159 389.089996
2382.615967 305.668915 51.328159 389.100006
2383.872070 306.279602 51.328159 389.700012
2383.872070 306.690033 51.328159 390.089996
2397.760010 306.690033 51.328159 390.100006
2399.248047 307.308441 51.328159 390.700012
2399.256104 307.514221 51.328159 391.070007
2412.543945 307.514221 51.328159 391.100006
2414.352051 308.136230 51.328159 391.700012
2414.352051 308.546967 51.328159 392.070007
2425.016113 308.546967 51.328159 392.100006
2426.303955 309.163147 51.328159 392.700012
2426.303955 309.365814 51.328159 393.070007
2428.592041 309.365814 51.328159 393.100006
2429.887939 309.983429 51.328159 393.700012
2431.295898 310.392334 51.328159 394.070007
2431.303955 310.392334 51.328159 394.079987
2432.840088 310.997131 51.328159 394.700012
2432.840088 311.409454 51.328159 395.070007
2434.447998 311.409454 51.328159 395.079987
2435.679932 312.020935 51.328159 395.700012
2435.679932 312.221863 51.328159 396.070007
2437.488037 312.221863 51.328159 396.089996
2438.672119 312.837769 51.328159 396.700012
2438.679932 313.246735 51.328159 397.070007
2440.864014 313.246735 51.328159 397.100006
2442.303955 313.654846 39.465027 397.700012
2442.312012 313.855133 39.465027 398.079987
2444.503906 313.855133 39.465027 398.079987
2446.224121 314.057861 39.465027 398.709991
2446.224121 314.263397 39.465027 399.070007
2447.832031 314.263397 39.465027 399.089996
2450.063965 314.878326 39.465027 399.700012
2450.072021 315.286652 39.465027 400.070007
2452.823975 315.286652 39.465027 400.089996
2455.000000 315.893860 39.465027 400.709991
2455.016113 316.302338 39.465027 401.079987
2463.751953 316.302338 39.465027 401.100006
2466.719971 316.707336 39.465027 401.700012
2466.728027 317.118286 39.465027 402.070007
2476.239990 317.118286 39.465027 402.079987
2478.904053 317.732208 39.465027 402.700012
2478.904053 318.136169 39.465027 403.070007
2488.464111 318.136169 39.465027 403.100006
2495.944092 318.553101 39.465027 403.700012
2495.959961 318.967377 39.465027 404.070007
2504.560059 318.967377 39.465027 404.070007
2510.568115 319.582489 39.465027 404.700012
2510.568115 319.783173 39.465027 405.079987
2513.832031 319.990662 39.465027 405.100006
2516.543945 320.396576 39.465027 405.700012
2516.552002 320.805664 39.465027 406.079987
2522.335938 320.805664 39.465027 406.100006
2524.288086 321.219452 36.388405 406.700012
2524.295898 321.424561 36.388405 407.070007
2528.791992 321.424561 36.388405 407.100006
2531.639893 321.627533 36.388405 407.700012
2531.656006 321.833496 36.388405 408.070007
2533.647949 321.833496 36.388405 408.100006
2538.664062 322.449219 36.388405 408.700012
2538.679932 322.864532 36.388405 409.079987
2541.216064 322.864532 36.388405 409.100006
2551.560059 323.484100 36.388405 409.700012
2551.592041 323.688416 36.388405 410.079987
2552.983887 323.688416 36.388405 410.100006
2556.335938 324.297058 36.388405 410.730011
2556.399902 324.498047 36.388405 411.070007
2557.392090 324.704987 36.388405 411.100006
2560.248047 325.115295 36.388405 411.700012
2560.639893 325.519867 36.388405 412.079987
2561.904053 325.519867 36.388405 412.100006
2564.407959 326.134949 36.388405 412.700012
2564.503906 326.342255 36.388405 413.070007
2565.392090 326.544098 36.388405 413.100006
2567.983887 326.954620 36.388405 413.709991
2568.063965 327.362885 36.388405 414.100006
2569.248047 327.362885 36.388405 414.100006
2571.256104 327.979553 36.388405 414.690002
2571.399902 328.387238 36.388405 415.070007
2572.295898 328.387238 36.388405 415.100006
2574.367920 329.003845 36.388405 415.700012
2575.879883 329.213287 36.388405 416.089996
2576.008057 329.213287 36.388405 416.089996
2578.976074 329.823547 36.388405 416.700012
2578.983887 330.024292 43.722248 417.079987
2580.063965 330.024292 43.722248 417.089996
2582.520020 330.225098 43.722248 417.700012
2582.543945 330.428436 43.722248 418.100006
2583.488037 330.428436 43.722248 418.100006
2585.976074 331.039001 43.722248 418.700012
2585.976074 331.445679 43.722248 419.070007
2587.184082 331.445679 43.722248 419.100006
2589.224121 332.057129 43.722248 419.700012
2589.224121 332.257263 43.722248 420.089996
2590.471924 332.257263 43.722248 420.100006
2592.743896 332.878265 43.722248 420.700012
2592.743896 333.283508 43.722248 421.089996
2594.248047 333.283508 43.722248 421.100006
2596.488037 333.693726 43.722248 421.709991
2597.719971 334.099670 43.722248 422.089996
2597.719971 334.099670 43.722248 422.089996
2599.808105 334.720245 43.722248 422.709991
2599.808105 335.124084 43.722248 423.079987
2601.263916 335.124084 43.722248 423.100006
2603.303955 335.726074 43.722248 423.709991
2603.320068 335.926239 43.722248 424.079987
2605.352051 335.926239 43.722248 424.100006
2607.743896 336.543030 43.722248 424.700012
2607.743896 336.944061 43.722248 425.089996
2609.664062 336.944061 43.722248 425.100006
2612.120117 337.354431 43.722248 425.709991
2612.144043 337.761902 41.493683 426.089996
2614.048096 337.761902 41.493683 426.100006
2618.040039 337.761902 41.493683 426.700012
2619.775879 337.962341 41.493683 427.079987
2619.815918 337.962341 41.493683 427.079987
2625.008057 338.582642 41.493683 427.700012
2625.055908 338.992584 41.493683 428.079987
2627.280029 338.992584 41.493683 428.100006
2636.687988 339.613068 41.493683 428.700012
2636.687988 339.819397 41.493683 429.089996
2640.176025 339.819397 41.493683 429.089996
2663.384033 340.433197 41.493683 429.700012
2663.384033 340.842926 41.493683 430.089996
2669.248047 340.842926 41.493683 430.100006
2677.008057 341.458679 41.493683 430.720001
2677.008057 341.664246 41.493683 431.079987
2698.263916 341.869659 41.493683 431.100006
2704.431885 342.277130 41.493683 431.700012
2704.431885 342.690277 41.493683 432.100006
2728.184082 342.690277 41.493683 432.100006
2735.112061 343.308685 41.493683 432.709991
2735.112061 343.715790 41.493683 433.079987
2752.248047 343.715790 41.493683 433.100006
2760.320068 344.122284 41.493683 433.700012
2760.320068 344.533417 41.493683 434.100006
2772.280029 344.533417 41.493683 434.100006
2779.343994 345.153473 41.493683 434.700012
2779.343994 345.555267 41.493683 435.100006
2784.991943 345.555267 41.493683 435.100006
2790.231934 346.166992 41.493683 435.720001
2790.239990 346.373657 41.493683 436.100006
2796.303955 346.373657 41.493683 436.100006
2801.263916 346.780304 61.773090 436.700012
2801.280029 346.780304 61.773090 437.100006
2803.927979 346.780304 61.773090 437.100006
2809.800049 347.181732 61.773090 437.700012
2809.800049 347.599182 61.773090 438.079987
2811.511963 347.599182 61.773090 438.100006
2818.847900 348.214661 61.773090 438.700012
2818.847900 348.423035 61.773090 439.089996
2820.176025 348.423035 61.773090 439.100006
2826.407959 349.041260 61.773090 439.720001
2826.407959 349.447327 61.773090 440.089996
2827.968018 349.447327 61.773090 440.100006
2830.552002 350.059601 61.773090 440.709991
2830.552002 350.463013 61.773090 441.089996
2832.583984 350.463013 61.773090 441.100006
2833.471924 350.868988 61.773090 441.700012
2833.471924 351.271637 61.773090 442.089996
2836.840088 351.271637 61.773090 442.100006
2837.416016 351.882812 61.773090 442.700012
2837.416016 352.083038 61.773090 443.089996
2848.592041 352.286682 61.773090 443.100006
2851.248047 352.697296 61.773090 443.709991
2851.256104 353.102997 61.773090 444.079987
2858.751953 353.102997 61.773090 444.100006
2863.080078 353.729614 61.773090 444.720001
2863.080078 353.932587 61.773090 445.089996
2865.736084 354.141174 61.773090 445.100006
2866.751953 354.554016 61.773090 445.700012
2869.016113 354.965546 61.773090 446.100006
2869.023926 354.965546 61.773090 446.100006
2869.944092 355.578949 61.773090 446.700012
2869.944092 355.786133 71.771400 447.100006
2871.471924 355.786133 71.771400 447.100006
2872.312012 355.986389 71.771400 447.700012
2872.312012 355.986389 71.771400 448.089996
2873.392090 355.986389 71.771400 448.100006
2874.176025 356.591766 71.771400 448.709991
2874.176025 356.998657 71.771400 449.100006
2875.360107 356.998657 71.771400 449.100006
2875.768066 357.609070 71.771400 449.690002
2875.791992 358.022430 71.771400 450.089996
2877.632080 358.022430 71.771400 450.100006
2879.208008 358.639801 71.771400 450.709991
2879.208008 358.843018 71.771400 451.089996
2880.224121 358.843018 71.771400 451.100006
2887.303955 359.457794 71.771400 451.700012
2887.303955 359.863556 71.771400 452.079987
2889.288086 359.863556 71.771400 452.100006
2901.583984 360.272125 71.771400 452.700012
2901.624023 360.675476 71.771400 453.089996
2902.791992 360.675476 71.771400 453.089996
2904.656006 361.280548 71.771400 453.709991
2904.719971 361.685364 71.771400 454.079987
2905.352051 361.685364 71.771400 454.100006
2905.864014 362.096375 71.771400 454.700012
2906.008057 362.500488 71.771400 455.089996
2907.167969 362.500488 71.771400 455.100006
2907.823975 363.117981 71.771400 455.720001
2907.847900 363.529999 71.771400 456.079987
2910.632080 363.529999 71.771400 456.100006
2910.887939 363.938232 71.771400 456.709991
2910.912109 364.342010 41.408314 457.079987
2917.615967 364.342010 41.408314 457.100006
2917.879883 364.342010 41.408314 457.700012
2917.887939 364.546570 41.408314 458.079987
2923.991943 364.546570 41.408314 458.100006
2924.520020 365.163605 41.408314 458.720001
2924.583984 365.572510 41.408314 459.089996
2928.016113 365.572510 41.408314 459.100006
2928.191895 366.187500 41.408314 459.720001
2928.256104 366.388580 41.408314 460.089996
2929.936035 366.388580 41.408314 460.100006
2930.104004 367.010620 41.408314 460.720001
2930.167969 367.417328 41.408314 461.079987
2931.127930 367.417328 41.408314 461.089996
2931.248047 368.028778 41.408314 461.720001
2931.288086 368.434906 41.408314 462.089996
2932.295898 368.434906 41.408314 462.089996
2932.456055 369.053589 41.408314 462.720001
2932.456055 369.261353 41.408314 463.079987
2933.927979 369.261353 41.408314 463.100006
2934.191895 369.873688 41.408314 463.709991
2934.191895 370.080994 41.408314 464.089996
2935.520020 370.289307 41.408314 464.100006
2935.656006 370.696350 41.408314 464.709991
2935.728027 371.104767 41.408314 465.100006
2937.104004 371.104767 41.408314 465.100006
2937.239990 371.305359 38.401226 465.700012
2937.239990 371.305359 38.401226 466.089996
2938.031982 371.305359 38.401226 466.100006
2938.335938 371.916443 38.401226 466.720001
2938.607910 372.319489 38.401226 467.089996
2938.607910 372.319489 38.401226 467.100006
2938.855957 372.933441 38.401226 467.709991
2938.879883 373.344208 38.401226 468.100006
2939.135986 373.344208 38.401226 468.100006
2939.815918 373.752197 38.401226 468.720001
2939.832031 374.161102 38.401226 469.089996
2940.135986 374.161102 38.401226 469.100006
2940.775879 374.775421 38.401226 469.709991
2941.832031 374.976837 38.401226 470.089996
2941.832031 374.976837 38.401226 470.109985
2942.320068 375.587036 38.401226 470.709991
2942.320068 375.997864 38.401226 471.100006
2945.568115 375.997864 38.401226 471.100006
2945.855957 376.614807 38.401226 471.750000
2945.864014 376.823334 38.401226 472.079987
2954.327881 376.823334 38.401226 472.089996
2954.687988 377.437927 38.401226 472.720001
2954.760010 377.851074 38.401226 473.089996
2966.624023 377.851074 38.401226 473.100006
2966.887939 378.467316 38.401226 473.709991
2974.256104 378.674835 38.401226 474.100006
2974.312012 378.674835 38.401226 474.100006
2975.639893 379.301056 38.401226 474.709991
2981.087891 379.705750 38.401226 475.089996
2981.127930 379.705750 38.401226 475.100006
2990.016113 380.112915 51.028702 475.709991
2994.632080 380.313019 51.028702 476.100006
2994.719971 380.313019 51.028702 476.100006
3009.687988 380.518951 51.028702 476.709991
3009.927979 380.723083 51.028702 477.089996
3012.167969 380.723083 51.028702 477.089996
3018.191895 381.337219 51.028702 477.709991
3020.768066 381.738953 51.028702 478.089996
3020.775879 381.738953 51.028702 478.089996
3026.936035 382.355804 51.028702 478.709991
3028.696045 382.768219 51.028702 479.100006
3028.728027 382.768219 51.028702 479.100006
3034.679932 383.387512 51.028702 479.709991
3036.335938 383.595856 51.028702 480.100006
3036.360107 383.595856 51.028702 480.100006
3039.560059 384.204803 51.028702 480.709991
3039.575928 384.412170 51.028702 481.100006
3040.912109 384.612885 51.028702 481.109985
3045.159912 385.033508 51.028702 481.709991
3046.456055 385.442413 51.028702 482.089996
3046.488037 385.442413 51.028702 482.100006
3047.704102 386.059692 51.028702 482.709991
3048.407959 386.472992 51.028702 483.100006
3049.728027 386.472992 51.028702 483.100006
3050.144043 387.094574 51.028702 483.709991
3051.248047 387.295502 51.028702 484.100006
3052.543945 387.502838 51.028702 484.109985
3053.320068 387.913605 51.028702 484.709991
3054.384033 388.324554 51.028702 485.089996
3056.031982 388.324554 51.028702 485.100006
3057.008057 388.944794 51.028702 485.709991
3058.552002 389.148224 56.370602 486.109985
3059.855957 389.148224 56.370602 486.109985
3061.320068 389.148224 56.370602 486.709991
3062.687988 389.349457 56.370602 487.100006
3064.008057 389.349457 56.370602 487.109985
3065.968018 389.963318 56.370602 487.700012
3066.887939 390.371033 56.370602 488.100006
3069.199951 390.371033 56.370602 488.109985
3072.791992 390.979279 56.370602 488.709991
3077.976074 391.181763 56.370602 489.100006
3078.471924 391.181763 56.370602 489.100006
3085.031982 391.799591 56.370602 489.709991
3085.199951 392.207581 56.370602 490.109985
3099.312012 392.207581 56.370602 490.109985
3114.384033 392.815277 56.370602 490.720001
3132.528076 393.022552 56.370602 491.089996
3132.592041 393.022552 56.370602 491.100006
3141.696045 393.641113 56.370602 491.709991
3141.832031 394.052612 56.370602 492.100006
3153.535889 394.052612 56.370602 492.109985
3157.488037 394.464020 56.370602 492.739990
3166.632080 394.875824 56.370602 493.089996
3166.783936 394.875824 56.370602 493.109985
3169.360107 395.498138 56.370602 493.709991
3169.535889 395.909088 56.370602 494.100006
3173.199951 395.909088 56.370602 494.100006
3174.951904 396.320984 56.370602 494.709991
3175.191895 396.731354 56.370602 495.109985
3176.568115 396.731354 56.370602 495.109985
3177.639893 397.338928 56.370602 495.709991
3177.672119 397.747314 56.370602 496.089996
3179.080078 397.747314 56.370602 496.100006
3179.159912 397.948029 51.638283 496.709991
3179.783936 397.948029 51.638283 497.089996
3181.167969 397.948029 51.638283 497.089996
3181.231934 398.352844 51.638283 497.709991
3181.575928 398.763153 51.638283 498.089996
3184.167969 398.763153 51.638283 498.109985
3184.271973 399.376404 51.638283 498.709991
3184.575928 399.784088 51.638283 499.109985
3195.135986 399.784088 51.638283 499.109985
3195.224121 400.192902 51.638283 499.720001
3195.416016 400.601471 51.638283 500.089996
3210.719971 400.601471 51.638283 500.100006
3210.783936 401.218231 51.638283 500.720001
3219.384033 401.419250 51.638283 501.109985
3219.736084 401.419250 51.638283 501.109985
3219.823975 402.037598 51.638283 501.720001
3219.895996 402.451630 51.638283 502.100006
3228.791992 402.451630 51.638283 502.109985
3228.944092 403.058990 51.638283 502.730011
3235.144043 403.265320 51.638283 503.100006
3235.176025 403.265320 51.638283 503.109985
3235.263916 403.887024 51.638283 503.730011
3238.991943 404.294678 51.638283 504.100006
3239.031982 404.294678 51.638283 504.109985
3239.152100 404.912201 51.638283 504.720001
3239.159912 405.119843 51.638283 505.089996
3241.159912 405.119843 51.638283 505.100006
3241.303955 405.735992 57.414452 505.720001
3241.464111 405.936584 57.414452 506.100006
3244.439941 405.936584 57.414452 506.109985
3246.575928 406.140045 57.414452 506.720001
3246.615967 406.347046 57.414452 507.089996
3248.728027 406.347046 57.414452 507.119995
3250.280029 406.958496 57.414452 507.720001
3250.288086 407.365112 57.414452 508.109985
3255.864014 407.365112 57.414452 508.109985
3257.528076 407.977936 57.414452 508.720001
3257.568115 408.179535 57.414452 509.100006
3280.271973 408.179535 57.414452 509.119995
3281.887939 408.791595 57.414452 509.709991
3281.887939 409.194733 57.414452 510.089996
3296.471924 409.194733 57.414452 510.109985
3296.808105 409.599396 57.414452 510.720001
3296.815918 410.008484 57.414452 511.089996
3304.656006 410.008484 57.414452 511.100006
3304.687988 410.621613 57.414452 511.760010
3304.728027 411.032074 57.414452 512.099976
3309.895996 411.032074 57.414452 512.099976
3309.912109 411.646606 57.414452 512.719971
3309.976074 411.854462 57.414452 513.090027
3311.951904 411.854462 57.414452 513.109985
3311.983887 412.464386 57.414452 513.729980
3311.983887 412.872070 57.414452 514.119995
3313.624023 412.872070 57.414452 514.119995
3313.664062 413.283813 57.414452 514.719971
3313.672119 413.690521 57.414452 515.099976
3316.823975 413.690521 57.414452 515.109985
3316.904053 414.299469 57.414452 515.719971
3323.528076 414.714111 57.414452 516.090027
3323.552002 414.714111 57.414452 516.099976
3323.575928 414.918854 43.281876 516.719971
3323.575928 414.918854 43.281876 517.090027
3338.775879 414.918854 43.281876 517.119995
3338.847900 415.322113 43.281876 517.729980
3338.847900 415.735596 43.281876 518.099976
3356.239990 415.735596 43.281876 518.119995
3356.295898 416.345856 43.281876 518.719971
3356.295898 416.749939 43.281876 519.090027
3367.656006 416.749939 43.281876 519.119995
3367.704102 417.367096 43.281876 519.719971
3367.711914 417.771118 43.281876 520.119995
3374.552002 417.771118 43.281876 520.119995
3374.600098 418.178925 43.281876 520.719971
3374.760010 418.589417 43.281876 521.090027
3378.815918 418.589417 43.281876 521.119995
3378.944092 419.200104 43.281876 521.739990
3379.023926 419.610687 43.281876 522.099976
3379.320068 419.610687 43.281876 522.119995
3379.600098 420.018463 43.281876 522.719971
3379.959961 420.433990 43.281876 523.099976
3380.031982 420.433990 43.281876 523.099976
3380.607910 420.638275 40.065899 523.719971
3380.664062 420.638275 40.065899 524.099976
3380.991943 420.638275 40.065899 524.109985
3382.991943 421.044952 40.065899 524.719971
3383.072021 421.460815 40.065899 525.099976
3383.295898 421.460815 40.065899 525.119995
3391.159912 422.077972 40.065899 525.719971
3391.256104 422.490906 40.065899 526.090027
3391.367920 422.490906 40.065899 526.119995
3399.335938 423.102478 40.065899 526.719971
3399.343994 423.305176 40.065899 527.099976
3401.184082 423.305176 40.065899 527.119995
3405.855957 423.930237 40.065899 527.719971
3405.951904 424.340088 40.065899 528.090027
3408.159912 424.340088 40.065899 528.119995
3413.392090 424.951294 40.065899 528.729980
3413.392090 425.158386 40.065899 529.099976
3415.216064 425.158386 40.065899 529.119995
3415.840088 425.768585 40.065899 529.719971
3415.840088 426.174011 40.065899 530.090027
3417.583984 426.174011 40.065899 530.119995
3417.632080 426.782074 40.065899 530.719971
3417.632080 427.193848 40.065899 531.099976
3418.367920 427.193848 40.065899 531.119995
3418.535889 427.605164 40.065899 531.719971
3418.575928 428.015533 40.065899 532.099976
3418.607910 428.015533 40.065899 532.119995
3418.760010 428.626221 40.065899 532.719971
3418.864014 428.830048 46.799793 533.090027
3418.879883 428.830048 46.799793 533.119995
3419.080078 428.830048 46.799793 533.719971
3419.312012 429.031036 46.799793 534.090027
3419.392090 429.031036 46.799793 534.109985
3419.560059 429.644562 46.799793 534.719971
3420.095947 430.050537 46.799793 535.099976
3420.224121 430.050537 46.799793 535.119995
3420.568115 430.667267 46.799793 535.719971
3420.728027 431.067688 46.799793 536.090027
3423.447998 431.067688 46.799793 536.099976
3423.895996 431.680359 46.799793 536.719971
3424.063965 431.889191 46.799793 537.099976
3427.095947 431.889191 46.799793 537.109985
3428.176025 432.505707 46.799793 537.719971
3428.335938 432.910431 46.799793 538.090027
3430.424072 432.910431 46.799793 538.119995
3437.808105 433.518799 46.799793 538.719971
3437.919922 433.721283 46.799793 539.090027
3439.520020 433.925659 46.799793 539.119995
3473.552002 434.342926 46.799793 539.729980
3473.679932 434.756683 46.799793 540.090027
3473.815918 434.756683 46.799793 540.119995
3495.288086 435.372070 46.799793 540.750000
3495.343994 435.781647 46.799793 541.109985
3495.367920 435.781647 46.799793 541.119995
3507.496094 436.394012 46.799793 541.719971
3507.615967 436.602386 46.799793 542.099976
3507.632080 436.602386 46.799793 542.119995
3514.904053 437.209595 65.310059 542.729980
3515.016113 437.411713 65.310059 543.099976
3515.543945 437.411713 65.310059 543.119995
3519.511963 437.411713 65.310059 543.719971
3519.592041 437.814636 65.310059 544.090027
3522.191895 437.814636 65.310059 544.119995
3527.095947 438.420654 65.310059 544.729980
3527.144043 438.623688 65.310059 545.090027
3529.679932 438.828369 65.310059 545.119995
3534.887939 439.441650 65.310059 545.739990
3534.904053 439.643494 65.310059 546.090027
3537.127930 439.643494 65.310059 546.119995
3542.320068 440.258209 65.310059 546.719971
3542.335938 440.667755 65.310059 547.099976
3544.335938 440.667755 65.310059 547.119995
3551.583984 441.078247 65.310059 547.719971
3551.600098 441.494202 65.310059 548.090027
3553.127930 441.494202 65.310059 548.119995
3568.600098 442.105286 65.310059 548.729980
3568.615967 442.512421 65.310059 549.090027
3569.263916 442.512421 65.310059 549.119995
3597.120117 442.916016 65.310059 549.729980
3597.159912 443.323578 65.310059 550.090027
3597.176025 443.323578 65.310059 550.119995
3610.016113 443.944977 65.310059 550.729980
3610.063965 444.351288 65.310059 551.099976
3610.080078 444.351288 65.310059 551.119995
3615.239990 444.758301 65.310059 551.729980
3615.352051 445.164093 65.310059 552.090027
3615.464111 445.164093 65.310059 552.119995
3619.199951 445.365356 56.645283 552.729980
3619.335938 445.365356 56.645283 553.090027
3619.552002 445.365356 56.645283 553.119995
3622.919922 445.773315 56.645283 553.729980
3623.008057 446.179199 56.645283 554.109985
3625.095947 446.179199 56.645283 554.119995
3627.327881 446.795074 56.645283 554.719971
3627.431885 447.207916 56.645283 555.090027
3630.040039 447.207916 56.645283 555.119995
3632.808105 447.820648 56.645283 555.729980
3632.879883 448.237549 56.645283 556.099976
3634.751953 448.237549 56.645283 556.119995
3638.040039 448.851257 56.645283 556.729980
3638.072021 449.054382 56.645283 557.090027
3639.760010 449.054382 56.645283 557.119995
3641.775879 449.671173 56.645283 557.719971
3641.791992 450.080353 56.645283 558.090027
3641.936035 450.080353 56.645283 558.119995
3644.167969 450.689484 56.645283 558.750000
3644.167969 450.892578 56.645283 559.090027
3644.176025 450.892578 56.645283 559.119995
3646.760010 451.506561 56.645283 559.719971
3646.768066 451.919769 56.645283 560.099976
3646.775879 451.919769 56.645283 560.109985
3649.912109 452.531891 56.645283 560.739990
3649.927979 452.938965 56.645283 561.099976
3649.927979 452.938965 56.645283 561.119995
3652.295898 453.546814 56.645283 561.729980
3652.335938 453.751862 56.645283 562.099976
3652.335938 453.751862 56.645283 562.119995
3658.904053 454.163300 48.761539 562.719971
3658.968018 454.163300 48.761539 563.090027
3658.968018 454.163300 48.761539 563.119995
3666.479980 454.571014 48.761539 563.739990
3666.511963 454.982147 48.761539 564.090027
3666.511963 454.982147 48.761539 564.109985
3674.127930 455.391724 48.761539 564.719971
3674.127930 455.803070 48.761539 565.099976
3674.135986 455.803070 48.761539 565.119995
3682.239990 456.422699 48.761539 565.729980
3682.263916 456.825836 48.761539 566.090027
3682.263916 456.825836 48.761539 566.119995
3694.624023 457.241974 48.761539 566.729980
3694.639893 457.657562 48.761539 567.099976
3694.656006 457.657562 48.761539 567.119995
3707.063965 458.274811 48.761539 567.739990
3707.063965 458.682739 48.761539 568.090027
3707.080078 458.682739 48.761539 568.109985
3716.832031 459.291962 48.761539 568.729980
3716.832031 459.698792 48.761539 569.099976
3716.840088 459.698792 48.761539 569.109985
3723.751953 460.311615 48.761539 569.729980
3723.775879 460.516510 48.761539 570.090027
3723.783936 460.516510 48.761539 570.119995
3728.520020 461.137177 48.761539 570.750000
3728.535889 461.539795 48.761539 571.099976
3728.552002 461.539795 48.761539 571.119995
3732.288086 461.944977 58.533646 571.750000
3732.295898 461.944977 58.533646 572.090027
3732.312012 461.944977 58.533646 572.119995
3733.951904 462.145508 58.533646 572.719971
3733.976074 462.555298 58.533646 573.090027
3733.983887 462.555298 58.533646 573.119995
3735.063965 463.165619 58.533646 573.739990
3735.063965 463.571808 58.533646 574.099976
3735.072021 463.571808 58.533646 574.119995
3737.224121 464.186798 58.533646 574.729980
3737.224121 464.596039 58.533646 575.090027
3737.256104 464.596039 58.533646 575.119995
3740.488037 465.006622 58.533646 575.719971
3740.488037 465.415955 58.533646 576.090027
3740.488037 465.415955 58.533646 576.119995
3743.072021 466.029663 58.533646 576.719971
3743.072021 466.231598 58.533646 577.090027
3743.080078 466.438934 58.533646 577.119995
3747.216064 466.848755 58.533646 577.739990
3747.216064 467.265106 58.533646 578.099976
3747.231934 467.265106 58.533646 578.119995
3755.919922 467.878906 58.533646 578.729980
3755.944092 468.080505 58.533646 579.099976
3755.968018 468.288788 58.533646 579.119995
3762.456055 468.693420 58.533646 579.719971
3762.479980 469.101227 58.533646 580.090027
3762.528076 469.101227 58.533646 580.119995
3767.312012 469.714752 58.533646 580.719971
3767.312012 470.119171 58.533646 581.090027
3767.583984 470.119171 58.533646 581.119995
3771.479980 470.736725 58.533646 581.739990
3771.479980 470.937958 58.533646 582.090027
3771.632080 470.937958 58.533646 582.119995
3774.936035 471.351929 38.633453 582.739990
3774.936035 471.351929 38.633453 583.090027
3775.080078 471.351929 38.633453 583.119995
3778.520020 471.761169 38.633453 583.739990
3778.520020 471.966095 38.633453 584.099976
3779.184082 472.167755 38.633453 584.119995
3781.743896 472.784790 38.633453 584.739990
3781.743896 472.991577 38.633453 585.099976
3782.184082 472.991577 38.633453 585.119995
3784.479980 473.609100 38.633453 585.750000
3784.479980 474.015198 38.633453 586.090027
3784.864014 474.015198 38.633453 586.119995
3786.976074 474.618439 38.633453 586.719971
3786.976074 474.825806 38.633453 587.080017
3787.184082 474.825806 38.633453 587.119995
3788.951904 475.439514 38.633453 587.729980
3788.951904 475.850098 38.633453 588.090027
3789.087891 475.850098 38.633453 588.119995
3790.615967 476.466858 38.633453 588.719971
3790.615967 476.873047 38.633453 589.090027
3790.879883 476.873047 38.633453 589.119995
3792.983887 477.281403 38.633453 589.739990
3792.983887 477.687592 38.633453 590.090027
3793.216064 477.687592 38.633453 590.119995
3795.488037 478.293884 38.633453 590.750000
3795.528076 478.495575 38.633453 591.090027
3795.672119 478.703888 38.633453 591.119995
3797.864014 479.111725 38.633453 591.719971
3797.864014 479.520142 38.633453 592.090027
3797.959961 479.520142 38.633453 592.109985
3800.879883 479.725677 43.520233 592.719971
3800.879883 479.926117 43.520233 593.090027
3800.944092 479.926117 43.520233 593.119995
3803.976074 480.334503 43.520233 593.719971
3803.976074 480.739288 43.520233 594.090027
3804.000000 480.739288 43.520233 594.109985
3805.632080 481.347961 43.520233 594.719971
3805.632080 481.557220 43.520233 595.090027
3805.664062 481.759338 43.520233 595.119995
3807.647949 482.369659 43.520233 595.739990
3807.647949 482.576843 43.520233 596.090027
3807.719971 482.576843 43.520233 596.119995
3809.696045 483.182800 43.520233 596.750000
3809.696045 483.591187 43.520233 597.090027
3809.815918 483.591187 43.520233 597.099976
3811.320068 484.203491 43.520233 597.719971
3811.320068 484.612579 43.520233 598.099976
3811.456055 484.612579 43.520233 598.119995
3813.696045 485.026215 43.520233 598.719971
3813.696045 485.435730 43.520233 599.090027
3813.847900 485.435730 43.520233 599.119995
3816.127930 486.049469 43.520233 599.729980
3816.127930 486.258759 43.520233 600.090027
3816.375977 486.466064 43.520233 600.119995
3818.887939 486.879333 43.520233 600.750000
3818.887939 487.293701 43.520233 601.090027
3819.104004 487.293701 43.520233 601.109985
3823.040039 487.920044 43.520233 601.739990
3823.040039 488.124817 43.520233 602.090027
3823.176025 488.124817 43.520233 602.099976
3826.679932 488.734619 81.325233 602.739990
3826.679932 488.734619 81.325233 603.090027
3826.823975 488.734619 81.325233 603.119995
3831.760010 488.936768 81.325233 603.750000
3831.768066 489.349457 81.325233 604.099976
3831.887939 489.349457 81.325233 604.119995
3842.464111 489.958710 81.325233 604.719971
3842.464111 490.165344 81.325233 605.099976
3842.488037 490.165344 81.325233 605.119995
3848.280029 490.777649 81.325233 605.729980
3848.280029 491.186462 81.325233 606.090027
3848.375977 491.186462 81.325233 606.119995
3855.320068 491.807129 81.325233 606.750000
3855.320068 492.013092 81.325233 607.099976
3855.456055 492.013092 81.325233 607.119995
3860.768066 492.625214 81.325233 607.739990
3860.768066 493.034912 81.325233 608.099976
3861.055908 493.034912 81.325233 608.119995
3865.864014 493.640137 81.325233 608.729980
3865.864014 494.055817 81.325233 609.109985
3866.528076 494.055817 81.325233 609.119995
3871.679932 494.670197 81.325233 609.750000
3871.687988 494.875183 81.325233 610.109985
3873.184082 494.875183 81.325233 610.119995
3876.055908 495.488770 81.325233 610.739990
3876.055908 495.695099 81.325233 611.090027
3877.008057 495.899658 81.325233 611.119995
3879.055908 496.308624 81.325233 611.750000
3879.055908 496.718262 81.325233 612.090027
3879.743896 496.718262 81.325233 612.119995
3881.696045 496.922363 60.913033 612.750000
3881.704102 496.922363 60.913033 613.090027
3882.327881 496.922363 60.913033 613.119995
3884.031982 497.536438 60.913033 613.739990
3884.031982 497.945465 60.913033 614.109985
3884.560059 497.945465 60.913033 614.119995
3886.791992 498.556061 60.913033 614.750000
3886.791992 498.763641 60.913033 615.099976
3887.295898 498.763641 60.913033 615.119995
3888.904053 499.376648 60.913033 615.739990
3888.904053 499.789368 60.913033 616.099976
3889.424072 499.789368 60.913033 616.119995
3891.312012 500.199036 60.913033 616.750000
3891.312012 500.603455 60.913033 617.090027
3891.696045 500.603455 60.913033 617.119995
3894.879883 501.215942 60.913033 617.750000
3894.879883 501.418060 60.913033 618.090027
3895.208008 501.620300 60.913033 618.109985
3899.120117 502.233002 60.913033 618.750000
3899.120117 502.439514 60.913033 619.090027
3899.343994 502.439514 60.913033 619.119995
3901.919922 503.052399 60.913033 619.750000
3901.919922 503.465332 60.913033 620.090027
3902.543945 503.465332 60.913033 620.119995
3906.095947 503.873871 60.913033 620.739990
3906.095947 504.274597 60.913033 621.090027
3906.632080 504.274597 60.913033 621.109985
3917.352051 504.881012 60.913033 621.739990
3917.360107 505.296356 60.913033 622.099976
3917.647949 505.296356 60.913033 622.119995
3927.335938 505.704224 62.054329 622.739990
3927.335938 505.908386 62.054329 623.090027
3927.944092 505.908386 62.054329 623.119995
3935.704102 506.112213 62.054329 623.750000
3935.704102 506.314972 62.054329 624.090027
3936.167969 506.314972 62.054329 624.119995
3942.543945 506.935608 62.054329 624.750000
3942.543945 507.347931 62.054329 625.099976
3943.312012 507.347931 62.054329 625.119995
3949.808105 507.962433 62.054329 625.750000
3949.808105 508.170776 62.054329 626.090027
3951.080078 508.170776 62.054329 626.119995
3957.367920 508.782654 62.054329 626.750000
3957.384033 509.192841 62.054329 627.099976
3959.239990 509.192841 62.054329 627.119995
3962.535889 509.812469 62.054329 627.750000
3962.535889 510.017120 62.054329 628.080017
3965.471924 510.017120 62.054329 628.119995
3969.944092 510.624298 62.054329 628.780029
3969.944092 511.035889 62.054329 629.090027
3975.159912 511.035889 62.054329 629.119995
3980.040039 511.440125 62.054329 629.739990
3980.055908 511.846802 62.054329 630.090027
3997.904053 511.846802 62.054329 630.109985
4003.679932 512.456604 62.054329 630.760010
4003.679932 512.860718 62.054329 631.099976
4021.095947 512.860718 62.054329 631.119995
4027.552002 513.467285 62.054329 631.760010
4027.552002 513.670166 62.054329 632.109985
4040.016113 513.670166 62.054329 632.119995
4050.936035 514.286072 62.054329 632.750000
4050.936035 514.696045 72.265617 633.109985
4059.431885 514.696045 72.265617 633.119995
4073.127930 514.696045 72.265617 633.809998
4073.127930 514.897278 72.265617 634.090027
4075.199951 514.897278 72.265617 634.119995
4085.664062 515.513794 72.265617 634.760010
4085.664062 515.715271 72.265617 635.099976
4087.104004 515.715271 72.265617 635.119995
4092.968018 516.332520 72.265617 635.750000
4092.968018 516.737183 72.265617 636.090027
4095.312012 516.737183 72.265617 636.119995
4100.855957 517.355042 72.265617 636.750000
4100.855957 517.558533 72.265617 637.099976
4105.655762 517.558533 72.265617 637.119995
4108.496094 518.171570 72.265617 637.750000
4108.496094 518.581726 72.265617 638.109985
4115.344238 518.581726 72.265617 638.119995
4116.680176 519.200623 72.265617 638.760010
4116.711914 519.408386 72.265617 639.099976
4126.567871 519.408386 72.265617 639.119995
4127.912109 520.026794 72.265617 639.760010
4127.912109 520.435730 72.265617 640.080017
4140.111816 520.435730 72.265617 640.119995
4141.255859 521.045593 72.265617 640.750000
4141.255859 521.450867 72.265617 641.099976
4165.240234 521.450867 72.265617 641.119995
4166.328125 521.864502 72.265617 641.739990
4166.328125 522.268372 72.265617 642.099976
4184.536133 522.268372 72.265617 642.119995
4185.640137 522.884949 72.265617 642.750000
4185.640137 523.088318 67.173668 643.109985
4196.607910 523.088318 67.173668 643.119995
4197.655762 523.088318 67.173668 643.750000
4197.655762 523.289795 67.173668 644.090027
4206.063965 523.289795 67.173668 644.119995
4207.560059 523.906616 67.173668 644.760010
4207.560059 524.320007 67.173668 645.099976
4212.768066 524.320007 67.173668 645.119995
4213.848145 524.930359 67.173668 645.739990
4213.848145 525.130432 67.173668 646.090027
4216.071777 525.130432 67.173668 646.119995
4216.775879 525.749146 67.173668 646.750000
4216.976074 526.159668 67.173668 647.099976
4219.775879 526.159668 67.173668 647.130005
4220.576172 526.768616 67.173668 647.750000
4220.607910 526.976990 67.173668 648.099976
4223.408203 527.180481 67.173668 648.119995
4224.080078 527.592896 67.173668 648.739990
4224.096191 528.002869 67.173668 649.109985
4226.560059 528.002869 67.173668 649.119995
4227.352051 528.617432 67.173668 649.750000
4227.352051 528.822205 67.173668 650.099976
4229.527832 528.822205 67.173668 650.119995
4230.279785 529.429626 67.173668 650.750000
4230.279785 529.831848 67.173668 651.090027
4232.751953 529.831848 67.173668 651.119995
4233.583984 530.448242 67.173668 651.739990
4233.583984 530.650513 67.173668 652.090027
4236.016113 530.650513 67.173668 652.119995
4237.191895 531.060425 55.625721 652.750000
4237.191895 531.260620 55.625721 653.090027
4239.448242 531.260620 55.625721 653.119995
4241.520020 531.465759 55.625721 653.760010
4241.520020 531.667114 55.625721 654.090027
4243.543945 531.667114 55.625721 654.119995
4251.728027 532.287109 55.625721 654.739990
4251.728027 532.701111 55.625721 655.109985
4255.175781 532.701111 55.625721 655.119995
4262.711914 533.320007 55.625721 655.760010
4262.711914 533.731689 55.625721 656.099976
4272.952148 533.731689 55.625721 656.119995
4282.728027 534.146973 55.625721 656.760010
4282.728027 534.551453 55.625721 657.090027
4296.912109 534.551453 55.625721 657.119995
4302.016113 535.167908 55.625721 657.760010
4302.016113 535.583984 55.625721 658.099976
4310.279785 535.583984 55.625721 658.119995
4313.992188 536.201965 55.625721 658.760010
4313.992188 536.405090 55.625721 659.099976
4318.432129 536.405090 55.625721 659.119995
4321.527832 537.017883 55.625721 659.750000
4321.527832 537.427063 55.625721 660.099976
4323.640137 537.427063 55.625721 660.119995
4324.936035 538.031128 55.625721 660.750000
4324.936035 538.232727 55.625721 661.099976
4330.047852 538.232727 55.625721 661.119995
4330.759766 538.846008 55.625721 661.760010
4330.759766 539.255981 55.625721 662.090027
4341.399902 539.255981 55.625721 662.119995
4342.496094 539.865540 55.625721 662.750000
4342.496094 540.066101 53.116180 663.099976
4347.799805 540.066101 53.116180 663.119995
4348.368164 540.066101 53.116180 663.760010
4348.368164 540.270996 53.116180 664.090027
4350.903809 540.270996 53.116180 664.119995
4351.616211 540.895386 53.116180 664.789978
4351.616211 541.313843 53.116180 665.099976
4353.295898 541.313843 53.116180 665.119995
4353.815918 541.937012 53.116180 665.760010
4353.815918 542.140015 53.116180 666.099976
4354.976074 542.140015 53.116180 666.119995
4355.359863 542.754517 53.116180 666.750000
4355.359863 543.168762 53.116180 667.109985
4356.936035 543.168762 53.116180 667.119995
4357.383789 543.781006 53.116180 667.760010
4357.383789 543.985962 53.116180 668.099976
4358.895996 544.190430 53.116180 668.119995
4359.224121 544.602112 53.116180 668.750000
4359.224121 545.007996 53.116180 669.090027
4360.936035 545.007996 53.116180 669.119995
4361.399902 545.617065 53.116180 669.760010
4361.399902 545.817261 53.116180 670.090027
4362.943848 546.022339 53.116180 670.119995
4363.496094 546.632812 53.116180 670.750000
4363.496094 546.837097 53.116180 671.090027
4364.583984 546.837097 53.116180 671.119995
4365.191895 547.455566 42.132957 671.760010
4365.200195 547.659302 42.132957 672.109985
4366.503906 547.659302 42.132957 672.119995
4367.288086 547.659302 42.132957 672.760010
4367.288086 547.859558 42.132957 673.099976
4369.375977 548.065186 42.132957 673.130005
4370.359863 548.673401 42.132957 673.750000
4370.359863 548.880432 42.132957 674.099976
4371.919922 548.880432 42.132957 674.119995
4373.487793 549.706665 42.132957 674.760010
4373.487793 549.913696 42.132957 675.109985
4374.824219 549.913696 42.132957 675.119995
4375.647949 550.528625 42.132957 675.760010
4375.647949 550.940247 42.132957 676.090027
4376.872070 550.940247 42.132957 676.119995
4379.295898 551.349976 42.132957 676.750000
4379.295898 551.759033 42.132957 677.090027
4380.695801 551.759033 42.132957 677.109985
4385.007812 552.377380 42.132957 677.760010
4385.007812 552.783386 42.132957 678.099976
4386.903809 552.783386 42.132957 678.130005
4398.655762 553.398010 42.132957 678.750000
4398.655762 553.605225 42.132957 679.090027
4400.576172 553.605225 42.132957 679.119995
4413.368164 554.213013 42.132957 679.760010
4413.368164 554.625916 42.132957 680.090027
4415.080078 554.625916 42.132957 680.119995
4420.815918 555.034485 49.369354 680.770020
4420.815918 555.034485 49.369354 681.090027
4422.463867 555.034485 49.369354 681.130005
4429.992188 555.440552 49.369354 681.770020
4430.000000 555.645447 49.369354 682.099976
4431.791992 555.645447 49.369354 682.119995
4444.056152 556.475708 49.369354 682.770020
4444.056152 556.680786 49.369354 683.090027
4449.279785 556.680786 49.369354 683.119995
4465.576172 557.295837 49.369354 683.770020
4465.576172 557.704590 49.369354 684.099976
4476.503906 557.704590 49.369354 684.130005
4487.895996 558.314453 49.369354 684.770020
4487.895996 558.720337 49.369354 685.109985
4489.976074 558.720337 49.369354 685.119995
4497.255859 559.130188 49.369354 685.770020
4497.255859 559.541260 49.369354 686.090027
4499.439941 559.541260 49.369354 686.119995
4504.728027 559.744324 53.060787 686.780029
4504.728027 559.944336 53.060787 687.090027
4505.919922 559.944336 53.060787 687.119995
4509.952148 560.149597 53.060787 687.770020
4509.952148 560.558411 53.060787 688.090027
4510.784180 560.558411 53.060787 688.119995
4514.423828 561.168396 53.060787 688.770020
4514.439941 561.579407 53.060787 689.090027
4515.063965 561.579407 53.060787 689.130005
4517.583984 562.191040 53.060787 689.770020
4517.616211 562.395447 53.060787 690.090027
4517.824219 562.604980 53.060787 690.119995
4520.000000 563.220032 53.060787 690.760010
4520.040039 563.426270 53.060787 691.099976
4520.312012 563.426270 53.060787 691.119995
4521.768066 564.034546 53.060787 691.760010
4521.768066 564.448303 53.060787 692.090027
4522.063965 564.448303 53.060787 692.119995
4523.680176 565.072449 53.060787 692.750000
4523.680176 565.480774 53.060787 693.090027
4523.784180 565.480774 53.060787 693.119995
4525.735840 566.093872 53.060787 693.770020
4525.735840 566.298401 53.060787 694.090027
4526.215820 566.298401 53.060787 694.140015
4528.184082 566.912964 53.060787 694.760010
4528.215820 567.323181 53.060787 695.099976
4528.680176 567.323181 53.060787 695.130005
4530.567871 567.939026 53.060787 695.780029
4530.664062 568.139832 55.353542 696.090027
4531.288086 568.139832 55.353542 696.119995
4532.496094 568.340088 55.353542 696.770020
4532.576172 568.542603 55.353542 697.099976
4533.655762 568.542603 55.353542 697.130005
4534.671875 568.952271 55.353542 697.789978
4534.791992 569.362854 55.353542 698.090027
4535.888184 569.362854 55.353542 698.119995
4536.855957 569.971802 55.353542 698.770020
4536.983887 570.380798 55.353542 699.099976
4540.808105 570.380798 55.353542 699.119995
4541.375977 570.993591 55.353542 699.750000
4541.439941 571.196777 55.353542 700.099976
4560.687988 571.196777 55.353542 700.119995
4561.423828 572.016235 55.353542 700.789978
4561.487793 572.222534 55.353542 701.119995
4584.279785 572.222534 55.353542 701.150024
4585.591797 572.629395 34.502621 701.770020
4585.664062 572.629395 34.502621 702.090027
4599.087891 572.629395 34.502621 702.119995
4600.200195 573.032959 34.502621 702.789978
4600.215820 573.239136 34.502621 703.099976
4609.191895 573.441284 34.502621 703.119995
4610.624023 574.052246 34.502621 703.799988
4610.624023 574.260193 34.502621 704.119995
4615.943848 574.468750 34.502621 704.130005
4616.720215 574.875732 34.502621 704.750000
4616.720215 575.283020 34.502621 705.099976
4620.624023 575.283020 34.502621 705.130005
4621.344238 575.696167 39.029297 705.780029
4621.344238 575.696167 39.029297 706.099976
4624.383789 575.696167 39.029297 706.130005
4625.520020 576.102356 39.029297 706.770020
4625.520020 576.508362 39.029297 707.090027
4627.936035 576.508362 39.029297 707.130005
4631.992188 577.120178 39.029297 707.750000
4631.992188 577.320251 39.029297 708.099976
4634.456055 577.522827 39.029297 708.119995
4647.527832 578.130432 39.029297 708.780029
4647.527832 578.336548 39.029297 709.090027
4649.744141 578.336548 39.029297 709.140015
4659.040039 578.952637 39.029297 709.770020
4659.040039 579.369873 39.029297 710.109985
4660.784180 579.369873 39.029297 710.140015
4666.919922 579.782837 39.029297 710.750000
4666.919922 580.191040 39.029297 711.090027
4668.759766 580.191040 39.029297 711.140015
4671.815918 580.800537 39.029297 711.750000
4671.815918 581.002197 39.029297 712.109985
4673.536133 581.002197 39.029297 712.130005
4675.680176 581.613586 39.029297 712.770020
4675.695801 582.017456 39.029297 713.099976
4677.151855 582.017456 39.029297 713.119995
4680.104004 582.619812 39.029297 713.750000
4680.104004 582.828186 39.029297 714.090027
4681.080078 582.828186 39.029297 714.130005
4682.759766 583.232483 48.180656 714.770020
4682.799805 583.232483 48.180656 715.099976
4684.240234 583.232483 48.180656 715.119995
4685.104004 583.638245 48.180656 715.750000
4685.111816 583.846252 48.180656 716.099976
4686.264160 584.050964 48.180656 716.150024
4686.992188 584.465454 48.180656 716.750000
4687.000000 584.879517 48.180656 717.090027
4687.928223 584.879517 48.180656 717.130005
4688.567871 585.488037 48.180656 717.750000
4688.583984 585.896423 48.180656 718.099976
4689.319824 585.896423 48.180656 718.150024
4690.047852 586.305237 48.180656 718.780029
4690.071777 586.721069 48.180656 719.090027
4690.848145 586.721069 48.180656 719.140015
4691.383789 587.327881 48.180656 719.770020
4691.392090 587.735901 48.180656 720.090027
4692.680176 587.735901 48.180656 720.130005
4693.120117 588.349976 48.180656 720.789978
4693.120117 588.555847 48.180656 721.090027
4693.895996 588.555847 48.180656 721.119995
4694.184082 589.178528 48.180656 721.770020
4694.184082 589.579895 48.180656 722.099976
4694.983887 589.579895 48.180656 722.140015
4696.288086 590.184692 38.002682 722.780029
4696.288086 590.184692 38.002682 723.099976
4697.007812 590.184692 38.002682 723.119995
4697.472168 590.387756 38.002682 723.780029
4697.472168 590.591736 38.002682 724.109985
4698.264160 590.591736 38.002682 724.119995
4698.479980 591.419922 38.002682 724.770020
4698.487793 591.628418 38.002682 725.099976
4699.248047 591.628418 38.002682 725.119995
4699.543945 592.248474 38.002682 725.789978
4699.543945 592.657471 38.002682 726.099976
4700.551758 592.657471 38.002682 726.119995
4700.799805 593.278748 38.002682 726.780029
4700.799805 593.485718 38.002682 727.099976
4701.567871 593.485718 38.002682 727.119995
4701.967773 594.092163 38.002682 727.780029
4701.967773 594.497192 38.002682 728.090027
4702.768066 594.497192 38.002682 728.150024
4703.224121 595.118103 38.002682 728.770020
4703.240234 595.325928 38.002682 729.090027
4704.016113 595.325928 38.002682 729.130005
4704.383789 595.937317 38.002682 729.750000
4704.392090 596.340271 38.002682 730.099976
4705.344238 596.340271 38.002682 730.150024
4706.191895 596.956482 38.002682 730.760010
4706.200195 597.162659 38.002682 731.090027
4707.200195 597.162659 38.002682 731.140015
4708.080078 597.768921 58.759106 731.820007
4708.120117 597.972412 58.759106 732.109985
4709.215820 597.972412 58.759106 732.150024
4709.912109 597.972412 58.759106 732.750000
4709.992188 598.373962 58.759106 733.099976
4711.111816 598.373962 58.759106 733.140015
4711.472168 598.989685 58.759106 733.760010
4711.527832 599.192932 58.759106 734.099976
4713.200195 599.192932 58.759106 734.119995
4713.808105 599.808044 58.759106 734.770020
4713.848145 600.211487 58.759106 735.099976
4715.863770 600.211487 58.759106 735.119995
4716.631836 600.821289 58.759106 735.750000
4716.631836 601.021545 58.759106 736.090027
4718.551758 601.021545 58.759106 736.130005
4719.344238 601.641785 58.759106 736.770020
4719.344238 602.052002 58.759106 737.090027
4722.120117 602.052002 58.759106 737.119995
4723.496094 602.660828 58.759106 737.760010
4723.512207 603.062195 58.759106 738.099976
4727.184082 603.062195 58.759106 738.130005
4729.567871 603.671692 58.759106 738.770020
4729.567871 603.874268 58.759106 739.090027
4733.344238 603.874268 58.759106 739.130005
4734.512207 604.494324 58.759106 739.750000
4734.512207 604.906311 58.759106 740.099976
4738.056152 604.906311 58.759106 740.119995
4738.695801 605.310242 50.486336 740.770020
4738.711914 605.310242 50.486336 741.099976
4739.967773 605.310242 50.486336 741.130005
4740.472168 605.514038 50.486336 741.750000
4740.472168 605.923157 50.486336 742.090027
4741.071777 605.923157 50.486336 742.119995
4741.319824 606.528198 50.486336 742.760010
4741.335938 606.939880 50.486336 743.090027
4741.784180 606.939880 50.486336 743.130005
4742.184082 607.561768 50.486336 743.750000
4742.184082 607.765320 50.486336 744.109985
4742.472168 607.765320 50.486336 744.119995
4742.728027 608.371094 50.486336 744.770020
4742.728027 608.577881 50.486336 745.099976
4742.855957 608.786316 50.486336 745.130005
4743.111816 609.201294 50.486336 745.770020
4743.111816 609.616089 50.486336 746.109985
4743.328125 609.616089 50.486336 746.140015
4743.479980 610.235413 50.486336 746.750000
4743.479980 610.441406 50.486336 747.090027
4743.640137 610.441406 50.486336 747.119995
4743.815918 611.050537 50.486336 747.780029
4743.815918 611.460632 50.486336 748.099976
4743.903809 611.460632 50.486336 748.119995
4744.040039 612.073364 50.486336 748.760010
4744.040039 612.282776 50.486336 749.099976
4744.191895 612.282776 50.486336 749.119995
4744.520020 612.903992 50.486336 749.770020
4744.520020 613.314941 50.486336 750.099976
4744.551758 613.314941 50.486336 750.119995
4745.063965 613.928406 50.486336 750.770020
4745.167969 614.137512 50.486336 751.109985
4745.175781 614.343872 50.486336 751.119995
4745.359863 614.544189 44.467106 751.750000
4745.368164 614.544189 44.467106 752.090027
4745.416016 614.544189 44.467106 752.130005
4745.720215 614.955872 44.467106 752.770020
4745.720215 615.365967 44.467106 753.109985
4745.784180 615.365967 44.467106 753.119995
4746.007812 615.982666 44.467106 753.750000
4746.007812 616.396545 44.467106 754.090027
4746.040039 616.396545 44.467106 754.140015
4746.479980 617.010864 44.467106 754.770020
4746.479980 617.213440 44.467106 755.109985
4746.479980 617.213440 44.467106 755.140015
4746.735840 617.830872 44.467106 755.770020
4746.735840 618.238342 44.382870 756.090027
4746.872070 618.238342 44.382870 756.130005
4746.943848 618.238342 44.382870 756.770020
4746.943848 618.444458 44.382870 757.099976
4746.967773 618.444458 44.382870 757.119995
4747.160156 619.270386 44.382870 757.770020
4747.184082 619.472168 44.382870 758.090027
4747.208008 619.472168 44.382870 758.119995
4747.375977 620.290833 44.382870 758.820007
4747.392090 620.493225 44.382870 759.099976
4747.808105 620.493225 44.382870 759.109985
4748.295898 621.104980 44.382870 759.780029
4748.304199 621.511841 44.382870 760.119995
4748.839844 621.511841 44.382870 760.130005
4748.912109 621.919800 44.382870 760.770020
4748.912109 622.330078 44.382870 761.099976
4749.160156 622.330078 44.382870 761.119995
4749.576172 622.946167 44.382870 761.760010
4749.576172 623.352966 44.382870 762.099976
4750.000000 623.352966 44.382870 762.140015
4750.144043 623.760254 44.382870 762.770020
4750.144043 624.173035 44.382870 763.090027
4750.567871 624.173035 44.382870 763.130005
4750.839844 624.792847 44.382870 763.770020
4750.839844 625.204468 44.382870 764.099976
4751.127930 625.204468 44.382870 764.130005
4751.215820 625.818848 44.382870 764.780029
4751.215820 626.021362 44.382870 765.109985
4751.368164 626.021362 44.382870 765.119995
4751.463867 626.631714 44.382870 765.770020
4751.463867 626.839478 44.382870 766.099976
4751.543945 627.045532 44.382870 766.130005
4751.576172 627.450317 57.304317 766.770020
4751.576172 627.450317 57.304317 767.099976
4751.728027 627.450317 57.304317 767.109985
4751.735840 627.653870 57.304317 767.780029
4751.735840 627.859802 57.304317 768.109985
4751.895996 628.063416 57.304317 768.119995
4751.903809 628.680176 57.304317 768.820007
4751.903809 628.882263 57.304317 769.099976
4751.919922 628.882263 57.304317 769.119995
4751.928223 629.497498 57.304317 769.770020
4751.928223 629.910034 57.304317 770.099976
4751.936035 629.910034 57.304317 770.119995
4751.959961 630.522156 57.304317 770.770020
4751.959961 630.723267 57.304317 771.090027
4751.967773 630.723267 57.304317 771.130005
4751.983887 631.343750 57.304317 771.760010
4751.983887 631.750671 57.304317 772.099976
4751.992188 631.750671 57.304317 772.119995
4752.016113 632.369202 57.304317 772.770020
4752.016113 632.573853 57.304317 773.099976
4752.023926 632.573853 57.304317 773.119995
4752.040039 633.185791 57.304317 773.760010
4752.040039 633.595093 57.304317 774.099976
4752.040039 633.595093 57.304317 774.119995
4752.040039 634.204163 57.304317 774.750000
4752.040039 634.405212 57.304317 775.099976
4752.040039 634.405212 57.304317 775.119995
4752.104004 635.019226 57.304317 775.770020
4752.104004 635.435425 57.304317 776.090027
4752.111816 635.435425 57.304317 776.119995
4752.144043 635.841919 52.361286 776.760010
4752.144043 635.841919 52.361286 777.099976
4752.231934 635.841919 52.361286 777.119995
4752.432129 636.042542 52.361286 777.760010
4752.432129 636.451416 52.361286 778.109985
4752.463867 636.451416 52.361286 778.119995
4752.631836 637.064148 52.361286 778.770020
4752.631836 637.476074 52.361286 779.099976
4752.655762 637.476074 52.361286 779.140015
4752.744141 638.084351 52.361286 779.770020
4752.744141 638.486877 52.361286 780.090027
4752.751953 638.486877 52.361286 780.119995
4752.848145 639.101013 52.361286 780.760010
4752.848145 639.309692 52.361286 781.099976
4752.855957 639.309692 52.361286 781.130005
4752.872070 639.931396 52.361286 781.760010
4752.872070 640.338440 52.361286 782.109985
4752.895996 640.338440 52.361286 782.119995
4752.919922 640.944824 52.361286 782.760010
4752.919922 641.151733 52.361286 783.099976
4752.943848 641.151733 52.361286 783.119995
4753.007812 641.761658 52.361286 783.750000
4753.007812 642.168213 52.361286 784.099976
4753.007812 642.168213 52.361286 784.130005
4753.136230 642.777649 52.361286 784.750000
4753.136230 642.981140 52.361286 785.099976
4753.215820 642.981140 52.361286 785.119995
4753.231934 643.382996 37.203709 785.750000
4753.231934 643.583313 37.203709 786.109985
4753.383789 643.583313 37.203709 786.119995
4753.392090 643.788818 37.203709 786.750000
4753.392090 643.994385 37.203709 787.090027
4753.512207 644.197327 37.203709 787.119995
4753.607910 644.805542 37.203709 787.789978
4753.607910 645.208923 37.203709 788.109985
4753.664062 645.208923 37.203709 788.119995
4753.919922 645.625122 37.203709 788.770020
4753.919922 646.034912 37.203709 789.090027
4754.032227 646.034912 37.203709 789.119995
4754.392090 646.654358 37.203709 789.760010
4754.392090 646.858398 37.203709 790.090027
4754.456055 647.059265 37.203709 790.119995
4754.583984 647.467041 37.203709 790.760010
4754.583984 647.872009 37.203709 791.099976
4754.640137 647.872009 37.203709 791.130005
4754.832031 648.489929 37.203709 791.760010
4754.832031 648.690063 37.203709 792.090027
4754.903809 648.690063 37.203709 792.119995
4755.071777 649.303101 37.203709 792.770020
4755.071777 649.714539 37.203709 793.090027
4755.144043 649.714539 37.203709 793.119995
4755.335938 650.337646 37.203709 793.760010
4755.335938 650.541687 37.203709 794.090027
4755.399902 650.541687 37.203709 794.119995
4755.616211 651.157959 63.916012 794.760010
4755.616211 651.157959 63.916012 795.099976
4755.695801 651.157959 63.916012 795.119995
4755.784180 651.358215 63.916012 795.789978
4755.784180 651.761353 63.916012 796.109985
4755.976074 651.761353 63.916012 796.119995
4756.080078 652.378479 63.916012 796.760010
4756.080078 652.795593 63.916012 797.099976
4756.144043 652.795593 63.916012 797.130005
4756.167969 653.418579 63.916012 797.770020
4756.231934 653.624573 63.916012 798.099976
4756.472168 653.624573 63.916012 798.119995
4756.472168 654.226257 63.916012 798.750000
4756.472168 654.631531 63.916012 799.099976
4756.607910 654.631531 63.916012 799.119995
4756.704102 655.243530 63.916012 799.760010
4756.704102 655.450317 63.916012 800.090027
4756.832031 655.450317 63.916012 800.119995
4756.863770 656.065125 63.916012 800.770020
4756.863770 656.265991 63.916012 801.119995
4757.016113 656.265991 63.916012 801.119995
4757.016113 656.879883 63.916012 801.750000
4757.016113 657.289917 63.916012 802.099976
4757.264160 657.289917 63.916012 802.119995
4757.295898 657.909485 63.916012 802.780029
4757.295898 658.113586 63.916012 803.090027
4757.439941 658.113586 63.916012 803.119995
4757.448242 658.735046 63.916012 803.760010
4757.448242 659.142700 63.916012 804.099976
4757.687988 659.142700 63.916012 804.130005
4757.695801 659.344849 42.951233 804.770020
4757.695801 659.344849 42.951233 805.090027
4757.992188 659.344849 42.951233 805.119995
4758.007812 659.752075 42.951233 805.760010
4758.007812 660.164673 42.951233 806.099976
4758.151855 660.164673 42.951233 806.119995
4758.208008 660.775269 42.951233 806.760010
4758.208008 661.187622 42.951233 807.109985
4758.383789 661.187622 42.951233 807.119995
4758.383789 661.602478 42.951233 807.750000
4758.503906 662.008362 42.951233 808.099976
4758.735840 662.008362 42.951233 808.130005
4758.751953 662.613281 42.951233 808.770020
4758.848145 662.816040 42.951233 809.090027
4759.016113 662.816040 42.951233 809.119995
4759.016113 663.436829 42.951233 809.760010
4759.016113 663.845947 42.951233 810.099976
4759.231934 663.845947 42.951233 810.119995
4759.231934 664.461792 42.951233 810.760010
4759.231934 664.871033 42.951233 811.090027
4759.799805 664.871033 42.951233 811.119995
4759.799805 665.281189 42.951233 811.760010
4759.799805 665.690674 42.951233 812.099976
4759.992188 665.690674 42.951233 812.130005
4759.992188 666.314453 42.951233 812.760010
4759.992188 666.515625 42.951233 813.090027
4760.319824 666.724182 42.951233 813.119995
4760.799805 667.137756 46.507439 813.760010
4760.799805 667.344604 46.507439 814.109985
4761.023926 667.344604 46.507439 814.119995
4761.479980 667.545654 46.507439 814.770020
4761.479980 667.745911 46.507439 815.090027
4761.671875 667.745911 46.507439 815.119995
4762.295898 668.362732 46.507439 815.760010
4762.295898 668.563049 46.507439 816.099976
4762.631836 668.563049 46.507439 816.119995
4763.312012 669.182434 46.507439 816.760010
4763.312012 669.586304 46.507439 817.090027
4763.512207 669.586304 46.507439 817.119995
4764.167969 670.193481 46.507439 817.770020
4764.167969 670.596924 46.507439 818.099976
4764.375977 670.596924 46.507439 818.119995
4764.832031 671.210022 46.507439 818.770020
4764.832031 671.412109 46.507439 819.109985
4765.063965 671.412109 46.507439 819.119995
4765.304199 672.023254 46.507439 819.780029
4765.304199 672.428162 46.507439 820.109985
4765.472168 672.428162 46.507439 820.119995
4765.520020 673.045166 46.507439 820.780029
4765.520020 673.449951 46.507439 821.099976
4765.680176 673.449951 46.507439 821.119995
4765.768066 674.062805 46.507439 821.760010
4765.768066 674.272217 46.507439 822.099976
4766.120117 674.272217 46.507439 822.119995
4766.120117 674.884033 63.262615 822.770020
4766.120117 674.884033 63.262615 823.090027
4766.359863 674.884033 63.262615 823.119995
4766.359863 675.084106 63.262615 823.780029
4766.359863 675.287231 63.262615 824.099976
4766.583984 675.287231 63.262615 824.119995
4766.583984 675.905212 63.262615 824.760010
4766.583984 676.319702 63.262615 825.099976
4766.936035 676.319702 63.262615 825.119995
4766.936035 676.931030 63.262615 825.770020
4766.936035 677.337280 63.262615 826.090027
4767.408203 677.337280 63.262615 826.119995
4767.408203 677.949829 63.262615 826.770020
4767.408203 678.151733 63.262615 827.099976
4767.808105 678.151733 63.262615 827.119995
4767.815918 678.765991 63.262615 827.770020
4767.815918 679.171936 63.262615 828.090027
4768.111816 679.171936 63.262615 828.119995
4768.191895 679.782104 63.262615 828.770020
4768.191895 679.984558 63.262615 829.109985
4768.368164 679.984558 63.262615 829.119995
4768.383789 680.595886 63.262615 829.760010
4768.383789 681.005066 63.262615 830.099976
4768.631836 681.005066 63.262615 830.130005
4768.695801 681.410889 58.561783 830.770020
4768.695801 681.410889 58.561783 831.099976
4769.184082 681.410889 58.561783 831.119995
4769.231934 681.610962 58.561783 831.750000
4769.231934 682.013855 58.561783 832.099976
4769.775879 682.013855 58.561783 832.119995
4769.839844 682.631592 58.561783 832.750000
4769.839844 682.833740 58.561783 833.109985
4770.711914 682.833740 58.561783 833.119995
4770.728027 683.446838 58.561783 833.760010
4770.751953 683.854614 58.561783 834.099976
4771.423828 683.854614 58.561783 834.119995
4771.432129 684.478699 58.561783 834.760010
4771.479980 684.679077 58.561783 835.090027
4772.144043 684.886963 58.561783 835.130005
4772.144043 685.302368 58.561783 835.780029
4772.215820 685.705444 58.561783 836.090027
4772.527832 685.705444 58.561783 836.119995
4772.527832 686.319885 58.561783 836.750000
4772.912109 686.528137 58.561783 837.099976
4773.191895 686.737183 58.561783 837.119995
4773.191895 687.354858 58.561783 837.780029
4773.271973 687.563110 58.561783 838.090027
4773.664062 687.563110 58.561783 838.119995
4773.664062 688.174683 58.561783 838.750000
4773.728027 688.587830 58.561783 839.099976
4774.160156 688.587830 58.561783 839.119995
4774.200195 689.201233 58.561783 839.780029
4774.224121 689.404480 68.293594 840.109985
4774.520020 689.404480 68.293594 840.119995
4774.711914 689.404480 68.293594 840.750000
4774.720215 689.605408 68.293594 841.109985
4774.888184 689.605408 68.293594 841.119995
4775.016113 690.221802 68.293594 841.760010
4775.016113 690.631592 68.293594 842.109985
4775.271973 690.631592 68.293594 842.119995
4775.271973 691.242493 68.293594 842.780029
4775.271973 691.655090 68.293594 843.090027
4775.640137 691.655090 68.293594 843.119995
4775.640137 692.267761 68.293594 843.750000
4775.640137 692.469177 68.293594 844.099976
4775.711914 692.469177 68.293594 844.109985
4775.711914 693.079590 68.293594 844.750000
4775.784180 693.497009 68.293594 845.090027
4776.007812 693.497009 68.293594 845.119995
4776.007812 694.118225 68.293594 845.760010
4776.111816 694.325317 68.293594 846.090027
4776.208008 694.528870 68.293594 846.119995
4776.208008 694.936401 68.293594 846.760010
4776.208008 695.353210 68.293594 847.099976
4776.359863 695.353210 68.293594 847.109985
4776.359863 695.968811 68.293594 847.760010
4776.375977 696.176331 68.293594 848.090027
4776.680176 696.385742 68.293594 848.119995
4776.680176 697.002869 68.293594 848.760010
4776.680176 697.208435 68.293594 849.090027
4777.224121 697.208435 68.293594 849.119995
4777.224121 697.617981 57.553669 849.750000
4777.224121 697.617981 57.553669 850.090027
4777.799805 697.617981 57.553669 850.119995
4777.808105 698.021912 57.553669 850.760010
4777.808105 698.227173 57.553669 851.090027
4778.448242 698.227173 57.553669 851.119995
4778.448242 699.042053 57.553669 851.760010
4778.448242 699.247742 57.553669 852.090027
4778.704102 699.247742 57.553669 852.119995
4778.704102 699.868530 57.553669 852.750000
4778.711914 700.278259 57.553669 853.090027
4779.111816 700.278259 57.553669 853.119995
4779.111816 700.893494 57.553669 853.750000
4779.127930 701.096191 57.553669 854.090027
4780.671875 701.096191 57.553669 854.119995
4780.671875 701.710876 57.553669 854.750000
4780.735840 702.122253 57.553669 855.090027
4781.248047 702.122253 57.553669 855.119995
4781.255859 702.742126 57.553669 855.750000
4781.335938 702.943298 57.553669 856.090027
4781.624023 702.943298 57.553669 856.119995
4781.695801 703.549438 57.553669 856.750000
4781.728027 703.952454 57.553669 857.090027
4782.047852 703.952454 57.553669 857.119995
4782.071777 704.555481 57.553669 857.750000
4782.071777 704.758911 57.553669 858.090027
4783.264160 704.967773 57.553669 858.119995
4783.271973 705.379333 57.553669 858.750000
4783.271973 705.579407 85.207825 859.090027
4789.631836 705.579407 85.207825 859.119995
4789.631836 705.579407 85.207825 859.760010
4789.631836 705.992676 85.207825 860.090027
4794.136230 705.992676 85.207825 860.119995
4794.144043 706.812683 85.207825 860.750000
4794.144043 707.021423 85.207825 861.090027
4794.680176 707.021423 85.207825 861.119995
4794.680176 707.636292 85.207825 861.770020
4794.680176 708.046692 85.207825 862.090027
4794.687988 708.046692 85.207825 862.119995
4794.687988 708.661987 85.207825 862.770020
4794.687988 708.863831 85.207825 863.080017
4794.704102 708.863831 85.207825 863.119995
4794.751953 709.479126 85.207825 863.760010
4794.751953 709.891113 85.207825 864.099976
4794.784180 709.891113 85.207825 864.119995
4794.815918 710.497253 85.207825 864.760010
4794.855957 710.699768 85.207825 865.090027
4794.888184 710.699768 85.207825 865.119995
4794.992188 711.319641 85.207825 865.760010
4795.047852 711.729309 85.207825 866.099976
4795.063965 711.729309 85.207825 866.119995
4795.240234 712.354797 85.207825 866.780029
4795.279785 712.557190 85.207825 867.090027
4795.383789 712.557190 85.207825 867.119995
4795.567871 712.971130 68.489067 867.780029
4795.567871 712.971130 68.489067 868.090027
4795.863770 712.971130 68.489067 868.119995
4796.016113 713.374146 68.489067 868.770020
4796.016113 713.790405 68.489067 869.109985
4796.536133 713.790405 68.489067 869.119995
4796.631836 714.410767 68.489067 869.770020
4796.671875 714.616333 68.489067 870.090027
4797.047852 714.616333 68.489067 870.119995
4797.127930 715.229370 68.489067 870.770020
4797.127930 715.641174 68.489067 871.090027
4797.520020 715.641174 68.489067 871.130005
4797.616211 716.262512 68.489067 871.770020
4797.616211 716.471252 68.489067 872.090027
4798.184082 716.673218 68.489067 872.119995
4798.328125 717.084961 68.489067 872.770020
4798.344238 717.493713 68.489067 873.099976
4799.175781 717.493713 68.489067 873.119995
4799.255859 718.107300 68.489067 873.780029
4799.288086 718.312561 68.489067 874.090027
4799.640137 718.312561 68.489067 874.130005
4799.728027 718.930603 68.489067 874.770020
4799.791992 719.334045 68.489067 875.099976
4800.583984 719.334045 68.489067 875.140015
4800.695801 719.943970 68.489067 875.770020
4800.744141 720.151917 68.489067 876.119995
4801.359863 720.151917 68.489067 876.119995
4801.503906 720.761475 68.489067 876.770020
4801.520020 721.170532 68.489067 877.099976
4802.000000 721.170532 68.489067 877.119995
4802.240234 721.787292 68.107628 877.770020
4802.271973 721.787292 68.107628 878.099976
4802.943848 721.787292 68.107628 878.140015
4803.047852 721.988403 68.107628 878.770020
4803.056152 722.193359 68.107628 879.099976
4803.735840 722.193359 68.107628 879.119995
4803.832031 722.807251 68.107628 879.770020
4803.832031 723.232971 68.107628 880.090027
4804.607910 723.232971 68.107628 880.140015
4804.695801 723.849548 68.107628 880.770020
4804.695801 724.052673 68.107628 881.090027
4805.359863 724.260437 68.107628 881.119995
4805.439941 724.672974 68.107628 881.760010
4805.439941 725.084473 68.107628 882.090027
4806.312012 725.084473 68.107628 882.119995
4806.399902 725.698303 68.107628 882.780029
4806.408203 726.106018 68.107628 883.109985
4807.160156 726.106018 68.107628 883.109985
4807.184082 726.712097 68.107628 883.770020
4807.191895 726.915100 68.107628 884.080017
4807.959961 726.915100 68.107628 884.130005
4808.111816 727.526428 68.107628 884.770020
4808.111816 727.936523 68.107628 885.109985
4809.136230 727.936523 68.107628 885.119995
4809.144043 728.344238 68.107628 885.760010
4809.144043 728.750977 68.107628 886.090027
4809.983887 728.750977 68.107628 886.119995
4810.063965 729.363770 68.107628 886.760010
4810.063965 729.774902 68.107628 887.090027
4811.023926 729.774902 68.107628 887.119995
4811.063965 730.387085 68.107628 887.820007
4811.063965 730.593567 70.506493 888.090027
4811.824219 730.593567 70.506493 888.130005
4811.888184 730.795044 70.506493 888.750000
4811.888184 730.795044 70.506493 889.109985
4813.255859 730.795044 70.506493 889.130005
4813.255859 731.408997 70.506493 889.760010
4813.255859 731.821899 70.506493 890.090027
4814.472168 731.821899 70.506493 890.130005
4814.472168 732.427429 70.506493 890.760010
4814.472168 732.633667 70.506493 891.109985
4815.560059 732.633667 70.506493 891.119995
4815.576172 733.250732 70.506493 891.760010
4815.576172 733.454834 70.506493 892.090027
4817.007812 733.657471 70.506493 892.119995
4817.007812 734.064880 70.506493 892.770020
4817.007812 734.474976 70.506493 893.090027
4818.472168 734.474976 70.506493 893.119995
4818.472168 735.096802 70.506493 893.770020
4818.472168 735.504822 70.506493 894.090027
4820.047852 735.504822 70.506493 894.140015
4820.144043 736.115540 70.506493 894.770020
4820.144043 736.318542 70.506493 895.109985
4821.983887 736.318542 70.506493 895.119995
4822.023926 736.926880 70.506493 895.760010
4822.023926 737.132690 70.506493 896.090027
4824.047852 737.132690 70.506493 896.119995
4824.071777 737.752014 70.506493 896.770020
4824.071777 738.158264 70.506493 897.090027
4828.600098 738.158264 70.506493 897.130005
4828.808105 738.770264 70.506493 897.770020
4828.808105 738.978577 70.506493 898.099976
4837.695801 738.978577 70.506493 898.119995
4837.912109 739.603516 77.190453 898.780029
4837.912109 739.603516 77.190453 899.090027
4843.063965 739.603516 77.190453 899.130005
4843.096191 739.805847 77.190453 899.760010
4843.096191 740.006958 77.190453 900.109985
4845.671875 740.209229 77.190453 900.119995
4845.680176 740.830750 77.190453 900.760010
4845.695801 741.032532 77.190453 901.099976
4847.423828 741.032532 77.190453 901.119995
4847.472168 741.646545 77.190453 901.770020
4847.472168 742.049927 77.190453 902.090027
4849.040039 742.049927 77.190453 902.140015
4849.056152 742.659119 77.190453 902.770020
4849.056152 742.866516 77.190453 903.099976
4850.463867 742.866516 77.190453 903.119995
4850.479980 743.485596 77.190453 903.770020
4850.479980 743.892761 77.190453 904.099976
4851.560059 743.892761 77.190453 904.130005
4851.591797 744.509888 77.190453 904.760010
4851.591797 744.718994 77.190453 905.090027
4852.704102 744.718994 77.190453 905.130005
4852.704102 745.331726 77.190453 905.780029
4852.704102 745.740784 77.190453 906.099976
4854.200195 745.740784 77.190453 906.140015
4854.208008 746.357239 77.190453 906.780029
4854.208008 746.561096 77.190453 907.090027
4855.271973 746.561096 77.190453 907.130005
4855.640137 747.176331 47.920582 907.760010
4855.640137 747.378723 47.920582 908.099976
4857.288086 747.378723 47.920582 908.140015
4857.328125 747.581543 47.920582 908.780029
4857.328125 747.787476 47.920582 909.090027
4858.543945 747.787476 47.920582 909.140015
4858.543945 748.410828 47.920582 909.780029
4858.543945 748.615845 47.920582 910.090027
4860.224121 748.615845 47.920582 910.140015
4860.279785 749.226807 47.920582 910.789978
4860.279785 749.637512 47.920582 911.109985
4862.784180 749.637512 47.920582 911.130005
4862.784180 750.248413 47.920582 911.770020
4862.784180 750.456726 47.920582 912.090027
4868.551758 750.664978 47.920582 912.150024
4868.567871 751.280457 47.920582 912.780029
4868.567871 751.488464 47.920582 913.099976
4877.903809 751.488464 47.920582 913.130005
4877.912109 752.117249 47.920582 913.770020
4877.912109 752.534607 47.920582 914.109985
4883.704102 752.534607 47.920582 914.119995
4883.728027 753.148315 47.920582 914.780029
4883.728027 753.349060 47.920582 915.099976
4887.016113 753.556763 47.920582 915.140015
4887.032227 753.971436 47.920582 915.780029
4887.032227 754.388672 47.920582 916.099976
4889.527832 754.388672 47.920582 916.150024
4890.344238 755.001526 47.920582 916.760010
4890.344238 755.204712 47.920582 917.109985
4892.047852 755.204712 47.920582 917.119995
4892.264160 755.811279 47.920582 917.770020
4892.264160 756.012573 70.404259 918.099976
4894.439941 756.012573 70.404259 918.119995
4894.576172 756.214539 70.404259 918.780029
4894.576172 756.420471 70.404259 919.099976
4896.472168 756.420471 70.404259 919.130005
4896.560059 757.035156 70.404259 919.760010
4896.560059 757.239563 70.404259 920.099976
4901.344238 757.239563 70.404259 920.119995
4901.359863 757.847656 70.404259 920.780029
4901.359863 758.261047 70.404259 921.109985
4914.240234 758.261047 70.404259 921.119995
4914.255859 758.871338 70.404259 921.760010
4914.255859 759.079468 70.404259 922.090027
4925.591797 759.288269 70.404259 922.130005
4925.647949 759.897400 70.404259 922.760010
4925.647949 760.103699 70.404259 923.090027
4933.687988 760.103699 70.404259 923.150024
4933.720215 760.718384 70.404259 923.780029
4933.720215 760.926941 70.404259 924.090027
4940.144043 761.134216 70.404259 924.140015
4940.167969 761.745605 70.404259 924.780029
4940.167969 761.952637 70.404259 925.099976
4944.912109 761.952637 70.404259 925.130005
4945.888184 762.572327 70.404259 925.770020
4945.888184 762.974731 70.404259 926.090027
4950.895996 762.974731 70.404259 926.150024
4950.952148 763.579773 71.120224 926.780029
4950.952148 763.579773 71.120224 927.099976
4963.319824 763.579773 71.120224 927.130005
4963.368164 763.784302 71.120224 927.789978
4963.368164 763.984680 71.120224 928.090027
4967.576172 763.984680 71.120224 928.119995
4967.600098 764.605835 71.120224 928.760010
4967.600098 765.017761 71.120224 929.090027
4969.839844 765.017761 71.120224 929.140015
4969.855957 765.629089 71.120224 929.770020
4969.855957 766.040833 71.120224 930.099976
4971.560059 766.040833 71.120224 930.130005
4971.567871 766.651001 71.120224 930.770020
4971.567871 766.851013 71.120224 931.090027
4972.472168 766.851013 71.120224 931.140015
4972.479980 767.462524 71.120224 931.770020
4972.479980 767.865356 71.120224 932.099976
4973.392090 767.865356 71.120224 932.130005
4973.439941 768.475342 71.120224 932.780029
4973.439941 768.684204 71.120224 933.109985
4974.231934 768.888733 71.120224 933.150024
4974.328125 769.303284 71.120224 933.770020
4974.328125 769.714600 71.120224 934.080017
4975.120117 769.714600 71.120224 934.150024
4977.423828 770.334229 71.120224 934.770020
4977.423828 770.537231 71.120224 935.099976
4978.096191 770.745422 71.120224 935.150024
4979.104004 771.160156 71.120224 935.770020
4979.104004 771.565735 71.120224 936.090027
4979.912109 771.565735 71.120224 936.130005
4979.992188 772.180603 71.120224 936.780029
4979.992188 772.586609 43.933338 937.150024
4980.791992 772.586609 43.933338 937.150024
4980.863770 772.586609 43.933338 937.789978
4980.863770 772.786865 43.933338 938.099976
4981.695801 772.786865 43.933338 938.119995
4981.728027 773.397888 43.933338 938.770020
4981.728027 773.606262 43.933338 939.099976
4982.496094 773.606262 43.933338 939.130005
4982.591797 774.220337 43.933338 939.770020
4982.591797 774.631775 43.933338 940.099976
4983.432129 774.631775 43.933338 940.150024
4983.472168 775.255127 43.933338 940.780029
4983.472168 775.463318 43.933338 941.099976
4984.543945 775.463318 43.933338 941.130005
4984.576172 776.083435 43.933338 941.770020
4984.576172 776.492920 43.933338 942.099976
4986.399902 776.492920 43.933338 942.109985
4986.576172 777.108337 43.933338 942.789978
4986.576172 777.308594 43.933338 943.090027
4994.839844 777.308594 43.933338 943.119995
4996.071777 777.919495 43.933338 943.820007
4996.071777 778.328308 43.933338 944.099976
5005.680176 778.328308 43.933338 944.130005
5006.720215 778.933228 43.933338 944.770020
5006.720215 779.335754 43.933338 945.119995
5009.967773 779.335754 43.933338 945.119995
5010.127930 779.741516 50.045845 945.780029
5010.127930 779.741516 50.045845 946.099976
5012.040039 779.741516 50.045845 946.150024
5012.215820 779.946472 50.045845 946.789978
5012.215820 780.356140 50.045845 947.090027
5013.472168 780.356140 50.045845 947.119995
5013.560059 780.971802 50.045845 947.750000
5013.560059 781.381836 50.045845 948.099976
5014.375977 781.381836 50.045845 948.119995
5014.448242 781.983826 50.045845 948.789978
5014.448242 782.185913 50.045845 949.090027
5015.063965 782.185913 50.045845 949.140015
5015.144043 782.799988 50.045845 949.770020
5015.144043 783.214355 50.045845 950.099976
5015.928223 783.214355 50.045845 950.119995
5015.992188 783.817749 50.045845 950.789978
5015.992188 784.231018 50.045845 951.090027
5016.335938 784.231018 50.045845 951.140015
5016.408203 784.843445 50.045845 951.789978
5016.408203 785.048950 50.045845 952.099976
5016.903809 785.048950 50.045845 952.150024
5016.959961 785.652832 50.045845 952.770020
5016.959961 786.066284 50.045845 953.099976
5017.279785 786.066284 50.045845 953.119995
5017.624023 786.684509 50.045845 953.840027
5017.624023 786.888000 50.045845 954.099976
5017.952148 787.096924 50.045845 954.140015
5018.032227 787.507629 37.988636 954.789978
5018.032227 787.507629 37.988636 955.119995
5018.616211 787.507629 37.988636 955.119995
5018.720215 787.708496 37.988636 955.780029
5018.720215 788.115295 37.988636 956.109985
5019.096191 788.115295 37.988636 956.130005
5019.144043 788.741516 37.988636 956.789978
5019.144043 788.945068 37.988636 957.090027
5020.040039 788.945068 37.988636 957.130005
5020.184082 789.557251 37.988636 957.770020
5020.184082 789.970642 37.988636 958.119995
5024.023926 789.970642 37.988636 958.150024
5024.080078 790.593262 37.988636 958.780029
5024.080078 790.799805 37.988636 959.099976
5036.040039 791.003540 37.988636 959.130005
5036.136230 791.625061 37.988636 959.789978
5036.136230 791.827820 37.988636 960.099976
5040.295898 791.827820 37.988636 960.140015
5040.399902 792.444946 37.988636 960.780029
5040.399902 792.652893 37.988636 961.090027
5041.496094 792.861328 37.988636 961.150024
5041.616211 793.475952 37.988636 961.789978
5041.616211 793.679199 37.988636 962.099976
5042.383789 793.679199 37.988636 962.150024
5042.487793 794.297180 37.988636 962.780029
5042.496094 794.704651 37.988636 963.090027
5042.728027 794.704651 37.988636 963.130005
5042.815918 794.906128 38.809353 963.780029
5042.815918 794.906128 38.809353 964.109985
5043.040039 794.906128 38.809353 964.130005
5043.160156 795.313171 38.809353 964.789978
5043.175781 795.722717 38.809353 965.119995
5043.312012 795.722717 38.809353 965.140015
5043.432129 796.335266 38.809353 965.789978
5043.456055 796.538696 38.809353 966.099976
5043.824219 796.739929 38.809353 966.150024
5043.983887 797.150024 38.809353 966.780029
5044.000000 797.557800 38.809353 967.099976
5044.576172 797.557800 38.809353 967.119995
5044.616211 798.163147 38.809353 967.780029
5044.640137 798.569519 38.809353 968.099976
5045.224121 798.569519 38.809353 968.119995
5045.368164 799.178894 38.809353 968.780029
5045.416016 799.381958 38.809353 969.090027
5045.943848 799.381958 38.809353 969.140015
5046.240234 800.000061 38.809353 969.770020
5046.439941 800.404968 38.809353 970.109985
5047.127930 800.404968 38.809353 970.140015
5047.312012 801.017700 38.809353 970.789978
5047.496094 801.226379 38.809353 971.090027
5048.224121 801.226379 38.809353 971.140015
5048.432129 801.839966 38.809353 971.789978
5048.503906 802.047058 38.809353 972.109985
5050.295898 802.047058 38.809353 972.119995
5050.472168 802.663635 38.809353 972.780029
5050.520020 803.075928 38.809353 973.090027
5059.335938 803.075928 38.809353 973.150024
5059.479980 803.278381 33.360897 973.789978
5059.487793 803.478699 33.360897 974.099976
5065.512207 803.478699 33.360897 974.150024
5065.607910 803.894714 33.360897 974.780029
5065.607910 804.096436 33.360897 975.090027
5067.080078 804.096436 33.360897 975.140015
5067.127930 804.708862 33.360897 975.770020
5067.136230 805.120178 33.360897 976.099976
5067.799805 805.120178 33.360897 976.140015
5067.824219 805.737061 33.360897 976.770020
5067.824219 805.941284 33.360897 977.090027
5068.399902 805.941284 33.360897 977.140015
5068.439941 806.350525 46.672161 977.770020
5068.439941 806.552490 46.672161 978.099976
5068.624023 806.552490 46.672161 978.119995
5068.655762 806.958984 46.672161 978.780029
5068.655762 807.159302 46.672161 979.109985
5068.799805 807.159302 46.672161 979.150024
5068.832031 807.978394 46.672161 979.770020
5068.832031 808.180237 46.672161 980.099976
5068.903809 808.180237 46.672161 980.150024
5068.967773 808.791321 46.672161 980.780029
5068.967773 809.200928 46.672161 981.099976
5069.016113 809.200928 46.672161 981.119995
5069.016113 809.817078 46.672161 981.780029
5069.016113 810.231995 46.672161 982.099976
5069.104004 810.231995 46.672161 982.130005
5069.144043 810.850891 46.672161 982.770020
5069.144043 811.060364 46.672161 983.099976
5069.224121 811.263489 46.672161 983.140015
5069.231934 811.676880 46.672161 983.789978
5069.231934 812.090088 46.672161 984.099976
5069.231934 812.090088 46.672161 984.119995
5069.248047 812.698914 46.672161 984.770020
5069.248047 812.907715 46.672161 985.090027
5069.255859 813.110352 46.672161 985.150024
5069.264160 813.524597 46.672161 985.770020
5069.264160 813.936340 46.672161 986.109985
5069.279785 813.936340 46.672161 986.130005
5069.279785 814.343567 38.422997 986.780029
5069.279785 814.343567 38.422997 987.090027
5069.295898 814.343567 38.422997 987.140015
5069.295898 814.749023 38.422997 987.760010
5069.304199 814.949402 38.422997 988.099976
5069.368164 814.949402 38.422997 988.119995
5069.368164 815.766357 38.422997 988.780029
5069.375977 815.975159 38.422997 989.090027
5069.392090 815.975159 38.422997 989.130005
5069.399902 816.587097 38.422997 989.760010
5069.439941 816.991821 38.422997 990.109985
5069.472168 816.991821 38.422997 990.119995
5069.472168 817.606995 38.422997 990.780029
5069.472168 817.815979 38.422997 991.090027
5069.600098 817.815979 38.422997 991.130005
5069.616211 818.424194 38.422997 991.770020
5069.616211 818.838379 38.422997 992.109985
5069.687988 818.838379 38.422997 992.140015
5069.695801 819.455933 38.422997 992.780029
5069.695801 819.662781 38.422997 993.080017
5069.775879 819.662781 38.422997 993.119995
5069.775879 820.481689 38.422997 993.789978
5069.775879 820.686707 38.422997 994.099976
5069.992188 820.686707 38.422997 994.119995
5070.000000 821.303711 38.422997 994.770020
5070.040039 821.713379 38.422997 995.109985
5070.175781 821.713379 38.422997 995.130005
5070.175781 822.122009 43.243927 995.780029
5070.184082 822.122009 43.243927 996.099976
5070.288086 822.122009 43.243927 996.119995
5070.288086 822.323730 43.243927 996.780029
5070.295898 822.730286 43.243927 997.119995
5070.416016 822.730286 43.243927 997.150024
5070.448242 823.358154 43.243927 997.770020
5070.463867 823.774048 43.243927 998.099976
5070.512207 823.774048 43.243927 998.130005
5070.520020 824.386719 43.243927 998.789978
5070.520020 824.594238 43.243927 999.099976
5070.520020 824.594238 43.243927 999.130005
5070.543945 825.207642 43.243927 999.789978
5070.543945 825.612671 43.243927 1000.099976
5070.551758 825.612671 43.243927 1000.140015
5070.655762 826.225769 43.243927 1000.789978
5070.680176 826.426880 43.243927 1001.099976
5070.680176 826.426880 43.243927 1001.130005
5070.784180 827.051453 43.243927 1001.780029
5070.791992 827.257874 43.243927 1002.090027
5070.791992 827.257874 43.243927 1002.140015
5070.943848 827.873047 43.243927 1002.789978
5070.967773 828.288818 43.243927 1003.090027
5070.967773 828.288818 43.243927 1003.130005
5071.224121 828.899963 43.243927 1003.780029
5071.248047 829.106445 43.243927 1004.099976
5071.248047 829.106445 43.243927 1004.130005
5071.399902 829.718506 48.439621 1004.760010
5071.408203 829.718506 48.439621 1005.099976
5071.423828 829.718506 48.439621 1005.140015
5071.520020 829.922180 48.439621 1005.789978
5071.520020 830.327759 48.439621 1006.090027
5071.543945 830.327759 48.439621 1006.130005
5071.647949 830.936157 48.439621 1006.770020
5071.671875 831.142578 48.439621 1007.090027
5071.791992 831.349304 48.439621 1007.140015
5072.000000 831.971008 48.439621 1007.780029
5072.056152 832.172668 48.439621 1008.090027
5072.271973 832.172668 48.439621 1008.140015
5072.408203 832.786926 48.439621 1008.780029
5072.448242 832.991150 48.439621 1009.099976
5072.759766 833.192505 48.439621 1009.140015
5072.903809 833.596863 48.439621 1009.760010
5072.903809 834.004883 48.439621 1010.099976
5073.080078 834.004883 48.439621 1010.130005
5073.127930 834.622314 48.439621 1010.760010
5073.127930 834.830444 48.439621 1011.090027
5073.224121 834.830444 48.439621 1011.150024
5073.255859 835.448181 48.439621 1011.780029
5073.255859 835.649780 48.439621 1012.070007
5073.335938 835.649780 48.439621 1012.130005
5073.335938 836.266296 48.439621 1012.770020
5073.335938 836.677063 48.439621 1013.090027
5073.432129 836.677063 48.439621 1013.140015
5073.432129 837.296204 48.439621 1013.780029
5073.448242 837.497192 48.439621 1014.090027
5073.487793 837.497192 48.439621 1014.140015
5073.487793 838.108276 48.439621 1014.750000
5073.487793 838.316528 58.747967 1015.080017
5073.487793 838.316528 58.747967 1015.140015
5073.496094 838.518799 58.747967 1015.770020
5073.496094 838.722412 58.747967 1016.090027
5073.496094 838.722412 58.747967 1016.140015
5073.496094 839.125427 58.747967 1016.770020
5073.496094 839.531067 58.747967 1017.080017
5073.503906 839.531067 58.747967 1017.150024
5073.503906 840.138489 58.747967 1017.770020
5073.503906 840.339783 58.747967 1018.090027
5073.512207 840.556213 58.747967 1018.150024
5073.512207 840.957275 58.747967 1018.770020
5073.512207 841.367981 58.747967 1019.070007
5073.512207 841.367981 58.747967 1019.119995
5073.512207 841.978882 58.747967 1019.770020
5073.512207 842.387634 58.747967 1020.099976
5073.520020 842.387634 58.747967 1020.140015
5073.560059 842.796570 58.747967 1020.770020
5073.560059 843.207458 58.747967 1021.090027
5073.583984 843.207458 58.747967 1021.130005
5073.624023 843.823425 58.747967 1021.780029
5073.624023 844.231018 58.747967 1022.119995
5073.624023 844.231018 58.747967 1022.150024
5073.640137 844.842102 58.747967 1022.780029
5073.647949 845.046692 58.747967 1023.109985
5073.695801 845.046692 58.747967 1023.159973
5073.744141 845.666382 58.747967 1023.770020
5073.744141 846.075256 58.747967 1024.099976
5073.832031 846.075256 58.747967 1024.160034
5073.832031 846.686401 58.747967 1024.770020
5073.848145 846.894775 58.747967 1025.099976
5073.967773 846.894775 58.747967 1025.130005
5074.000000 847.300659 60.650253 1025.780029
5074.000000 847.300659 60.650253 1026.079956
5074.111816 847.300659 60.650253 1026.160034
5074.160156 847.703186 60.650253 1026.780029
5074.175781 848.111938 60.650253 1027.099976
5074.231934 848.111938 60.650253 1027.150024
5074.295898 848.737793 60.650253 1027.760010
5074.295898 848.947388 60.650253 1028.079956
5074.655762 848.947388 60.650253 1028.140015
5074.711914 849.554016 60.650253 1028.770020
5074.711914 849.964539 60.650253 1029.099976
5074.799805 849.964539 60.650253 1029.140015
5074.832031 850.584351 60.650253 1029.770020
5074.848145 850.785706 60.650253 1030.089966
5074.959961 850.785706 60.650253 1030.140015
5075.023926 851.401123 60.650253 1030.780029
5075.040039 851.605713 60.650253 1031.079956
5075.120117 851.808411 60.650253 1031.130005
5075.279785 852.421021 60.650253 1031.760010
5075.304199 852.624573 60.650253 1032.079956
5077.215820 852.624573 60.650253 1032.130005
5077.368164 853.237000 60.650253 1032.780029
5077.399902 853.643311 60.650253 1033.089966
5079.248047 853.643311 60.650253 1033.150024
5079.344238 854.255310 60.650253 1033.780029
5079.375977 854.457458 60.650253 1034.079956
5080.952148 854.457458 60.650253 1034.130005
5081.111816 855.065613 60.650253 1034.770020
5081.136230 855.270508 60.650253 1035.069946
5082.943848 855.470764 60.650253 1035.140015
5083.032227 855.871948 64.494492 1035.780029
5083.071777 855.871948 64.494492 1036.089966
5084.255859 855.871948 64.494492 1036.140015
5084.271973 856.275879 64.494492 1036.770020
5084.328125 856.476196 64.494492 1037.119995
5084.439941 856.476196 64.494492 1037.140015
5084.527832 857.089966 64.494492 1037.760010
5084.551758 857.505798 64.494492 1038.089966
5084.583984 857.505798 64.494492 1038.130005
5084.616211 858.121582 64.494492 1038.790039
5084.640137 858.533569 64.494492 1039.069946
5084.735840 858.533569 64.494492 1039.130005
5084.808105 859.156372 64.494492 1039.780029
5084.808105 859.362183 64.494492 1040.089966
5084.888184 859.362183 64.494492 1040.130005
5084.983887 859.976257 64.494492 1040.780029
5084.983887 860.181946 64.494492 1041.069946
5085.144043 860.384277 64.494492 1041.130005
5085.200195 860.990112 64.494492 1041.780029
5085.208008 861.196350 64.494492 1042.089966
5085.335938 861.196350 64.494492 1042.130005
5085.375977 861.809143 64.494492 1042.780029
5085.375977 862.010620 64.494492 1043.079956
5085.536133 862.217773 64.494492 1043.130005
5085.591797 862.829285 64.494492 1043.760010
5085.616211 863.030457 64.494492 1044.089966
5085.720215 863.030457 64.494492 1044.130005
5085.751953 863.638428 64.494492 1044.790039
5085.751953 864.060425 64.494492 1045.079956
5085.943848 864.060425 64.494492 1045.130005
5085.967773 864.675903 70.100693 1045.770020
5085.983887 864.877380 70.100693 1046.089966
5086.208008 864.877380 70.100693 1046.140015
5086.240234 864.877380 70.100693 1046.770020
5086.240234 865.080566 70.100693 1047.069946
5086.768066 865.080566 70.100693 1047.140015
5086.784180 865.691895 70.100693 1047.770020
5086.784180 866.103027 70.100693 1048.089966
5087.191895 866.103027 70.100693 1048.119995
5087.191895 866.721619 70.100693 1048.770020
5087.208008 866.929321 70.100693 1049.079956
5087.591797 866.929321 70.100693 1049.130005
5087.591797 867.551270 70.100693 1049.770020
5087.591797 867.960632 70.100693 1050.099976
5088.016113 867.960632 70.100693 1050.150024
5088.016113 868.584167 70.100693 1050.770020
5088.016113 868.791748 70.100693 1051.069946
5088.472168 868.791748 70.100693 1051.130005
5088.472168 869.409485 70.100693 1051.770020
5088.472168 869.819824 70.100693 1052.099976
5089.127930 869.819824 70.100693 1052.140015
5089.127930 870.435608 70.100693 1052.849976
5089.127930 870.641785 70.100693 1053.069946
5090.255859 870.842834 70.100693 1053.099976
5090.295898 871.460144 70.100693 1053.760010
5090.295898 871.665955 70.100693 1054.099976
5092.487793 871.665955 70.100693 1054.150024
5092.496094 872.277832 70.100693 1054.760010
5092.496094 872.685303 70.100693 1055.119995
5097.136230 872.685303 70.100693 1055.150024
5097.144043 872.890381 63.768967 1055.770020
5097.144043 872.890381 63.768967 1056.099976
5109.319824 872.890381 63.768967 1056.130005
5109.352051 873.296692 63.768967 1056.760010
5109.352051 873.706421 63.768967 1057.099976
5117.304199 873.706421 63.768967 1057.140015
5117.319824 874.324036 63.768967 1057.770020
5117.319824 874.732422 63.768967 1058.089966
5123.576172 874.732422 63.768967 1058.150024
5123.576172 875.350769 63.768967 1058.770020
5123.576172 875.551636 63.768967 1059.089966
5128.104004 875.551636 63.768967 1059.140015
5128.104004 876.164429 63.768967 1059.770020
5128.104004 876.571289 63.768967 1060.089966
5131.295898 876.571289 63.768967 1060.140015
5131.295898 877.184204 63.768967 1060.770020
5131.295898 877.592163 63.768967 1061.079956
5133.567871 877.592163 63.768967 1061.130005
5133.567871 878.207520 63.768967 1061.760010
5133.567871 878.411560 63.768967 1062.089966
5135.319824 878.411560 63.768967 1062.109985
5135.319824 878.813293 56.243950 1062.770020
5135.319824 878.813293 56.243950 1063.099976
5137.000000 878.813293 56.243950 1063.140015
5137.032227 879.222534 56.243950 1063.770020
5137.032227 879.630737 56.243950 1064.099976
5138.328125 879.630737 56.243950 1064.150024
5138.335938 880.247009 56.243950 1064.770020
5138.335938 880.447449 56.243950 1065.089966
5139.631836 880.447449 56.243950 1065.119995
5139.631836 881.058228 56.243950 1065.770020
5139.631836 881.468872 56.243950 1066.099976
5140.520020 881.468872 56.243950 1066.150024
5140.520020 882.085632 56.243950 1066.770020
5140.520020 882.291809 56.243950 1067.099976
5141.479980 882.291809 56.243950 1067.140015
5141.479980 882.908325 56.243950 1067.770020
5141.479980 883.313416 56.243950 1068.099976
5142.295898 883.313416 56.243950 1068.130005
5142.304199 883.925476 56.243950 1068.770020
5142.304199 884.130188 56.243950 1069.099976
5143.151855 884.130188 56.243950 1069.140015
5143.151855 884.738953 56.243950 1069.770020
5143.151855 885.155457 56.243950 1070.099976
5143.680176 885.155457 56.243950 1070.140015
5143.680176 885.769958 56.243950 1070.770020
5143.695801 885.978271 56.243950 1071.099976
5144.231934 886.180725 56.243950 1071.140015
5144.231934 886.584045 56.215965 1071.770020
5144.231934 886.584045 56.215965 1072.099976
5144.720215 886.584045 56.215965 1072.119995
5144.720215 886.785706 56.215965 1072.770020
5144.728027 887.198486 56.215965 1073.099976
5145.208008 887.198486 56.215965 1073.140015
5145.208008 887.800903 56.215965 1073.770020
5145.208008 888.209229 56.215965 1074.130005
5145.839844 888.209229 56.215965 1074.150024
5145.839844 888.625793 56.215965 1074.770020
5145.839844 889.034363 56.215965 1075.079956
5146.215820 889.034363 56.215965 1075.140015
5146.215820 889.643799 56.215965 1075.770020
5146.224121 889.844543 56.215965 1076.099976
5146.616211 890.047729 56.215965 1076.130005
5146.616211 890.665222 56.215965 1076.770020
5146.616211 890.872986 56.215965 1077.099976
5146.855957 890.872986 56.215965 1077.140015
5146.855957 891.481018 56.215965 1077.750000
5146.855957 891.887085 56.215965 1078.099976
5147.127930 891.887085 56.215965 1078.150024
5147.127930 892.499207 56.215965 1078.770020
5147.136230 892.908386 56.215965 1079.089966
5147.416016 892.908386 56.215965 1079.140015
5147.416016 893.532532 53.642532 1079.760010
5147.416016 893.736145 53.642532 1080.079956
5147.751953 893.736145 53.642532 1080.140015
5147.751953 893.736145 53.642532 1080.770020
5147.751953 893.938843 53.642532 1081.099976
5148.087891 893.938843 53.642532 1081.140015
5148.087891 894.555298 53.642532 1081.770020
5148.096191 894.969666 53.642532 1082.089966
5148.408203 894.969666 53.642532 1082.130005
5148.408203 895.575500 53.642532 1082.770020
5148.408203 895.775574 53.642532 1083.099976
5148.631836 895.978394 53.642532 1083.140015
5148.631836 896.380798 53.642532 1083.770020
5148.640137 896.792603 53.642532 1084.079956
5148.928223 896.792603 53.642532 1084.130005
5148.928223 897.410583 53.642532 1084.770020
5148.936035 897.611389 53.642532 1085.099976
5149.160156 897.611389 53.642532 1085.140015
5149.160156 898.225403 53.642532 1085.770020
5149.167969 898.640991 53.642532 1086.089966
5149.375977 898.640991 53.642532 1086.130005
5149.375977 899.260498 53.642532 1086.770020
5149.383789 899.670898 53.642532 1087.089966
5149.591797 899.670898 53.642532 1087.109985
5149.591797 900.283142 53.642532 1087.770020
5149.591797 900.491882 53.642532 1088.079956
5149.839844 900.491882 53.642532 1088.140015
5149.839844 901.101379 53.642532 1088.770020
5149.839844 901.505615 53.642532 1089.089966
5149.936035 901.505615 53.642532 1089.130005
5149.936035 901.910339 49.957779 1089.819946
5149.936035 901.910339 49.957779 1090.099976
5150.063965 901.910339 49.957779 1090.140015
5150.063965 902.315247 49.957779 1090.770020
5150.063965 902.521484 49.957779 1091.079956
5150.208008 902.521484 49.957779 1091.119995
5150.208008 903.142944 49.957779 1091.770020
5150.208008 903.555054 49.957779 1092.089966
5150.344238 903.555054 49.957779 1092.130005
5150.344238 904.167480 49.957779 1092.770020
5150.344238 904.373047 49.957779 1093.099976
5150.479980 904.373047 49.957779 1093.130005
5150.479980 904.986694 49.957779 1093.770020
5150.479980 905.399780 49.957779 1094.099976
5150.704102 905.399780 49.957779 1094.119995
5150.704102 906.024597 49.957779 1094.770020
5150.704102 906.230042 49.957779 1095.099976
5150.895996 906.230042 49.957779 1095.130005
5150.895996 906.841492 49.957779 1095.770020
5150.895996 907.254822 49.957779 1096.099976
5151.264160 907.254822 49.957779 1096.150024
5151.264160 907.872498 49.957779 1096.770020
5151.279785 908.273438 49.957779 1097.089966
5152.080078 908.273438 49.957779 1097.119995
5152.080078 908.902100 49.957779 1097.770020
5152.087891 909.110413 49.957779 1098.099976
5152.751953 909.312195 49.957779 1098.140015
5152.751953 909.933411 49.957779 1098.770020
5152.759766 910.140381 49.957779 1099.089966
5153.456055 910.140381 49.957779 1099.130005
5153.472168 910.340759 52.410633 1099.770020
5153.472168 910.540894 52.410633 1100.099976
5153.888184 910.540894 52.410633 1100.130005
5153.903809 910.944946 52.410633 1100.770020
5153.912109 911.148132 52.410633 1101.079956
5154.200195 911.348511 52.410633 1101.130005
5154.200195 911.966736 52.410633 1101.770020
5154.200195 912.171692 52.410633 1102.079956
5154.359863 912.171692 52.410633 1102.130005
5154.359863 912.790039 52.410633 1102.770020
5154.359863 912.995056 52.410633 1103.089966
5154.423828 912.995056 52.410633 1103.099976
5154.423828 913.619446 52.410633 1103.770020
5154.432129 914.028442 52.410633 1104.089966
5154.704102 914.028442 52.410633 1104.109985
5154.704102 914.632629 52.410633 1104.770020
5154.704102 914.834656 52.410633 1105.079956
5154.815918 914.834656 52.410633 1105.119995
5154.815918 915.437744 52.410633 1105.770020
5154.815918 915.842957 52.410633 1106.089966
5155.016113 915.842957 52.410633 1106.119995
5155.016113 916.455322 52.410633 1106.770020
5155.023926 916.657959 52.410633 1107.089966
5155.160156 916.863831 52.410633 1107.109985
5155.160156 917.475281 52.410633 1107.770020
5155.191895 917.679138 52.410633 1108.089966
5155.271973 917.679138 52.410633 1108.170044
5155.271973 918.296936 39.798878 1108.770020
5155.279785 918.497437 39.798878 1109.099976
5155.352051 918.497437 39.798878 1109.140015
5155.352051 918.698608 39.798878 1109.780029
5155.359863 918.698608 39.798878 1110.099976
5155.383789 918.900208 39.798878 1110.140015
5155.383789 919.315063 39.798878 1110.770020
5155.408203 919.728638 39.798878 1111.089966
5155.583984 919.728638 39.798878 1111.119995
5155.583984 920.339172 39.798878 1111.780029
5155.591797 920.747620 39.798878 1112.089966
5155.928223 920.747620 39.798878 1112.130005
5155.928223 921.150940 41.834850 1112.780029
5155.928223 921.150940 41.834850 1113.099976
5156.191895 921.150940 41.834850 1113.150024
5156.191895 921.561462 41.834850 1113.780029
5156.191895 921.769470 41.834850 1114.089966
5156.527832 921.769470 41.834850 1114.109985
5156.527832 922.586426 41.834850 1114.780029
5156.527832 922.787781 41.834850 1115.109985
5157.127930 922.787781 41.834850 1115.130005
5157.127930 923.393372 41.834850 1115.770020
5157.127930 923.801147 41.834850 1116.109985
5157.839844 923.801147 41.834850 1116.150024
5157.839844 924.414795 41.834850 1116.780029
5157.839844 924.620667 41.834850 1117.099976
5158.032227 924.824036 41.834850 1117.119995
5158.032227 925.432556 41.834850 1117.780029
5158.032227 925.635681 41.834850 1118.099976
5158.063965 925.635681 41.834850 1118.130005
5158.063965 926.044556 41.682854 1118.760010
5158.063965 926.044556 41.682854 1119.089966
5158.136230 926.245300 41.682854 1119.140015
5158.136230 926.449036 41.682854 1119.780029
5158.136230 926.649109 41.682854 1120.089966
5158.240234 926.854614 41.682854 1120.130005
5158.240234 927.467529 41.682854 1120.780029
5158.240234 927.877502 41.682854 1121.099976
5158.295898 927.877502 41.682854 1121.130005
5158.295898 928.498291 41.682854 1121.780029
5158.295898 928.704102 41.682854 1122.109985
5158.503906 928.704102 41.682854 1122.130005
5158.520020 929.316467 41.682854 1122.780029
5158.520020 929.729919 41.682854 1123.089966
5159.111816 929.729919 41.682854 1123.119995
5159.111816 930.345520 41.682854 1123.780029
5159.120117 930.546387 41.682854 1124.099976
5159.456055 930.546387 41.682854 1124.140015
5159.456055 931.165405 41.682854 1124.770020
5159.456055 931.582642 41.682854 1125.089966
5159.456055 931.582642 41.682854 1125.119995
5159.456055 932.194153 41.682854 1125.780029
5159.456055 932.603516 41.682854 1126.089966
5159.463867 932.603516 41.682854 1126.130005
5159.463867 933.214355 41.682854 1126.760010
5159.463867 933.416565 41.682854 1127.109985
5159.463867 933.416565 41.682854 1127.150024
5159.463867 933.819458 44.928257 1127.770020
5159.463867 933.819458 44.928257 1128.089966
5159.503906 933.819458 44.928257 1128.119995
5159.503906 934.433777 44.928257 1128.760010
5159.503906 934.838806 44.928257 1129.089966
5159.624023 934.838806 44.928257 1129.130005
5159.624023 935.453979 44.928257 1129.780029
5159.624023 935.658936 44.928257 1130.089966
5159.647949 935.860046 44.928257 1130.109985
5159.647949 936.270630 44.928257 1130.780029
5159.647949 936.684082 44.928257 1131.109985
5159.647949 936.684082 44.928257 1131.150024
5159.647949 937.298218 44.928257 1131.780029
5159.647949 937.504150 44.928257 1132.099976
5159.647949 937.504150 44.928257 1132.119995
5159.671875 938.112793 44.928257 1132.760010
5159.680176 938.516785 44.928257 1133.099976
5159.680176 938.516785 44.928257 1133.119995
5159.680176 939.137573 44.928257 1133.780029
5159.680176 939.340881 44.928257 1134.099976
5159.695801 939.548950 44.928257 1134.150024
5159.695801 939.957214 44.928257 1134.770020
5159.695801 940.362488 44.928257 1135.099976
5159.735840 940.362488 44.928257 1135.119995
5159.735840 940.973511 44.928257 1135.780029
5159.735840 941.383179 44.928257 1136.109985
5159.832031 941.383179 44.928257 1136.160034
5159.832031 941.999695 44.928257 1136.770020
5159.832031 942.204773 44.928257 1137.089966
5159.912109 942.204773 44.928257 1137.119995
5159.912109 942.815002 44.928257 1137.780029
5159.912109 943.016724 43.810177 1138.099976
5159.967773 943.016724 43.810177 1138.130005
5159.967773 943.016724 43.810177 1138.780029
5159.967773 943.218567 43.810177 1139.079956
5160.071777 943.218567 43.810177 1139.150024
5160.071777 943.830872 43.810177 1139.750000
5160.071777 944.239136 43.810177 1140.079956
5160.240234 944.239136 43.810177 1140.130005
5160.240234 944.851257 43.810177 1140.780029
5160.240234 945.052307 43.810177 1141.099976
5160.423828 945.252625 43.810177 1141.130005
5160.423828 945.657410 43.810177 1141.770020
5160.423828 946.062744 43.810177 1142.099976
5160.472168 946.062744 43.810177 1142.119995
5160.472168 946.673767 43.810177 1142.760010
5160.479980 946.882019 43.810177 1143.099976
5160.600098 946.882019 43.810177 1143.109985
5160.616211 947.503113 43.810177 1143.770020
5160.616211 947.912598 43.810177 1144.109985
5160.680176 947.912598 43.810177 1144.140015
5160.680176 948.319946 43.810177 1144.770020
5160.680176 948.735962 43.810177 1145.089966
5160.704102 948.735962 43.810177 1145.109985
5160.704102 949.349976 43.810177 1145.770020
5160.704102 949.551208 43.810177 1146.109985
5160.728027 949.753906 43.810177 1146.150024
5160.735840 950.163147 42.082909 1146.780029
5160.735840 950.163147 42.082909 1147.089966
5160.751953 950.163147 42.082909 1147.109985
5160.759766 950.364014 42.082909 1147.760010
5160.759766 950.770935 42.082909 1148.109985
5160.768066 950.770935 42.082909 1148.150024
5160.768066 951.378906 42.082909 1148.780029
5160.768066 951.588135 42.082909 1149.089966
5160.775879 951.588135 42.082909 1149.109985
5160.775879 952.195618 42.082909 1149.770020
5160.775879 952.603760 42.082909 1150.109985
5160.799805 952.603760 42.082909 1150.150024
5160.799805 953.224182 42.082909 1150.760010
5160.799805 953.426208 42.082909 1151.099976
5160.824219 953.631409 42.082909 1151.130005
5160.824219 954.045410 42.082909 1151.780029
5160.824219 954.453979 42.082909 1152.109985
5160.855957 954.453979 42.082909 1152.150024
5160.855957 955.063904 42.082909 1152.760010
5160.855957 955.271362 42.082909 1153.099976
5160.855957 955.271362 42.082909 1153.109985
5160.855957 955.886658 42.082909 1153.780029
5160.855957 956.289429 42.082909 1154.089966
5160.855957 956.289429 42.082909 1154.130005
5160.855957 956.908386 42.082909 1154.780029
5160.855957 957.114502 42.082909 1155.109985
5160.855957 957.114502 42.082909 1155.130005
5160.855957 957.722412 42.082909 1155.770020
5160.855957 958.131470 42.082909 1156.099976
5160.863770 958.131470 42.082909 1156.109985
5160.863770 958.740601 42.082909 1156.780029
5160.863770 958.942688 52.995567 1157.109985
5160.863770 958.942688 52.995567 1157.140015
5160.863770 958.942688 52.995567 1157.780029
5160.863770 959.144470 52.995567 1158.099976
5160.888184 959.144470 52.995567 1158.109985
5160.888184 959.754822 52.995567 1158.770020
5160.888184 960.164246 52.995567 1159.109985
5160.888184 960.164246 52.995567 1159.150024
5160.888184 960.785645 52.995567 1159.770020
5160.888184 961.193604 52.995567 1160.099976
5160.895996 961.193604 52.995567 1160.109985
5160.895996 961.807434 52.995567 1160.849976
5161.007812 962.012024 52.995567 1161.099976
5161.087891 962.221375 52.995567 1161.140015
5161.096191 962.841919 52.995567 1161.770020
5161.096191 963.047607 52.995567 1162.089966
5161.104004 963.047607 52.995567 1162.109985
5161.104004 963.657715 52.995567 1162.760010
5161.104004 964.063965 52.995567 1163.109985
5161.111816 964.063965 52.995567 1163.130005
5161.111816 964.677490 52.995567 1163.780029
5161.111816 964.885681 52.995567 1164.089966
5161.111816 964.885681 52.995567 1164.119995
5161.111816 965.501892 52.995567 1164.780029
5161.111816 965.909424 52.995567 1165.079956
5161.127930 965.909424 52.995567 1165.119995
5161.127930 966.317871 52.307415 1165.750000
5161.127930 966.519836 52.307415 1166.109985
5161.127930 966.519836 52.307415 1166.140015
5161.151855 966.723816 52.307415 1166.780029
5161.151855 966.929626 52.307415 1167.089966
5161.160156 966.929626 52.307415 1167.119995
5161.167969 967.545410 52.307415 1167.780029
5161.167969 967.953064 52.307415 1168.109985
5161.191895 967.953064 52.307415 1168.160034
5161.191895 968.559937 52.307415 1168.770020
5161.191895 968.766907 52.307415 1169.079956
5161.191895 968.967651 52.307415 1169.130005
5161.200195 969.375671 52.307415 1169.760010
5161.200195 969.790894 52.307415 1170.089966
5161.200195 969.790894 52.307415 1170.119995
5161.359863 970.410767 52.307415 1170.770020
5161.359863 970.614014 52.307415 1171.099976
5161.359863 970.614014 52.307415 1171.130005
5161.408203 971.244385 52.307415 1171.780029
5161.408203 971.647400 52.307415 1172.089966
5161.408203 971.647400 52.307415 1172.130005
5161.408203 972.263000 52.307415 1172.750000
5161.408203 972.470154 52.307415 1173.089966
5161.408203 972.470154 52.307415 1173.119995
5161.416016 973.088623 52.307415 1173.770020
5161.416016 973.496338 52.307415 1174.089966
5161.423828 973.496338 52.307415 1174.140015
5161.423828 974.107666 52.307415 1174.770020
5161.423828 974.313416 52.307415 1175.109985
5161.423828 974.313416 52.307415 1175.150024
5161.423828 974.922607 54.588661 1175.760010
5161.423828 974.922607 54.588661 1176.089966
5161.432129 974.922607 54.588661 1176.119995
5161.456055 975.124817 54.588661 1176.770020
5161.456055 975.325500 54.588661 1177.099976
5161.536133 975.325500 54.588661 1177.119995
5161.536133 975.937561 54.588661 1177.760010
5161.536133 976.344360 54.588661 1178.079956
5161.560059 976.344360 54.588661 1178.119995
5161.567871 976.959229 54.588661 1178.770020
5161.624023 977.368835 54.588661 1179.099976
5161.647949 977.368835 54.588661 1179.130005
5161.671875 977.992859 54.588661 1179.780029
5161.671875 978.200623 54.588661 1180.079956
5161.735840 978.200623 54.588661 1180.130005
5161.784180 978.819641 54.588661 1180.770020
5161.784180 979.019897 54.588661 1181.079956
5161.791992 979.225891 54.588661 1181.140015
5161.879883 979.842651 54.588661 1181.780029
5161.888184 980.044922 54.588661 1182.099976
5161.903809 980.044922 54.588661 1182.109985
5161.992188 980.656799 54.588661 1182.780029
5161.992188 981.067261 54.588661 1183.109985
5162.023926 981.067261 54.588661 1183.160034
5162.056152 981.678040 54.588661 1183.770020
5162.056152 981.882324 54.588661 1184.109985
5162.063965 981.882324 54.588661 1184.140015
5162.071777 982.497681 54.588661 1184.780029
5162.071777 982.697876 54.588661 1185.099976
5162.087891 982.899963 54.588661 1185.130005
5162.087891 983.510742 54.588661 1185.770020
5162.087891 983.717407 54.588661 1186.099976
5162.104004 983.717407 54.588661 1186.130005
5162.104004 984.123108 57.705494 1186.770020
5162.111816 984.123108 57.705494 1187.109985
5162.200195 984.123108 57.705494 1187.150024
5162.304199 984.524231 57.705494 1187.750000
5162.304199 984.727844 57.705494 1188.099976
5162.312012 984.936096 57.705494 1188.119995
5162.408203 985.548523 57.705494 1188.770020
5162.408203 985.751099 57.705494 1189.099976
5162.408203 985.751099 57.705494 1189.109985
5162.408203 986.362366 57.705494 1189.760010
5162.408203 986.775513 57.705494 1190.079956
5162.408203 986.775513 57.705494 1190.119995
5162.416016 987.390259 57.705494 1190.780029
5162.416016 987.800476 57.705494 1191.089966
5162.432129 987.800476 57.705494 1191.130005
5162.448242 988.211548 57.705494 1191.780029
5162.448242 988.625854 57.705494 1192.099976
5162.448242 988.625854 57.705494 1192.119995
5162.919922 989.237000 57.705494 1192.780029
5162.919922 989.644043 57.705494 1193.109985
5162.959961 989.644043 57.705494 1193.140015
5163.080078 990.255615 57.705494 1193.760010
5163.080078 990.461426 57.705494 1194.109985
5163.096191 990.461426 57.705494 1194.119995
5163.096191 991.077942 57.705494 1194.780029
5163.096191 991.282837 57.955135 1195.109985
5163.111816 991.282837 57.955135 1195.109985
5163.111816 991.483215 57.955135 1195.780029
5163.111816 991.684204 57.955135 1196.099976
5163.136230 991.684204 57.955135 1196.130005
5163.240234 992.301392 57.955135 1196.770020
5163.240234 992.507080 57.955135 1197.089966
5163.248047 992.507080 57.955135 1197.119995
5163.271973 993.120605 57.955135 1197.760010
5163.271973 993.528687 57.955135 1198.089966
5163.295898 993.528687 57.955135 1198.109985
5163.295898 993.947571 57.955135 1198.780029
5163.295898 994.360229 57.955135 1199.099976
5163.344238 994.360229 57.955135 1199.150024
5163.432129 994.975403 57.955135 1199.780029
5163.432129 995.179626 57.955135 1200.089966
5163.479980 995.380615 57.955135 1200.109985
5167.240234 995.994812 57.955135 1200.770020
5167.240234 996.199524 57.955135 1201.099976
5167.279785 996.199524 57.955135 1201.130005
5170.423828 996.812439 57.955135 1201.780029
5170.423828 997.018860 57.955135 1202.089966
5170.503906 997.018860 57.955135 1202.109985
5173.863770 997.630615 57.955135 1202.780029
5173.863770 998.042603 57.955135 1203.089966
5173.903809 998.042603 57.955135 1203.150024
5175.600098 998.661560 57.955135 1203.770020
5175.600098 998.869751 57.955135 1204.109985
5175.671875 998.869751 57.955135 1204.119995
5175.728027 999.477844 57.955135 1204.760010
5175.728027 999.681396 58.021477 1205.099976
5175.832031 999.881714 58.021477 1205.130005
5175.912109 999.881714 58.021477 1205.770020
5175.912109 1000.083069 58.021477 1206.099976
5175.967773 1000.083069 58.021477 1206.130005
5176.000000 1000.489563 58.021477 1206.780029
5176.000000 1000.902649 58.021477 1207.089966
5176.047852 1000.902649 58.021477 1207.109985
5176.175781 1001.515198 58.021477 1207.770020
5176.175781 1001.919128 58.021477 1208.099976
5176.248047 1001.919128 58.021477 1208.109985
5176.328125 1002.528442 58.021477 1208.780029
5176.328125 1002.733521 58.021477 1209.079956
5176.432129 1002.733521 58.021477 1209.130005
5176.527832 1003.346619 58.021477 1209.780029
5176.527832 1003.752136 58.021477 1210.079956
5176.640137 1003.752136 58.021477 1210.140015
5177.032227 1004.366455 58.021477 1210.770020
5177.032227 1004.569519 58.021477 1211.079956
5177.120117 1004.771484 58.021477 1211.130005
5177.215820 1005.390686 58.021477 1211.780029
5177.215820 1005.594482 58.021477 1212.079956
5177.224121 1005.594482 58.021477 1212.140015
5177.279785 1006.207886 58.021477 1212.770020
5177.279785 1006.616333 58.021477 1213.089966
5177.304199 1006.616333 58.021477 1213.130005
5177.359863 1007.021606 58.021477 1213.760010
5177.359863 1007.430298 58.021477 1214.079956
5177.456055 1007.430298 58.021477 1214.119995
5177.520020 1007.635559 53.641415 1214.760010
5177.520020 1007.836060 53.641415 1215.089966
5177.543945 1007.836060 53.641415 1215.119995
5177.952148 1008.249634 53.641415 1215.760010
5177.952148 1008.454590 53.641415 1216.079956
5178.000000 1008.454590 53.641415 1216.130005
5179.832031 1009.070496 53.641415 1216.760010
5179.832031 1009.489624 53.641415 1217.089966
5179.912109 1009.489624 53.641415 1217.119995
5182.120117 1010.103271 53.641415 1217.780029
5182.127930 1010.512146 53.641415 1218.089966
5182.184082 1010.512146 53.641415 1218.130005
5182.240234 1011.118469 53.641415 1218.770020
5182.352051 1011.326904 53.641415 1219.089966
5182.479980 1011.326904 53.641415 1219.099976
5182.631836 1011.934082 53.641415 1219.800049
5182.647949 1012.140381 53.641415 1220.069946
5182.791992 1012.349915 53.641415 1220.130005
5183.056152 1012.966003 53.641415 1220.780029
5183.080078 1013.168396 53.641415 1221.089966
5183.127930 1013.168396 53.641415 1221.119995
5183.208008 1013.776123 53.641415 1221.770020
5183.215820 1014.184265 53.641415 1222.089966
5183.240234 1014.184265 53.641415 1222.140015
5183.264160 1014.795471 53.641415 1222.760010
5183.295898 1015.205872 53.641415 1223.099976
5183.496094 1015.205872 53.641415 1223.119995
5183.520020 1015.809143 53.641415 1223.780029
5183.647949 1016.015198 53.641415 1224.079956
5183.759766 1016.015198 53.641415 1224.109985
5183.808105 1016.427063 59.492474 1224.780029
5183.815918 1016.427063 59.492474 1225.089966
5184.016113 1016.627136 59.492474 1225.140015
5184.120117 1016.830505 59.492474 1225.770020
5184.127930 1017.033997 59.492474 1226.079956
5184.791992 1017.237122 59.492474 1226.130005
5185.624023 1017.845703 59.492474 1226.780029
5185.695801 1018.047668 59.492474 1227.089966
5185.855957 1018.047668 59.492474 1227.109985
5188.775879 1018.861084 59.492474 1227.770020
5188.832031 1019.066895 59.492474 1228.079956
5188.872070 1019.066895 59.492474 1228.119995
5191.664062 1019.685303 59.492474 1228.770020
5191.671875 1019.889648 59.492474 1229.099976
5191.687988 1020.095947 59.492474 1229.130005
5194.728027 1020.712891 59.492474 1229.780029
5194.759766 1020.915405 59.492474 1230.109985
5194.832031 1020.915405 59.492474 1230.140015
5196.463867 1021.525330 59.492474 1230.780029
5196.527832 1021.725952 59.492474 1231.079956
5196.655762 1021.928894 59.492474 1231.119995
5196.671875 1022.545105 59.492474 1231.770020
5196.695801 1022.748962 59.492474 1232.089966
5196.799805 1022.748962 59.492474 1232.119995
5196.808105 1023.366638 59.492474 1232.780029
5196.855957 1023.778015 59.492474 1233.079956
5196.888184 1023.778015 59.492474 1233.119995
5196.895996 1024.391235 59.492474 1233.780029
5196.959961 1024.593872 59.492474 1234.099976
5196.976074 1024.593872 59.492474 1234.109985
5197.032227 1024.998413 60.210415 1234.770020
5197.040039 1024.998413 60.210415 1235.089966
5197.104004 1024.998413 60.210415 1235.130005
5197.160156 1025.408569 60.210415 1235.780029
5197.160156 1025.822510 60.210415 1236.099976
5197.328125 1025.822510 60.210415 1236.109985
5197.479980 1026.445190 60.210415 1236.760010
5197.824219 1026.650269 60.210415 1237.089966
5197.903809 1026.856689 60.210415 1237.119995
5198.104004 1027.468262 60.210415 1237.819946
5198.127930 1027.673340 60.210415 1238.089966
5198.184082 1027.673340 60.210415 1238.109985
5198.687988 1028.280151 60.210415 1238.770020
5198.695801 1028.693359 60.210415 1239.089966
5198.759766 1028.693359 60.210415 1239.119995
5199.312012 1029.295166 60.210415 1239.780029
5199.328125 1029.504150 60.210415 1240.089966
5199.520020 1029.504150 60.210415 1240.109985
5200.224121 1030.134888 60.210415 1240.770020
5200.248047 1030.539795 60.210415 1241.079956
5200.255859 1030.539795 60.210415 1241.130005
5200.607910 1031.149414 60.210415 1241.780029
5200.616211 1031.356812 60.210415 1242.079956
5200.631836 1031.356812 60.210415 1242.119995
5200.791992 1031.962524 60.210415 1242.780029
5200.799805 1032.170532 60.210415 1243.099976
5200.832031 1032.170532 60.210415 1243.109985
5201.432129 1032.779175 54.753784 1243.770020
5201.432129 1032.779175 54.753784 1244.079956
5201.448242 1032.779175 54.753784 1244.119995
5201.479980 1032.981079 54.753784 1244.780029
5201.496094 1033.186157 54.753784 1245.089966
5201.496094 1033.186157 54.753784 1245.119995
5201.512207 1033.804443 54.753784 1245.770020
5201.512207 1034.214355 54.753784 1246.089966
5201.520020 1034.214355 54.753784 1246.109985
5201.759766 1034.830444 54.753784 1246.780029
5201.759766 1035.035767 54.753784 1247.109985
5201.759766 1035.240479 54.753784 1247.150024
5202.023926 1035.655396 54.753784 1247.780029
5202.104004 1036.061646 54.753784 1248.079956
5202.127930 1036.061646 54.753784 1248.119995
5202.319824 1036.672607 54.753784 1248.780029
5202.328125 1036.878784 54.753784 1249.099976
5202.368164 1036.878784 54.753784 1249.109985
5202.463867 1037.486206 54.753784 1249.780029
5202.512207 1037.888550 54.753784 1250.079956
5202.624023 1037.888550 54.753784 1250.140015
5202.647949 1038.507935 54.753784 1250.770020
5202.647949 1038.711182 54.753784 1251.089966
5202.720215 1038.912476 54.753784 1251.119995
5202.808105 1039.525635 54.753784 1251.780029
5202.824219 1039.731934 54.753784 1252.079956
5203.248047 1039.731934 54.753784 1252.109985
5203.335938 1040.343384 54.753784 1252.780029
5203.408203 1040.749023 54.753784 1253.109985
5206.144043 1040.749023 54.753784 1253.160034
5206.151855 1041.363281 54.753784 1253.780029
5206.191895 1041.565674 54.753784 1254.079956
5208.855957 1041.768555 54.753784 1254.130005
5208.855957 1042.170776 60.190609 1254.780029
5208.863770 1042.372192 60.190609 1255.089966
5211.744141 1042.372192 60.190609 1255.109985
5211.751953 1042.372192 60.190609 1255.780029
5211.768066 1042.777832 60.190609 1256.099976
5214.319824 1042.777832 60.190609 1256.140015
5214.352051 1043.385864 60.190609 1256.770020
5214.352051 1043.791992 60.190609 1257.099976
5215.127930 1043.791992 60.190609 1257.119995
5215.640137 1044.406982 60.190609 1257.780029
5215.655762 1044.613892 60.190609 1258.089966
5215.671875 1044.613892 60.190609 1258.119995
5215.744141 1045.221924 60.190609 1258.770020
5215.744141 1045.423828 60.190609 1259.099976
5215.759766 1045.632568 60.190609 1259.130005
5215.888184 1046.046631 60.190609 1259.780029
5215.888184 1046.450195 60.190609 1260.079956
5215.888184 1046.450195 60.190609 1260.119995
5215.967773 1047.059814 60.190609 1260.780029
5215.967773 1047.262329 60.190609 1261.099976
5215.976074 1047.262329 60.190609 1261.109985
5216.080078 1047.886475 60.190609 1261.770020
5216.087891 1048.290283 60.190609 1262.089966
5216.111816 1048.290283 60.190609 1262.130005
5216.224121 1048.909790 60.190609 1262.780029
5216.224121 1049.117432 60.190609 1263.089966
5216.240234 1049.318237 60.190609 1263.130005
5216.279785 1049.928101 60.190609 1263.760010
5216.439941 1050.136108 60.190609 1264.089966
5216.456055 1050.136108 60.190609 1264.119995
5216.583984 1050.751953 60.190609 1264.780029
5216.720215 1050.954224 64.372826 1265.089966
5216.744141 1051.155273 64.372826 1265.150024
5217.560059 1051.155273 64.372826 1265.770020
5217.624023 1051.357666 64.372826 1266.089966
5217.664062 1051.357666 64.372826 1266.130005
5218.071777 1051.969849 64.372826 1266.770020
5218.080078 1052.175903 64.372826 1267.109985
5218.127930 1052.175903 64.372826 1267.109985
5218.680176 1052.794189 64.372826 1267.770020
5218.711914 1053.206421 64.372826 1268.099976
5218.791992 1053.206421 64.372826 1268.109985
5219.056152 1053.825195 64.372826 1268.760010
5219.071777 1054.025879 64.372826 1269.079956
5219.248047 1054.025879 64.372826 1269.130005
5219.576172 1054.636230 64.372826 1269.750000
5219.576172 1055.043945 64.372826 1270.089966
5219.640137 1055.043945 64.372826 1270.109985
5219.671875 1055.660767 64.372826 1270.780029
5219.671875 1055.862061 64.372826 1271.079956
5219.680176 1056.067261 64.372826 1271.119995
5219.728027 1056.674927 64.372826 1271.780029
5219.735840 1056.876465 64.372826 1272.109985
5219.784180 1056.876465 64.372826 1272.130005
5219.895996 1057.489258 64.372826 1272.770020
5219.936035 1057.689453 64.372826 1273.079956
5219.967773 1057.889526 64.372826 1273.109985
5220.104004 1058.500244 64.372826 1273.780029
5220.104004 1058.703857 64.372826 1274.109985
5220.151855 1058.703857 64.372826 1274.140015
5220.167969 1059.329224 64.372826 1274.780029
5220.279785 1059.535278 64.372826 1275.079956
5220.359863 1059.738403 64.372826 1275.140015
5220.368164 1060.148071 58.799568 1275.780029
5220.560059 1060.148071 58.799568 1276.109985
5220.808105 1060.148071 58.799568 1276.130005
5221.071777 1060.350586 58.799568 1276.780029
5221.200195 1060.553101 58.799568 1277.109985
5221.304199 1060.757202 58.799568 1277.160034
5221.423828 1061.373779 58.799568 1277.770020
5221.487793 1061.574951 58.799568 1278.109985
5221.576172 1061.574951 58.799568 1278.150024
5221.711914 1062.193848 58.799568 1278.770020
5221.808105 1062.606079 58.799568 1279.089966
5222.264160 1062.606079 58.799568 1279.150024
5222.383789 1063.213501 58.799568 1279.780029
5222.456055 1063.420288 58.799568 1280.109985
5223.063965 1063.420288 58.799568 1280.130005
5223.368164 1064.036499 58.799568 1280.780029
5223.448242 1064.441650 58.799568 1281.099976
5223.591797 1064.441650 58.799568 1281.150024
5226.047852 1065.052124 58.799568 1281.780029
5226.111816 1065.256226 58.799568 1282.109985
5226.231934 1065.463745 58.799568 1282.150024
5229.751953 1065.872070 58.799568 1282.780029
5229.791992 1066.285767 58.799568 1283.099976
5229.872070 1066.285767 58.799568 1283.130005
5233.463867 1066.892456 58.799568 1283.780029
5233.512207 1067.094360 58.799568 1284.109985
5233.600098 1067.094360 58.799568 1284.130005
5236.335938 1067.708496 83.784340 1284.780029
5236.399902 1067.708496 83.784340 1285.109985
5236.551758 1067.708496 83.784340 1285.150024
5237.655762 1067.908691 83.784340 1285.780029
5237.687988 1068.114258 83.784340 1286.099976
5237.775879 1068.114258 83.784340 1286.119995
5238.032227 1068.945312 83.784340 1286.780029
5238.087891 1069.154053 83.784340 1287.099976
5238.127930 1069.154053 83.784340 1287.119995
5238.224121 1069.761475 83.784340 1287.780029
5238.312012 1070.172485 83.784340 1288.099976
5238.408203 1070.172485 83.784340 1288.119995
5238.423828 1070.784180 83.784340 1288.780029
5238.423828 1070.990112 83.784340 1289.109985
5238.583984 1070.990112 83.784340 1289.150024
5238.671875 1071.607056 83.784340 1289.780029
5238.695801 1072.022705 83.784340 1290.099976
5238.936035 1072.022705 83.784340 1290.119995
5238.976074 1072.633423 83.784340 1290.780029
5238.992188 1073.040771 83.784340 1291.099976
5239.279785 1073.040771 83.784340 1291.130005
5239.328125 1073.661987 83.784340 1291.780029
5239.335938 1073.863281 83.784340 1292.079956
5239.775879 1073.863281 83.784340 1292.130005
5239.791992 1074.478149 83.784340 1292.780029
5239.808105 1074.881348 83.784340 1293.099976
5240.720215 1074.881348 83.784340 1293.119995
5241.872070 1075.490112 83.784340 1293.780029
5241.872070 1075.694946 83.784340 1294.109985
5243.279785 1075.694946 83.784340 1294.150024
5247.808105 1076.303955 82.099014 1294.780029
5247.808105 1076.505005 82.099014 1295.109985
5249.759766 1076.505005 82.099014 1295.119995
5254.200195 1076.505005 82.099014 1295.780029
5254.208008 1076.710571 82.099014 1296.099976
5255.040039 1076.912109 82.099014 1296.140015
5260.399902 1077.538574 82.099014 1296.780029
5260.399902 1077.747803 82.099014 1297.109985
5262.903809 1077.747803 82.099014 1297.140015
5265.943848 1078.359253 82.099014 1297.780029
5265.976074 1078.765015 82.099014 1298.109985
5270.047852 1078.765015 82.099014 1298.130005
5270.312012 1079.382202 82.099014 1298.780029
5270.312012 1079.584595 82.099014 1299.099976
5277.848145 1079.584595 82.099014 1299.130005
5277.888184 1080.197021 82.099014 1299.780029
5277.888184 1080.609375 82.099014 1300.089966
5283.200195 1080.609375 82.099014 1300.130005
5283.255859 1081.223755 82.099014 1300.780029
5283.255859 1081.428955 82.099014 1301.089966
5287.903809 1081.637695 82.099014 1301.150024
5288.032227 1082.254272 82.099014 1301.780029
5288.032227 1082.461304 82.099014 1302.099976
5292.279785 1082.461304 82.099014 1302.119995
5292.607910 1083.067871 82.099014 1302.780029
5292.607910 1083.482544 82.099014 1303.099976
5295.735840 1083.482544 82.099014 1303.109985
5296.056152 1084.088013 82.099014 1303.780029
5296.056152 1084.297485 82.099014 1304.099976
5298.815918 1084.297485 82.099014 1304.130005
5298.855957 1084.700928 63.067875 1304.780029
5298.855957 1084.700928 63.067875 1305.099976
5301.288086 1084.700928 63.067875 1305.119995
5301.448242 1085.103149 63.067875 1305.780029
5301.448242 1085.514404 63.067875 1306.109985
5304.111816 1085.514404 63.067875 1306.150024
5306.144043 1086.131958 63.067875 1306.780029
5306.151855 1086.532471 63.067875 1307.079956
5309.912109 1086.532471 63.067875 1307.130005
5315.687988 1087.145996 63.067875 1307.780029
5315.687988 1087.351318 63.067875 1308.099976
5320.184082 1087.351318 63.067875 1308.119995
5323.328125 1087.966187 63.067875 1308.780029
5323.328125 1088.382080 63.067875 1309.109985
5330.416016 1088.382080 63.067875 1309.150024
5330.744141 1088.993164 63.067875 1309.790039
5330.744141 1089.197144 63.067875 1310.099976
5345.080078 1089.397339 63.067875 1310.130005
5345.655762 1089.807129 63.067875 1310.780029
5345.655762 1090.210205 63.067875 1311.089966
5364.383789 1090.210205 63.067875 1311.140015
5364.607910 1090.823120 63.067875 1311.790039
5364.607910 1091.232300 63.067875 1312.109985
5379.496094 1091.232300 63.067875 1312.160034
5379.607910 1091.846680 63.067875 1312.780029
5379.607910 1092.049316 63.067875 1313.099976
5388.631836 1092.049316 63.067875 1313.130005
5388.664062 1092.662842 105.265961 1313.780029
5388.664062 1092.662842 105.265961 1314.099976
5394.120117 1092.662842 105.265961 1314.140015
5394.175781 1092.863647 105.265961 1314.790039
5394.175781 1093.068848 105.265961 1315.109985
5398.279785 1093.068848 105.265961 1315.150024
5398.288086 1093.890625 105.265961 1315.790039
5398.288086 1094.093262 105.265961 1316.099976
5402.695801 1094.093262 105.265961 1316.130005
5402.728027 1094.708130 105.265961 1316.780029
5402.728027 1095.124390 105.265961 1317.109985
5406.720215 1095.124390 105.265961 1317.140015
5406.775879 1095.739990 105.265961 1317.780029
5406.775879 1095.945923 105.265961 1318.109985
5410.432129 1095.945923 105.265961 1318.150024
5410.463867 1096.556763 105.265961 1318.780029
5410.463867 1096.973389 105.265961 1319.089966
5413.312012 1096.973389 105.265961 1319.140015
5413.720215 1097.593872 105.265961 1319.780029
5413.720215 1097.797974 105.265961 1320.089966
5416.527832 1097.797974 105.265961 1320.130005
5417.503906 1098.626465 105.265961 1320.780029
5417.503906 1098.835205 105.265961 1321.079956
5420.527832 1098.835205 105.265961 1321.150024
5425.264160 1099.452515 105.265961 1321.780029
5425.271973 1099.863647 105.265961 1322.099976
5427.640137 1099.863647 105.265961 1322.130005
5432.175781 1100.268677 95.826035 1322.790039
5432.175781 1100.268677 95.826035 1323.109985
5433.799805 1100.268677 95.826035 1323.130005
5435.503906 1100.469727 95.826035 1323.780029
5435.503906 1100.877319 95.826035 1324.109985
5436.423828 1100.877319 95.826035 1324.150024
5436.472168 1101.497559 95.826035 1324.780029
5436.472168 1101.704834 95.826035 1325.099976
5437.784180 1101.905151 95.826035 1325.130005
5437.799805 1102.521484 95.826035 1325.800049
5437.799805 1102.723267 95.826035 1326.099976
5439.791992 1102.723267 95.826035 1326.140015
5439.832031 1103.341064 95.826035 1326.800049
5439.832031 1103.749023 95.826035 1327.089966
5444.392090 1103.749023 95.826035 1327.140015
5444.408203 1104.353882 95.826035 1327.810059
5444.408203 1104.562256 95.826035 1328.099976
5462.879883 1104.562256 95.826035 1328.119995
5463.527832 1105.178589 95.826035 1328.800049
5463.527832 1105.584473 95.826035 1329.089966
5474.335938 1105.584473 95.826035 1329.140015
5474.543945 1106.199951 95.826035 1329.800049
5474.543945 1106.612305 95.826035 1330.109985
5481.983887 1106.612305 95.826035 1330.140015
5482.023926 1107.234741 95.826035 1330.800049
5482.023926 1107.437012 95.826035 1331.109985
5489.167969 1107.437012 95.826035 1331.150024
5489.224121 1107.642822 108.611671 1331.790039
5489.224121 1107.843384 108.611671 1332.109985
5491.912109 1107.843384 108.611671 1332.150024
5492.200195 1108.244019 108.611671 1332.800049
5492.200195 1108.450684 108.611671 1333.109985
5493.576172 1108.450684 108.611671 1333.170044
5497.224121 1109.052979 108.611671 1333.800049
5497.224121 1109.463989 108.611671 1334.099976
5498.600098 1109.463989 108.611671 1334.140015
5504.808105 1110.084595 108.611671 1334.790039
5504.808105 1110.496094 108.611671 1335.099976
5506.136230 1110.496094 108.611671 1335.140015
5511.016113 1111.105713 108.611671 1335.790039
5511.016113 1111.305786 108.611671 1336.089966
5512.687988 1111.305786 108.611671 1336.140015
5515.392090 1111.915771 108.611671 1336.780029
5515.392090 1112.327881 108.611671 1337.109985
5518.016113 1112.327881 108.611671 1337.140015
5518.080078 1112.953979 108.611671 1337.800049
5518.080078 1113.161255 108.611671 1338.109985
5523.759766 1113.161255 108.611671 1338.150024
5523.848145 1113.987183 108.611671 1338.790039
5523.848145 1114.194092 108.611671 1339.089966
5532.855957 1114.194092 108.611671 1339.140015
5532.872070 1114.804199 108.611671 1339.790039
5532.872070 1115.209839 108.611671 1340.109985
5546.680176 1115.209839 108.611671 1340.150024
5546.744141 1115.821411 108.611671 1340.790039
5546.744141 1116.025879 86.778236 1341.099976
5559.215820 1116.025879 86.778236 1341.150024
5559.375977 1116.229492 86.778236 1341.790039
5559.375977 1116.229492 86.778236 1342.099976
5568.304199 1116.430786 86.778236 1342.140015
5568.832031 1116.838623 86.778236 1342.790039
5568.848145 1117.241577 86.778236 1343.109985
5574.392090 1117.241577 86.778236 1343.150024
5575.264160 1117.856445 86.778236 1343.780029
5575.271973 1118.056641 86.778236 1344.109985
5579.352051 1118.056641 86.778236 1344.160034
5579.496094 1118.668335 86.778236 1344.790039
5579.496094 1119.082764 86.778236 1345.079956
5583.295898 1119.082764 86.778236 1345.130005
5583.399902 1119.694702 86.778236 1345.780029
5583.399902 1120.099609 86.778236 1346.099976
5587.472168 1120.099609 86.778236 1346.119995
5587.655762 1120.705811 86.778236 1346.780029
5587.655762 1120.912476 86.778236 1347.079956
5591.527832 1121.121704 86.778236 1347.160034
5593.023926 1121.724854 86.778236 1347.800049
5593.023926 1122.125488 86.778236 1348.109985
5596.191895 1122.125488 86.778236 1348.170044
5599.520020 1122.744995 86.778236 1348.790039
5599.527832 1122.946289 86.778236 1349.079956
5601.328125 1122.946289 86.778236 1349.140015
5604.295898 1123.563965 86.778236 1349.800049
5604.295898 1123.764648 86.778236 1350.079956
5605.784180 1123.969238 86.778236 1350.130005
5605.959961 1124.171143 89.040810 1350.790039
5605.959961 1124.171143 89.040810 1351.089966
5607.328125 1124.171143 89.040810 1351.140015
5607.375977 1124.579712 89.040810 1351.790039
5607.375977 1124.786987 89.040810 1352.089966
5608.744141 1124.990479 89.040810 1352.160034
5608.775879 1125.395874 89.040810 1352.780029
5608.775879 1125.805786 89.040810 1353.089966
5611.408203 1125.805786 89.040810 1353.160034
5611.655762 1126.416626 89.040810 1353.790039
5611.695801 1126.826294 89.040810 1354.089966
5620.616211 1126.826294 89.040810 1354.150024
5620.695801 1127.441162 89.040810 1354.790039
5620.695801 1127.641846 89.040810 1355.069946
5627.695801 1127.641846 89.040810 1355.150024
5627.751953 1128.258423 89.040810 1355.810059
5627.751953 1128.458618 89.040810 1356.079956
5639.184082 1128.458618 89.040810 1356.130005
5639.240234 1129.064209 89.040810 1356.800049
5639.240234 1129.471069 89.040810 1357.069946
5646.943848 1129.471069 89.040810 1357.140015
5647.175781 1130.083252 89.040810 1357.810059
5647.175781 1130.286377 89.040810 1358.060059
5653.567871 1130.286377 89.040810 1358.130005
5653.976074 1131.104004 89.040810 1358.790039
5653.976074 1131.313354 89.040810 1359.079956
5656.120117 1131.313354 89.040810 1359.140015
5656.328125 1131.933716 89.040810 1359.790039
5656.328125 1132.344360 89.040810 1360.089966
5658.408203 1132.344360 89.040810 1360.160034
5659.047852 1132.954468 89.040810 1360.800049
5659.047852 1133.156616 85.345940 1361.089966
5660.832031 1133.156616 85.345940 1361.150024
5661.824219 1133.358276 85.345940 1361.800049
5661.824219 1133.358276 85.345940 1362.079956
5663.240234 1133.358276 85.345940 1362.140015
5663.671875 1133.971924 85.345940 1362.819946
5663.671875 1134.177246 85.345940 1363.079956
5664.775879 1134.381226 85.345940 1363.160034
5665.016113 1134.989624 85.345940 1363.810059
5665.016113 1135.192017 85.345940 1364.089966
5666.120117 1135.192017 85.345940 1364.130005
5666.184082 1135.805664 85.345940 1364.819946
5666.184082 1136.240845 85.345940 1365.089966
5667.520020 1136.240845 85.345940 1365.160034
5667.576172 1136.858154 85.345940 1365.810059
5667.576172 1137.059692 85.345940 1366.079956
5669.383789 1137.261108 85.345940 1366.150024
5669.463867 1137.875732 85.345940 1366.810059
5669.463867 1138.082764 85.345940 1367.089966
5673.096191 1138.082764 85.345940 1367.160034
5673.167969 1138.700195 85.345940 1367.810059
5673.167969 1138.903198 85.345940 1368.089966
5683.127930 1138.903198 85.345940 1368.140015
5683.208008 1139.518066 85.345940 1368.790039
5683.208008 1139.927490 85.345940 1369.089966
5692.496094 1139.927490 85.345940 1369.140015
5692.640137 1140.542603 85.345940 1369.790039
5692.640137 1140.747803 85.345940 1370.069946
5701.175781 1140.747803 85.345940 1370.140015
5701.616211 1140.950806 85.653717 1370.790039
5701.616211 1140.950806 85.653717 1371.079956
5710.271973 1140.950806 85.653717 1371.150024
5710.304199 1140.950806 85.653717 1371.810059
5710.304199 1141.154541 85.653717 1372.060059
5715.824219 1141.154541 85.653717 1372.140015
5716.120117 1141.763794 85.653717 1372.800049
5716.120117 1142.178223 85.653717 1373.079956
5719.056152 1142.178223 85.653717 1373.140015
5720.600098 1142.787476 85.653717 1373.800049
5720.600098 1142.991821 85.653717 1374.089966
5723.248047 1143.194824 85.653717 1374.160034
5724.160156 1143.608643 85.653717 1374.790039
5724.160156 1144.012329 85.653717 1375.089966
5725.784180 1144.012329 85.653717 1375.150024
5726.279785 1144.631104 85.653717 1375.810059
5726.279785 1144.836792 85.653717 1376.069946
5726.655762 1145.045166 85.653717 1376.140015
5727.144043 1145.662354 85.653717 1376.810059
5727.144043 1145.869141 85.653717 1377.079956
5727.359863 1145.869141 85.653717 1377.130005
5727.520020 1146.485962 85.653717 1377.800049
5727.520020 1146.686646 85.653717 1378.089966
5727.655762 1146.887573 85.653717 1378.150024
5728.000000 1147.499268 85.653717 1378.790039
5728.000000 1147.706177 85.653717 1379.079956
5728.344238 1147.706177 85.653717 1379.140015
5729.016113 1148.316040 85.653717 1379.810059
5729.016113 1148.516479 85.653717 1380.079956
5729.271973 1148.722778 85.653717 1380.140015
5729.616211 1149.335083 85.653717 1380.790039
5729.616211 1149.537231 85.653717 1381.069946
5729.879883 1149.537231 85.653717 1381.140015
5729.936035 1150.161865 85.653717 1381.790039
5729.936035 1150.567505 85.653717 1382.079956
5730.120117 1150.567505 85.653717 1382.140015
5730.144043 1151.177612 85.653717 1382.810059
5730.144043 1151.580322 85.653717 1383.089966
5730.279785 1151.580322 85.653717 1383.150024
5730.319824 1152.201050 85.653717 1383.800049
5730.319824 1152.406372 85.653717 1384.089966
5733.215820 1152.615356 85.653717 1384.140015
5733.231934 1153.227905 85.653717 1384.819946
5733.231934 1153.436768 85.653717 1385.069946
5735.799805 1153.436768 85.653717 1385.140015
5735.872070 1154.044189 85.653717 1385.800049
5735.872070 1154.450073 85.653717 1386.079956
5737.751953 1154.450073 85.653717 1386.150024
5737.872070 1155.063354 85.653717 1386.810059
5737.872070 1155.475708 85.653717 1387.089966
5738.872070 1155.475708 85.653717 1387.140015
5738.943848 1156.087036 85.653717 1387.819946
5738.943848 1156.286987 85.653717 1388.079956
5738.992188 1156.286987 85.653717 1388.150024
5739.383789 1157.107178 85.653717 1388.839966
5739.383789 1157.314697 85.653717 1389.079956
5739.432129 1157.314697 85.653717 1389.130005
5739.815918 1157.936768 85.653717 1389.810059
5739.815918 1158.143188 85.653717 1390.069946
5739.967773 1158.346436 85.653717 1390.140015
5740.032227 1158.961548 85.653717 1390.819946
5740.032227 1159.166138 85.653717 1391.079956
5740.120117 1159.166138 85.653717 1391.150024
5740.184082 1159.782593 85.653717 1391.790039
5740.184082 1160.185181 85.653717 1392.069946
5740.288086 1160.185181 85.653717 1392.160034
5740.472168 1160.797852 85.653717 1392.819946
5740.479980 1161.006104 85.653717 1393.089966
5741.863770 1161.006104 85.653717 1393.150024
5742.023926 1161.821411 85.653717 1393.810059
5742.023926 1162.022095 85.653717 1394.060059
5743.720215 1162.022095 85.653717 1394.160034
5743.815918 1162.633057 85.653717 1394.790039
5743.815918 1163.049805 85.653717 1395.089966
5744.967773 1163.049805 85.653717 1395.150024
5745.032227 1163.667358 85.653717 1395.819946
5745.032227 1163.875244 85.653717 1396.089966
5746.191895 1163.875244 85.653717 1396.150024
5746.319824 1164.490234 85.653717 1396.800049
5746.319824 1164.905640 85.653717 1397.089966
5747.240234 1164.905640 85.653717 1397.150024
5747.423828 1165.517212 85.653717 1397.810059
5747.423828 1165.724487 85.653717 1398.089966
5749.136230 1165.724487 85.653717 1398.170044
5749.536133 1166.342773 85.653717 1398.800049
5749.536133 1166.748657 85.653717 1399.079956
5750.288086 1166.748657 85.653717 1399.150024
5750.687988 1167.371460 85.653717 1399.800049
5750.687988 1167.575195 85.653717 1400.089966
5750.720215 1167.781982 85.653717 1400.160034
5750.992188 1168.393188 85.653717 1400.810059
5750.992188 1168.593384 85.653717 1401.089966
5751.120117 1168.802246 85.653717 1401.150024
5751.487793 1169.429077 85.653717 1401.800049
5751.487793 1169.631104 85.653717 1402.089966
5751.591797 1169.631104 85.653717 1402.140015
5752.264160 1170.244141 85.653717 1402.819946
5752.264160 1170.452759 85.653717 1403.079956
5752.344238 1170.661011 85.653717 1403.140015
5752.591797 1171.274658 85.653717 1403.819946
5752.591797 1171.480347 85.653717 1404.069946
5752.664062 1171.681519 85.653717 1404.170044
5752.919922 1172.295288 85.653717 1404.819946
5752.919922 1172.501221 85.653717 1405.089966
5752.976074 1172.501221 85.653717 1405.150024
5753.160156 1173.109253 85.653717 1405.810059
5753.160156 1173.317383 85.653717 1406.089966
5754.104004 1173.525391 85.653717 1406.150024
5754.520020 1174.136230 85.653717 1406.819946
5754.520020 1174.344849 85.653717 1407.089966
5757.200195 1174.344849 85.653717 1407.150024
5757.383789 1175.168579 85.653717 1407.819946
5757.383789 1175.377930 85.653717 1408.089966
5759.392090 1175.377930 85.653717 1408.130005
5759.640137 1175.997314 85.653717 1408.810059
5759.640137 1176.201294 85.653717 1409.069946
5760.863770 1176.407104 85.653717 1409.150024
5760.959961 1177.014404 85.653717 1409.770020
5760.959961 1177.220581 85.653717 1410.079956
5761.432129 1177.220581 85.653717 1410.150024
5761.520020 1177.830322 85.653717 1410.810059
5761.591797 1178.235596 85.653717 1411.089966
5761.607910 1178.235596 85.653717 1411.160034
5761.728027 1178.851807 85.653717 1411.800049
5761.735840 1179.255859 85.653717 1412.089966
5761.808105 1179.255859 85.653717 1412.160034
5761.959961 1179.868164 85.653717 1412.819946
5761.959961 1180.077148 85.653717 1413.079956
5762.023926 1180.077148 85.653717 1413.140015
5762.383789 1180.702148 85.653717 1413.819946
5762.383789 1180.908081 85.653717 1414.069946
5762.448242 1181.116943 85.653717 1414.150024
5763.087891 1181.731079 85.653717 1414.819946
5763.087891 1181.940674 85.653717 1415.069946
5763.175781 1182.141235 85.653717 1415.150024
5763.543945 1182.762573 85.653717 1415.819946
5763.543945 1182.969360 85.653717 1416.079956
5763.664062 1182.969360 85.653717 1416.150024
5764.047852 1183.580566 85.653717 1416.819946
5764.047852 1183.783447 85.653717 1417.089966
5764.224121 1183.992554 85.653717 1417.150024
5765.144043 1184.613647 85.653717 1417.819946
5765.144043 1184.822388 85.653717 1418.069946
5765.359863 1184.822388 85.653717 1418.140015
5765.607910 1185.440063 85.653717 1418.819946
5765.607910 1185.843628 85.653717 1419.079956
5766.567871 1185.843628 85.653717 1419.160034
5766.680176 1186.461670 85.653717 1419.819946
5766.680176 1186.664673 85.653717 1420.079956
5767.167969 1186.664673 85.653717 1420.130005
5767.352051 1187.487793 85.653717 1420.819946
5767.352051 1187.689209 85.653717 1421.079956
5767.895996 1187.689209 85.653717 1421.150024
5768.040039 1188.496704 85.653717 1421.810059
5768.040039 1188.697510 85.653717 1422.079956
5768.295898 1188.697510 85.653717 1422.130005
5768.359863 1189.314819 85.653717 1422.819946
5768.359863 1189.722412 85.653717 1423.089966
5768.591797 1189.722412 85.653717 1423.150024
5768.687988 1190.341309 85.653717 1423.810059
5768.687988 1190.546509 85.653717 1424.079956
5768.936035 1190.747070 85.653717 1424.150024
5769.063965 1191.365112 85.653717 1424.819946
5769.063965 1191.565796 85.653717 1425.079956
5769.144043 1191.565796 85.653717 1425.130005
5769.352051 1192.189941 85.653717 1425.819946
5769.352051 1192.397461 85.653717 1426.089966
5769.520020 1192.598267 85.653717 1426.160034
5769.647949 1193.012817 85.653717 1426.810059
5769.647949 1193.426147 85.653717 1427.069946
5769.664062 1193.426147 85.653717 1427.140015
5770.184082 1194.042603 85.653717 1427.859985
5770.184082 1194.243530 85.653717 1428.089966
5770.184082 1194.443726 85.653717 1428.119995
5770.687988 1195.053955 85.653717 1428.819946
5770.687988 1195.260864 85.653717 1429.069946
5770.704102 1195.260864 85.653717 1429.140015
5770.832031 1195.873413 85.653717 1429.819946
5770.832031 1196.074341 85.653717 1430.069946
5770.848145 1196.280884 85.653717 1430.150024
5770.983887 1196.894287 85.653717 1430.819946
5770.983887 1197.103516 85.653717 1431.089966
5771.063965 1197.103516 85.653717 1431.140015
5771.231934 1197.916992 85.653717 1431.810059
5771.231934 1198.125366 85.653717 1432.089966
5771.304199 1198.125366 85.653717 1432.130005
5771.543945 1198.739258 85.653717 1432.819946
5771.543945 1198.942627 85.653717 1433.089966
5771.591797 1199.148193 85.653717 1433.160034
5771.704102 1199.765381 85.653717 1433.819946
5771.704102 1199.972168 85.653717 1434.079956
5771.735840 1199.972168 85.653717 1434.150024
5772.040039 1200.580200 85.653717 1434.819946
5772.040039 1200.785767 85.653717 1435.089966
5772.056152 1200.785767 85.653717 1435.160034
5772.288086 1201.607910 85.653717 1435.819946
5772.288086 1201.808960 85.653717 1436.089966
5772.304199 1201.808960 85.653717 1436.160034
5772.392090 1202.432739 85.653717 1436.819946
5772.392090 1202.843384 85.653717 1437.079956
5772.423828 1202.843384 85.653717 1437.150024
5772.616211 1203.453003 85.653717 1437.819946
5772.616211 1203.660645 85.653717 1438.089966
5772.631836 1203.660645 85.653717 1438.140015
5772.631836 1204.677002 85.653717 1439.079956
5772.744141 1204.677002 85.653717 1439.130005
5773.120117 1204.877686 85.653717 1439.260010
5773.680176 1205.284546 85.653717 1439.819946
5773.680176 1205.709473 85.653717 1440.079956
5773.751953 1205.709473 85.653717 1440.150024
5774.191895 1206.326172 85.653717 1440.819946
5774.191895 1206.532593 85.653717 1441.079956
5774.224121 1206.532593 85.653717 1441.150024
5774.448242 1207.147461 85.653717 1441.810059
5774.448242 1207.354248 85.653717 1442.079956
5774.472168 1207.555054 85.653717 1442.140015
5774.576172 1208.168457 85.653717 1442.819946
5774.576172 1208.371582 85.653717 1443.079956
5774.576172 1208.371582 85.653717 1443.140015
5774.600098 1208.987793 85.653717 1443.819946
5774.600098 1209.192383 85.653717 1444.079956
5774.616211 1209.397583 85.653717 1444.150024
5774.704102 1210.018311 85.653717 1444.819946
5774.704102 1210.226685 85.653717 1445.079956
5774.711914 1210.226685 85.653717 1445.140015
5774.728027 1211.057373 85.653717 1445.819946
5774.728027 1211.259399 85.653717 1446.119995
5774.728027 1211.259399 85.653717 1446.140015
5774.744141 1211.874146 85.653717 1446.819946
5774.744141 1212.283325 85.653717 1447.089966
5774.759766 1212.283325 85.653717 1447.150024
5774.815918 1212.893799 85.653717 1447.800049
5774.815918 1213.094727 85.653717 1448.089966
5774.815918 1213.295166 85.653717 1448.150024
5774.839844 1213.711548 85.653717 1448.810059
5774.839844 1214.117676 85.653717 1449.069946
5774.839844 1214.117676 85.653717 1449.119995
5774.855957 1214.740234 85.653717 1449.819946
5774.855957 1215.142456 85.653717 1450.079956
5774.879883 1215.142456 85.653717 1450.150024
5774.912109 1215.750122 85.653717 1450.819946
5774.912109 1215.958984 85.653717 1451.079956
5775.023926 1216.165039 85.653717 1451.150024
5775.047852 1216.780884 85.653717 1451.819946
5775.047852 1216.986206 85.653717 1452.089966
5775.071777 1216.986206 85.653717 1452.160034
5775.080078 1217.591919 85.653717 1452.819946
5775.080078 1217.800415 85.653717 1453.079956
5775.080078 1218.008179 85.653717 1453.140015
5775.127930 1218.623657 85.653717 1453.819946
5775.127930 1218.829346 85.653717 1454.079956
5775.127930 1218.829346 85.653717 1454.130005
5775.167969 1219.436890 85.653717 1454.819946
5775.167969 1219.639038 85.653717 1455.069946
5775.175781 1219.846680 85.653717 1455.150024
5775.208008 1220.461670 85.653717 1455.819946
5775.208008 1220.670532 85.653717 1456.089966
5775.215820 1220.670532 85.653717 1456.140015
5775.224121 1221.294800 85.653717 1456.819946
5775.224121 1221.499023 85.653717 1457.069946
5775.231934 1221.703247 85.653717 1457.140015
5775.248047 1222.310913 85.653717 1457.810059
5775.248047 1222.514648 85.653717 1458.079956
5775.248047 1222.514648 85.653717 1458.140015
5775.344238 1223.129883 85.653717 1458.810059
5775.344238 1223.336670 85.653717 1459.069946
5775.344238 1223.543091 85.653717 1459.160034
5775.432129 1224.153442 85.653717 1459.819946
5775.432129 1224.355469 85.653717 1460.079956
5775.432129 1224.355469 85.653717 1460.140015
5775.432129 1224.977295 85.653717 1460.810059
5775.432129 1225.181274 85.653717 1461.089966
5775.432129 1225.390747 85.653717 1461.160034
5775.487793 1226.000610 85.653717 1461.800049
5775.487793 1226.201416 85.653717 1462.089966
5775.487793 1226.201416 85.653717 1462.140015
5775.503906 1226.816528 85.653717 1462.810059
5775.503906 1227.223145 85.653717 1463.089966
5775.503906 1227.223145 85.653717 1463.170044
5775.503906 1227.842773 85.653717 1463.819946
5775.503906 1228.046387 85.653717 1464.079956
5775.512207 1228.255493 85.653717 1464.160034
5775.512207 1228.879761 85.653717 1464.819946
5775.512207 1229.080322 85.653717 1465.099976
5775.520020 1229.080322 85.653717 1465.150024
5775.520020 1229.694580 85.653717 1465.800049
5775.520020 1230.095947 85.653717 1466.069946
5775.520020 1230.095947 85.653717 1466.140015
5775.527832 1230.704834 85.653717 1466.819946
5775.527832 1230.911499 85.653717 1467.079956
5775.527832 1231.115723 85.653717 1467.130005
5775.576172 1231.720337 85.653717 1467.810059
5775.583984 1231.928955 85.653717 1468.060059
5775.600098 1231.928955 85.653717 1468.140015
5775.607910 1232.541138 85.653717 1468.819946
5775.607910 1232.945679 85.653717 1469.089966
5775.607910 1232.945679 85.653717 1469.150024
5775.624023 1233.563721 85.653717 1469.800049
5775.624023 1233.763672 85.653717 1470.069946
5775.631836 1233.763672 85.653717 1470.140015
5775.655762 1234.365723 85.653717 1470.819946
5775.655762 1234.567871 85.653717 1471.060059
5775.655762 1234.768555 85.653717 1471.150024
5775.671875 1235.386963 85.653717 1471.810059
5775.671875 1235.595337 85.653717 1472.079956
5775.680176 1235.595337 85.653717 1472.130005
5775.680176 1236.216919 85.653717 1472.819946
5775.680176 1236.424561 85.653717 1473.060059
5775.687988 1236.628296 85.653717 1473.140015
5775.687988 1237.234741 85.653717 1473.800049
5775.687988 1237.437866 85.653717 1474.079956
5775.695801 1237.437866 85.653717 1474.140015
5775.695801 1238.047974 85.653717 1474.800049
5775.695801 1238.248169 85.653717 1475.079956
5775.695801 1238.456177 85.653717 1475.130005
5775.695801 1239.070801 85.653717 1475.819946
5775.695801 1239.273804 85.653717 1476.079956
5775.711914 1239.273804 85.653717 1476.130005
5775.711914 1240.102905 85.653717 1476.819946
5775.711914 1240.307495 85.653717 1477.069946
5775.751953 1240.307495 85.653717 1477.130005
5775.759766 1240.913574 85.653717 1477.810059
5775.759766 1241.120850 85.653717 1478.069946
5775.759766 1241.120850 85.653717 1478.150024
5775.759766 1241.937866 85.653717 1478.810059
5775.759766 1242.141968 85.653717 1479.060059
5775.799805 1242.141968 85.653717 1479.150024
5775.799805 1242.758423 85.653717 1479.819946
5775.799805 1243.173828 85.653717 1480.079956
5775.952148 1243.173828 85.653717 1480.140015
5775.952148 1243.788452 85.653717 1480.800049
5775.952148 1243.994873 85.653717 1481.089966
5776.016113 1243.994873 85.653717 1481.150024
5776.032227 1244.609253 85.653717 1481.800049
5776.032227 1244.813721 85.653717 1482.089966
5776.040039 1245.018433 85.653717 1482.140015
5776.047852 1245.635498 85.653717 1482.810059
5776.047852 1245.836548 85.653717 1483.089966
5776.063965 1245.836548 85.653717 1483.150024
5776.063965 1246.451538 85.653717 1483.819946
5776.063965 1246.659912 85.653717 1484.089966
5776.087891 1246.659912 85.653717 1484.130005
5776.087891 1247.261475 85.653717 1484.800049
5776.087891 1247.670044 85.653717 1485.079956
5776.096191 1247.670044 85.653717 1485.140015
5776.096191 1248.278564 85.653717 1485.800049
5776.096191 1248.486450 85.653717 1486.089966
5776.151855 1248.687256 85.653717 1486.140015
5776.160156 1249.303589 85.653717 1486.810059
5776.160156 1249.512085 85.653717 1487.079956
5776.224121 1249.512085 85.653717 1487.140015
5776.248047 1250.125122 85.653717 1487.810059
5776.248047 1250.532471 85.653717 1488.079956
5776.271973 1250.532471 85.653717 1488.150024
5776.271973 1251.142212 85.653717 1488.810059
5776.271973 1251.345581 85.653717 1489.089966
5776.288086 1251.547852 85.653717 1489.160034
5776.288086 1251.951782 85.653717 1489.790039
5776.288086 1252.352905 85.653717 1490.089966
5776.295898 1252.352905 85.653717 1490.140015
5776.295898 1252.973145 85.653717 1490.819946
5776.295898 1253.181030 85.653717 1491.079956
5776.344238 1253.181030 85.653717 1491.130005
5776.416016 1254.004150 85.653717 1491.819946
5776.416016 1254.208008 85.653717 1492.069946
5776.496094 1254.208008 85.653717 1492.130005
5776.680176 1254.823975 85.653717 1492.810059
5776.680176 1255.026855 85.653717 1493.079956
5776.728027 1255.230469 85.653717 1493.119995
5776.775879 1255.847046 85.653717 1493.800049
5776.775879 1256.057007 85.653717 1494.089966
5776.824219 1256.057007 85.653717 1494.130005
5776.824219 1256.882080 85.653717 1494.819946
5776.824219 1257.085938 85.653717 1495.089966
5776.936035 1257.085938 85.653717 1495.130005
5777.023926 1257.701782 85.653717 1495.810059
5777.023926 1257.907715 85.653717 1496.079956
5777.047852 1257.907715 85.653717 1496.150024
5777.399902 1258.519409 85.653717 1496.810059
5777.399902 1258.928589 85.653717 1497.069946
5777.456055 1258.928589 85.653717 1497.160034
5777.664062 1259.541016 85.653717 1497.810059
5777.664062 1259.748779 85.653717 1498.089966
5777.711914 1259.954468 85.653717 1498.170044
5777.919922 1260.557495 85.653717 1498.819946
5777.919922 1260.765259 85.653717 1499.119995
5778.023926 1260.765259 85.653717 1499.150024
5778.023926 1261.384399 85.653717 1499.819946
5778.023926 1261.591431 85.653717 1500.079956
5778.023926 1261.591431 85.653717 1500.140015
5778.023926 1262.408447 85.653717 1500.800049
5778.023926 1262.611084 85.653717 1501.069946
5778.047852 1262.611084 85.653717 1501.130005
5778.047852 1263.228271 85.653717 1501.790039
5778.047852 1263.642090 85.653717 1502.079956
5778.047852 1263.642090 85.653717 1502.140015
5778.056152 1264.262329 85.653717 1502.819946
5778.056152 1264.462646 85.653717 1503.079956
5778.080078 1264.671021 85.653717 1503.150024
5778.080078 1265.289062 85.653717 1503.819946
5778.087891 1265.497925 85.653717 1504.089966
5778.104004 1265.497925 85.653717 1504.150024
5778.104004 1266.100220 85.653717 1504.810059
5778.104004 1266.301880 85.653717 1505.069946
5778.120117 1266.502563 85.653717 1505.119995
5778.120117 1266.911255 85.653717 1505.790039
5778.120117 1267.313721 85.653717 1506.079956
5778.184082 1267.313721 85.653717 1506.140015
5778.215820 1267.925293 85.653717 1506.810059
5778.215820 1268.133301 85.653717 1507.079956
5778.312012 1268.133301 85.653717 1507.140015
5778.423828 1268.745850 85.653717 1507.819946
5778.423828 1269.152466 85.653717 1508.069946
5778.583984 1269.152466 85.653717 1508.130005
5778.728027 1269.772095 85.653717 1508.819946
5778.728027 1269.977173 85.653717 1509.069946
5778.799805 1269.977173 85.653717 1509.140015
5778.952148 1270.789917 85.653717 1509.819946
5778.952148 1270.996704 85.653717 1510.089966
5779.007812 1270.996704 85.653717 1510.130005
5779.023926 1271.604980 85.653717 1510.819946
5779.023926 1272.007935 85.653717 1511.079956
5779.224121 1272.007935 85.653717 1511.150024
5779.224121 1272.622070 85.653717 1511.819946
5779.224121 1272.823975 85.653717 1512.079956
5779.295898 1272.823975 85.653717 1512.140015
5779.304199 1273.649048 85.653717 1512.819946
5779.304199 1273.850098 85.653717 1513.089966
5779.359863 1273.850098 85.653717 1513.150024
5779.368164 1274.458984 85.653717 1513.819946
5779.368164 1274.663208 85.653717 1514.089966
5779.439941 1274.871826 85.653717 1514.140015
5779.439941 1275.488770 85.653717 1514.819946
5779.439941 1275.692627 85.653717 1515.079956
5779.439941 1275.692627 85.653717 1515.150024
5779.439941 1276.307861 85.653717 1515.819946
5779.439941 1276.717773 85.653717 1516.089966
5779.448242 1276.717773 85.653717 1516.150024
5779.448242 1277.335693 85.653717 1516.819946
5779.448242 1277.541870 85.653717 1517.079956
5779.448242 1277.541870 85.653717 1517.130005
5779.472168 1278.353394 85.653717 1517.819946
5779.472168 1278.553833 85.653717 1518.079956
5779.472168 1278.553833 85.653717 1518.140015
5779.560059 1279.171753 85.653717 1518.810059
5779.560059 1279.375244 85.653717 1519.089966
5779.576172 1279.581055 85.653717 1519.140015
5779.832031 1280.188232 85.653717 1519.819946
5779.832031 1280.392578 85.653717 1520.079956
5779.879883 1280.392578 85.653717 1520.140015
5780.160156 1281.004517 85.653717 1520.819946
5780.184082 1281.416382 85.653717 1521.079956
5780.208008 1281.416382 85.653717 1521.140015
5780.264160 1282.032471 85.653717 1521.819946
5780.264160 1282.238892 85.653717 1522.079956
5780.375977 1282.238892 85.653717 1522.130005
5780.416016 1282.857422 85.653717 1522.810059
5780.416016 1283.271851 85.653717 1523.069946
5780.439941 1283.271851 85.653717 1523.140015
5780.439941 1283.886475 85.653717 1523.819946
5780.439941 1284.087891 85.653717 1524.079956
5780.456055 1284.087891 85.653717 1524.150024
5780.463867 1284.710693 85.653717 1524.819946
5780.463867 1284.914062 85.653717 1525.069946
5780.463867 1285.123291 85.653717 1525.150024
5780.479980 1285.740234 85.653717 1525.819946
5780.479980 1285.948486 85.653717 1526.060059
5780.496094 1285.948486 85.653717 1526.140015
5780.496094 1286.579224 85.653717 1526.790039
5780.496094 1286.993164 85.653717 1527.089966
5780.512207 1286.993164 85.653717 1527.160034
5780.512207 1287.605347 85.653717 1527.819946
5780.512207 1287.807129 85.653717 1528.089966
5780.536133 1288.013062 85.653717 1528.150024
5780.536133 1288.619995 85.653717 1528.819946
5780.536133 1288.822998 85.653717 1529.119995
5780.543945 1288.822998 85.653717 1529.140015
5780.543945 1289.444336 85.653717 1529.819946
5780.543945 1289.650635 85.653717 1530.079956
5780.600098 1289.856567 85.653717 1530.140015
5780.631836 1290.471558 85.653717 1530.790039
5780.631836 1290.676147 85.653717 1531.060059
5781.383789 1290.676147 85.653717 1531.140015
5781.600098 1291.293701 85.653717 1531.819946
5781.600098 1291.705933 85.653717 1532.079956
5783.647949 1291.705933 85.653717 1532.140015
5783.888184 1292.312134 85.653717 1532.819946
5783.888184 1292.520264 85.653717 1533.079956
5785.448242 1292.723755 85.653717 1533.150024
5785.512207 1293.331665 85.653717 1533.819946
5785.512207 1293.532715 85.653717 1534.089966
5785.879883 1293.532715 85.653717 1534.140015
5785.879883 1294.149902 85.653717 1534.819946
5785.879883 1294.358276 85.653717 1535.079956
5785.879883 1294.561157 85.653717 1535.150024
5785.879883 1295.185669 85.653717 1535.819946
5785.879883 1295.394409 85.653717 1536.060059
5785.903809 1295.394409 85.653717 1536.140015
5785.903809 1296.004150 85.653717 1536.819946
5785.903809 1296.211792 85.653717 1537.079956
5785.936035 1296.415894 85.653717 1537.140015
5785.936035 1297.026123 85.653717 1537.819946
5785.936035 1297.228271 85.653717 1538.079956
5785.959961 1297.228271 85.653717 1538.160034
5785.976074 1297.838257 85.653717 1538.819946
5785.976074 1298.046387 85.653717 1539.079956
5786.040039 1298.246582 85.653717 1539.140015
5786.040039 1298.858276 85.653717 1539.819946
5786.040039 1299.066772 85.653717 1540.069946
5786.175781 1299.066772 85.653717 1540.130005
5786.175781 1299.882568 85.653717 1540.810059
5786.175781 1300.086792 85.653717 1541.079956
5786.208008 1300.086792 85.653717 1541.150024
5786.288086 1300.710327 85.653717 1541.800049
5786.288086 1300.917603 85.653717 1542.069946
5786.312012 1301.125977 85.653717 1542.150024
5786.704102 1301.731445 85.653717 1542.819946
5786.704102 1301.933716 85.653717 1543.089966
5786.720215 1301.933716 85.653717 1543.130005
5787.791992 1302.546509 85.653717 1543.819946
5787.791992 1302.755005 85.653717 1544.089966
5789.751953 1302.960693 85.653717 1544.150024
5791.151855 1303.572388 85.653717 1544.819946
5791.151855 1303.780640 85.653717 1545.079956
5794.728027 1303.780640 85.653717 1545.140015
5794.815918 1304.396606 85.653717 1545.819946
5794.815918 1304.804443 85.653717 1546.089966
5797.423828 1304.804443 85.653717 1546.140015
5797.423828 1305.411865 85.653717 1546.819946
5797.423828 1305.618896 85.653717 1547.069946
5797.607910 1305.820068 85.653717 1547.140015
5797.607910 1306.438721 85.653717 1547.810059
5797.607910 1306.646973 85.653717 1548.079956
5797.616211 1306.646973 85.653717 1548.140015
5797.616211 1307.263672 85.653717 1548.819946
5797.616211 1307.464355 85.653717 1549.079956
5797.616211 1307.464355 85.653717 1549.150024
5797.624023 1308.074829 85.653717 1549.819946
5797.624023 1308.486572 85.653717 1550.089966
5797.624023 1308.486572 85.653717 1550.150024
5797.624023 1309.103516 85.653717 1550.819946
5797.624023 1309.308228 85.653717 1551.089966
5797.624023 1309.308228 85.653717 1551.140015
5797.631836 1309.931641 85.653717 1551.800049
5797.631836 1310.348145 85.653717 1552.089966
5797.631836 1310.348145 85.653717 1552.160034
5797.631836 1310.969238 85.653717 1552.819946
5797.631836 1311.173096 85.653717 1553.079956
5797.631836 1311.173096 85.653717 1553.130005
5797.631836 1311.786987 85.653717 1553.819946
5797.640137 1312.189819 85.653717 1554.089966
5797.695801 1312.189819 85.653717 1554.140015
5797.848145 1312.806274 85.653717 1554.810059
5797.879883 1313.016113 85.653717 1555.089966
5799.016113 1313.217651 85.653717 1555.130005
5801.136230 1313.831299 85.653717 1555.800049
5801.136230 1314.035278 85.653717 1556.089966
5803.023926 1314.035278 85.653717 1556.140015
5805.080078 1314.655884 85.653717 1556.819946
5805.080078 1314.862915 85.653717 1557.089966
5805.687988 1315.066040 85.653717 1557.140015
5806.352051 1315.686646 85.653717 1557.819946
5806.352051 1315.894043 85.653717 1558.079956
5806.368164 1315.894043 85.653717 1558.119995
5806.375977 1316.708740 85.653717 1558.810059
5806.375977 1316.910645 85.653717 1559.079956
5806.375977 1316.910645 85.653717 1559.130005
5806.383789 1317.532471 85.653717 1559.790039
5806.383789 1317.737427 85.653717 1560.089966
5806.392090 1317.942261 85.653717 1560.140015
5806.392090 1318.550049 85.653717 1560.810059
5806.392090 1318.759033 85.653717 1561.079956
5806.399902 1318.759033 85.653717 1561.130005
5806.399902 1319.375488 85.653717 1561.819946
5806.399902 1319.784424 85.653717 1562.079956
5806.399902 1319.784424 85.653717 1562.119995
5806.399902 1320.396240 85.653717 1562.800049
5806.399902 1320.603516 85.653717 1563.089966
5806.439941 1320.806519 85.653717 1563.160034
5806.439941 1321.207153 85.653717 1563.790039
5806.439941 1321.623901 85.653717 1564.069946
5806.496094 1321.623901 85.653717 1564.140015
5806.671875 1322.228271 85.653717 1564.810059
5806.671875 1322.429077 85.653717 1565.060059
5807.567871 1322.637695 85.653717 1565.150024
5808.848145 1323.255249 85.653717 1565.819946
5808.848145 1323.457642 85.653717 1566.079956
5809.759766 1323.457642 85.653717 1566.140015
5811.624023 1324.065552 85.653717 1566.810059
5811.624023 1324.471069 85.653717 1567.079956
5813.759766 1324.471069 85.653717 1567.140015
5815.335938 1325.088623 85.653717 1567.819946
5815.335938 1325.290161 85.653717 1568.050049
5816.527832 1325.290161 85.653717 1568.160034
5816.616211 1325.911011 85.653717 1568.810059
5816.616211 1326.323120 85.653717 1569.069946
5817.312012 1326.323120 85.653717 1569.140015
5817.312012 1326.939575 85.653717 1569.790039
5817.312012 1327.142334 85.653717 1570.079956
5817.319824 1327.350586 85.653717 1570.130005
5817.319824 1327.966309 85.653717 1570.790039
5817.319824 1328.169678 85.653717 1571.069946
5817.328125 1328.169678 85.653717 1571.109985
5817.328125 1328.786621 85.653717 1571.790039
5817.328125 1328.986694 85.653717 1572.079956
5817.335938 1329.195557 85.653717 1572.119995
5817.335938 1329.819702 85.653717 1572.790039
5817.335938 1330.020630 85.653717 1573.079956
5817.352051 1330.020630 85.653717 1573.109985
5817.352051 1330.631226 85.653717 1573.790039
5817.352051 1330.840576 85.653717 1574.079956
5817.368164 1331.047363 85.653717 1574.119995
5817.439941 1331.661377 85.653717 1574.790039
5817.439941 1331.869873 85.653717 1575.069946
5817.456055 1331.869873 85.653717 1575.109985
5818.047852 1332.488403 85.653717 1575.790039
5818.047852 1332.899292 85.653717 1576.079956
5818.096191 1332.899292 85.653717 1576.119995
5819.496094 1333.519409 85.653717 1576.800049
5819.496094 1333.725952 85.653717 1577.089966
5819.591797 1333.934082 85.653717 1577.140015
5820.680176 1334.552002 85.653717 1577.780029
5820.680176 1334.759888 85.653717 1578.089966
5820.711914 1334.759888 85.653717 1578.130005
5822.000000 1335.363281 85.653717 1578.790039
5822.000000 1335.771118 85.653717 1579.079956
5822.063965 1335.771118 85.653717 1579.119995
5823.127930 1336.383301 85.653717 1579.790039
5823.127930 1336.799683 85.653717 1580.079956
5823.231934 1336.799683 85.653717 1580.130005
5823.248047 1337.415405 85.653717 1580.790039
5823.248047 1337.618164 85.653717 1581.079956
5823.335938 1337.618164 85.653717 1581.119995
5823.335938 1338.234131 85.653717 1581.790039
5823.335938 1338.651001 85.653717 1582.089966
5823.383789 1338.651001 85.653717 1582.140015
5823.392090 1339.264282 85.653717 1582.790039
5823.392090 1339.466797 85.653717 1583.060059
5823.408203 1339.466797 85.653717 1583.119995
5823.408203 1340.090820 85.653717 1583.800049
5823.408203 1340.497314 85.653717 1584.060059
5823.408203 1340.497314 85.653717 1584.130005
5823.408203 1341.116455 85.653717 1584.790039
5823.408203 1341.324707 85.653717 1585.079956
5823.416016 1341.324707 85.653717 1585.119995
5823.416016 1342.148315 85.653717 1585.790039
5823.416016 1342.354248 85.653717 1586.060059
5823.439941 1342.354248 85.653717 1586.119995
5823.448242 1342.971802 85.653717 1586.790039
5823.448242 1343.381592 85.653717 1587.079956
5823.448242 1343.381592 85.653717 1587.109985
5823.503906 1343.992798 85.653717 1587.790039
5823.503906 1344.201172 85.653717 1588.079956
5823.551758 1344.201172 85.653717 1588.119995
5823.616211 1345.025146 85.653717 1588.790039
5823.616211 1345.225220 85.653717 1589.069946
5823.751953 1345.225220 85.653717 1589.150024
5823.799805 1346.026978 85.653717 1589.790039
5823.799805 1346.227051 85.653717 1590.079956
5823.839844 1346.227051 85.653717 1590.119995
5823.903809 1346.845825 85.653717 1590.790039
5823.903809 1347.256714 85.653717 1591.079956
5823.928223 1347.256714 85.653717 1591.119995
5823.967773 1347.876709 85.653717 1591.790039
5823.967773 1348.084106 85.653717 1592.089966
5824.000000 1348.293213 85.653717 1592.119995
5824.056152 1348.903198 85.653717 1592.790039
5824.056152 1349.103882 85.653717 1593.089966
5824.063965 1349.103882 85.653717 1593.119995
5824.104004 1349.717529 85.653717 1593.780029
5824.104004 1350.126831 85.653717 1594.069946
5824.144043 1350.126831 85.653717 1594.119995
5824.144043 1350.745605 85.653717 1594.790039
5824.144043 1351.158447 85.653717 1595.079956
5824.175781 1351.158447 85.653717 1595.119995
5824.191895 1351.771118 85.653717 1595.790039
5824.191895 1351.975708 85.653717 1596.089966
5824.231934 1351.975708 85.653717 1596.119995
5824.231934 1352.791260 85.653717 1596.790039
5824.231934 1352.996948 85.653717 1597.079956
5824.264160 1352.996948 85.653717 1597.119995
5824.264160 1353.607788 85.653717 1597.790039
5824.264160 1353.815308 85.653717 1598.069946
5824.304199 1353.815308 85.653717 1598.119995
5824.304199 1354.634766 85.653717 1598.790039
5824.304199 1354.839722 85.653717 1599.079956
5824.328125 1354.839722 85.653717 1599.109985
5824.352051 1355.453735 85.653717 1599.790039
5824.352051 1355.864502 85.653717 1600.079956
5824.368164 1355.864502 85.653717 1600.140015
5824.375977 1356.484985 85.653717 1600.790039
5824.375977 1356.688721 85.653717 1601.060059
5824.375977 1356.688721 85.653717 1601.119995
5824.375977 1357.299805 85.653717 1601.790039
5824.375977 1357.712280 85.653717 1602.079956
5824.647949 1357.712280 85.653717 1602.119995
5824.664062 1358.329956 85.653717 1602.790039
5824.664062 1358.532837 85.653717 1603.069946
5824.855957 1358.735352 85.653717 1603.119995
5824.855957 1359.347046 85.653717 1603.790039
5824.855957 1359.554199 85.653717 1604.069946
5824.912109 1359.554199 85.653717 1604.150024
5824.912109 1360.375122 85.653717 1604.790039
5824.912109 1360.581787 85.653717 1605.089966
5825.144043 1360.581787 85.653717 1605.140015
5825.167969 1361.197876 85.653717 1605.790039
5825.167969 1361.403076 85.653717 1606.079956
5825.304199 1361.606079 85.653717 1606.119995
5825.359863 1362.230591 85.653717 1606.790039
5825.359863 1362.431396 85.653717 1607.079956
5825.399902 1362.431396 85.653717 1607.119995
5825.472168 1363.046631 85.653717 1607.790039
5825.472168 1363.247559 85.653717 1608.079956
5825.520020 1363.451172 85.653717 1608.119995
5825.607910 1364.070068 85.653717 1608.790039
5825.607910 1364.272095 85.653717 1609.069946
5825.631836 1364.272095 85.653717 1609.119995
5825.655762 1365.098633 85.653717 1609.790039
5825.655762 1365.307373 85.653717 1610.089966
5825.671875 1365.307373 85.653717 1610.119995
5825.671875 1365.921021 85.653717 1610.790039
5825.671875 1366.121948 85.653717 1611.069946
5825.704102 1366.328125 85.653717 1611.140015
5825.704102 1366.947388 85.653717 1611.790039
5825.704102 1367.155151 85.653717 1612.089966
5825.728027 1367.155151 85.653717 1612.119995
5825.832031 1367.771973 85.653717 1612.790039
5825.832031 1367.972656 85.653717 1613.069946
5825.855957 1368.180908 85.653717 1613.119995
5826.007812 1368.789185 85.653717 1613.790039
5826.007812 1368.991821 85.653717 1614.099976
5826.520020 1368.991821 85.653717 1614.150024
5826.536133 1369.605469 85.653717 1614.790039
5826.543945 1369.813599 85.653717 1615.079956
5827.848145 1370.022095 85.653717 1615.119995
5827.959961 1370.637085 85.653717 1615.790039
5827.959961 1370.846436 85.653717 1616.060059
5829.240234 1370.846436 85.653717 1616.130005
5829.456055 1371.466919 85.653717 1616.790039
5829.456055 1371.875000 85.653717 1617.069946
5829.671875 1371.875000 85.653717 1617.119995
5829.671875 1372.488647 85.653717 1617.790039
5829.671875 1372.695312 85.653717 1618.089966
5829.671875 1372.901855 85.653717 1618.150024
5829.671875 1373.512329 85.653717 1618.790039
5829.671875 1373.712891 85.653717 1619.079956
5829.687988 1373.712891 85.653717 1619.119995
5829.687988 1374.323608 85.653717 1619.780029
5829.687988 1374.730835 85.653717 1620.079956
5829.704102 1374.730835 85.653717 1620.119995
5829.720215 1375.351196 85.653717 1620.790039
5829.720215 1375.753418 85.653717 1621.089966
5829.751953 1375.753418 85.653717 1621.119995
5829.759766 1376.370483 85.653717 1621.790039
5829.759766 1376.576538 85.653717 1622.089966
5829.759766 1376.576538 85.653717 1622.119995
5829.759766 1377.184326 85.653717 1622.790039
5829.759766 1377.599365 85.653717 1623.089966
5829.784180 1377.599365 85.653717 1623.119995
5829.808105 1378.213867 85.653717 1623.790039
5829.808105 1378.419800 85.653717 1624.079956
5829.808105 1378.419800 85.653717 1624.130005
5830.551758 1379.033203 85.653717 1624.790039
5830.551758 1379.455688 85.653717 1625.069946
5831.512207 1379.455688 85.653717 1625.119995
5832.839844 1380.074341 85.653717 1625.790039
5832.839844 1380.274780 85.653717 1626.069946
5833.768066 1380.274780 85.653717 1626.119995
5834.983887 1380.883545 85.653717 1626.790039
5834.983887 1381.299316 85.653717 1627.079956
5835.136230 1381.299316 85.653717 1627.119995
5835.912109 1381.909546 85.653717 1627.790039
5835.912109 1382.117920 85.653717 1628.069946
5835.912109 1382.117920 85.653717 1628.119995
5836.576172 1382.732422 85.653717 1628.790039
5836.576172 1383.137085 85.653717 1629.060059
5836.583984 1383.137085 85.653717 1629.119995
5837.208008 1383.757202 85.653717 1629.790039
5837.208008 1383.963135 85.653717 1630.060059
5837.208008 1384.171387 85.653717 1630.119995
5837.824219 1384.791260 85.653717 1630.790039
5837.824219 1384.996094 85.653717 1631.089966
5837.824219 1384.996094 85.653717 1631.119995
5838.328125 1385.618896 85.653717 1631.790039
5838.328125 1386.027954 85.653717 1632.079956
5838.328125 1386.027954 85.653717 1632.119995
5838.631836 1386.632080 85.653717 1632.790039
5838.631836 1386.840332 85.653717 1633.079956
5838.640137 1387.048828 85.653717 1633.119995
5839.295898 1387.660278 85.653717 1633.790039
5839.295898 1387.865723 85.653717 1634.069946
5839.295898 1387.865723 85.653717 1634.119995
5840.520020 1388.482422 85.653717 1634.790039
5840.520020 1388.910400 85.653717 1635.079956
5840.567871 1388.910400 85.653717 1635.119995
5849.160156 1389.526123 85.653717 1635.790039
5849.160156 1389.729248 85.653717 1636.060059
5849.191895 1389.934570 85.653717 1636.119995
5856.936035 1390.542603 85.653717 1636.790039
5856.936035 1390.751099 85.653717 1637.089966
5856.936035 1390.751099 85.653717 1637.130005
5861.248047 1391.367920 85.653717 1637.780029
5861.248047 1391.779053 85.653717 1638.089966
5862.096191 1391.779053 85.653717 1638.119995
5865.791992 1392.396973 85.653717 1638.790039
5865.791992 1392.598511 85.653717 1639.069946
5867.728027 1392.598511 85.653717 1639.119995
5870.520020 1393.415894 85.653717 1639.790039
5870.520020 1393.617676 85.653717 1640.079956
5871.399902 1393.617676 85.653717 1640.119995
5873.744141 1394.234253 85.653717 1640.790039
5873.744141 1394.638062 85.653717 1641.089966
5873.888184 1394.638062 85.653717 1641.119995
5875.439941 1395.261108 85.653717 1641.790039
5875.448242 1395.465820 85.653717 1642.079956
5875.472168 1395.465820 85.653717 1642.119995
5876.631836 1396.075928 85.653717 1642.790039
5876.631836 1396.484131 85.653717 1643.069946
5876.655762 1396.484131 85.653717 1643.119995
5877.463867 1397.098511 85.653717 1643.790039
5877.479980 1397.304688 85.653717 1644.069946
5877.551758 1397.513550 85.653717 1644.130005
5878.344238 1398.137451 85.653717 1644.790039
5878.359863 1398.340454 85.653717 1645.079956
5878.383789 1398.340454 85.653717 1645.119995
5878.903809 1398.947021 85.653717 1645.790039
5878.912109 1399.152710 85.653717 1646.069946
5878.919922 1399.152710 85.653717 1646.119995
5879.872070 1399.766357 85.653717 1646.790039
5879.872070 1400.170776 85.653717 1647.079956
5879.872070 1400.170776 85.653717 1647.119995
5880.616211 1400.787354 85.653717 1647.790039
5880.616211 1400.989990 85.653717 1648.079956
5880.616211 1401.195312 85.653717 1648.119995
5881.288086 1401.813599 85.653717 1648.790039
5881.288086 1402.022339 85.653717 1649.079956
5881.295898 1402.022339 85.653717 1649.119995
5881.695801 1402.840088 85.653717 1649.790039
5881.695801 1403.044678 85.653717 1650.079956
5881.728027 1403.044678 85.653717 1650.119995
5882.144043 1403.650513 85.653717 1650.790039
5882.144043 1403.850830 85.653717 1651.079956
5882.160156 1404.051392 85.653717 1651.119995
5882.463867 1404.668091 85.653717 1651.790039
5882.463867 1404.876343 85.653717 1652.079956
5882.487793 1404.876343 85.653717 1652.119995
5882.848145 1405.491089 85.653717 1652.790039
5882.919922 1405.700073 85.653717 1653.069946
5882.959961 1405.700073 85.653717 1653.119995
5883.375977 1406.302856 85.653717 1653.790039
5883.375977 1406.716553 85.653717 1654.069946
5883.392090 1406.716553 85.653717 1654.140015
5883.567871 1407.334473 85.653717 1654.790039
5883.567871 1407.536255 85.653717 1655.089966
5883.583984 1407.536255 85.653717 1655.109985
5883.903809 1408.141235 85.653717 1655.790039
5883.919922 1408.347168 85.653717 1656.060059
5883.928223 1408.549194 85.653717 1656.119995
5884.208008 1409.158569 85.653717 1656.790039
5884.215820 1409.360718 85.653717 1657.089966
5884.215820 1409.360718 85.653717 1657.119995
5885.551758 1409.981079 85.653717 1657.790039
5885.551758 1410.386597 85.653717 1658.079956
5885.551758 1410.386597 85.653717 1658.119995
5889.215820 1410.993530 85.653717 1658.790039
5889.215820 1411.197998 85.653717 1659.060059
5889.224121 1411.404053 85.653717 1659.130005
5891.808105 1412.014648 85.653717 1659.800049
5891.808105 1412.221558 85.653717 1660.069946
5891.848145 1412.429932 85.653717 1660.119995
5895.647949 1413.050171 85.653717 1660.790039
5895.647949 1413.253174 85.653717 1661.069946
5895.671875 1413.253174 85.653717 1661.130005
5896.120117 1413.861084 85.653717 1661.790039
5896.136230 1414.070068 85.653717 1662.069946
5896.136230 1414.275635 85.653717 1662.119995
5896.144043 1414.895874 85.653717 1662.790039
5896.144043 1415.096680 85.653717 1663.069946
5896.144043 1415.096680 85.653717 1663.119995
5896.328125 1415.709351 85.653717 1663.790039
5896.328125 1416.118896 85.653717 1664.079956
5896.328125 1416.118896 85.653717 1664.119995
5896.751953 1416.731812 85.653717 1664.810059
5896.759766 1416.934448 85.653717 1665.089966
5896.768066 1416.934448 85.653717 1665.130005
5897.071777 1417.755127 85.653717 1665.790039
5897.071777 1417.958252 85.653717 1666.079956
5897.071777 1417.958252 85.653717 1666.119995
5897.096191 1418.580078 85.653717 1666.790039
5897.096191 1418.786133 85.653717 1667.089966
5897.096191 1418.994019 85.653717 1667.119995
5897.144043 1419.606812 85.653717 1667.790039
5897.151855 1419.810791 85.653717 1668.069946
5897.151855 1419.810791 85.653717 1668.109985
5897.175781 1420.422852 85.653717 1668.790039
5897.175781 1420.625488 85.653717 1669.069946
5897.175781 1420.832153 85.653717 1669.130005
5897.248047 1421.448730 85.653717 1669.790039
5897.255859 1421.651367 85.653717 1670.150024
5897.264160 1421.852051 85.653717 1670.180054
5897.304199 1422.255493 85.653717 1670.790039
5897.304199 1422.668457 85.653717 1671.069946
5897.312012 1422.668457 85.653717 1671.119995
5897.312012 1423.290039 85.653717 1671.790039
5897.328125 1423.498291 85.653717 1672.069946
5897.328125 1423.699097 85.653717 1672.119995
5897.335938 1424.313354 85.653717 1672.790039
5897.352051 1424.515381 85.653717 1673.079956
5897.368164 1424.515381 85.653717 1673.119995
5897.383789 1425.131958 85.653717 1673.790039
5897.383789 1425.535522 85.653717 1674.089966
5897.399902 1425.535522 85.653717 1674.130005
5897.399902 1426.155151 85.653717 1674.790039
5897.408203 1426.359497 85.653717 1675.079956
5897.408203 1426.560547 85.653717 1675.119995
5897.408203 1427.177246 85.653717 1675.790039
5897.408203 1427.381470 85.653717 1676.079956
5897.408203 1427.381470 85.653717 1676.119995
5897.416016 1427.998291 85.653717 1676.790039
5897.416016 1428.407959 85.653717 1677.079956
5897.416016 1428.407959 85.653717 1677.119995
5897.416016 1429.023926 85.653717 1677.790039
5897.416016 1429.224243 85.653717 1678.079956
5897.416016 1429.426392 85.653717 1678.119995
5897.416016 1430.033203 85.653717 1678.790039
5897.416016 1430.233154 85.653717 1679.079956
5897.416016 1430.233154 85.653717 1679.119995
5897.416016 1431.057495 85.653717 1679.790039
5897.416016 1431.263794 85.653717 1680.079956
5897.432129 1431.263794 85.653717 1680.119995
5897.463867 1431.883545 85.653717 1680.790039
5897.463867 1432.291504 85.653717 1681.069946
5897.472168 1432.291504 85.653717 1681.119995
5897.503906 1432.896240 85.653717 1681.790039
5897.503906 1433.306641 85.653717 1682.079956
5897.503906 1433.306641 85.653717 1682.109985
5897.503906 1433.916626 85.653717 1682.790039
5897.503906 1434.123291 85.653717 1683.069946
5897.512207 1434.123291 85.653717 1683.119995
5897.512207 1434.935913 85.653717 1683.790039
5897.512207 1435.137085 85.653717 1684.069946
5897.543945 1435.137085 85.653717 1684.119995
5897.543945 1435.945801 85.653717 1684.790039
5897.543945 1436.154663 85.653717 1685.089966
5897.583984 1436.154663 85.653717 1685.130005
5897.583984 1436.768311 85.653717 1685.790039
5897.583984 1437.183716 85.653717 1686.089966
5897.583984 1437.183716 85.653717 1686.119995
5897.583984 1437.805298 85.653717 1686.790039
5897.583984 1438.013672 85.653717 1687.079956
5897.671875 1438.214966 85.653717 1687.119995
5897.671875 1438.829468 85.653717 1687.810059
5897.671875 1439.036865 85.653717 1688.069946
5897.775879 1439.036865 85.653717 1688.119995
5897.775879 1439.649902 85.653717 1688.790039
5897.784180 1440.057129 85.653717 1689.079956
5897.791992 1440.057129 85.653717 1689.150024
5897.791992 1440.680908 85.653717 1689.790039
5897.791992 1440.889648 85.653717 1690.079956
5897.791992 1440.889648 85.653717 1690.119995
5897.791992 1441.505981 85.653717 1690.790039
5897.791992 1441.714600 85.653717 1691.079956
5897.799805 1441.915894 85.653717 1691.130005
5897.799805 1442.525391 85.653717 1691.800049
5897.799805 1442.733887 85.653717 1692.069946
5897.815918 1442.733887 85.653717 1692.140015
5897.824219 1443.351440 85.653717 1692.790039
5897.824219 1443.762207 85.653717 1693.089966
5897.832031 1443.762207 85.653717 1693.140015
5897.839844 1444.376831 85.653717 1693.790039
5897.839844 1444.583862 85.653717 1694.060059
5897.839844 1444.583862 85.653717 1694.119995
5897.839844 1445.206909 85.653717 1694.780029
5897.839844 1445.649780 85.653717 1695.079956
5897.839844 1445.649780 85.653717 1695.119995
5897.839844 1446.280151 85.653717 1695.790039
5897.839844 1446.487427 85.653717 1696.089966
5897.839844 1446.487427 85.653717 1696.140015
5897.839844 1447.098511 85.653717 1696.790039
5897.839844 1447.506714 85.653717 1697.069946
5897.872070 1447.506714 85.653717 1697.119995
5897.872070 1448.120239 85.653717 1697.790039
5897.872070 1448.324341 85.653717 1698.079956
5897.872070 1448.324341 85.653717 1698.119995
5897.872070 1448.940308 85.653717 1698.790039
5897.872070 1449.352173 85.653717 1699.060059
5897.903809 1449.352173 85.653717 1699.130005
5897.903809 1449.966553 85.653717 1699.790039
5897.903809 1450.375732 85.653717 1700.089966
5897.976074 1450.375732 85.653717 1700.140015
5897.976074 1450.980591 85.653717 1700.790039
5897.976074 1451.189697 85.653717 1701.069946
5898.071777 1451.189697 85.653717 1701.119995
5898.071777 1452.016724 85.653717 1701.790039
5898.071777 1452.224365 85.653717 1702.079956
5898.151855 1452.224365 85.653717 1702.119995
5898.151855 1452.862183 85.653717 1702.790039
5898.151855 1453.272949 85.653717 1703.069946
5898.151855 1453.272949 85.653717 1703.119995
5898.151855 1453.882080 85.653717 1703.790039
5898.151855 1454.083618 85.653717 1704.089966
5898.167969 1454.083618 85.653717 1704.140015
5898.167969 1454.702637 85.653717 1704.790039
5898.167969 1455.119019 85.653717 1705.089966
5898.167969 1455.119019 85.653717 1705.130005
5898.167969 1455.731079 85.653717 1705.790039
5898.167969 1455.931641 85.653717 1706.069946
5898.248047 1456.134033 85.653717 1706.150024
5898.248047 1456.745483 85.653717 1706.790039
5898.248047 1456.946045 85.653717 1707.079956
5898.279785 1456.946045 85.653717 1707.119995
5898.279785 1457.562744 85.653717 1707.790039
5898.279785 1457.972168 85.653717 1708.079956
5898.392090 1457.972168 85.653717 1708.119995
5898.399902 1458.580078 85.653717 1708.810059
5898.399902 1458.784668 85.653717 1709.089966
5898.448242 1458.990479 85.653717 1709.130005
5898.448242 1459.616821 85.653717 1709.790039
5898.448242 1459.817261 85.653717 1710.089966
5898.472168 1459.817261 85.653717 1710.119995
5898.472168 1460.638794 85.653717 1710.790039
5898.472168 1460.843018 85.653717 1711.089966
5898.536133 1460.843018 85.653717 1711.119995
5898.600098 1461.452637 85.653717 1711.800049
5898.600098 1461.658569 85.653717 1712.079956
5898.655762 1461.866943 85.653717 1712.119995
5898.744141 1462.486938 85.653717 1712.790039
5898.744141 1462.689575 85.653717 1713.089966
5898.759766 1462.689575 85.653717 1713.130005
5898.784180 1463.310669 85.653717 1713.790039
5898.784180 1463.518066 85.653717 1714.079956
5898.791992 1463.726562 85.653717 1714.140015
5898.799805 1464.341064 85.653717 1714.790039
5898.799805 1464.545898 85.653717 1715.089966
5898.799805 1464.545898 85.653717 1715.119995
5898.799805 1465.360352 85.653717 1715.800049
5898.799805 1465.568359 85.653717 1716.089966
5898.799805 1465.568359 85.653717 1716.140015
5898.815918 1466.184082 85.653717 1716.800049
5898.815918 1466.389404 85.653717 1717.079956
5898.815918 1466.589478 85.653717 1717.119995
5898.824219 1467.203979 85.653717 1717.790039
5898.824219 1467.411133 85.653717 1718.079956
5898.824219 1467.411133 85.653717 1718.119995
5898.848145 1468.026489 85.653717 1718.790039
5898.848145 1468.437256 85.653717 1719.089966
5898.848145 1468.437256 85.653717 1719.140015
5898.848145 1469.047607 85.653717 1719.800049
5898.848145 1469.247925 85.653717 1720.069946
5898.848145 1469.247925 85.653717 1720.119995
5898.848145 1469.865234 85.653717 1720.790039
5898.848145 1470.277710 85.653717 1721.089966
5898.848145 1470.277710 85.653717 1721.130005
5898.863770 1470.896606 85.653717 1721.790039
5898.863770 1471.098145 85.653717 1722.089966
5898.863770 1471.302002 85.653717 1722.140015
5898.888184 1471.911621 85.653717 1722.790039
5898.895996 1472.113892 85.653717 1723.089966
5898.895996 1472.113892 85.653717 1723.130005
5898.895996 1472.727173 85.653717 1723.810059
5898.895996 1473.142456 85.653717 1724.069946
5898.895996 1473.142456 85.653717 1724.119995
5898.919922 1473.754395 85.653717 1724.790039
5898.919922 1474.163818 85.653717 1725.089966
5898.919922 1474.163818 85.653717 1725.130005
5899.007812 1474.785522 85.653717 1725.800049
5899.007812 1474.986938 85.653717 1726.069946
5899.007812 1474.986938 85.653717 1726.119995
5899.016113 1475.603882 85.653717 1726.790039
5899.016113 1476.008301 85.653717 1727.079956
5899.016113 1476.008301 85.653717 1727.130005
5899.040039 1476.624512 85.653717 1727.790039
5899.040039 1477.029297 85.653717 1728.089966
5899.040039 1477.029297 85.653717 1728.160034
5899.120117 1477.653564 85.653717 1728.790039
5899.127930 1477.860107 85.653717 1729.089966
5899.127930 1477.860107 85.653717 1729.119995
5899.240234 1478.478149 85.653717 1729.790039
5899.255859 1478.902466 85.653717 1730.079956
5899.255859 1478.902466 85.653717 1730.130005
5899.312012 1479.517334 85.653717 1730.780029
5899.312012 1479.722046 85.653717 1731.089966
5899.312012 1479.722046 85.653717 1731.130005
5899.352051 1480.559814 85.653717 1731.790039
5899.352051 1480.766846 85.653717 1732.089966
5899.352051 1480.766846 85.653717 1732.119995
5899.399902 1481.374756 85.653717 1732.790039
5899.408203 1481.777954 85.653717 1733.089966
5899.408203 1481.777954 85.653717 1733.160034
5899.463867 1482.399414 85.653717 1733.790039
5899.463867 1482.608643 85.653717 1734.079956
5899.463867 1482.608643 85.653717 1734.130005
5899.479980 1483.221924 85.653717 1734.800049
5899.479980 1483.630493 85.653717 1735.089966
5899.479980 1483.630493 85.653717 1735.140015
5899.496094 1484.250366 85.653717 1735.790039
5899.503906 1484.455078 85.653717 1736.089966
5899.503906 1484.455078 85.653717 1736.130005
5899.520020 1485.060303 85.653717 1736.790039
5899.520020 1485.267944 85.653717 1737.060059
5899.520020 1485.473755 85.653717 1737.119995
5899.551758 1486.082397 85.653717 1737.790039
5899.551758 1486.284546 85.653717 1738.089966
5899.551758 1486.284546 85.653717 1738.160034
5899.567871 1486.896851 85.653717 1738.800049
5899.567871 1487.307739 85.653717 1739.079956
5899.567871 1487.307739 85.653717 1739.119995
5899.567871 1487.919312 85.653717 1739.790039
5899.567871 1488.122803 85.653717 1740.079956
5899.567871 1488.329346 85.653717 1740.119995
5899.607910 1488.943359 85.653717 1740.790039
5899.607910 1489.150146 85.653717 1741.089966
5899.607910 1489.150146 85.653717 1741.140015
5899.624023 1489.757568 85.653717 1741.790039
5899.624023 1489.966919 85.653717 1742.069946
5899.624023 1490.175415 85.653717 1742.119995
5899.624023 1490.784668 85.653717 1742.790039
5899.624023 1490.991577 85.653717 1743.089966
5899.624023 1490.991577 85.653717 1743.119995
5899.640137 1491.824463 85.653717 1743.810059
5899.640137 1492.024536 85.653717 1744.089966
5899.640137 1492.024536 85.653717 1744.119995
5899.647949 1492.833252 85.653717 1744.790039
5899.655762 1493.033691 85.653717 1745.089966
5899.655762 1493.033691 85.653717 1745.119995
5899.671875 1493.653442 85.653717 1745.800049
5899.680176 1494.064087 85.653717 1746.069946
5899.680176 1494.064087 85.653717 1746.130005
5899.695801 1494.670532 85.653717 1746.790039
5899.695801 1494.872437 85.653717 1747.069946
5899.695801 1495.077026 85.653717 1747.140015
5899.711914 1495.697021 85.653717 1747.790039
5899.711914 1495.902100 85.653717 1748.079956
5899.711914 1495.902100 85.653717 1748.119995
5899.728027 1496.506592 85.653717 1748.800049
5899.728027 1496.713623 85.653717 1749.069946
5899.728027 1496.913940 85.653717 1749.140015
5899.768066 1497.525879 85.653717 1749.790039
5899.768066 1497.727661 85.653717 1750.069946
5899.768066 1497.929199 85.653717 1750.130005
5899.799805 1498.543579 85.653717 1750.790039
5899.799805 1498.752686 85.653717 1751.079956
5899.799805 1498.752686 85.653717 1751.119995
5899.808105 1499.361084 85.653717 1751.790039
5899.808105 1499.772095 85.653717 1752.089966
5899.808105 1499.772095 85.653717 1752.130005
5899.855957 1500.379761 85.653717 1752.800049
5899.855957 1500.583130 85.653717 1753.079956
5899.855957 1500.583130 85.653717 1753.119995
5899.872070 1501.193726 85.653717 1753.790039
5899.888184 1501.599121 85.653717 1754.079956
5899.888184 1501.599121 85.653717 1754.119995
5899.903809 1502.006348 85.653717 1754.790039
5899.903809 1502.006348 85.653717 1755.069946
5899.903809 1502.006348 85.653717 1755.140015
5899.928223 1502.006348 85.653717 1755.790039
5899.936035 1502.006348 85.653717 1756.079956
5899.936035 1502.006348 85.653717 1756.119995
5899.992188 1502.006348 85.653717 1756.790039
5900.000000 1502.006348 85.653717 1757.089966
5900.000000 1502.006348 85.653717 1757.130005
5900.016113 1502.006348 85.653717 1757.780029
5900.016113 1502.006348 85.653717 1758.069946
5900.016113 1502.006348 85.653717 1758.119995
5900.047852 1502.006348 85.653717 1758.800049
5900.047852 1502.006348 85.653717 1759.089966
5900.047852 1502.006348 85.653717 1759.119995
5900.071777 1502.006348 85.653717 1759.790039
5900.120117 1502.006348 85.653717 1760.069946
5900.127930 1502.006348 85.653717 1760.140015
5900.144043 1502.006348 85.653717 1760.790039
5900.144043 1502.006348 85.653717 1761.089966
5900.151855 1502.006348 85.653717 1761.130005
5900.167969 1502.006348 85.653717 1761.790039
5900.200195 1502.006348 85.653717 1762.060059
5900.208008 1502.006348 85.653717 1762.119995
5900.248047 1502.006348 85.653717 1762.800049
5900.271973 1502.006348 85.653717 1763.079956
5900.271973 1502.006348 85.653717 1763.119995
5900.288086 1502.006348 85.653717 1763.790039
5900.304199 1502.006348 85.653717 1764.060059
5900.312012 1502.006348 85.653717 1764.130005
5900.328125 1502.006348 85.653717 1764.790039
5900.335938 1502.006348 85.653717 1765.089966
5900.344238 1502.006348 85.653717 1765.119995
5900.352051 1502.006348 85.653717 1765.800049
5900.375977 1502.006348 85.653717 1766.089966
5900.383789 1502.006348 85.653717 1766.130005
5900.399902 1502.006348 85.653717 1766.819946
5900.408203 1502.006348 85.653717 1767.089966
5900.408203 1502.006348 85.653717 1767.119995
5900.408203 1502.006348 85.653717 1767.800049
5900.416016 1502.006348 85.653717 1768.079956
5900.423828 1502.006348 85.653717 1768.119995
5900.439941 1502.006348 85.653717 1768.800049
5900.448242 1502.006348 85.653717 1769.079956
5900.448242 1502.006348 85.653717 1769.119995
5900.463867 1502.006348 85.653717 1769.790039
5900.479980 1502.006348 85.653717 1770.060059
5900.479980 1502.006348 85.653717 1770.119995
5900.496094 1502.006348 85.653717 1770.800049
5900.503906 1502.006348 85.653717 1771.089966
5900.503906 1502.006348 85.653717 1771.119995
5900.520020 1502.006348 85.653717 1771.790039
5900.527832 1502.006348 85.653717 1772.089966
5900.527832 1502.006348 85.653717 1772.130005
5900.536133 1502.006348 85.653717 1772.790039
5900.536133 1502.006348 85.653717 1773.079956
5900.536133 1502.006348 85.653717 1773.119995
5900.536133 1502.006348 85.653717 1773.800049
5900.576172 1502.006348 85.653717 1774.079956
5900.576172 1502.006348 85.653717 1774.119995
5900.576172 1502.006348 85.653717 1774.790039
5900.583984 1502.006348 85.653717 1775.079956
5900.583984 1502.006348 85.653717 1775.109985
5900.583984 1502.006348 85.653717 1775.790039
5900.583984 1502.006348 85.653717 1776.079956
5900.591797 1502.006348 85.653717 1776.119995
5900.591797 1502.006348 85.653717 1776.790039
5900.647949 1502.006348 85.653717 1777.089966
5900.647949 1502.006348 85.653717 1777.150024
5900.664062 1502.006348 85.653717 1777.800049
5900.664062 1502.006348 85.653717 1778.069946
5900.664062 1502.006348 85.653717 1778.119995
5900.671875 1502.006348 85.653717 1778.790039
5900.680176 1502.006348 85.653717 1779.069946
5900.680176 1502.006348 85.653717 1779.119995
5900.704102 1502.006348 85.653717 1779.790039
5900.711914 1502.006348 85.653717 1780.089966
5900.720215 1502.006348 85.653717 1780.119995
5900.735840 1502.006348 85.653717 1780.790039
5900.768066 1502.006348 85.653717 1781.089966
5900.768066 1502.006348 85.653717 1781.140015
5900.791992 1502.006348 85.653717 1781.819946
5900.799805 1502.006348 85.653717 1782.069946
5900.799805 1502.006348 85.653717 1782.119995
5900.872070 1502.006348 85.653717 1782.790039
5900.928223 1502.006348 85.653717 1783.089966
5900.928223 1502.006348 85.653717 1783.160034
5900.952148 1502.006348 85.653717 1783.790039
5900.983887 1502.006348 85.653717 1784.069946
5900.983887 1502.006348 85.653717 1784.119995
5900.992188 1502.006348 85.653717 1784.790039
5901.063965 1502.006348 85.653717 1785.079956
5901.063965 1502.006348 85.653717 1785.130005
5901.063965 1502.006348 85.653717 1785.790039
5901.104004 1502.006348 85.653717 1786.089966
5901.104004 1502.006348 85.653717 1786.130005
5901.127930 1502.006348 85.653717 1786.790039
5901.151855 1502.006348 85.653717 1787.089966
5901.151855 1502.006348 85.653717 1787.130005
5901.151855 1502.006348 85.653717 1787.790039
5901.175781 1502.006348 85.653717 1788.079956
5901.175781 1502.006348 85.653717 1788.119995
5901.175781 1502.006348 85.653717 1788.790039
5901.200195 1502.006348 85.653717 1789.069946
5901.208008 1502.006348 85.653717 1789.119995
5901.224121 1502.006348 85.653717 1789.790039
5901.240234 1502.006348 85.653717 1790.079956
5901.240234 1502.006348 85.653717 1790.130005
5901.240234 1502.006348 85.653717 1790.800049
5901.264160 1502.006348 85.653717 1791.069946
5901.264160 1502.006348 85.653717 1791.130005
5901.271973 1502.006348 85.653717 1791.790039
5901.288086 1502.006348 85.653717 1792.079956
5901.288086 1502.006348 85.653717 1792.119995
5901.295898 1502.006348 85.653717 1792.790039
5901.368164 1502.006348 85.653717 1793.089966
5901.368164 1502.006348 85.653717 1793.130005
5901.383789 1502.006348 85.653717 1793.790039
5901.399902 1502.006348 85.653717 1794.089966
5901.399902 1502.006348 85.653717 1794.130005
5901.408203 1502.006348 85.653717 1794.800049
5901.423828 1502.006348 85.653717 1795.079956
5901.423828 1502.006348 85.653717 1795.119995
5901.448242 1502.006348 85.653717 1795.790039
5901.456055 1502.006348 85.653717 1796.079956
5901.456055 1502.006348 85.653717 1796.130005
5901.479980 1502.006348 85.653717 1796.810059
5901.496094 1502.006348 85.653717 1797.089966
5901.496094 1502.006348 85.653717 1797.140015
5901.496094 1502.006348 85.653717 1797.790039
5901.503906 1502.006348 85.653717 1798.079956
5901.503906 1502.006348 85.653717 1798.119995
5901.503906 1502.006348 85.653717 1798.790039
5901.512207 1502.006348 85.653717 1799.079956
5901.512207 1502.006348 85.653717 1799.119995
5901.536133 1502.006348 85.653717 1799.790039
5901.543945 1502.006348 85.653717 1800.079956
5901.543945 1502.006348 85.653717 1800.119995
5901.543945 1502.006348 85.653717 1800.790039
5901.543945 1502.006348 85.653717 1801.089966
5901.543945 1502.006348 85.653717 1801.130005
5901.567871 1502.006348 85.653717 1801.790039
5901.583984 1502.006348 85.653717 1802.089966
5901.583984 1502.006348 85.653717 1802.130005
5901.583984 1502.006348 85.653717 1802.790039
5901.583984 1502.006348 85.653717 1803.079956
5901.583984 1502.006348 85.653717 1803.119995
5901.583984 1502.006348 85.653717 1803.800049
5901.600098 1502.006348 85.653717 1804.089966
5901.600098 1502.006348 85.653717 1804.150024
5901.600098 1502.006348 85.653717 1804.790039
5901.607910 1502.006348 85.653717 1805.079956
5901.607910 1502.006348 85.653717 1805.109985
5901.616211 1502.006348 85.653717 1805.790039
5901.616211 1502.006348 85.653717 1806.089966
5901.616211 1502.006348 85.653717 1806.119995
5901.631836 1502.006348 85.653717 1806.790039
5901.647949 1502.006348 85.653717 1807.069946
5901.647949 1502.006348 85.653717 1807.119995
5901.664062 1502.006348 85.653717 1807.790039
5901.671875 1502.006348 85.653717 1808.079956
5901.671875 1502.006348 85.653717 1808.119995
5901.671875 1502.006348 85.653717 1808.790039
5901.671875 1502.006348 85.653717 1809.060059
5901.671875 1502.006348 85.653717 1809.119995
5901.671875 1502.006348 85.653717 1809.790039
5901.671875 1502.006348 85.653717 1810.089966
5901.671875 1502.006348 85.653717 1810.119995
5901.680176 1502.006348 85.653717 1810.800049
5901.759766 1502.006348 85.653717 1811.089966
5901.759766 1502.006348 85.653717 1811.119995
5901.768066 1502.006348 85.653717 1811.790039
5901.791992 1502.006348 85.653717 1812.089966
5901.791992 1502.006348 85.653717 1812.130005
5901.791992 1502.006348 85.653717 1812.790039
5901.799805 1502.006348 85.653717 1813.089966
5901.799805 1502.006348 85.653717 1813.130005
5901.799805 1502.006348 85.653717 1813.790039
5901.799805 1502.006348 85.653717 1814.089966
5901.799805 1502.006348 85.653717 1814.140015
5901.799805 1502.006348 85.653717 1814.790039
5901.808105 1502.006348 85.653717 1815.079956
5901.808105 1502.006348 85.653717 1815.130005
5901.815918 1502.006348 85.653717 1815.819946
5901.815918 1502.006348 85.653717 1816.089966
5901.815918 1502.006348 85.653717 1816.119995
5901.815918 1502.006348 85.653717 1816.790039
5901.815918 1502.006348 85.653717 1817.089966
5901.815918 1502.006348 85.653717 1817.140015
5901.824219 1502.006348 85.653717 1817.790039
5901.839844 1502.006348 85.653717 1818.089966
5901.839844 1502.006348 85.653717 1818.150024
5901.839844 1502.006348 85.653717 1818.800049
5901.839844 1502.006348 85.653717 1819.089966
5901.839844 1502.006348 85.653717 1819.130005
5901.839844 1502.006348 85.653717 1819.790039
5901.839844 1502.006348 85.653717 1820.079956
5901.839844 1502.006348 85.653717 1820.119995
5901.839844 1502.006348 85.653717 1820.790039
5901.848145 1502.006348 85.653717 1821.079956
5901.848145 1502.006348 85.653717 1821.119995
5901.855957 1502.006348 85.653717 1821.790039
5901.855957 1502.006348 85.653717 1822.060059
5901.855957 1502.006348 85.653717 1822.119995
5901.855957 1502.006348 85.653717 1822.800049
5901.855957 1502.006348 85.653717 1823.089966
5901.855957 1502.006348 85.653717 1823.140015
5901.855957 1502.006348 85.653717 1823.780029
5901.855957 1502.006348 85.653717 1824.089966
5901.855957 1502.006348 85.653717 1824.119995
5901.855957 1502.006348 85.653717 1824.810059
5901.855957 1502.006348 85.653717 1825.079956
5901.855957 1502.006348 85.653717 1825.119995
5901.855957 1502.006348 85.653717 1825.810059
5901.855957 1502.006348 85.653717 1826.069946
5901.855957 1502.006348 85.653717 1826.130005
