0.000004 -0.000002 0.432678 -0.000000 -0.000000 -0.000000 0.000000
0.000006 -0.000003 0.636894 -0.000000 -0.000001 -0.000000 0.270000
0.000007 -0.000003 0.842367 -0.000001 -0.000001 -0.000000 0.490000
0.000007 -0.000003 1.048774 -0.000000 -0.000001 -0.000000 0.690000
0.000007 -0.000003 1.255265 -0.000000 -0.000001 -0.000000 0.880000
0.000007 -0.000003 1.466129 -0.000000 -0.000000 -0.000000 1.070000
0.000004 -0.000001 1.676866 -0.000024 -0.000025 -0.000012 1.260000
-0.000005 0.000008 1.884403 0.000011 0.000011 -0.000022 1.450000
-0.000011 0.000014 2.088131 0.000016 0.000016 -0.000029 1.640000
-0.000011 0.000014 2.296443 0.000009 0.000010 -0.000033 1.840000
-0.000007 0.000010 2.500923 0.000003 0.000003 -0.000034 2.090000
0.000005 -0.000003 2.294849 -0.000003 -0.000002 -0.000021 2.930000
0.000006 -0.000004 2.088610 -0.000001 -0.000001 -0.000017 3.130000
0.000006 -0.000004 1.880307 -0.000001 -0.000000 -0.000013 3.310000
0.000006 -0.000003 1.673587 -0.000000 -0.000000 -0.000009 3.480000
0.000006 -0.000003 1.464187 0.000000 0.000000 -0.000006 3.650000
0.000027 -0.000003 1.258217 -0.000001 0.004760 -0.000003 3.820000
0.002871 -0.000001 1.057702 -0.000076 0.050405 -0.000002 4.000000
0.033717 0.000058 0.852284 -0.000442 0.111656 -0.000011 4.230000
0.157212 0.000507 0.688703 -0.000852 0.121894 0.000002 4.520000
0.350595 0.001489 0.622615 -0.000745 0.093665 0.000097 4.780000
0.553437 0.002675 0.609081 -0.000288 0.000597 0.000274 5.000000
0.754738 0.003981 0.621050 0.000458 -0.085285 0.000466 5.230000
0.951913 0.005202 0.658689 0.000863 -0.122809 0.000654 5.570000
1.155453 0.019449 0.636931 -0.007098 0.124941 0.017102 6.490000
1.354830 0.035395 0.607719 -0.004131 0.102719 0.029217 6.780000
1.553055 0.050683 0.583959 -0.001672 0.075822 0.038522 7.000000
1.755078 0.065776 0.562394 0.000050 0.044336 0.046459 7.200000
1.953873 0.080140 0.542945 0.004121 0.008297 0.052755 7.390000
2.157874 0.092774 0.525494 0.018675 0.001886 0.056632 7.590000
2.363471 0.097859 0.511697 0.028270 0.008211 0.056448 7.800000
2.571494 0.090670 0.502498 0.026185 0.001358 0.050502 8.020000
2.771051 0.071793 0.497879 0.021063 0.013683 0.039417 8.240000
2.976026 0.042996 0.496871 0.013718 0.028672 0.022193 8.470000
3.175151 0.010604 0.498316 0.006329 0.034373 0.001365 8.690000
3.379382 -0.023105 0.500962 0.000232 0.021394 -0.022226 8.910000
3.584004 -0.055554 0.503809 -0.002946 0.020913 -0.046515 9.130000
3.788069 -0.085563 0.506396 -0.003355 0.022873 -0.069796 9.350000
3.991569 -0.113185 0.508355 -0.002686 0.013637 -0.090777 9.570000
4.191867 -0.138823 0.509622 -0.001548 0.023467 -0.108771 9.790000
4.392058 -0.163530 0.510347 -0.000648 0.015257 -0.123331 10.010000
4.598763 -0.188706 0.510520 0.000000 0.012898 -0.135236 10.240000
4.801115 -0.213470 0.510295 0.000965 0.018306 -0.144061 10.470000
5.002090 -0.238747 0.509913 0.001285 0.033058 -0.149967 10.700000
5.208196 -0.265690 0.509708 0.000710 0.039316 -0.153317 10.930000
5.413200 -0.293263 0.509660 0.000098 0.038747 -0.154502 11.150000
5.615480 -0.320871 0.509639 -0.000271 0.032868 -0.154518 11.360000
5.821666 -0.349174 0.509558 0.000743 0.025823 -0.155257 11.570000
6.028558 -0.378468 0.509427 0.010049 0.020623 -0.158264 11.780000
6.233565 -0.411816 0.509299 0.017042 0.023397 -0.164729 11.990000
6.436817 -0.451971 0.509192 0.017683 0.021673 -0.174977 12.200000
6.638254 -0.499073 0.509064 0.014773 0.026136 -0.187882 12.410000
6.839119 -0.551928 0.509021 0.009778 0.014893 -0.202646 12.620000
7.035765 -0.607554 0.508828 0.004845 0.006621 -0.216784 12.830000
7.234831 -0.665982 0.508683 0.001630 0.016163 -0.228150 13.050000
7.430018 -0.723196 0.508593 -0.011214 0.010878 -0.234458 13.270000
7.630723 -0.775878 0.508486 -0.024652 0.023347 -0.234448 13.500000
7.833802 -0.816629 0.508679 -0.025525 0.014951 -0.226578 13.730000
8.037838 -0.844849 0.508895 -0.020512 0.023298 -0.212606 13.960000
8.244494 -0.863918 0.509050 -0.013895 0.031597 -0.193202 14.190000
8.447621 -0.877513 0.509180 -0.008147 0.035909 -0.171445 14.410000
8.647639 -0.888926 0.509401 -0.003680 0.034695 -0.149785 14.620000
8.850216 -0.900139 0.509074 0.001293 -0.026112 -0.128764 14.830000
9.054383 -0.911196 0.507918 0.005438 -0.100439 -0.107181 15.070000
9.255610 -0.922594 0.505527 0.000641 -0.100472 -0.077194 15.510000
9.356057 -0.823678 0.650767 -0.061814 0.063926 -0.044963 16.270000
9.463239 -0.709085 0.783188 -0.046910 0.056910 -0.025853 16.549999
9.579354 -0.594222 0.911059 -0.024402 0.034811 -0.007407 16.780001
9.696663 -0.482995 1.036805 -0.015735 0.025707 0.007711 16.990000
9.819350 -0.371428 1.160466 0.017389 0.029082 0.020165 17.200001
9.955707 -0.267874 1.270081 0.057362 0.058070 0.031042 17.420000
10.125866 -0.187569 1.356078 0.067660 0.056951 0.037861 17.660000
10.317277 -0.144405 1.406075 0.048695 0.044454 0.042007 17.900000
10.523355 -0.127762 1.426912 0.021738 0.048444 0.047774 18.139999
10.725110 -0.122963 1.428080 0.003628 0.043750 0.054305 18.360001
10.926806 -0.119489 1.419839 -0.006003 0.038519 0.061370 18.570000
11.134386 -0.112919 1.407281 -0.009268 0.016436 0.068719 18.780001
11.338256 -0.102506 1.394314 -0.007584 -0.008078 0.075552 18.990000
11.539088 -0.088911 1.383510 -0.004195 0.011013 0.080966 19.209999
11.742565 -0.072967 1.377265 -0.001267 0.013255 0.084576 19.440001
11.942544 -0.056540 1.376515 0.000220 0.023094 0.084535 19.670000
12.143083 -0.040180 1.380511 0.003783 0.025887 0.079604 19.900000
12.346742 -0.025802 1.386447 0.012657 0.031642 0.069769 20.129999
12.546542 -0.017432 1.391940 0.015943 0.036356 0.056220 20.350000
12.753153 -0.015746 1.396136 0.014585 0.037025 0.041187 20.570000
12.956450 -0.019685 1.398817 0.007479 0.031611 0.028377 20.780001
13.163339 -0.026069 1.401567 -0.003413 0.027217 0.018782 20.990000
13.371668 -0.030656 1.405332 -0.009481 0.019144 0.013220 21.200001
13.577569 -0.031074 1.410271 -0.010418 0.006551 0.010603 21.410000
13.786531 -0.026777 1.417071 -0.009281 0.017364 0.008160 21.629999
13.991776 -0.018486 1.425013 -0.002974 0.009860 0.004641 21.850000
14.192327 -0.009486 1.431235 0.009475 0.020645 -0.001133 22.070000
14.401048 -0.005007 1.433897 0.015622 0.024714 -0.010367 22.299999
14.601233 -0.008103 1.432200 0.014736 0.015534 -0.021671 22.520000
14.808192 -0.018462 1.426290 0.010906 0.029609 -0.034128 22.750000
15.007815 -0.033382 1.417966 0.006312 0.018178 -0.045858 22.969999
15.215652 -0.051762 1.407017 0.002812 0.024086 -0.054912 23.200001
15.415166 -0.070349 1.395937 -0.002835 0.029119 -0.058760 23.420000
15.618155 -0.087249 1.388430 -0.013093 0.033932 -0.057216 23.639999
15.826606 -0.098303 1.387310 -0.017257 0.033812 -0.050264 23.860001
16.030703 -0.101696 1.392727 -0.016060 0.032299 -0.041039 24.070000
16.238743 -0.098708 1.403789 -0.012013 0.027062 -0.032269 24.280001
16.447371 -0.091376 1.417584 -0.000132 0.008262 -0.025901 24.490000
16.650312 -0.084556 1.428551 0.015261 0.012071 -0.023707 24.700001
16.857779 -0.084444 1.433799 0.021901 0.013161 -0.026954 24.920000
17.060398 -0.094179 1.431792 0.020196 0.011008 -0.035201 25.139999
17.267015 -0.113730 1.422134 0.014861 0.021044 -0.047502 25.370001
17.468784 -0.139768 1.407505 0.005915 -0.043729 -0.063045 25.600000
17.667044 -0.170822 1.391966 -0.009206 -0.144082 -0.081402 25.879999
17.865456 -0.206172 1.365666 0.000962 0.118536 -0.117431 26.680000
18.065516 -0.234945 1.361974 -0.001188 0.105609 -0.127840 27.020000
18.266230 -0.262005 1.360698 -0.004475 0.070075 -0.133035 27.260000
18.465645 -0.286373 1.359534 -0.018929 0.043495 -0.134614 27.469999
18.674950 -0.304406 1.358186 -0.027592 0.029679 -0.131905 27.680000
18.877087 -0.311909 1.356358 -0.024713 0.005081 -0.124678 27.879999
19.083612 -0.309766 1.353712 -0.019663 0.007029 -0.113235 28.090000
19.284027 -0.299850 1.350551 -0.013655 0.010386 -0.097223 28.299999
19.488194 -0.284348 1.347396 -0.006196 0.006500 -0.076330 28.520000
19.694971 -0.266154 1.345514 -0.001408 0.023629 -0.051846 28.750000
19.902304 -0.248664 1.346027 0.000393 0.033400 -0.025892 28.980000
20.106064 -0.233347 1.348907 0.000984 0.037958 -0.000368 29.200001
20.306999 -0.219881 1.353327 0.000931 0.027402 0.024116 29.410000
20.509615 -0.207093 1.357244 -0.001980 0.014553 0.047684 29.620001
20.718584 -0.193129 1.358374 -0.004765 0.021558 0.070137 29.840000
20.926527 -0.177075 1.355462 -0.005543 0.027482 0.088920 30.059999
21.126556 -0.159164 1.348895 -0.004816 0.030698 0.101411 30.270000
21.329084 -0.138903 1.339324 -0.001722 0.020238 0.107365 30.480000
21.530233 -0.118349 1.329023 0.009343 0.009579 0.106358 30.690001
21.736082 -0.101486 1.320209 0.017947 0.020262 0.097751 30.910000
21.940054 -0.092692 1.314774 0.018399 0.008787 0.082226 31.129999
22.148788 -0.092502 1.312805 0.015454 0.023156 0.063928 31.360001
22.357737 -0.099396 1.314358 0.009492 0.020391 0.046780 31.590000
22.557564 -0.109519 1.318196 -0.000507 0.020753 0.033113 31.809999
22.766302 -0.119062 1.323855 -0.007268 0.030812 0.022006 32.040001
22.968445 -0.124194 1.329823 -0.008904 0.016079 0.014470 32.259998
23.168705 -0.124917 1.335724 -0.007695 0.022554 0.009118 32.480000
23.368879 -0.121990 1.341270 -0.005190 0.019565 0.005669 32.700001
23.577370 -0.116524 1.345566 -0.001850 0.021034 0.003689 32.930000
23.785725 -0.110323 1.347694 0.000298 0.034274 0.003063 33.160000
23.990091 -0.104735 1.347671 0.001090 0.036211 0.003474 33.380001
24.191063 -0.100054 1.345960 0.001153 0.035321 0.004541 33.590000
24.396381 -0.096047 1.343084 0.002691 0.020951 0.005728 33.799999
24.601082 -0.093438 1.339852 0.007272 0.018305 0.005586 34.009998
24.803711 -0.093882 1.337089 0.009249 0.019925 0.002810 34.220001
25.003948 -0.098081 1.335094 0.008198 0.008007 -0.002527 34.430000
25.208040 -0.105955 1.333726 0.006076 0.018693 -0.009092 34.650002
25.410021 -0.116266 1.330999 0.002930 0.025936 -0.015968 34.869999
25.613747 -0.127620 1.324597 0.000270 0.030814 -0.022598 35.090000
25.819916 -0.138841 1.314051 -0.001359 0.015093 -0.028591 35.310001
26.023651 -0.149140 1.299395 -0.001807 0.022905 -0.033742 35.529999
26.225998 -0.158410 1.281809 -0.001603 -0.011121 -0.037845 35.750000
26.426352 -0.166822 1.262858 -0.000717 -0.086392 -0.041137 35.990002
26.625870 -0.174329 1.243587 0.001252 -0.053130 -0.042708 36.470001
26.831341 -0.164193 1.251226 -0.015027 0.109428 -0.013561 37.180000
27.031300 -0.146377 1.267886 -0.009267 0.087899 0.006880 37.450001
27.229931 -0.127574 1.283066 -0.001680 0.048050 0.023973 37.669998
27.432192 -0.109256 1.296446 0.005878 0.036530 0.037908 37.880001
27.639986 -0.093561 1.307079 0.008837 0.022719 0.048063 38.090000
27.847214 -0.081776 1.314211 0.008162 0.007833 0.054325 38.299999
28.048758 -0.073718 1.318033 0.006255 0.017136 0.057469 38.509998
28.256752 -0.068078 1.319241 0.004706 0.012494 0.057491 38.730000
28.460402 -0.064794 1.317744 0.008268 0.012509 0.053613 38.950001
28.669195 -0.065201 1.313451 0.010942 0.024961 0.044505 39.180000
28.878008 -0.070401 1.307151 0.009577 0.015815 0.031052 39.410000
29.084824 -0.079844 1.299453 0.007472 0.026438 0.017688 39.639999
29.293226 -0.092264 1.291011 0.002673 0.020295 0.007154 39.869999
29.501532 -0.105092 1.281781 -0.006056 0.024105 0.000195 40.099998
29.701597 -0.114102 1.272235 -0.010212 0.032326 -0.003261 40.320000
29.906363 -0.118129 1.261949 -0.010390 0.036023 -0.004465 40.540001
30.107388 -0.117441 1.251552 -0.008266 0.033709 -0.004657 40.750000
30.311682 -0.113432 1.241603 -0.003986 0.011198 -0.004544 40.959999
30.511963 -0.107960 1.235260 0.000668 0.014260 -0.004506 41.169998
30.718073 -0.102792 1.234961 0.003297 0.026117 -0.004440 41.389999
30.925335 -0.099412 1.241437 0.003846 0.028770 -0.004374 41.610001
31.126005 -0.098048 1.253319 0.003215 0.033145 -0.004300 41.820000
31.330076 -0.098191 1.268624 0.003460 0.017282 -0.004751 42.029999
31.532166 -0.099940 1.282516 0.006493 0.013165 -0.006544 42.240002
31.740013 -0.104582 1.291986 0.007987 0.025322 -0.010705 42.459999
31.948502 -0.112686 1.294845 0.007345 0.029046 -0.017154 42.680000
32.150036 -0.123352 1.291523 0.005511 0.031690 -0.024526 42.889999
32.353733 -0.136059 1.283586 0.002925 0.012776 -0.032161 43.099998
32.553978 -0.149619 1.272107 0.001394 0.015694 -0.037846 43.310001
32.760262 -0.164018 1.257839 -0.000728 0.015198 -0.040075 43.529999
32.963493 -0.177324 1.243885 -0.009105 0.018148 -0.037993 43.750000
33.165173 -0.186203 1.232588 -0.014206 0.025858 -0.031633 43.970001
33.367310 -0.188595 1.224798 -0.013345 0.012103 -0.021436 44.189999
33.575222 -0.184587 1.220436 -0.009930 0.023713 -0.008939 44.419998
33.783352 -0.175853 1.219286 -0.005675 0.006668 0.004539 44.650002
33.988537 -0.164341 1.219650 -0.000268 -0.073593 0.018331 44.889999
34.191189 -0.150594 1.222782 0.004439 -0.142904 0.034411 45.240002
34.394722 -0.150483 1.230679 0.011048 0.132243 0.029503 46.070000
34.597816 -0.159490 1.237968 0.005946 0.104591 0.016607 46.349998
34.803459 -0.168242 1.243912 -0.004436 0.056146 0.006269 46.570000
35.005451 -0.173989 1.250629 -0.014201 0.035546 -0.000626 46.770000
35.211906 -0.174225 1.258874 -0.017048 0.023582 -0.003870 46.970001
35.418114 -0.168049 1.268496 -0.015316 0.020014 -0.003191 47.169998
35.622608 -0.156335 1.279421 -0.011592 0.019725 0.001418 47.369999
35.823746 -0.140791 1.290613 -0.004002 -0.011133 0.009496 47.570000
36.031147 -0.123267 1.299504 0.011046 -0.005334 0.019081 47.790001
36.234982 -0.111018 1.302205 0.018323 0.015232 0.027083 48.020000
36.442970 -0.108066 1.297890 0.016612 0.016042 0.030766 48.259998
36.649204 -0.113895 1.287152 0.012365 0.032109 0.029054 48.500000
36.850899 -0.125047 1.272897 0.006954 0.018397 0.021800 48.730000
37.052746 -0.138935 1.258878 0.002668 0.026121 0.011210 48.959999
37.256802 -0.153398 1.248522 0.000504 0.029182 -0.001233 49.189999
37.463970 -0.167379 1.242886 -0.000715 0.020243 -0.014178 49.419998
37.671230 -0.180451 1.241966 -0.000900 0.029864 -0.026604 49.650002
37.871784 -0.192168 1.244614 -0.004085 0.013411 -0.037007 49.869999
38.078671 -0.201312 1.248621 -0.020046 0.018619 -0.044256 50.099998
38.284378 -0.200685 1.251966 -0.027504 0.023442 -0.045702 50.330002
38.490631 -0.187262 1.253547 -0.022117 0.010565 -0.042000 50.560001
38.692448 -0.164377 1.253099 -0.003129 0.017654 -0.036889 50.790001
38.892796 -0.141239 1.251436 0.012176 0.034860 -0.032047 51.020000
39.099258 -0.125580 1.249045 0.017039 0.039009 -0.028585 51.250000
39.304710 -0.119720 1.246501 0.015308 0.039590 -0.026505 51.470001
39.507011 -0.121379 1.243798 0.011188 0.013444 -0.025850 51.680000
39.715229 -0.128356 1.241745 0.008776 0.006583 -0.026372 51.900002
39.916370 -0.139153 1.241804 0.006765 0.020782 -0.028837 52.119999
40.116432 -0.152809 1.244198 0.004638 0.026560 -0.033616 52.340000
40.318447 -0.168353 1.246966 0.003010 0.030859 -0.040022 52.560001
40.524273 -0.185074 1.247496 0.001737 0.033920 -0.047243 52.779999
40.725445 -0.201689 1.244754 0.000780 0.033850 -0.054280 52.990002
40.930779 -0.218589 1.238634 0.000100 0.029822 -0.060996 53.200001
41.138367 -0.235466 1.229656 0.000003 0.016751 -0.067124 53.410000
41.343220 -0.252080 1.220434 0.001515 0.011087 -0.072842 53.619999
41.543156 -0.268881 1.213621 0.002693 0.019091 -0.078442 53.830002
41.749332 -0.287346 1.210290 0.002617 0.007476 -0.084300 54.049999
41.949749 -0.306485 1.211008 0.002147 0.022802 -0.089706 54.270000
42.148857 -0.326444 1.215078 0.001315 -0.004930 -0.094551 54.490002
42.348656 -0.347161 1.220595 0.000527 -0.083195 -0.098940 54.730000
42.548279 -0.368668 1.229728 -0.000100 -0.122260 -0.104512 55.130001
42.748394 -0.399967 1.253711 0.003229 0.114980 -0.122652 55.930000
42.947788 -0.431397 1.272849 0.000638 0.091373 -0.130873 56.209999
43.152325 -0.462770 1.290222 -0.000026 0.047430 -0.137716 56.439999
43.351871 -0.493693 1.305625 0.015821 0.032512 -0.145487 56.650002
43.554470 -0.531778 1.317998 0.035698 0.025405 -0.156119 56.860001
43.755627 -0.583954 1.325835 0.041828 0.021608 -0.170135 57.070000
43.953064 -0.652019 1.328943 0.037390 0.021072 -0.187598 57.279999
44.146362 -0.733597 1.327844 0.033431 0.011894 -0.208701 57.490002
44.332008 -0.826905 1.323058 0.052909 0.000680 -0.233002 57.700001
44.504219 -0.937031 1.315155 0.064048 -0.000615 -0.260231 57.910000
44.661133 -1.067205 1.304812 0.058707 0.001821 -0.289995 58.119999
44.804256 -1.214701 1.292884 0.045454 0.007498 -0.321640 58.330002
44.937389 -1.374167 1.280205 0.031155 0.014101 -0.354024 58.540001
45.064907 -1.539844 1.268145 0.000859 0.014713 -0.383960 58.750000
45.192749 -1.699180 1.261078 -0.057423 0.022184 -0.408456 58.959999
45.339447 -1.838361 1.262377 -0.087481 0.029136 -0.425692 59.180000
45.515793 -1.943092 1.273814 -0.084735 0.034173 -0.433140 59.410000
45.707096 -2.008107 1.293090 -0.063916 0.031190 -0.429594 59.630001
45.904297 -2.046678 1.316026 -0.054663 0.014789 -0.417123 59.840000
46.107536 -2.063961 1.337641 -0.070417 0.000770 -0.397234 60.049999
46.312424 -2.054077 1.353491 -0.070981 -0.007094 -0.370892 60.259998
46.515553 -2.016547 1.361723 -0.060396 -0.004544 -0.342182 60.470001
46.715263 -1.957523 1.362512 -0.011570 0.003884 -0.314940 60.680000
46.908371 -1.898936 1.357850 0.078462 0.020798 -0.291886 60.889999
47.108212 -1.876092 1.349609 0.122814 0.024566 -0.275665 61.119999
47.307426 -1.921276 1.338376 0.110813 0.016285 -0.270481 61.369999
47.480816 -2.024263 1.327232 0.082120 0.025305 -0.274279 61.610001
47.631912 -2.155656 1.318612 0.054449 0.031887 -0.286838 61.830002
47.775162 -2.301598 1.312783 0.029419 0.028538 -0.306360 62.040001
47.911713 -2.448351 1.309230 0.006849 0.011677 -0.330409 62.240002
48.052677 -2.600103 1.307298 -0.001246 0.018666 -0.359795 62.450001
48.194031 -2.746838 1.306792 -0.004749 0.015027 -0.392491 62.660000
48.341949 -2.893711 1.307081 -0.007687 0.008655 -0.426558 62.880001
48.488594 -3.030567 1.307691 -0.036608 0.018095 -0.456694 63.099998
48.649998 -3.154238 1.308227 -0.059176 0.030551 -0.480332 63.330002
48.828102 -3.252196 1.308240 -0.054721 0.017543 -0.492546 63.560001
49.018375 -3.325529 1.307258 -0.041333 0.023291 -0.495417 63.790001
49.218880 -3.382260 1.305609 -0.026825 0.033155 -0.488170 64.019997
49.420345 -3.429555 1.303733 -0.014702 0.034883 -0.472106 64.239998
49.619236 -3.473359 1.301720 -0.009061 0.023609 -0.449671 64.449997
49.819439 -3.514738 1.300906 -0.031847 0.007579 -0.421582 64.660004
50.018597 -3.543408 1.302996 -0.052629 0.003597 -0.388698 64.870003
50.227402 -3.550929 1.308926 -0.056472 0.006241 -0.350526 65.089996
50.427742 -3.535937 1.317950 -0.048378 0.011701 -0.311748 65.300003
50.628918 -3.503808 1.329318 -0.026226 -0.004199 -0.271121 65.510002
50.827793 -3.460469 1.340767 0.017988 -0.072372 -0.230203 65.730003
51.021637 -3.408675 1.351713 0.045190 -0.106386 -0.184107 66.019997
51.217178 -3.408485 1.393809 0.033414 0.111040 -0.131964 66.879997
51.401348 -3.490609 1.443085 0.017505 0.099200 -0.159137 67.220001
51.585892 -3.567696 1.486240 0.005761 0.061390 -0.189057 67.459999
51.775871 -3.643641 1.527167 0.009092 0.034051 -0.221662 67.680000
51.962223 -3.720351 1.560636 0.032743 0.025455 -0.256566 67.889999
52.146397 -3.808649 1.584474 0.042767 0.012480 -0.294710 68.099998
52.321705 -3.910606 1.597597 0.038185 0.000656 -0.334239 68.309998
52.491856 -4.028379 1.600787 0.031115 0.012125 -0.375177 68.529999
52.652790 -4.154862 1.596052 0.014302 0.012554 -0.415508 68.750000
52.808807 -4.283146 1.588067 -0.011069 0.021020 -0.451334 68.970001
52.967655 -4.405025 1.580817 -0.024036 0.031155 -0.479824 69.190002
53.136177 -4.517786 1.576662 -0.025716 0.037694 -0.500136 69.410004
53.316711 -4.622640 1.576390 -0.020867 0.032855 -0.512720 69.629997
53.496662 -4.716481 1.579210 -0.013262 0.011992 -0.518334 69.839996
53.683563 -4.807423 1.583582 -0.005744 0.002635 -0.518945 70.059998
53.872364 -4.896206 1.586245 -0.001527 0.020008 -0.515139 70.290001
54.059967 -4.984251 1.584938 -0.000182 0.032179 -0.508033 70.519997
54.243134 -5.071209 1.579358 0.000096 0.037337 -0.499383 70.739998
54.431656 -5.161790 1.569981 0.000340 0.026746 -0.489972 70.959999
54.612530 -5.249576 1.558470 0.012020 0.007173 -0.481857 71.169998
54.792084 -5.345252 1.544801 0.065075 -0.005320 -0.476946 71.389999
54.953590 -5.466730 1.530038 0.093218 -0.012320 -0.478113 71.620003
55.084595 -5.626024 1.514659 0.080819 -0.015777 -0.486349 71.860001
55.177303 -5.803862 1.500391 0.065483 0.001272 -0.499208 72.089996
55.246815 -5.992521 1.487598 0.048946 0.017351 -0.517501 72.309998
55.305389 -6.185141 1.476296 0.020265 0.017303 -0.540386 72.519997
55.363739 -6.379648 1.465690 -0.016420 0.029514 -0.566948 72.730003
55.436794 -6.574758 1.454942 -0.033457 0.045584 -0.598118 72.949997
55.531311 -6.759109 1.444063 -0.033026 0.047330 -0.631337 73.169998
55.641647 -6.926910 1.433384 -0.024179 0.044663 -0.664651 73.379997
55.767445 -7.089915 1.422424 -0.015689 0.031129 -0.698176 73.589996
55.901821 -7.247030 1.413368 -0.036464 0.008685 -0.728719 73.800003
56.050686 -7.394075 1.409877 -0.062698 0.011344 -0.754621 74.019997
56.215237 -7.516395 1.413692 -0.064461 0.014010 -0.771381 74.239998
56.396744 -7.615422 1.423311 -0.056723 0.012650 -0.778005 74.459999
56.582584 -7.691501 1.433980 -0.048813 0.012243 -0.775106 74.669998
56.777603 -7.752972 1.443292 -0.038360 0.016184 -0.763773 74.879997
56.979244 -7.804535 1.449702 -0.027318 0.020308 -0.744675 75.089996
57.175060 -7.848327 1.452743 -0.025635 0.013046 -0.720208 75.290001
57.372303 -7.885667 1.453553 -0.038664 0.005097 -0.690795 75.489998
57.570938 -7.911428 1.452883 -0.038453 -0.005980 -0.657054 75.690002
57.777000 -7.923516 1.451192 -0.027930 -0.013654 -0.618937 75.900002
57.985382 -7.921951 1.449010 -0.025726 0.001137 -0.577936 76.120003
58.187729 -7.910710 1.446987 0.004571 -0.030541 -0.536209 76.339996
58.393398 -7.891859 1.445081 0.054554 -0.093652 -0.492708 76.599998
58.206192 -7.820776 1.398143 0.038105 -0.116367 -0.459429 77.459999
58.007423 -7.789956 1.373832 0.024825 -0.068958 -0.472976 77.650002
57.803963 -7.759008 1.351263 0.011091 -0.021734 -0.492031 77.830002
57.600605 -7.729176 1.333129 0.008861 -0.000036 -0.516365 78.010002
57.393368 -7.701558 1.321154 0.008644 0.005988 -0.546111 78.199997
57.185936 -7.677677 1.316938 0.002303 0.012188 -0.580447 78.400002
56.981705 -7.657376 1.320987 0.005051 0.001873 -0.618911 78.610001
56.777439 -7.639490 1.333168 0.011770 -0.014734 -0.660785 78.830002
56.575935 -7.622489 1.351130 -0.003579 -0.018907 -0.703039 79.050003
56.369961 -7.596572 1.373736 -0.037901 -0.042743 -0.746514 79.279999
56.172012 -7.544353 1.398066 -0.051337 -0.047901 -0.789811 79.510002
55.985966 -7.460510 1.421631 -0.044581 -0.037684 -0.832294 79.739998
55.812702 -7.351680 1.443859 -0.023543 -0.043427 -0.872102 79.970001
55.652451 -7.230905 1.463733 -0.010999 -0.025562 -0.908573 80.190002
55.496559 -7.103367 1.481601 0.002786 -0.014328 -0.942750 80.410004
55.335911 -6.972381 1.494119 0.030729 -0.008655 -0.976419 80.639999
55.169155 -6.852716 1.497158 0.047841 -0.012002 -1.008444 80.870003
54.996738 -6.750982 1.490820 0.048666 -0.015683 -1.038035 81.089996
54.810699 -6.659424 1.476678 0.039723 -0.016408 -1.066962 81.309998
54.624611 -6.578801 1.458138 0.015543 -0.001896 -1.093682 81.519997
54.433327 -6.499645 1.437450 -0.029901 -0.013474 -1.121516 81.739998
54.253651 -6.408123 1.419330 -0.062409 -0.047750 -1.149745 81.970001
54.096642 -6.282624 1.406500 -0.065472 -0.044941 -1.181732 82.209999
53.971149 -6.126690 1.399896 -0.045044 -0.049366 -1.213484 82.449997
53.870464 -5.953029 1.398881 -0.020721 -0.053295 -1.243936 82.680000
53.782829 -5.769397 1.401668 -0.045552 -0.019877 -1.271297 82.900002
53.718414 -5.579430 1.407487 -0.105848 0.010457 -1.294533 83.120003
53.705456 -5.373486 1.415323 -0.114220 0.027590 -1.312625 83.360001
53.756992 -5.176397 1.423000 -0.093352 0.019014 -1.321836 83.599998
53.848343 -4.995750 1.428164 0.013089 -0.012616 -1.327351 83.830002
53.930038 -4.812748 1.430313 0.116207 -0.036937 -1.334904 84.070000
53.940235 -4.607592 1.428166 0.132348 -0.032218 -1.340585 84.349998
53.858082 -4.420915 1.421722 0.054021 -0.028474 -1.342747 84.620003
53.749626 -4.248481 1.419720 -0.054169 -0.030767 -1.340455 84.870003
53.671635 -4.062101 1.427234 -0.090663 -0.021275 -1.333838 85.120003
53.646912 -3.860327 1.443725 -0.089190 -0.023684 -1.319964 85.370003
53.667995 -3.661105 1.465337 -0.071027 -0.028931 -1.301131 85.599998
53.715866 -3.458885 1.489213 -0.037506 -0.026230 -1.278766 85.820000
53.771702 -3.259465 1.510624 -0.003611 -0.031770 -1.253147 86.029999
53.822681 -3.056605 1.527858 0.017684 -0.029479 -1.224217 86.239998
53.860508 -2.855337 1.539017 0.030496 -0.012416 -1.192740 86.449997
53.884007 -2.653218 1.542006 0.019066 -0.023782 -1.158939 86.669998
53.894295 -2.446388 1.535692 0.010733 -0.021809 -1.122360 86.900002
53.894627 -2.242521 1.521577 -0.000496 -0.021947 -1.085516 87.129997
53.889957 -2.039474 1.501819 -0.007929 -0.019829 -1.048925 87.360001
53.883469 -1.832670 1.479355 0.030811 0.047102 -1.011907 87.599998
53.875355 -1.629733 1.454511 0.057708 0.092645 -0.968420 87.910004
54.052963 -1.534038 1.418131 -0.109266 0.075914 -0.901899 88.860001
54.257893 -1.535299 1.404038 -0.087121 0.051073 -0.883878 89.120003
54.462116 -1.529159 1.389944 -0.060246 0.031451 -0.867658 89.330002
54.662903 -1.518463 1.375589 -0.038983 0.019003 -0.851477 89.519997
54.869526 -1.504314 1.360156 -0.024342 0.012424 -0.833340 89.709999
55.076214 -1.488291 1.343978 -0.014024 0.008381 -0.812932 89.900002
55.279449 -1.471712 1.327344 -0.008853 0.007220 -0.790301 90.089996
55.487000 -1.454139 1.310131 -0.004037 -0.022410 -0.764891 90.290001
55.689556 -1.427662 1.292663 -0.029996 -0.062985 -0.736665 90.500000
55.887825 -1.369573 1.273949 -0.051835 -0.074690 -0.703734 90.730003
56.064102 -1.271298 1.255201 -0.058490 -0.060587 -0.670085 90.959999
56.218437 -1.143297 1.237246 -0.047436 -0.038576 -0.637210 91.180000
56.362957 -0.994188 1.219783 -0.023393 -0.018882 -0.603542 91.400002
56.499733 -0.837929 1.202830 -0.023712 0.000718 -0.569641 91.620003
56.635498 -0.680339 1.186047 -0.026832 0.012486 -0.535715 91.839996
56.768982 -0.530036 1.169945 -0.030841 0.018055 -0.503295 92.050003
56.908573 -0.379466 1.153367 -0.028465 0.017668 -0.470785 92.260002
57.053196 -0.229024 1.133567 -0.022836 0.013760 -0.438312 92.470001
57.193031 -0.086764 1.109017 -0.020326 0.010861 -0.407503 92.669998
57.332623 0.053772 1.078984 -0.004922 0.002261 -0.376866 92.870003
57.474407 0.196334 1.041815 -0.004970 0.001973 -0.345289 93.080002
57.617584 0.340485 0.997575 -0.012756 0.005819 -0.312589 93.300003
57.757000 0.481290 0.950530 -0.006346 0.001850 -0.280479 93.519997
57.897770 0.624321 0.899231 -0.020255 0.011416 -0.247596 93.750000
58.038799 0.767984 0.846420 -0.029389 0.017824 -0.214981 93.980003
58.177597 0.909741 0.795063 -0.032117 0.020628 -0.183761 94.199997
58.314289 1.049832 0.746324 -0.019273 0.012789 -0.153633 94.410004
58.451454 1.190534 0.701349 -0.009662 0.013038 -0.123810 94.620003
58.594940 1.334722 0.660573 -0.013191 0.022747 -0.092765 94.839996
58.742138 1.476805 0.626881 -0.017801 0.028202 -0.061668 95.059998
58.887955 1.612352 0.600646 -0.018414 0.027212 -0.031768 95.269997
59.038090 1.748425 0.579165 -0.009451 0.014566 -0.001627 95.480003
59.187695 1.882293 0.561140 -0.007168 0.010899 0.028223 95.690002
59.341957 2.019354 0.544131 -0.014611 0.020161 0.059307 95.910004
59.496254 2.155955 0.528643 -0.010999 0.011795 0.090495 96.129997
59.648281 2.291711 0.516028 -0.015379 0.013643 0.121338 96.349998
59.798187 2.428500 0.507286 -0.015472 0.012623 0.152173 96.570000
59.948719 2.569690 0.501541 0.026000 -0.050051 0.182641 96.800003
60.094460 2.710711 0.497904 0.058441 -0.096961 0.214071 97.089996
60.264252 2.783711 0.584012 0.034842 0.107441 0.241100 97.980003
60.431324 2.767554 0.695258 0.021694 0.092582 0.213698 98.279999
60.609371 2.754595 0.800780 0.007758 0.052238 0.183887 98.510002
60.789272 2.744229 0.905735 -0.000428 0.033067 0.152863 98.720001
60.965931 2.736894 1.010584 -0.002822 0.026254 0.121183 98.919998
61.144310 2.732151 1.117715 -0.002161 0.019815 0.089904 99.120003
61.322029 2.729210 1.223847 -0.006406 0.014988 0.062104 99.320000
61.506233 2.730308 1.323830 -0.034816 0.021663 0.039014 99.529999
61.689926 2.745408 1.403809 -0.053698 0.027759 0.024249 99.739998
61.881557 2.782367 1.462317 -0.033381 -0.032461 0.020903 99.959999
62.074715 2.840350 1.499286 0.008069 -0.102698 0.023919 100.220001
62.175137 3.014195 1.489746 -0.110640 -0.055206 0.054477 101.169998
62.073807 3.192592 1.475511 -0.090780 -0.033252 0.073678 101.480003
61.978603 3.369919 1.468562 -0.067190 -0.014604 0.093079 101.709999
61.887283 3.553352 1.464355 -0.049594 0.018605 0.114139 101.919998
61.808853 3.740165 1.461410 -0.038568 0.039150 0.138062 102.120003
61.746429 3.934182 1.458617 -0.013307 0.041409 0.164949 102.320000
61.699581 4.137302 1.455273 -0.010474 0.036007 0.195303 102.529999
61.668835 4.338150 1.451263 -0.012252 0.025277 0.227328 102.739998
61.648285 4.544652 1.444430 0.005891 0.016295 0.261760 102.959999
61.636524 4.750264 1.427659 -0.007982 0.022162 0.298443 103.190002
61.634338 4.951337 1.398868 -0.007107 0.016409 0.335358 103.419998
61.638878 5.148890 1.359157 -0.015416 0.014787 0.371925 103.650002
61.647217 5.345756 1.309871 -0.022745 0.013823 0.408080 103.879997
61.656651 5.544059 1.258098 -0.016919 0.000155 0.443369 104.110001
61.661949 5.740764 1.214745 -0.034420 -0.002371 0.477489 104.339996
61.658051 5.941299 1.185676 -0.031335 -0.005590 0.511032 104.570000
61.644218 6.143775 1.171179 -0.018150 -0.003714 0.543493 104.800003
61.625092 6.343658 1.170258 -0.020694 0.018536 0.574966 105.029999
61.608788 6.546554 1.180730 -0.017077 0.026829 0.606272 105.260002
61.599411 6.753384 1.198724 -0.011103 0.024925 0.637397 105.489998
61.597221 6.952641 1.219988 -0.016519 0.027845 0.666989 105.709999
61.600307 7.154902 1.241989 -0.016611 0.016522 0.696570 105.930000
61.603939 7.358322 1.260388 -0.031368 0.009813 0.726143 106.150002
61.601559 7.564690 1.272565 -0.029605 0.000231 0.756277 106.370003
61.590412 7.770458 1.277991 -0.020547 -0.005517 0.786336 106.589996
61.571350 7.971311 1.278149 -0.025892 0.002753 0.816122 106.809998
61.545406 8.171234 1.275831 -0.032007 0.011918 0.846058 107.029999
61.513565 8.373597 1.273017 -0.017010 0.002719 0.876535 107.250000
61.477367 8.572598 1.271028 -0.023498 -0.004339 0.906552 107.470001
61.430840 8.775727 1.270734 -0.039082 -0.004123 0.937902 107.699997
61.373447 8.967909 1.272240 -0.028487 -0.010193 0.968343 107.919998
61.301945 9.163352 1.275220 -0.029292 -0.000571 0.999714 108.150002
61.221706 9.355942 1.279433 -0.022305 0.006184 1.031269 108.379997
61.138378 9.547105 1.285756 -0.005361 0.023041 1.062850 108.610001
61.062283 9.739898 1.295619 -0.000029 0.039699 1.094496 108.839996
61.001686 9.930309 1.307740 0.007242 0.035946 1.124632 109.059998
60.954201 10.125097 1.320548 0.004659 0.039599 1.154817 109.279999
60.918304 10.325991 1.332614 -0.002883 0.042112 1.185134 109.500000
60.891491 10.524977 1.342780 -0.006426 0.034562 1.214288 109.709999
60.868572 10.729059 1.351551 -0.008157 0.026030 1.243780 109.919998
60.847355 10.931980 1.358035 0.015686 -0.039248 1.272318 110.129997
60.825771 11.136107 1.362245 0.040237 -0.102043 1.301643 110.379997
60.789352 11.333157 1.356140 -0.095355 -0.023923 1.356769 111.089996
60.594429 11.370468 1.330879 -0.127071 0.020651 1.378256 111.559998
60.396255 11.422252 1.309266 -0.090413 0.022565 1.395195 111.809998
60.198433 11.481030 1.287950 -0.061724 0.020162 1.412532 112.019997
60.006500 11.542515 1.267049 -0.038112 0.015723 1.430722 112.209999
59.811409 11.608191 1.245761 -0.003440 0.006369 1.451039 112.400002
59.622978 11.673738 1.224505 0.001130 0.004899 1.473199 112.589996
59.433979 11.741425 1.202280 -0.003377 0.004712 1.498544 112.790001
59.244629 11.811214 1.178304 0.007996 0.012095 1.527184 113.000000
59.059265 11.886715 1.148335 0.005333 0.035850 1.559116 113.220001
58.878498 11.977992 1.110120 0.006707 0.037018 1.593440 113.449997
58.709743 12.082895 1.065527 0.000065 0.033985 1.628297 113.680000
58.548744 12.199151 1.014984 -0.014068 0.034540 1.663721 113.910004
58.395119 12.319797 0.962159 -0.020435 0.029200 1.697943 114.129997
58.238434 12.446453 0.906242 -0.022845 0.024389 1.732237 114.349998
58.085751 12.569601 0.852063 -0.012541 0.009060 1.764919 114.559998
57.933914 12.690172 0.798088 -0.012135 0.009474 1.796866 114.769997
57.776134 12.813379 0.741747 -0.021853 0.013687 1.829716 114.989998
57.614441 12.931792 0.686489 -0.053761 -0.017747 1.862811 115.209999
57.440300 13.029785 0.633317 -0.066303 -0.042910 1.896249 115.430000
57.253452 13.095118 0.583500 -0.047264 -0.046499 1.928381 115.650002
57.053329 13.131819 0.539511 -0.032147 -0.007432 1.959977 115.879997
56.850018 13.156243 0.508299 -0.018393 0.022747 1.991957 116.110001
56.644928 13.185179 0.490021 -0.003515 0.029255 2.024250 116.339996
56.441757 13.225135 0.482411 -0.007545 0.039159 2.056313 116.570000
56.246826 13.275548 0.482195 -0.001928 0.027222 2.086821 116.790001
56.053925 13.334298 0.486061 -0.007184 0.025696 2.117026 117.010002
55.861832 13.398507 0.491834 -0.011088 0.022263 2.147249 117.230003
55.670334 13.465091 0.497849 -0.007459 0.010947 2.177297 117.449997
55.473282 13.533937 0.503191 -0.016159 0.021272 2.208395 117.680000
55.283802 13.598885 0.507068 -0.024403 -0.009781 2.238167 117.900002
55.089127 13.649716 0.509941 -0.066567 -0.069047 2.270143 118.129997
54.885445 13.648978 0.511802 -0.087156 -0.087249 2.304610 118.379997
54.689602 13.577141 0.511753 -0.080449 -0.069025 2.337154 118.629997
54.521690 13.465264 0.510832 -0.065910 -0.041666 2.365700 118.849998
54.362576 13.330755 0.509770 -0.044977 -0.018092 2.393913 119.059998
54.211327 13.190444 0.508969 -0.031345 -0.000753 2.421710 119.260002
54.060806 13.048167 0.508254 0.023226 -0.001359 2.449751 119.459999
53.911579 12.907788 0.507173 0.099007 -0.013861 2.478025 119.680000
53.764793 12.771665 0.505799 0.139428 -0.025793 2.512746 120.010002
53.605984 12.736673 0.629484 -0.057449 0.064840 2.568602 120.820000
53.451714 12.728241 0.759229 -0.055559 0.054964 2.586119 121.110001
53.291115 12.711346 0.885827 -0.040275 0.038345 2.602776 121.339996
53.127296 12.690538 1.004144 -0.015202 0.036155 2.619770 121.550003
52.954235 12.672720 1.109728 -0.000032 0.054853 2.639051 121.760002
52.770325 12.665925 1.194925 0.006375 0.058708 2.661050 121.970001
52.575504 12.672406 1.258127 0.006164 0.054227 2.685602 122.180000
52.371689 12.690318 1.301219 0.004679 0.036357 2.712398 122.389999
52.164986 12.714701 1.327170 -0.010176 0.013057 2.741082 122.599998
51.961002 12.736335 1.339891 -0.029308 0.008457 2.771596 122.809998
51.759670 12.747353 1.343565 -0.031311 -0.002169 2.803705 123.019997
51.554710 12.745135 1.341616 -0.027452 -0.000290 2.837532 123.239998
51.348167 12.730604 1.335971 -0.011254 0.006837 2.872812 123.470001
51.146996 12.712421 1.326349 0.004958 0.029404 2.907754 123.699997
50.943943 12.700378 1.313422 0.013146 0.023798 2.941988 123.930000
50.740261 12.697682 1.297998 0.013604 0.027722 2.975603 124.160004
50.534729 12.703995 1.280808 0.009668 0.030586 3.008648 124.389999
50.335609 12.715848 1.264745 0.000060 0.018852 3.039252 124.610001
50.127903 12.728671 1.251094 -0.009043 0.029465 3.070395 124.839996
49.925671 12.737226 1.242185 -0.012057 0.035019 3.098850 125.059998
49.717598 12.740567 1.237295 -0.010795 0.033988 3.124724 125.279999
49.513988 12.739213 1.235736 -0.007609 0.033271 -3.137267 125.489998
49.306183 12.734641 1.236422 -0.004174 0.032827 -3.120470 125.699997
49.105053 12.728555 1.238407 -0.001344 0.026981 -3.109090 125.900002
48.902916 12.721924 1.241082 0.001859 0.021801 -3.102126 126.099998
48.701630 12.715957 1.244036 0.004408 0.020635 -3.098977 126.300003
48.492065 12.711404 1.247213 0.005020 0.009497 -3.099080 126.510002
48.288120 12.708955 1.250151 0.004228 0.007699 -3.101765 126.720001
48.081074 12.708263 1.252959 0.003256 0.020434 -3.106490 126.940002
47.875202 12.708793 1.255644 0.002333 0.029452 -3.112705 127.160004
47.666409 12.709990 1.258268 0.001566 0.030480 -3.120160 127.379997
47.463844 12.711514 1.260957 0.001792 0.029427 -3.127848 127.589996
47.258511 12.713541 1.264038 0.001900 0.030259 -3.135506 127.800003
47.050499 12.716181 1.267599 0.001605 0.027177 3.140487 128.009995
46.840981 12.719378 1.271541 0.001125 0.024614 3.134094 128.220001
46.633114 12.722942 1.275254 0.000535 -0.026172 3.128658 128.429993
46.431366 12.726702 1.278126 0.000444 -0.099520 3.123953 128.660004
46.230602 12.730835 1.282249 0.001332 -0.103425 3.118495 129.080002
46.030022 12.738062 1.278154 -0.002770 0.131770 3.117508 129.839996
45.822140 12.741849 1.277958 -0.002617 0.093994 3.118822 130.110001
45.613533 12.744588 1.276917 -0.000617 0.043524 3.119881 130.330002
45.403812 12.747243 1.275482 0.001575 0.031623 3.120296 130.539993
45.200993 12.750492 1.273252 0.002622 0.024975 3.120025 130.740005
44.997864 12.754778 1.270135 0.002795 0.023560 3.119217 130.940002
44.795288 12.760116 1.266262 0.002382 0.019712 3.118027 131.139999
44.585789 12.766527 1.261966 -0.001138 -0.002942 3.116868 131.350006
44.377064 12.772080 1.259648 -0.010664 0.006105 3.117518 131.570007
44.176132 12.772672 1.261588 -0.015331 0.021426 3.121577 131.789993
43.975765 12.766445 1.268390 -0.014943 0.028828 3.129657 132.009995
43.772041 12.753801 1.279626 -0.011726 0.033374 3.141370 132.229996
43.564793 12.736451 1.293730 -0.005228 0.013277 -3.127569 132.449997
43.360577 12.717818 1.307634 0.008333 0.017756 -3.114403 132.669998
43.158405 12.703511 1.318744 0.017365 0.028759 -3.104854 132.889999
42.953224 12.697142 1.326025 0.018878 0.035157 -3.100631 133.110001
42.752113 12.698705 1.329247 0.015661 0.032366 -3.101971 133.320007
42.547031 12.706166 1.329356 0.010722 0.030078 -3.107727 133.529999
42.339218 12.717359 1.327060 0.006179 0.027417 -3.115161 133.740005
42.130096 12.730320 1.323159 0.000625 0.015535 -3.121726 133.949997
41.924213 12.742383 1.318037 -0.013538 0.011210 -3.125576 134.160004
41.723442 12.748320 1.312002 -0.022361 0.017706 -3.125277 134.369995
41.516754 12.744361 1.305160 -0.021904 0.009228 -3.120285 134.589996
41.315796 12.730506 1.298010 -0.017394 0.015197 -3.114194 134.809998
41.109913 12.708440 1.291245 -0.003732 0.018861 -3.108942 135.039993
40.905361 12.685308 1.286913 0.010444 0.028923 -3.106684 135.270004
40.697750 12.667844 1.285830 0.015470 0.020203 -3.108300 135.500000
40.489605 12.658559 1.287577 0.014525 0.023605 -3.110876 135.729996
40.289574 12.656626 1.291511 0.010533 0.026019 -3.111825 135.949997
40.088322 12.658864 1.296681 -0.003431 0.016694 -3.109881 136.169998
39.879768 12.659131 1.302482 -0.015775 0.026882 -3.103227 136.399994
39.679501 12.651904 1.307970 -0.018344 0.016674 -3.091989 136.619995
39.472328 12.635450 1.313038 -0.015386 0.022196 -3.077483 136.850006
39.265308 12.611433 1.317658 -0.010710 0.034860 -3.061909 137.080002
39.062103 12.583310 1.321605 -0.004603 0.035724 -3.048523 137.300003
38.862663 12.554756 1.323677 0.010450 0.033469 -3.039624 137.509995
38.658726 12.530342 1.322793 0.021415 0.029271 -3.036197 137.720001
38.451431 12.514445 1.318561 0.023795 0.027747 -3.038791 137.929993
38.241688 12.507870 1.311256 0.020324 0.025136 -3.047174 138.139999
38.041042 12.508842 1.302045 0.013687 0.006588 -3.060102 138.339996
37.839848 12.515162 1.291381 0.002724 -0.069331 -3.077311 138.550003
37.639359 12.526676 1.278357 -0.007576 -0.116832 -3.100759 138.820007
37.439827 12.543209 1.266798 0.000297 0.118625 3.134200 139.660004
37.233669 12.548739 1.281313 -0.000836 0.108206 3.121055 140.039993
37.026955 12.553096 1.294159 -0.000907 0.079984 3.114480 140.289993
36.825623 12.557190 1.304634 0.001370 0.041730 3.109137 140.500000
36.625690 12.561998 1.312595 0.004646 0.028250 3.103831 140.699997
36.424015 12.568710 1.317774 0.006173 0.026304 3.098305 140.899994
36.221821 12.577841 1.319915 0.005760 0.023111 3.093768 141.100006
36.020313 12.588954 1.319730 -0.000317 0.020187 3.091562 141.300003
35.820408 12.599817 1.318438 -0.007017 0.019825 3.092446 141.500000
35.612270 12.608301 1.316909 -0.009966 0.019970 3.096642 141.710007
35.405472 12.612641 1.315964 -0.010048 0.025228 3.101804 141.919998
35.198170 12.613006 1.316048 -0.007243 0.021167 3.105663 142.130005
34.992809 12.611561 1.316697 0.019782 0.001618 3.106712 142.339996
34.786831 12.619440 1.317280 0.052023 0.008520 3.103386 142.559998
34.588875 12.649983 1.317544 0.056141 0.003883 3.093858 142.779999
34.391270 12.707698 1.317009 0.047245 0.010306 3.078852 143.009995
34.200317 12.786335 1.315792 0.033325 0.018701 3.058528 143.240005
34.013077 12.877762 1.313689 0.013145 0.003392 3.033156 143.470001
33.832947 12.971931 1.310277 0.004906 0.021224 3.004679 143.699997
33.652653 13.065171 1.305430 0.000881 0.025263 2.973121 143.929993
33.469524 13.156122 1.299183 -0.001134 0.023164 2.939501 144.160004
33.284084 13.244293 1.291632 0.000366 0.032741 2.904406 144.389999
33.101303 13.327914 1.283656 -0.003037 0.032804 2.871583 144.610001
32.912548 13.408771 1.277261 -0.031161 0.028973 2.843364 144.830002
32.716457 13.476136 1.274515 -0.048140 0.026822 2.822901 145.050003
32.521168 13.521496 1.275819 -0.051455 0.021119 2.812175 145.259995
32.319885 13.546070 1.280402 -0.066033 0.006578 2.810769 145.470001
32.116432 13.544270 1.287295 -0.070172 -0.001039 2.818012 145.679993
31.914768 13.514977 1.295316 -0.052294 -0.013079 2.833665 145.889999
31.720703 13.464400 1.303792 -0.038512 -0.003526 2.854959 146.100006
31.524111 13.396911 1.312860 -0.023424 0.003420 2.883385 146.320007
31.333542 13.323116 1.321173 0.002969 0.009641 2.916434 146.539993
31.139366 13.252826 1.327597 0.029178 0.036222 2.954641 146.770004
30.940859 13.203037 1.330784 0.035978 0.047743 2.994814 147.000000
30.741566 13.177421 1.330701 0.030544 0.047541 3.033972 147.220001
30.532532 13.169271 1.328003 0.020432 0.034391 3.073142 147.440002
30.329102 13.171611 1.323743 0.006581 0.015750 3.109371 147.649994
30.128002 13.176949 1.318794 -0.005393 0.022030 -3.140032 147.860001
29.920141 13.180075 1.313462 -0.010216 -0.024743 -3.108482 148.080002
29.713387 13.178680 1.307656 -0.010208 -0.097709 -3.078737 148.330002
29.512602 13.169853 1.301275 0.002394 0.065615 -3.043513 149.000000
29.309097 13.157219 1.305983 0.009356 0.126927 -3.049437 149.520004
29.106724 13.149384 1.310942 0.005253 0.084875 -3.058611 149.770004
28.905043 13.142303 1.315305 0.002229 0.048823 -3.067570 149.979996
28.702185 13.135329 1.319660 0.000811 0.032338 -3.076355 150.179993
28.496084 13.128194 1.323992 0.000495 0.024814 -3.085255 150.380005
28.289846 13.121037 1.328286 0.000454 0.022543 -3.095138 150.580002
28.084682 13.113996 1.332415 0.000678 0.014595 -3.106698 150.779999
27.883720 13.107475 1.335520 0.004401 0.003947 -3.119613 150.979996
27.680231 13.102733 1.336440 0.008595 0.014377 -3.133533 151.190002
27.471134 13.101731 1.334380 0.009634 0.023716 3.135568 151.410004
27.262121 13.105175 1.329431 0.007874 0.027383 3.122723 151.630005
27.051226 13.112268 1.322292 0.004888 0.022896 3.111675 151.850006
26.850977 13.121060 1.314584 0.001158 0.002092 3.103585 152.059998
26.649454 13.130367 1.308779 -0.003173 0.012776 3.098497 152.279999
26.443274 13.138357 1.307619 -0.005399 0.019595 3.097032 152.509995
26.229683 13.143860 1.311851 -0.005075 0.016904 3.099898 152.750000
26.026466 13.146638 1.320675 -0.003998 0.029579 3.106995 152.979996
25.819607 13.147562 1.330946 -0.006025 0.032939 3.117521 153.210007
25.616425 13.146000 1.338403 -0.007106 0.036466 3.129352 153.429993
25.406981 13.141529 1.341709 -0.006223 0.036309 -3.141449 153.649994
25.201611 13.134834 1.340604 -0.004416 0.032451 -3.129975 153.860001
24.993246 13.126485 1.335751 -0.002224 0.008449 -3.119460 154.070007
24.790724 13.117523 1.328197 -0.000257 -0.001138 -3.110539 154.279999
24.588697 13.108449 1.318487 0.000972 0.015955 -3.103119 154.500000
24.382128 13.099659 1.307796 0.001415 0.011501 -3.097482 154.729996
24.179655 13.091728 1.297226 0.001336 0.022182 -3.093699 154.960007
23.976915 13.084346 1.288820 0.000878 0.032695 -3.091494 155.190002
23.768518 13.076981 1.285627 0.000401 0.037292 -3.090619 155.419998
23.561832 13.069598 1.288043 0.000034 0.036405 -3.091488 155.639999
23.358604 13.062134 1.294762 -0.000240 0.032923 -3.095239 155.850006
23.151497 13.054428 1.303787 0.003361 0.027574 -3.102349 156.059998
22.942650 13.048123 1.311588 0.009310 0.025987 -3.112236 156.270004
22.733017 13.045564 1.315842 0.011433 0.023664 -3.124135 156.479996
22.523523 13.047626 1.315580 0.010358 0.024244 -3.136936 156.690002
22.314072 13.053818 1.310988 0.007613 0.022161 3.133496 156.899994
22.107979 13.062878 1.303036 0.003606 -0.038814 3.121256 157.110001
21.906195 13.073972 1.292485 0.000156 -0.106443 3.109155 157.350006
21.707386 13.087978 1.275517 -0.001065 -0.060345 3.092746 157.839996
21.501719 13.090941 1.293473 -0.010508 0.128680 3.100921 158.550003
21.298191 13.087063 1.313690 -0.005076 0.090590 3.111292 158.809998
21.098068 13.083640 1.330894 0.016682 0.056825 3.118818 159.020004
20.893772 13.087282 1.346163 0.033294 0.035966 3.122867 159.220001
20.685904 13.103190 1.359132 0.034115 0.007209 3.122662 159.419998
20.474384 13.133021 1.369654 0.029287 0.002237 3.118737 159.630005
20.271975 13.173690 1.377314 0.022732 0.011707 3.110180 159.839996
20.075706 13.221539 1.382147 -0.002811 0.003433 3.097706 160.050003
19.877748 13.266902 1.382137 -0.049984 0.010503 3.084439 160.270004
19.674826 13.288789 1.375788 -0.070572 0.021447 3.073707 160.500000
19.469837 13.276052 1.363267 -0.065190 0.026083 3.068980 160.729996
19.269650 13.235205 1.346679 -0.048769 0.027847 3.070920 160.949997
19.075077 13.178369 1.328545 -0.020283 0.025464 3.077418 161.160004
18.878412 13.116721 1.311435 0.015337 0.029195 3.086066 161.369995
18.679237 13.064622 1.297559 0.033442 0.034665 3.095554 161.580002
18.475931 13.029423 1.287654 0.035581 0.033991 3.104766 161.789993
18.268682 13.011332 1.281585 0.028806 0.030475 3.113341 162.000000
18.060648 13.006624 1.278684 0.019630 -0.003512 3.120221 162.210007
17.853338 13.010917 1.277233 0.012177 0.000562 3.126417 162.429993
17.646946 13.021202 1.275733 0.005956 0.024596 3.130098 162.660004
17.440050 13.034159 1.273591 0.001766 0.033115 3.130294 162.889999
17.236820 13.047006 1.270497 -0.000583 0.036216 3.127559 163.110001
17.028925 13.059203 1.266746 -0.001003 0.015889 3.122561 163.330002
16.823009 13.070532 1.263317 0.000115 0.022588 3.116083 163.550003
16.617512 13.081591 1.260839 0.001038 0.018546 3.108958 163.770004
16.414022 13.092808 1.259296 0.001346 0.012492 3.102447 163.990005
16.214327 13.104344 1.259070 0.001655 0.026897 3.097992 164.210007
16.013975 13.116416 1.260241 -0.000735 0.016922 3.096058 164.429993
15.805969 13.128399 1.263308 -0.003945 0.024973 3.096317 164.660004
15.606023 13.138000 1.268165 -0.004886 0.020437 3.098257 164.880005
15.406149 13.145335 1.274451 -0.004263 0.020881 3.101253 165.100006
15.197330 13.150949 1.282208 -0.002985 0.028221 3.105016 165.330002
14.994999 13.155007 1.290330 -0.003920 0.030219 3.109442 165.550003
14.788907 13.157447 1.298786 -0.006115 0.032286 3.115366 165.770004
14.588233 13.157460 1.306817 -0.006080 0.020248 3.122767 165.979996
14.379040 13.154961 1.314633 -0.004567 0.012990 3.131491 166.199997
14.173877 13.150538 1.321955 -0.002958 0.020601 3.140230 166.419998
13.969908 13.144988 1.327682 -0.001358 0.023808 -3.134764 166.639999
13.765371 13.139004 1.330015 -0.000099 0.029527 -3.127533 166.860001
13.559078 13.133094 1.328530 0.000660 -0.007315 -3.121511 167.080002
13.352757 13.127488 1.323788 0.000764 -0.088001 -3.116437 167.320007
13.152134 13.122652 1.315261 -0.000664 -0.124319 -3.111348 167.690002
12.949879 13.115269 1.298861 -0.004394 0.135508 -3.099168 168.529999
12.745115 13.102653 1.294070 -0.002960 0.100581 -3.098533 168.809998
12.540227 13.089581 1.289268 0.002046 0.054194 -3.101407 169.029999
12.339677 13.078065 1.284852 0.006319 0.039964 -3.105917 169.229996
12.133133 13.068881 1.280428 0.008109 0.026993 -3.111551 169.429993
11.925513 13.062846 1.275935 0.007800 0.019954 -3.117678 169.630005
11.719549 13.059854 1.271369 0.006257 0.018449 -3.123833 169.830002
11.516612 13.059289 1.267314 0.004875 0.006420 -3.129922 170.029999
11.310515 13.060713 1.264935 0.003964 0.009085 -3.136127 170.240005
11.110350 13.063727 1.265401 0.002937 0.019371 3.140958 170.449997
10.902232 13.068069 1.269192 0.001845 0.029912 3.134884 170.669998
10.701116 13.072902 1.275460 0.000825 0.028346 3.129669 170.880005
10.498330 13.077969 1.283268 -0.000499 0.016190 3.125372 171.089996
10.298001 13.082704 1.291757 -0.001652 0.019395 3.122286 171.300003
10.089704 13.086865 1.300958 -0.002063 0.027254 3.120474 171.520004
9.889232 13.090011 1.309535 -0.001960 0.031146 3.119961 171.729996
9.685612 13.092463 1.317784 -0.001538 0.026505 3.120393 171.940002
9.482273 13.094378 1.324944 -0.000326 -0.003218 3.121433 172.149994
9.279319 13.096170 1.329690 0.001262 0.008639 3.122589 172.369995
9.073781 13.098610 1.330987 0.001842 0.025533 3.123445 172.600006
8.866518 13.102043 1.328919 0.001649 0.035534 3.123837 172.830002
8.662275 13.106214 1.324412 0.001069 0.036229 3.123895 173.050003
8.461514 13.110662 1.318810 -0.001292 0.032809 3.124295 173.259995
8.256654 13.114580 1.313262 -0.004071 0.029958 3.125738 173.470001
8.049140 13.116853 1.308688 -0.005001 0.028702 3.128680 173.679993
7.839686 13.117102 1.305276 -0.004468 0.025218 3.133425 173.889999
7.629748 13.115516 1.303238 -0.004320 0.022466 3.139805 174.100006
7.420446 13.112182 1.302695 -0.004573 0.022215 -3.136068 174.309998
7.212166 13.107058 1.303495 -0.003848 0.012154 -3.128420 174.520004
7.008551 13.100504 1.305244 -0.002596 0.008874 -3.121028 174.729996
6.801291 13.092714 1.307903 -0.001392 0.021045 -3.113982 174.949997
6.596529 13.084498 1.310551 0.001360 0.008782 -3.108197 175.169998
6.396597 13.077211 1.310503 0.005742 0.021371 -3.105022 175.389999
6.188408 13.072328 1.306266 0.007109 0.018972 -3.105558 175.619995
5.981149 13.070814 1.297782 0.006104 0.020423 -3.109374 175.850006
5.774150 13.072082 1.285502 0.004448 0.029195 -3.115333 176.080002
5.566037 13.075122 1.271608 0.001184 0.003603 -3.122424 176.309998
5.365081 13.078520 1.259617 -0.002166 0.016813 -3.128988 176.539993
5.157492 13.080685 1.251292 -0.003298 0.035217 -3.134256 176.779999
4.951802 13.080851 1.248123 -0.003244 0.041463 -3.137541 177.009995
4.745933 13.079392 1.248976 -0.002514 0.029530 -3.139221 177.229996
4.540105 13.076842 1.251459 -0.000965 -0.049305 -3.139633 177.449997
4.334325 13.073451 1.254636 0.001306 -0.110121 -3.139103 177.720001
4.133389 13.073491 1.259875 0.006713 0.107811 3.141448 178.520004
3.929952 13.086396 1.269898 0.004713 0.124388 3.129167 178.940002
3.728059 13.098083 1.276221 0.001531 0.090127 3.120862 179.179993
3.519778 13.109320 1.281256 -0.003188 0.043000 3.115451 179.389999
3.312441 13.118561 1.284285 -0.012699 0.022600 3.113498 179.589996
3.105636 13.122972 1.284569 -0.017001 0.014749 3.115650 179.789993
2.903192 13.121032 1.281990 -0.015573 0.000917 3.122324 179.990005
2.699515 13.112824 1.276541 -0.012117 0.005478 3.133777 180.199997
2.494213 13.099086 1.271194 -0.010932 0.014804 -3.133299 180.419998
2.292305 13.080882 1.270071 -0.009692 0.025085 -3.114387 180.639999
2.090667 13.058911 1.274217 -0.006371 0.012800 -3.094014 180.860001
1.892301 13.034720 1.283660 -0.003426 0.023892 -3.074145 181.080002
1.693559 13.009404 1.297601 -0.001044 0.016885 -3.055856 181.300003
1.488302 12.983943 1.312882 0.021898 0.007910 -3.040763 181.529999
1.287941 12.970550 1.322337 0.053789 0.018946 -3.032051 181.759995
1.087036 12.982178 1.322996 0.054611 0.009007 -3.032295 181.990005
0.888139 13.019399 1.314631 0.045544 0.014602 -3.039609 182.220001
0.690187 13.076324 1.298692 0.033439 0.023006 -3.054389 182.449997
0.498920 13.142883 1.281576 0.024572 0.025695 -3.075130 182.669998
0.304731 13.216744 1.267941 0.017871 0.027161 -3.101323 182.889999
0.117458 13.290829 1.260369 0.007594 0.012374 -3.129561 183.100006
-0.075641 13.368308 1.258675 0.006160 0.019538 3.125424 183.320007
-0.267541 13.444780 1.262883 -0.002713 0.015356 3.101808 183.539993
-0.457245 13.514064 1.270752 -0.058248 0.011706 3.085073 183.759995
-0.652844 13.555075 1.280397 -0.092300 0.014814 3.077149 183.990005
-0.855714 13.548327 1.289652 -0.083708 0.005393 3.080685 184.229996
-1.054302 13.496657 1.297326 -0.063888 0.018814 3.092403 184.470001
-1.245420 13.417271 1.303441 -0.041002 0.029271 3.111532 184.699997
-1.433079 13.327000 1.307960 -0.001243 0.036462 3.133366 184.919998
-1.618706 13.244102 1.310924 0.030178 0.039488 -3.128619 185.130005
-1.811288 13.177060 1.312556 0.041569 0.023070 -3.109516 185.339996
-2.014896 13.128207 1.312829 0.037965 0.022316 -3.091199 185.559998
-2.219315 13.098572 1.312089 0.026790 0.028950 -3.075576 185.779999
-2.427160 13.082015 1.311042 0.024247 0.025991 -3.064417 186.000000
-2.636082 13.079515 1.311035 0.077108 -0.008167 -3.060419 186.220001
-2.833886 13.112259 1.313201 0.111441 -0.033228 -3.064892 186.440002
-3.018507 13.200035 1.317480 0.110410 -0.034474 -3.076100 186.669998
-3.173243 13.332376 1.323127 0.086915 -0.023855 -3.093184 186.889999
-3.304312 13.489676 1.329131 0.029268 -0.033770 -3.116285 187.100006
-3.418930 13.658466 1.334647 -0.053636 -0.065522 3.140765 187.320007
-3.518493 13.833609 1.339762 -0.098859 -0.071075 3.105806 187.619995
-3.714034 13.891500 1.360488 -0.019755 0.116172 3.081684 188.589996
-3.914047 13.860574 1.373642 -0.006659 0.100460 3.105225 188.869995
-4.115245 13.835642 1.385457 0.001015 0.069740 3.125587 189.089996
-4.317900 13.815065 1.396971 0.011155 0.041829 -3.141079 189.289993
-4.517263 13.800265 1.408907 0.018423 0.030090 -3.128988 189.479996
-4.718259 13.792223 1.421833 0.019376 0.021129 -3.121539 189.669998
-4.917906 13.791029 1.435457 0.016434 0.015081 -3.118462 189.860001
-5.124545 13.795795 1.450283 0.011735 0.014262 -3.119265 190.059998
-5.326276 13.804717 1.465072 0.005519 -0.003518 -3.123290 190.259995
-5.526876 13.815084 1.477625 -0.021551 -0.010312 -3.128424 190.470001
-5.731768 13.815015 1.483871 -0.054521 0.008726 -3.132710 190.699997
-5.937063 13.787578 1.480842 -0.054401 0.005178 -3.131737 190.940002
-6.134756 13.732401 1.468690 -0.044707 0.017025 -3.126131 191.179993
-6.321934 13.659607 1.450325 -0.029716 0.021015 -3.114939 191.410004
-6.509172 13.575481 1.427888 -0.014137 0.017543 -3.100775 191.639999
-6.693749 13.491208 1.404510 0.060790 -0.007610 -3.087877 191.869995
-6.887895 13.441428 1.381585 0.152372 -0.030969 -3.080980 192.130005
-7.081051 13.506796 1.360414 0.152668 -0.029980 -3.082130 192.429993
-7.219254 13.655737 1.346595 0.065889 0.007261 -3.088999 192.679993
-7.345015 13.821753 1.340697 -0.015689 0.057355 -3.104389 192.910004
-7.484329 13.965784 1.342824 -0.053915 0.064159 -3.125895 193.130005
-7.654193 14.082129 1.351114 -0.060057 0.062840 3.130024 193.360001
-7.838264 14.159842 1.362902 -0.047795 0.048927 3.100611 193.580002
-8.035184 14.212366 1.375441 -0.028753 0.014458 3.069476 193.800003
-8.231438 14.249633 1.385719 -0.007203 0.022522 3.034843 194.020004
-8.436795 14.284030 1.392595 0.007558 0.016708 2.997494 194.250000
-8.639863 14.321301 1.394876 0.013307 0.018485 2.961346 194.479996
-8.840537 14.364697 1.393038 0.012981 0.027588 2.928464 194.710007
-9.041524 14.414658 1.388064 0.009253 0.019067 2.900840 194.940002
-9.240934 14.468998 1.381070 0.004798 0.028846 2.881683 195.169998
-9.434010 14.523053 1.373899 -0.016892 0.029251 2.872485 195.389999
-9.632311 14.570498 1.368016 -0.038073 0.028535 2.873006 195.610001
-9.836880 14.602532 1.364298 -0.039044 0.010760 2.883552 195.830002
-10.041511 14.617147 1.362555 -0.032094 0.012193 2.901442 196.050003
-10.244976 14.617729 1.362972 -0.031581 0.021771 2.925991 196.270004
-10.450726 14.605702 1.365699 -0.038665 0.022237 2.956620 196.490005
-10.649814 14.580408 1.370217 -0.037837 0.022761 2.990223 196.699997
-10.851130 14.542133 1.376189 -0.030988 0.023699 3.026898 196.910004
-11.054044 14.493908 1.383115 -0.021334 0.022000 3.065613 197.119995
-11.254711 14.440170 1.389820 0.000810 -0.033832 3.105075 197.330002
-11.453023 14.382482 1.395594 0.024844 -0.102484 -3.137080 197.570007
-11.644172 14.322759 1.401710 0.019090 -0.056456 -3.076704 198.070007
-11.844708 14.347795 1.414154 0.021796 0.112683 -3.092367 198.800003
-12.047872 14.377737 1.425978 0.010560 0.093690 -3.121173 199.070007
-12.252850 14.405503 1.437047 0.003085 0.065206 3.137036 199.289993
-12.456697 14.430898 1.447599 -0.009334 0.031625 3.116807 199.490005
-12.663755 14.450586 1.458918 -0.051630 0.005101 3.101493 199.690002
-12.864460 14.450195 1.471421 -0.077912 -0.005586 3.092536 199.889999
-13.063759 14.418694 1.485269 -0.070355 -0.021635 3.090435 200.100006
-13.255216 14.355008 1.500421 -0.058973 -0.009053 3.090245 200.320007
-13.442158 14.263132 1.516893 -0.028435 0.014012 3.091123 200.550003
-13.618842 14.167528 1.530275 0.026365 0.036714 3.093119 200.770004
-13.802428 14.088547 1.539637 0.054819 0.041135 3.094867 200.990005
-14.002694 14.037058 1.544250 0.056502 0.034673 3.095889 201.220001
-14.208758 14.016786 1.543749 0.042634 0.038648 3.097359 201.449997
-14.411429 14.019125 1.539418 0.024156 0.015709 3.098012 201.669998
-14.611093 14.031847 1.530044 -0.013858 0.004629 3.100967 201.889999
-14.812516 14.037836 1.512089 -0.049084 0.015158 3.107734 202.119995
-15.010304 14.020852 1.485920 -0.052114 0.006891 3.119922 202.350006
-15.210654 13.976864 1.452103 -0.049678 0.003229 3.136971 202.589996
-15.400610 13.905835 1.421774 -0.078168 -0.018792 -3.123720 202.830002
-15.569432 13.796247 1.403646 -0.088780 -0.024106 -3.097197 203.070007
-15.708062 13.651395 1.400415 -0.080094 -0.014350 -3.068797 203.300003
-15.823817 13.482301 1.409538 -0.059239 -0.003954 -3.038510 203.520004
-15.923783 13.303740 1.426634 -0.027912 -0.003641 -3.007989 203.729996
-16.016680 13.122804 1.448664 0.024626 0.019563 -2.980227 203.940002
-16.120771 12.952911 1.473329 0.089569 0.057293 -2.955426 204.160004
-16.265936 12.816910 1.498533 0.109851 0.072817 -2.939007 204.399994
-16.452892 12.738183 1.519295 0.091153 0.065533 -2.936272 204.639999
-16.654150 12.706759 1.533687 0.070314 0.039602 -2.944886 204.860001
-16.859833 12.705074 1.543379 0.064718 0.023362 -2.960210 205.070007
-17.060230 12.726549 1.549217 0.055232 0.018084 -2.980595 205.270004
-17.261414 12.766536 1.552183 0.040572 0.013439 -3.004304 205.470001
-17.460451 12.818486 1.552687 -0.001621 0.011897 -3.027624 205.669998
-17.654827 12.866194 1.550738 -0.065980 0.013468 -3.047655 205.869995
-17.861462 12.887421 1.546184 -0.095811 0.008335 -3.062437 206.089996
-18.066286 12.862628 1.538970 -0.087140 0.000725 -3.069235 206.320007
-18.258360 12.795608 1.530098 -0.067349 0.014184 -3.068934 206.550003
-18.443348 12.698388 1.522125 -0.038268 0.007904 -3.058648 206.779999
-18.614084 12.590938 1.520107 -0.022076 0.018361 -3.042113 207.000000
-18.782463 12.478079 1.525055 -0.000665 -0.005243 -3.019171 207.220001
-18.950743 12.363053 1.534274 0.033962 -0.075587 -2.991833 207.460007
-19.116430 12.251297 1.551748 0.128740 -0.172177 -2.956591 207.869995
-19.045921 12.439136 1.561192 0.111485 -0.075591 -2.941563 208.380005
-18.964336 12.628229 1.562011 0.073579 -0.044421 -2.954604 208.610001
-18.884169 12.818348 1.561903 0.036312 -0.018793 -2.973709 208.809998
-18.806669 13.005580 1.561782 0.021547 -0.006085 -2.997695 209.000000
-18.731684 13.192602 1.562654 0.017508 0.006911 -3.025766 209.190002
-18.659578 13.386971 1.565811 0.019617 0.014877 -3.058694 209.389999
-18.596945 13.579313 1.571822 0.022942 0.014744 -3.094142 209.589996
-18.540712 13.780910 1.581270 0.026182 0.009913 -3.133221 209.800003
-18.491529 13.983553 1.593472 0.018755 0.005344 3.109969 210.009995
-18.446869 14.184114 1.607300 0.007505 0.002405 3.070044 210.220001
-18.403223 14.386833 1.621362 -0.003494 -0.006174 3.029232 210.440002
-18.356319 14.586962 1.628420 0.008772 -0.027315 2.988276 210.669998
-18.298483 14.778668 1.623586 0.023129 -0.035625 2.948687 210.899994
-18.224680 14.968134 1.606316 0.034169 -0.032406 2.910642 211.130005
-18.139742 15.151730 1.579844 0.031325 -0.022458 2.875710 211.350006
-18.046219 15.336107 1.548350 0.009366 -0.002682 2.842161 211.570007
-17.954540 15.516267 1.517651 0.020355 0.016328 2.809634 211.789993
-17.871218 15.698323 1.491557 0.030725 0.023284 2.778067 212.009995
-17.797033 15.887983 1.471570 0.034217 0.022008 2.746970 212.229996
-17.732918 16.077209 1.458105 0.029537 0.021205 2.717583 212.440002
-17.677053 16.272007 1.450749 -0.004674 0.057228 2.688288 212.649994
-17.646049 16.475643 1.450207 -0.034019 0.091821 2.656220 212.869995
-17.661787 16.682842 1.455781 -0.048309 0.078464 2.624107 213.100006
-17.723661 16.878651 1.465936 -0.035898 0.068711 2.591887 213.330002
-17.816467 17.058548 1.479001 -0.016221 0.057056 2.560800 213.550003
-17.924122 17.228895 1.492608 0.018786 0.012595 2.531366 213.759995
-18.029772 17.409065 1.505159 0.075214 -0.045642 2.498184 213.979996
-18.096188 17.603128 1.514438 0.088022 -0.072009 2.462762 214.210007
-18.103880 17.807808 1.518518 0.079446 -0.061549 2.428630 214.449997
-18.060762 18.004017 1.517434 0.070634 -0.032690 2.397296 214.679993
-17.988007 18.195402 1.513223 0.041091 -0.000250 2.367246 214.899994
-17.910715 18.381561 1.508930 -0.016336 0.051920 2.337491 215.110001
-17.854635 18.578810 1.506895 -0.053210 0.083104 2.304721 215.330002
-17.844933 18.787138 1.507994 -0.058902 0.085195 2.271516 215.559998
-17.882936 18.988613 1.511968 -0.046904 0.068711 2.240720 215.779999
-17.951220 19.180622 1.517259 -0.038536 0.004838 2.213676 215.990005
-18.037611 19.369020 1.523100 -0.035136 -0.084954 2.186825 216.220001
-18.136608 19.547146 1.528739 -0.017621 -0.112404 2.150095 216.559998
-18.017069 19.709507 1.526408 0.110296 0.034325 2.099549 217.559998
-17.857124 19.841614 1.519590 0.081766 0.034132 2.083126 217.830002
-17.705797 19.978891 1.512115 0.046046 0.024008 2.066364 218.050003
-17.555336 20.122562 1.504060 0.026055 0.014018 2.048032 218.259995
-17.404295 20.267134 1.495136 0.000782 -0.054711 2.027741 218.470001
-17.242132 20.389034 1.484875 -0.007667 -0.124645 2.005183 218.690002
-17.052801 20.456018 1.471948 -0.020743 -0.125075 1.977072 218.929993
-16.847525 20.451473 1.456471 -0.003706 -0.100955 1.944983 219.179993
-16.651680 20.397142 1.441387 0.013237 -0.069162 1.914027 219.410004
-16.459595 20.321337 1.426476 -0.003232 0.034693 1.882847 219.630005
-16.268852 20.262459 1.410219 -0.017719 0.161174 1.844691 219.869995
-16.076021 20.319422 1.386138 -0.018184 0.184216 1.791673 220.199997
-15.973756 20.495081 1.362989 -0.013687 0.129651 1.748981 220.470001
-15.914898 20.694767 1.343927 -0.011303 0.052208 1.715382 220.690002
-15.871478 20.890123 1.330782 0.010589 0.021963 1.684586 220.889999
-15.827347 21.085562 1.323196 0.027539 0.010533 1.653710 221.089996
-15.772407 21.286503 1.320954 0.035950 0.009549 1.621749 221.300003
-15.705356 21.482544 1.323583 0.035593 0.013419 1.590248 221.509995
-15.627161 21.673952 1.329663 0.022295 0.000114 1.558721 221.720001
-15.542966 21.856983 1.337655 0.013904 0.004096 1.528335 221.929993
-15.453544 22.040510 1.347485 -0.007995 0.009033 1.497780 222.149994
-15.368418 22.227896 1.360022 -0.026918 0.027816 1.468215 222.380005
-15.299468 22.419502 1.375071 -0.030588 0.023284 1.442769 222.610001
-15.247625 22.615337 1.391793 -0.024726 0.028782 1.421334 222.839996
-15.208679 22.816916 1.410320 -0.015629 0.038127 1.404342 223.070007
-15.177657 23.017599 1.428098 0.005407 0.026179 1.391381 223.289993
-15.142880 23.219860 1.442233 0.042230 0.022014 1.379133 223.509995
-15.089807 23.418356 1.450798 0.055090 0.014737 1.365507 223.729996
-15.014066 23.608385 1.453200 0.048250 0.006352 1.350275 223.949997
-14.919790 23.787725 1.450016 0.038743 0.018631 1.333966 224.169998
-14.812201 23.961260 1.443760 0.001071 0.011089 1.315553 224.389999
-14.704644 24.139524 1.440313 -0.056487 0.017859 1.298435 224.619995
-14.626686 24.324030 1.444330 -0.074252 0.014713 1.287550 224.850006
-14.585456 24.524895 1.456331 -0.061384 0.004759 1.283832 225.089996
-14.577330 24.727516 1.472326 -0.032177 0.017531 1.286616 225.330002
-14.584275 24.933289 1.488187 -0.009358 0.038175 1.297300 225.570007
-14.590654 25.139406 1.500976 0.002418 0.045553 1.314924 225.800003
-14.590319 25.346432 1.510046 0.007134 0.039888 1.337365 226.020004
-14.583599 25.547558 1.515057 0.012469 -0.029665 1.361499 226.229996
-14.573207 25.747938 1.516755 0.017570 -0.101988 1.390137 226.470001
-14.458704 25.574429 1.533175 0.042719 -0.093105 1.426567 227.550003
-14.404062 25.374779 1.540085 0.029560 -0.058254 1.409491 227.750000
-14.350562 25.182163 1.547104 0.012369 -0.029755 1.388790 227.929993
-14.297224 24.987320 1.552803 -0.004031 -0.018789 1.363694 228.110001
-14.245834 24.784399 1.555641 -0.013073 -0.016825 1.333654 228.300003
-14.202228 24.585716 1.554353 -0.015092 -0.017231 1.300911 228.490005
-14.165341 24.381390 1.548590 -0.011960 -0.017732 1.264434 228.690002
-14.136596 24.181868 1.539411 -0.016804 -0.010628 1.226811 228.889999
-14.116716 23.979843 1.528895 -0.035894 -0.022401 1.187395 229.100006
-14.115421 23.775333 1.519180 -0.041817 -0.036798 1.146220 229.320007
-14.138395 23.573833 1.512130 -0.033599 -0.044066 1.105283 229.539993
-14.183078 23.371563 1.508107 -0.019642 -0.042606 1.065037 229.759995
-14.239870 23.177067 1.506715 -0.012067 -0.018436 1.027794 229.970001
-14.303902 22.979242 1.505654 0.025789 0.026683 0.990663 230.190002
-14.349545 22.778133 1.500587 0.087519 0.064943 0.954092 230.429993
-14.332868 22.574768 1.487662 0.086674 0.070068 0.916198 230.690002
-14.251333 22.391142 1.467654 0.065120 0.046760 0.879745 230.940002
-14.137191 22.220955 1.445284 -0.002902 -0.036950 0.845791 231.179993
-14.039463 22.038513 1.425994 -0.043285 -0.102846 0.814932 231.429993
-14.005709 21.840469 1.413244 -0.046150 -0.110787 0.782746 231.679993
-14.036924 21.635412 1.406487 -0.030054 -0.089807 0.750448 231.919998
-14.105734 21.439648 1.403954 -0.021121 -0.044659 0.720496 232.139999
-14.188272 21.254797 1.402662 0.020210 -0.005100 0.692487 232.350006
-14.266026 21.062204 1.398519 0.064042 0.036800 0.664699 232.570007
-14.310175 20.867210 1.389493 0.062198 0.056517 0.636950 232.789993
-14.314010 20.666033 1.378303 0.045498 0.060799 0.606862 233.020004
-14.276513 20.464552 1.373137 0.050654 0.046287 0.574081 233.259995
-14.208537 20.274364 1.377734 0.029267 0.028251 0.542419 233.490005
-14.123250 20.088009 1.391787 0.022665 0.016185 0.510817 233.720001
-14.027856 19.906336 1.410224 0.019366 0.039201 0.479001 233.949997
-13.915623 19.734140 1.426996 0.022365 0.055625 0.446399 234.179993
-13.786297 19.579433 1.438348 0.023909 0.053779 0.414400 234.399994
-13.643917 19.438877 1.443922 0.024290 0.043940 0.383278 234.610001
-13.488437 19.303181 1.444766 0.008748 0.022329 0.351762 234.820007
-13.330478 19.172947 1.440744 0.014093 -0.012709 0.321017 235.029999
-13.176858 19.034924 1.430115 0.035625 -0.052364 0.288605 235.250000
-13.043387 18.875246 1.412151 0.034751 -0.064774 0.254888 235.479996
-12.942832 18.699017 1.388212 0.034368 -0.052780 0.222173 235.710007
-12.869228 18.509663 1.361316 0.035807 -0.027712 0.190120 235.940002
-12.812236 18.318695 1.341977 0.034719 0.000772 0.159597 236.160004
-12.755656 18.121332 1.335087 0.031469 0.018066 0.128682 236.380005
-12.695103 17.929649 1.341204 0.025079 0.023456 0.098790 236.589996
-12.626432 17.737329 1.358668 0.022004 0.023474 0.068614 236.800003
-12.551416 17.547495 1.382977 -0.027168 -0.000327 0.038999 237.009995
-12.474682 17.364740 1.410018 -0.093009 -0.033322 0.010818 237.240005
-12.394184 17.184454 1.443899 -0.113101 -0.052612 -0.028025 237.639999
-12.259194 17.034653 1.462069 0.084208 0.082690 -0.078229 238.470001
-12.121638 16.881464 1.463569 0.064833 0.063569 -0.096567 238.750000
-11.989839 16.730915 1.463835 0.036413 0.035142 -0.113776 238.970001
-11.856254 16.576202 1.463989 0.023697 0.024135 -0.131477 239.179993
-11.722011 16.417723 1.464793 0.026203 -0.023178 -0.151379 239.389999
-11.601039 16.248941 1.467563 0.053542 -0.073104 -0.175007 239.610001
-11.520129 16.062571 1.472978 0.054604 -0.085706 -0.201870 239.839996
-11.490335 15.858699 1.480415 0.048211 -0.067540 -0.230918 240.080002
-11.503002 15.657151 1.489314 0.044933 -0.039083 -0.260279 240.309998
-11.538140 15.459496 1.499042 0.027624 -0.016668 -0.290065 240.529999
-11.582748 15.260859 1.509584 0.025044 0.014539 -0.320771 240.750000
-11.620655 15.060520 1.518351 -0.014007 0.071118 -0.353036 240.970001
-11.623917 14.855801 1.523097 -0.040781 0.101155 -0.388756 241.199997
-11.571523 14.654063 1.521893 -0.048311 0.083439 -0.424541 241.440002
-11.474944 14.475256 1.515320 -0.032271 0.071392 -0.459249 241.669998
-11.351501 14.312921 1.505544 -0.020105 0.036987 -0.491733 241.889999
-11.214720 14.158370 1.493866 0.008831 0.007462 -0.523994 242.110001
-11.084290 14.005486 1.481683 0.059625 -0.015510 -0.556744 242.330002
-10.976066 13.833334 1.469396 0.085152 -0.018892 -0.590966 242.559998
-10.904555 13.640778 1.457616 0.080812 -0.011032 -0.624667 242.789993
-10.866013 13.438251 1.446815 0.064298 0.001539 -0.656615 243.009995
-10.847644 13.232253 1.437091 0.038408 0.005310 -0.687629 243.220001
-10.838622 13.032593 1.429659 0.000154 0.011854 -0.716934 243.419998
-10.825686 12.828822 1.425878 -0.023157 0.033043 -0.747448 243.630005
-10.795168 12.623228 1.427023 -0.027561 0.045925 -0.778984 243.850006
-10.742474 12.422331 1.433051 -0.021110 0.047598 -0.809984 244.070007
-10.674017 12.231916 1.442474 -0.014953 0.031715 -0.839132 244.279999
-10.595477 12.045740 1.453480 -0.016053 -0.010937 -0.867295 244.490005
-10.512217 11.863358 1.464651 -0.026074 -0.082260 -0.895172 244.720001
-10.424852 11.682488 1.478702 -0.015248 -0.175633 -0.929741 245.080002
-10.617626 11.742176 1.504656 0.085599 -0.104662 -0.963353 245.710007
-10.805067 11.813037 1.516088 0.057559 -0.062002 -0.973478 245.929993
-11.000998 11.882154 1.527475 0.029056 -0.024978 -0.983115 246.130005
-11.193299 11.946886 1.539377 0.015808 -0.014475 -0.991085 246.320007
-11.383498 12.010974 1.550897 -0.037568 -0.017846 -0.995503 246.509995
-11.574566 12.093367 1.560893 -0.102096 -0.028373 -0.995236 246.720001
-11.740561 12.216111 1.566835 -0.116461 -0.025255 -0.990881 246.949997
-11.861158 12.382631 1.566717 -0.096796 -0.028341 -0.982460 247.190002
-11.937439 12.572664 1.561346 -0.055973 -0.026272 -0.975259 247.419998
-11.993734 12.767693 1.550279 0.048872 -0.006854 -0.971540 247.639999
-12.074397 12.958153 1.531698 0.122482 0.006514 -0.969919 247.880005
-12.212937 13.108766 1.504380 0.121116 0.013837 -0.974002 248.139999
-12.393869 13.198514 1.472059 0.098345 0.000741 -0.987433 248.389999
-12.591841 13.247215 1.440482 0.049426 0.010618 -1.003771 248.619995
-12.790586 13.273745 1.416109 0.037795 0.013066 -1.025031 248.839996
-12.991776 13.284559 1.401682 0.035947 0.005532 -1.051024 249.059998
-13.195063 13.284261 1.397455 0.019253 0.002838 -1.080122 249.279999
-13.396439 13.278292 1.402242 0.025583 -0.006818 -1.112225 249.500000
-13.598188 13.270329 1.412935 0.011997 -0.009186 -1.146031 249.720001
-13.806521 13.263995 1.424665 0.018139 -0.016858 -1.182769 249.949997
-14.014949 13.262269 1.433452 0.015110 -0.016813 -1.220116 250.179993
-14.222620 13.265766 1.437478 0.014798 -0.013795 -1.257431 250.410004
-14.429148 13.273328 1.436533 0.026684 -0.013194 -1.294560 250.639999
-14.637936 13.283132 1.432282 0.020079 -0.005315 -1.330918 250.869995
-14.846771 13.292595 1.427206 0.028189 -0.000446 -1.366731 251.100006
-15.048316 13.298918 1.423200 0.014510 0.003068 -1.400150 251.320007
-15.255263 13.302563 1.421105 0.010727 0.001777 -1.434023 251.550003
-15.457147 13.304399 1.423017 0.026856 -0.002450 -1.467108 251.779999
-15.660550 13.305975 1.428969 0.020106 -0.003980 -1.499367 252.009995
-15.864437 13.308619 1.438233 0.028917 -0.003810 -1.531031 252.240005
-16.071785 13.312501 1.449952 0.025133 -0.005253 -1.562358 252.470001
-16.271999 13.319200 1.460508 0.020072 -0.023625 -1.591935 252.690002
-16.471340 13.336283 1.467868 0.026570 -0.035789 -1.621337 252.910004
-16.671749 13.369047 1.471058 0.031290 -0.035531 -1.650775 253.130005
-16.875025 13.417313 1.470184 0.033770 -0.027952 -1.680477 253.350006
-17.070374 13.474042 1.466017 -0.020763 -0.011887 -1.708675 253.559998
-17.261290 13.536630 1.459454 -0.095259 0.006056 -1.738841 253.789993
-17.449669 13.605788 1.447633 -0.109994 0.013960 -1.778851 254.160004
-17.591948 13.746510 1.466795 0.102836 -0.054095 -1.825891 255.050003
-17.730637 13.892544 1.496123 0.086353 -0.040258 -1.840573 255.339996
-17.875282 14.036736 1.522766 0.048915 -0.020457 -1.854675 255.570007
-18.020029 14.177462 1.548575 0.036020 -0.013399 -1.871147 255.779999
-18.170181 14.320518 1.574364 0.013122 0.017455 -1.890236 255.990005
-18.321909 14.450002 1.597369 0.003997 0.091406 -1.913145 256.200012
-18.504219 14.547866 1.617939 0.007594 0.127442 -1.943128 256.440002
-18.704639 14.579056 1.631462 0.009915 0.113046 -1.976230 256.679993
-18.904167 14.558313 1.638489 0.007877 0.073366 -2.008711 256.899994
-19.100893 14.514759 1.639538 0.018182 -0.027310 -2.040208 257.109985
-19.298794 14.485676 1.634504 0.038230 -0.110096 -2.075082 257.329987
-19.500210 14.515309 1.621541 0.031264 -0.124675 -2.114220 257.579987
-19.676382 14.620527 1.600487 0.042057 -0.097328 -2.153534 257.839996
-19.818768 14.771029 1.576476 0.043231 -0.060277 -2.188895 258.079987
-19.941814 14.938240 1.555217 0.035018 -0.037384 -2.221323 258.299988
-20.055698 15.112575 1.539752 0.032161 -0.023962 -2.252314 258.510010
-20.162727 15.286142 1.530791 0.027797 -0.014055 -2.281731 258.709991
-20.269308 15.462824 1.527367 0.024143 -0.007254 -2.311139 258.910004
-20.375851 15.639665 1.528707 0.013583 -0.001726 -2.340455 259.109985
-20.480707 15.812420 1.533367 0.002545 0.002003 -2.369535 259.309998
-20.587271 15.985932 1.540662 0.011085 0.001454 -2.399872 259.519989
-20.695587 16.161350 1.548911 -0.008477 -0.028351 -2.430844 259.739990
-20.788551 16.342005 1.553990 -0.027825 -0.086544 -2.461490 259.970001
-20.837013 16.536673 1.552513 -0.036178 -0.093803 -2.494368 260.209991
-20.831409 16.736580 1.543538 -0.020427 -0.082004 -2.527475 260.450012
-20.786369 16.932859 1.529132 -0.013055 -0.048664 -2.558804 260.679993
-20.720526 17.123455 1.512305 -0.052195 0.030674 -2.590376 260.910004
-20.640587 17.310184 1.492908 -0.072875 0.082741 -2.627222 261.209991
-20.481962 17.434010 1.493812 -0.002171 -0.118882 -2.634214 262.109985
-20.295734 17.509346 1.519951 0.003704 -0.099828 -2.607422 262.429993
-20.110712 17.596746 1.544642 0.003773 -0.059827 -2.578877 262.670013
-19.924988 17.690250 1.568771 0.000194 -0.034983 -2.548124 262.890015
-19.743521 17.784058 1.590319 -0.001410 -0.027707 -2.515726 263.100006
-19.561071 17.879744 1.606978 -0.001276 -0.026785 -2.481082 263.309998
-19.378202 17.977262 1.617401 -0.001676 -0.027023 -2.444902 263.519989
-19.195129 18.076704 1.621620 -0.002367 -0.025032 -2.407884 263.730011
-19.012508 18.177557 1.620656 -0.001681 -0.017058 -2.370709 263.940002
-18.833652 18.277758 1.615346 0.008312 0.003863 -2.334096 264.149994
-18.658680 18.380243 1.602628 0.026491 -0.010070 -2.297041 264.369995
-18.491255 18.493816 1.579342 0.033989 -0.026186 -2.259413 264.600006
-18.338175 18.620741 1.547746 0.038192 -0.015833 -2.223842 264.829987
-18.199694 18.766708 1.514473 0.074668 -0.014934 -2.194146 265.070007
-18.093357 18.942896 1.488850 0.087567 -0.016590 -2.173457 265.320007
-18.031979 19.137369 1.475775 0.069461 -0.012110 -2.164065 265.559998
-18.002975 19.339500 1.473763 0.050898 -0.018499 -2.166640 265.790009
-17.992140 19.542738 1.479742 0.024190 -0.010112 -2.177503 266.010010
-17.988926 19.746061 1.490049 0.011045 0.000033 -2.196258 266.230011
-17.990652 19.952108 1.500652 0.023125 -0.006348 -2.223067 266.459991
-17.999247 20.156595 1.508030 0.030448 -0.016117 -2.255022 266.690002
-18.013271 20.356689 1.510816 0.033229 -0.023520 -2.285996 266.910004
-18.030888 20.563986 1.509412 0.014482 -0.022905 -2.313091 267.130005
-18.042841 20.772045 1.505651 -0.057655 -0.043734 -2.333419 267.350006
-18.019894 20.974792 1.501584 -0.100929 -0.061749 -2.345813 267.579987
-17.938229 21.160330 1.497637 -0.094654 -0.048054 -2.351961 267.820007
-17.805183 21.318726 1.494702 -0.069997 -0.049234 -2.345993 268.059998
-17.649559 21.448612 1.493110 -0.037211 -0.027029 -2.333259 268.279999
-17.479921 21.569624 1.491451 -0.008090 -0.022299 -2.312372 268.500000
-17.308577 21.689548 1.488536 0.009232 -0.028741 -2.285075 268.720001
-17.141354 21.814909 1.483830 0.018986 -0.012830 -2.252933 268.940002
-16.984541 21.944475 1.477000 0.014549 -0.020425 -2.217812 269.160004
-16.835428 22.078901 1.468528 0.009465 -0.020343 -2.180470 269.380005
-16.685493 22.223085 1.458362 0.002880 -0.019768 -2.140343 269.609985
-16.539230 22.368982 1.447305 -0.003324 -0.023094 -2.099996 269.839996
-16.394085 22.516541 1.434905 0.003542 -0.023078 -2.060156 270.070007
-16.252279 22.667686 1.419856 0.005812 -0.034212 -2.021012 270.299988
-16.119232 22.819990 1.402777 0.004130 -0.038049 -1.984321 270.519989
-15.987526 22.981289 1.383221 -0.000169 -0.038271 -1.948429 270.739990
-15.862539 23.142113 1.363042 0.006884 -0.004325 -1.915236 270.950012
-15.741762 23.303194 1.343058 0.030012 0.071633 -1.881782 271.170013
-15.624647 23.464645 1.326465 0.059684 0.160216 -1.841490 271.480011
-15.443391 23.556179 1.350407 -0.112543 -0.071725 -1.787865 272.399994
-15.253854 23.617220 1.390094 -0.082634 -0.055726 -1.774200 272.670013
-15.059599 23.683817 1.428037 -0.042568 -0.030593 -1.760947 272.890015
-14.870948 23.750736 1.465134 -0.026746 -0.017678 -1.745547 273.089996
-14.679626 23.819540 1.503217 -0.011983 -0.007017 -1.727595 273.290009
-14.491965 23.887203 1.540696 -0.001247 -0.000227 -1.707328 273.489990
-14.304227 23.956209 1.576166 0.023516 -0.029629 -1.684247 273.700012
-14.119244 24.044209 1.603406 0.058818 -0.075870 -1.657912 273.929993
-13.962602 24.172310 1.614984 0.061859 -0.093690 -1.626682 274.170013
-13.844095 24.343805 1.609539 0.043935 -0.080498 -1.591249 274.410004
-13.761377 24.530792 1.592959 0.026800 -0.047492 -1.557027 274.630005
-13.697851 24.721418 1.570701 0.008564 -0.026222 -1.524529 274.839996
-13.641500 24.913326 1.545337 -0.014864 -0.001722 -1.492298 275.049988
-13.577781 25.105688 1.518414 -0.054328 0.023182 -1.459150 275.269989
-13.487267 25.288778 1.491955 -0.074752 0.027540 -1.424531 275.500000
-13.363673 25.454222 1.470012 -0.060305 0.013217 -1.389431 275.730011
-13.222014 25.603239 1.457751 -0.041099 -0.008501 -1.355877 275.950012
-13.076385 25.745432 1.455498 -0.018314 -0.022067 -1.324495 276.160004
-12.934412 25.892235 1.460937 0.039911 -0.056351 -1.294024 276.369995
-12.817304 26.057930 1.472205 0.080984 -0.084958 -1.263042 276.589996
-12.750968 26.249363 1.486480 0.082899 -0.086517 -1.228638 276.820007
-12.741484 26.457556 1.500604 0.060529 -0.071469 -1.192977 277.049988
-12.769869 26.656811 1.511977 0.042298 -0.021957 -1.159537 277.260010
-12.819021 26.854542 1.520953 0.037972 0.068213 -1.125455 277.480011
-12.882046 27.045134 1.527566 0.028017 0.112951 -1.089063 277.769989
-13.032420 26.915527 1.552722 0.101180 0.042704 -1.073666 278.660004
-13.136734 26.736198 1.565657 0.074528 0.030500 -1.091742 278.899994
-13.247161 26.559259 1.579326 0.048015 0.020065 -1.114412 279.109985
-13.361132 26.382824 1.593653 0.027023 0.017288 -1.140725 279.309998
-13.469945 26.212879 1.606242 -0.011436 0.033055 -1.169470 279.500000
-13.570666 26.032051 1.615876 -0.042606 0.054370 -1.203376 279.700012
-13.648112 25.837717 1.620686 -0.056007 0.042293 -1.239635 279.910004
-13.694450 25.642914 1.619971 -0.048806 0.036604 -1.277331 280.119995
-13.715364 25.439991 1.613868 -0.033270 0.026634 -1.317121 280.339996
-13.717316 25.238865 1.602147 -0.017017 0.026530 -1.356984 280.559998
-13.708898 25.037685 1.585227 -0.003963 0.024978 -1.396093 280.779999
-13.696959 24.836401 1.564475 0.003068 0.014356 -1.433527 281.000000
-13.685893 24.637793 1.540797 0.006945 0.024863 -1.468697 281.220001
-13.677364 24.439011 1.515956 0.004349 0.006758 -1.500984 281.440002
-13.669917 24.237000 1.491194 -0.012003 0.012259 -1.528463 281.670013
-13.656085 24.030781 1.468067 -0.021631 0.024284 -1.547476 281.910004
-13.632582 23.832691 1.449353 -0.020594 0.019455 -1.556848 282.140015
-13.599999 23.635149 1.433329 -0.006956 0.021283 -1.561683 282.369995
-13.566971 23.437004 1.418459 0.034951 0.027543 -1.564900 282.600006
-13.552252 23.235268 1.403537 0.056320 0.037029 -1.569405 282.829987
-13.564495 23.035601 1.388413 0.054092 0.034399 -1.577185 283.049988
-13.600833 22.830311 1.372013 0.041262 0.030151 -1.588644 283.269989
-13.651770 22.632261 1.356025 0.027510 0.011829 -1.603551 283.480011
-13.712366 22.438404 1.341319 0.022877 0.015422 -1.621253 283.690002
-13.780017 22.247967 1.328880 0.018973 0.022549 -1.642132 283.899994
-13.853037 22.058058 1.318874 0.014418 0.024900 -1.663590 284.109985
-13.929191 21.868061 1.311736 -0.004791 0.013970 -1.682545 284.320007
-13.999052 21.680584 1.311903 -0.052994 0.011639 -1.696471 284.529999
-14.045633 21.485455 1.323650 -0.078888 0.017055 -1.703876 284.750000
-14.054323 21.278925 1.348487 -0.074527 0.016674 -1.702358 284.980011
-14.027842 21.078957 1.382120 -0.056117 0.017490 -1.692805 285.200012
-13.980314 20.887032 1.417017 -0.036483 0.021029 -1.676906 285.410004
-13.920641 20.693892 1.447635 -0.020780 0.028114 -1.655065 285.619995
-13.856042 20.497845 1.470056 -0.008995 0.028941 -1.627918 285.829987
-13.791348 20.299046 1.483091 -0.002240 0.029535 -1.596603 286.040009
-13.731943 20.107376 1.487436 0.002119 0.019780 -1.563938 286.239990
-13.673453 19.908113 1.484933 0.011363 -0.001298 -1.529666 286.450012
-13.621046 19.708517 1.475805 0.034991 0.010588 -1.497347 286.670013
-13.585205 19.504232 1.460850 0.045814 0.024869 -1.471387 286.899994
-13.572295 19.296307 1.442191 0.041651 0.033708 -1.455888 287.130005
-13.578094 19.090263 1.422393 0.030538 0.033518 -1.451751 287.350006
-13.594750 18.889547 1.403346 0.011679 -0.019283 -1.457457 287.559998
-13.618459 18.691296 1.384979 -0.011787 -0.093026 -1.469625 287.790009
-13.649552 18.493778 1.363589 -0.022838 -0.104672 -1.497285 288.160004
-13.636384 18.296186 1.398498 -0.013830 0.131421 -1.514130 289.079987
-13.604200 18.102360 1.437509 -0.007979 0.097875 -1.501052 289.350006
-13.571652 17.902430 1.472929 -0.001888 0.053233 -1.489124 289.570007
-13.541358 17.706881 1.504928 0.020198 0.032886 -1.480188 289.769989
-13.519353 17.506975 1.531677 0.055167 0.018674 -1.475181 289.970001
-13.517663 17.307186 1.550230 0.067322 0.004832 -1.475578 290.170013
-13.542151 17.103024 1.560083 0.058025 -0.007895 -1.481471 290.380005
-13.592277 16.900030 1.560726 0.045693 0.003556 -1.492167 290.600006
-13.660056 16.704193 1.553319 0.010556 0.013473 -1.508135 290.820007
-13.726313 16.512226 1.537215 -0.078456 0.015248 -1.525490 291.040009
-13.755332 16.307938 1.510141 -0.123139 0.012466 -1.539970 291.279999
-13.718180 16.110205 1.476138 -0.108816 0.014306 -1.548152 291.519989
-13.628769 15.924592 1.446662 -0.068134 0.024730 -1.549353 291.750000
-13.519873 15.753998 1.428114 -0.029777 0.018412 -1.542844 291.959991
-13.402763 15.583990 1.419211 -0.003636 0.014146 -1.530520 292.170013
-13.288941 15.415771 1.419584 0.004882 0.024910 -1.512679 292.380005
-13.182455 15.246494 1.427089 0.014153 0.007188 -1.490305 292.589996
-13.082064 15.072765 1.437540 0.013843 0.016295 -1.462336 292.809998
-12.988139 14.891748 1.446797 0.007027 0.028163 -1.429387 293.040009
-12.901177 14.707062 1.452341 0.011384 0.015650 -1.395743 293.269989
-12.822698 14.514440 1.455305 0.062889 0.013881 -1.364565 293.510010
-12.779445 14.317828 1.458203 0.088626 0.014212 -1.342250 293.750000
-12.782735 14.114788 1.461852 0.075741 0.006446 -1.331225 293.989990
-12.822898 13.917500 1.466962 0.057894 0.015149 -1.329704 294.220001
-12.886684 13.719688 1.472373 0.006506 -0.035668 -1.339127 294.450012
-12.962613 13.530066 1.477178 -0.046152 -0.088132 -1.353849 294.709991
-12.769622 13.477171 1.476060 -0.112334 -0.000230 -1.380936 295.739990
-12.578949 13.538367 1.469521 -0.062756 0.005942 -1.362485 295.959991
-12.378657 13.595555 1.463022 -0.005612 0.046688 -1.339239 296.170013
-12.179967 13.631516 1.458481 0.016166 0.091492 -1.309631 296.380005
-11.978723 13.626842 1.455788 0.027243 0.090404 -1.275245 296.600006
-11.778575 13.575893 1.454923 0.021367 0.073681 -1.236965 296.829987
-11.595078 13.493292 1.455938 0.008679 0.053332 -1.198527 297.049988
-11.416345 13.390628 1.458539 0.000936 0.028676 -1.159406 297.269989
-11.241826 13.281061 1.462661 -0.019304 -0.003619 -1.120315 297.489990
-11.060175 13.179919 1.468411 -0.066559 -0.052629 -1.079147 297.720001
-10.863633 13.120268 1.475519 -0.075720 -0.069831 -1.037190 297.959991
-10.661574 13.116666 1.482498 -0.064999 -0.056403 -0.998721 298.200012
-10.465348 13.155955 1.489354 -0.057225 -0.029570 -0.964108 298.429993
-10.274870 13.218206 1.495481 -0.012235 -0.008729 -0.931663 298.649994
-10.081952 13.285242 1.500589 0.023918 0.050011 -0.897945 298.880005
-9.884665 13.323929 1.504080 0.036678 0.078587 -0.863916 299.119995
-9.678068 13.315127 1.505248 0.031887 0.072184 -0.831042 299.369995
-9.476781 13.265685 1.504167 0.014662 0.062821 -0.800140 299.609985
-9.287025 13.196154 1.501842 0.005536 0.037321 -0.772246 299.829987
-9.095745 13.115769 1.499017 -0.003995 0.027189 -0.744266 300.049988
-8.912295 13.035855 1.496343 -0.009490 0.020675 -0.717355 300.260010
-8.720452 12.953526 1.493779 -0.008706 0.007476 -0.689130 300.480011
-8.532179 12.875743 1.491499 -0.011858 0.019966 -0.660974 300.700012
-8.343417 12.801144 1.489664 -0.026560 0.012148 -0.632453 300.920013
-8.152485 12.738849 1.487853 -0.075391 -0.020633 -0.602358 301.140015
-7.950805 12.712345 1.485115 -0.092961 -0.039968 -0.569442 301.369995
-7.751651 12.736055 1.480915 -0.078791 -0.039049 -0.537237 301.600006
-7.558865 12.802403 1.475432 -0.065690 -0.017615 -0.506054 301.829987
-7.376312 12.893931 1.469551 -0.050686 0.002518 -0.475574 302.049988
-7.200138 12.996185 1.464521 -0.034844 0.012198 -0.445524 302.260010
-7.021673 13.104730 1.461573 -0.023356 0.016579 -0.414983 302.470001
-6.849972 13.209244 1.461345 -0.018881 0.020398 -0.385575 302.670013
-6.676337 13.312747 1.463645 -0.015858 0.020985 -0.355796 302.869995
-6.501192 13.414351 1.468016 -0.011293 0.017111 -0.325763 303.070007
-6.327164 13.512948 1.473708 0.004601 0.003233 -0.296806 303.269989
-6.143430 13.611646 1.481297 0.053015 0.022914 -0.268728 303.489990
-5.948680 13.683207 1.491330 0.090653 0.050771 -0.245904 303.730011
-5.743537 13.697332 1.502360 0.085131 0.039802 -0.235833 303.980011
-5.546246 13.658793 1.512648 0.058130 0.035912 -0.231432 304.220001
-5.355653 13.590751 1.521523 0.017859 0.038296 -0.228814 304.450012
-5.167495 13.516028 1.528963 -0.009914 0.037040 -0.225403 304.670013
-4.974384 13.445783 1.534307 -0.020567 -0.029700 -0.219190 304.890015
-4.782100 13.384881 1.537228 -0.018762 -0.101297 -0.210845 305.140015
-4.924297 13.527753 1.556733 -0.036138 -0.097394 -0.180298 306.149994
-5.102195 13.633429 1.561816 -0.016282 -0.039652 -0.168853 306.350006
-5.277658 13.738266 1.566880 -0.012788 -0.011819 -0.154352 306.540009
-5.449289 13.843751 1.571139 -0.016947 -0.006041 -0.137121 306.730011
-5.623037 13.956021 1.574014 -0.010624 0.005400 -0.116735 306.929993
-5.794560 14.072653 1.574733 -0.008564 0.005063 -0.092782 307.140015
-5.963171 14.192671 1.573177 -0.014445 -0.009901 -0.065140 307.359985
-6.126710 14.313601 1.570220 -0.027389 -0.009559 -0.035223 307.579987
-6.285529 14.441649 1.567507 -0.048538 0.003310 -0.003634 307.799988
-6.434780 14.584669 1.565696 -0.042146 0.015222 0.028983 308.019989
-6.570423 14.740311 1.565003 -0.034913 0.015705 0.062804 308.239990
-6.693283 14.904925 1.565646 -0.034832 0.006472 0.097445 308.459991
-6.807793 15.076301 1.567295 -0.015723 0.004300 0.131754 308.679993
-6.916026 15.247702 1.569846 -0.018754 -0.004870 0.165988 308.899994
-7.022666 15.417233 1.572589 -0.003097 -0.028198 0.199496 309.119995
-7.142694 15.584398 1.574703 0.001052 -0.056370 0.233748 309.350006
-7.282113 15.735392 1.575442 0.011627 -0.050666 0.267487 309.579987
-7.437953 15.867219 1.574711 -0.000044 -0.044810 0.300517 309.809998
-7.607069 15.985465 1.572939 -0.017085 -0.038412 0.333030 310.040009
-7.779887 16.093912 1.570661 -0.026018 -0.029441 0.363844 310.260010
-7.952291 16.197914 1.568040 -0.021257 -0.010956 0.392969 310.470001
-8.123408 16.304323 1.561654 -0.026324 0.030640 0.422149 310.679993
-8.286938 16.426691 1.547224 -0.040248 0.054339 0.453037 310.899994
-8.428052 16.568157 1.524618 -0.024478 0.053490 0.484262 311.119995
-8.551430 16.731812 1.492895 -0.029800 0.040784 0.517128 311.350006
-8.653451 16.901144 1.456814 -0.017810 0.020140 0.548653 311.570007
-8.752446 17.079010 1.420575 0.017102 -0.052347 0.579547 311.799988
-8.874795 17.237186 1.392884 0.024920 -0.112627 0.611544 312.049988
-9.048323 17.341547 1.379507 0.024657 -0.103059 0.647769 312.320007
-9.251462 17.382114 1.382000 -0.000596 -0.083503 0.682527 312.579987
-9.454814 17.386475 1.393958 -0.004594 -0.043938 0.712744 312.809998
-9.657083 17.379543 1.407326 -0.032088 0.010050 0.741606 313.029999
-9.864900 17.387611 1.414681 -0.061968 0.056577 0.771036 313.260010
-10.063665 17.435116 1.410695 -0.066617 0.065778 0.802045 313.489990
-10.245377 17.520805 1.399475 -0.056969 0.047276 0.833566 313.709991
-10.414668 17.630138 1.387133 -0.043765 0.025059 0.864225 313.920013
-10.581871 17.753721 1.376291 -0.014202 0.008538 0.894512 314.130005
-10.744207 17.878866 1.368570 -0.013117 -0.001758 0.924767 314.339996
-10.909624 18.006968 1.365125 -0.003054 0.020052 0.956918 314.559998
-11.062601 18.137636 1.367645 -0.003940 0.054018 0.989684 314.779999
-11.201321 18.289331 1.376174 0.004332 0.054792 1.023889 315.010010
-11.317002 18.456240 1.389242 -0.002541 0.049404 1.057841 315.239990
-11.415428 18.636600 1.405750 -0.008131 0.035949 1.091774 315.470001
-11.502165 18.821817 1.422110 0.043378 -0.023386 1.123172 315.700012
-11.581286 19.005997 1.437510 0.081860 -0.068473 1.154637 315.980011
-11.652489 19.193115 1.441437 -0.087794 0.079005 1.215775 316.829987
-11.741316 19.372206 1.424614 -0.081267 0.075595 1.237859 317.220001
-11.833543 19.552626 1.409014 -0.063078 0.060734 1.255719 317.470001
-11.925991 19.731884 1.393810 -0.039958 0.040207 1.273565 317.679993
-12.019941 19.914333 1.379512 -0.009276 0.024072 1.292337 317.880005
-12.110698 20.098967 1.367999 0.007641 0.026956 1.312916 318.079987
-12.192069 20.284309 1.360380 0.012474 0.029206 1.335681 318.279999
-12.265849 20.480429 1.356778 0.008551 0.031505 1.361869 318.489990
-12.329753 20.679146 1.357141 0.003704 0.026973 1.390087 318.700012
-12.386883 20.877630 1.360123 -0.005880 -0.008211 1.419446 318.910004
-12.448574 21.072630 1.364376 -0.050559 -0.031120 1.451810 319.130005
-12.535439 21.254124 1.368464 -0.069998 -0.036007 1.487096 319.359985
-12.658802 21.417288 1.371039 -0.060968 -0.028950 1.523924 319.600006
-12.809732 21.558018 1.371748 -0.054245 -0.004732 1.559891 319.839996
-12.973510 21.682253 1.371122 -0.033616 0.004765 1.595020 320.070007
-13.138677 21.797003 1.369548 -0.026592 0.018701 1.628173 320.290009
-13.307963 21.913301 1.367371 -0.012332 0.016533 1.661310 320.510010
-13.475766 22.031239 1.364704 -0.008550 0.018462 1.693789 320.730011
-13.640235 22.151182 1.361773 -0.011748 0.023105 1.725732 320.950012
-13.802160 22.274326 1.360657 0.005369 0.021007 1.757047 321.170013
-13.962375 22.408087 1.366600 0.016432 0.036486 1.789159 321.399994
-14.109968 22.553934 1.381772 0.019702 0.032021 1.820256 321.630005
-14.244336 22.710571 1.405163 0.014652 0.028021 1.850733 321.859985
-14.368646 22.875137 1.435754 0.003560 0.032425 1.881160 322.089996
-14.484571 23.038282 1.465565 -0.022640 0.017606 1.910056 322.309998
-14.607327 23.197882 1.487331 -0.051941 0.014506 1.939448 322.529999
-14.746423 23.346712 1.497591 -0.047010 -0.005282 1.970427 322.750000
-14.898001 23.478863 1.495833 -0.042910 0.003526 2.000210 322.970001
-15.059867 23.597597 1.483735 -0.031870 0.009557 2.030293 323.190002
-15.228093 23.707527 1.464193 -0.017475 0.008140 2.058788 323.410004
-15.397346 23.811789 1.439669 -0.015072 0.022955 2.081649 323.630005
-15.567926 23.916454 1.414609 0.013665 0.028699 2.097168 323.850006
-15.737724 24.036802 1.396615 0.056025 0.039506 2.103989 324.079987
-15.884624 24.181671 1.391158 0.066757 0.028799 2.099497 324.309998
-16.002340 24.349089 1.397799 0.055196 0.024500 2.087469 324.540009
-16.095602 24.532846 1.415313 0.036324 0.028785 2.070773 324.769989
-16.170872 24.719196 1.439154 0.017244 0.015703 2.052221 324.989990
-16.239410 24.906174 1.461729 -0.017687 0.011855 2.035498 325.209991
-16.317904 25.093546 1.472598 -0.050206 0.022239 2.022610 325.440002
-16.416763 25.268930 1.467115 -0.042515 -0.018911 2.018788 325.670013
-16.537010 25.433018 1.448971 -0.005329 -0.092294 2.020529 325.929993
-16.644926 25.261887 1.452198 -0.048825 -0.097054 2.046459 327.040009
-16.630499 25.053995 1.475340 -0.027298 -0.049496 2.060122 327.260010
-16.618355 24.849644 1.500112 -0.015301 -0.022141 2.076889 327.459991
-16.607954 24.643909 1.526639 -0.018906 -0.008645 2.097158 327.660004
-16.603025 24.441113 1.549786 -0.034552 0.007658 2.120066 327.859985
-16.611412 24.233194 1.566692 -0.043137 0.014430 2.146582 328.070007
-16.636929 24.031290 1.574783 -0.030860 0.020251 2.174847 328.279999
-16.678829 23.828836 1.574243 -0.032171 0.008485 2.206759 328.500000
-16.732517 23.631212 1.566161 -0.030953 -0.004322 2.240132 328.720001
-16.792259 23.433784 1.552606 0.005077 -0.028686 2.274607 328.940002
-16.837416 23.238085 1.535127 0.067684 -0.070680 2.308095 329.160004
-16.834635 23.032618 1.512944 0.092015 -0.074539 2.347113 329.399994
-16.768890 22.843687 1.488401 0.075680 -0.066346 2.386927 329.640015
-16.658056 22.677315 1.463733 0.045151 -0.059331 2.424134 329.869995
-16.523207 22.524807 1.439841 0.005213 -0.027313 2.459503 330.089996
-16.383959 22.372807 1.415537 -0.051219 -0.003228 2.492700 330.309998
-16.263632 22.209503 1.390637 -0.076203 0.006717 2.524465 330.529999
-16.171459 22.028196 1.364921 -0.071583 0.009183 2.555764 330.750000
-16.105320 21.830853 1.341302 -0.054795 0.001257 2.587110 330.970001
-16.058535 21.631994 1.323481 -0.036956 -0.007096 2.616833 331.179993
-16.019669 21.428545 1.311164 -0.011973 -0.003841 2.645780 331.390015
-15.983777 21.228979 1.303969 -0.005054 -0.007979 2.674710 331.600006
-15.945889 21.026352 1.300782 -0.008950 -0.015378 2.704928 331.820007
-15.905280 20.827084 1.300655 -0.018437 -0.022724 2.735323 332.040009
-15.860561 20.626276 1.302249 -0.022764 -0.023791 2.765931 332.260010
-15.814099 20.431311 1.304284 -0.026046 -0.022548 2.795507 332.470001
-15.764848 20.233160 1.306318 -0.005567 -0.008048 2.824859 332.679993
-15.712856 20.031452 1.308681 0.001873 -0.004416 2.855449 332.899994
-15.658775 19.830914 1.312049 -0.013787 -0.013153 2.887424 333.130005
-15.602888 19.632732 1.317216 -0.027753 -0.020183 2.919629 333.359985
-15.545951 19.438677 1.323920 -0.031808 -0.020752 2.950651 333.579987
-15.485551 19.239185 1.331770 -0.016023 -0.011357 2.981540 333.799988
-15.424018 19.040659 1.340150 -0.016641 -0.008220 3.012635 334.019989
-15.363239 18.844124 1.349203 -0.024507 0.007721 3.043870 334.239990
-15.310894 18.646645 1.359552 -0.032628 0.040325 3.075237 334.459991
-15.280005 18.445646 1.371525 -0.026581 0.051058 3.107219 334.679993
-15.274293 18.243256 1.384592 -0.020163 0.045756 3.139524 334.899994
-15.289974 18.041441 1.398706 -0.026100 0.035313 -3.111206 335.119995
-15.320798 17.837490 1.413708 -0.029761 0.022915 -3.078578 335.339996
-15.357609 17.639784 1.428120 -0.019228 -0.006295 -3.047397 335.549988
-15.389012 17.434364 1.440294 -0.017503 -0.066584 -3.015366 335.769989
-15.387919 17.226189 1.447869 -0.015341 -0.091690 -2.982374 336.000000
-15.341918 17.028843 1.449307 -0.007952 -0.079839 -2.950092 336.230011
-15.258452 16.844666 1.445633 -0.017358 -0.057356 -2.918308 336.459991
-15.151190 16.671270 1.438547 0.038961 -0.015671 -2.887316 336.690002
-15.030696 16.507324 1.428852 0.097190 0.022792 -2.852392 336.959991
-14.887738 16.366547 1.414011 -0.083669 -0.067084 -2.795996 337.790009
-14.709344 16.264059 1.425577 -0.103359 -0.072491 -2.774302 338.230011
-14.538201 16.157879 1.434913 -0.064631 -0.044240 -2.761547 338.470001
-14.365626 16.049156 1.443137 -0.029692 -0.016873 -2.747090 338.679993
-14.189388 15.936197 1.450633 -0.019920 -0.000681 -2.729066 338.890015
-14.017337 15.820793 1.456887 -0.024503 0.002116 -2.708074 339.100006
-13.850998 15.702278 1.461625 -0.008146 0.008068 -2.684957 339.309998
-13.686098 15.578607 1.464746 -0.016974 0.002042 -2.658219 339.529999
-13.526761 15.453949 1.466580 -0.027841 -0.006359 -2.629568 339.750000
-13.367009 15.326337 1.467618 -0.010174 -0.018713 -2.602174 339.970001
-13.198222 15.204557 1.467373 0.072860 -0.070296 -2.580412 340.200012
-13.005594 15.133832 1.465319 0.114880 -0.096844 -2.565206 340.459991
-12.806083 15.161972 1.459760 0.097051 -0.079097 -2.556770 340.730011
-12.624008 15.263725 1.452579 0.062246 -0.065335 -2.561404 340.980011
-12.463515 15.391818 1.445685 0.029800 -0.032531 -2.573154 341.200012
-12.312325 15.527677 1.439490 0.011270 -0.024956 -2.592317 341.410004
-12.162839 15.666776 1.433884 0.012069 -0.011176 -2.616834 341.619995
-12.018749 15.806480 1.429077 0.023804 -0.012709 -2.645646 341.829987
-11.875524 15.957015 1.424905 0.021505 -0.005395 -2.678320 342.049988
-11.741342 16.110367 1.421392 0.019633 -0.007972 -2.710147 342.269989
-11.614230 16.265810 1.418483 0.009745 -0.012498 -2.737215 342.489990
-11.483229 16.422443 1.414551 -0.079348 -0.008975 -2.757661 342.720001
-11.320323 16.547436 1.406658 -0.137948 -0.012572 -2.770404 342.980011
-11.122363 16.589363 1.392621 -0.119032 -0.009350 -2.772418 343.250000
-10.917313 16.559746 1.375013 -0.088057 -0.019046 -2.761143 343.500000
-10.722731 16.498541 1.359456 -0.032925 -0.021049 -2.743852 343.720001
-10.531408 16.432667 1.351706 0.007926 -0.036351 -2.720671 343.929993
-10.336785 16.378736 1.354092 0.030572 -0.035380 -2.692358 344.140015
-10.134184 16.344252 1.367064 0.032940 -0.030814 -2.658567 344.359985
-9.928415 16.330357 1.387989 0.003667 -0.002463 -2.619536 344.589996
-9.724257 16.318043 1.410359 -0.049025 0.021849 -2.577864 344.829987
-9.527854 16.279762 1.428717 -0.056180 0.031060 -2.536180 345.070007
-9.337832 16.209042 1.440658 -0.058120 0.023418 -2.493893 345.309998
-9.157590 16.114599 1.445909 -0.046500 0.009631 -2.453745 345.540009
-8.983371 16.010141 1.446873 -0.022430 -0.025027 -2.416190 345.760010
-8.802675 15.910326 1.446469 -0.008674 -0.051259 -2.380284 345.980011
-8.612643 15.828487 1.446037 0.007932 -0.048392 -2.345827 346.200012
-8.418448 15.768694 1.446280 0.001989 -0.042538 -2.312472 346.420013
-8.222082 15.727087 1.447591 0.015001 -0.020215 -2.280361 346.640015
-8.021831 15.697725 1.449183 0.075139 0.028788 -2.246302 346.880005
-7.819639 15.679780 1.451270 0.111047 0.065486 -2.203640 347.250000
-7.615973 15.696529 1.474782 -0.105369 -0.079971 -2.159660 348.079987
-7.411661 15.712704 1.498114 -0.079335 -0.059403 -2.144763 348.359985
-7.207678 15.728196 1.518587 -0.041987 -0.030794 -2.130699 348.579987
-6.999268 15.743926 1.538875 -0.019953 -0.014451 -2.113669 348.790009
-6.799733 15.759164 1.558068 -0.012505 -0.012629 -2.094734 348.989990
-6.592852 15.776336 1.577644 -0.014138 -0.016131 -2.072298 349.200012
-6.387733 15.795711 1.596429 -0.015381 -0.017410 -2.047392 349.410004
-6.183255 15.817653 1.614518 -0.019544 -0.018442 -2.020157 349.619995
-5.979054 15.841821 1.631302 -0.000519 0.001498 -1.991202 349.829987
-5.775418 15.862708 1.643132 -0.003205 0.064091 -1.958168 350.049988
-5.574637 15.853122 1.644947 -0.026627 0.103129 -1.921175 350.290009
-5.383009 15.785379 1.633260 -0.037606 0.096214 -1.881413 350.540009
-5.213592 15.673920 1.611846 -0.034685 0.069027 -1.843773 350.769989
-5.061156 15.544558 1.586306 -0.012476 0.032672 -1.809629 350.980011
-4.913167 15.407069 1.559571 -0.016726 -0.013393 -1.776958 351.190002
-4.756727 15.274380 1.535116 -0.037777 -0.048624 -1.742930 351.410004
-4.588487 15.167156 1.516700 -0.031153 -0.057846 -1.709571 351.630005
-4.401594 15.086389 1.504034 -0.035688 -0.045429 -1.676090 351.859985
-4.204275 15.030882 1.497312 -0.031229 -0.027241 -1.643461 352.089996
-4.004462 14.991995 1.494592 0.046174 -0.024219 -1.612202 352.320007
-3.802009 14.964112 1.494539 0.106070 -0.020223 -1.577915 352.609985
-3.619241 14.876544 1.519436 -0.084484 0.107828 -1.519076 353.519989
-3.490112 14.721275 1.543917 -0.073876 0.084955 -1.499603 353.829987
-3.352833 14.565376 1.564956 -0.042787 0.045059 -1.481204 354.059998
-3.212384 14.411114 1.584050 -0.023270 0.021018 -1.463325 354.269989
-3.074460 14.263404 1.598712 -0.019326 0.015112 -1.444496 354.470001
-2.934784 14.117580 1.607731 -0.019244 0.015503 -1.423252 354.670013
-2.793557 13.973781 1.610505 -0.017761 0.015481 -1.399578 354.869995
-2.651303 13.832038 1.607545 -0.015454 0.015558 -1.373737 355.070007
-2.502007 13.685709 1.599790 -0.006788 0.001818 -1.344624 355.279999
-2.355758 13.547825 1.589652 -0.034324 -0.042246 -1.314559 355.489990
-2.192198 13.429102 1.579114 -0.075685 -0.081601 -1.279175 355.720001
-1.998352 13.362589 1.569952 -0.066811 -0.084335 -1.240873 355.970001
-1.792302 13.359536 1.563794 -0.064546 -0.055586 -1.204240 356.220001
-1.592885 13.396786 1.560971 -0.039109 -0.028188 -1.170471 356.450012
-1.399520 13.449786 1.558653 -0.014361 0.009814 -1.137970 356.670013
-1.198388 13.501266 1.554009 -0.013793 0.045329 -1.103871 356.899994
-0.993372 13.534008 1.545841 0.000075 0.044558 -1.070114 357.130005
-0.787389 13.545737 1.533691 -0.004971 0.042546 -1.036989 357.359985
-0.579462 13.539529 1.520070 -0.008609 0.041828 -1.004202 357.589996
-0.376758 13.519357 1.509015 -0.012604 0.040660 -0.972970 357.809998
-0.178453 13.489559 1.501898 -0.016550 0.036886 -0.943069 358.019989
0.024726 13.452714 1.498447 -0.016544 0.028805 -0.912970 358.230011
0.230724 13.412278 1.498044 -0.008637 0.013465 -0.882751 358.440002
0.433704 13.371410 1.498053 -0.004281 0.009118 -0.852849 358.649994
0.631149 13.330728 1.496017 -0.007655 0.016008 -0.823097 358.859985
0.833970 13.287658 1.490812 -0.002561 0.006920 -0.792113 359.079987
1.030624 13.245032 1.482028 -0.007850 0.016120 -0.761513 359.299988
1.233506 13.200307 1.469784 -0.011040 0.016353 -0.729723 359.529999
1.436246 13.156740 1.457511 -0.021702 0.019014 -0.698146 359.760010
1.633532 13.119105 1.448091 -0.028445 0.024955 -0.667932 359.980011
1.837676 13.086526 1.441799 -0.029258 0.025306 -0.637391 360.200012
2.039166 13.060923 1.438558 -0.033123 0.019395 -0.607818 360.410004
2.245534 13.043232 1.437428 -0.031781 0.012443 -0.577826 360.619995
2.452689 13.034617 1.437627 -0.018681 -0.003422 -0.547569 360.829987
2.653808 13.033787 1.438523 -0.016735 0.005584 -0.517955 361.040009
2.859848 13.038304 1.439912 -0.010447 0.005445 -0.486890 361.260010
3.064909 13.046088 1.440999 0.026457 -0.058443 -0.456498 361.489990
3.266251 13.056542 1.440915 0.049885 -0.098576 -0.423492 361.790009
3.467642 13.058054 1.445505 -0.038934 0.114096 -0.365127 362.660004
3.672745 13.048933 1.456285 -0.034531 0.098178 -0.345802 363.000000
3.876226 13.042311 1.464758 -0.018352 0.046190 -0.328664 363.239990
4.079662 13.037683 1.471457 -0.014037 0.027283 -0.311657 363.459991
4.287056 13.035531 1.476137 -0.013099 0.023832 -0.292218 363.679993
4.495302 13.036086 1.478217 -0.008332 0.009927 -0.270153 363.899994
4.699511 13.039008 1.477822 -0.008556 0.021070 -0.245857 364.119995
4.903018 13.043323 1.475683 -0.006297 0.015032 -0.219201 364.339996
5.104177 13.048749 1.472439 -0.005902 0.015020 -0.190863 364.559998
5.311959 13.055569 1.468688 -0.007058 0.025952 -0.159640 364.790009
5.520598 13.063483 1.465172 -0.005192 0.017549 -0.127560 365.019989
5.728174 13.072405 1.462062 -0.004659 0.027153 -0.096079 365.250000
5.928468 13.081474 1.459509 -0.001909 0.017811 -0.067423 365.470001
6.136840 13.090625 1.457040 0.002774 0.025110 -0.040523 365.700012
6.337219 13.097286 1.454825 0.004899 0.026609 -0.018771 365.920013
6.539023 13.101178 1.452600 0.004868 0.017455 -0.001732 366.140015
6.739207 13.102646 1.450130 0.003665 0.025939 0.010029 366.359985
6.940402 13.102434 1.447389 0.003207 0.018190 0.016310 366.579987
7.140644 13.100840 1.443737 0.004104 0.023268 0.018020 366.799988
7.341235 13.097651 1.439014 0.004284 0.024107 0.016103 367.019989
7.542176 13.092864 1.433290 0.003331 0.016313 0.011557 367.239990
7.750338 13.086583 1.426359 0.002371 0.029528 0.005111 367.470001
7.951235 13.079842 1.419253 0.000808 0.008269 -0.001859 367.690002
8.156035 13.072862 1.411751 -0.002382 0.011149 -0.008529 367.920013
8.356325 13.067307 1.404350 -0.003799 0.027211 -0.013428 368.149994
8.558215 13.063741 1.397342 -0.003627 0.021326 -0.016119 368.380005
8.761043 13.061983 1.390690 -0.002808 0.033068 -0.017077 368.609985
8.968089 13.061459 1.384575 -0.000748 0.013557 -0.016743 368.839996
9.172609 13.060997 1.380295 0.004913 0.016813 -0.016914 369.070007
9.375015 13.058052 1.379217 0.007864 0.031064 -0.019282 369.299988
9.582012 13.051080 1.381606 0.007826 0.038295 -0.024136 369.529999
9.787345 13.040667 1.386676 0.006004 0.035827 -0.030273 369.750000
9.987967 13.028209 1.392827 0.003169 0.000451 -0.036649 369.959991
10.193883 13.013920 1.398946 -0.000189 -0.078252 -0.043181 370.190002
10.394967 12.998587 1.405772 -0.003651 -0.141491 -0.050546 370.510010
10.597441 12.997037 1.399531 -0.016855 0.116564 -0.034850 371.369995
10.801305 13.012868 1.390352 -0.011243 0.099832 -0.013067 371.679993
11.001696 13.029840 1.381954 -0.003443 0.062839 0.004938 371.910004
11.204564 13.046263 1.376285 0.004091 0.044815 0.019783 372.119995
11.406593 13.060048 1.374283 0.007258 0.034451 0.031072 372.320007
11.612612 13.070876 1.375904 0.007402 0.025653 0.039298 372.519989
11.819209 13.078773 1.380839 0.006026 0.021401 0.044764 372.720001
12.024213 13.084343 1.388122 0.004152 0.011929 0.047671 372.920013
12.224568 13.088278 1.395647 0.002564 0.009601 0.048414 373.119995
12.429240 13.091356 1.402308 0.001368 0.013175 0.047318 373.329987
12.638120 13.094049 1.407146 0.000410 0.006460 0.044616 373.549988
12.840117 13.096560 1.409399 0.000006 0.018191 0.040895 373.769989
13.048658 13.099373 1.409426 -0.000024 0.010184 0.036378 374.000000
13.252157 13.102205 1.407229 0.001127 0.012743 0.031297 374.230011
13.460476 13.104630 1.402649 0.002083 0.027977 0.025432 374.470001
13.661947 13.106136 1.396720 0.001953 0.018634 0.019503 374.700012
13.863243 13.106796 1.389740 0.001455 0.030666 0.013828 374.929993
14.068729 13.106874 1.382469 0.001906 0.031240 0.008464 375.160004
14.270093 13.106050 1.377793 0.004973 0.031654 0.002817 375.380005
14.475924 13.103065 1.377161 0.006342 0.033124 -0.004135 375.600006
14.676990 13.097592 1.380735 0.005921 0.033265 -0.011825 375.809998
14.882295 13.089730 1.387987 0.004525 0.030929 -0.019850 376.019989
15.089582 13.080122 1.397692 0.002162 0.005307 -0.027492 376.230011
15.290047 13.070127 1.407684 -0.003337 0.000943 -0.033128 376.440002
15.490876 13.061619 1.416824 -0.007939 0.019069 -0.035601 376.660004
15.697976 13.056658 1.424270 -0.008687 0.014279 -0.033698 376.890015
15.902257 13.055967 1.428946 -0.007119 0.022721 -0.028567 377.119995
16.107271 13.058558 1.431273 -0.005115 0.035778 -0.021552 377.350006
16.309429 13.062985 1.431847 -0.003297 0.037258 -0.015382 377.570007
16.518621 13.068459 1.431215 -0.001008 0.034845 -0.012157 377.790009
16.723196 13.073380 1.427305 0.008285 0.027653 -0.012891 378.000000
16.929335 13.074574 1.417354 0.015632 0.023888 -0.017789 378.209991
17.134970 13.069266 1.401546 0.016512 0.014083 -0.026706 378.420013
17.336990 13.057219 1.384277 0.013794 0.016387 -0.038086 378.630005
17.535950 13.039684 1.369262 0.009775 0.018931 -0.050831 378.839996
17.741240 13.017465 1.357960 0.005227 0.009306 -0.064631 379.059998
17.941055 12.993555 1.351625 0.001979 0.021796 -0.077672 379.279999
18.147213 12.968237 1.349450 -0.000553 -0.022727 -0.089934 379.510010
18.350536 12.943143 1.349939 -0.001814 -0.095971 -0.101351 379.769989
18.549717 12.922268 1.359101 -0.022495 0.105939 -0.105888 380.540009
18.755310 12.938458 1.372593 -0.025758 0.121360 -0.077099 380.970001
18.956343 12.959008 1.382088 -0.015517 0.078399 -0.050592 381.209991
19.160080 12.981355 1.390321 -0.008640 0.035947 -0.023526 381.420013
19.360106 13.005363 1.397407 -0.020975 0.017486 0.004879 381.619995
19.557869 13.036232 1.403053 -0.033280 0.012573 0.035608 381.820007
19.759624 13.080395 1.407258 -0.032210 -0.001526 0.069534 382.029999
19.959929 13.138837 1.409653 -0.028347 0.007020 0.101719 382.250000
20.151546 13.206618 1.410627 0.003713 0.012047 0.127981 382.470001
20.348225 13.271583 1.411678 0.057610 0.020083 0.146384 382.700012
20.548317 13.307181 1.413940 0.077369 0.024482 0.153604 382.929993
20.755701 13.304997 1.417609 0.070711 0.027638 0.149655 383.160004
20.961433 13.272068 1.422372 0.051300 0.025862 0.135967 383.380005
21.161766 13.221989 1.426293 0.021234 0.020447 0.115577 383.589996
21.362411 13.166409 1.426559 -0.006562 0.027867 0.090632 383.799988
21.564653 13.116757 1.421427 -0.019947 0.032220 0.062913 384.010010
21.769758 13.078262 1.410613 -0.022315 0.027253 0.036077 384.220001
21.975037 13.051304 1.396377 -0.021320 0.008823 0.012671 384.429993
22.174965 13.034624 1.382345 -0.017680 0.016174 -0.007385 384.640015
22.381367 13.025886 1.370694 -0.011869 0.025517 -0.023831 384.859985
22.588987 13.022866 1.363374 -0.006425 0.030099 -0.035585 385.079987
22.790207 13.022555 1.360355 -0.002516 0.027296 -0.042821 385.290009
22.992588 13.022898 1.360607 0.000408 0.013607 -0.046751 385.500000
23.201151 13.022762 1.363968 0.001948 0.020718 -0.048005 385.720001
23.408716 13.021324 1.369900 0.001919 0.030181 -0.046682 385.940002
23.609730 13.018603 1.377154 0.001346 0.031602 -0.042119 386.149994
23.814125 13.014905 1.385049 -0.000631 0.025304 -0.033581 386.359985
24.019382 13.011631 1.392474 -0.010270 0.020896 -0.020890 386.570007
24.223740 13.012525 1.398618 -0.017262 0.022522 -0.004114 386.779999
24.426586 13.020325 1.403224 -0.016949 0.006787 0.015940 386.989990
24.632652 13.035692 1.406203 -0.013734 0.014729 0.036104 387.209991
24.834755 13.056846 1.407832 -0.008751 0.019069 0.052640 387.429993
25.034765 13.081006 1.409231 0.004068 0.014309 0.064039 387.649994
25.241066 13.103554 1.412193 0.013789 0.028357 0.069483 387.880005
25.441334 13.118657 1.417415 0.016193 0.033316 0.068784 388.100006
25.647352 13.126694 1.425078 0.014044 0.035547 0.064183 388.320007
25.849144 13.128937 1.432971 0.008914 0.024292 0.057468 388.529999
26.051897 13.127938 1.438222 0.003624 0.022913 0.049722 388.739990
26.254509 13.125886 1.439222 0.000006 0.016116 0.041575 388.950012
26.463459 13.124098 1.435470 -0.001926 0.009991 0.033229 389.170013
26.667137 13.123396 1.427127 -0.002248 0.019510 0.025514 389.390015
26.874353 13.123946 1.415497 -0.002077 -0.047106 0.018687 389.619995
27.076958 13.125358 1.403850 -0.001775 -0.148804 0.012137 389.899994
27.276344 13.125532 1.382699 0.000370 0.136258 -0.001654 390.779999
27.483461 13.123762 1.378655 -0.001387 0.114476 -0.004699 391.100006
27.692917 13.122995 1.375625 -0.001963 0.067134 -0.005876 391.329987
27.895157 13.123004 1.372743 -0.002621 0.039397 -0.005990 391.529999
28.103577 13.123899 1.369795 -0.002537 0.029074 -0.005143 391.730011
28.313519 13.125655 1.366508 -0.001979 0.022275 -0.003430 391.929993
28.522339 13.128055 1.362788 -0.001304 0.018763 -0.001136 392.130005
28.728426 13.130842 1.358801 -0.001508 0.008082 0.001629 392.329987
28.938107 13.134455 1.355933 -0.006027 0.004685 0.005934 392.540009
29.140062 13.140405 1.356372 -0.009249 0.017214 0.012855 392.750000
29.348475 13.150548 1.361083 -0.009571 0.023980 0.023137 392.970001
29.557274 13.164833 1.369946 -0.007931 0.030361 0.035181 393.190002
29.759390 13.181674 1.381401 -0.004941 0.026472 0.046978 393.399994
29.962780 13.200113 1.393595 0.002463 0.020929 0.056996 393.609985
30.165375 13.217210 1.404505 0.008449 0.024215 0.063469 393.820007
30.368544 13.230722 1.413010 0.010302 0.027389 0.065260 394.029999
30.573586 13.240102 1.418758 0.009207 0.028406 0.061669 394.239990
30.780827 13.245934 1.421714 0.007781 0.028812 0.052626 394.450012
30.989933 13.248677 1.421357 0.010197 0.026010 0.039437 394.660004
31.199863 13.247528 1.417344 0.010903 0.021096 0.023762 394.869995
31.407745 13.242188 1.410230 0.008626 0.005535 0.007038 395.079987
31.608683 13.233528 1.400559 0.005889 0.011795 -0.009200 395.290009
31.814240 13.222188 1.388628 0.003377 0.015484 -0.024945 395.510010
32.016304 13.209682 1.375789 0.001283 0.013123 -0.038723 395.730011
32.223701 13.196353 1.361951 -0.000156 0.024873 -0.050538 395.959991
32.431751 13.184150 1.350567 -0.027763 0.018952 -0.058837 396.190002
32.638988 13.187090 1.349480 -0.072432 0.004687 -0.060749 396.420013
32.839703 13.225480 1.361465 -0.076024 -0.011803 -0.054744 396.649994
33.025967 13.300908 1.384207 -0.069351 -0.034313 -0.042108 396.880005
33.191368 13.415519 1.412462 -0.091705 -0.074132 -0.021509 397.119995
33.313328 13.580947 1.438558 -0.080890 -0.082590 0.004570 397.369995
33.379036 13.775663 1.456133 -0.060066 -0.061823 0.032615 397.609985
33.406178 13.982268 1.466338 -0.047917 -0.032678 0.062881 397.839996
33.413345 14.189739 1.470778 -0.012314 -0.028096 0.094738 398.059998
33.404713 14.392270 1.471093 -0.003557 -0.066663 0.127385 398.279999
33.364002 14.591177 1.467992 -0.004840 -0.085369 0.162238 398.510010
33.284271 14.774543 1.462250 -0.001484 -0.072353 0.197410 398.739990
33.172935 14.942446 1.455056 -0.013701 -0.053145 0.232456 398.970001
33.041637 15.099517 1.447240 0.032237 -0.010308 0.266791 399.200012
32.902500 15.245127 1.440492 0.114700 0.047661 0.305164 399.459991
32.758751 15.384762 1.417742 -0.122935 -0.035016 0.358764 400.290009
32.631718 15.545833 1.389776 -0.100479 -0.029411 0.377207 400.660004
32.504551 15.708324 1.364018 -0.066564 -0.019391 0.392240 400.910004
32.377071 15.870615 1.338534 -0.031430 -0.011678 0.408310 401.130005
32.250584 16.029066 1.314815 -0.022836 -0.016228 0.426598 401.339996
32.119900 16.186062 1.293537 -0.020449 -0.019495 0.447518 401.549988
31.985180 16.338951 1.275544 -0.004850 -0.014736 0.470678 401.760010
31.843431 16.491055 1.260068 -0.014776 -0.013076 0.497399 401.980011
31.700460 16.638288 1.247409 -0.021288 -0.010876 0.526298 402.200012
31.555582 16.783735 1.237848 -0.021182 -0.009260 0.556977 402.420013
31.408941 16.928133 1.232699 -0.027551 -0.009363 0.589140 402.640015
31.259277 17.073139 1.232066 -0.029341 -0.008282 0.622428 402.859985
31.113064 17.213057 1.235076 -0.033169 -0.006940 0.655068 403.070007
30.963371 17.355190 1.240631 -0.020205 -0.004216 0.688167 403.279999
30.815128 17.495295 1.248146 0.008344 0.007312 0.721220 403.489990
30.671457 17.635742 1.258884 -0.008616 0.022647 0.755693 403.709991
30.534266 17.785015 1.273673 -0.012330 0.023778 0.790998 403.940002
30.403078 17.945913 1.291344 -0.006971 0.017237 0.826827 404.179993
30.281879 18.108675 1.305989 -0.025338 0.015940 0.861661 404.420013
30.162701 18.277750 1.313995 -0.040450 0.014514 0.896024 404.660004
30.043701 18.449148 1.314404 -0.041800 0.011742 0.928794 404.890015
29.923557 18.620699 1.308752 -0.031867 0.007605 0.960142 405.109985
29.805941 18.785669 1.300148 -0.000787 -0.008751 0.989579 405.320007
29.685123 18.948395 1.291404 -0.015021 -0.009971 1.019600 405.540009
29.556671 19.109297 1.285229 -0.029041 -0.005867 1.050796 405.769989
29.420975 19.266342 1.283240 -0.030513 -0.001035 1.081995 406.000000
29.285376 19.415466 1.285311 -0.022234 0.014103 1.111866 406.220001
29.150097 19.567463 1.291146 -0.020187 0.029695 1.142076 406.440002
29.019407 19.726641 1.299880 -0.004415 0.023880 1.172754 406.660004
28.896948 19.889816 1.310414 -0.009152 0.026287 1.203468 406.880005
28.781145 20.057325 1.321849 -0.013006 0.022741 1.234322 407.100006
28.668787 20.227903 1.331896 -0.021431 0.012370 1.265186 407.320007
28.554502 20.398420 1.338220 -0.031146 0.007191 1.296290 407.540009
28.433468 20.567402 1.339784 -0.033801 0.006321 1.327576 407.760010
28.310440 20.726868 1.337009 -0.034577 0.010408 1.357638 407.970001
28.180637 20.885391 1.330861 -0.017175 0.001974 1.388198 408.179993
28.050310 21.038763 1.324456 0.001735 0.002798 1.418332 408.390015
27.920929 21.193438 1.322042 -0.000535 0.023264 1.449666 408.609985
27.794193 21.357027 1.326249 0.003842 0.020049 1.481986 408.839996
27.676516 21.522652 1.337170 -0.002507 0.024985 1.513809 409.070007
27.564703 21.691856 1.353878 0.001834 0.009692 1.545306 409.299988
27.457552 21.860806 1.372054 0.041189 -0.061588 1.574324 409.540009
27.353029 22.030449 1.395636 0.019202 -0.033448 1.620808 410.029999
27.242990 22.193300 1.358569 -0.068965 0.110082 1.658712 410.709991
27.125534 22.355694 1.321405 -0.052479 0.084797 1.677808 410.970001
27.007032 22.516745 1.284519 -0.030985 0.050301 1.695921 411.179993
26.884758 22.681309 1.246809 -0.013774 0.023447 1.714625 411.380005
26.761242 22.846954 1.208461 -0.007916 0.017911 1.735066 411.579987
26.639549 23.010757 1.171099 -0.000328 0.002985 1.757666 411.779999
26.517506 23.175825 1.135592 0.009349 -0.010498 1.783038 411.989990
26.401192 23.337448 1.112717 0.018716 0.004035 1.811325 412.209991
26.290113 23.509172 1.113519 0.017949 0.027535 1.843766 412.450012
26.191015 23.688343 1.142691 0.011766 0.037248 1.876906 412.690002
26.105371 23.862976 1.190251 0.005957 0.037965 1.907383 412.910004
26.024475 24.037729 1.247178 -0.010412 0.034517 1.936476 413.119995
25.938015 24.215992 1.305165 -0.032713 0.029566 1.965927 413.329987
25.838963 24.391781 1.357216 -0.038650 0.015086 1.996047 413.540009
25.727602 24.558710 1.399672 -0.034139 0.007637 2.023731 413.750000
25.601543 24.721920 1.433158 -0.017367 0.008561 2.046865 413.970001
25.474468 24.877804 1.454758 0.036814 0.012461 2.062373 414.190002
25.360559 25.045992 1.465932 0.070295 0.019329 2.068591 414.420013
25.277954 25.228603 1.467822 0.067189 0.009946 2.063534 414.649994
25.226164 25.422462 1.463255 0.052657 0.019536 2.050489 414.880005
25.195965 25.627073 1.455539 0.036391 0.024227 2.029000 415.109985
25.181955 25.828989 1.448753 0.062800 -0.025179 2.000519 415.329987
25.201971 26.031351 1.446027 0.097737 -0.059620 1.964692 415.559998
25.281494 26.222063 1.448716 0.097574 -0.061227 1.924644 415.799988
25.411823 26.383312 1.456331 0.081312 -0.041145 1.885013 416.029999
25.564377 26.516068 1.466188 0.029349 -0.034255 1.846724 416.239990
25.731533 26.635662 1.476575 -0.059743 -0.048635 1.807961 416.459991
25.904875 26.741741 1.487321 -0.105397 -0.049429 1.763081 416.750000
25.902628 26.538706 1.493725 -0.038001 -0.099424 1.736123 417.679993
25.837162 26.344275 1.488955 -0.025506 -0.068107 1.752470 417.910004
25.774897 26.144403 1.483807 -0.010123 -0.030607 1.774209 418.119995
25.716715 25.949690 1.477972 -0.004398 -0.015855 1.800245 418.320007
25.661186 25.757195 1.467695 0.004539 -0.017271 1.830101 418.519989
25.609095 25.558239 1.449402 0.009688 -0.020288 1.864606 418.730011
25.565742 25.362841 1.423732 0.014517 -0.011233 1.900145 418.940002
25.529938 25.164698 1.389421 0.004716 -0.019354 1.933860 419.160004
25.501575 24.969908 1.350999 0.019258 -0.018292 1.961046 419.380005
25.487955 24.772217 1.316770 0.070738 -0.031628 1.979894 419.609985
25.517931 24.568510 1.294406 0.087565 -0.045390 1.988790 419.859985
25.600378 24.380766 1.289321 0.073128 -0.047097 1.986477 420.100006
25.714399 24.211451 1.297163 0.047943 -0.034343 1.975600 420.320007
25.842985 24.052767 1.311618 0.021018 -0.014211 1.957880 420.529999
25.976639 23.898914 1.327672 0.006015 -0.018619 1.933113 420.739990
26.109062 23.746267 1.341577 -0.004888 -0.018063 1.903370 420.950012
26.241594 23.586134 1.351715 -0.009416 -0.014637 1.868358 421.170013
26.365828 23.426031 1.356550 -0.002119 -0.025885 1.830661 421.390015
26.485622 23.262648 1.356698 0.004132 -0.031330 1.791231 421.609985
26.604361 23.093958 1.353026 0.007982 -0.029648 1.750975 421.829987
26.722795 22.921515 1.347317 0.007476 -0.019477 1.710898 422.049988
26.840235 22.748940 1.341638 0.013522 -0.021890 1.671371 422.269989
26.958212 22.576458 1.337209 0.008513 -0.011600 1.633247 422.489990
27.074949 22.407051 1.333994 0.010589 -0.011918 1.596416 422.709991
27.190954 22.240610 1.330912 0.018547 -0.020562 1.560830 422.929993
27.309254 22.073318 1.327210 0.017006 -0.019200 1.526702 423.149994
27.428827 21.905605 1.322479 0.011032 -0.012095 1.494056 423.369995
27.547262 21.740122 1.316612 0.014004 -0.013969 1.462433 423.589996
27.665495 21.576065 1.311308 0.019259 -0.013719 1.431697 423.809998
27.785679 21.412766 1.308990 0.026598 -0.015689 1.401474 424.029999
27.909723 21.249474 1.310394 0.015019 -0.006015 1.372121 424.250000
28.034538 21.089504 1.315306 0.020450 -0.009892 1.342780 424.470001
28.161024 20.931181 1.323277 0.020147 -0.011270 1.313562 424.690002
28.288563 20.773848 1.330730 0.014964 -0.007504 1.284471 424.910004
28.415615 20.618881 1.333704 0.024507 -0.011751 1.255062 425.130005
28.545198 20.463104 1.330454 0.031376 -0.016008 1.225254 425.350006
28.678511 20.303711 1.322410 0.021270 -0.020813 1.195159 425.570007
28.804966 20.147186 1.313988 0.016869 -0.029650 1.165984 425.779999
28.926140 19.985508 1.306806 -0.021859 -0.008808 1.136888 425.989990
29.039825 19.820068 1.300573 -0.084895 0.033768 1.104434 426.220001
29.145786 19.649174 1.295746 -0.118286 0.064604 1.061981 426.589996
29.262690 19.485132 1.290180 0.108508 -0.035582 1.018689 427.440002
29.392763 19.327288 1.289649 0.089656 -0.028703 1.003041 427.730011
29.523048 19.169502 1.287819 0.036222 -0.013819 0.988653 427.959991
29.653473 19.009735 1.285530 0.026294 -0.012713 0.971530 428.179993
29.784174 18.846199 1.282965 0.028665 -0.014271 0.951486 428.399994
29.909121 18.685865 1.280256 0.028594 -0.013936 0.929603 428.609985
30.034121 18.521496 1.277382 0.025359 -0.011558 0.905119 428.820007
30.157440 18.355858 1.274584 -0.002279 -0.006198 0.878752 429.029999
30.278614 18.187937 1.272836 0.006823 -0.012566 0.849362 429.250000
30.392109 18.022257 1.273285 0.013626 -0.015738 0.818437 429.470001
30.503798 17.848553 1.276035 0.009562 -0.012792 0.785174 429.700012
30.608994 17.675322 1.280923 0.026134 -0.011347 0.751103 429.929993
30.712923 17.498402 1.287634 0.024701 -0.004558 0.716647 430.160004
30.818640 17.319887 1.297559 0.027213 0.013496 0.681995 430.390015
30.927389 17.151615 1.311265 0.029032 0.022318 0.648609 430.609985
31.046219 16.987869 1.328278 0.015755 0.020645 0.615299 430.829987
31.171530 16.831406 1.347995 0.022226 0.018133 0.582312 431.049988
31.302593 16.679424 1.369606 0.011246 0.009858 0.549626 431.269989
31.440300 16.525776 1.388593 0.015488 0.004927 0.516213 431.500000
31.576771 16.374743 1.398629 0.030966 0.005122 0.483218 431.730011
31.715132 16.219692 1.398140 0.037053 0.005494 0.450397 431.959991
31.850443 16.064795 1.388631 0.038458 0.007195 0.419044 432.179993
31.981894 15.911190 1.374255 0.023502 -0.003253 0.389014 432.390015
32.109581 15.754581 1.361469 0.025525 -0.018980 0.359291 432.600006
32.227554 15.592802 1.354918 0.029553 -0.024332 0.329744 432.809998
32.334251 15.423609 1.356583 0.032853 -0.020791 0.300223 433.019989
32.431240 15.247021 1.366076 0.023821 -0.019643 0.270613 433.230011
32.517220 15.066274 1.379680 0.023286 -0.043216 0.241048 433.440002
32.586658 14.871367 1.394036 0.026338 -0.057347 0.210186 433.660004
32.629845 14.670241 1.405640 0.012758 -0.050715 0.179720 433.880005
32.649368 14.468411 1.413288 0.020715 -0.036799 0.149407 434.100006
32.652584 14.265079 1.417217 0.018200 -0.021041 0.119293 434.320007
32.647079 14.062498 1.418161 0.010791 0.004367 0.089234 434.540009
32.647102 13.857762 1.420156 -0.009553 0.077594 0.056828 434.769989
32.690434 13.655431 1.427915 -0.025240 0.117259 0.020326 435.019989
32.799702 13.480577 1.442643 -0.022482 0.109182 -0.015758 435.269989
32.952484 13.339863 1.461545 -0.021025 0.067735 -0.048426 435.500000
33.121468 13.222392 1.480260 -0.047057 -0.026982 -0.076008 435.720001
33.295788 13.120390 1.499030 -0.059148 -0.094879 -0.104614 435.980011
33.486370 13.058972 1.512107 -0.011954 0.114674 -0.155964 436.790009
33.688480 13.056953 1.488680 -0.004281 0.108469 -0.150198 437.209991
33.895508 13.046360 1.465679 -0.000459 0.088946 -0.141161 437.470001
34.095135 13.032698 1.443690 0.001238 0.063203 -0.132442 437.679993
34.300739 13.016568 1.420980 0.001991 0.036562 -0.123734 437.880005
34.499798 12.999667 1.399024 0.002073 0.008859 -0.115151 438.070007
34.704090 12.981413 1.375840 0.001958 0.010742 -0.104767 438.269989
34.902676 12.962887 1.352794 0.000395 0.012706 -0.092478 438.470001
35.106567 12.943952 1.327189 -0.006576 0.017033 -0.077863 438.679993
35.307961 12.928033 1.298446 -0.011715 0.021487 -0.062263 438.890015
35.507668 12.917092 1.266906 -0.011730 0.006332 -0.046296 439.100006
35.710758 12.911164 1.230721 -0.009186 0.015880 -0.030767 439.320007
35.910664 12.909514 1.191549 -0.005870 0.025158 -0.016945 439.540009
36.112125 12.910461 1.149882 -0.002804 0.033169 -0.005290 439.760010
36.308640 12.912490 1.108558 -0.000540 0.029396 0.003625 439.970001
36.507168 12.914717 1.067117 0.000714 0.013246 0.010802 440.179993
36.711601 12.916686 1.023939 0.001708 0.018714 0.018027 440.399994
36.914326 12.917976 0.980686 0.000685 0.026904 0.026166 440.619995
37.119068 12.919403 0.936246 -0.004587 0.029264 0.034885 440.839996
37.317047 12.922956 0.892193 -0.007277 0.023091 0.043196 441.049988
37.514362 12.929671 0.847507 -0.006980 0.009633 0.050938 441.260010
37.715847 12.939693 0.799416 -0.005047 0.018150 0.057973 441.480011
37.914612 12.951964 0.750679 -0.002972 0.010910 0.063907 441.700012
38.109276 12.965378 0.701799 -0.001201 0.018150 0.068535 441.920013
38.310993 12.979880 0.650197 0.000092 0.023275 0.072039 442.149994
38.512623 12.994367 0.599579 0.000062 0.009213 0.075083 442.380005
38.709034 13.008990 0.554588 -0.009593 0.016974 0.079520 442.609985
38.911930 13.029343 0.519500 -0.017604 0.033990 0.087480 442.850006
39.110645 13.057923 0.498458 -0.016603 0.023248 0.099397 443.079987
39.310707 13.094651 0.488086 -0.012674 0.028770 0.114479 443.309998
39.513607 13.137493 0.485792 -0.007673 0.022538 0.132357 443.540009
39.717110 13.183556 0.488389 -0.003615 0.022177 0.149716 443.769989
39.912060 13.228734 0.493192 -0.000820 0.028584 0.162677 443.989990
40.109661 13.273785 0.498518 0.007225 0.026014 0.170894 444.209991
40.309967 13.315471 0.503412 0.013002 0.031632 0.174216 444.429993
40.514053 13.351624 0.507362 0.012984 0.015524 0.172784 444.649994
40.716812 13.381536 0.509839 0.010012 0.018878 0.168287 444.869995
40.918728 13.406848 0.511250 0.006520 0.021208 0.161607 445.089996
41.120289 13.429431 0.511772 0.003223 0.016805 0.153659 445.309998
41.319836 13.450594 0.511609 0.000948 0.024903 0.145350 445.529999
41.527470 13.472540 0.510896 -0.000859 -0.020791 0.136930 445.760010
41.726673 13.493698 0.509187 -0.002014 -0.093980 0.128775 446.010010
41.925354 13.509017 0.529344 0.039040 0.027362 0.111824 446.679993
42.042057 13.436260 0.679818 0.049590 0.076845 0.087778 447.160004
42.175007 13.358274 0.819950 0.032913 0.058821 0.065109 447.420013
42.313484 13.280412 0.955874 0.014396 0.031523 0.041974 447.640015
42.447571 13.207141 1.088117 0.008183 0.024257 0.018569 447.839996
42.584518 13.134481 1.218626 -0.001366 0.016190 -0.007124 448.040009
42.736267 13.058753 1.339087 -0.007234 0.038789 -0.037592 448.260010
42.905025 12.985848 1.426323 -0.005648 0.059066 -0.071397 448.489990
43.091976 12.917388 1.472286 -0.002626 0.057644 -0.106609 448.720001
43.287148 12.853713 1.482776 -0.000531 0.044498 -0.141173 448.940002
43.481579 12.794127 1.470979 -0.010900 0.011353 -0.172902 449.149994
43.673607 12.741101 1.447594 -0.029840 0.015382 -0.200281 449.359985
43.874123 12.699539 1.419019 -0.035616 0.022541 -0.221407 449.579987
44.078056 12.673573 1.392157 -0.031357 0.026591 -0.233152 449.799988
44.277325 12.660586 1.371071 -0.023064 0.025964 -0.235119 450.010010
44.478874 12.655388 1.355603 -0.013780 0.009047 -0.228371 450.220001
44.686165 12.655368 1.345786 -0.010500 0.018737 -0.213387 450.440002
44.892311 12.658403 1.341836 -0.009058 0.027346 -0.190790 450.660004
45.101006 12.663036 1.342145 -0.006715 0.028107 -0.162199 450.880005
45.302872 12.668138 1.344769 -0.004013 0.029905 -0.131692 451.089996
45.507607 12.673050 1.348281 -0.001977 0.029531 -0.099937 451.299988
45.714874 12.677328 1.351701 -0.000567 0.024546 -0.067667 451.510010
45.922039 12.681046 1.354304 -0.001867 0.014218 -0.036045 451.720001
46.125828 12.685146 1.355600 -0.004063 0.019886 -0.006686 451.929993
46.327461 12.690640 1.355629 -0.004465 0.009489 0.019201 452.140015
46.533146 12.698176 1.354375 -0.004042 0.012065 0.040314 452.359985
46.734432 12.707451 1.352239 -0.002964 0.025296 0.053339 452.579987
46.935452 12.717870 1.349521 0.004398 0.014097 0.058198 452.799988
47.142773 12.726474 1.345496 0.011948 0.024304 0.055459 453.029999
47.350864 12.729488 1.340335 0.013548 0.019663 0.046213 453.260010
47.558681 12.726153 1.334188 0.011360 0.022094 0.034548 453.489990
47.767052 12.717729 1.327404 0.005464 0.032699 0.024246 453.720001
47.970940 12.708123 1.320847 -0.006999 0.033683 0.017668 453.940002
48.180035 12.702291 1.314645 -0.014150 0.034300 0.015500 454.160004
48.384201 12.703115 1.309173 -0.015052 0.031299 0.016238 454.369995
48.591698 12.710370 1.304147 -0.012691 0.031237 0.017042 454.579987
48.800865 12.722656 1.300012 -0.005189 0.009938 0.016806 454.790009
49.005196 12.736577 1.297843 0.004206 0.012759 0.015139 455.000000
49.205120 12.748281 1.298583 0.009117 0.021148 0.012452 455.209991
49.413654 12.756030 1.302470 0.009872 0.027108 0.008916 455.429993
49.614521 12.758949 1.308849 0.008025 0.030306 0.005226 455.640015
49.816414 12.758427 1.316278 0.004939 -0.021195 0.001206 455.850006
50.021832 12.755394 1.323836 0.001676 -0.097328 -0.002967 456.089996
50.222557 12.749630 1.333795 0.000230 -0.073596 -0.010006 456.549988
50.423122 12.734094 1.338045 0.003974 0.131944 -0.029066 457.269989
50.625622 12.720422 1.341262 0.000625 0.094218 -0.037852 457.529999
50.825851 12.708155 1.343657 -0.007869 0.054573 -0.043332 457.739990
51.029968 12.699055 1.346435 -0.014757 0.035167 -0.045395 457.940002
51.238216 12.695235 1.349610 -0.015071 0.012085 -0.043659 458.140015
51.442329 12.697062 1.352931 -0.012370 0.004635 -0.040295 458.339996
51.649010 12.703878 1.356585 -0.009368 0.010841 -0.037353 458.549988
51.849506 12.713980 1.360071 -0.000790 0.004916 -0.036083 458.760010
52.052124 12.724123 1.362026 0.010767 0.016824 -0.036829 458.980011
52.260971 12.728825 1.361535 0.015584 0.029475 -0.039693 459.209991
52.463612 12.725451 1.358511 0.014356 0.035410 -0.043975 459.429993
52.671570 12.715041 1.353331 0.010179 0.030113 -0.049164 459.649994
52.871941 12.700685 1.347033 0.002647 0.006517 -0.053897 459.859985
53.075687 12.685354 1.341131 -0.011608 0.011954 -0.056278 460.079987
53.284328 12.675352 1.337626 -0.019734 0.026228 -0.054532 460.309998
53.485981 12.674701 1.337468 -0.020124 0.032338 -0.049176 460.529999
53.692635 12.682558 1.340226 -0.015177 0.028603 -0.042115 460.750000
53.892502 12.695515 1.344773 -0.003659 0.019853 -0.034950 460.959991
54.101170 12.709785 1.351044 0.005692 0.026708 -0.027829 461.179993
54.301739 12.720185 1.358033 0.009200 0.027239 -0.021162 461.390015
54.503048 12.726170 1.365237 0.006840 0.012838 -0.014111 461.600006
54.709991 12.729047 1.372329 0.001784 0.018806 -0.005952 461.820007
54.915157 12.730844 1.378944 -0.001833 0.027976 0.002588 462.040009
55.122643 12.733363 1.385035 -0.003581 0.032529 0.010326 462.260010
55.324535 12.737268 1.390384 -0.003452 0.025810 0.015991 462.470001
55.527130 12.742501 1.395230 -0.000813 0.014053 0.019704 462.679993
55.735901 12.748205 1.399963 0.001956 0.020871 0.021672 462.899994
55.942879 12.752968 1.404520 0.003092 0.010605 0.022004 463.119995
56.145363 12.756232 1.408941 0.003008 0.018239 0.021165 463.339996
56.345928 12.758129 1.413628 0.002411 0.024480 0.019444 463.559998
56.546722 12.759027 1.418396 0.001448 0.015823 0.016336 463.779999
56.754471 12.759366 1.423323 0.000511 0.021983 0.010134 464.010010
56.961300 12.758933 1.427509 0.011559 0.017686 0.000074 464.239990
57.166939 12.752742 1.429757 0.022998 0.029831 -0.014518 464.470001
57.374878 12.735660 1.429637 0.022445 0.015575 -0.034255 464.700012
57.580662 12.708034 1.427168 0.017386 0.025049 -0.057636 464.929993
57.786648 12.672384 1.423076 0.018943 0.019294 -0.084939 465.160004
57.990627 12.627029 1.418573 0.044921 0.013561 -0.115323 465.390015
58.188316 12.561394 1.414834 0.054373 0.010990 -0.148659 465.619995
58.376480 12.472251 1.412132 0.044064 0.003973 -0.184010 465.850006
58.553379 12.365343 1.410630 0.033687 0.017029 -0.219429 466.079987
58.722488 12.247452 1.409761 0.002611 -0.035511 -0.255753 466.309998
58.885521 12.122887 1.408745 -0.028957 -0.096304 -0.292774 466.579987
59.051186 12.009011 1.416859 -0.027184 0.120036 -0.335656 467.380005
59.251297 11.974990 1.438691 -0.023378 0.117932 -0.308551 467.760010
59.455624 11.945089 1.457268 -0.012176 0.084953 -0.283133 468.000000
59.654057 11.916409 1.474280 -0.008531 0.053616 -0.259076 468.200012
59.853745 11.888824 1.490415 -0.021457 0.028271 -0.233926 468.390015
60.056122 11.867201 1.505636 -0.031915 0.013868 -0.206595 468.579987
60.256729 11.856061 1.519392 -0.034259 0.008428 -0.177710 468.769989
60.463810 11.856668 1.532121 -0.030221 0.008593 -0.146127 468.970001
60.666199 11.868263 1.542749 -0.033898 0.006755 -0.113680 469.170013
60.872452 11.894444 1.549184 -0.063811 -0.007081 -0.078448 469.380005
61.068176 11.945439 1.548642 -0.080427 -0.011682 -0.042677 469.589996
61.251221 12.026794 1.540603 -0.075573 -0.007335 -0.007020 469.799988
61.422752 12.135327 1.526045 -0.058476 0.000253 0.028374 470.010010
61.585388 12.262913 1.506801 -0.037983 0.006904 0.063449 470.220001
61.741753 12.399697 1.484942 -0.000760 0.012630 0.097667 470.429993
61.896481 12.530714 1.462153 0.039367 0.033065 0.130411 470.640015
62.067062 12.646199 1.438798 0.054993 0.033900 0.161375 470.859985
62.248283 12.733853 1.416613 0.050104 0.028089 0.187097 471.079987
62.437073 12.796825 1.395882 0.041042 0.018419 0.205589 471.299988
62.638126 12.840154 1.377172 0.052026 0.018084 0.216274 471.529999
62.843159 12.857864 1.361861 0.053791 0.024934 0.216937 471.760010
63.045845 12.851817 1.350009 0.044218 0.027444 0.207915 471.980011
63.245346 12.830035 1.340686 0.031707 0.030356 0.191447 472.190002
63.449097 12.798595 1.332710 0.014467 0.009489 0.168014 472.399994
63.649078 12.763153 1.325588 0.005384 0.009037 0.139930 472.609985
63.852982 12.725845 1.318658 0.003520 0.021031 0.106245 472.829987
64.056190 12.689714 1.311922 0.004603 0.030355 0.070446 473.049988
64.262527 12.654350 1.305159 0.001442 0.024952 0.036950 473.269989
64.460739 12.622719 1.299270 -0.016998 0.022070 0.010454 473.480011
64.668243 12.598881 1.294454 -0.030345 0.026672 -0.009134 473.700012
64.877472 12.589772 1.291256 -0.031530 0.030190 -0.019310 473.920013
65.080330 12.594713 1.289543 -0.025804 0.030340 -0.020619 474.130005
65.285866 12.609966 1.288809 -0.014967 0.016430 -0.014745 474.339996
65.489105 12.630378 1.288633 0.003233 0.014442 -0.005301 474.549988
65.688896 12.648671 1.288750 0.014873 0.022160 0.004501 474.760010
65.896347 12.660529 1.288985 0.016981 0.008174 0.012510 474.980011
66.098579 12.664126 1.289002 0.014744 0.019708 0.017132 475.200012
66.299164 12.660939 1.289392 0.010386 0.024542 0.017294 475.420013
66.501160 12.653284 1.291606 0.006069 0.032595 0.014101 475.640015
66.707687 12.643365 1.296300 0.002678 0.034789 0.008533 475.859985
66.910004 12.633277 1.303116 0.000528 0.034672 0.001898 476.070007
67.117088 12.623451 1.311788 -0.000783 0.021761 -0.005305 476.279999
67.320541 12.614434 1.320131 -0.002221 -0.054756 -0.012386 476.489990
67.525505 12.605648 1.327874 -0.002694 -0.114860 -0.020563 476.750000
67.725883 12.602278 1.330207 -0.016519 0.119770 -0.021023 477.579987
67.925575 12.623748 1.322120 -0.014865 0.109722 -0.000018 477.980011
68.125961 12.647633 1.314630 -0.005955 0.073568 0.011573 478.230011
68.330246 12.670600 1.307473 0.011057 0.044238 0.017366 478.450012
68.535423 12.687376 1.301340 0.020349 0.035268 0.017765 478.660004
68.735565 12.695099 1.296500 0.021388 0.028078 0.013615 478.859985
68.937416 12.694504 1.292623 0.018277 0.025443 0.006355 479.059998
69.139641 12.687055 1.289546 0.010498 0.018698 -0.002854 479.260010
69.339561 12.676559 1.287477 -0.014556 0.009957 -0.011944 479.459991
69.544121 12.671968 1.287033 -0.035688 0.012646 -0.018871 479.670013
69.752792 12.682750 1.288535 -0.036872 0.000233 -0.021138 479.890015
69.952545 12.709989 1.291667 -0.032532 0.010747 -0.018901 480.109985
70.155907 12.752783 1.296365 -0.022937 0.015495 -0.010254 480.339996
70.356140 12.804534 1.301848 -0.003815 0.015561 0.002405 480.570007
70.554398 12.855294 1.307677 0.019193 0.031750 0.014780 480.799988
70.757561 12.894529 1.313404 0.027692 0.027794 0.023618 481.029999
70.964272 12.918457 1.318472 0.025062 0.023186 0.028858 481.260010
71.172592 12.928995 1.323075 0.017626 0.035105 0.031483 481.489990
71.377792 12.930678 1.327153 0.010033 0.032157 0.030504 481.709991
71.586853 12.927835 1.330847 0.007472 0.016008 0.025799 481.929993
71.793755 12.921820 1.334676 0.007334 0.022470 0.017769 482.149994
72.000496 12.912914 1.338929 0.006624 0.029578 0.006756 482.369995
72.200523 12.902075 1.343565 0.005247 0.032178 -0.005380 482.579987
72.404106 12.889490 1.348579 0.003272 0.026306 -0.017909 482.790009
72.608109 12.876105 1.351437 -0.002255 0.009059 -0.029099 483.000000
72.816528 12.863679 1.346341 -0.008531 0.017289 -0.037210 483.220001
73.022141 12.855274 1.330351 -0.010453 0.024185 -0.040084 483.440002
73.227715 12.851729 1.305712 -0.016779 0.017326 -0.036769 483.660004
73.431526 12.856062 1.280535 -0.029552 0.018289 -0.027184 483.880005
73.634033 12.873365 1.260773 -0.033136 0.025089 -0.011334 484.100006
73.837883 12.904917 1.248998 -0.028481 0.027738 0.010496 484.320007
74.034569 12.946074 1.245422 -0.020160 0.025261 0.036135 484.529999
74.230682 12.994080 1.247988 -0.012804 -0.000750 0.065457 484.739990
74.426682 13.048247 1.255946 -0.016486 0.006692 0.098331 484.959991
74.623505 13.110393 1.268476 -0.016885 0.009864 0.134894 485.190002
74.817513 13.179802 1.282277 -0.000720 -0.060625 0.173653 485.429993
75.005638 13.255434 1.298096 0.023875 -0.150864 0.216889 485.750000
75.205406 13.278779 1.327540 0.043947 0.110514 0.228863 486.630005
75.408073 13.256631 1.348633 0.028863 0.093548 0.194624 486.929993
75.609909 13.234191 1.367043 0.014488 0.045403 0.159889 487.160004
75.817253 13.210016 1.382800 0.017535 0.026316 0.122974 487.380005
76.017708 13.182149 1.393752 0.021171 0.019405 0.084975 487.589996
76.216759 13.147776 1.399700 0.018414 0.005475 0.045389 487.799988
76.418999 13.105386 1.400907 0.016897 0.017054 0.003848 488.019989
76.618149 13.057535 1.398157 0.010337 0.006616 -0.037577 488.239990
76.818855 13.005621 1.393362 -0.008155 0.001240 -0.077020 488.470001
77.019485 12.958238 1.388705 -0.019586 0.027121 -0.109642 488.709991
77.224121 12.922194 1.386241 -0.020810 0.037515 -0.131278 488.950012
77.430084 12.897528 1.386643 -0.017064 0.042501 -0.142510 489.179993
77.636459 12.880489 1.388841 -0.011261 0.018331 -0.145334 489.399994
77.842720 12.868215 1.391201 -0.008045 0.016187 -0.141819 489.619995
78.046814 12.859193 1.392463 -0.006522 0.027017 -0.132591 489.839996
78.252853 12.852035 1.392002 -0.005306 0.030613 -0.118948 490.059998
78.453102 12.846247 1.389884 -0.003954 0.033476 -0.103600 490.269989
78.656845 12.840999 1.386479 -0.001431 0.014077 -0.087553 490.480011
78.857674 12.835880 1.384110 0.003297 0.012346 -0.072881 490.690002
79.063530 12.828912 1.385545 0.006169 0.022260 -0.060664 490.910004
79.267632 12.818982 1.391612 0.006175 0.010370 -0.052549 491.130005
79.467125 12.806406 1.402156 0.004893 0.020138 -0.047889 491.350006
79.674767 12.791034 1.417599 0.003456 0.030747 -0.046410 491.579987
79.877251 12.774453 1.434287 0.011377 0.034319 -0.049100 491.799988
80.084618 12.752499 1.448106 0.025984 0.032832 -0.056896 492.019989
80.285858 12.721192 1.456058 0.028572 0.018761 -0.069808 492.230011
80.484421 12.679239 1.458091 0.022642 0.003493 -0.087198 492.440002
80.683746 12.627234 1.453703 0.015941 0.013129 -0.109146 492.660004
80.878075 12.569918 1.443287 0.010418 0.024385 -0.135092 492.880005
81.071526 12.509539 1.428560 0.004674 0.015006 -0.163906 493.100006
81.262398 12.448764 1.410676 0.001237 0.024591 -0.193117 493.320007
81.453926 12.388402 1.391127 -0.001175 0.013955 -0.221015 493.540009
81.650833 12.327915 1.371429 -0.008243 0.006614 -0.246082 493.769989
81.842552 12.273441 1.354306 -0.012543 0.025061 -0.264106 494.000000
82.036636 12.224678 1.341068 -0.006389 0.023296 -0.274190 494.230011
82.233337 12.177876 1.334120 0.008013 0.033513 -0.279806 494.459991
82.434334 12.125463 1.334017 0.013156 0.015975 -0.284280 494.690002
82.627510 12.068511 1.337671 0.008189 -0.066270 -0.288662 494.920013
82.818108 12.006132 1.343752 0.001674 -0.110570 -0.292084 495.230011
82.989464 11.899140 1.374883 0.038723 0.111227 -0.312015 496.100006
83.145737 11.773309 1.402355 0.027643 0.099073 -0.335633 496.420013
83.308578 11.647501 1.426188 0.012454 0.053086 -0.359425 496.660004
83.473495 11.522578 1.446796 0.003095 0.030047 -0.383958 496.880005
83.635262 11.402599 1.462998 0.001170 0.029688 -0.409944 497.089996
83.800285 11.282987 1.474548 0.001796 0.028276 -0.438246 497.299988
83.967781 11.163422 1.481605 0.002879 0.028846 -0.468526 497.510010
84.137184 11.043270 1.484830 0.002638 0.015987 -0.500267 497.720001
84.303970 10.924644 1.485774 0.002480 0.007165 -0.532075 497.929993
84.472740 10.803595 1.486556 0.003184 0.016340 -0.563729 498.149994
84.638557 10.683384 1.488786 0.003530 0.025875 -0.592341 498.369995
84.804855 10.561346 1.493293 0.002801 0.031961 -0.616883 498.589996
84.965988 10.441889 1.499741 0.001518 0.030582 -0.636079 498.799988
85.129387 10.319972 1.507921 0.000207 0.030514 -0.652131 499.010010
85.294060 10.196285 1.516732 0.016460 0.015143 -0.666583 499.220001
85.451363 10.068282 1.523500 0.053805 0.008164 -0.681084 499.429993
85.596252 9.920173 1.526569 0.070384 0.009948 -0.697384 499.649994
85.717033 9.752564 1.525050 0.065350 0.014591 -0.715569 499.869995
85.813103 9.575469 1.519712 0.050009 0.018796 -0.735166 500.079987
85.896271 9.386235 1.511435 0.032253 0.020981 -0.757111 500.290009
85.968925 9.199520 1.501724 0.018529 0.023672 -0.780067 500.489990
86.039482 9.010169 1.490174 0.006986 0.020795 -0.804965 500.690002
86.110321 8.821812 1.476146 0.000939 0.022336 -0.831486 500.890015
86.183266 8.635526 1.459482 -0.000422 0.026197 -0.859526 501.089996
86.259224 8.450713 1.440676 -0.001528 0.016317 -0.888733 501.290009
86.339378 8.260962 1.421423 0.009264 0.003301 -0.920147 501.500000
86.417015 8.067603 1.405360 0.024572 0.010404 -0.953727 501.720001
86.484123 7.874720 1.395195 0.024380 0.001614 -0.988048 501.940002
86.541527 7.675112 1.390744 0.022864 0.013366 -1.023280 502.170013
86.589439 7.474419 1.391706 0.019018 0.023218 -1.058276 502.399994
86.631615 7.269973 1.395315 0.019798 0.020991 -1.092935 502.630005
86.666229 7.071242 1.398357 0.022554 0.027223 -1.125551 502.850006
86.695198 6.866893 1.399433 0.021282 0.031940 -1.157960 503.070007
86.718620 6.665478 1.397972 0.016872 0.031291 -1.188838 503.279999
86.739189 6.459385 1.394009 0.008668 0.015048 -1.219397 503.489990
86.757851 6.256221 1.388354 -0.007864 0.001890 -1.247162 503.700012
86.780518 6.053029 1.382359 -0.023382 0.018940 -1.271000 503.920013
86.814415 5.855185 1.377350 -0.027209 0.029051 -1.287766 504.140015
86.862198 5.658007 1.373787 -0.023442 0.034360 -1.297753 504.359985
86.922058 5.458956 1.371655 -0.016004 0.024530 -1.301779 504.579987
86.988144 5.264023 1.370228 -0.006116 -0.047307 -1.300700 504.799988
87.057259 5.075573 1.368780 0.004598 -0.108128 -1.296026 505.059998
87.112556 4.883037 1.362422 0.038674 0.120547 -1.294276 505.929993
87.104713 4.680093 1.351299 0.027123 0.106723 -1.321780 506.320007
87.099449 4.474944 1.340822 0.016307 0.081823 -1.347950 506.570007
87.096199 4.272669 1.332511 0.007731 0.055444 -1.374034 506.779999
87.094528 4.066574 1.328892 0.002228 0.037511 -1.401651 506.980011
87.094429 3.866387 1.330622 -0.001239 0.012578 -1.429755 507.170013
87.095505 3.660052 1.337841 -0.002390 0.002932 -1.459692 507.369995
87.097694 3.451934 1.351059 -0.001064 0.011891 -1.489795 507.579987
87.100555 3.250219 1.368496 0.000610 -0.003160 -1.517351 507.790009
87.101936 3.050834 1.389040 0.029552 -0.011139 -1.543840 508.010010
87.087006 2.849470 1.413241 0.064614 0.004053 -1.570888 508.250000
87.038513 2.657104 1.438670 0.070670 0.020640 -1.597380 508.489990
86.958458 2.473599 1.463606 0.057643 0.029421 -1.623622 508.720001
86.857918 2.295011 1.487497 0.039525 0.032718 -1.649067 508.940002
86.748436 2.120478 1.510104 0.022984 0.030503 -1.670785 509.149994
86.638779 1.951227 1.530824 0.004920 0.020795 -1.686749 509.350006
86.532356 1.781510 1.547241 -0.039219 0.021492 -1.696711 509.549988
86.440193 1.601033 1.555958 -0.071769 0.027783 -1.699672 509.760010
86.377419 1.405404 1.553927 -0.075571 0.030208 -1.693957 509.980011
86.349609 1.202554 1.541945 -0.065429 0.016682 -1.679043 510.200012
86.353020 0.998653 1.525728 -0.070947 0.007784 -1.657461 510.420013
86.388206 0.798367 1.510039 -0.068190 0.012742 -1.630504 510.640015
86.452492 0.600729 1.497652 -0.054296 0.018270 -1.598455 510.859985
86.534195 0.413021 1.490015 -0.037131 0.021526 -1.564153 511.070007
86.627899 0.226604 1.486440 -0.031737 -0.006618 -1.526985 511.279999
86.731850 0.052906 1.486105 -0.063900 -0.042384 -1.488219 511.489990
86.862190 -0.099177 1.487848 -0.077949 -0.055257 -1.446987 511.709991
87.024986 -0.218629 1.490240 -0.064728 -0.049255 -1.405040 511.940002
87.208076 -0.302632 1.492597 -0.059454 -0.021870 -1.365192 512.169983
87.407280 -0.364653 1.494769 -0.033667 -0.008073 -1.325711 512.400024
87.603706 -0.413428 1.496604 -0.024970 0.009592 -1.289396 512.619995
87.802292 -0.460428 1.497947 -0.014094 0.021086 -1.254314 512.840027
87.999985 -0.512859 1.496050 0.003537 0.040214 -1.220402 513.059998
88.192818 -0.579993 1.488485 0.012703 0.048102 -1.187604 513.280029
88.378044 -0.665176 1.475065 0.019319 0.033223 -1.156465 513.500000
88.552963 -0.763982 1.456264 0.007675 0.036475 -1.125939 513.719971
88.722412 -0.873833 1.433582 0.003814 0.021173 -1.096167 513.940002
88.886139 -0.988328 1.410894 0.009550 0.015466 -1.067227 514.159973
89.048470 -1.111521 1.392663 0.011496 0.032158 -1.037381 514.390015
89.204781 -1.244131 1.382658 0.011558 0.023772 -1.008298 514.619995
89.355026 -1.383904 1.380753 0.006912 0.027133 -0.979363 514.849976
89.502022 -1.529611 1.385782 0.002416 0.023115 -0.950390 515.080017
89.644241 -1.675009 1.393980 0.007567 -0.052953 -0.922893 515.309998
89.784248 -1.819466 1.404012 0.011489 -0.108762 -0.892405 515.599976
89.887901 -1.990608 1.426287 0.058329 0.114182 -0.867544 516.419983
89.934341 -2.184940 1.442348 0.046137 0.108905 -0.894677 516.750000
89.984184 -2.382431 1.455105 0.027353 0.078412 -0.923042 516.979980
90.036057 -2.579029 1.466878 0.008327 0.053499 -0.948375 517.179993
90.092606 -2.774380 1.477682 -0.033938 0.034004 -0.969880 517.369995
90.162811 -2.964615 1.487440 -0.065459 0.022969 -0.986605 517.559998
90.257553 -3.149465 1.495948 -0.069422 0.000468 -0.997085 517.760010
90.376495 -3.319987 1.502526 -0.058266 -0.001811 -1.002394 517.969971
90.510025 -3.468824 1.507298 -0.041802 0.009254 -1.000908 518.179993
90.659637 -3.608559 1.510462 -0.030629 -0.015696 -0.990465 518.400024
90.818787 -3.733104 1.509093 -0.051746 -0.007874 -0.973094 518.630005
90.995827 -3.837575 1.500888 -0.059643 0.007266 -0.947650 518.869995
91.182587 -3.917691 1.486837 -0.052389 0.018291 -0.916960 519.099976
91.376450 -3.982178 1.468929 -0.034821 0.017429 -0.882807 519.320007
91.576546 -4.038684 1.450336 -0.010677 -0.005499 -0.845684 519.539978
91.770416 -4.087631 1.435673 -0.012544 0.008325 -0.807897 519.760010
91.969536 -4.134548 1.427186 -0.011581 0.011960 -0.767686 519.989990
92.166962 -4.179085 1.425932 -0.012041 0.018419 -0.727797 520.219971
92.365166 -4.222925 1.431192 -0.015937 0.031821 -0.688769 520.450012
92.560738 -4.266269 1.440839 -0.006203 0.033105 -0.654355 520.669983
92.758301 -4.316725 1.452779 0.064848 0.025060 -0.626637 520.890015
92.945663 -4.399442 1.465805 0.115899 0.013832 -0.608730 521.119995
93.101608 -4.533439 1.477449 0.108106 -0.004772 -0.603505 521.359985
93.214546 -4.707944 1.486396 0.085372 0.005282 -0.606973 521.599976
93.290642 -4.894156 1.492620 0.051212 0.003888 -0.620465 521.820007
93.350815 -5.091175 1.498172 0.012150 0.009623 -0.641261 522.039978
93.408478 -5.286275 1.506536 -0.014484 0.034826 -0.668318 522.260010
93.478775 -5.475811 1.518912 -0.026122 0.031256 -0.699896 522.479980
93.564415 -5.656254 1.535083 -0.024992 0.030138 -0.734957 522.700012
93.668579 -5.836113 1.556039 -0.015814 0.035039 -0.774365 522.929993
93.779312 -6.004519 1.576865 -0.001472 0.020056 -0.813130 523.150024
93.891457 -6.171287 1.588767 0.021630 0.018947 -0.852515 523.369995
93.996582 -6.342034 1.586107 0.033318 0.023041 -0.891681 523.590027
94.091484 -6.521050 1.567736 0.032815 0.024308 -0.927689 523.809998
94.176674 -6.708748 1.535709 0.022773 0.022261 -0.956899 524.030029
94.252701 -6.890940 1.499567 -0.029637 0.007759 -0.976538 524.239990
94.341919 -7.068304 1.464663 -0.076823 0.009801 -0.986574 524.460022
94.463211 -7.227083 1.436630 -0.080514 -0.000880 -0.984365 524.690002
94.619789 -7.360399 1.418379 -0.067540 0.010644 -0.972510 524.929993
94.793633 -7.465547 1.410852 -0.041806 0.006731 -0.951020 525.159973
94.974617 -7.553584 1.409885 0.007878 -0.058848 -0.922663 525.390015
95.161858 -7.629770 1.414611 0.063699 -0.128130 -0.887896 525.690002
95.005157 -7.507694 1.449897 0.040108 -0.124156 -0.869556 526.440002
94.828690 -7.396773 1.462577 0.026492 -0.076603 -0.882585 526.650024
94.650429 -7.285120 1.475073 0.017144 -0.042970 -0.901183 526.840027
94.475723 -7.176289 1.487302 0.005267 -0.015875 -0.923601 527.020020
94.304008 -7.068644 1.499358 -0.014976 -0.001798 -0.949817 527.200012
94.133865 -6.956155 1.511815 -0.027003 -0.008351 -0.980485 527.390015
93.969711 -6.835337 1.524576 -0.033041 -0.003550 -1.015563 527.590027
93.815651 -6.705886 1.537207 -0.026987 -0.007634 -1.053643 527.799988
93.670746 -6.567804 1.549809 -0.012905 -0.020805 -1.094092 528.020020
93.529243 -6.420092 1.562146 -0.001257 0.003691 -1.136565 528.250000
93.388283 -6.278401 1.570553 0.061893 0.052375 -1.178899 528.489990
93.214592 -6.173242 1.571121 0.091781 0.067867 -1.224009 528.760010
93.017952 -6.137582 1.562172 0.077657 0.054634 -1.266869 529.020020
92.814827 -6.149201 1.548110 0.053280 0.038481 -1.304689 529.260010
92.617844 -6.184753 1.534537 0.042498 0.031364 -1.337623 529.479980
92.424309 -6.234482 1.523326 0.038262 0.022992 -1.368379 529.690002
92.226440 -6.294553 1.514815 0.032205 0.014038 -1.398695 529.900024
92.035233 -6.356869 1.509362 0.028162 0.007514 -1.427311 530.099976
91.843475 -6.420088 1.505983 0.005728 -0.015460 -1.455447 530.299988
91.647629 -6.476665 1.503368 0.006953 -0.052925 -1.484015 530.510010
91.447380 -6.510183 1.500692 0.011934 -0.066307 -1.513898 530.729980
91.241676 -6.511924 1.497088 0.011285 -0.057065 -1.544803 530.960022
91.039520 -6.485178 1.492334 0.028743 -0.041015 -1.575513 531.190002
90.835587 -6.439357 1.486659 0.018538 -0.021014 -1.605956 531.419983
90.641167 -6.387171 1.480329 0.025518 -0.007637 -1.635286 531.640015
90.446144 -6.333616 1.473867 0.018435 0.013944 -1.664687 531.859985
90.251160 -6.288946 1.469071 0.022733 0.048385 -1.694575 532.080017
90.044159 -6.266224 1.466993 0.025352 0.060242 -1.726559 532.309998
89.840218 -6.271473 1.467888 0.026703 0.054401 -1.757938 532.530029
89.639641 -6.297163 1.471055 0.025276 0.041305 -1.788415 532.739990
89.434814 -6.336351 1.476060 0.022089 0.028050 -1.817420 532.950012
89.239197 -6.381958 1.481379 -0.026637 0.044049 -1.840776 533.150024
89.050041 -6.448742 1.485091 -0.096939 0.072010 -1.860223 533.359985
88.881355 -6.569477 1.484783 -0.119860 0.064715 -1.869430 533.599976
88.769478 -6.743625 1.478596 -0.109994 0.034020 -1.865260 533.849976
88.725067 -6.944847 1.470814 -0.145940 -0.027247 -1.846491 534.099976
88.768982 -7.143523 1.463530 -0.134714 -0.060824 -1.819665 534.349976
88.889534 -7.310650 1.457223 -0.095707 -0.057039 -1.791104 534.590027
89.046280 -7.439507 1.453338 -0.064648 -0.035536 -1.761457 534.809998
89.217155 -7.544971 1.450870 0.016251 -0.042005 -1.729245 535.020020
89.396233 -7.636397 1.449395 0.090905 -0.049573 -1.693587 535.260010
89.576866 -7.717062 1.419679 0.103945 0.016615 -1.628202 535.820007
89.514709 -7.777791 1.235480 0.005714 0.067248 -1.630838 536.280029
89.464508 -7.863220 1.054297 0.000523 0.055804 -1.655114 536.549988
89.421371 -7.960776 0.874651 -0.001966 0.052151 -1.683652 536.780029
89.380219 -8.074945 0.714847 -0.002771 0.073687 -1.713657 537.000000
89.335495 -8.224959 0.582660 -0.002074 0.067168 -1.744556 537.229980
89.288216 -8.402386 0.493409 -0.001845 0.051224 -1.772834 537.460022
89.238846 -8.597899 0.444579 -0.001091 0.050163 -1.797219 537.690002
89.189171 -8.799127 0.427744 -0.000211 0.043318 -1.815349 537.909973
89.139709 -9.000018 0.430294 -0.002797 0.023269 -1.826261 538.119995
89.091629 -9.202024 0.443386 -0.017121 0.016385 -1.830014 538.330017
89.050880 -9.402866 0.460914 -0.025903 0.017305 -1.826169 538.539978
89.020592 -9.603904 0.478563 -0.026935 0.021886 -1.815005 538.750000
89.000404 -9.806586 0.493728 -0.022379 0.023582 -1.796991 538.960022
88.988037 -10.011432 0.505236 -0.016001 0.028787 -1.773360 539.169983
88.980484 -10.219102 0.512808 -0.009347 0.025400 -1.746111 539.380005
88.975327 -10.427952 0.516894 -0.003692 0.018772 -1.717501 539.590027
88.970879 -10.634277 0.518157 0.000491 0.006925 -1.688650 539.799988
88.965889 -10.843302 0.517352 0.000071 0.005854 -1.658310 540.020020
88.961311 -11.044701 0.515287 -0.010504 0.011367 -1.627999 540.239990
88.961502 -11.250665 0.512960 -0.017154 0.023149 -1.596118 540.469971
88.969734 -11.456369 0.511072 -0.015921 0.017508 -1.564487 540.700012
88.985527 -11.660658 0.509511 -0.011743 0.028745 -1.534878 540.929993
89.006851 -11.867107 0.508598 -0.006483 0.018569 -1.507774 541.159973
89.031013 -12.072959 0.508107 -0.002286 0.023614 -1.484599 541.390015
89.056160 -12.279754 0.507965 0.000353 0.031679 -1.465765 541.619995
89.080666 -12.481165 0.508103 -0.006715 0.024653 -1.450764 541.840027
89.108536 -12.683889 0.508394 -0.016598 0.029143 -1.436819 542.059998
89.144112 -12.888624 0.508802 -0.019131 0.032036 -1.422361 542.280029
89.186386 -13.086534 0.509112 -0.016430 0.029660 -1.407091 542.489990
89.235596 -13.285907 0.509316 -0.017940 0.026806 -1.389915 542.700012
89.292000 -13.485201 0.509452 -0.023943 0.024366 -1.370369 542.909973
89.357445 -13.683046 0.509460 -0.024512 0.024809 -1.348296 543.119995
89.431915 -13.879113 0.509331 -0.019992 0.022132 -1.323685 543.330017
89.509285 -14.063729 0.509122 -0.014163 0.023455 -1.298245 543.530029
89.590637 -14.246749 0.508946 -0.008355 0.021281 -1.271502 543.729980
89.677940 -14.437268 0.508792 -0.003734 0.022342 -1.243557 543.940002
89.765457 -14.626646 0.508716 -0.000045 0.001962 -1.216949 544.150024
89.851761 -14.813350 0.508150 0.003760 -0.076027 -1.191955 544.369995
89.935944 -14.995387 0.506933 0.005477 -0.133892 -1.164927 544.659973
89.733841 -15.014060 0.509507 0.110264 -0.064975 -1.148539 545.460022
89.530594 -14.972138 0.508721 0.071978 -0.036309 -1.164587 545.690002
89.328453 -14.935259 0.508012 0.037737 -0.014563 -1.185286 545.890015
89.129997 -14.901945 0.507608 0.022889 -0.005354 -1.209970 546.080017
88.932220 -14.871091 0.507427 0.005915 0.001268 -1.237924 546.270020
88.731033 -14.841202 0.507278 0.000260 0.001914 -1.269941 546.469971
88.529533 -14.812039 0.507108 0.008294 -0.003156 -1.305554 546.679993
88.325874 -14.782772 0.507184 0.004434 0.001158 -1.344039 546.900024
88.120758 -14.755319 0.507339 0.020809 0.010849 -1.384921 547.130005
87.917213 -14.736238 0.507692 0.036898 0.012881 -1.425790 547.359985
87.716812 -14.727249 0.508246 0.041358 0.010599 -1.464586 547.580017
87.508583 -14.725548 0.508768 0.032991 0.007248 -1.502743 547.799988
87.306274 -14.728133 0.509081 0.015688 0.004179 -1.538083 548.010010
87.106316 -14.732683 0.509220 0.020974 0.002707 -1.572386 548.219971
86.897949 -14.738383 0.509249 0.026285 0.001441 -1.607322 548.440002
86.697723 -14.743808 0.509192 0.030071 0.001287 -1.639809 548.650024
86.494606 -14.748658 0.509188 0.025544 0.000771 -1.671651 548.859985
86.291222 -14.752404 0.509138 0.011459 -0.003539 -1.702659 549.070007
86.082932 -14.753911 0.508968 0.021180 -0.003617 -1.734366 549.289978
85.876717 -14.752139 0.508976 0.013281 -0.005032 -1.765534 549.510010
85.674637 -14.747085 0.508880 0.016910 -0.001914 -1.796035 549.729980
85.466324 -14.739289 0.508798 0.023674 0.002355 -1.827542 549.960022
85.258018 -14.730004 0.508663 0.018777 0.003239 -1.858723 550.190002
85.050682 -14.720088 0.508572 0.026262 0.007807 -1.889687 550.419983
84.850853 -14.710649 0.508640 0.016705 0.005454 -1.919360 550.640015
84.643272 -14.701040 0.508534 0.020845 0.008369 -1.950165 550.869995
84.435204 -14.691925 0.508571 0.030300 0.013231 -1.981150 551.099976
84.231171 -14.683729 0.508686 0.032879 0.016402 -2.011220 551.320007
84.030411 -14.676631 0.508801 0.028002 0.015617 -2.040469 551.530029
83.826721 -14.670378 0.508831 0.012562 0.008283 -2.070059 551.739990
83.625862 -14.664983 0.508668 0.014207 0.010343 -2.099650 551.950012
83.418129 -14.660353 0.508424 0.010886 0.007834 -2.130872 552.169983
83.214516 -14.656379 0.508068 0.010703 0.007545 -2.161999 552.390015
83.005661 -14.652597 0.507703 0.020539 0.014752 -2.194509 552.619995
82.796776 -14.648949 0.507419 0.013338 0.008948 -2.227091 552.849976
82.589668 -14.645049 0.507217 0.020825 0.016398 -2.259387 553.080017
82.389626 -14.641226 0.507125 0.025869 0.022979 -2.290299 553.299988
82.184044 -14.637765 0.507166 0.025946 0.027559 -2.321457 553.520020
81.981697 -14.635610 0.507221 0.017037 0.021049 -2.351556 553.729980
81.778099 -14.634784 0.507130 0.006334 0.010863 -2.381479 553.940002
81.568962 -14.635303 0.507024 0.010539 0.016862 -2.412612 554.159973
81.361374 -14.637298 0.507038 0.016721 0.023749 -2.443805 554.380005
81.160828 -14.640160 0.507201 0.019568 0.026644 -2.473774 554.590027
80.956505 -14.643360 0.507454 0.009926 0.012102 -2.504080 554.799988
80.749229 -14.646136 0.507092 -0.034476 -0.055174 -2.533376 555.020020
80.545837 -14.647660 0.507332 -0.082789 -0.127979 -2.562312 555.299988
80.345200 -14.642301 0.502799 0.062605 0.102961 -2.623547 556.150024
80.142914 -14.633864 0.504450 0.051477 0.090068 -2.643598 556.479980
79.937225 -14.626535 0.506152 0.038510 0.070128 -2.661099 556.719971
79.730736 -14.619729 0.507356 0.016333 0.040170 -2.678906 556.929993
79.525627 -14.615148 0.508125 -0.006953 0.027838 -2.697304 557.130005
79.321007 -14.617557 0.508741 -0.017512 0.027788 -2.717734 557.330017
79.119919 -14.629827 0.509213 -0.021694 0.009421 -2.739674 557.530029
78.917671 -14.651927 0.509327 -0.016368 0.015207 -2.765205 557.739990
78.712494 -14.683216 0.509255 -0.007487 0.025029 -2.794016 557.960022
78.508385 -14.720063 0.509135 -0.000164 0.029720 -2.824435 558.179993
78.311264 -14.757653 0.509109 0.003672 0.028193 -2.854678 558.390015
78.113098 -14.795103 0.508886 0.005315 0.002818 -2.885442 558.599976
77.912437 -14.830517 0.508484 0.012124 0.010756 -2.917659 558.820007
77.707062 -14.861037 0.508293 0.015624 0.020761 -2.951499 559.049988
77.502182 -14.884198 0.508318 0.013157 0.013035 -2.984715 559.280029
77.299370 -14.900827 0.508445 0.009173 0.029709 -3.015128 559.510010
77.092384 -14.913775 0.508780 0.004941 0.039496 -3.042462 559.739990
76.886406 -14.924940 0.509193 0.001445 0.034738 -3.066260 559.960022
76.685173 -14.935395 0.509466 0.001726 0.018687 -3.086632 560.169983
76.484909 -14.945074 0.509547 0.003219 0.024179 -3.104074 560.380005
76.284325 -14.953339 0.509556 0.003576 0.028525 -3.118278 560.590027
76.081497 -14.960006 0.509559 0.002816 0.031689 -3.129151 560.799988
75.875488 -14.965338 0.509540 0.001653 0.022561 -3.136892 561.010010
75.670509 -14.969741 0.509383 0.000910 0.007912 3.140713 561.219971
75.462273 -14.973718 0.509273 0.001032 0.003846 3.135326 561.440002
75.262108 -14.976814 0.509001 0.005053 0.012565 3.129914 561.659973
75.057396 -14.977386 0.508795 0.007090 0.024738 3.124026 561.890015
74.852348 -14.974267 0.508676 0.006287 0.018360 3.117959 562.119995
74.647858 -14.967932 0.508642 0.004329 0.030723 3.112387 562.349976
74.440056 -14.959332 0.508729 0.002231 0.020822 3.107140 562.580017
74.232803 -14.949535 0.508625 0.006652 0.011497 3.101001 562.809998
74.029678 -14.936197 0.508511 0.019863 0.025774 3.092438 563.039978
73.825394 -14.913355 0.508591 0.023899 0.031799 3.079960 563.270020
73.625893 -14.880673 0.508789 0.021009 0.034942 3.063978 563.489990
73.421318 -14.838816 0.509096 0.014699 0.029802 3.043917 563.710022
73.224091 -14.793344 0.509347 0.007577 0.014425 3.022107 563.919983
73.020782 -14.743738 0.509433 0.002615 0.019935 2.998626 564.140015
72.820877 -14.694420 0.509160 -0.001367 -0.023372 2.975816 564.359985
72.621483 -14.645006 0.508060 -0.004641 -0.096221 2.952523 564.609985
72.426407 -14.596556 0.508888 -0.015156 -0.069507 2.919917 565.119995
72.357384 -14.697734 0.668683 -0.081913 0.044311 2.930602 565.770020
72.274849 -14.814669 0.810112 -0.055058 0.047666 2.955303 566.030029
72.172813 -14.936404 0.942710 -0.002502 0.084641 2.983565 566.260010
72.042145 -15.043275 1.051992 0.032128 0.105462 3.016983 566.479980
71.874405 -15.125968 1.133183 0.042476 0.098051 3.053615 566.700012
71.683907 -15.180672 1.182629 0.037592 0.076229 3.090404 566.909973
71.483810 -15.214901 1.207246 0.027659 0.035210 3.125836 567.109985
71.279182 -15.237129 1.216409 0.015783 0.015332 -3.122082 567.309998
71.077599 -15.252491 1.216614 0.005010 0.013651 -3.089029 567.510010
70.871422 -15.265884 1.212006 0.000440 -0.003269 -3.058963 567.719971
70.666161 -15.278649 1.204685 0.004692 0.008832 -3.035014 567.940002
70.458130 -15.289531 1.196615 0.007846 0.017067 -3.020131 568.169983
70.252678 -15.297009 1.189534 0.007738 0.015814 -3.015445 568.400024
70.049171 -15.301308 1.184099 0.006852 0.028099 -3.019389 568.630005
69.843246 -15.303473 1.180635 0.007677 0.021708 -3.030725 568.859985
69.635925 -15.302854 1.179014 0.010909 0.028236 -3.048544 569.090027
69.434731 -15.298474 1.178887 0.010490 0.020408 -3.070935 569.309998
69.233597 -15.290248 1.179660 0.007998 0.017389 -3.094978 569.530029
69.026321 -15.278653 1.181141 0.002660 0.011056 -3.118211 569.760010
68.823059 -15.266501 1.183510 -0.003295 0.025780 -3.137845 569.989990
68.617966 -15.256552 1.187160 -0.005959 0.036327 3.130030 570.219971
68.414993 -15.250065 1.191798 -0.006217 0.041000 3.119522 570.440002
68.213570 -15.246457 1.196941 -0.005074 0.029542 3.113060 570.650024
68.010719 -15.244875 1.201274 -0.004627 -0.001266 3.110011 570.859985
67.807434 -15.245409 1.201710 -0.005901 0.010155 3.110647 571.080017
67.600853 -15.248636 1.196219 -0.006015 0.014755 3.115795 571.309998
67.397598 -15.254457 1.184903 -0.004931 0.016246 3.123101 571.539978
67.196770 -15.262069 1.170271 0.000772 0.028855 3.129604 571.770020
66.992500 -15.268726 1.157443 0.006931 0.035716 3.133859 572.000000
66.791283 -15.271533 1.149279 0.008544 0.023052 3.135091 572.219971
66.588791 -15.270223 1.145800 0.007473 0.023809 3.134246 572.440002
66.385605 -15.265439 1.146765 0.005339 0.021518 3.131814 572.659973
66.184181 -15.258368 1.151517 0.002290 0.000129 3.128404 572.880005
65.982758 -15.250186 1.160975 -0.000205 0.017835 3.124747 573.109985
65.775116 -15.242014 1.175571 -0.001296 0.020983 3.121487 573.349976
65.575592 -15.235006 1.192849 -0.001251 0.025494 3.120706 573.580017
65.373528 -15.228712 1.212456 -0.001051 0.029870 3.123993 573.809998
65.167824 -15.223355 1.231006 -0.006853 0.023827 3.131404 574.039978
64.960442 -15.221508 1.244457 -0.011614 0.032116 -3.141256 574.270020
64.759430 -15.225019 1.251089 -0.010379 -0.012543 -3.128668 574.489990
64.546349 -15.234416 1.252165 -0.003911 -0.093372 -3.112944 574.750000
64.346603 -15.249702 1.244433 0.011715 0.080689 -3.097437 575.460022
64.141228 -15.235114 1.238690 0.015005 0.111275 -3.126267 575.969971
63.937733 -15.215634 1.238422 0.006612 0.083594 3.134958 576.229980
63.732201 -15.196780 1.239808 -0.010444 0.053981 3.117284 576.450012
63.531830 -15.183863 1.243752 -0.024362 0.038145 3.104838 576.650024
63.325661 -15.180093 1.250566 -0.027950 0.026231 3.097334 576.849976
63.118275 -15.186644 1.259871 -0.024620 0.019568 3.095417 577.049988
62.912582 -15.201940 1.271201 -0.017835 0.013267 3.099483 577.250000
62.711639 -15.223122 1.283601 -0.008492 -0.007086 3.108464 577.450012
62.512871 -15.247714 1.296316 0.003271 -0.008348 3.120410 577.659973
62.309036 -15.271887 1.309264 0.009950 0.017369 3.134450 577.890015
62.109039 -15.289960 1.320960 0.010409 0.018094 -3.135753 578.119995
61.900951 -15.302406 1.331669 0.007844 0.029879 -3.123802 578.359985
61.697666 -15.309910 1.340749 0.004695 0.023236 -3.114595 578.590027
61.493874 -15.314875 1.348015 0.003548 0.008250 -3.108574 578.820007
61.286560 -15.317925 1.352658 0.005428 0.025691 -3.106348 579.059998
61.085873 -15.318425 1.354025 0.006138 0.039312 -3.108381 579.289978
60.876587 -15.316509 1.352687 0.005359 0.042182 -3.113643 579.520020
60.667011 -15.312821 1.349316 0.003728 0.039539 -3.120499 579.739990
60.460003 -15.308222 1.344732 0.001995 0.032687 -3.127201 579.950012
60.259262 -15.303479 1.340126 -0.000413 0.028448 -3.132816 580.150024
60.057064 -15.299193 1.336423 -0.002350 0.022320 -3.137507 580.349976
59.855576 -15.296007 1.334295 -0.002963 0.021015 -3.141241 580.549988
59.655277 -15.294087 1.334035 -0.002691 0.023711 3.139137 580.750000
59.445389 -15.293242 1.335526 -0.001970 0.018162 3.137151 580.960022
59.238831 -15.293251 1.338353 -0.001690 0.000329 3.136503 581.169983
59.031868 -15.294105 1.342830 -0.003208 0.012596 3.137629 581.390015
58.829643 -15.296355 1.349130 -0.004148 0.022393 3.140697 581.609985
58.628445 -15.300350 1.356857 -0.003642 0.012571 -3.137810 581.830017
58.421692 -15.306120 1.365845 -0.002620 0.025153 -3.132092 582.059998
58.214428 -15.313016 1.375456 -0.001479 0.018214 -3.126283 582.289978
58.008129 -15.320473 1.385117 -0.000914 0.023095 -3.122621 582.520020
57.801529 -15.328104 1.394900 0.002386 0.028395 -3.122604 582.750000
57.600761 -15.334116 1.405109 0.007371 0.034013 -3.125598 582.969971
57.394993 -15.336790 1.416301 0.008560 0.022036 -3.130886 583.190002
57.188988 -15.335571 1.427989 0.007214 0.016320 -3.136162 583.409973
56.985851 -15.331291 1.439895 -0.003766 0.013274 -3.139130 583.630005
56.777611 -15.330327 1.450071 -0.040283 0.015864 -3.138155 583.859985
56.572525 -15.348706 1.456481 -0.055278 0.015143 -3.130947 584.090027
56.371536 -15.392938 1.458731 -0.047334 0.006881 -3.117465 584.320007
56.177357 -15.458639 1.457246 -0.037119 0.020332 -3.099461 584.549988
55.986473 -15.539090 1.452956 -0.010016 -0.021781 -3.075578 584.780029
55.805096 -15.625520 1.446657 0.024185 -0.089402 -3.049071 585.030029
55.615349 -15.689198 1.442668 0.119147 0.041512 -3.003512 585.820007
55.510471 -15.517432 1.457774 0.109480 0.057624 -3.029716 586.219971
55.401241 -15.344288 1.471361 0.066535 0.041714 -3.060647 586.460022
55.289593 -15.171521 1.482486 0.024197 0.009509 -3.093251 586.669983
55.177887 -14.995694 1.489027 0.023385 -0.001255 -3.128227 586.880005
55.071968 -14.818876 1.489380 0.016798 -0.010882 3.117248 587.090027
54.975353 -14.643294 1.483125 0.016795 -0.009863 3.078276 587.299988
54.883732 -14.460980 1.470121 0.024688 0.000366 3.036972 587.520020
54.798832 -14.277277 1.452614 0.029377 -0.015220 2.995774 587.739990
54.727558 -14.090088 1.432902 0.046112 -0.041084 2.955248 587.960022
54.681614 -13.895232 1.412443 0.053960 -0.046327 2.916231 588.179993
54.663849 -13.691039 1.392069 0.050662 -0.036773 2.878933 588.400024
54.668617 -13.488759 1.373227 0.038454 -0.023216 2.844607 588.609985
54.687237 -13.284963 1.357035 0.004551 -0.014777 2.811399 588.820007
54.712845 -13.080534 1.348038 0.010114 0.003897 2.778098 589.039978
54.737473 -12.881821 1.350053 0.012002 0.012265 2.746162 589.260010
54.758663 -12.677285 1.362872 0.010671 0.013822 2.714080 589.489990
54.774643 -12.475136 1.385086 0.023900 0.018958 2.682957 589.719971
54.786499 -12.270772 1.412458 0.009254 0.011298 2.652369 589.950012
54.794628 -12.068742 1.436773 0.017049 0.021259 2.622446 590.179993
54.797573 -11.865286 1.452888 0.017207 0.021730 2.592559 590.409973
54.795681 -11.659713 1.459285 0.016248 0.019240 2.562738 590.640015
54.790314 -11.452762 1.456598 0.023410 0.022546 2.532760 590.869995
54.783081 -11.250793 1.447727 0.018818 0.017406 2.503609 591.090027
54.774784 -11.046976 1.436935 0.017409 0.018741 2.474279 591.309998
54.765106 -10.841660 1.427663 0.015853 0.018666 2.444457 591.530029
54.754082 -10.636234 1.421461 0.008308 0.011126 2.414326 591.750000
54.742123 -10.434446 1.418698 0.010349 0.019446 2.384186 591.969971
54.727524 -10.233378 1.418819 0.011626 0.028364 2.353927 592.190002
54.708317 -10.029356 1.421213 0.015004 0.035367 2.323333 592.409973
54.685329 -9.829256 1.424741 0.014384 0.032949 2.293692 592.619995
54.658867 -9.624736 1.428687 0.008802 0.020878 2.263725 592.830017
54.631306 -9.421862 1.432003 0.004263 -0.005953 2.234034 593.039978
54.607025 -9.219239 1.433580 0.021761 -0.003037 2.203230 593.260010
54.592178 -9.013510 1.432884 0.026321 -0.002335 2.170909 593.489990
54.589397 -8.811630 1.429973 0.027806 0.007873 2.139062 593.719971
54.596352 -8.609626 1.425356 0.026605 0.019342 2.107354 593.950012
54.609413 -8.407000 1.419443 -0.012880 -0.033590 2.076151 594.179993
54.626579 -8.207657 1.413116 -0.061156 -0.101627 2.046640 594.450012
54.615803 -8.007080 1.411206 0.000285 0.128619 1.982568 595.280029
54.540596 -7.821145 1.426306 0.002456 0.118270 1.965772 595.619995
54.465519 -7.634356 1.439832 0.001672 0.070128 1.955855 595.849976
54.388878 -7.442003 1.453266 0.001134 0.039562 1.949572 596.059998
54.313782 -7.252281 1.466747 0.000900 0.025838 1.947518 596.260010
54.238361 -7.062502 1.479934 -0.016340 0.009514 1.949992 596.460022
54.154720 -6.871050 1.492756 -0.039212 0.009263 1.958069 596.669983
54.059120 -6.691585 1.504120 -0.043028 -0.000284 1.972282 596.880005
53.946102 -6.519849 1.514358 -0.037039 0.004167 1.991973 597.099976
53.822437 -6.361851 1.523325 -0.028037 0.017810 2.016182 597.320007
53.690594 -6.211146 1.531368 -0.015395 0.011153 2.044783 597.539978
53.550026 -6.059521 1.539059 -0.007013 0.012806 2.077544 597.770020
53.409943 -5.912351 1.544736 -0.014644 0.016981 2.112357 598.000000
53.266632 -5.769346 1.547182 -0.021970 0.027709 2.148752 598.229980
53.115494 -5.629322 1.546368 -0.018356 0.016988 2.186332 598.460022
52.959270 -5.494244 1.542467 -0.015188 0.027644 2.223666 598.690002
52.804817 -5.366586 1.536724 -0.008886 0.017384 2.258957 598.909973
52.642166 -5.235513 1.529339 -0.004964 0.019411 2.291454 599.140015
52.480377 -5.105725 1.519900 0.006364 0.022611 2.316908 599.369995
52.321583 -4.972173 1.506080 0.017806 0.031609 2.334740 599.599976
52.173214 -4.835021 1.488028 0.020319 0.035840 2.344374 599.820007
52.027885 -4.686894 1.465784 0.028310 0.028001 2.345948 600.039978
51.896759 -4.534953 1.442809 0.053845 0.018266 2.339603 600.250000
51.782391 -4.369346 1.419774 0.063915 0.014125 2.325870 600.460022
51.688709 -4.189269 1.397527 0.057315 0.012542 2.305586 600.669983
51.613773 -3.997865 1.376570 0.043556 0.015394 2.279932 600.880005
51.552681 -3.799921 1.357794 0.025545 -0.005155 2.249208 601.090027
51.504967 -3.605272 1.343704 0.036297 -0.014269 2.215974 601.299988
51.474422 -3.406362 1.335850 0.048158 -0.007118 2.178958 601.520020
51.465519 -3.199915 1.334982 0.038929 -0.008629 2.138190 601.750000
51.476017 -2.996524 1.340387 0.034832 0.009544 2.097697 601.979980
51.498966 -2.790920 1.350760 0.030523 0.026303 2.058001 602.210022
51.525723 -2.588416 1.364094 -0.016703 0.023795 2.024014 602.429993
51.538189 -2.389081 1.381582 -0.082541 0.035327 1.997272 602.650024
51.507584 -2.192585 1.403966 -0.100585 0.024164 1.982078 602.880005
51.422958 -2.007511 1.429836 -0.085406 0.020524 1.977450 603.119995
51.301468 -1.847420 1.456856 -0.058960 0.023397 1.983346 603.349976
51.156704 -1.699904 1.482352 -0.013221 -0.042455 2.000513 603.580017
51.006672 -1.569234 1.504955 0.034778 -0.109857 2.022677 603.840027
50.825584 -1.480510 1.521448 -0.102300 0.072487 2.072785 604.669983
50.626484 -1.460704 1.514867 -0.084787 0.066410 2.095669 605.030029
50.420109 -1.437360 1.508143 -0.062373 0.051929 2.115904 605.280029
50.218300 -1.413203 1.501688 -0.040255 0.034597 2.135789 605.489990
50.014442 -1.389012 1.495790 -0.031751 0.001693 2.157006 605.690002
49.809010 -1.372074 1.490980 -0.039912 -0.021385 2.180142 605.890015
49.605522 -1.370860 1.487471 -0.031135 -0.034274 2.205422 606.090027
49.399769 -1.388297 1.484935 -0.022517 -0.032467 2.233293 606.299988
49.195210 -1.423406 1.483562 -0.027796 -0.015577 2.263868 606.520020
48.997860 -1.470301 1.483125 -0.007575 -0.021157 2.295725 606.739990
48.804668 -1.528245 1.481640 -0.023939 -0.024251 2.329123 606.969971
48.613533 -1.603319 1.477387 -0.033305 -0.019923 2.364222 607.210022
48.428398 -1.694263 1.470057 -0.030387 -0.011840 2.399134 607.450012
48.246803 -1.796790 1.460201 -0.024736 0.002493 2.433723 607.690002
48.072258 -1.896974 1.451478 0.002109 0.042094 2.466862 607.919983
47.882717 -1.981546 1.446715 0.011119 0.072709 2.501844 608.159973
47.685154 -2.032054 1.447333 0.010400 0.072059 2.534986 608.390015
47.480717 -2.054415 1.452344 0.005141 0.058729 2.566577 608.609985
47.276134 -2.058897 1.460033 0.006223 0.028101 2.596518 608.820007
47.071888 -2.054915 1.468120 -0.007374 0.012023 2.626357 609.030029
46.871181 -2.051145 1.474592 -0.023978 0.010602 2.656289 609.239990
46.662102 -2.054432 1.478466 -0.031909 0.013163 2.687712 609.460022
46.461464 -2.066983 1.479164 -0.030311 0.012390 2.717860 609.669983
46.261715 -2.089204 1.478103 -0.039752 -0.015492 2.748303 609.880005
46.061882 -2.130897 1.477154 -0.062049 -0.030166 2.779842 610.099976
45.867115 -2.205049 1.477389 -0.055712 -0.034426 2.812708 610.330017
45.688850 -2.307772 1.479443 -0.049418 -0.019280 2.844439 610.559998
45.522175 -2.431682 1.483624 -0.036298 -0.004698 2.876148 610.789978
45.369411 -2.561022 1.489023 -0.012540 -0.005649 2.906499 611.010010
45.218262 -2.697287 1.495451 -0.019269 0.004032 2.937394 611.239990
45.071293 -2.835438 1.502151 -0.029507 0.014165 2.968054 611.469971
44.922604 -2.979608 1.508714 -0.034706 0.021319 2.998926 611.700012
44.775757 -3.124884 1.514584 -0.031974 0.022471 3.029024 611.919983
44.632397 -3.268360 1.519427 -0.009022 0.006675 3.058260 612.130005
44.484821 -3.414079 1.523425 0.029068 0.024333 3.088580 612.349976
44.326538 -3.543857 1.526342 0.057143 0.056554 3.121058 612.580017
44.149792 -3.638534 1.527762 0.057166 0.065506 -3.130894 612.809998
43.949806 -3.700194 1.527705 0.042441 0.058079 -3.101065 613.039978
43.750805 -3.735694 1.526544 0.026761 0.018371 -3.075575 613.250000
43.546215 -3.759140 1.524169 0.014508 -0.071759 -3.051456 613.469971
43.345825 -3.773636 1.521756 -0.007599 -0.202659 -3.023732 613.760010
43.461559 -3.766879 1.352436 -0.018046 -0.129652 -2.985816 614.400024
43.633865 -3.760502 1.236714 -0.012493 -0.069514 -2.974309 614.619995
43.802608 -3.755466 1.126967 -0.007707 -0.027899 -2.962995 614.809998
43.974335 -3.751525 1.012106 -0.007007 -0.013359 -2.949816 615.000000
44.143578 -3.749173 0.894448 -0.006548 -0.009388 -2.934628 615.190002
44.309006 -3.748421 0.776537 -0.004733 -0.005536 -2.917324 615.380005
44.477718 -3.749039 0.663151 -0.007085 -0.007684 -2.896974 615.580017
44.659111 -3.752084 0.563910 -0.015880 -0.027357 -2.871966 615.799988
44.853951 -3.759077 0.493887 -0.019026 -0.038376 -2.843298 616.030029
45.050831 -3.768821 0.456988 -0.018161 -0.039052 -2.813806 616.250000
45.257977 -3.780321 0.443386 -0.012430 -0.027720 -2.782787 616.469971
45.459499 -3.791699 0.445261 -0.007704 -0.016316 -2.752121 616.679993
45.659641 -3.803012 0.455567 -0.012736 -0.022490 -2.720495 616.890015
45.860474 -3.814673 0.469573 -0.013335 -0.025388 -2.688398 617.099976
46.063660 -3.826074 0.483859 -0.012746 -0.029423 -2.655914 617.309998
46.270061 -3.835927 0.496168 -0.010873 -0.027899 -2.623277 617.520020
46.478947 -3.843540 0.505390 -0.011738 -0.026929 -2.590483 617.729980
46.679726 -3.848861 0.511119 -0.011470 -0.023229 -2.559282 617.929993
46.880142 -3.852667 0.514192 -0.000522 -0.005867 -2.528606 618.130005
47.083855 -3.855396 0.515065 -0.004958 -0.006878 -2.496826 618.340027
47.290291 -3.857981 0.514229 -0.008052 -0.006381 -2.464238 618.559998
47.491310 -3.861700 0.512476 -0.017819 -0.007657 -2.432254 618.780029
47.699341 -3.869492 0.510313 -0.028465 -0.013429 -2.399071 619.010010
47.901325 -3.881998 0.508641 -0.031522 -0.016874 -2.367637 619.229980
48.108749 -3.898815 0.507664 -0.031152 -0.018582 -2.336357 619.450012
48.310909 -3.917464 0.507244 -0.013931 -0.008261 -2.307093 619.659973
48.510780 -3.936758 0.507076 -0.009074 -0.005754 -2.277837 619.869995
48.714497 -3.956102 0.506964 0.000015 -0.013654 -2.247686 620.090027
48.921471 -3.970051 0.506866 -0.006469 -0.031635 -2.216327 620.320007
49.129364 -3.972812 0.506967 -0.014451 -0.038791 -2.184743 620.549988
49.333740 -3.964457 0.507216 -0.018867 -0.035861 -2.154260 620.770020
49.534004 -3.948492 0.507473 -0.010336 -0.021618 -2.125136 620.979980
49.733376 -3.927855 0.507549 -0.002065 -0.006524 -2.095928 621.190002
49.934650 -3.905891 0.507527 -0.014446 0.010531 -2.065223 621.409973
50.138538 -3.891900 0.507591 -0.035607 0.016990 -2.033150 621.640015
50.343727 -3.893782 0.507776 -0.045915 0.013501 -2.000719 621.869995
50.546272 -3.910079 0.508056 -0.041715 0.008170 -1.969376 622.090027
50.752899 -3.936157 0.507974 0.012109 0.011774 -1.938599 622.309998
50.956051 -3.966406 0.507174 0.091130 0.021244 -1.906634 622.549988
51.153610 -4.000153 0.516309 -0.015180 -0.019920 -1.858181 623.150024
51.306862 -3.966732 0.643525 -0.080275 -0.045641 -1.826290 623.719971
51.471977 -3.925629 0.758435 -0.064699 -0.035092 -1.810302 623.989990
51.636421 -3.884105 0.867243 -0.034117 -0.018263 -1.795203 624.210022
51.803310 -3.841696 0.978999 -0.026440 -0.011694 -1.777737 624.419983
51.965961 -3.800764 1.089172 -0.014452 -0.005289 -1.758803 624.619995
52.135231 -3.758720 1.203947 -0.006870 -0.000537 -1.736577 624.830017
52.307884 -3.717710 1.313205 -0.025784 0.012280 -1.710722 625.049988
52.490765 -3.684386 1.401490 -0.047866 0.023121 -1.681344 625.280029
52.684071 -3.665660 1.458422 -0.036830 0.022687 -1.649804 625.510010
52.884636 -3.660046 1.486278 -0.027580 0.017759 -1.616777 625.739990
53.088432 -3.664099 1.491777 -0.031768 0.014832 -1.582774 625.969971
53.297005 -3.675344 1.482853 -0.032130 0.010612 -1.547892 626.200012
53.500446 -3.690117 1.467203 -0.017140 0.004890 -1.514306 626.419983
53.702473 -3.706142 1.449395 -0.024404 0.005111 -1.480791 626.640015
53.904999 -3.722595 1.432754 -0.016157 0.002029 -1.447303 626.859985
54.112427 -3.740358 1.418704 0.026791 0.031453 -1.412440 627.090027
54.313213 -3.781329 1.409953 0.063739 0.091438 -1.372670 627.340027
54.488388 -3.889168 1.408049 0.062203 0.104503 -1.332674 627.609985
54.613705 -4.046445 1.411333 0.043315 0.086933 -1.299346 627.849976
54.712757 -4.228703 1.417086 0.025928 0.046310 -1.270240 628.070007
54.797970 -4.417839 1.424210 0.010856 0.026809 -1.245003 628.280029
54.877666 -4.610618 1.432056 0.014487 0.022796 -1.225327 628.489990
54.950863 -4.805213 1.439629 0.024306 0.023063 -1.213431 628.700012
55.014393 -5.002255 1.446293 0.024352 0.007530 -1.210073 628.909973
55.066772 -5.197146 1.451536 0.020241 0.009201 -1.211611 629.119995
55.111832 -5.397546 1.455704 0.009258 0.004909 -1.215881 629.340027
55.153820 -5.601138 1.458447 -0.007500 0.019216 -1.221023 629.570007
55.199955 -5.801565 1.459898 -0.015203 0.031794 -1.225464 629.799988
55.253288 -5.994909 1.460533 -0.015467 0.038365 -1.228509 630.020020
55.316368 -6.192471 1.460661 -0.011984 0.038195 -1.230372 630.239990
55.383965 -6.385473 1.460606 -0.008277 0.035626 -1.230338 630.450012
55.457577 -6.581194 1.460201 -0.035524 0.018047 -1.227063 630.659973
55.544693 -6.769494 1.459288 -0.074211 -0.000051 -1.218814 630.869995
55.656227 -6.938603 1.457510 -0.086017 -0.005908 -1.205832 631.080017
55.794868 -7.084730 1.454847 -0.077521 -0.002092 -1.188615 631.289978
55.956299 -7.210757 1.451566 -0.054645 -0.001641 -1.166727 631.500000
56.130463 -7.320760 1.448099 -0.028194 -0.003558 -1.141097 631.710022
56.307087 -7.419433 1.444747 -0.016206 0.011547 -1.113022 631.919983
56.483265 -7.514162 1.441692 -0.010271 0.010719 -1.082529 632.130005
56.666008 -7.608775 1.439155 -0.038821 -0.014443 -1.048799 632.349976
56.851830 -7.684428 1.437425 -0.064324 -0.026184 -1.013256 632.570007
57.053955 -7.732399 1.436108 -0.051801 -0.033758 -0.974948 632.799988
57.258781 -7.749656 1.434774 -0.046208 -0.017552 -0.937742 633.030029
57.465881 -7.745389 1.433483 -0.031004 0.001911 -0.900716 633.260010
57.666004 -7.732773 1.432373 -0.024674 0.023250 -0.865695 633.479980
57.869354 -7.721033 1.431121 0.013835 -0.002372 -0.831279 633.700012
58.070896 -7.712730 1.429353 0.069677 -0.056982 -0.799679 633.940002
57.874050 -7.699078 1.387908 0.057889 -0.070498 -0.765496 635.070007
57.671108 -7.690713 1.369677 0.023940 -0.029305 -0.780526 635.260010
57.463810 -7.681295 1.352058 -0.003008 -0.006140 -0.801538 635.450012
57.264076 -7.669710 1.337510 -0.016428 -0.011831 -0.826680 635.640015
57.064465 -7.650626 1.327151 -0.017877 -0.023539 -0.856502 635.840027
56.864967 -7.619652 1.322071 -0.020894 -0.019768 -0.890712 636.049988
56.667328 -7.575890 1.322280 -0.006628 -0.025682 -0.928358 636.270020
56.466377 -7.520312 1.327429 0.006656 -0.030940 -0.969079 636.500000
56.274288 -7.458302 1.335659 -0.011457 -0.045475 -1.008495 636.719971
56.085102 -7.378886 1.345384 -0.028435 -0.057690 -1.047978 636.940002
55.904320 -7.275343 1.354646 -0.036861 -0.037683 -1.087892 637.159973
55.738331 -7.153192 1.362626 -0.023566 -0.037016 -1.126033 637.380005
55.583176 -7.017115 1.369382 -0.005911 -0.039445 -1.162813 637.599976
55.438484 -6.877222 1.374712 0.004930 -0.033619 -1.196861 637.809998
55.293705 -6.731552 1.379235 0.012123 -0.027305 -1.229820 638.020020
55.148273 -6.584500 1.383052 0.006583 -0.006941 -1.261327 638.229980
55.005856 -6.441883 1.386637 0.000475 -0.010962 -1.291980 638.440002
54.863277 -6.294067 1.392798 -0.024869 -0.034585 -1.323135 638.659973
54.735046 -6.136366 1.403000 -0.038686 -0.036216 -1.354475 638.880005
54.626934 -5.966971 1.416730 -0.036493 -0.027624 -1.385717 639.099976
54.534435 -5.781554 1.434809 -0.020345 -0.036615 -1.417299 639.330017
54.458000 -5.595924 1.454077 -0.004757 -0.023602 -1.447493 639.549988
54.385670 -5.407987 1.471475 0.020074 -0.019174 -1.477141 639.770020
54.307423 -5.221408 1.484760 0.034517 -0.020245 -1.506551 639.989990
54.217133 -5.035936 1.493246 0.037451 -0.022026 -1.536052 640.210022
54.119053 -4.858825 1.497110 0.033169 -0.022009 -1.564438 640.419983
54.011879 -4.681265 1.497573 0.023412 -0.018416 -1.593114 640.630005
53.900822 -4.504079 1.495018 0.000341 -0.022340 -1.622235 640.840027
53.795219 -4.325911 1.489371 -0.016128 -0.033794 -1.651818 641.049988
53.702442 -4.143759 1.481146 -0.027001 -0.023483 -1.682102 641.260010
53.622559 -3.952330 1.470395 -0.019389 -0.025848 -1.713564 641.479980
53.557148 -3.760083 1.458135 -0.005657 -0.030443 -1.745000 641.700012
53.499855 -3.564862 1.446381 0.011892 -0.020709 -1.776530 641.919983
53.441910 -3.368744 1.438532 0.032572 -0.013919 -1.807941 642.140015
53.374592 -3.173375 1.435960 0.027699 0.001371 -1.838543 642.359985
53.297680 -2.984066 1.438474 0.028189 0.000703 -1.869300 642.580017
53.212166 -2.800771 1.445422 0.030251 -0.007758 -1.900190 642.799988
53.118790 -2.618699 1.455932 0.031897 -0.017269 -1.931328 643.020020
53.023975 -2.442192 1.468073 0.018772 -0.013057 -1.960843 643.229980
52.925491 -2.260609 1.480265 -0.044210 0.030792 -1.991478 643.450012
52.829174 -2.080657 1.491644 -0.091436 0.065003 -2.027834 643.719971
52.682503 -1.941676 1.488620 0.117653 0.041410 -2.090729 644.619995
52.484001 -1.912913 1.467710 0.104655 0.026445 -2.110806 644.969971
52.287750 -1.874505 1.447816 0.067987 0.013890 -2.126988 645.210022
52.084969 -1.829444 1.427162 0.040811 0.007430 -2.143613 645.429993
51.883728 -1.781554 1.406310 0.030927 0.007359 -2.161812 645.640015
51.690247 -1.733848 1.386262 0.010414 0.001316 -2.181636 645.840027
51.492130 -1.683988 1.365147 0.012384 0.004929 -2.204687 646.049988
51.298424 -1.635105 1.344117 0.008505 0.004468 -2.230100 646.260010
51.101231 -1.586251 1.316758 -0.002912 0.012899 -2.258913 646.479980
50.902287 -1.543241 1.273788 -0.000688 0.026218 -2.290961 646.710022
50.707123 -1.511943 1.215881 -0.007531 0.018778 -2.324151 646.940002
50.517311 -1.491357 1.143772 0.004779 0.024070 -2.358290 647.169983
50.327644 -1.478420 1.059314 0.016445 0.026982 -2.393081 647.400024
50.141853 -1.469697 0.970290 0.020415 0.024499 -2.426823 647.619995
49.959896 -1.462162 0.880925 0.017484 0.017707 -2.459336 647.830017
49.776752 -1.454074 0.791462 0.010032 0.008137 -2.491685 648.039978
49.596710 -1.445127 0.702686 0.011731 0.011584 -2.523535 648.250000
49.410664 -1.434772 0.616888 0.013966 0.009515 -2.556333 648.469971
49.217575 -1.421143 0.545909 0.026845 0.020473 -2.589880 648.700012
49.018665 -1.402042 0.498294 0.032812 0.028670 -2.623140 648.929993
48.818832 -1.377869 0.473184 0.030179 0.029541 -2.654936 649.150024
48.619946 -1.350270 0.464094 0.025817 0.029692 -2.685195 649.359985
48.414421 -1.319662 0.465075 0.021084 0.028802 -2.715436 649.570007
48.214188 -1.288970 0.471655 0.015975 0.025374 -2.744345 649.770020
48.011822 -1.257788 0.480728 0.011830 0.021979 -2.773343 649.969971
47.809414 -1.226838 0.490132 0.005592 0.011103 -2.802431 650.169983
47.611580 -1.196605 0.498267 0.004222 0.002615 -2.831237 650.369995
47.411480 -1.164964 0.504839 0.011223 0.012826 -2.861353 650.580017
47.205647 -1.130274 0.509419 0.014802 0.019493 -2.892892 650.799988
46.999954 -1.093020 0.511931 0.015791 0.025297 -2.924460 651.020020
46.801838 -1.054955 0.512819 0.015185 0.021374 -2.954710 651.229980
46.603001 -1.013979 0.512765 0.019177 0.022477 -2.984950 651.440002
46.403484 -0.968657 0.512103 0.017002 0.015245 -3.015406 651.650024
46.206474 -0.919365 0.511065 0.011768 0.007339 -3.045631 651.859985
46.005730 -0.865188 0.509963 0.011537 0.018479 -3.076903 652.080017
45.807625 -0.809241 0.509196 0.006029 0.008676 -3.108102 652.299988
45.615002 -0.753443 0.508509 0.001224 0.007424 -3.138686 652.520020
45.419704 -0.697460 0.507937 -0.001179 0.022769 3.113018 652.750000
45.223572 -0.644594 0.507729 -0.002956 0.017044 3.081964 652.979980
45.025211 -0.594329 0.507195 -0.011881 -0.064024 3.052146 653.219971
44.829880 -0.546539 0.508070 -0.019475 -0.148631 3.019120 653.549988
44.625675 -0.539139 0.506036 -0.027963 0.114223 3.020022 654.440002
44.419800 -0.556503 0.507306 -0.017915 0.095455 3.050893 654.739990
44.214642 -0.574630 0.508398 -0.009214 0.072487 3.080040 654.969971
44.014797 -0.591668 0.509206 -0.003256 0.050237 3.106556 655.169983
43.804989 -0.608517 0.509761 0.000820 0.021928 3.132340 655.369995
43.595982 -0.624218 0.509960 0.002562 0.005623 -3.127957 655.570007
43.393982 -0.638307 0.509827 0.002429 0.003709 -3.109995 655.770020
43.190563 -0.651147 0.509458 0.008545 0.001291 -3.097670 655.979980
42.986645 -0.660115 0.508882 0.014923 0.015420 -3.092552 656.200012
42.786419 -0.662268 0.508622 0.015543 0.014027 -3.095576 656.419983
42.580189 -0.657218 0.508440 0.012319 0.019573 -3.105029 656.650024
42.374798 -0.646593 0.508515 0.008114 0.024811 -3.118691 656.880005
42.168381 -0.632717 0.508671 0.003922 0.020190 -3.134606 657.109985
41.962063 -0.617605 0.508877 0.001202 0.030361 3.132245 657.340027
41.762165 -0.603177 0.509188 -0.000418 0.017705 3.116960 657.559998
41.554195 -0.588833 0.509219 -0.001365 0.022345 3.100436 657.789978
41.346710 -0.575184 0.509149 0.004461 0.022424 3.082759 658.020020
41.138828 -0.559314 0.509117 0.011511 0.029071 3.063796 658.250000
40.937870 -0.538768 0.509054 0.011904 0.015767 3.044641 658.469971
40.730881 -0.512050 0.508793 0.006006 0.014840 3.026222 658.700012
40.527214 -0.482745 0.508646 0.000581 0.027578 3.011640 658.929993
40.322269 -0.453021 0.508669 -0.002375 0.017874 3.001589 659.159973
40.118172 -0.424600 0.508723 -0.003501 0.028209 2.995660 659.390015
39.910843 -0.397367 0.508886 -0.003627 0.035998 2.993225 659.619995
39.706142 -0.371888 0.509134 -0.003074 0.037454 2.993518 659.840027
39.504604 -0.347742 0.509271 -0.002084 0.026022 2.995645 660.049988
39.301933 -0.324051 0.509260 -0.000928 0.013517 2.999999 660.260010
39.102879 -0.301015 0.509165 0.000285 0.018641 3.007546 660.469971
38.896351 -0.276974 0.509037 -0.002809 0.025845 3.019102 660.690002
38.688416 -0.254130 0.508977 -0.009195 0.030756 3.033231 660.909973
38.486740 -0.235777 0.508923 -0.010854 0.018902 3.048142 661.119995
38.286137 -0.221979 0.508829 -0.009197 0.013567 3.063087 661.330017
38.079601 -0.211832 0.508748 -0.006351 0.021060 3.077708 661.549988
37.874786 -0.204575 0.508787 -0.003404 0.013249 3.090776 661.770020
37.673252 -0.198927 0.508708 -0.001122 0.022043 3.101693 661.989990
37.472759 -0.193748 0.508530 0.000368 -0.002930 3.110336 662.210022
37.270691 -0.188363 0.507776 0.000505 -0.080611 3.117139 662.450012
37.070641 -0.182459 0.508404 -0.001415 -0.130293 3.123423 662.830017
36.929562 -0.176828 0.652991 0.000006 0.080459 3.127797 663.609985
36.787323 -0.173187 0.801730 -0.000593 0.068556 3.127524 663.900024
36.640808 -0.170230 0.943567 -0.000728 0.039272 3.127184 664.130005
36.494602 -0.167710 1.084032 -0.000413 0.028339 3.127747 664.340027
36.343063 -0.165357 1.222869 -0.001068 0.032984 3.129530 664.549988
36.177036 -0.163336 1.345272 -0.002657 0.054200 3.132315 664.770020
35.996605 -0.162325 1.433063 -0.003267 0.045161 3.135746 664.989990
35.796196 -0.162663 1.486425 -0.002773 0.039206 3.139558 665.219971
35.596916 -0.164155 1.505821 -0.001840 0.035955 -3.140077 665.440002
35.392670 -0.166394 1.502222 -0.000628 0.014491 -3.137441 665.659973
35.191639 -0.168615 1.485553 0.005036 0.009720 -3.137290 665.880005
34.986824 -0.168354 1.464856 0.010552 0.022832 -3.140984 666.109985
34.782444 -0.162977 1.447907 0.010918 0.016936 3.134258 666.340027
34.579643 -0.152360 1.437364 0.007144 0.021516 3.125409 666.570007
34.376431 -0.138752 1.431341 -0.001908 0.034342 3.118215 666.799988
34.176426 -0.126745 1.426989 -0.007388 0.031211 3.114351 667.020020
33.972610 -0.118223 1.422203 -0.008550 0.018967 3.113018 667.239990
33.769371 -0.113734 1.415947 -0.007646 0.026429 3.112090 667.460022
33.565258 -0.112572 1.408371 -0.003790 0.014427 3.110684 667.679993
33.363598 -0.112895 1.402110 0.002124 0.020437 3.108612 667.900024
33.162682 -0.112011 1.399236 0.005249 0.024210 3.106197 668.119995
32.961693 -0.108506 1.399489 0.003804 0.014172 3.104416 668.340027
32.754559 -0.103109 1.399894 -0.002686 0.025481 3.105089 668.570007
32.545643 -0.098769 1.397962 -0.006908 0.036085 3.109194 668.799988
32.339535 -0.097416 1.392839 -0.008024 0.038021 3.114624 669.020020
32.136528 -0.099109 1.384823 -0.006649 0.030275 3.118883 669.229980
31.931290 -0.103070 1.375393 -0.001067 0.012786 3.121235 669.440002
31.729574 -0.107150 1.368057 0.005030 0.018331 3.121784 669.650024
31.520924 -0.108866 1.364603 0.007611 0.007913 3.120780 669.869995
31.319330 -0.107028 1.365253 0.006193 -0.000746 3.118948 670.090027
31.118702 -0.102153 1.369107 0.003571 0.021467 3.117096 670.320007
30.910954 -0.095173 1.375347 0.000939 0.012511 3.115668 670.559998
30.706352 -0.087973 1.382440 -0.003525 0.022018 3.115995 670.799988
30.500935 -0.082698 1.389423 -0.006094 0.033200 3.118648 671.039978
30.293184 -0.080545 1.394773 -0.004619 -0.035090 3.123858 671.280029
30.091080 -0.081509 1.397872 -0.000354 -0.100915 3.131178 671.559998
29.889477 -0.090835 1.391846 -0.014626 0.125541 -3.128062 672.390015
29.684902 -0.116316 1.379859 -0.013765 0.119375 -3.105794 672.760010
29.486914 -0.142838 1.369354 -0.006684 0.086443 -3.088868 672.989990
29.287283 -0.168994 1.360046 0.012705 0.057303 -3.075550 673.190002
29.085241 -0.189801 1.352926 0.027963 0.035261 -3.066431 673.380005
28.879408 -0.201231 1.348073 0.030346 0.007096 -3.061879 673.570007
28.678814 -0.201985 1.345460 0.026347 -0.005719 -3.061464 673.760010
28.477806 -0.192796 1.345074 0.021032 0.005117 -3.065747 673.960022
28.274151 -0.175132 1.347080 0.013671 0.015411 -3.075377 674.169983
28.073584 -0.153208 1.351065 0.000788 0.023245 -3.087738 674.380005
27.872995 -0.132392 1.356540 -0.008742 0.027010 -3.100662 674.590027
27.672115 -0.116525 1.362892 -0.012478 0.011680 -3.112430 674.799988
27.466032 -0.106399 1.369737 -0.011375 0.018808 -3.122883 675.020020
27.261992 -0.102131 1.376635 -0.008260 0.017869 -3.130324 675.239990
27.060015 -0.102070 1.382815 -0.006397 0.014975 -3.134840 675.460022
26.851723 -0.105205 1.387878 -0.004624 0.030619 -3.137027 675.690002
26.649115 -0.110312 1.391440 -0.003055 0.034961 -3.137015 675.909973
26.440887 -0.116650 1.393831 -0.001666 0.034330 -3.135476 676.130005
26.237955 -0.123216 1.395374 -0.000416 0.016320 -3.133175 676.340027
26.037115 -0.129725 1.396203 0.000356 0.009473 -3.131710 676.549988
25.832842 -0.135925 1.396721 0.004287 0.013084 -3.132116 676.770020
25.632553 -0.139914 1.397961 0.007978 0.027600 -3.134662 676.989990
25.430916 -0.140218 1.400371 0.008119 0.016712 -3.139398 677.210022
25.230747 -0.136826 1.403794 0.006302 0.020685 3.137904 677.429993
25.022066 -0.130323 1.408468 0.003939 0.023892 3.131187 677.659973
24.813498 -0.122079 1.413377 0.001030 0.005942 3.125185 677.890015
24.611490 -0.113723 1.416351 -0.002555 0.017428 3.120940 678.119995
24.411509 -0.106826 1.416239 -0.004282 0.026943 3.118721 678.349976
24.209532 -0.102081 1.412861 -0.004140 0.022092 3.118423 678.580017
24.006517 -0.099364 1.406586 -0.003159 0.031366 3.119482 678.809998
23.799604 -0.098045 1.398096 -0.001916 0.022573 3.121605 679.039978
23.591806 -0.097530 1.388493 -0.000870 0.022407 3.124462 679.270020
23.383268 -0.097313 1.380649 -0.000476 0.030923 3.127717 679.500000
23.179735 -0.097152 1.376684 -0.000323 0.035606 3.130909 679.719971
22.970316 -0.096976 1.376667 -0.000200 0.035052 3.133957 679.940002
22.765188 -0.096787 1.380015 -0.000087 0.033010 3.136586 680.150024
22.556000 -0.096574 1.385862 0.000008 0.030330 3.138853 680.359985
22.354364 -0.096344 1.392983 0.000080 0.025199 3.140630 680.559998
22.153490 -0.096085 1.400445 0.000094 -0.016743 -3.141166 680.760010
21.952732 -0.095769 1.407420 0.000020 -0.092250 -3.140085 680.979980
21.751944 -0.095171 1.414451 -0.000921 -0.142267 -3.139145 681.309998
21.549990 -0.117559 1.395575 -0.021436 0.114997 -3.116710 682.140015
21.352037 -0.155483 1.375590 -0.014731 0.097467 -3.092998 682.440002
21.154465 -0.194016 1.357058 -0.004596 0.054223 -3.070512 682.669983
20.957842 -0.231095 1.342797 0.010056 0.039460 -3.051222 682.880005
20.753479 -0.263849 1.335310 0.018222 0.030388 -3.035821 683.090027
20.546223 -0.288787 1.335460 0.017816 0.008427 -3.025878 683.299988
20.343550 -0.305528 1.342948 0.014204 0.011072 -3.021097 683.510010
20.135775 -0.316391 1.357845 0.009863 0.021572 -3.022163 683.729980
19.929443 -0.322932 1.376652 0.012884 0.010456 -3.029712 683.950012
19.727144 -0.323563 1.393161 0.024317 0.018052 -3.043299 684.169983
19.526199 -0.314220 1.403790 0.026243 0.015771 -3.063008 684.390015
19.327114 -0.294207 1.407441 0.021704 0.014910 -3.085818 684.609985
19.121401 -0.264271 1.404130 0.015543 0.027001 -3.109102 684.840027
18.922289 -0.230674 1.397369 -0.000415 0.033693 -3.129258 685.059998
18.717882 -0.198990 1.391314 -0.013058 0.035429 3.136885 685.280029
18.518343 -0.175531 1.388050 -0.016846 0.016064 3.124220 685.489990
18.311178 -0.159517 1.388033 -0.014854 0.018746 3.113990 685.710022
18.105593 -0.150916 1.391673 -0.010229 0.015333 3.107041 685.929993
17.904139 -0.147172 1.396919 -0.002568 -0.001302 3.102563 686.150024
17.703300 -0.144698 1.400817 0.004135 0.020159 3.098520 686.380005
17.494814 -0.139757 1.401583 0.006212 0.035187 3.094551 686.619995
17.288422 -0.131701 1.400433 -0.000530 0.038206 3.092956 686.849976
17.083275 -0.123707 1.400012 -0.007419 0.036744 3.095217 687.070007
16.882305 -0.118757 1.401292 -0.009009 0.016279 3.101329 687.280029
16.673574 -0.117494 1.404763 -0.008021 0.018566 3.109978 687.500000
16.466892 -0.119729 1.410508 -0.005929 0.018603 3.119590 687.719971
16.262337 -0.124350 1.415978 -0.002628 0.014742 3.129188 687.940002
16.060965 -0.129891 1.417994 -0.000047 0.024950 3.138075 688.159973
15.858528 -0.135189 1.415323 0.001207 0.032566 -3.137276 688.380005
15.651856 -0.139760 1.408249 0.001559 0.023766 -3.130697 688.599976
15.444440 -0.143521 1.399920 0.001218 0.017933 -3.125441 688.820007
15.239006 -0.146665 1.393894 0.000792 0.022776 -3.121508 689.039978
15.034532 -0.149467 1.391767 0.000421 0.012558 -3.118851 689.260010
14.833736 -0.152076 1.393868 0.000202 0.021043 -3.117313 689.479980
14.633624 -0.154682 1.399874 0.000517 0.023626 -3.116821 689.700012
14.432514 -0.157048 1.407278 0.003611 0.025948 -3.117936 689.919983
14.229474 -0.157963 1.413454 0.005710 0.031283 -3.121347 690.140015
14.023865 -0.156571 1.417098 0.005274 0.013748 -3.127104 690.359985
13.820950 -0.152960 1.417597 0.004052 0.022157 -3.134071 690.580017
13.618647 -0.147739 1.415216 0.002551 0.010451 3.141521 690.799988
13.416734 -0.141400 1.410462 0.000166 -0.067882 3.133599 691.030029
13.215284 -0.133904 1.406340 -0.003759 -0.155456 3.124562 691.349976
13.014191 -0.131971 1.404215 -0.011295 0.134124 3.134365 692.190002
12.812169 -0.142073 1.414503 -0.008430 0.108500 -3.135929 692.479980
12.608466 -0.154002 1.424609 0.001733 0.076369 -3.126194 692.700012
12.400995 -0.164103 1.435054 0.015229 0.046826 -3.120101 692.900024
12.195507 -0.168453 1.445824 0.020967 0.022758 -3.118019 693.090027
11.991266 -0.165721 1.456701 0.019392 -0.003220 -3.119882 693.280029
11.786160 -0.155775 1.468000 0.015739 0.000789 -3.125714 693.479980
11.580725 -0.139392 1.479679 0.010520 -0.000859 -3.136824 693.690002
11.376688 -0.118750 1.489858 -0.003018 -0.005043 3.131768 693.909973
11.175522 -0.099772 1.495639 -0.015641 0.019700 3.117204 694.140015
10.967756 -0.088666 1.495861 -0.017601 0.018499 3.106199 694.380005
10.759972 -0.087206 1.490560 -0.015077 0.028110 3.099621 694.619995
10.557375 -0.092949 1.481654 -0.009928 0.026248 3.097764 694.849976
10.351840 -0.102642 1.472739 -0.001625 0.023963 3.099384 695.080017
10.144846 -0.112273 1.467394 0.003381 0.032706 3.103382 695.309998
9.941941 -0.118964 1.467301 0.004606 0.036155 3.108635 695.530029
9.732661 -0.122670 1.472079 0.004029 0.034531 3.114596 695.750000
9.528477 -0.123931 1.479438 0.000962 0.020629 3.120729 695.960022
9.324991 -0.124674 1.485067 -0.005960 0.019763 3.128415 696.169983
9.123034 -0.127636 1.485743 -0.009724 0.019179 3.138697 696.380005
8.914075 -0.134750 1.480268 -0.009427 0.009320 -3.131265 696.599976
8.710922 -0.145789 1.468410 -0.007397 0.017656 -3.117121 696.820007
8.510644 -0.159811 1.451627 -0.003278 0.006969 -3.103039 697.039978
8.307889 -0.174700 1.433576 0.014087 0.008422 -3.090851 697.270020
8.102183 -0.182302 1.418841 0.025576 0.025363 -3.083577 697.510010
7.895211 -0.176763 1.410276 0.021275 0.011778 -3.083273 697.750000
7.690974 -0.160793 1.405674 0.006570 0.022048 -3.087077 697.989990
7.485528 -0.142516 1.401881 -0.003996 0.038889 -3.093907 698.229980
7.280103 -0.128605 1.397129 -0.007796 0.042868 -3.102038 698.460022
7.073863 -0.120308 1.390555 -0.007744 0.041090 -3.110323 698.679993
6.870982 -0.116611 1.382927 -0.007172 0.005241 -3.117721 698.890015
6.664991 -0.116348 1.375741 -0.007687 0.004623 -3.124229 699.109985
6.458072 -0.119861 1.371029 -0.006493 0.021967 -3.128293 699.340027
6.251340 -0.126616 1.370157 -0.004787 0.035172 -3.129259 699.570007
6.047817 -0.135231 1.372823 -0.003121 0.036951 -3.127897 699.789978
5.840306 -0.145022 1.377292 -0.000711 -0.023379 -3.124871 700.010010
5.639672 -0.155195 1.382061 0.002350 -0.097961 -3.120615 700.250000
5.439591 -0.165723 1.389220 0.003411 -0.079869 -3.111748 700.729980
5.234182 -0.172466 1.397775 -0.003129 0.115888 -3.097093 701.510010
5.030558 -0.183343 1.403964 -0.002213 0.083673 -3.092542 701.780029
4.821584 -0.195215 1.408409 0.005748 0.033749 -3.090046 702.010010
4.613959 -0.204191 1.411198 0.015843 0.028289 -3.090837 702.229980
4.413327 -0.206446 1.412029 0.017772 0.016309 -3.095621 702.440002
4.205347 -0.201191 1.410790 0.015454 0.012943 -3.102407 702.659973
4.001137 -0.189344 1.407586 0.012323 0.022491 -3.108105 702.880005
3.798064 -0.173101 1.403038 0.000844 0.012803 -3.111831 703.099976
3.598377 -0.157474 1.397351 -0.010891 0.024796 -3.113453 703.320007
3.397896 -0.147692 1.391036 -0.015217 0.033164 -3.113376 703.539978
3.192807 -0.145662 1.384361 -0.013985 0.035220 -3.111950 703.760010
2.991804 -0.150242 1.377917 -0.010186 0.029587 -3.109724 703.969971
2.789136 -0.159232 1.371635 -0.005022 0.001021 -3.107467 704.179993
2.585595 -0.170340 1.366379 0.002825 0.003221 -3.106735 704.400024
2.381402 -0.180117 1.363844 0.007941 0.021651 -3.108526 704.630005
2.178689 -0.185843 1.364735 0.008575 0.016297 -3.112573 704.859985
1.977380 -0.187237 1.368561 0.007390 0.028414 -3.115693 705.090027
1.773187 -0.185422 1.375307 0.000421 0.028771 -3.116328 705.320007
1.564934 -0.183893 1.385734 -0.007690 0.034914 -3.114181 705.549988
1.360602 -0.186345 1.399030 -0.010208 0.022089 -3.109559 705.770020
1.155864 -0.193646 1.414607 -0.009199 0.018813 -3.103517 705.989990
0.952710 -0.205120 1.432079 -0.006351 0.022464 -3.096815 706.210022
0.750970 -0.219334 1.449835 -0.002325 0.004743 -3.090372 706.429993
0.546861 -0.234638 1.466134 0.003774 0.020302 -3.085694 706.659973
0.343583 -0.247939 1.478617 0.006726 0.025978 -3.084086 706.890015
0.138568 -0.258005 1.486872 0.006430 0.019909 -3.085416 707.119995
-0.066397 -0.264959 1.491449 0.004914 0.031542 -3.088678 707.349976
-0.274841 -0.269857 1.493252 0.002895 0.020383 -3.092879 707.580017
-0.483716 -0.273557 1.493209 0.001668 0.026820 -3.095318 707.809998
-0.685379 -0.276780 1.492332 -0.002610 0.029279 -3.094431 708.030029
-0.890336 -0.281823 1.491377 -0.010199 0.033600 -3.090248 708.250000
-1.099635 -0.291893 1.490886 -0.012641 0.022506 -3.082846 708.469971
-1.299197 -0.306927 1.490844 -0.010823 0.013507 -3.073869 708.679993
-1.504241 -0.327178 1.491190 -0.007591 0.022630 -3.063763 708.900024
-1.707819 -0.350616 1.492002 -0.004185 0.013192 -3.053875 709.119995
-1.907809 -0.375440 1.493007 -0.001342 0.018872 -3.046597 709.340027
-2.106452 -0.400344 1.492815 0.003792 0.031201 -3.042541 709.559998
-2.308985 -0.423708 1.489906 0.007103 0.033443 -3.041350 709.780029
-2.515429 -0.444172 1.483992 0.006872 0.014135 -3.042594 710.000000
-2.719568 -0.461279 1.475050 0.005216 0.021757 -3.045309 710.219971
-2.922906 -0.476033 1.463872 0.003195 0.005247 -3.049183 710.440002
-3.123789 -0.489085 1.451595 0.000420 -0.072499 -3.053886 710.669983
-3.323959 -0.500612 1.441220 -0.004425 -0.160851 -3.059704 711.000000
-3.494894 -0.609009 1.455753 -0.071509 0.092071 -3.036955 711.890015
-3.640288 -0.745933 1.481802 -0.053557 0.077108 -3.009409 712.169983
-3.792023 -0.887899 1.507497 -0.031359 0.054453 -2.981128 712.400024
-3.945723 -1.028871 1.530134 -0.010945 0.041057 -2.952355 712.609985
-4.100333 -1.164435 1.548393 0.000579 0.032242 -2.922673 712.809998
-4.259144 -1.295964 1.562149 0.009759 0.011147 -2.891481 713.010010
-4.416403 -1.419457 1.571157 0.007571 0.014278 -2.858978 713.210022
-4.579891 -1.541605 1.576254 0.005743 0.008475 -2.824326 713.419983
-4.747156 -1.660442 1.578365 0.036246 -0.002800 -2.790217 713.640015
-4.927211 -1.764751 1.580060 0.072859 0.017376 -2.759003 713.880005
-5.118753 -1.830839 1.582949 0.069060 0.011732 -2.739950 714.119995
-5.321306 -1.861382 1.587583 0.053434 0.019491 -2.731414 714.359985
-5.524930 -1.867563 1.594245 0.034160 0.022011 -2.734247 714.590027
-5.725166 -1.861923 1.601254 0.023300 0.009083 -2.746358 714.809998
-5.933345 -1.846375 1.604996 0.041255 0.008376 -2.767131 715.039978
-6.132393 -1.816360 1.602481 0.043764 0.001889 -2.794505 715.260010
-6.328856 -1.769842 1.593634 0.034641 -0.001649 -2.827044 715.479980
-6.520227 -1.710388 1.578930 0.031207 0.012553 -2.862803 715.700012
-6.711230 -1.641752 1.559596 0.026576 0.022857 -2.900144 715.919983
-6.904239 -1.568340 1.538121 -0.012730 0.017220 -2.935029 716.140015
-7.095165 -1.506850 1.518253 -0.066120 0.033614 -2.963729 716.359985
-7.295013 -1.479908 1.501500 -0.083334 0.040741 -2.983519 716.590027
-7.498192 -1.498664 1.489309 -0.073225 0.042125 -2.991657 716.820007
-7.696568 -1.552886 1.481710 -0.056206 0.032406 -2.988317 717.039978
-7.885551 -1.630067 1.478855 -0.076344 0.003233 -2.975303 717.250000
-8.061583 -1.735579 1.480519 -0.091616 -0.019785 -2.953903 717.460022
-8.213695 -1.871330 1.485309 -0.073867 -0.036175 -2.925796 717.669983
-8.337671 -2.028387 1.492450 -0.058028 -0.025762 -2.894509 717.880005
-8.443562 -2.207491 1.502063 -0.040333 -0.009873 -2.857864 718.099976
-8.534000 -2.393438 1.512374 -0.003946 -0.002580 -2.820018 718.320007
-8.624234 -2.578135 1.519214 0.061130 0.036834 -2.783736 718.549988
-8.747510 -2.743772 1.517862 0.092820 0.053030 -2.754270 718.799988
-8.910750 -2.862427 1.505991 0.080314 0.038929 -2.737137 719.049988
-9.095529 -2.939701 1.487677 0.023664 0.036814 -2.725090 719.289978
-9.285672 -3.005497 1.469684 -0.025723 0.040577 -2.714940 719.520020
-9.470804 -3.082890 1.455236 -0.045547 0.039329 -2.704557 719.739990
-9.654203 -3.182565 1.444289 -0.045535 0.032960 -2.692175 719.960022
-9.824566 -3.296464 1.436904 -0.030854 0.000342 -2.677350 720.169983
-9.986180 -3.420740 1.431530 -0.003475 -0.078859 -2.660642 720.390015
-10.139698 -3.553282 1.427999 0.023937 -0.136066 -2.641603 720.690002
-10.277791 -3.698270 1.441453 -0.027631 0.117425 -2.598907 721.559998
-10.422356 -3.843907 1.460989 -0.022353 0.100406 -2.577691 721.880005
-10.563491 -3.985605 1.477000 -0.012137 0.055415 -2.558250 722.109985
-10.704731 -4.127667 1.492011 -0.007792 0.032635 -2.538304 722.320007
-10.848086 -4.274290 1.506293 -0.029082 0.018059 -2.515893 722.530029
-10.983801 -4.428212 1.519123 -0.049202 0.012999 -2.490567 722.739990
-11.104671 -4.593087 1.529944 -0.044787 -0.004880 -2.462695 722.950012
-11.211434 -4.772183 1.539008 -0.037547 -0.000381 -2.436485 723.169983
-11.301530 -4.955059 1.546239 -0.015035 0.003743 -2.415420 723.390015
-11.389828 -5.140226 1.550505 0.074515 0.004626 -2.400956 723.619995
-11.510516 -5.301941 1.550246 0.126211 0.006587 -2.397170 723.869995
-11.681925 -5.406772 1.543748 0.110065 -0.000103 -2.404596 724.130005
-11.878546 -5.455544 1.531598 0.001314 0.000251 -2.414571 724.380005
-12.077512 -5.507203 1.513793 -0.131201 0.007901 -2.422805 724.650024
-12.225687 -5.643110 1.490066 -0.141900 0.001103 -2.421444 724.960022
-12.279965 -5.841290 1.465853 -0.108365 0.011283 -2.413226 725.239990
-12.285265 -6.043107 1.445234 -0.060539 0.008377 -2.398464 725.469971
-12.273922 -6.250690 1.427893 -0.012767 0.026841 -2.380238 725.690002
-12.268306 -6.451338 1.419340 0.037076 0.051307 -2.357917 725.900024
-12.290652 -6.655901 1.421721 0.058889 0.053784 -2.331220 726.119995
-12.348718 -6.849419 1.434680 0.056766 0.042785 -2.302327 726.340027
-12.436965 -7.030438 1.456006 0.040945 0.031650 -2.270960 726.559998
-12.544922 -7.201795 1.479480 0.016941 0.029096 -2.237562 726.780029
-12.661942 -7.369895 1.499993 -0.001918 0.026223 -2.202943 727.000000
-12.779304 -7.538810 1.514883 -0.011168 0.013959 -2.168621 727.219971
-12.890813 -7.707935 1.523236 -0.013658 0.022105 -2.136931 727.440002
-12.996717 -7.879984 1.525595 -0.013918 0.020113 -2.108860 727.659973
-13.096408 -8.055096 1.523290 -0.021655 0.024828 -2.083992 727.880005
-13.188167 -8.236013 1.517789 -0.023851 0.029193 -2.060820 728.099976
-13.271558 -8.423387 1.510363 -0.018332 0.012818 -2.038268 728.320007
-13.346354 -8.611374 1.502138 -0.012331 0.022076 -2.016579 728.539978
-13.416350 -8.800993 1.494053 -0.006471 0.017186 -1.994530 728.760010
-13.483550 -8.990064 1.486456 -0.001941 0.016213 -1.972003 728.979980
-13.552253 -9.185467 1.479484 -0.002534 0.024582 -1.948335 729.210022
-13.620608 -9.382479 1.474187 -0.004917 0.034882 -1.925758 729.440002
-13.686105 -9.577050 1.470648 -0.005155 0.036890 -1.906105 729.659973
-13.748627 -9.769089 1.468341 -0.004016 0.033468 -1.889838 729.869995
-13.810867 -9.965483 1.466795 -0.002464 0.017417 -1.876331 730.080017
-13.871041 -10.159459 1.466244 -0.007062 -0.002772 -1.864838 730.289978
-13.927710 -10.353736 1.469153 -0.015966 0.011725 -1.853437 730.510010
-13.977979 -10.553583 1.477241 -0.017354 0.014697 -1.840558 730.739990
-14.019219 -10.752238 1.489557 -0.010076 0.008823 -1.828572 730.969971
-14.057944 -10.954101 1.501289 0.030339 0.012436 -1.820075 731.210022
-14.111457 -11.147886 1.505891 0.057422 0.023537 -1.818059 731.450012
-14.193138 -11.334324 1.501575 0.052693 0.014119 -1.824597 731.690002
-14.300011 -11.511973 1.488197 0.042385 0.026418 -1.837373 731.929993
-14.420185 -11.678494 1.469055 0.015660 -0.010838 -1.857137 732.159973
-14.548538 -11.838874 1.446847 -0.021779 -0.083186 -1.880926 732.409973
-14.680732 -11.989156 1.421123 -0.040802 -0.107096 -1.917932 732.830017
-14.812386 -12.138332 1.448970 0.030601 0.109278 -1.963894 733.679993
-14.940211 -12.295957 1.486964 0.022763 0.085724 -1.981117 733.960022
-15.064170 -12.449639 1.521321 0.012504 0.048580 -1.997475 734.179993
-15.190585 -12.606188 1.554928 0.011580 0.019041 -2.015096 734.390015
-15.319812 -12.760715 1.585032 0.030704 0.008351 -2.035061 734.599976
-15.455714 -12.905626 1.609344 0.041204 0.007007 -2.057788 734.809998
-15.607661 -13.043742 1.627696 0.034513 -0.002754 -2.084440 735.030029
-15.765912 -13.167014 1.639492 0.031080 0.013892 -2.112298 735.250000
-15.931435 -13.281971 1.646424 0.024634 0.024758 -2.141498 735.469971
-16.102896 -13.394573 1.648801 -0.013164 0.023611 -2.168556 735.690002
-16.266418 -13.514355 1.644361 -0.069239 0.026416 -2.189715 735.909973
-16.409517 -13.662226 1.631745 -0.086281 0.016430 -2.201917 736.140015
-16.516241 -13.833986 1.611777 -0.074494 0.012638 -2.205084 736.369995
-16.591574 -14.023804 1.586079 -0.053207 0.020085 -2.199705 736.599976
-16.645718 -14.216949 1.559619 -0.001776 0.017315 -2.187360 736.820007
-16.701294 -14.407872 1.536080 0.048533 0.028385 -2.173275 737.039978
-16.783287 -14.595534 1.517295 0.066324 0.036464 -2.160373 737.270020
-16.892811 -14.762727 1.505150 0.061050 0.039624 -2.152592 737.489990
-17.029970 -14.920782 1.497807 0.042539 0.024763 -2.151273 737.710022
-17.175932 -15.063069 1.494234 0.019062 0.005930 -2.153602 737.919983
-17.329229 -15.203403 1.495425 -0.026898 0.007199 -2.156525 738.140015
-17.472527 -15.353046 1.504917 -0.058104 0.020377 -2.157844 738.369995
-17.589417 -15.517747 1.522113 -0.057321 0.011719 -2.154335 738.599976
-17.679758 -15.695674 1.545616 -0.046492 0.024701 -2.147448 738.830017
-17.752041 -15.886627 1.572931 -0.021043 0.021040 -2.135143 739.059998
-17.818949 -16.081617 1.593513 0.037375 0.022515 -2.121474 739.289978
-17.902706 -16.266943 1.599176 0.067956 0.022569 -2.110862 739.520020
-18.014729 -16.435051 1.589033 0.059060 0.012395 -2.104009 739.750000
-18.148289 -16.586508 1.571557 0.014738 0.027083 -2.096479 739.979980
-18.288437 -16.737499 1.558020 -0.019276 0.036819 -2.088109 740.210022
-18.416807 -16.893568 1.554043 -0.031329 0.038599 -2.078912 740.429993
-18.534838 -17.064339 1.560266 -0.029984 0.036924 -2.069360 740.650024
-18.637482 -17.238289 1.573391 -0.021601 0.003251 -2.059938 740.859985
-18.732828 -17.418966 1.586178 -0.009450 0.006031 -2.052778 741.080017
-18.824606 -17.602928 1.591501 -0.000013 0.007013 -2.048469 741.309998
-18.914713 -17.784081 1.588527 0.003280 -0.065195 -2.047306 741.549988
-19.005369 -17.962530 1.577866 0.002103 -0.120164 -2.049477 741.880005
-18.947546 -17.770012 1.579383 0.020480 -0.122081 -2.067807 742.659973
-18.881258 -17.581291 1.582998 0.013105 -0.071163 -2.079717 742.869995
-18.811777 -17.382530 1.588215 0.006589 -0.029429 -2.094686 743.070007
-18.745245 -17.191130 1.594821 0.005578 -0.017036 -2.112153 743.260010
-18.676872 -16.992430 1.602914 -0.000997 0.003544 -2.133262 743.460022
-18.608404 -16.794764 1.611513 -0.013278 0.010376 -2.157906 743.669983
-18.537479 -16.604088 1.619778 -0.016079 -0.013355 -2.185952 743.890015
-18.457712 -16.415674 1.627697 -0.017143 -0.012936 -2.217798 744.119995
-18.367130 -16.228310 1.635001 -0.007912 -0.027868 -2.252490 744.359985
-18.272987 -16.050423 1.641309 0.000578 -0.035772 -2.287032 744.590027
-18.172722 -15.869473 1.645306 0.001618 -0.025970 -2.322109 744.820007
-18.073708 -15.695384 1.642433 0.005235 -0.030567 -2.355930 745.039978
-17.971760 -15.519036 1.631391 0.003969 -0.022088 -2.389608 745.260010
-17.868717 -15.343039 1.612625 0.004546 -0.017481 -2.422928 745.479980
-17.766140 -15.168973 1.587335 0.007658 -0.020582 -2.455834 745.700012
-17.664190 -14.996168 1.558662 0.001082 -0.007729 -2.487944 745.919983
-17.559731 -14.820992 1.531094 0.004280 -0.020399 -2.520902 746.150024
-17.453886 -14.647699 1.510193 0.005013 -0.024443 -2.553252 746.380005
-17.344912 -14.474709 1.496974 0.005795 -0.023115 -2.584908 746.609985
-17.233147 -14.301890 1.490833 0.011452 -0.028611 -2.616205 746.840027
-17.123001 -14.134025 1.490572 0.013853 -0.026640 -2.645858 747.059998
-17.010538 -13.962996 1.495330 0.018251 -0.027795 -2.675552 747.280029
-16.901363 -13.795569 1.503493 0.018897 -0.025797 -2.703982 747.489990
-16.790890 -13.624253 1.514182 0.020678 -0.026500 -2.732755 747.700012
-16.679102 -13.449038 1.526253 0.013233 -0.016631 -2.761602 747.909973
-16.568947 -13.275243 1.537995 0.001361 0.011394 -2.790422 748.119995
-16.464043 -13.101395 1.548825 0.027599 0.016544 -2.820755 748.340027
-16.371586 -12.919355 1.557791 0.035569 0.015352 -2.852199 748.570007
-16.296272 -12.732374 1.564225 0.032275 0.010111 -2.883535 748.799988
-16.233854 -12.540651 1.568571 0.036499 -0.002095 -2.915233 749.030029
-16.177851 -12.340822 1.571722 0.041209 -0.013515 -2.947356 749.260010
-16.124929 -12.140110 1.573910 0.031979 -0.015536 -2.978233 749.479980
-16.072390 -11.943485 1.574041 0.018506 -0.022409 -3.007977 749.690002
-16.014076 -11.747146 1.569753 0.012726 -0.033157 -3.037935 749.900024
-15.945820 -11.553755 1.560202 0.001925 -0.030432 -3.067940 750.109985
-15.868335 -11.367496 1.545662 0.000539 -0.024549 -3.097978 750.320007
-15.780202 -11.180949 1.526044 0.008169 -0.019214 -3.129411 750.539978
-15.688396 -11.000405 1.506088 0.011893 -0.001643 3.122426 750.760010
-15.596188 -10.814734 1.490805 0.029891 0.009334 3.089677 750.989990
-15.512818 -10.625129 1.483716 0.020973 0.014244 3.057196 751.219971
-15.439825 -10.433283 1.484772 0.029037 0.010946 3.024677 751.450012
-15.374536 -10.236718 1.492887 0.019113 0.006677 2.992258 751.679993
-15.315682 -10.044083 1.503714 -0.061303 0.009453 2.961383 751.909973
-15.258175 -9.848807 1.516586 -0.109077 0.009542 2.924852 752.219971
-15.200017 -9.658309 1.539134 0.135487 -0.007055 2.869482 753.099976
-15.133865 -9.463324 1.551832 0.113793 -0.003821 2.851708 753.419983
-15.067486 -9.266999 1.561397 0.060854 -0.001468 2.836191 753.650024
-15.000733 -9.069670 1.570223 0.033961 -0.000169 2.819522 753.859985
-14.935184 -8.877724 1.577452 0.021138 -0.014240 2.801207 754.059998
-14.864835 -8.688712 1.581705 0.017908 -0.030301 2.780733 754.260010
-14.780852 -8.497472 1.582302 0.003487 -0.033358 2.757027 754.469971
-14.687389 -8.318588 1.578862 0.002027 -0.028308 2.731309 754.679993
-14.582820 -8.144836 1.571981 0.004566 -0.012594 2.702467 754.900024
-14.472615 -7.972357 1.563041 0.020986 0.009747 2.670680 755.130005
-14.367517 -7.798010 1.554359 0.022795 0.018878 2.637625 755.359985
-14.270518 -7.618295 1.546712 0.021013 0.019729 2.603661 755.590027
-14.181521 -7.433623 1.540394 0.028119 0.018037 2.569081 755.820007
-14.097629 -7.243342 1.535236 0.006452 -0.000186 2.534492 756.049988
-14.013676 -7.061822 1.530722 -0.006740 -0.070575 2.502003 756.280029
-13.891658 -6.896155 1.525708 -0.000031 -0.113803 2.465819 756.539978
-13.723211 -6.784817 1.519422 0.002099 -0.097569 2.429869 756.799988
-13.524658 -6.721032 1.512164 0.019188 -0.069069 2.395983 757.049988
-13.322709 -6.681066 1.505590 0.005349 0.048622 2.365221 757.280029
-13.127797 -6.613870 1.502520 -0.012969 0.160894 2.327296 757.539978
-13.008082 -6.450125 1.504914 -0.015687 0.168931 2.281397 757.849976
-12.999177 -6.248871 1.509926 -0.013303 0.118977 2.244795 758.099976
-13.032255 -6.049232 1.515385 -0.007720 0.048981 2.214941 758.309998
-13.076667 -5.844406 1.519863 0.044606 -0.041150 2.184198 758.520020
-13.094388 -5.643443 1.521862 0.091940 -0.097528 2.149066 758.739990
-13.042702 -5.443966 1.518250 0.104340 -0.100807 2.111566 758.989990
-12.919028 -5.280878 1.507834 0.085764 -0.071733 2.078080 759.229980
-12.759699 -5.150177 1.493869 0.045071 -0.041628 2.047248 759.450012
-12.588415 -5.038032 1.478221 0.030545 -0.013453 2.017563 759.659973
-12.411078 -4.931081 1.461548 0.018357 0.004090 1.987853 759.869995
-12.236603 -4.825204 1.445341 -0.009470 0.017942 1.958233 760.080017
-12.069440 -4.712480 1.432383 -0.011439 0.051433 1.926901 760.299988
-11.917568 -4.579412 1.425510 -0.002953 0.065409 1.894744 760.530029
-11.785624 -4.422851 1.425811 0.006776 0.060523 1.862784 760.760010
-11.671407 -4.252578 1.431763 0.012908 0.042072 1.832118 760.979980
-11.565951 -4.080305 1.441145 0.038034 -0.014719 1.802493 761.190002
-11.448912 -3.918472 1.452879 0.061185 -0.062793 1.771770 761.400024
-11.301405 -3.779154 1.465818 0.048915 -0.078274 1.740332 761.619995
-11.124243 -3.673801 1.478406 0.047745 -0.063133 1.709038 761.849976
-10.928383 -3.601972 1.489924 0.039825 -0.035096 1.678185 762.080017
-10.731805 -3.549763 1.499346 -0.000598 0.029600 1.648187 762.299988
-10.537580 -3.483602 1.508225 -0.024130 0.083244 1.614883 762.530029
-10.360672 -3.377048 1.516188 -0.036830 0.078834 1.581251 762.770020
-10.212997 -3.232915 1.522989 -0.024662 0.071143 1.547797 763.010010
-10.091543 -3.066413 1.528573 -0.023009 0.027721 1.516768 763.239990
-9.985014 -2.889286 1.532588 -0.046720 -0.061276 1.488831 763.479980
-9.891825 -2.709271 1.538925 -0.057579 -0.140770 1.456219 763.840027
-9.831512 -2.518461 1.547697 0.024286 0.112845 1.403103 764.669983
-9.762189 -2.325120 1.559492 0.018477 0.091939 1.385240 764.960022
-9.690535 -2.131736 1.570308 0.010062 0.050190 1.368376 765.190002
-9.619041 -1.941859 1.580822 0.012626 0.029832 1.351133 765.400024
-9.541726 -1.750784 1.590535 0.050838 0.004605 1.331095 765.609985
-9.447249 -1.571587 1.598393 0.079251 -0.008033 1.307774 765.820007
-9.320259 -1.405288 1.603964 0.082858 -0.006596 1.280874 766.039978
-9.172343 -1.267200 1.606771 0.068155 -0.001100 1.252859 766.250000
-9.005097 -1.145451 1.607631 0.040564 -0.004410 1.222457 766.460022
-8.830504 -1.037274 1.606804 0.016113 -0.016030 1.191085 766.669983
-8.650894 -0.939008 1.602049 0.028516 -0.015906 1.158239 766.890015
-8.463280 -0.854038 1.591060 0.037514 -0.009803 1.123366 767.119995
-8.271914 -0.786055 1.574353 0.030101 -0.007026 1.088219 767.349976
-8.078171 -0.731364 1.552631 0.032528 0.010861 1.053654 767.580017
-7.879541 -0.683491 1.528481 0.011448 0.003555 1.018904 767.809998
-7.684056 -0.638979 1.508741 0.003193 0.014717 0.985295 768.039978
-7.484475 -0.589346 1.498227 0.006102 0.028753 0.951135 768.280029
-7.284976 -0.532060 1.498804 0.003739 0.024203 0.917945 768.520020
-7.094255 -0.471035 1.508734 0.010725 0.031864 0.886895 768.750000
-6.900745 -0.404748 1.525190 0.004364 0.015137 0.856293 768.979980
-6.709448 -0.336700 1.543610 0.003563 0.022658 0.826419 769.210022
-6.519380 -0.265289 1.560249 0.005786 0.032770 0.796788 769.440002
-6.325954 -0.188098 1.573174 0.008094 0.037212 0.767047 769.669983
-6.135479 -0.108781 1.581708 0.009269 0.037340 0.738191 769.890015
-5.948821 -0.029764 1.586174 0.025659 0.007332 0.710315 770.099976
-5.752670 0.039990 1.586632 0.080935 -0.047282 0.678828 770.320007
-5.551534 0.065481 1.582369 0.097415 -0.072954 0.644977 770.549988
-5.352539 0.027469 1.573078 0.081567 -0.065221 0.614296 770.789978
-5.168187 -0.061305 1.559842 0.001842 -0.006937 0.591022 771.030029
-4.988245 -0.150642 1.545108 -0.078222 0.070805 0.569801 771.280029
-4.787076 -0.174164 1.530502 -0.098193 0.097401 0.557067 771.559998
-4.592466 -0.107241 1.517807 -0.075421 0.082192 0.556783 771.820007
-4.422929 0.000083 1.507664 -0.031412 0.036570 0.562105 772.039978
-4.253695 0.122838 1.500586 0.041212 0.013509 0.565398 772.260010
-4.077824 0.227922 1.498737 0.078507 0.002780 0.565169 772.479980
-3.882512 0.300835 1.501679 0.077579 -0.005619 0.560919 772.710022
-3.678741 0.335611 1.508379 0.064318 0.003766 0.553301 772.940002
-3.477285 0.342019 1.517149 0.040157 0.003712 0.540733 773.159973
-3.274405 0.332921 1.527255 0.023210 0.012729 0.524048 773.380005
-3.071191 0.317676 1.538047 0.009705 0.014746 0.503032 773.599976
-2.865010 0.301579 1.548042 -0.029667 -0.048697 0.479038 773.830017
-2.662671 0.285631 1.556300 -0.055846 -0.094363 0.450042 774.119995
-2.850664 0.208297 1.575014 -0.012707 -0.111510 0.434890 775.020020
-3.048284 0.155560 1.579012 -0.005493 -0.058334 0.449945 775.229980
-3.250303 0.099450 1.583624 -0.003528 -0.024363 0.470150 775.429993
-3.452757 0.042674 1.589131 -0.007174 -0.017612 0.495067 775.630005
-3.653122 -0.012307 1.594294 -0.010569 -0.015438 0.523748 775.830017
-3.851225 -0.064255 1.597921 -0.012047 -0.014605 0.555355 776.030029
-4.047304 -0.112889 1.599453 -0.011931 -0.014998 0.589123 776.229980
-4.251268 -0.160922 1.598647 -0.010187 -0.015027 0.626096 776.440002
-4.452775 -0.207013 1.594242 -0.003673 -0.015451 0.663825 776.650024
-4.650950 -0.253674 1.584671 -0.001424 -0.022632 0.701791 776.859985
-4.846410 -0.303407 1.570034 0.004414 -0.014405 0.739297 777.070007
-5.045074 -0.358717 1.549931 0.001376 -0.014885 0.777604 777.289978
-5.238347 -0.416511 1.525968 -0.004448 -0.018341 0.814666 777.510010
-5.435981 -0.477989 1.500401 -0.005109 0.004442 0.851435 777.739990
-5.633601 -0.535075 1.478107 -0.032412 0.001159 0.887982 777.979980
-5.833309 -0.577810 1.463072 -0.046859 -0.008876 0.923019 778.219971
-6.035741 -0.605676 1.455624 -0.045201 -0.014187 0.955413 778.450012
-6.240155 -0.624221 1.453668 -0.028171 -0.021209 0.985764 778.669983
-6.441102 -0.642154 1.455175 -0.008800 -0.037015 1.014548 778.880005
-6.643975 -0.670120 1.458642 -0.000454 -0.045182 1.043143 779.090027
-6.846646 -0.712701 1.462950 0.001733 -0.042494 1.071897 779.299988
-7.047562 -0.769138 1.467344 -0.001360 -0.035357 1.100857 779.510010
-7.244911 -0.835299 1.471406 0.003532 -0.004304 1.130091 779.719971
-7.442048 -0.902511 1.476217 -0.023417 0.033744 1.160954 779.940002
-7.641789 -0.950014 1.483070 -0.048548 0.047283 1.192926 780.169983
-7.844774 -0.964558 1.492096 -0.057408 0.040600 1.225670 780.400024
-8.047491 -0.950679 1.502533 -0.050454 0.027238 1.257615 780.619995
-8.247471 -0.920211 1.513387 -0.024332 0.015574 1.287946 780.830017
-8.446087 -0.882225 1.523524 -0.003956 -0.011536 1.317910 781.039978
-8.647159 -0.850329 1.528644 0.010961 -0.068413 1.348109 781.260010
-8.848529 -0.850970 1.524774 0.018240 -0.090131 1.379795 781.489990
-9.046775 -0.898623 1.510314 0.014767 -0.078213 1.413216 781.729980
-9.233439 -0.986310 1.486845 -0.004194 -0.059961 1.446301 781.969971
-9.406584 -1.094797 1.460979 -0.000598 -0.013772 1.477579 782.200012
-9.573398 -1.204806 1.442119 -0.030141 0.023132 1.508493 782.429993
-9.752949 -1.300614 1.436294 -0.039200 0.035963 1.540254 782.669983
-9.943654 -1.370884 1.444911 -0.038219 0.031869 1.572307 782.909973
-10.145277 -1.419661 1.466435 -0.039553 0.019851 1.604770 783.150024
-10.347728 -1.453877 1.494696 -0.015824 0.007761 1.635653 783.380005
-10.549038 -1.483609 1.520268 -0.017060 -0.016158 1.666154 783.609985
-10.747705 -1.520167 1.534516 -0.024157 -0.030733 1.696879 783.840027
-10.944778 -1.570428 1.535171 -0.015388 -0.029267 1.727433 784.070007
-11.137713 -1.633471 1.522299 -0.026799 -0.023596 1.758193 784.299988
-11.329907 -1.706609 1.499115 0.005943 -0.011170 1.788812 784.530029
-11.512827 -1.782876 1.471478 0.082180 0.005566 1.819707 784.770020
-11.556862 -1.595003 1.405500 0.074052 0.089711 1.865430 785.750000
-11.470867 -1.414621 1.388354 0.039243 0.051359 1.843824 785.960022
-11.383031 -1.226418 1.372659 0.016711 0.026443 1.818220 786.159973
-11.299577 -1.044474 1.358629 0.009244 0.018731 1.789758 786.349976
-11.214077 -0.854871 1.344967 -0.001769 -0.000219 1.756738 786.549988
-11.128857 -0.664391 1.331327 0.002493 0.004267 1.722815 786.760010
-11.047027 -0.481333 1.317799 -0.000108 0.001751 1.693013 786.969971
-10.966220 -0.296064 1.295922 -0.089032 -0.102159 1.672060 787.200012
-11.035523 -0.213517 1.126636 -0.103234 -0.132193 1.667790 787.900024
-11.162486 -0.351789 1.037653 -0.056947 -0.071146 1.681637 788.140015
-11.284847 -0.495272 0.958925 -0.035072 -0.034064 1.701917 788.340027
-11.406740 -0.639456 0.882128 -0.023427 -0.012707 1.726517 788.530029
-11.530195 -0.782762 0.805496 -0.005984 0.004447 1.754663 788.719971
-11.657258 -0.926117 0.725403 -0.005233 0.006979 1.787240 788.919983
-11.786983 -1.067195 0.644039 -0.007977 0.006349 1.823454 789.130005
-11.920960 -1.205873 0.571528 -0.024047 0.004498 1.862823 789.349976
-12.065856 -1.344656 0.516472 -0.038544 -0.000593 1.904770 789.580017
-12.214355 -1.476553 0.484310 -0.040438 -0.003988 1.944933 789.799988
-12.372408 -1.610378 0.469244 -0.038409 -0.005818 1.984660 790.020020
-12.530099 -1.740721 0.466592 -0.034740 -0.006382 2.021936 790.229980
-12.692222 -1.873559 0.471281 -0.026733 -0.006587 2.058396 790.440002
-12.847584 -2.001608 0.479222 -0.021489 -0.011320 2.092253 790.640015
-13.000788 -2.131529 0.488160 -0.019086 -0.014377 2.125191 790.840027
-13.156942 -2.269928 0.496982 -0.003698 -0.011857 2.158557 791.049988
-13.304740 -2.407092 0.503902 -0.008648 -0.009424 2.190817 791.260010
-13.452616 -2.549380 0.508891 -0.014776 -0.006212 2.223544 791.479980
-13.596848 -2.690848 0.511772 -0.022531 -0.000173 2.255347 791.700012
-13.741790 -2.831917 0.513114 -0.031430 0.004223 2.286568 791.919983
-13.890176 -2.972846 0.513372 -0.013446 0.004779 2.317175 792.140015
-14.038113 -3.110064 0.512725 -0.024403 0.006296 2.347332 792.359985
-14.187963 -3.245713 0.511900 -0.018498 0.004824 2.377318 792.580017
-14.338287 -3.378983 0.510841 -0.012710 0.012250 2.407029 792.799988
-14.496729 -3.512186 0.509807 -0.025554 0.023884 2.438078 793.030029
-14.656108 -3.634796 0.509111 -0.031311 0.025889 2.468094 793.250000
-14.825581 -3.755020 0.508785 -0.033556 0.023520 2.498659 793.469971
-14.995694 -3.869295 0.508659 -0.018121 0.013118 2.528400 793.679993
-15.167002 -3.981314 0.508533 -0.010293 0.007271 2.558077 793.890015
-15.335299 -4.090014 0.508403 -0.012997 0.007113 2.587879 794.099976
-15.505906 -4.199865 0.507921 0.040888 -0.023260 2.617851 794.320007
-15.676278 -4.310653 0.506468 0.093733 -0.051812 2.649235 794.590027
-15.819000 -4.427803 0.587283 -0.080547 0.010239 2.712211 795.460022
-15.885251 -4.539739 0.739669 -0.073312 0.013994 2.730319 795.809998
-15.960976 -4.660961 0.887225 -0.050654 0.011072 2.746121 796.059998
-16.039749 -4.784368 1.032023 -0.030414 0.007949 2.762497 796.280029
-16.119850 -4.908096 1.178857 -0.023973 0.007419 2.780677 796.489990
-16.202667 -5.034203 1.324185 -0.022832 0.010816 2.801544 796.700012
-16.293821 -5.168624 1.454015 -0.044352 0.024346 2.826081 796.919983
-16.400740 -5.317620 1.552455 -0.043040 0.024077 2.855083 797.150024
-16.518742 -5.475171 1.610929 -0.036640 0.020918 2.886461 797.380005
-16.644743 -5.639049 1.635250 -0.037066 0.020906 2.919650 797.609985
-16.771690 -5.801899 1.635029 -0.032968 0.005751 2.952945 797.830017
-16.890692 -5.963307 1.621884 -0.036377 -0.042221 2.985861 798.039978
-16.993677 -6.142879 1.602200 -0.042913 -0.070634 3.020332 798.260010
-17.062479 -6.336194 1.581719 -0.041161 -0.068870 3.054355 798.479980
-17.098129 -6.541646 1.563833 -0.039627 -0.051164 3.088060 798.700012
-17.108969 -6.745232 1.550547 -0.006639 -0.040349 3.120003 798.909973
-17.099012 -6.951406 1.540197 0.023646 -0.081342 -3.131529 799.130005
-17.046417 -7.152141 1.530713 0.025427 -0.108565 -3.098151 799.369995
-16.939026 -7.325943 1.520590 0.011312 -0.101867 -3.064223 799.609985
-16.797810 -7.467270 1.509909 0.000667 -0.074416 -3.033062 799.830017
-16.637537 -7.591739 1.498821 -0.012681 -0.050242 -3.003739 800.039978
-16.471802 -7.706555 1.487677 -0.016431 -0.026253 -2.976128 800.239990
-16.303432 -7.820668 1.476698 -0.018916 0.013004 -2.948523 800.440002
-16.138371 -7.943992 1.466147 -0.035717 0.039320 -2.919412 800.650024
-15.987266 -8.085914 1.456571 -0.035235 0.045402 -2.888797 800.869995
-15.859550 -8.241745 1.448190 -0.032876 0.036580 -2.857886 801.090027
-15.750123 -8.409047 1.440882 -0.033872 0.021430 -2.826739 801.309998
-15.651459 -8.584734 1.434527 -0.018562 0.009405 -2.795915 801.530029
-15.558763 -8.762027 1.428994 -0.023240 0.005369 -2.765180 801.750000
-15.468012 -8.949543 1.426096 -0.012455 0.051059 -2.732943 801.979980
-15.402769 -9.143550 1.428572 -0.006711 0.086465 -2.699535 802.210022
-15.378043 -9.348497 1.436418 -0.003290 0.084781 -2.665430 802.440002
-15.390552 -9.554376 1.448331 -0.005107 0.067829 -2.632410 802.659973
-15.426496 -9.757418 1.463018 -0.010074 0.043450 -2.600588 802.869995
-15.472084 -9.954008 1.479686 -0.018130 0.025403 -2.569836 803.070007
-15.520158 -10.152141 1.498019 -0.011457 0.002293 -2.538639 803.270020
-15.566686 -10.355417 1.517736 -0.011123 -0.004652 -2.506401 803.479980
-15.606793 -10.551803 1.537601 -0.017731 0.002931 -2.474626 803.690002
-15.642248 -10.752458 1.557191 -0.010846 -0.024730 -2.441974 803.909973
-15.663304 -10.957775 1.572018 -0.048968 -0.054766 -2.407676 804.150024
-15.643315 -11.159760 1.576466 -0.071916 -0.053605 -2.373140 804.400024
-15.577531 -11.350638 1.570016 -0.071032 -0.035258 -2.341251 804.640015
-15.484792 -11.527545 1.557202 -0.048383 -0.006263 -2.312485 804.859985
-15.384109 -11.700245 1.544497 -0.012064 0.039597 -2.284517 805.070007
-15.294553 -11.880383 1.535981 0.012776 0.062241 -2.255139 805.280029
-15.227135 -12.077047 1.532990 0.027557 0.055064 -2.224599 805.500000
-15.188622 -12.277097 1.536481 0.019171 0.052113 -2.193887 805.719971
-15.173377 -12.480670 1.545424 0.022172 0.018903 -2.163792 805.940002
-15.172673 -12.681189 1.556663 0.053210 -0.058350 -2.136552 806.169983
-15.183038 -12.881037 1.570317 0.061868 -0.105957 -2.103368 806.500000
-15.139124 -12.686400 1.595596 0.030760 -0.130487 -2.092443 807.260010
-15.091148 -12.485040 1.601141 0.014895 -0.072893 -2.105660 807.469971
-15.040631 -12.284428 1.606399 0.005714 -0.031462 -2.123779 807.659973
-14.988353 -12.081696 1.612169 0.011955 -0.009157 -2.146641 807.849976
-14.940344 -11.882616 1.618227 0.030723 0.005983 -2.173011 808.039978
-14.902504 -11.677818 1.624764 0.041126 0.011475 -2.203680 808.239990
-14.881351 -11.476765 1.631324 0.040384 0.009703 -2.236778 808.440002
-14.875548 -11.268423 1.638259 0.036791 0.001297 -2.273491 808.650024
-14.882092 -11.061442 1.645370 0.018934 0.003039 -2.310653 808.859985
-14.895153 -10.859522 1.651489 0.003360 -0.004720 -2.348098 809.070007
-14.906655 -10.655461 1.651001 -0.017328 -0.036298 -2.386859 809.289978
-14.900206 -10.447329 1.638022 -0.025320 -0.057488 -2.426893 809.520020
-14.867713 -10.250288 1.612363 -0.019600 -0.059483 -2.465062 809.739990
-14.810891 -10.053535 1.575336 -0.009737 -0.048464 -2.502547 809.960022
-14.740923 -9.867368 1.534185 -0.007293 -0.009552 -2.537262 810.169983
-14.666732 -9.680558 1.494754 0.031327 0.021145 -2.571859 810.390015
-14.609695 -9.488132 1.465075 0.057548 0.029461 -2.606195 810.619995
-14.583133 -9.288571 1.449916 0.063150 0.023407 -2.639958 810.849976
-14.583459 -9.086790 1.448039 0.052038 0.014699 -2.671692 811.070007
-14.599899 -8.887201 1.455018 0.026462 0.009982 -2.701081 811.280029
-14.624501 -8.687999 1.468090 0.023052 0.000852 -2.730202 811.489990
-14.652253 -8.489688 1.484260 0.023101 -0.006315 -2.759192 811.700012
-14.679956 -8.291107 1.497211 0.023612 -0.009420 -2.788183 811.909973
-14.706154 -8.091475 1.501681 0.023572 -0.009626 -2.817336 812.119995
-14.730305 -7.891996 1.496794 0.003819 -0.006328 -2.846339 812.330017
-14.752112 -7.689756 1.486389 0.010051 -0.011225 -2.876609 812.549988
-14.769716 -7.482887 1.476434 0.020968 -0.015189 -2.908323 812.780029
-14.781372 -7.276334 1.470991 0.013937 -0.012491 -2.939825 813.010010
-14.787751 -7.071626 1.471293 0.026972 -0.009934 -2.971394 813.239990
-14.790953 -6.863972 1.477024 0.030280 -0.011927 -3.003154 813.469971
-14.789622 -6.660792 1.484012 0.028367 -0.027964 -3.033841 813.690002
-14.777309 -6.453496 1.489364 0.023259 -0.034710 -3.064589 813.909973
-14.752540 -6.254959 1.491498 0.007214 -0.028416 -3.093701 814.119995
-14.715308 -6.052213 1.489993 0.018632 -0.022349 -3.124345 814.340027
-14.670098 -5.851346 1.485222 0.025694 -0.010601 3.128107 814.559998
-14.622066 -5.649001 1.478323 0.029210 -0.000010 3.097132 814.780029
-14.575869 -5.445288 1.470194 -0.015868 0.007450 3.066365 815.000000
-14.533025 -5.245193 1.461356 -0.092475 0.011848 3.034622 815.239990
-14.493680 -5.049102 1.451486 -0.122062 0.007037 2.993325 815.640015
-14.359577 -4.897112 1.465759 0.113550 -0.066361 2.948389 816.460022
-14.220441 -4.753934 1.482868 0.084899 -0.044708 2.934707 816.719971
-14.077966 -4.601865 1.498809 0.046606 -0.021444 2.920500 816.940002
-13.941424 -4.453051 1.514172 0.030866 -0.011751 2.904253 817.140015
-13.803802 -4.300467 1.529765 0.021127 -0.007354 2.885400 817.340027
-13.667715 -4.148330 1.544876 0.004194 -0.012561 2.864373 817.539978
-13.525630 -3.995701 1.559970 -0.001323 -0.029455 2.840117 817.750000
-13.379063 -3.854458 1.574304 -0.006272 -0.033047 2.813710 817.960022
-13.220170 -3.721088 1.588130 -0.007442 -0.027331 2.784196 818.179993
-13.058167 -3.601522 1.601192 0.008984 -0.026727 2.753201 818.400024
-12.892626 -3.489899 1.613700 0.004602 -0.014693 2.721412 818.619995
-12.720334 -3.379381 1.626057 0.007379 0.009723 2.687484 818.849976
-12.557806 -3.262893 1.633603 -0.004110 0.111449 2.650363 819.090027
-12.444197 -3.095125 1.629602 -0.012689 0.149159 2.604256 819.380005
-12.438944 -2.895728 1.611022 -0.008706 0.121594 2.560563 819.659973
-12.497413 -2.700578 1.586287 -0.003237 0.077653 2.523391 819.900024
-12.580215 -2.510507 1.559782 0.000921 0.039420 2.490047 820.119995
-12.669260 -2.326863 1.532865 0.011293 0.026807 2.458551 820.330017
-12.759930 -2.141409 1.505237 0.017687 0.019680 2.427437 820.539978
-12.847250 -1.954602 1.478477 0.021693 0.000482 2.396665 820.750000
-12.924229 -1.769216 1.455472 0.039494 -0.006634 2.366574 820.960022
-12.986515 -1.573984 1.437036 0.045754 -0.005750 2.335332 821.179993
-13.028641 -1.376515 1.424475 0.037046 -0.005764 2.304397 821.400024
-13.055063 -1.169964 1.416869 0.032366 0.009887 2.272960 821.630005
-13.069979 -0.970370 1.413588 0.018530 0.008783 2.242754 821.849976
-13.080368 -0.762552 1.412688 0.014598 0.020381 2.211774 822.080017
-13.089739 -0.562695 1.413138 0.009064 0.020282 2.182168 822.299988
-13.100368 -0.354720 1.414067 0.012809 -0.002560 2.151734 822.530029
-13.103720 -0.153851 1.416340 0.045171 -0.005545 2.121590 822.760010
-13.086727 0.045700 1.420464 0.058905 -0.001030 2.091048 822.989990
-13.045128 0.248657 1.426190 0.054077 0.005196 2.060050 823.219971
-12.985698 0.446313 1.432962 0.049871 -0.016719 2.029165 823.440002
-12.903461 0.635215 1.440066 0.060643 -0.094402 1.995910 823.659973
-12.776659 0.793509 1.446285 0.052746 -0.126485 1.962779 823.890015
-12.600786 0.899441 1.449697 0.034880 -0.109054 1.930686 824.130005
-12.403703 0.949933 1.450823 0.038893 -0.076508 1.900460 824.359985
-12.195981 0.967185 1.450803 0.037767 -0.043702 1.871546 824.580017
-11.986764 0.969059 1.450423 0.025331 -0.022810 1.843570 824.789978
-11.784525 0.964234 1.450191 0.016888 -0.021001 1.816459 824.989990
-11.583231 0.953428 1.450447 0.012807 -0.020377 1.789180 825.190002
-11.375658 0.935722 1.451286 0.001047 -0.014424 1.760561 825.400024
-11.175626 0.912965 1.452596 0.011620 -0.012663 1.731760 825.609985
-10.970722 0.885507 1.454514 0.007620 -0.007712 1.701550 825.830017
-10.772429 0.857055 1.457175 0.002701 0.014466 1.671058 826.049988
-10.565950 0.835876 1.462290 0.021639 0.039167 1.637717 826.289978
-10.361298 0.837089 1.470405 0.021269 0.040532 1.604343 826.530029
-10.156225 0.860824 1.480865 0.025974 0.033449 1.570931 826.770020
-9.957086 0.899594 1.492625 0.020555 0.020935 1.538754 827.000000
-9.761568 0.945713 1.503497 -0.053164 -0.011086 1.508671 827.229980
-9.564891 0.995959 1.514459 -0.129059 -0.043167 1.477017 827.530029
-9.382848 0.911362 1.525184 0.111511 -0.080525 1.415623 828.479980
-9.242262 0.760058 1.528007 0.088409 -0.057535 1.401440 828.760010
-9.097734 0.610461 1.530201 0.045829 -0.026880 1.388389 828.979980
-8.955330 0.465936 1.532448 0.028062 -0.013587 1.372888 829.179993
-8.809847 0.321403 1.534674 0.019057 0.012261 1.354812 829.380005
-8.654819 0.180167 1.536012 0.028068 0.041704 1.332999 829.590027
-8.492219 0.059395 1.535786 0.024254 0.050290 1.308559 829.799988
-8.313949 -0.042310 1.533850 0.021687 0.043517 1.280482 830.020020
-8.129263 -0.122776 1.530333 0.028875 0.029806 1.250204 830.239990
-7.938314 -0.189060 1.525805 -0.000544 0.042699 1.218504 830.460022
-7.741575 -0.232625 1.520171 -0.037835 0.098969 1.182229 830.690002
-7.537727 -0.218874 1.512238 -0.046595 0.115298 1.142127 830.940002
-7.350037 -0.138497 1.502392 -0.035664 0.098272 1.104458 831.179993
-7.181590 -0.018808 1.492204 -0.023367 0.062340 1.070152 831.400024
-7.024837 0.118549 1.482244 -0.012920 0.027656 1.037578 831.609985
-6.873958 0.262822 1.472663 0.000549 0.020446 1.004741 831.820007
-6.726268 0.406810 1.463678 0.010887 0.000487 0.972372 832.030029
-6.573525 0.546929 1.456318 0.050685 -0.010875 0.939143 832.250000
-6.405516 0.667061 1.452574 0.073519 -0.012102 0.904656 832.479980
-6.222524 0.753443 1.452747 0.063252 -0.014178 0.870391 832.710022
-6.028608 0.809216 1.456540 0.062136 -0.010203 0.837623 832.940002
-5.825394 0.835219 1.463623 0.079815 -0.034541 0.804008 833.169983
-5.625459 0.821962 1.471952 0.072475 -0.045939 0.772622 833.390015
-5.427382 0.771214 1.480359 0.053289 -0.040491 0.742685 833.609985
-5.235908 0.692217 1.488488 0.044400 -0.022034 0.713582 833.830017
-5.057166 0.599779 1.495641 0.025483 -0.008314 0.685604 834.039978
-4.882473 0.501453 1.500094 0.010611 0.015319 0.657460 834.250000
-4.699867 0.403543 1.499961 0.008498 0.035399 0.627613 834.469971
-4.512810 0.316880 1.494788 -0.005087 0.028263 0.597648 834.690002
-4.324799 0.243316 1.484964 0.003084 0.030952 0.567593 834.909973
-4.134034 0.179894 1.471656 0.005303 0.023049 0.537320 835.130005
-3.942309 0.122998 1.456169 0.009249 0.017800 0.507081 835.349976
-3.742086 0.066828 1.438742 0.018777 0.019246 0.475436 835.580017
-3.549129 0.011430 1.425187 0.035537 0.000674 0.444980 835.799988
-3.358573 -0.055807 1.420151 0.050469 -0.014346 0.414271 836.020020
-3.174964 -0.142917 1.425156 0.039222 -0.024358 0.383316 836.239990
-3.003343 -0.247308 1.439130 0.035530 -0.013428 0.353228 836.460022
-2.840218 -0.363119 1.457924 0.018075 0.017315 0.323398 836.679993
-2.675071 -0.478801 1.476110 0.003412 0.045020 0.292909 836.900024
-2.500014 -0.584257 1.490518 -0.013876 0.036525 0.262266 837.119995
-2.318256 -0.674590 1.499566 -0.011051 0.039088 0.231537 837.340027
-2.129728 -0.751482 1.503296 -0.009908 0.024417 0.200991 837.559998
-1.935794 -0.819463 1.502422 -0.039405 -0.052183 0.172399 837.789978
-1.743158 -0.879996 1.496666 -0.051855 -0.097830 0.140382 838.090027
-1.911679 -0.998781 1.507173 0.047017 -0.101975 0.087778 839.030029
-2.098484 -1.077383 1.516104 0.033077 -0.060845 0.077389 839.250000
-2.284255 -1.160891 1.525697 0.019230 -0.028567 0.065745 839.450012
-2.472607 -1.248962 1.536475 0.011848 -0.018272 0.051342 839.650024
-2.659104 -1.337396 1.547262 -0.005932 -0.015873 0.034552 839.849976
-2.843469 -1.419910 1.557187 -0.018419 -0.024478 0.015176 840.049988
-3.037210 -1.495081 1.565991 -0.025758 -0.014009 -0.008186 840.260010
-3.228033 -1.556235 1.572778 -0.020088 -0.016334 -0.033546 840.469971
-3.425245 -1.608001 1.578072 -0.009492 -0.022778 -0.062141 840.690002
-3.621729 -1.651815 1.581933 -0.004351 -0.014690 -0.092436 840.909973
-3.824384 -1.692708 1.585075 0.006698 -0.023188 -0.125296 841.140015
-4.027921 -1.732927 1.587626 0.003928 -0.025902 -0.159088 841.369995
-4.225175 -1.768477 1.587753 -0.018802 -0.034068 -0.192019 841.590027
-4.426151 -1.791296 1.584323 -0.030048 -0.035798 -0.225671 841.809998
-4.629131 -1.796400 1.577202 -0.029230 -0.025644 -0.259722 842.030029
-4.830440 -1.785465 1.566576 -0.017193 -0.029980 -0.293185 842.250000
-5.030838 -1.765531 1.553002 0.029838 0.009939 -0.326762 842.469971
-5.238322 -1.763076 1.535393 0.093409 0.050747 -0.360703 842.710022
-5.433533 -1.817872 1.514685 0.086727 0.062934 -0.395454 842.960022
-5.604511 -1.931547 1.492128 0.074755 0.047544 -0.431657 843.210022
-5.746912 -2.074591 1.471773 0.027539 -0.002131 -0.465584 843.440002
-5.889579 -2.221661 1.457560 -0.020376 -0.072572 -0.496926 843.669983
-6.057978 -2.339742 1.452442 -0.045393 -0.086806 -0.529239 843.909973
-6.246675 -2.406571 1.456043 -0.035373 -0.082626 -0.561824 844.150024
-6.452847 -2.429011 1.466773 -0.016583 -0.063742 -0.594425 844.390015
-6.652766 -2.424011 1.480271 -0.006066 -0.034360 -0.623952 844.609985
-6.854916 -2.407682 1.492981 0.015994 -0.023282 -0.652905 844.830017
-7.059902 -2.391102 1.501509 0.027891 -0.016406 -0.681624 845.049988
-7.267065 -2.380125 1.504611 0.019107 -0.000685 -0.709881 845.270020
-7.470997 -2.376098 1.502299 0.025960 -0.002108 -0.738788 845.489990
-7.671090 -2.382823 1.497869 0.038219 0.061616 -0.767294 845.710022
-7.868428 -2.427090 1.495086 0.047961 0.114851 -0.799401 845.950012
-8.042152 -2.540986 1.495673 0.031551 0.107050 -0.837069 846.210022
-8.166306 -2.698716 1.500654 0.031774 0.082280 -0.872719 846.450012
-8.259501 -2.875622 1.509158 0.015493 0.045510 -0.905911 846.669983
-8.340153 -3.064970 1.519522 -0.001394 0.020755 -0.938190 846.890015
-8.410732 -3.253823 1.529774 0.009227 0.025609 -0.970313 847.109985
-8.474442 -3.444398 1.538438 0.000047 0.010387 -1.002303 847.330017
-8.536191 -3.641985 1.544725 -0.055855 -0.047366 -1.033361 847.570007
-8.595065 -3.837319 1.548253 -0.087752 -0.084182 -1.068810 847.909973
-8.732442 -3.984800 1.545647 0.114804 0.034443 -1.124033 848.859985
-8.889692 -4.110461 1.545876 0.092991 0.032771 -1.139942 849.150024
-9.048010 -4.243599 1.545851 0.067456 0.025749 -1.155977 849.380005
-9.200267 -4.374662 1.545532 0.039638 0.011174 -1.172700 849.580017
-9.358508 -4.508947 1.544943 0.024225 -0.024346 -1.191684 849.780029
-9.521681 -4.632347 1.544337 0.023516 -0.048130 -1.212634 849.979980
-9.699922 -4.740829 1.543509 0.008723 -0.052553 -1.236763 850.190002
-9.889695 -4.828533 1.542312 0.014835 -0.042063 -1.264201 850.409973
-10.082351 -4.895469 1.541029 0.027242 -0.026367 -1.293588 850.630005
-10.280131 -4.950747 1.539596 0.026233 -0.000072 -1.324556 850.849976
-10.479314 -5.006931 1.536660 0.017924 0.043744 -1.357199 851.070007
-10.672644 -5.080865 1.531374 0.013607 0.065341 -1.391636 851.289978
-10.848892 -5.175735 1.523853 0.009950 0.063286 -1.425521 851.500000
-11.017044 -5.292659 1.514196 0.008114 0.050144 -1.459942 851.710022
-11.177401 -5.424480 1.503184 -0.003657 0.024733 -1.494328 851.919983
-11.328371 -5.560999 1.491329 0.004097 0.017301 -1.528466 852.130005
-11.480170 -5.704676 1.478624 0.013777 0.004878 -1.563762 852.349976
-11.631567 -5.842432 1.467593 0.040851 -0.026776 -1.598382 852.570007
-11.793301 -5.960877 1.459558 0.054963 -0.041973 -1.632509 852.789978
-11.977823 -6.056144 1.454340 0.042735 -0.041780 -1.666794 853.020020
-12.172692 -6.123945 1.451899 0.030177 -0.015929 -1.699199 853.250000
-12.369123 -6.180696 1.451854 -0.032619 0.048815 -1.731947 853.479980
-12.550842 -6.264786 1.454798 -0.070382 0.092094 -1.767664 853.719971
-12.700584 -6.405996 1.459643 -0.070494 0.088746 -1.801689 853.969971
-12.805492 -6.582531 1.464559 -0.052404 0.067708 -1.831336 854.200012
-12.881391 -6.768981 1.468857 -0.015977 0.017827 -1.856790 854.409973
-12.953709 -6.965309 1.474012 0.042399 0.002391 -1.885273 854.630005
-13.040502 -7.147463 1.480709 0.072974 0.006045 -1.914309 854.849976
-13.154587 -7.311773 1.488618 0.072645 0.008873 -1.943962 855.070007
-13.295489 -7.459644 1.497382 0.056884 0.013163 -1.973915 855.289978
-13.454556 -7.593835 1.505219 0.039872 -0.014354 -2.005147 855.510010
-13.621244 -7.707806 1.507708 0.060158 -0.022737 -2.035335 855.729980
-13.807207 -7.798446 1.501493 0.059125 -0.024063 -2.067256 855.960022
-14.002270 -7.860490 1.487563 0.016623 -0.018153 -2.098813 856.190002
-14.198216 -7.911723 1.471734 -0.038539 0.033125 -2.131525 856.429993
-14.382879 -7.988992 1.460463 -0.058294 0.065387 -2.165324 856.679993
-14.549791 -8.111878 1.456541 -0.050932 0.065403 -2.194911 856.929993
-14.692861 -8.262276 1.459007 -0.033432 0.043405 -2.217525 857.159973
-14.823174 -8.423350 1.465445 0.023828 0.005149 -2.236461 857.380005
-14.957548 -8.571932 1.476254 0.083642 -0.010563 -2.255921 857.599976
-15.118809 -8.689979 1.491300 0.102297 -0.010348 -2.276356 857.830017
-15.307296 -8.764949 1.508868 0.091435 -0.000374 -2.297311 858.059998
-15.508908 -8.803912 1.525727 0.040642 -0.023246 -2.320793 858.280029
-15.713542 -8.820502 1.540266 -0.034161 -0.074999 -2.343439 858.510010
-15.915783 -8.819132 1.552867 -0.071425 -0.087329 -2.369162 858.830017
-16.041492 -8.863763 1.397441 -0.009091 0.101128 -2.395761 859.789978
-16.120985 -8.964261 1.225943 -0.000590 0.078241 -2.387217 860.080017
-16.206165 -9.063631 1.070070 0.003062 0.041319 -2.378548 860.299988
-16.292881 -9.160528 0.917773 0.004375 0.025047 -2.368248 860.500000
-16.383759 -9.258958 0.768740 -0.001644 0.030460 -2.355120 860.700012
-16.488283 -9.372811 0.629902 -0.010944 0.048751 -2.337236 860.919983
-16.605217 -9.507588 0.524834 -0.014883 0.056864 -2.314505 861.150024
-16.730572 -9.662677 0.461485 -0.013390 0.054456 -2.287776 861.380005
-16.856380 -9.827456 0.433586 -0.013958 0.036912 -2.259005 861.599976
-16.976303 -9.994252 0.428916 -0.021252 0.030800 -2.229326 861.809998
-17.091267 -10.168781 0.437833 -0.022872 0.020175 -2.197673 862.020020
-17.197794 -10.347228 0.453517 -0.018753 0.006913 -2.165369 862.229980
-17.294611 -10.524440 0.470941 -0.013302 0.013097 -2.134202 862.440002
-17.388920 -10.708800 0.487700 -0.007557 0.010307 -2.103412 862.659973
-17.478184 -10.890317 0.500935 -0.003055 0.015953 -2.076012 862.880005
-17.569216 -11.078077 0.510413 0.000034 0.029307 -2.052025 863.109985
-17.657921 -11.260282 0.515642 0.002177 0.029927 -2.035069 863.330017
-17.749355 -11.444286 0.517738 0.014258 0.018237 -2.025475 863.549988
-17.845989 -11.624384 0.517645 0.024494 0.024089 -2.024067 863.770020
-17.951828 -11.799543 0.516316 0.023427 0.010506 -2.031354 863.989990
-18.064585 -11.966429 0.514306 0.018659 0.017893 -2.045726 864.210022
-18.183104 -12.128283 0.512315 0.013055 0.022737 -2.066871 864.429993
-18.305517 -12.287644 0.510711 0.006900 0.015607 -2.092594 864.650024
-18.434214 -12.451398 0.509526 0.002900 0.027947 -2.120833 864.880005
-18.558208 -12.609121 0.508865 -0.000082 0.019127 -2.147018 865.099976
-18.681166 -12.766918 0.508464 -0.001710 0.028193 -2.170827 865.320007
-18.804182 -12.927237 0.508417 -0.002243 0.019782 -2.191273 865.539978
-18.925837 -13.088009 0.508505 -0.001944 0.019431 -2.207900 865.760010
-19.046104 -13.248587 0.508660 -0.001466 0.028506 -2.220590 865.979980
-19.167637 -13.411838 0.508839 -0.001166 0.033914 -2.229473 866.200012
-19.292019 -13.579345 0.508980 -0.000986 0.033989 -2.234903 866.419983
-19.413042 -13.742455 0.509109 -0.000654 0.017926 -2.237050 866.630005
-19.533096 -13.904323 0.509105 0.000012 0.016775 -2.235361 866.840027
-19.657087 -14.071389 0.509040 -0.003882 0.016726 -2.228743 867.059998
-19.778187 -14.237702 0.508987 -0.013259 0.023092 -2.216932 867.280029
-19.894859 -14.407674 0.509027 -0.017171 0.031033 -2.200092 867.500000
-20.002468 -14.576592 0.509071 -0.015920 0.031300 -2.180756 867.710022
-20.106895 -14.751797 0.509106 -0.011716 0.026725 -2.160184 867.919983
-20.207949 -14.929804 0.509096 -0.006336 0.009333 -2.139840 868.130005
-20.304575 -15.104977 0.509045 -0.002380 0.017391 -2.121150 868.340027
-20.403790 -15.286443 0.509006 0.000222 0.008492 -2.103949 868.559998
-20.502472 -15.466579 0.508411 0.001730 -0.067745 -2.089205 868.789978
-20.601011 -15.645409 0.506100 0.001020 -0.110089 -2.074692 869.099976
-20.540068 -15.478408 0.601283 0.012984 -0.112882 -2.078118 870.000000
-20.463787 -15.298903 0.657707 0.008582 -0.065956 -2.092159 870.210022
-20.388380 -15.120648 0.713762 0.009185 -0.018546 -2.108934 870.400024
-20.316107 -14.941915 0.772710 0.035322 0.005286 -2.128983 870.590027
-20.255489 -14.756741 0.836304 0.054328 0.013249 -2.152975 870.789978
-20.215956 -14.564731 0.901918 0.045713 0.023035 -2.180251 871.000000
-20.199297 -14.369221 0.968333 0.041281 0.011195 -2.212118 871.219971
-20.201759 -14.176326 1.033359 0.030921 -0.007959 -2.246097 871.440002
-20.211924 -13.981865 1.097840 -0.002059 -0.034712 -2.281174 871.659973
-20.210999 -13.785688 1.163220 -0.022201 -0.052592 -2.316949 871.880005
-20.186750 -13.588654 1.229523 -0.025666 -0.052501 -2.353696 872.099976
-20.141048 -13.401441 1.293519 -0.017600 -0.046555 -2.389098 872.309998
-20.078413 -13.216144 1.356882 -0.015320 -0.022488 -2.423846 872.520020
-20.007044 -13.037608 1.417987 -0.013725 -0.012254 -2.454560 872.729980
-19.925949 -12.861773 1.473359 -0.047259 -0.027756 -2.479422 872.950012
-19.821173 -12.696671 1.515498 -0.068395 -0.048474 -2.495859 873.179993
-19.683912 -12.552267 1.539921 -0.061744 -0.053825 -2.502805 873.409973
-19.522997 -12.429254 1.548527 -0.043608 -0.048755 -2.500035 873.630005
-19.349550 -12.320193 1.546716 -0.019146 -0.037264 -2.489740 873.840027
-19.176418 -12.217936 1.540831 0.021680 -0.024062 -2.476053 874.039978
-19.008799 -12.108540 1.535317 0.048703 -0.016448 -2.461431 874.239990
-18.848137 -11.979534 1.532694 0.055596 -0.015960 -2.448350 874.450012
-18.704840 -11.834437 1.534678 0.048942 -0.020371 -2.439866 874.659973
-18.575546 -11.675406 1.541176 0.030538 -0.007982 -2.436182 874.869995
-18.457752 -11.512612 1.549382 -0.008672 0.001988 -2.436696 875.080017
-18.332085 -11.346418 1.556325 -0.043894 -0.018589 -2.438782 875.309998
-18.193565 -11.199731 1.559221 -0.050317 -0.016258 -2.441453 875.539978
-18.032705 -11.068862 1.556982 -0.034807 -0.019816 -2.445018 875.780029
-17.861872 -10.950957 1.551923 0.022873 -0.023272 -2.451496 876.020020
-17.697861 -10.822618 1.548016 0.057508 -0.022320 -2.461370 876.260010
-17.558512 -10.677645 1.546717 0.057798 -0.012720 -2.474149 876.489990
-17.438967 -10.513000 1.548244 0.052184 -0.021760 -2.492403 876.719971
-17.337900 -10.339108 1.551932 0.029032 -0.008803 -2.512711 876.940002
-17.245945 -10.160514 1.555476 -0.000486 -0.009552 -2.536785 877.159973
-17.150026 -9.980140 1.555125 -0.020652 -0.034370 -2.565093 877.390015
-17.040125 -9.808561 1.548387 -0.025446 -0.046387 -2.596431 877.619995
-16.916336 -9.651748 1.535487 -0.018622 -0.049284 -2.628867 877.840027
-16.775471 -9.499478 1.517264 -0.012674 -0.032780 -2.663050 878.059998
-16.632706 -9.360229 1.497862 -0.020963 -0.010743 -2.696221 878.270020
-16.480692 -9.227471 1.480378 -0.029132 -0.024924 -2.730583 878.489990
-16.313135 -9.104080 1.468182 -0.027651 -0.037396 -2.766790 878.719971
-16.140230 -8.997996 1.463124 -0.019546 -0.040501 -2.801723 878.940002
-15.955638 -8.899763 1.463784 -0.011161 -0.029351 -2.836591 879.159973
-15.768514 -8.808889 1.467755 -0.017464 0.042080 -2.870722 879.380005
-15.582434 -8.724483 1.473620 -0.025146 0.107719 -2.907334 879.640015
-15.439422 -8.582957 1.491385 0.130103 -0.051196 -2.977193 880.580017
-15.403295 -8.382628 1.499821 0.108767 -0.046255 -2.993288 880.900024
-15.361365 -8.178128 1.505836 0.059245 -0.027134 -3.005911 881.130005
-15.318766 -7.982144 1.510574 0.021053 -0.009620 -3.019537 881.330017
-15.275354 -7.785702 1.515214 0.014206 0.000316 -3.035837 881.530029
-15.232499 -7.583004 1.520054 0.020491 0.002675 -3.055518 881.739990
-15.193485 -7.381844 1.524788 0.024452 0.001599 -3.077829 881.950012
-15.157661 -7.180212 1.529409 0.027408 -0.000540 -3.102745 882.159973
-15.123891 -6.977673 1.533847 0.011799 -0.000284 -3.129752 882.369995
-15.091451 -6.779317 1.537954 0.004367 -0.014093 3.124774 882.580017
-15.050888 -6.580186 1.542144 -0.004437 -0.062634 3.093834 882.799988
-14.980844 -6.386410 1.546637 -0.012844 -0.081766 3.060298 883.030029
-14.875216 -6.212576 1.550778 -0.013498 -0.070458 3.025857 883.260010
-14.740632 -6.058218 1.554774 0.005291 -0.057436 2.991193 883.489990
-14.591401 -5.920216 1.558839 0.018829 -0.041686 2.958114 883.710022
-14.436801 -5.790740 1.562688 0.023849 -0.027642 2.926561 883.919983
-14.276103 -5.660378 1.566305 0.025384 -0.017426 2.894968 884.130005
-14.114013 -5.528482 1.569338 0.010367 -0.002598 2.863690 884.340027
-13.956671 -5.398318 1.571726 0.013591 -0.001335 2.832429 884.549988
-13.797543 -5.263542 1.572946 -0.000196 -0.012957 2.799895 884.770020
-13.640055 -5.139994 1.567970 -0.056206 -0.061403 2.769126 884.989990
-13.458759 -5.049940 1.551058 -0.085174 -0.083207 2.734983 885.229980
-13.257298 -5.022671 1.520557 -0.074854 -0.068072 2.696894 885.479980
-13.058507 -5.050412 1.484129 -0.036498 -0.050928 2.661349 885.719971
-12.863312 -5.104960 1.454010 0.003185 -0.040413 2.628885 885.950012
-12.669538 -5.163411 1.435235 0.019235 -0.021180 2.599019 886.169983
-12.471894 -5.216740 1.427243 0.027247 -0.014592 2.569475 886.390015
-12.271579 -5.260593 1.429242 0.030528 -0.018503 2.539814 886.609985
-12.066453 -5.295125 1.439221 0.039201 -0.005694 2.510158 886.830017
-11.859821 -5.312652 1.453530 0.068231 0.050855 2.481827 887.049988
-11.653449 -5.288706 1.469411 0.082692 0.079586 2.451072 887.280029
-11.461891 -5.209721 1.483215 0.075633 0.074851 2.417668 887.510010
-11.298454 -5.094779 1.493142 0.056206 0.055619 2.385851 887.719971
-11.144610 -4.953225 1.500152 0.005559 0.025685 2.354648 887.929993
-11.002250 -4.809479 1.505335 -0.016940 -0.040466 2.325927 888.140015
-10.846416 -4.679258 1.510813 -0.011964 -0.088611 2.294705 888.369995
-10.666329 -4.589450 1.517169 0.005094 -0.097386 2.260761 888.609985
-10.469992 -4.544732 1.524105 0.015668 -0.077506 2.227828 888.840027
-10.265031 -4.528870 1.530674 0.006190 -0.037597 2.196536 889.059998
-10.056677 -4.525488 1.533936 0.023152 -0.001215 2.165105 889.280029
-9.849478 -4.517473 1.531528 0.035049 0.018734 2.134033 889.500000
-9.644744 -4.495073 1.523145 0.024010 0.026335 2.103043 889.719971
-9.446193 -4.457926 1.508935 0.030066 0.020979 2.071789 889.940002
-9.252245 -4.408494 1.490865 -0.015624 0.018650 2.041233 890.159973
-9.059048 -4.350915 1.470309 -0.090795 0.020043 2.008939 890.409973
-8.875553 -4.272356 1.449009 0.106378 0.036021 1.951828 891.239990
-8.721334 -4.137047 1.470371 0.104372 0.034017 1.929035 891.679993
-8.568128 -4.008069 1.491315 0.073391 0.024432 1.912434 891.929993
-8.409832 -3.876657 1.512300 0.041216 0.014216 1.895326 892.150024
-8.250669 -3.745442 1.533485 0.026930 0.007749 1.876811 892.359985
-8.080988 -3.608670 1.554433 0.025828 -0.018147 1.854667 892.580017
-7.914051 -3.488363 1.571163 0.034157 -0.035696 1.830996 892.789978
-7.738937 -3.384639 1.583834 0.018185 -0.040200 1.805226 893.000000
-7.552203 -3.296283 1.591849 0.008154 -0.026280 1.776509 893.219971
-7.360179 -3.218984 1.592005 0.011590 0.012309 1.744616 893.450012
-7.173477 -3.139502 1.583006 0.012739 0.033428 1.711362 893.679993
-6.993178 -3.047982 1.566528 0.005749 0.033306 1.677156 893.909973
-6.822107 -2.944190 1.546242 -0.013044 0.048075 1.642483 894.140015
-6.662818 -2.815462 1.528528 -0.041923 0.076657 1.605435 894.380005
-6.536118 -2.654108 1.518171 -0.048952 0.063909 1.570259 894.619995
-6.446265 -2.473865 1.515911 -0.038354 0.051526 1.537129 894.849976
-6.379761 -2.276064 1.521041 -0.021451 0.040301 1.504069 895.080017
-6.328511 -2.077579 1.529834 0.004224 0.014994 1.473111 895.299988
-6.276395 -1.881944 1.535542 0.049521 0.007380 1.441860 895.520020
-6.201313 -1.687427 1.533581 0.066125 -0.002108 1.408332 895.750000
-6.098921 -1.509095 1.522239 0.058000 -0.004835 1.375340 895.979980
-5.973946 -1.347185 1.501847 0.048599 0.013451 1.343770 896.210022
-5.837191 -1.199699 1.477046 0.035790 0.023919 1.313220 896.429993
-5.695543 -1.060116 1.453223 0.024365 0.028432 1.283806 896.640015
-5.547520 -0.918924 1.432030 0.014637 0.027957 1.254222 896.849976
-5.396919 -0.775228 1.414713 0.009309 0.028623 1.224537 897.059998
-5.252921 -0.635540 1.402103 0.005415 0.023376 1.196052 897.260010
-5.103541 -0.488558 1.395015 0.007731 0.002284 1.166228 897.469971
-4.957471 -0.348608 1.397909 0.019802 0.002012 1.136450 897.679993
-4.803831 -0.212407 1.412511 0.021125 -0.002646 1.105056 897.900024
-4.642467 -0.082994 1.437965 0.021329 -0.006241 1.072680 898.130005
-4.472985 0.034676 1.467324 0.056387 -0.015814 1.039371 898.369995
-4.291236 0.123751 1.490893 0.074439 -0.015986 1.005956 898.609985
-4.092106 0.179750 1.504441 0.057794 -0.015968 0.972258 898.849976
-3.890702 0.207694 1.507620 0.051321 0.003835 0.941041 899.080017
-3.689858 0.219943 1.503181 0.005196 -0.016969 0.910214 899.299988
-3.487994 0.223917 1.493635 -0.061448 -0.063197 0.881200 899.539978
-3.478842 0.020851 1.473077 0.011460 -0.110021 0.862903 900.520020
-3.614974 -0.138172 1.468965 0.006306 -0.065329 0.880137 900.750000
-3.743309 -0.292873 1.466600 0.003246 -0.027481 0.898773 900.950012
-3.871412 -0.450429 1.466506 0.014052 -0.015175 0.917435 901.150024
-3.998850 -0.616844 1.469911 0.026193 -0.015032 0.934469 901.359985
-4.114836 -0.785999 1.476854 0.026231 -0.001916 0.947477 901.570007
-4.221843 -0.963081 1.487196 0.023355 -0.010181 0.954203 901.789978
-4.317229 -1.140934 1.499985 0.016311 -0.014970 0.953716 902.010010
-4.409245 -1.327376 1.514784 0.005870 -0.006990 0.945679 902.239990
-4.496624 -1.508842 1.527333 -0.008473 -0.014657 0.930248 902.469971
-4.591160 -1.691917 1.534265 -0.015984 -0.033639 0.907060 902.710022
-4.693237 -1.866136 1.533825 -0.015103 -0.043447 0.878761 902.940002
-4.803826 -2.035017 1.527219 -0.009992 -0.042609 0.847092 903.159973
-4.924459 -2.205760 1.516144 -0.016068 -0.011426 0.812529 903.380005
-5.049733 -2.366528 1.503062 -0.052602 -0.002087 0.779434 903.599976
-5.193058 -2.509012 1.489357 -0.074657 -0.016325 0.750809 903.830017
-5.359822 -2.622597 1.476685 -0.069550 -0.026720 0.730253 904.059998
-5.542138 -2.709582 1.466015 -0.051220 -0.029380 0.719456 904.280029
-5.730864 -2.779780 1.457208 -0.026571 -0.015356 0.717402 904.489990
-5.923731 -2.842487 1.449833 -0.012726 -0.012149 0.724274 904.700012
-6.123339 -2.902867 1.444840 -0.021638 0.008810 0.739472 904.919983
-6.326169 -2.951693 1.444615 -0.046639 0.013890 0.763073 905.150024
-6.528447 -2.976842 1.449995 -0.043736 0.014651 0.792491 905.380005
-6.730803 -2.980614 1.459462 -0.017157 -0.009042 0.827331 905.609985
-6.931538 -2.983053 1.469795 0.032003 -0.055082 0.864853 905.840027
-7.135284 -3.017252 1.479102 0.057148 -0.061028 0.907076 906.080017
-7.325134 -3.094299 1.485176 0.048655 -0.058306 0.950727 906.320007
-7.494494 -3.202707 1.487563 0.028576 -0.049227 0.992664 906.549988
-7.653890 -3.333675 1.488233 0.049854 -0.019017 1.032841 906.780029
-7.793602 -3.487197 1.490517 0.083737 -0.024199 1.066890 907.020020
-7.892682 -3.664752 1.495742 0.078157 -0.016722 1.092975 907.260010
-7.952978 -3.861760 1.503977 0.058461 -0.022898 1.110588 907.500000
-7.986938 -4.063534 1.512848 0.007584 -0.031478 1.123372 907.729980
-8.020389 -4.261627 1.519089 -0.041327 -0.037144 1.134064 907.950012
-8.074947 -4.456778 1.521588 -0.056584 -0.021601 1.143488 908.169983
-8.154500 -4.641518 1.519681 -0.054554 -0.023040 1.154995 908.390015
-8.256694 -4.816388 1.513806 -0.037266 -0.008329 1.167905 908.609985
-8.374126 -4.983512 1.504998 -0.000984 0.068442 1.181900 908.840027
-8.501337 -5.143281 1.492571 0.025116 0.109432 1.203728 909.150024
-8.651426 -5.276504 1.506446 -0.046521 -0.111706 1.245399 910.099976
-8.794860 -5.420415 1.542189 -0.039640 -0.094775 1.263626 910.419983
-8.931633 -5.564725 1.573813 -0.022246 -0.054330 1.279825 910.650024
-9.067655 -5.711128 1.604542 -0.015682 -0.029623 1.298215 910.859985
-9.207520 -5.860579 1.632139 -0.026629 -0.009644 1.319415 911.070007
-9.352480 -6.004398 1.651679 -0.038242 -0.000649 1.343029 911.280029
-9.504930 -6.137907 1.661354 -0.028589 0.010613 1.368318 911.489990
-9.668873 -6.264352 1.661222 -0.028431 0.004711 1.397241 911.710022
-9.836811 -6.380194 1.652525 -0.024175 -0.002572 1.427771 911.929993
-10.006928 -6.489212 1.637986 -0.018235 0.005128 1.459227 912.150024
-10.185512 -6.593307 1.618078 -0.040210 0.018191 1.493441 912.380005
-10.373307 -6.681774 1.594952 -0.048029 0.021671 1.528641 912.609985
-10.565305 -6.751136 1.571081 -0.046038 0.017219 1.563142 912.830017
-10.759189 -6.806529 1.547600 -0.037856 0.010702 1.596502 913.039978
-10.958179 -6.854950 1.524822 0.005880 -0.003533 1.629238 913.250000
-11.153169 -6.907265 1.504983 0.045459 -0.070920 1.660443 913.469971
-11.333788 -7.000584 1.490353 0.059789 -0.107007 1.695827 913.719971
-11.465199 -7.151718 1.482892 0.049415 -0.085958 1.735019 913.979980
-11.548669 -7.334112 1.480286 -0.011399 -0.033988 1.772178 914.229980
-11.625134 -7.520171 1.479969 -0.057208 0.007834 1.804456 914.469971
-11.726395 -7.699163 1.479961 -0.059031 0.029199 1.835767 914.710022
-11.851468 -7.855992 1.478678 -0.061030 0.026431 1.866747 914.940002
-12.001878 -8.000601 1.475826 -0.030351 0.005950 1.898119 915.169983
-12.151743 -8.134871 1.474423 0.019640 -0.052543 1.927247 915.390015
-12.282992 -8.288346 1.477471 0.045493 -0.082285 1.957069 915.619995
-12.374106 -8.470237 1.485278 0.046438 -0.072238 1.989881 915.859985
-12.423622 -8.667086 1.494916 -0.004526 -0.023562 2.024090 916.099976
-12.466732 -8.865975 1.502545 -0.056682 0.027347 2.056095 916.340027
-12.538584 -9.054839 1.506579 -0.058846 0.048404 2.087671 916.580017
-12.647330 -9.227549 1.505605 -0.062275 0.043095 2.120805 916.820007
-12.783871 -9.381564 1.500598 -0.045424 0.042440 2.152731 917.049988
-12.937357 -9.513912 1.496163 -0.009592 0.090715 2.183052 917.270020
-13.119467 -9.611828 1.495681 0.011309 0.115949 2.216985 917.500000
-13.322379 -9.655261 1.499899 0.017181 0.099368 2.251139 917.729980
-13.529302 -9.655247 1.504571 -0.010379 0.031182 2.282955 917.950012
-13.729633 -9.647304 1.504971 -0.047681 -0.029584 2.315506 918.159973
-13.934847 -9.661755 1.499532 -0.044509 -0.062377 2.350347 918.380005
-14.133794 -9.712326 1.486223 -0.046630 -0.059321 2.384936 918.609985
-14.317116 -9.796876 1.465526 -0.038750 -0.041169 2.418574 918.840027
-14.491507 -9.907643 1.440450 0.042576 -0.042288 2.452347 919.080017
-14.651617 -10.032654 1.417163 0.156083 -0.045395 2.487801 919.390015
-14.816493 -10.145999 1.425241 -0.114378 0.071549 2.542319 920.309998
-14.996904 -10.230984 1.460160 -0.088392 0.055416 2.560121 920.590027
-15.182364 -10.317620 1.495147 -0.061424 0.039341 2.577102 920.809998
-15.370096 -10.405305 1.530557 -0.038021 0.025445 2.594990 921.010010
-15.555052 -10.491833 1.563938 -0.018832 0.005331 2.614191 921.200012
-15.737103 -10.579648 1.591098 -0.018912 -0.012443 2.635305 921.390015
-15.919914 -10.676207 1.608904 -0.025410 -0.018909 2.659851 921.590027
-16.092733 -10.779819 1.614408 -0.029677 -0.016280 2.686604 921.789978
-16.265047 -10.896759 1.608192 -0.023491 -0.008602 2.716730 922.000000
-16.430172 -11.017902 1.593622 -0.009579 0.011945 2.748459 922.210022
-16.593493 -11.135326 1.575035 -0.005178 0.031866 2.781531 922.419983
-16.761679 -11.244602 1.555622 -0.004272 0.038295 2.815435 922.630005
-16.937323 -11.345229 1.537387 -0.005589 0.036523 2.849782 922.840027
-17.119427 -11.438663 1.521433 -0.000840 0.022088 2.884189 923.049988
-17.302265 -11.525652 1.508092 -0.000957 0.014015 2.918121 923.260010
-17.490549 -11.611128 1.497631 -0.001729 0.012930 2.952973 923.479980
-17.675831 -11.691962 1.492877 -0.005883 0.024262 2.987013 923.700012
-17.862692 -11.769537 1.494467 -0.004180 0.019884 3.020286 923.919983
-18.049673 -11.844020 1.501257 -0.002877 0.014564 3.052485 924.140015
-18.242197 -11.919791 1.511564 -0.029078 0.008041 3.085031 924.369995
-18.429077 -12.006127 1.521122 -0.063724 -0.002917 3.117442 924.599976
-18.604914 -12.117954 1.527235 -0.058804 -0.016848 -3.132553 924.830017
-18.757463 -12.247314 1.528870 -0.050545 -0.010680 -3.102163 925.049988
-18.896664 -12.393066 1.526676 -0.037265 -0.001630 -3.072114 925.270020
-19.026411 -12.546918 1.522960 0.006996 0.003588 -3.042222 925.489990
-19.158903 -12.696738 1.522166 0.038871 0.041574 -3.010960 925.719971
-19.313065 -12.827299 1.527380 0.046489 0.044643 -2.980089 925.960022
-19.487776 -12.929976 1.538821 0.035691 0.046588 -2.949722 926.200012
-19.671633 -13.010991 1.553421 -0.018529 0.025927 -2.921179 926.429993
-19.856195 -13.099458 1.567883 -0.076678 -0.000597 -2.890562 926.659973
-20.022181 -13.219109 1.579757 -0.094811 -0.009395 -2.858721 926.890015
-20.156250 -13.367665 1.587222 -0.078826 -0.016549 -2.827426 927.109985
-20.265684 -13.541285 1.590677 -0.064184 -0.009239 -2.796766 927.330017
-20.351994 -13.723503 1.590703 -0.049644 0.003127 -2.767251 927.539978
-20.427586 -13.916662 1.588329 -0.033996 0.011862 -2.737035 927.750000
-20.494978 -14.106015 1.584572 -0.020817 0.015979 -2.707745 927.950012
-20.560696 -14.295087 1.580004 0.015997 -0.016109 -2.678620 928.150024
-20.628242 -14.489333 1.574410 0.067309 -0.072321 -2.649959 928.380005
-20.694901 -14.678161 1.566569 0.087158 -0.101304 -2.613502 928.739990
-20.632999 -14.483462 1.564987 0.082440 -0.100868 -2.601446 929.450012
-20.566322 -14.287225 1.563015 0.051318 -0.061533 -2.613751 929.669983
-20.501013 -14.096966 1.561353 0.022566 -0.026241 -2.630775 929.859985
-20.434238 -13.903001 1.559957 0.013827 -0.011997 -2.653317 930.049988
-20.368874 -13.711435 1.558922 0.003829 -0.004089 -2.679614 930.239990
-20.302019 -13.516767 1.560391 -0.004872 -0.010554 -2.710408 930.440002
-20.230335 -13.321948 1.567185 -0.004908 -0.021374 -2.745305 930.650024
-20.153074 -13.134935 1.580201 0.000921 -0.028468 -2.782149 930.859985
-20.068506 -12.952505 1.599101 0.006750 -0.028887 -2.820128 931.070007
-19.977461 -12.772617 1.622381 0.003996 -0.018831 -2.858367 931.280029
-19.879173 -12.589661 1.648485 -0.014380 -0.009343 -2.897888 931.500000
-19.773085 -12.414903 1.670172 -0.056491 -0.044842 -2.936825 931.729980
-19.639858 -12.265813 1.679749 -0.071831 -0.071698 -2.976446 931.969971
-19.470816 -12.155492 1.673577 -0.057927 -0.072860 -3.016729 932.210022
-19.277666 -12.079509 1.654481 -0.033766 -0.059729 -3.054798 932.440002
-19.084110 -12.026669 1.629326 -0.019117 -0.023488 -3.088559 932.650024
-18.888409 -11.983872 1.602088 -0.008762 -0.016092 -3.120074 932.859985
-18.685814 -11.945167 1.576441 -0.001284 -0.023256 3.131394 933.080017
-18.482849 -11.909271 1.556631 0.003897 -0.029634 3.100393 933.299988
-18.286028 -11.875651 1.543875 0.006861 -0.031013 3.071239 933.510010
-18.085756 -11.841777 1.536591 0.005406 -0.020291 3.042511 933.719971
-17.886307 -11.808078 1.533398 0.003995 -0.010720 3.014160 933.929993
-17.682371 -11.772740 1.531976 0.019621 -0.009569 2.984597 934.150024
-17.483089 -11.730769 1.528569 0.042450 -0.007247 2.955209 934.369995
-17.286995 -11.673051 1.520683 0.050681 -0.008708 2.925863 934.590027
-17.092165 -11.596956 1.507616 0.045275 -0.009474 2.896479 934.809998
-16.906982 -11.510258 1.490998 0.035862 -0.003318 2.868202 935.020020
-16.726503 -11.412366 1.475269 0.043279 0.034928 2.839872 935.229980
-16.562948 -11.297061 1.465258 0.055842 0.060606 2.810632 935.440002
-16.417652 -11.149966 1.462773 0.050715 0.061273 2.778484 935.659973
-16.302837 -10.986268 1.468132 0.044569 0.048202 2.746756 935.869995
-16.205345 -10.805152 1.480250 0.034398 0.030405 2.714496 936.080017
-16.118082 -10.614860 1.495187 0.014593 -0.002831 2.682384 936.289978
-16.031023 -10.428394 1.507040 0.009821 -0.039954 2.650799 936.500000
-15.927179 -10.246914 1.512619 0.003315 -0.053602 2.617897 936.719971
-15.806888 -10.084674 1.509922 0.005990 -0.049394 2.585350 936.940002
-15.665512 -9.933233 1.498298 0.023504 -0.038083 2.551620 937.169983
-15.516960 -9.797490 1.481187 0.021272 -0.028698 2.519790 937.390015
-15.358790 -9.668521 1.463437 0.020824 -0.033100 2.488192 937.609985
-15.190725 -9.547600 1.448805 0.023449 -0.032852 2.456838 937.830017
-15.020875 -9.438999 1.439364 0.026629 -0.028103 2.426953 938.039978
-14.843191 -9.335153 1.434445 0.017856 -0.019807 2.397143 938.250000
-14.662273 -9.237085 1.434248 0.006938 -0.029416 2.367495 938.460022
-14.479140 -9.150264 1.438900 0.004698 -0.039787 2.338007 938.669983
-14.292600 -9.078360 1.447560 -0.005588 -0.033757 2.308674 938.880005
-14.097378 -9.019275 1.459846 0.005465 -0.029827 2.278121 939.099976
-13.901582 -8.972199 1.474198 0.000853 -0.017156 2.247900 939.320007
-13.705346 -8.932732 1.488123 -0.064488 0.020524 2.216646 939.549988
-13.504862 -8.899364 1.501418 -0.102683 0.045305 2.177673 939.869995
-13.377076 -8.741377 1.520988 0.099633 0.063780 2.122297 940.880005
-13.302229 -8.548501 1.531015 0.083292 0.050263 2.105148 941.169983
-13.220929 -8.357010 1.539314 0.033119 0.024972 2.087859 941.400024
-13.142729 -8.171996 1.545037 0.005113 0.035018 2.071040 941.609985
-13.072892 -7.981843 1.547610 -0.007516 0.040170 2.051466 941.820007
-13.016660 -7.788136 1.546619 -0.016456 0.027345 2.029620 942.030029
-12.972404 -7.586646 1.541813 -0.007333 0.031087 2.003997 942.250000
-12.939340 -7.384008 1.533949 0.003914 0.029561 1.976057 942.469971
-12.910021 -7.179945 1.525292 0.036620 -0.014448 1.946169 942.690002
-12.861067 -6.977586 1.518810 0.077279 -0.052643 1.911912 942.919983
-12.771310 -6.798028 1.515923 0.069656 -0.064101 1.876694 943.150024
-12.636197 -6.640969 1.516432 0.062576 -0.045242 1.841260 943.390015
-12.476256 -6.512621 1.520310 0.047687 -0.022474 1.807116 943.619995
-12.306535 -6.401587 1.526337 0.027623 -0.006953 1.774050 943.840027
-12.131395 -6.296524 1.534668 0.026988 0.009571 1.741238 944.059998
-11.953705 -6.190757 1.545053 0.020895 0.015078 1.708509 944.280029
-11.776751 -6.082548 1.556589 0.010114 0.012715 1.676157 944.500000
-11.603911 -5.972974 1.568882 0.018454 0.018509 1.644303 944.719971
-11.432418 -5.860228 1.581316 0.014625 0.015534 1.612620 944.940002
-11.263139 -5.745170 1.589763 0.009424 0.022381 1.581235 945.159973
-11.097900 -5.625650 1.590341 0.013188 0.032672 1.549946 945.380005
-10.934795 -5.497832 1.581991 0.015675 0.034123 1.518518 945.599976
-10.779691 -5.368096 1.566711 0.010893 0.020294 1.488436 945.809998
-10.626118 -5.237705 1.548860 0.027286 -0.018346 1.458847 946.020020
-10.461371 -5.117143 1.533150 0.053739 -0.040752 1.427589 946.239990
-10.276371 -5.021094 1.522779 0.045165 -0.047280 1.395073 946.469971
-10.073049 -4.954925 1.519095 0.044701 -0.030660 1.362309 946.710022
-9.869459 -4.915497 1.522088 0.033056 -0.014882 1.330898 946.940002
-9.662984 -4.889376 1.528336 0.000389 0.005547 1.299532 947.169983
-9.457087 -4.859098 1.532386 -0.019537 0.056349 1.266191 947.409973
-9.263542 -4.800213 1.530117 -0.027891 0.065121 1.233664 947.650024
-9.082517 -4.706673 1.520430 -0.020989 0.059240 1.201817 947.890015
-8.917476 -4.590082 1.504714 -0.008631 0.048198 1.171306 948.119995
-8.763453 -4.462364 1.485549 -0.001914 0.027924 1.142217 948.340027
-8.612444 -4.328613 1.463722 0.004817 0.021037 1.112987 948.559998
-8.463307 -4.193076 1.442407 -0.005962 0.023821 1.083822 948.780029
-8.318902 -4.053347 1.424670 -0.015288 0.032522 1.054680 949.000000
-8.180441 -3.904434 1.411745 -0.016001 0.038522 1.026726 949.219971
-8.046464 -3.744588 1.403782 -0.014512 0.024005 1.003382 949.440002
-7.918941 -3.578977 1.402415 -0.018777 0.017503 0.986242 949.659973
-7.800432 -3.409912 1.408799 -0.019280 0.021880 0.976513 949.880005
-7.690217 -3.236937 1.422034 -0.015144 0.012288 0.974388 950.099976
-7.587821 -3.063439 1.440715 -0.009911 0.020871 0.977712 950.320007
-7.489352 -2.888510 1.463086 -0.004957 0.007028 0.985272 950.539978
-7.393640 -2.713828 1.485386 0.001934 -0.070583 0.995972 950.770020
-7.299607 -2.537756 1.507438 0.007636 -0.108404 1.012514 951.090027
-7.194736 -2.367432 1.528655 0.006043 0.120036 1.029769 952.000000
-7.082388 -2.202063 1.537208 0.002571 0.105214 1.023546 952.320007
-6.966782 -2.029207 1.544928 0.000540 0.078063 1.017296 952.559998
-6.851722 -1.855353 1.552339 -0.000383 0.053823 1.011497 952.770020
-6.736242 -1.679644 1.559709 -0.000468 0.019912 1.006048 952.969971
-6.621836 -1.505331 1.567658 0.004539 -0.005188 1.000059 953.169983
-6.506357 -1.332894 1.577869 0.010328 0.004898 0.991966 953.380005
-6.386650 -1.162295 1.591253 0.011623 0.003872 0.980514 953.599976
-6.267337 -1.001401 1.607125 0.009685 0.010365 0.966177 953.820007
-6.142224 -0.840471 1.623542 0.008103 0.022767 0.948634 954.049988
-6.013892 -0.681350 1.632071 0.007448 0.032999 0.930130 954.280029
-5.886092 -0.527405 1.629506 0.005061 0.022011 0.912967 954.500000
-5.756302 -0.374047 1.616252 0.002790 0.021651 0.898955 954.719971
-5.625872 -0.221437 1.593691 -0.000876 0.029175 0.890296 954.940002
-5.494438 -0.065713 1.567959 -0.014469 0.031837 0.888315 955.159973
-5.365507 0.097490 1.545475 -0.022527 0.031966 0.893745 955.380005
-5.247394 0.262204 1.530078 -0.022354 0.030192 0.905263 955.590027
-5.134545 0.434776 1.521302 -0.017709 0.027027 0.921395 955.799988
-5.026381 0.612236 1.518697 -0.002694 0.012713 0.940421 956.010010
-4.920037 0.785741 1.521895 0.039170 0.004704 0.958892 956.219971
-4.798322 0.950631 1.531037 0.066181 0.011417 0.974608 956.440002
-4.655161 1.094502 1.544803 0.066855 0.015648 0.984016 956.659973
-4.489789 1.219982 1.561541 0.053107 0.017431 0.986016 956.880005
-4.317147 1.326841 1.578659 0.030412 0.005658 0.980476 957.090027
-4.140099 1.423775 1.595871 0.016301 0.011165 0.969147 957.299988
-3.963139 1.515817 1.612451 0.011552 0.018135 0.951839 957.510010
-3.777499 1.610656 1.626212 0.020280 0.020576 0.927877 957.729980
-3.597155 1.698567 1.634001 0.023577 0.016685 0.900080 957.940002
-3.414458 1.781320 1.636304 0.015863 0.002047 0.868613 958.150024
-3.225579 1.860455 1.633292 0.015745 0.012664 0.833489 958.369995
-3.037431 1.934771 1.626212 0.011464 0.011650 0.796681 958.590027
-2.844760 2.008233 1.615049 -0.029250 -0.050548 0.760539 958.820007
-2.662444 2.087833 1.589873 -0.115971 -0.190981 0.731878 959.130005
-2.842566 2.128427 1.499913 -0.071250 -0.128150 0.705932 959.719971
-3.042683 2.113821 1.457680 -0.037653 -0.066726 0.712265 959.940002
-3.247562 2.094942 1.418860 -0.026325 -0.033921 0.727050 960.140015
-3.448964 2.076575 1.382220 -0.015732 -0.011530 0.746806 960.330017
-3.648104 2.060184 1.346492 -0.004159 0.005073 0.770957 960.520020
-3.848723 2.046111 1.309346 -0.008727 0.002228 0.800259 960.719971
-4.050159 2.035022 1.272030 0.015562 0.019871 0.833661 960.929993
-4.252398 2.025347 1.236467 0.068307 0.062919 0.874323 961.169983
-4.449150 2.013492 1.201711 0.017981 -0.049173 0.923028 961.849976
-4.558544 1.848191 1.251957 -0.006112 -0.108948 0.885172 962.440002
-4.679222 1.692232 1.294550 -0.001202 -0.083942 0.851031 962.700012
-4.804314 1.536012 1.334640 0.000713 -0.042883 0.818235 962.919983
-4.931133 1.380658 1.373389 -0.021271 -0.013456 0.787835 963.130005
-5.063136 1.235044 1.411192 -0.062336 -0.007572 0.761404 963.340027
-5.216061 1.107416 1.449080 -0.079412 -0.011947 0.740652 963.559998
-5.389668 1.008995 1.484829 -0.072185 -0.018211 0.728650 963.780029
-5.582623 0.934671 1.518485 -0.050729 -0.017549 0.725575 964.000000
-5.777300 0.878892 1.548417 -0.025384 -0.006908 0.730706 964.210022
-5.972431 0.831896 1.576252 -0.009673 -0.004023 0.743929 964.419983
-6.171594 0.787023 1.597380 -0.003493 -0.009832 0.764951 964.640015
-6.374103 0.740464 1.604553 -0.005352 -0.021779 0.793505 964.869995
-6.573860 0.691021 1.596142 -0.000598 -0.016934 0.826939 965.099976
-6.769717 0.638263 1.573742 -0.009620 -0.024645 0.864076 965.330017
-6.965917 0.582252 1.541011 -0.007329 -0.018160 0.903349 965.559998
-7.161059 0.524266 1.502140 -0.011639 -0.018169 0.943780 965.789978
-7.355970 0.465085 1.465491 -0.017027 -0.026643 0.984649 966.020020
-7.546270 0.405370 1.441997 -0.017953 -0.030850 1.023561 966.239990
-7.740465 0.341134 1.432751 -0.007265 -0.018400 1.061421 966.460022
-7.933086 0.274028 1.437542 -0.012500 -0.019064 1.098426 966.679993
-8.124895 0.205059 1.454128 -0.011169 -0.014587 1.134046 966.900024
-8.314328 0.135654 1.478337 0.005378 -0.006300 1.166214 967.119995
-8.499269 0.060027 1.504642 0.065102 -0.036533 1.192128 967.349976
-8.668893 -0.055835 1.527398 0.097152 -0.063459 1.210184 967.609985
-8.786345 -0.220973 1.538378 0.081077 -0.055336 1.221031 967.869995
-8.856647 -0.409277 1.538412 0.034808 -0.033879 1.226587 968.109985
-8.914695 -0.608821 1.531015 -0.071695 0.008127 1.229310 968.349976
-9.006976 -0.788258 1.519800 -0.115080 0.031695 1.230302 968.599976
-9.157214 -0.922906 1.506248 -0.107093 0.028881 1.236608 968.859985
-9.340170 -1.004872 1.493356 -0.083443 0.012607 1.248249 969.099976
-9.534374 -1.056870 1.482213 -0.033468 0.004221 1.262078 969.320007
-9.732473 -1.101779 1.474186 0.034963 -0.043851 1.279579 969.539978
-9.926247 -1.175660 1.472226 0.078154 -0.080945 1.301841 969.780029
-10.085215 -1.302835 1.476970 0.079608 -0.069341 1.332860 970.030029
-10.199740 -1.474851 1.487193 0.050296 -0.066781 1.366649 970.280029
-10.279469 -1.663910 1.499638 0.026317 -0.051878 1.400573 970.510010
-10.343254 -1.862025 1.510399 0.012058 -0.041057 1.434319 970.729980
-10.398256 -2.060139 1.517011 0.001507 -0.034412 1.467491 970.940002
-10.451348 -2.263107 1.519026 -0.005678 -0.029538 1.501351 971.150024
-10.502396 -2.458622 1.516826 -0.007655 -0.020447 1.533870 971.349976
-10.555993 -2.659957 1.510982 0.011548 0.045110 1.567317 971.559998
-10.607961 -2.853917 1.502318 0.031012 0.106220 1.603955 971.799988
-10.707697 -3.029080 1.489948 -0.130214 -0.040463 1.675756 972.690002
-10.898514 -3.101017 1.498109 -0.114131 -0.043586 1.694139 973.049988
-11.083540 -3.180700 1.506215 -0.068555 -0.029137 1.706344 973.280029
-11.273402 -3.267046 1.514436 -0.034321 -0.015657 1.720099 973.489990
-11.459063 -3.353915 1.523117 -0.027232 -0.009567 1.736035 973.690002
-11.645349 -3.442672 1.532007 -0.012999 -0.023858 1.754580 973.890015
-11.826126 -3.537522 1.540476 0.002293 -0.050325 1.775271 974.090027
-11.994006 -3.646032 1.548110 0.015702 -0.055544 1.798181 974.289978
-12.150775 -3.774922 1.554809 0.020019 -0.046403 1.824456 974.500000
-12.293478 -3.921596 1.560505 0.010467 -0.045804 1.853741 974.719971
-12.417238 -4.080419 1.563582 0.020051 -0.064632 1.884233 974.940002
-12.517309 -4.256190 1.562428 0.025653 -0.066731 1.916488 975.159973
-12.591228 -4.446839 1.556815 0.025673 -0.047504 1.950081 975.380005
-12.642783 -4.644313 1.547423 0.008729 -0.039770 1.983588 975.599976
-12.680768 -4.846543 1.535374 -0.012537 -0.014890 2.017400 975.820007
-12.720881 -5.045722 1.522370 -0.052132 0.055996 2.050338 976.039978
-12.795193 -5.231324 1.509492 -0.065608 0.094008 2.084543 976.270020
-12.922174 -5.388545 1.497010 -0.049617 0.089201 2.122082 976.510010
-13.090568 -5.510061 1.486705 -0.039080 0.064239 2.159787 976.750000
-13.270507 -5.599927 1.482633 -0.037301 0.038138 2.193942 976.969971
-13.456788 -5.677026 1.484808 -0.032773 0.017389 2.226145 977.179993
-13.649897 -5.752821 1.492675 -0.031215 0.004919 2.257951 977.390015
-13.835945 -5.827676 1.504363 -0.027062 -0.003869 2.288084 977.590027
-14.019447 -5.907857 1.516037 -0.023052 -0.042612 2.318052 977.789978
-14.198147 -6.007214 1.522989 -0.024337 -0.078685 2.349095 978.000000
-14.359478 -6.137208 1.521661 -0.008431 -0.080257 2.380815 978.219971
-14.490135 -6.289097 1.511038 -0.012592 -0.064342 2.411919 978.440002
-14.600938 -6.465137 1.491278 -0.021993 -0.039723 2.443891 978.669983
-14.694306 -6.643117 1.469589 -0.013140 0.016456 2.474219 978.890015
-14.797876 -6.820018 1.452564 -0.014701 0.068385 2.506454 979.119995
-14.926483 -6.973305 1.445120 -0.004716 0.073748 2.538965 979.349976
-15.087887 -7.104887 1.447529 -0.010660 0.042347 2.572447 979.590027
-15.254009 -7.218531 1.458019 -0.031478 -0.040824 2.604803 979.820007
-15.408462 -7.355551 1.475985 -0.043072 -0.087787 2.638992 980.059998
-15.520576 -7.519905 1.497069 -0.043734 -0.089091 2.671021 980.289978
-15.594486 -7.706435 1.518476 -0.041073 -0.068827 2.701324 980.510010
-15.642185 -7.903566 1.537617 -0.019560 -0.029219 2.730320 980.719971
-15.680694 -8.103819 1.550504 -0.009238 0.031948 2.760269 980.929993
-15.733339 -8.302650 1.554383 -0.010204 0.068492 2.792187 981.150024
-15.816550 -8.492776 1.547646 -0.001036 0.067223 2.825504 981.380005
-15.926881 -8.663444 1.531710 0.001633 0.053821 2.858536 981.609985
-16.057938 -8.816969 1.513429 -0.002140 0.050781 2.891452 981.840027
-16.207205 -8.957226 1.498717 -0.007495 0.042717 2.924337 982.070007
-16.362719 -9.083042 1.490337 -0.005657 0.026423 2.955579 982.289978
-16.523560 -9.203057 1.488134 -0.015735 0.024669 2.986634 982.510010
-16.686459 -9.320705 1.490730 0.016198 -0.017906 3.017040 982.729980
-16.848795 -9.437821 1.496069 0.063246 -0.072631 3.046008 982.979980
-17.006277 -9.561293 1.506411 -0.079490 -0.012387 3.104475 983.729980
-17.007322 -9.762218 1.498485 -0.111049 0.014396 3.127227 984.260010
-17.021679 -9.970166 1.488508 -0.088766 0.015151 -3.139941 984.530029
-17.041338 -10.186055 1.477185 -0.059088 0.013356 -3.122690 984.760010
-17.063848 -10.388456 1.467668 -0.007651 0.043410 -3.105500 984.960022
-17.102375 -10.585400 1.462630 0.035842 0.084948 -3.083907 985.159973
-17.180643 -10.778050 1.463864 0.056909 0.088073 -3.057885 985.380005
-17.304138 -10.945086 1.472320 0.050778 0.075809 -3.028804 985.609985
-17.454962 -11.076630 1.486987 0.029905 0.064552 -2.998455 985.830017
-17.621386 -11.186643 1.505855 0.011060 0.047316 -2.967849 986.039978
-17.800295 -11.289878 1.527814 -0.006138 0.024779 -2.935778 986.250000
-17.980131 -11.393397 1.548342 -0.037713 0.002687 -2.902587 986.460022
-18.149168 -11.507043 1.563977 -0.057787 -0.003945 -2.868662 986.669983
-18.302376 -11.637436 1.573219 -0.060130 -0.001090 -2.834667 986.880005
-18.440388 -11.784944 1.576087 -0.050402 0.004924 -2.800772 987.090027
-18.566364 -11.945314 1.573729 -0.029122 -0.000892 -2.766732 987.299988
-18.681711 -12.109627 1.567468 -0.018269 -0.004177 -2.733802 987.510010
-18.791044 -12.281137 1.557610 -0.035615 -0.006185 -2.700388 987.729980
-18.885590 -12.457413 1.545001 -0.048099 -0.002476 -2.667628 987.950012
-18.964453 -12.643476 1.530743 -0.048752 0.002434 -2.635261 988.169983
-19.028744 -12.840323 1.519367 -0.050854 -0.002610 -2.602890 988.390015
-19.074852 -13.037142 1.515066 -0.047457 -0.006360 -2.572273 988.599976
-19.105675 -13.240116 1.518712 -0.041718 -0.002214 -2.542012 988.809998
-19.124165 -13.447392 1.530100 -0.033892 0.004139 -2.511717 989.020020
-19.134182 -13.646879 1.546568 -0.014128 -0.003580 -2.482648 989.219971
-19.138268 -13.849680 1.569260 -0.010193 -0.035874 -2.453176 989.429993
-19.125282 -14.054399 1.602547 -0.035283 -0.048941 -2.421548 989.659973
-19.082920 -14.245323 1.644726 -0.050897 -0.040813 -2.390447 989.890015
-19.010254 -14.430406 1.694681 -0.050104 -0.024876 -2.359572 990.119995
-18.920443 -14.606677 1.743465 -0.015898 0.018061 -2.330422 990.340027
-18.836372 -14.785062 1.780274 0.037836 0.077738 -2.298957 990.559998
-18.788309 -14.985436 1.798976 0.065858 0.084548 -2.265094 990.799988
-18.797041 -15.187878 1.794005 0.060259 0.074770 -2.232123 991.039978
-18.850988 -15.382457 1.769931 0.040280 0.056227 -2.200751 991.270020
-18.929581 -15.567854 1.734794 0.011532 0.014533 -2.171509 991.489990
-19.012146 -15.748056 1.692098 -0.040605 0.003885 -2.140966 991.710022
-19.079206 -15.938410 1.643015 -0.066940 0.003073 -2.108355 991.940002
-19.115629 -16.136906 1.592619 -0.064717 0.001339 -2.075272 992.169983
-19.121386 -16.341021 1.549312 -0.059256 -0.005987 -2.042103 992.400024
-19.098320 -16.546202 1.520663 -0.058123 0.005800 -2.010045 992.630005
-19.053272 -16.746008 1.508712 -0.045545 0.011492 -1.978870 992.849976
-18.995770 -16.940001 1.510170 -0.034055 0.018584 -1.948947 993.059998
-18.930593 -17.136148 1.520650 -0.002413 -0.007974 -1.918610 993.270020
-18.863989 -17.326468 1.535589 0.048619 -0.069208 -1.890701 993.489990
-18.795540 -17.515017 1.556626 0.101153 -0.136996 -1.860538 993.809998
-18.609156 -17.591419 1.528343 -0.135835 -0.000558 -1.801345 994.710022
-18.416681 -17.626736 1.486625 -0.102467 0.003617 -1.785350 994.969971
-18.222769 -17.665546 1.444336 -0.068071 0.004882 -1.769560 995.179993
-18.021334 -17.707142 1.401981 -0.022974 -0.022894 -1.751304 995.380005
-17.818911 -17.738585 1.367672 0.022363 -0.082764 -1.732193 995.580017
-17.619881 -17.734516 1.347169 0.042206 -0.114899 -1.710596 995.789978
-17.425802 -17.671446 1.344764 0.038714 -0.110838 -1.682650 996.020020
-17.255732 -17.552614 1.361281 0.025858 -0.083795 -1.651356 996.250000
-17.117325 -17.410011 1.387976 0.017155 -0.062240 -1.621431 996.460022
-16.991625 -17.247168 1.420303 0.006308 -0.046278 -1.590497 996.669983
-16.879807 -17.080889 1.452608 -0.004138 -0.033916 -1.560304 996.869995
-16.771774 -16.909143 1.483866 -0.012324 -0.024798 -1.529546 997.070007
-16.664713 -16.735830 1.512385 -0.009239 -0.009517 -1.498566 997.270020
-16.559700 -16.567057 1.535906 0.001667 0.012682 -1.467659 997.469971
-16.448610 -16.394642 1.551641 -0.017866 0.007335 -1.433839 997.690002
-16.330019 -16.226042 1.555091 -0.024110 0.001546 -1.399207 997.919983
-16.206173 -16.065250 1.546748 -0.022277 -0.000581 -1.365428 998.150024
-16.077332 -15.910565 1.531398 -0.035891 0.000927 -1.331997 998.380005
-15.937839 -15.760142 1.514573 -0.042169 0.002535 -1.298810 998.609985
-15.793114 -15.620289 1.500211 -0.025179 0.006855 -1.267677 998.830017
-15.642718 -15.486370 1.488963 -0.030652 0.001142 -1.236429 999.049988
-15.486643 -15.355268 1.481308 -0.032394 -0.004372 -1.205218 999.270020
-15.325215 -15.223659 1.476952 -0.032450 -0.008122 -1.173933 999.489990
-15.167162 -15.095702 1.475252 -0.025101 -0.008192 -1.143998 999.700012
-15.009879 -14.967001 1.474849 0.017552 -0.020504 -1.114741 999.909973
-14.859836 -14.825693 1.475318 0.054024 -0.080815 -1.085572 1000.140015
-14.753267 -14.654964 1.475834 0.062951 -0.099449 -1.052386 1000.390015
-14.712593 -14.453908 1.474930 0.043954 -0.084145 -1.016098 1000.650024
-14.723949 -14.251403 1.473091 0.016716 -0.064550 -0.983130 1000.890015
-14.760228 -14.045764 1.470978 0.001424 -0.034801 -0.952070 1001.119995
-14.803504 -13.845745 1.469000 -0.020900 -0.007099 -0.922754 1001.340027
-14.836891 -13.648269 1.468269 -0.063852 0.058529 -0.894774 1001.559998
-14.826429 -13.446688 1.470132 -0.089845 0.092729 -0.863900 1001.799988
-14.747709 -13.262505 1.473990 -0.084029 0.085542 -0.829854 1002.039978
-14.622379 -13.106332 1.479005 -0.049361 0.059699 -0.797326 1002.260010
-14.474236 -12.967745 1.487456 -0.030810 0.032339 -0.766656 1002.469971
-14.313781 -12.835957 1.501293 -0.022214 0.011039 -0.736046 1002.679993
-14.151607 -12.707386 1.519954 -0.006402 -0.003848 -0.705628 1002.890015
-13.996014 -12.581431 1.542088 -0.012588 -0.016831 -0.675289 1003.099976
-13.844325 -12.445997 1.562697 -0.022549 -0.051586 -0.643458 1003.320007
-13.712392 -12.295671 1.575491 -0.025181 -0.066357 -0.611619 1003.539978
-13.600744 -12.119782 1.578723 -0.012839 -0.055987 -0.578965 1003.770020
-13.513977 -11.931924 1.571775 -0.021997 -0.038888 -0.546619 1004.000000
-13.443905 -11.737557 1.557588 0.032599 -0.013354 -0.515070 1004.229980
-13.386095 -11.545230 1.538829 0.097848 0.010335 -0.481268 1004.489990
-13.344952 -11.351211 1.504990 -0.075391 -0.031569 -0.425742 1005.229980
-13.337884 -11.148464 1.494873 -0.105021 -0.035595 -0.400989 1005.729980
-13.326782 -10.947187 1.490257 -0.083620 -0.026773 -0.386025 1005.989990
-13.314509 -10.742528 1.486798 -0.047033 -0.012897 -0.370798 1006.210022
-13.301052 -10.534643 1.486668 -0.034374 -0.005339 -0.352888 1006.419983
-13.286245 -10.332702 1.490140 -0.014788 0.000481 -0.333230 1006.619995
-13.269184 -10.124516 1.497260 -0.007777 0.002537 -0.310062 1006.830017
-13.250895 -9.923195 1.507732 -0.016961 0.000683 -0.284497 1007.039978
-13.230176 -9.716419 1.521266 -0.003627 0.017933 -0.255505 1007.260010
-13.197576 -9.513288 1.536199 0.023223 0.090635 -0.221469 1007.489990
-13.117600 -9.327786 1.550896 0.033248 0.117941 -0.182614 1007.739990
-12.978838 -9.184178 1.562032 0.028312 0.098726 -0.144248 1007.989990
-12.800862 -9.077478 1.569701 0.011536 0.075599 -0.106866 1008.229980
-12.610529 -8.994737 1.575014 -0.002870 0.049655 -0.072188 1008.450012
-12.416440 -8.919765 1.578796 -0.024839 0.021460 -0.038880 1008.659973
-12.230994 -8.842683 1.581511 -0.042725 0.007262 -0.006944 1008.859985
-12.050976 -8.753247 1.583454 -0.047497 0.002055 0.024805 1009.059998
-11.878795 -8.650033 1.584764 -0.043651 0.003867 0.056103 1009.260010
-11.714104 -8.535043 1.585643 -0.030555 0.000753 0.087216 1009.460022
-11.550784 -8.408339 1.585734 0.003196 -0.011050 0.117951 1009.669983
-11.390906 -8.284441 1.583807 0.043328 0.017293 0.145843 1009.890015
-11.213810 -8.176773 1.578693 0.058947 0.032637 0.168949 1010.130005
-11.024630 -8.102984 1.570368 0.050893 0.032095 0.183658 1010.369995
-10.822988 -8.056940 1.559365 0.033463 0.040691 0.192286 1010.609985
-10.618103 -8.028558 1.547056 0.016348 0.023914 0.195266 1010.840027
-10.418839 -8.008312 1.534262 0.003918 0.024916 0.197226 1011.059998
-10.218222 -7.988255 1.523482 -0.015431 0.026813 0.200107 1011.280029
-10.016790 -7.959789 1.519135 -0.030723 0.030741 0.205681 1011.500000
-9.815539 -7.916551 1.522451 -0.030639 0.012628 0.215548 1011.719971
-9.620716 -7.860069 1.532397 -0.029233 0.012893 0.228661 1011.940002
-9.433429 -7.791110 1.545484 -0.044553 0.016592 0.245684 1012.159973
-9.253098 -7.704132 1.557920 -0.051317 0.019284 0.267100 1012.380005
-9.080534 -7.597626 1.567455 -0.039658 0.006851 0.292983 1012.599976
-8.918068 -7.477772 1.573144 -0.029890 0.017958 0.320912 1012.820007
-8.761153 -7.348677 1.574776 -0.026423 0.000520 0.351685 1013.039978
-8.612830 -7.206744 1.567901 -0.074501 -0.059921 0.387095 1013.270020
-8.505741 -7.035293 1.546063 -0.095196 -0.085970 0.427434 1013.520020
-8.469840 -6.835172 1.510082 0.000615 -0.088230 0.468842 1013.789978
-8.498986 -6.641031 1.466418 0.071872 -0.056130 0.513860 1014.130005
-8.375360 -6.476718 1.466982 -0.019001 0.119109 0.585443 1015.039978
-8.207417 -6.362591 1.487838 -0.011901 0.093692 0.594871 1015.309998
-8.040904 -6.241805 1.508096 -0.006857 0.060668 0.602839 1015.530029
-7.878663 -6.120308 1.526235 -0.026399 0.024898 0.611601 1015.729980
-7.721397 -5.990465 1.541794 -0.047953 0.009469 0.622943 1015.929993
-7.578512 -5.849819 1.553570 -0.055102 0.007799 0.636914 1016.130005
-7.446128 -5.689446 1.561602 -0.049410 0.010314 0.654754 1016.340027
-7.329131 -5.517864 1.565685 -0.037566 0.015934 0.675811 1016.549988
-7.222612 -5.338371 1.566771 -0.022358 0.012385 0.700188 1016.760010
-7.123779 -5.157184 1.563835 -0.014586 0.003480 0.727060 1016.969971
-7.032499 -4.978795 1.554033 -0.015657 0.009529 0.755793 1017.179993
-6.943375 -4.793429 1.536055 -0.012086 0.005256 0.787803 1017.400024
-6.860602 -4.611311 1.511167 -0.009652 0.010008 0.820761 1017.619995
-6.778895 -4.423884 1.481371 -0.014243 0.018458 0.855847 1017.849976
-6.700969 -4.234510 1.455409 -0.022201 0.026204 0.891348 1018.080017
-6.630822 -4.047285 1.438195 -0.019142 0.016386 0.925746 1018.299988
-6.566408 -3.857420 1.429275 -0.015747 0.018679 0.959552 1018.520020
-6.506250 -3.665656 1.428191 -0.013638 0.028421 0.992823 1018.739990
-6.447327 -3.469362 1.433062 -0.004734 0.030305 1.023810 1018.960022
-6.385253 -3.270416 1.440745 0.022393 0.030558 1.049049 1019.179993
-6.314476 -3.082970 1.448146 0.037502 0.028701 1.065312 1019.390015
-6.228294 -2.902135 1.454084 0.037326 0.015749 1.073034 1019.599976
-6.124340 -2.723283 1.457826 0.029261 0.019540 1.073583 1019.820007
-6.009579 -2.552006 1.458998 0.019217 0.027142 1.066540 1020.039978
-5.886827 -2.382827 1.458057 0.010251 0.034049 1.052163 1020.260010
-5.764558 -2.219456 1.455653 0.008472 0.022624 1.032168 1020.469971
-5.639039 -2.058690 1.453762 0.043387 0.003988 1.006916 1020.679993
-5.496383 -1.907265 1.454720 0.072310 -0.001270 0.975339 1020.900024
-5.334003 -1.782231 1.459436 0.075578 0.002382 0.940100 1021.119995
-5.151255 -1.683129 1.467830 0.061946 0.008876 0.902205 1021.340027
-4.962416 -1.607112 1.478595 0.037051 0.002526 0.863905 1021.549988
-4.769412 -1.543923 1.491054 0.018674 0.006341 0.825657 1021.760010
-4.577860 -1.487286 1.504533 0.005537 0.014235 0.787857 1021.969971
-4.381119 -1.427248 1.516659 -0.022039 0.026622 0.749973 1022.190002
-4.192027 -1.355049 1.523824 -0.038213 0.035039 0.715788 1022.409973
-4.012542 -1.264089 1.525128 -0.038412 0.021192 0.687744 1022.630005
-3.837337 -1.152407 1.520435 -0.028278 0.029338 0.665728 1022.859985
-3.676524 -1.032308 1.512096 -0.032285 0.025698 0.654284 1023.080017
-3.525069 -0.897970 1.505915 -0.073276 0.007461 0.653413 1023.299988
-3.398603 -0.741833 1.505838 -0.086045 -0.009071 0.663211 1023.520020
-3.302733 -0.557004 1.513047 -0.070047 -0.017407 0.682411 1023.750000
-3.240873 -0.359010 1.528003 -0.055517 0.000003 0.707797 1023.979980
-3.202829 -0.161184 1.547404 -0.014762 -0.023871 0.739212 1024.199951
-3.178290 0.038065 1.568230 0.044179 -0.077309 0.774224 1024.439941
-3.166539 0.237763 1.592900 0.093402 -0.144372 0.820692 1024.839966
-3.300313 0.081432 1.601644 -0.004829 -0.137517 0.829450 1025.439941
-3.427687 -0.074038 1.599170 -0.004994 -0.090944 0.814416 1025.660034
-3.557755 -0.226114 1.596253 -0.002361 -0.055398 0.794862 1025.849976
-3.696118 -0.384852 1.592868 0.005163 -0.025944 0.770370 1026.040039
-3.833842 -0.544515 1.588725 0.015638 -0.011204 0.741935 1026.229980
-3.964930 -0.703647 1.583631 0.018009 0.000398 0.710579 1026.420044
-4.092245 -0.868340 1.577295 0.014295 0.009475 0.675358 1026.619995
-4.213211 -1.035569 1.569676 0.013783 0.000727 0.636589 1026.829956
-4.329665 -1.206583 1.561168 0.005196 0.002365 0.595711 1027.050049
-4.443697 -1.375114 1.552385 -0.056696 0.007924 0.556061 1027.280029
-4.581250 -1.523016 1.543012 -0.115187 -0.017737 0.521085 1027.540039
-4.767930 -1.609661 1.533058 -0.101697 -0.021604 0.494327 1027.819946
-4.967822 -1.632439 1.524007 -0.075349 -0.034620 0.485311 1028.069946
-5.174719 -1.625690 1.516178 -0.029474 -0.030295 0.487379 1028.300049
-5.382606 -1.613458 1.510935 0.002853 -0.039216 0.499632 1028.520020
-5.585406 -1.610806 1.508575 0.017175 -0.042005 0.519314 1028.729980
-5.790272 -1.623019 1.508476 0.018669 -0.040380 0.545709 1028.939941
-5.995646 -1.650031 1.510090 0.015345 -0.031688 0.577476 1029.150024
-6.197930 -1.688956 1.512447 0.029876 -0.019835 0.612949 1029.359985
-6.399747 -1.744362 1.514338 0.040821 -0.031501 0.652359 1029.579956
-6.591384 -1.820134 1.514529 0.038506 -0.033765 0.693977 1029.800049
-6.773850 -1.914537 1.512303 0.014741 -0.021894 0.736585 1030.020020
-6.950542 -2.016077 1.507367 -0.017740 -0.019751 0.778253 1030.239990
-7.129485 -2.113395 1.500205 -0.026778 -0.006934 0.818182 1030.459961
-7.311072 -2.200197 1.491275 -0.031231 -0.007279 0.856781 1030.680054
-7.496362 -2.275931 1.481049 -0.029886 -0.012333 0.893849 1030.900024
-7.685397 -2.344103 1.471752 -0.004056 -0.016612 0.928974 1031.119995
-7.879935 -2.417534 1.466796 0.014523 -0.036621 0.964148 1031.349976
-8.068065 -2.505376 1.468140 0.023357 -0.032586 0.998241 1031.579956
-8.246018 -2.608953 1.475175 0.016552 -0.032942 1.030951 1031.810059
-8.415964 -2.725389 1.486090 -0.002936 -0.026509 1.062750 1032.040039
-8.585283 -2.845662 1.494198 -0.041828 -0.007542 1.093659 1032.270020
-8.756721 -2.949800 1.494823 -0.052009 0.008643 1.121963 1032.489990
-8.938812 -3.035431 1.487298 -0.045753 0.015206 1.150112 1032.709961
-9.128228 -3.102344 1.471669 -0.045606 0.005742 1.178976 1032.930054
-9.325013 -3.155102 1.450999 -0.031518 0.014430 1.207406 1033.150024
-9.523883 -3.192999 1.431700 -0.037337 0.033941 1.236278 1033.369995
-9.724027 -3.208897 1.418154 -0.037390 0.037825 1.265983 1033.589966
-9.924824 -3.202303 1.411492 -0.026123 0.031334 1.296153 1033.810059
-10.123756 -3.178552 1.411808 -0.031350 0.020036 1.326822 1034.030029
-10.333586 -3.141601 1.418586 -0.035903 0.008513 1.359454 1034.260010
-10.529927 -3.102303 1.429164 -0.035390 0.001105 1.389743 1034.469971
-10.730902 -3.061718 1.441930 -0.009224 -0.004019 1.420214 1034.680054
-10.932585 -3.022864 1.454411 0.072318 -0.009839 1.450586 1034.900024
-11.132194 -2.987146 1.466467 0.125839 -0.011971 1.485798 1035.189941
-11.284093 -3.119650 1.490983 -0.056269 -0.104711 1.545291 1036.160034
-11.368687 -3.301627 1.503443 -0.050632 -0.080907 1.559888 1036.439941
-11.463137 -3.488059 1.515838 -0.038961 -0.056925 1.574541 1036.670044
-11.557496 -3.665997 1.527579 -0.032734 -0.029201 1.589935 1036.869995
-11.660667 -3.846847 1.538497 -0.048390 0.007350 1.607744 1037.069946
-11.777222 -4.017679 1.547342 -0.056613 0.028640 1.628111 1037.270020
-11.910205 -4.171462 1.553345 -0.053799 0.032467 1.651465 1037.469971
-12.058409 -4.307798 1.556435 -0.048554 0.024441 1.677650 1037.670044
-12.218365 -4.430146 1.557042 -0.025774 0.023272 1.705291 1037.869995
-12.390992 -4.544442 1.553985 -0.022446 0.027429 1.735956 1038.079956
-12.566579 -4.643775 1.546415 -0.025535 0.024370 1.768057 1038.290039
-12.753578 -4.734049 1.534305 -0.012884 0.017718 1.802334 1038.510010
-12.939585 -4.813479 1.518392 -0.021296 0.008816 1.837092 1038.729980
-13.125992 -4.887278 1.500340 -0.005595 0.004959 1.871872 1038.949951
-13.314901 -4.956485 1.483135 0.010161 0.047793 1.908677 1039.180054
-13.513745 -5.000165 1.469956 0.000298 0.080667 1.948238 1039.430054
-13.716708 -4.998207 1.463392 0.001411 0.067997 1.986350 1039.680054
-13.916137 -4.960825 1.462949 -0.013223 0.057882 2.022124 1039.920044
-14.115524 -4.902927 1.467069 -0.023473 0.038125 2.056023 1040.150024
-14.314935 -4.840123 1.475119 -0.041824 0.006857 2.088346 1040.369995
-14.513001 -4.788786 1.486428 -0.051601 -0.011651 2.119023 1040.579956
-14.717473 -4.755029 1.500574 -0.050933 -0.015870 2.149279 1040.790039
-14.916379 -4.740366 1.515791 -0.043655 -0.012086 2.177844 1040.989990
-15.117126 -4.739687 1.532013 -0.033641 -0.005286 2.206415 1041.189941
-15.317352 -4.748728 1.548056 -0.025038 -0.018215 2.235107 1041.390015
-15.521168 -4.771334 1.561712 -0.039002 -0.055286 2.265244 1041.599976
-15.721795 -4.823155 1.570134 -0.041700 -0.070419 2.296592 1041.819946
-15.905205 -4.907978 1.571700 -0.029365 -0.062077 2.327057 1042.040039
-16.077431 -5.023613 1.567076 -0.020360 -0.027432 2.358214 1042.270020
-16.239132 -5.148306 1.560094 0.001225 0.044359 2.389913 1042.500000
-16.415209 -5.255839 1.554618 0.011412 0.083746 2.423989 1042.739990
-16.611490 -5.323639 1.552673 0.007834 0.087946 2.458015 1042.979980
-16.811939 -5.352813 1.554232 0.001986 0.071754 2.489380 1043.199951
-17.017569 -5.359686 1.557895 -0.003987 0.039737 2.519487 1043.410034
-17.218134 -5.358482 1.561112 -0.027852 0.005509 2.548489 1043.609985
-17.427029 -5.365097 1.562360 -0.044328 -0.016061 2.579710 1043.819946
-17.629490 -5.389776 1.560444 -0.038448 -0.028878 2.610995 1044.030029
-17.829620 -5.435579 1.554750 -0.038354 -0.017773 2.642670 1044.250000
-18.020781 -5.498208 1.546149 -0.024685 -0.004043 2.674055 1044.469971
-18.214048 -5.569474 1.537664 0.030590 0.027206 2.706638 1044.699951
-18.411793 -5.619449 1.533507 0.061356 0.055642 2.740140 1044.939941
-18.611885 -5.625405 1.535022 0.060397 0.046897 2.769313 1045.180054
-18.813887 -5.590611 1.541728 0.043438 0.050169 2.795436 1045.420044
-19.011568 -5.529657 1.551353 0.024351 -0.000338 2.814276 1045.650024
-19.200325 -5.457652 1.561135 0.007343 -0.084458 2.829263 1045.890015
-19.385000 -5.375122 1.572040 -0.007299 -0.136189 2.845595 1046.270020
-19.225574 -5.251966 1.581289 0.106746 -0.059441 2.843923 1046.979980
-19.053642 -5.133535 1.582244 0.077286 -0.037853 2.827730 1047.229980
-18.889153 -5.010775 1.582614 0.038120 -0.015601 2.808764 1047.439941
-18.728247 -4.886337 1.582953 0.025492 -0.009185 2.785790 1047.640015
-18.568054 -4.760257 1.583894 0.000894 -0.017071 2.759584 1047.839966
-18.400356 -4.637395 1.587580 -0.033832 -0.049999 2.730119 1048.050049
-18.219021 -4.537636 1.595712 -0.049230 -0.064702 2.696732 1048.270020
-18.021799 -4.473899 1.608264 -0.045771 -0.055001 2.659126 1048.500000
-17.820225 -4.446672 1.624675 -0.021252 -0.051840 2.621213 1048.729980
-17.613346 -4.442418 1.641469 0.012359 -0.015687 2.582697 1048.959961
-17.406885 -4.436938 1.651212 0.055758 0.021631 2.545607 1049.189941
-17.204954 -4.404809 1.650512 0.056080 0.040338 2.509555 1049.420044
-17.012289 -4.340456 1.638808 0.054543 0.036384 2.473113 1049.650024
-16.827084 -4.247590 1.617374 0.048065 0.022304 2.436892 1049.880005
-16.653482 -4.140585 1.591047 0.017990 0.002235 2.403511 1050.099976
-16.482866 -4.031534 1.562096 0.015054 -0.026259 2.371135 1050.319946
-16.307812 -3.931000 1.532718 0.018489 -0.039710 2.339304 1050.540039
-16.123192 -3.842526 1.504088 0.021252 -0.039312 2.307796 1050.760010
-15.937632 -3.768533 1.478206 0.019766 -0.030708 2.277991 1050.969971
-15.747013 -3.702788 1.454152 0.007395 -0.016715 2.248521 1051.180054
-15.548985 -3.640747 1.430646 0.014274 -0.009495 2.217778 1051.400024
-15.354002 -3.581436 1.411487 0.013482 0.006562 2.187302 1051.619995
-15.156286 -3.515514 1.401787 0.030049 0.019659 2.155412 1051.849976
-14.962810 -3.437322 1.404279 0.019730 0.021483 2.123537 1052.079956
-14.775772 -3.348081 1.417547 0.023278 0.017805 2.091629 1052.310059
-14.592790 -3.249761 1.439435 0.024116 0.011401 2.059595 1052.540039
-14.419565 -3.150452 1.465396 0.017606 0.005349 2.029073 1052.760010
-14.248549 -3.050039 1.493610 0.023875 -0.000514 1.998556 1052.979980
-14.075856 -2.951182 1.517949 0.029409 -0.023300 1.967855 1053.199951
-13.895576 -2.861532 1.532735 0.034868 -0.037864 1.937058 1053.420044
-13.703958 -2.786301 1.535922 0.036217 -0.037263 1.906275 1053.640015
-13.510773 -2.727694 1.528685 0.033245 -0.028491 1.876725 1053.849976
-13.310691 -2.679063 1.513443 0.016174 -0.017205 1.846984 1054.060059
-13.111180 -2.637659 1.492642 0.013935 -0.007028 1.817083 1054.270020
-12.915540 -2.600204 1.469669 0.003060 -0.013140 1.787452 1054.479980
-12.717359 -2.569783 1.449002 0.002586 -0.049869 1.757203 1054.699951
-12.514994 -2.563190 1.435504 0.011550 -0.067006 1.725513 1054.930054
-12.312469 -2.589233 1.431498 0.021139 -0.062358 1.693668 1055.160034
-12.104391 -2.577211 1.434785 0.021513 -0.046170 1.313540 1055.400024
-11.899696 -2.572581 1.447961 0.021447 -0.120869 0.862786 1055.650024
-11.693879 -2.574996 1.460065 0.025755 -0.097241 0.351777 1055.939941
-11.540648 -2.702042 1.489811 0.059222 0.054900 -0.316434 1056.819946
-11.492613 -2.896845 1.487636 -0.031727 0.129824 -0.329598 1057.260010
-11.345163 -3.035385 1.484954 -0.028606 0.092452 -0.285703 1057.540039
-11.175610 -3.142102 1.483647 -0.012169 0.059530 -0.236245 1057.770020
-10.992450 -3.239982 1.483238 0.000781 0.033831 -0.185962 1057.989990
-10.811190 -3.331878 1.483819 0.013276 0.029146 -0.140826 1058.199951
-10.627735 -3.426119 1.484988 0.017145 0.014064 -0.102220 1058.410034
-10.447948 -3.524060 1.486706 0.029991 0.001674 -0.072391 1058.619995
-10.276690 -3.629780 1.489234 0.039759 0.002381 -0.052775 1058.829956
-10.113525 -3.746923 1.492530 0.040300 0.006061 -0.042307 1059.040039
-9.956392 -3.875366 1.496460 0.034724 0.009960 -0.037773 1059.250000
-9.803676 -4.011662 1.500490 -0.004863 0.002679 -0.036628 1059.459961
-9.649616 -4.141587 1.502388 -0.114738 0.005744 -0.036191 1059.680054
-9.464626 -4.220620 1.498635 -0.164612 0.008971 -0.031441 1059.949951
-9.268724 -4.179476 1.484940 -0.132194 0.010231 -0.019654 1060.239990
-9.102135 -4.061561 1.467111 -0.084601 0.015861 -0.004770 1060.489990
-8.956376 -3.922148 1.449910 -0.006006 0.008692 0.011819 1060.709961
-8.805185 -3.781581 1.436261 0.074384 0.042169 0.027714 1060.939941
-8.625143 -3.677796 1.429673 0.100882 0.058669 0.039699 1061.189941
-8.427410 -3.638279 1.430748 0.086972 0.057474 0.046500 1061.430054
-8.226287 -3.644195 1.435738 0.039403 0.045748 0.051913 1061.650024
-8.022988 -3.665769 1.441626 -0.015040 0.036343 0.059506 1061.859985
-7.814573 -3.679967 1.447206 -0.044997 0.029401 0.070398 1062.069946
-7.605169 -3.674456 1.451321 -0.052112 0.024723 0.084726 1062.280029
-7.397359 -3.646957 1.453283 -0.044505 0.019000 0.102517 1062.489990
-7.194291 -3.601610 1.453615 -0.031955 0.004347 0.123658 1062.699951
-7.000030 -3.544621 1.453936 -0.022297 0.011665 0.146835 1062.910034
-6.802806 -3.477084 1.455565 -0.013923 0.023518 0.173792 1063.130005
-6.606318 -3.404701 1.459238 -0.007476 0.030346 0.202760 1063.349976
-6.416246 -3.333217 1.464571 -0.002525 0.024307 0.231309 1063.560059
-6.226366 -3.261781 1.470882 -0.011821 0.002424 0.259948 1063.770020
-6.037872 -3.183294 1.478120 -0.060680 -0.007691 0.290437 1063.989990
-5.862857 -3.078557 1.486139 -0.084790 -0.011039 0.323577 1064.219971
-5.715833 -2.942236 1.493617 -0.071823 -0.014737 0.357442 1064.449951
-5.595333 -2.781217 1.500731 -0.058449 0.004500 0.389776 1064.680054
-5.490537 -2.601176 1.507538 -0.022757 0.017700 0.421414 1064.910034
-5.391362 -2.426037 1.511595 0.054727 0.032955 0.447625 1065.130005
-5.267148 -2.268499 1.512132 0.098414 0.042846 0.466938 1065.359985
-5.102722 -2.148618 1.507796 0.094270 0.030357 0.474576 1065.599976
-4.908827 -2.072527 1.498604 0.069983 0.033102 0.472831 1065.839966
-4.712699 -2.029762 1.487332 0.022975 0.004003 0.461452 1066.060059
-4.511618 -1.993578 1.476392 -0.069155 -0.003545 0.447050 1066.290039
-4.322875 -1.922499 1.469330 -0.111039 0.001448 0.433015 1066.540039
-4.166413 -1.791266 1.467426 -0.096479 0.000879 0.424079 1066.800049
-4.052401 -1.626048 1.470337 -0.071634 0.011221 0.421268 1067.040039
-3.960957 -1.443061 1.475311 -0.005795 -0.033920 0.426888 1067.270020
-3.883880 -1.254568 1.481121 0.057377 -0.079078 0.434505 1067.530029
-3.798806 -1.072708 1.499126 0.011542 0.121118 0.468721 1068.369995
-3.609900 -0.995360 1.527140 -0.001135 0.123166 0.472292 1068.780029
-3.423584 -0.910988 1.548779 -0.003823 0.077773 0.472243 1069.020020
-3.237039 -0.822810 1.569070 -0.004509 0.039747 0.472579 1069.229980
-3.054603 -0.733328 1.588386 -0.024725 0.015282 0.474727 1069.430054
-2.879425 -0.636362 1.606155 -0.056837 0.006493 0.480048 1069.630005
-2.712263 -0.517993 1.622175 -0.064933 -0.003800 0.490375 1069.839966
-2.560639 -0.375670 1.635380 -0.054588 -0.007305 0.505298 1070.060059
-2.431277 -0.219982 1.645514 -0.042433 0.008108 0.523590 1070.280029
-2.298788 -0.068827 1.660774 -0.069029 0.011853 0.446097 1070.530029
-2.127117 0.041280 1.671512 -0.111141 0.061043 -0.035687 1070.859985
-1.958701 0.149891 1.663069 0.008105 0.047079 -0.512076 1071.160034
-1.754053 0.164080 1.666512 -0.114543 0.122214 -1.118420 1071.530029
-1.559966 0.091675 1.661016 -0.283855 -0.037510 -1.513153 1071.829956
-1.361565 0.045266 1.636881 -0.246381 -0.253848 -1.909079 1072.060059
-1.153991 0.048986 1.601159 -0.016659 -0.362308 -2.440919 1072.250000
-0.958909 0.098592 1.563269 0.157842 -0.323389 -2.784624 1072.390015
-0.761339 0.176616 1.516113 0.237829 -0.263150 -3.017193 1072.510010
-0.578145 0.266788 1.466227 0.261813 -0.221965 3.101006 1072.609985
-0.399250 0.365890 1.413637 0.257598 -0.203559 2.965594 1072.699951
-0.228422 0.466006 1.361634 0.237177 -0.205722 2.851790 1072.780029
-0.045315 0.574371 1.305762 0.201945 -0.226430 2.742653 1072.859985
0.126129 0.672690 1.254883 0.159806 -0.259328 2.650776 1072.930054
0.309079 0.770394 1.203397 0.107182 -0.304780 2.562669 1073.000000
0.504274 0.862772 1.152607 0.042836 -0.360385 2.478980 1073.069946
0.711811 0.944082 1.103624 -0.035352 -0.422565 2.400397 1073.140015
0.930654 1.007659 1.057115 -0.129494 -0.486450 2.327208 1073.209961
1.125224 1.042571 1.019191 -0.224442 -0.537618 2.268029 1073.270020
1.323140 1.054619 0.982523 -0.331965 -0.580169 2.209668 1073.329956
1.520019 1.039835 0.946049 -0.449662 -0.608513 2.146955 1073.390015
1.740524 0.984919 0.901839 -0.590213 -0.617333 2.056919 1073.459961
1.940030 0.887921 0.853721 -0.714139 -0.596133 1.933448 1073.530029
2.105658 0.751790 0.799888 -0.801130 -0.546727 1.767720 1073.599976
2.225322 0.584753 0.739922 -0.838783 -0.475185 1.566053 1073.670044
2.290644 0.399741 0.675297 -0.828235 -0.389122 1.347941 1073.739990
2.295740 0.185717 0.600298 -0.769523 -0.282791 1.106817 1073.819946
2.232843 -0.011255 0.531067 -0.679006 -0.178486 0.896432 1073.900024
2.115800 -0.176835 0.475166 -0.574177 -0.085689 0.725586 1073.979980
1.961584 -0.304691 0.438491 -0.468336 -0.010127 0.591738 1074.060059
1.763532 -0.404056 0.424049 -0.359787 0.054004 0.475096 1074.150024
1.556723 -0.462534 0.438393 -0.269668 0.101081 0.382722 1074.239990
1.353658 -0.488491 0.478868 -0.199156 0.138372 0.305977 1074.329956
1.162466 -0.489856 0.541018 -0.145102 0.171035 0.240283 1074.420044
0.970218 -0.470573 0.629161 -0.098841 0.203169 0.177902 1074.520020
0.788178 -0.432435 0.741084 -0.059148 0.230959 0.120810 1074.630005
0.627785 -0.379211 0.871270 -0.025212 0.248276 0.070946 1074.750000
0.499157 -0.316229 1.011448 0.003104 0.248973 0.029778 1074.880005
0.400407 -0.240615 1.170400 0.028599 0.224561 -0.005360 1075.040039
0.348888 -0.149753 1.342090 0.111637 0.131498 -0.038051 1075.270020
0.271059 -0.279584 1.479293 0.069204 -0.094900 -0.105434 1076.060059
0.134594 -0.430900 1.471088 0.038690 -0.067502 -0.110402 1076.339966
-0.010840 -0.567484 1.456203 0.029952 -0.015482 -0.115780 1076.569946
-0.159414 -0.711902 1.443230 0.048937 0.008687 -0.124746 1076.800049
-0.292828 -0.864397 1.436197 0.035427 0.021473 -0.136587 1077.020020
-0.412478 -1.027594 1.435300 0.036054 0.017829 -0.152764 1077.239990
-0.520454 -1.200128 1.440475 0.031140 0.003278 -0.173135 1077.459961
-0.625598 -1.375745 1.449015 -0.021001 -0.054957 -0.196855 1077.680054
-0.753747 -1.534512 1.458546 -0.064543 -0.097956 -0.223403 1077.910034
-0.922700 -1.647430 1.466178 -0.067790 -0.104943 -0.256103 1078.150024
-1.118459 -1.703321 1.469760 -0.047792 -0.087967 -0.291470 1078.380005
-1.318183 -1.720267 1.469927 -0.031531 -0.047588 -0.325662 1078.589966
-1.524059 -1.717435 1.467977 -0.009250 -0.028953 -0.359214 1078.800049
-1.730131 -1.706507 1.464879 0.007765 -0.016032 -0.392415 1079.010010
-1.933477 -1.696918 1.462652 0.029150 0.003466 -0.425245 1079.219971
-2.140609 -1.699972 1.463853 0.049180 0.007089 -0.459354 1079.439941
-2.343084 -1.723748 1.469183 0.037756 0.016304 -0.492197 1079.660034
-2.546693 -1.767887 1.479059 0.037115 0.005144 -0.526671 1079.890015
-2.746265 -1.827039 1.492752 0.025908 -0.001480 -0.560325 1080.119995
-2.943197 -1.894081 1.509060 0.019078 -0.008211 -0.593187 1080.349976
-3.138688 -1.963475 1.527117 0.020955 -0.016500 -0.625704 1080.579956
-3.335015 -2.032114 1.544407 -0.000985 -0.016736 -0.657262 1080.810059
-3.528841 -2.091687 1.555302 -0.004782 -0.040594 -0.688180 1081.040039
-3.726233 -2.134081 1.556551 0.002180 -0.053733 -0.719150 1081.270020
-3.933510 -2.157901 1.547918 0.010743 -0.052175 -0.750412 1081.500000
-4.142190 -2.166683 1.531929 0.010014 -0.036213 -0.780400 1081.719971
-4.345168 -2.166742 1.511912 0.003803 -0.016321 -0.809008 1081.930054
-4.544049 -2.163140 1.489887 0.007629 0.009341 -0.837799 1082.140015
-4.751039 -2.167057 1.467969 0.037369 0.047919 -0.869423 1082.369995
-4.954484 -2.202653 1.450818 0.047011 0.058555 -0.902644 1082.609985
-5.146800 -2.276730 1.439948 0.037813 0.048590 -0.936487 1082.849976
-5.322586 -2.376230 1.435117 0.041679 0.031862 -0.969404 1083.079956
-5.488379 -2.489418 1.434411 0.020877 0.017165 -1.000752 1083.300049
-5.649386 -2.610473 1.437401 0.015369 0.032895 -1.031962 1083.520020
-5.800700 -2.742249 1.444485 0.015895 0.049426 -1.063629 1083.739990
-5.939268 -2.889464 1.454790 0.001995 0.040737 -1.095546 1083.959961
-6.063743 -3.047439 1.467479 0.009471 0.037024 -1.127425 1084.180054
-6.178376 -3.214443 1.481705 0.006240 0.022273 -1.159382 1084.400024
-6.288361 -3.388021 1.495297 -0.053414 -0.032383 -1.189850 1084.630005
-6.393735 -3.561596 1.508597 -0.110634 -0.084854 -1.221099 1084.930054
-6.561701 -3.678069 1.524864 0.137941 0.014448 -1.282772 1085.869995
-6.749206 -3.747080 1.534339 0.108800 0.015657 -1.298895 1086.150024
-6.942198 -3.821846 1.542850 0.072418 0.013649 -1.314560 1086.369995
-7.136339 -3.899575 1.550739 0.040168 0.016862 -1.331089 1086.569946
-7.325485 -3.979445 1.558003 0.023728 0.020807 -1.349313 1086.760010
-7.512424 -4.064233 1.564566 -0.001610 0.014694 -1.369915 1086.949951
-7.699253 -4.154979 1.570230 -0.007853 0.011312 -1.393620 1087.150024
-7.882706 -4.249985 1.575045 0.004064 0.011948 -1.420731 1087.359985
-8.065368 -4.349403 1.579057 -0.000926 -0.002757 -1.450707 1087.579956
-8.247662 -4.445530 1.581763 0.018502 -0.037572 -1.482954 1087.810059
-8.439330 -4.521863 1.582712 0.036901 -0.054889 -1.518130 1088.050049
-8.640119 -4.565922 1.581662 0.029925 -0.048545 -1.553551 1088.290039
-8.847499 -4.581760 1.578762 0.040599 -0.030193 -1.588938 1088.530029
-9.055525 -4.579996 1.574847 0.043506 -0.013041 -1.622983 1088.760010
-9.264132 -4.570926 1.570410 0.035436 -0.001072 -1.655834 1088.979980
-9.468213 -4.561026 1.565617 0.019153 0.012111 -1.687283 1089.189941
-9.671557 -4.555627 1.560440 0.018753 0.024446 -1.718771 1089.400024
-9.873753 -4.559084 1.555175 0.006624 0.022657 -1.750170 1089.609985
-10.080841 -4.572084 1.549690 0.005103 0.020900 -1.782706 1089.829956
-10.280519 -4.595027 1.541335 -0.025229 0.049248 -1.815361 1090.050049
-10.480916 -4.647258 1.523190 -0.046291 0.083456 -1.851532 1090.290039
-10.658308 -4.743566 1.494329 -0.050485 0.063541 -1.884588 1090.530029
-10.812238 -4.874224 1.460654 -0.003654 0.022132 -1.915866 1090.770020
-10.960201 -5.009868 1.436493 0.057834 -0.012212 -1.949101 1091.010010
-11.132283 -5.124700 1.428617 0.067000 -0.030734 -1.984781 1091.260010
-11.325165 -5.200705 1.438487 0.065681 -0.019519 -2.018608 1091.510010
-11.528327 -5.243224 1.461636 0.044895 -0.009101 -2.051112 1091.750000
-11.730453 -5.268365 1.489140 -0.011439 0.024052 -2.081808 1091.979980
-11.931482 -5.308096 1.514602 -0.062651 0.070212 -2.115062 1092.219971
-12.112560 -5.393086 1.531349 -0.073467 0.078678 -2.146276 1092.459961
-12.267510 -5.522753 1.537144 -0.049733 0.061544 -2.174160 1092.689941
-12.406423 -5.674933 1.534522 0.029356 0.018264 -2.200797 1092.910034
-12.553443 -5.819343 1.527832 0.086880 -0.008278 -2.230926 1093.130005
-12.721418 -5.930329 1.519230 0.100711 -0.015413 -2.262004 1093.349976
-12.911835 -6.001448 1.509780 0.087166 -0.010145 -2.292951 1093.569946
-13.109833 -6.037948 1.500900 0.062929 -0.002279 -2.322837 1093.780029
-13.317161 -6.053452 1.494479 0.045224 0.003585 -2.353227 1093.989990
-13.518932 -6.055628 1.492990 0.033568 0.007104 -2.382630 1094.189941
-13.721871 -6.050089 1.496526 0.014165 -0.000919 -2.412325 1094.390015
-13.929256 -6.039903 1.505006 0.007031 0.002024 -2.440590 1094.599976
-14.129403 -6.028391 1.517509 0.000846 0.010357 -2.463194 1094.810059
-14.331413 -6.021895 1.530648 -0.056604 0.029147 -2.479626 1095.030029
-14.534604 -6.047847 1.539673 -0.096329 0.051927 -2.487419 1095.270020
-14.717432 -6.128936 1.539962 -0.093118 0.055725 -2.482139 1095.510010
-14.876655 -6.256483 1.531804 -0.067782 0.050886 -2.466523 1095.739990
-15.018063 -6.410183 1.518069 -0.034171 -0.011662 -2.441956 1095.959961
-15.142457 -6.570789 1.501904 -0.001029 -0.091091 -2.413892 1096.189941
-15.254508 -6.738777 1.481523 0.023995 -0.124117 -2.373582 1096.540039
-15.386629 -6.895456 1.498199 0.003701 0.132698 -2.322519 1097.439941
-15.532621 -7.041607 1.527901 0.001030 0.097685 -2.318911 1097.719971
-15.677167 -7.188047 1.554595 -0.000309 0.053881 -2.319262 1097.939941
-15.817697 -7.331540 1.580183 -0.000705 0.033264 -2.323069 1098.140015
-15.960552 -7.476455 1.604611 0.038072 -0.007328 -2.330811 1098.339966
-16.113415 -7.607232 1.624746 0.109642 -0.054564 -2.346174 1098.550049
-16.299122 -7.691477 1.637472 0.136181 -0.071042 -2.369411 1098.790039
-16.506710 -7.692326 1.637582 0.115528 -0.055691 -2.396568 1099.040039
-16.698036 -7.633214 1.628779 0.077563 -0.033564 -2.424272 1099.260010
-16.882708 -7.544830 1.615523 0.039782 -0.014795 -2.454309 1099.469971
-17.064817 -7.443350 1.599788 0.024923 0.006508 -2.486484 1099.680054
-17.246311 -7.339853 1.583247 0.009564 0.014552 -2.520358 1099.890015
-17.426699 -7.241586 1.567245 -0.000366 0.024305 -2.555123 1100.099976
-17.607012 -7.153523 1.552611 0.002199 0.033822 -2.590241 1100.310059
-17.798538 -7.073160 1.539356 -0.006010 0.021664 -2.626705 1100.530029
-17.989071 -7.003828 1.528145 0.005333 0.025569 -2.662770 1100.750000
-18.181271 -6.941329 1.518613 0.014963 0.026788 -2.697915 1100.969971
-18.377689 -6.881193 1.510367 0.014786 0.022680 -2.729267 1101.189941
-18.575386 -6.825227 1.507275 -0.053629 0.024286 -2.753864 1101.410034
-18.780994 -6.799644 1.516696 -0.114825 0.033979 -2.770285 1101.650024
-18.977230 -6.843680 1.542272 -0.118284 0.034398 -2.773332 1101.900024
-19.147697 -6.952421 1.576679 -0.100154 0.011448 -2.761901 1102.140015
-19.288969 -7.102134 1.607088 -0.093876 -0.000589 -2.742490 1102.369995
-19.400309 -7.277738 1.626776 -0.075636 -0.001404 -2.717020 1102.589966
-19.487888 -7.466268 1.634680 -0.054540 0.004131 -2.687359 1102.800049
-19.559464 -7.656929 1.632868 -0.031660 0.005188 -2.654830 1103.000000
-19.623608 -7.849881 1.623788 -0.008515 -0.000732 -2.619494 1103.199951
-19.686119 -8.046326 1.609357 0.003862 0.010723 -2.580930 1103.410034
-19.753765 -8.243164 1.595471 0.015049 0.029070 -2.539539 1103.630005
-19.832743 -8.432133 1.587571 0.015777 0.042056 -2.498130 1103.849976
-19.927269 -8.616961 1.587628 0.011875 0.041112 -2.457463 1104.069946
-20.030209 -8.791866 1.594834 0.006707 0.034931 -2.419545 1104.280029
-20.141424 -8.966146 1.607974 0.001026 0.032198 -2.382561 1104.489990
-20.256912 -9.140577 1.625100 -0.013111 0.015244 -2.346744 1104.699951
-20.366863 -9.315554 1.644401 -0.046577 0.000877 -2.311819 1104.910034
-20.457891 -9.495456 1.664579 -0.061400 -0.005246 -2.277514 1105.119995
-20.526316 -9.689704 1.685017 -0.052077 -0.013307 -2.242481 1105.339966
-20.569113 -9.885236 1.704238 -0.044579 0.004291 -2.210127 1105.560059
-20.594341 -10.084630 1.722616 -0.033764 0.019112 -2.179436 1105.780029
-20.610220 -10.288824 1.738156 -0.001261 -0.020391 -2.152478 1106.000000
-20.619534 -10.490669 1.738034 0.077224 -0.173133 -2.137360 1106.250000
-20.550711 -10.394417 1.576375 0.055450 -0.126165 -2.145436 1106.979980
-20.508862 -10.214547 1.497514 0.030748 -0.064895 -2.162573 1107.189941
-20.468685 -10.032404 1.421586 0.020681 -0.036626 -2.184512 1107.380005
-20.428764 -9.843954 1.344180 0.005514 -0.006387 -2.210234 1107.569946
-20.389174 -9.653316 1.269529 -0.030872 0.058642 -2.240447 1107.770020
-20.349512 -9.464381 1.196210 -0.053722 0.100118 -2.279536 1108.020020
-20.149273 -9.453140 1.193922 -0.105329 -0.050521 -2.315487 1109.000000
-19.980299 -9.550811 1.243213 -0.073408 -0.040462 -2.299130 1109.239990
-19.802597 -9.640508 1.291966 -0.037564 -0.024035 -2.277350 1109.449951
-19.623055 -9.724740 1.340446 -0.026192 -0.011822 -2.250711 1109.650024
-19.440948 -9.807818 1.389381 -0.022978 -0.004694 -2.219681 1109.849976
-19.259005 -9.890909 1.437673 -0.021869 -0.001437 -2.185354 1110.050049
-19.078976 -9.974724 1.483678 -0.006639 0.025981 -2.148764 1110.250000
-18.903704 -10.070075 1.526213 0.021442 0.090034 -2.107361 1110.459961
-18.751188 -10.200782 1.563539 0.030897 0.123632 -2.060520 1110.689941
-18.648067 -10.370257 1.590494 0.026078 0.112424 -2.015114 1110.920044
-18.587982 -10.565659 1.608241 0.018517 0.078773 -1.973040 1111.140015
-18.554281 -10.770419 1.619997 0.013539 0.039213 -1.934275 1111.349976
-18.534338 -10.969467 1.628375 0.003253 0.018658 -1.898339 1111.550049
-18.517673 -11.175565 1.632865 -0.017291 0.003641 -1.862148 1111.760010
-18.495630 -11.375615 1.630876 -0.036866 0.004542 -1.827485 1111.969971
-18.458801 -11.580820 1.621406 -0.041775 0.007687 -1.792626 1112.189941
-18.409056 -11.774108 1.606156 -0.037830 0.013529 -1.760724 1112.400024
-18.347450 -11.966354 1.586464 -0.025323 0.010003 -1.729581 1112.609985
-18.279200 -12.154597 1.564410 -0.007163 -0.004909 -1.699685 1112.819946
-18.207335 -12.341768 1.541512 -0.004041 0.011235 -1.669940 1113.040039
-18.134518 -12.532859 1.519868 -0.003320 0.021118 -1.639721 1113.270020
-18.064699 -12.723909 1.501588 -0.000452 0.015917 -1.610279 1113.500000
-17.998915 -12.912894 1.487617 0.004166 0.017938 -1.581533 1113.729980
-17.936171 -13.109760 1.478992 0.004614 0.034445 -1.551814 1113.969971
-17.879253 -13.312872 1.476389 0.004885 0.024029 -1.522372 1114.209961
-17.829395 -13.510742 1.478181 0.002031 0.030544 -1.493972 1114.439941
-17.782074 -13.713105 1.482890 -0.002814 0.024829 -1.465221 1114.670044
-17.735548 -13.908356 1.490691 -0.027711 0.017435 -1.437268 1114.890015
-17.677984 -14.100115 1.502801 -0.043338 0.016663 -1.408482 1115.109985
-17.603174 -14.285747 1.518817 -0.039755 0.006782 -1.379641 1115.329956
-17.508795 -14.470231 1.538969 -0.033232 0.015643 -1.354558 1115.560059
-17.402559 -14.648909 1.560339 0.002946 0.021351 -1.336635 1115.790039
-17.301252 -14.829443 1.578623 0.052184 0.031424 -1.327781 1116.020020
-17.225641 -15.020924 1.591435 0.066575 0.021490 -1.330048 1116.250000
-17.182835 -15.221033 1.597859 0.057683 0.020406 -1.341072 1116.479980
-17.167759 -15.427019 1.598765 0.039976 0.023738 -1.360081 1116.709961
-17.170425 -15.627803 1.595698 0.026892 0.011965 -1.385179 1116.930054
-17.185686 -15.835992 1.589832 0.032650 0.018202 -1.416220 1117.160034
-17.213190 -16.035397 1.583116 0.034553 0.024997 -1.450171 1117.380005
-17.253534 -16.237856 1.576015 0.029611 0.028200 -1.487273 1117.599976
-17.301794 -16.434563 1.569320 0.021434 0.027735 -1.524601 1117.810059
-17.358683 -16.642229 1.562654 0.009497 0.010529 -1.564676 1118.030029
-17.414646 -16.836260 1.556617 0.004159 0.016443 -1.602585 1118.239990
-17.472403 -17.035835 1.550882 -0.002332 -0.008052 -1.641460 1118.459961
-17.529680 -17.234533 1.545384 -0.013661 -0.084096 -1.679996 1118.699951
-17.586630 -17.426657 1.544429 0.008191 -0.206155 -1.727301 1119.089966
-17.656984 -17.235649 1.556005 0.071410 -0.111048 -1.758761 1119.640015
-17.723587 -17.040020 1.563612 0.047333 -0.067338 -1.768143 1119.869995
-17.792622 -16.846422 1.571509 0.023100 -0.029413 -1.777130 1120.069946
-17.861538 -16.657867 1.580087 0.014970 -0.018057 -1.787711 1120.260010
-17.930887 -16.470337 1.588767 -0.000507 -0.016006 -1.799969 1120.449951
-17.998516 -16.275709 1.595651 -0.025979 -0.027798 -1.815003 1120.650024
-18.051380 -16.082180 1.598710 -0.038799 -0.033422 -1.832828 1120.849976
-18.085878 -15.880556 1.597467 -0.040861 -0.020360 -1.854882 1121.060059
-18.100548 -15.675132 1.591284 -0.025390 -0.027754 -1.879780 1121.280029
-18.099522 -15.471554 1.581064 -0.010016 -0.033006 -1.906664 1121.500000
-18.087460 -15.266722 1.568399 -0.040819 -0.025893 -1.932248 1121.719971
-18.053839 -15.067669 1.554627 -0.082695 -0.024895 -1.953415 1121.939941
-17.979742 -14.874270 1.539825 -0.084277 -0.011912 -1.970226 1122.170044
-17.867987 -14.701017 1.524979 -0.069853 -0.014985 -1.977255 1122.400024
-17.733763 -14.550561 1.511409 -0.046183 -0.016083 -1.975478 1122.619995
-17.583719 -14.409288 1.501121 -0.020983 -0.017115 -1.965705 1122.839966
-17.428635 -14.271521 1.497026 -0.007607 -0.025925 -1.948136 1123.060059
-17.274481 -14.131962 1.499301 0.005921 -0.015408 -1.924368 1123.280029
-17.127190 -13.991165 1.507268 0.001874 -0.023230 -1.895400 1123.500000
-16.984919 -13.847136 1.519651 0.003863 -0.024829 -1.862361 1123.719971
-16.849792 -13.697986 1.533532 0.040831 -0.033990 -1.826634 1123.939941
-16.730640 -13.528790 1.546747 0.064300 -0.045752 -1.786955 1124.170044
-16.643854 -13.341366 1.556492 0.060778 -0.028174 -1.744222 1124.400024
-16.588367 -13.143291 1.562269 0.038564 -0.034509 -1.702862 1124.630005
-16.550653 -12.937861 1.564315 -0.030191 -0.012270 -1.661262 1124.859985
-16.500061 -12.738309 1.563678 -0.085087 0.014014 -1.622627 1125.089966
-16.411224 -12.557589 1.560915 -0.098711 0.020905 -1.585050 1125.319946
-16.278570 -12.397325 1.556533 -0.086189 0.016116 -1.547964 1125.550049
-16.126110 -12.265128 1.551457 -0.047168 0.017187 -1.515764 1125.760010
-15.961005 -12.144953 1.543914 -0.004527 0.002215 -1.484789 1125.969971
-15.793615 -12.025339 1.530223 0.007575 -0.031431 -1.453761 1126.189941
-15.639480 -11.898728 1.509471 0.014294 -0.046032 -1.423362 1126.410034
-15.498180 -11.751444 1.486504 0.037852 -0.065651 -1.392504 1126.640015
-15.388577 -11.583048 1.469280 0.044789 -0.074723 -1.361473 1126.869995
-15.314737 -11.392685 1.460373 0.039660 -0.054974 -1.329296 1127.099976
-15.270913 -11.189304 1.460353 0.020187 -0.044769 -1.297862 1127.329956
-15.246654 -10.987293 1.467547 0.014267 -0.013332 -1.268138 1127.550049
-15.231844 -10.785800 1.478187 0.037981 0.064852 -1.237303 1127.780029
-15.223905 -10.585953 1.491548 0.045609 0.099844 -1.200642 1128.099976
-15.273341 -10.392876 1.517982 -0.007606 -0.115693 -1.150269 1129.010010
-15.351393 -10.205705 1.532824 -0.011370 -0.103163 -1.132360 1129.329956
-15.427549 -10.012245 1.544410 -0.007896 -0.057891 -1.116212 1129.569946
-15.499439 -9.825376 1.554204 -0.005900 -0.028264 -1.099461 1129.780029
-15.571352 -9.634899 1.562704 -0.007023 -0.023709 -1.080072 1129.989990
-15.641982 -9.443352 1.569185 -0.006435 -0.021436 -1.058183 1130.199951
-15.710979 -9.252848 1.573353 -0.002063 -0.005419 -1.034294 1130.410034
-15.780458 -9.059358 1.575421 -0.005684 -0.018431 -1.007030 1130.630005
-15.848703 -8.867452 1.575775 -0.007361 -0.027654 -0.977817 1130.849976
-15.917300 -8.673700 1.575154 -0.014358 -0.007793 -0.947207 1131.069946
-15.977376 -8.482263 1.574814 -0.058269 0.025946 -0.916081 1131.290039
-16.007574 -8.276233 1.575768 -0.079234 0.039111 -0.881676 1131.530029
-15.990318 -8.071084 1.578137 -0.066137 0.036104 -0.846422 1131.770020
-15.936588 -7.875717 1.581977 -0.060633 0.018268 -0.811583 1132.000000
-15.861019 -7.685401 1.587022 -0.048305 0.004394 -0.778295 1132.219971
-15.775677 -7.499580 1.592312 -0.039122 0.007861 -0.746872 1132.430054
-15.680662 -7.312722 1.597022 -0.036159 0.012464 -0.715096 1132.640015
-15.581793 -7.135874 1.600359 -0.027516 0.012593 -0.684536 1132.839966
-15.477070 -6.961940 1.602327 -0.023212 0.009965 -0.653799 1133.040039
-15.368782 -6.791311 1.603119 -0.014229 0.006338 -0.623054 1133.239990
-15.255462 -6.617873 1.602482 0.011984 -0.010243 -0.591616 1133.449951
-15.151044 -6.445580 1.598343 0.025976 -0.069466 -0.561227 1133.670044
-15.078444 -6.251901 1.587641 0.025273 -0.100397 -0.526772 1133.920044
-15.067304 -6.045701 1.569692 0.015020 -0.086249 -0.490550 1134.180054
-15.106424 -5.843044 1.547993 -0.001466 -0.035289 -0.456146 1134.430054
-15.156780 -5.649545 1.529383 -0.035696 0.061295 -0.424110 1134.670044
-15.166085 -5.446780 1.517992 -0.057537 0.104236 -0.389907 1134.930054
-15.104378 -5.255116 1.516013 -0.056149 0.095860 -0.354773 1135.180054
-14.992792 -5.078400 1.520538 -0.045244 0.069393 -0.321156 1135.410034
-14.861027 -4.916167 1.527178 -0.028572 0.016070 -0.290077 1135.619995
-14.731998 -4.759679 1.531633 -0.027818 -0.047221 -0.260790 1135.819946
-14.617818 -4.587473 1.531805 -0.031572 -0.080398 -0.230260 1136.030029
-14.537796 -4.403693 1.525766 -0.031217 -0.081250 -0.199877 1136.239990
-14.491637 -4.209400 1.513354 -0.030960 -0.063730 -0.169556 1136.449951
-14.471671 -4.008343 1.496212 -0.014112 -0.039310 -0.139232 1136.660034
-14.468485 -3.808108 1.477051 -0.012370 -0.028930 -0.108909 1136.869995
-14.478539 -3.601340 1.460326 -0.020247 -0.037811 -0.077358 1137.089966
-14.504602 -3.394842 1.450224 -0.011843 -0.035283 -0.046063 1137.310059
-14.545350 -3.192440 1.447279 -0.007174 -0.026111 -0.015156 1137.530029
-14.596169 -2.996808 1.450872 -0.008206 -0.017295 0.015353 1137.750000
-14.655523 -2.798497 1.458017 -0.016146 -0.014536 0.046847 1137.979980
-14.719501 -2.602851 1.465655 -0.025018 -0.012465 0.078171 1138.209961
-14.787022 -2.406617 1.471716 -0.016461 -0.007116 0.109192 1138.439941
-14.855703 -2.211989 1.475382 -0.028733 -0.005527 0.140282 1138.670044
-14.925008 -2.015848 1.476563 0.010715 0.000839 0.170937 1138.900024
-14.993642 -1.822985 1.475203 0.088645 0.011458 0.202519 1139.150024
-15.061574 -1.635172 1.463301 -0.017587 -0.019978 0.251959 1139.790039
-15.162470 -1.524794 1.321992 -0.089594 -0.043685 0.280925 1140.369995
-15.273610 -1.403097 1.203665 -0.070735 -0.032589 0.295831 1140.640015
-15.389894 -1.275046 1.086293 -0.038954 -0.016930 0.311262 1140.869995
-15.503392 -1.149575 0.970807 -0.029369 -0.010625 0.328691 1141.079956
-15.613777 -1.026587 0.857317 -0.013844 -0.004136 0.347794 1141.280029
-15.727874 -0.898602 0.739581 -0.001925 -0.000396 0.370243 1141.489990
-15.842916 -0.770271 0.629386 -0.008675 -0.015953 0.395791 1141.709961
-15.971900 -0.636629 0.538330 -0.017152 -0.031425 0.425938 1141.949951
-16.120502 -0.503882 0.479519 -0.024833 -0.043528 0.459328 1142.199951
-16.283257 -0.382245 0.453420 -0.024215 -0.040667 0.492809 1142.439941
-16.455528 -0.270980 0.448687 -0.018700 -0.029087 0.525698 1142.670044
-16.628811 -0.169114 0.455793 -0.026763 -0.023133 0.557942 1142.890015
-16.807966 -0.068413 0.468562 -0.014103 -0.010618 0.590204 1143.109985
-16.986727 0.030485 0.482388 -0.019702 -0.007271 0.622781 1143.329956
-17.164541 0.129702 0.494785 -0.020587 -0.005340 0.655326 1143.550049
-17.340994 0.229808 0.504426 -0.016320 -0.003242 0.687545 1143.770020
-17.514797 0.329922 0.510778 -0.022208 -0.005446 0.719625 1143.989990
-17.688536 0.430424 0.514164 -0.020933 -0.017175 0.751435 1144.209961
-17.865841 0.527624 0.515276 -0.024512 -0.028443 0.783094 1144.430054
-18.049889 0.618296 0.515024 -0.008435 -0.023589 0.814198 1144.650024
-18.235966 0.699846 0.513722 -0.015566 -0.020828 0.845144 1144.869995
-18.424107 0.774717 0.512171 -0.017813 -0.015509 0.875873 1145.089966
-18.613277 0.845396 0.510599 -0.013813 -0.008813 0.906320 1145.310059
-18.809555 0.916529 0.509329 -0.028687 -0.007753 0.938168 1145.540039
-19.000065 0.985702 0.508614 -0.032633 -0.006629 0.968727 1145.760010
-19.194511 1.057155 0.508253 -0.023363 -0.001744 0.999333 1145.979980
-19.389141 1.130657 0.508216 -0.026561 0.006241 1.030157 1146.199951
-19.582863 1.208954 0.508403 -0.023424 0.009655 1.061258 1146.420044
-19.773664 1.292125 0.508589 -0.012419 0.009196 1.092370 1146.640015
-19.958639 1.377838 0.508666 -0.022293 0.007712 1.123548 1146.859985
-20.141092 1.466328 0.508834 -0.014223 0.003987 1.154715 1147.079956
-20.320503 1.555272 0.508878 -0.022609 0.003029 1.185755 1147.300049
-20.506824 1.648678 0.508953 -0.002674 0.017850 1.218114 1147.530029
-20.687044 1.752937 0.509075 0.032763 0.080191 1.253409 1147.770020
-20.833208 1.892398 0.509200 0.043741 0.096771 1.289509 1148.020020
-20.931086 2.071043 0.508813 0.034644 0.082270 1.323988 1148.270020
-20.987829 2.263873 0.508346 0.017880 0.062897 1.355727 1148.500000
-21.023855 2.462830 0.507270 0.026891 -0.019223 1.383744 1148.719971
-21.049448 2.662210 0.505632 0.037671 -0.093894 1.411714 1148.969971
-20.955343 2.724802 0.675112 0.064490 -0.032548 1.452762 1149.959961
-20.849092 2.620831 0.813818 0.050349 -0.021139 1.435087 1150.209961
-20.741430 2.524343 0.954208 0.035225 -0.014358 1.412909 1150.420044
-20.630224 2.428621 1.101375 0.022950 -0.009850 1.386605 1150.619995
-20.521845 2.336707 1.244279 0.010542 -0.012021 1.358004 1150.810059
-20.404266 2.233088 1.383327 0.012034 -0.041597 1.323461 1151.020020
-20.286264 2.111828 1.490569 0.016643 -0.061281 1.285153 1151.239990
-20.165260 1.957350 1.557023 0.009522 -0.051336 1.242593 1151.479980
-20.053556 1.784268 1.576363 0.020913 -0.043024 1.199799 1151.719971
-19.950514 1.604077 1.566047 0.025993 -0.031464 1.159290 1151.949951
-19.851938 1.422340 1.545552 0.026290 -0.021299 1.121297 1152.170044
-19.756922 1.245026 1.525677 0.012135 -0.006886 1.086264 1152.380005
-19.658339 1.062230 1.510540 0.018572 -0.006740 1.050463 1152.599976
-19.559080 0.881908 1.504301 0.015562 -0.005046 1.016004 1152.819946
-19.459784 0.704728 1.506729 0.010034 -0.000954 0.982844 1153.040039
-19.356022 0.526917 1.514838 0.022398 0.030883 0.949066 1153.270020
-19.239687 0.364134 1.523507 0.038943 0.055466 0.916121 1153.500000
-19.099356 0.220436 1.529421 0.025222 0.052767 0.883420 1153.729980
-18.939186 0.095950 1.530911 0.029977 0.042489 0.851100 1153.959961
-18.762787 -0.015701 1.528346 0.024127 0.021204 0.818951 1154.189941
-18.587786 -0.118355 1.527430 0.025148 -0.019305 0.788627 1154.410034
-18.419218 -0.229971 1.533891 0.030971 -0.042237 0.758539 1154.630005
-18.263214 -0.359649 1.549668 0.034000 -0.044674 0.728585 1154.849976
-18.120039 -0.508323 1.574292 0.033092 -0.035112 0.698567 1155.069946
-17.992531 -0.662802 1.601927 0.010029 0.006872 0.669791 1155.280029
-17.859070 -0.817288 1.626524 -0.015376 0.079173 0.637689 1155.500000
-17.701290 -0.943052 1.641701 -0.026235 0.107118 0.603336 1155.729980
-17.516443 -1.022673 1.643776 -0.023011 0.098586 0.569453 1155.959961
-17.316332 -1.061616 1.634619 -0.015895 0.069855 0.537092 1156.180054
-17.113657 -1.076835 1.619013 0.007303 0.005345 0.507083 1156.390015
-16.907644 -1.094505 1.600685 0.054541 -0.047398 0.474043 1156.609985
-16.711302 -1.145452 1.582985 0.079751 -0.061937 0.439361 1156.839966
-16.536161 -1.242401 1.568298 0.079346 -0.049888 0.406051 1157.069946
-16.384125 -1.374045 1.557548 0.060053 -0.031230 0.374519 1157.290039
-16.249479 -1.522716 1.550141 0.034127 -0.015529 0.344186 1157.500000
-16.122078 -1.680144 1.544981 0.012234 0.016179 0.314259 1157.709961
-15.986091 -1.838898 1.540882 -0.023304 0.060659 0.282033 1157.930054
-15.833938 -1.972524 1.537318 -0.041301 0.071714 0.250136 1158.150024
-15.654445 -2.077223 1.533082 -0.040864 0.061231 0.218778 1158.380005
-15.458741 -2.150027 1.527804 -0.026150 0.051194 0.189400 1158.609985
-15.260285 -2.198274 1.522253 -0.031977 0.039797 0.164191 1158.829956
-15.055696 -2.226337 1.516547 -0.040912 0.042229 0.142559 1159.050049
-14.855588 -2.232282 1.510920 -0.037533 0.022144 0.127067 1159.260010
-14.647692 -2.220258 1.504728 -0.026850 0.017943 0.114513 1159.479980
-14.443244 -2.195551 1.498400 -0.015085 0.020669 0.105796 1159.699951
-14.243747 -2.164437 1.492091 -0.004521 -0.043873 0.101389 1159.920044
-14.042694 -2.128878 1.485104 0.005301 -0.105527 0.099356 1160.189941
-13.843631 -2.160857 1.484657 0.093820 0.088311 0.089243 1161.119995
-13.694287 -2.303156 1.493548 0.070017 0.079358 0.062546 1161.459961
-13.540165 -2.441199 1.501656 0.048374 0.061628 0.036576 1161.699951
-13.383145 -2.577093 1.509346 0.029248 0.041395 0.010064 1161.910034
-13.224365 -2.711857 1.516917 0.014559 0.018293 -0.017656 1162.109985
-13.065658 -2.846381 1.525099 0.012635 0.009469 -0.047184 1162.310059
-12.910812 -2.979693 1.533986 0.009211 0.000810 -0.078389 1162.510010
-12.755752 -3.116869 1.543813 0.006499 -0.003143 -0.112126 1162.719971
-12.602871 -3.256103 1.553639 -0.000881 0.005128 -0.147889 1162.939941
-12.447666 -3.393481 1.557786 -0.023743 0.029412 -0.185513 1163.170044
-12.284901 -3.515326 1.552313 -0.032815 0.036099 -0.222296 1163.400024
-12.110390 -3.619121 1.537068 -0.029866 0.029041 -0.257456 1163.630005
-11.926873 -3.707196 1.513156 -0.019916 0.034692 -0.291669 1163.859985
-11.736000 -3.785422 1.484554 -0.002368 0.006462 -0.323597 1164.089966
-11.550222 -3.860553 1.458155 0.027196 0.011763 -0.354421 1164.319946
-11.365584 -3.950335 1.438014 0.039092 0.019273 -0.385857 1164.560059
-11.189463 -4.058584 1.426627 0.034469 0.019648 -0.416814 1164.800049
-11.027267 -4.177478 1.423300 0.026199 0.030226 -0.445773 1165.030029
-10.867511 -4.306197 1.425590 -0.022018 -0.004761 -0.473904 1165.260010
-10.697747 -4.423552 1.432950 -0.107683 -0.021184 -0.497249 1165.510010
-10.504730 -4.475659 1.444167 -0.117279 -0.028244 -0.510417 1165.780029
-10.299653 -4.445270 1.456076 -0.095105 -0.012567 -0.513228 1166.050049
-10.107471 -4.367400 1.466938 -0.068316 0.006184 -0.505263 1166.290039
-9.922909 -4.272928 1.476008 -0.017716 0.024601 -0.489328 1166.510010
-9.741724 -4.184936 1.482216 0.021675 0.056566 -0.467220 1166.719971
-9.543926 -4.116385 1.485347 0.041770 0.053566 -0.439234 1166.939941
-9.341559 -4.078484 1.484622 0.041018 0.044992 -0.407384 1167.160034
-9.137356 -4.067717 1.480522 0.027026 0.042849 -0.372031 1167.380005
-8.931001 -4.076030 1.474078 0.015113 0.021262 -0.335245 1167.599976
-8.727228 -4.094035 1.466155 0.002393 0.022382 -0.296942 1167.819946
-8.524632 -4.115155 1.457857 -0.012777 0.019028 -0.258333 1168.040039
-8.321954 -4.131233 1.451522 -0.038947 0.018966 -0.219899 1168.260010
-8.117362 -4.131379 1.448668 -0.049183 0.020392 -0.181718 1168.479980
-7.909986 -4.111222 1.449510 -0.044484 0.021224 -0.144125 1168.699951
-7.709888 -4.075239 1.453475 -0.034290 0.024675 -0.109126 1168.910034
-7.507817 -4.027813 1.459720 -0.017909 0.024464 -0.075009 1169.119995
-7.304664 -3.976238 1.466774 0.006131 0.025099 -0.042852 1169.329956
-7.100767 -3.929841 1.473519 0.020788 0.027277 -0.013504 1169.540039
-6.896064 -3.894174 1.479244 0.021527 0.017101 0.012769 1169.750000
-6.693555 -3.868863 1.483735 0.011683 0.017282 0.037323 1169.959961
-6.493225 -3.849462 1.487427 0.002288 0.025169 0.060921 1170.170044
-6.292286 -3.831458 1.490556 -0.003615 0.026930 0.083072 1170.380005
-6.089874 -3.811984 1.493336 -0.005997 0.029559 0.102943 1170.589966
-5.887105 -3.789989 1.495599 -0.005382 -0.018242 0.120262 1170.800049
-5.687279 -3.765983 1.496793 -0.004058 -0.094484 0.135667 1171.030029
-5.488958 -3.739998 1.497174 -0.003519 -0.137351 0.152026 1171.400024
-5.430158 -3.543632 1.492699 -0.102577 0.054706 0.182253 1172.319946
-5.387472 -3.342688 1.490305 -0.075170 0.046709 0.203751 1172.589966
-5.339221 -3.145521 1.487528 -0.038487 0.028064 0.225736 1172.810059
-5.286943 -2.946757 1.485017 -0.018974 0.025950 0.248954 1173.020020
-5.227936 -2.747280 1.485051 0.003372 0.039102 0.274945 1173.229980
-5.155777 -2.554061 1.489266 0.014991 0.044163 0.303373 1173.439941
-5.068146 -2.371148 1.497506 0.022833 0.029720 0.333072 1173.650024
-4.964070 -2.193340 1.510404 0.010788 0.033107 0.366010 1173.869995
-4.849539 -2.024200 1.526854 0.005146 0.020066 0.399793 1174.089966
-4.731000 -1.862947 1.542993 0.016679 0.010297 0.433607 1174.310059
-4.604319 -1.707585 1.553689 0.023384 0.031894 0.469165 1174.540039
-4.460017 -1.557951 1.555556 0.023914 0.020144 0.504462 1174.780029
-4.306462 -1.421973 1.550019 0.024388 0.024007 0.536795 1175.020020
-4.143447 -1.297919 1.540015 0.019085 0.032621 0.563807 1175.260010
-3.977279 -1.185426 1.528655 0.011764 0.024643 0.583466 1175.489990
-3.805594 -1.076610 1.517079 0.005487 0.034304 0.597704 1175.719971
-3.628790 -0.967133 1.506440 -0.011629 0.006439 0.606955 1175.949951
-3.463163 -0.854367 1.500529 -0.076374 -0.016409 0.614288 1176.180054
-3.325143 -0.708299 1.502628 -0.104887 -0.020139 0.623078 1176.430054
-3.238225 -0.520482 1.513048 -0.087286 -0.016155 0.631614 1176.689941
-3.199498 -0.322591 1.528704 -0.034227 0.001197 0.635003 1176.930054
-3.170589 -0.121133 1.547327 0.069656 0.044252 0.634366 1177.170044
-3.095524 0.067026 1.569707 0.112588 0.054074 0.625108 1177.430054
-2.949379 0.211880 1.591538 0.097614 0.050021 0.609837 1177.699951
-2.771674 0.303374 1.606714 0.054663 0.045043 0.597235 1177.939941
-2.575709 0.376183 1.611798 0.007540 0.045974 0.587582 1178.170044
-2.387350 0.446292 1.606695 -0.018282 0.029504 0.580990 1178.380005
-2.201393 0.525810 1.592730 -0.027831 0.017344 0.576284 1178.589966
-2.015782 0.619552 1.569750 -0.026217 0.023134 0.572581 1178.810059
-1.838697 0.723268 1.542484 -0.025040 0.004223 0.571414 1179.030029
-1.667335 0.839024 1.519004 -0.036082 0.012846 0.573091 1179.260010
-1.509655 0.967211 1.507343 -0.034828 0.011478 0.580114 1179.489990
-1.362203 1.109507 1.505753 -0.009363 -0.059992 0.593403 1179.729980
-1.228699 1.258630 1.511763 0.015816 -0.102012 0.611289 1180.040039
-1.392109 1.158054 1.584390 0.006174 -0.096995 0.608640 1181.189941
-1.547165 1.029456 1.611822 0.005055 -0.067702 0.587512 1181.420044
-1.705278 0.899491 1.638402 0.002569 -0.031681 0.565198 1181.630005
-1.859368 0.773499 1.664393 0.001155 -0.015050 0.544606 1181.829956
-2.018835 0.644459 1.688071 -0.016180 -0.004885 0.526238 1182.040039
-2.183807 0.520647 1.703423 -0.032252 -0.017395 0.512875 1182.260010
-2.353272 0.411869 1.707470 -0.032119 -0.012080 0.505390 1182.479980
-2.534742 0.314081 1.700333 -0.025274 -0.020740 0.502308 1182.709961
-2.721346 0.227422 1.683370 -0.008394 -0.025648 0.500417 1182.939941
-2.910029 0.141789 1.657333 0.038299 -0.019423 0.497490 1183.170044
-3.088894 0.040027 1.622915 0.066499 -0.019218 0.492124 1183.400024
-3.244899 -0.082445 1.585091 0.056513 -0.018652 0.483584 1183.619995
-3.388946 -0.225368 1.549163 0.028639 -0.025904 0.470409 1183.839966
-3.523469 -0.371389 1.520949 0.005702 -0.022686 0.453844 1184.050049
-3.665230 -0.523725 1.499324 -0.007461 -0.016731 0.432543 1184.270020
-3.808648 -0.669107 1.485499 -0.006211 -0.026833 0.407610 1184.489990
-3.956100 -0.808209 1.478126 -0.014065 -0.009466 0.379663 1184.709961
-4.110561 -0.942229 1.474610 -0.015920 -0.019348 0.348497 1184.939941
-4.268776 -1.065133 1.472851 -0.010118 -0.035263 0.315398 1185.170044
-4.436870 -1.182182 1.471169 -0.002146 -0.043102 0.280577 1185.400024
-4.608573 -1.292624 1.468712 0.001448 -0.029890 0.246365 1185.619995
-4.784661 -1.402143 1.464898 0.016434 -0.013953 0.212005 1185.839966
-4.957182 -1.515034 1.459733 0.032543 -0.014243 0.177714 1186.060059
-5.123800 -1.636568 1.453628 0.024758 -0.000320 0.144567 1186.280029
-5.281370 -1.763985 1.446763 0.026386 -0.007151 0.111403 1186.500000
-5.432811 -1.897161 1.439566 0.019856 -0.013151 0.078722 1186.719971
-5.582309 -2.032347 1.434769 -0.004776 -0.027027 0.046630 1186.939941
-5.736928 -2.159550 1.435292 -0.015242 -0.045611 0.014878 1187.160034
-5.904243 -2.273611 1.441836 -0.015726 -0.048147 -0.017010 1187.380005
-6.085238 -2.374378 1.453781 -0.008346 -0.044548 -0.048941 1187.599976
-6.268106 -2.460950 1.468827 -0.006445 -0.025009 -0.079272 1187.810059
-6.452041 -2.540791 1.483691 0.018645 0.009290 -0.109458 1188.020020
-6.632379 -2.629724 1.494195 0.057441 0.034118 -0.140011 1188.239990
-6.798968 -2.746301 1.497028 0.055661 0.043880 -0.171364 1188.469971
-6.941022 -2.888096 1.491198 0.054122 0.033428 -0.203418 1188.699951
-7.064820 -3.051734 1.477921 0.040139 0.018862 -0.235521 1188.930054
-7.176816 -3.226990 1.460400 0.005626 0.006633 -0.266399 1189.160034
-7.281335 -3.398444 1.441205 0.017111 -0.015223 -0.297042 1189.390015
-7.389607 -3.566607 1.422419 0.019825 -0.023743 -0.327795 1189.619995
-7.506425 -3.731619 1.408843 0.020657 -0.021879 -0.358474 1189.849976
-7.631358 -3.894154 1.405288 0.031755 -0.019001 -0.389463 1190.079956
-7.758606 -4.051670 1.412115 0.033551 -0.014135 -0.419462 1190.300049
-7.885728 -4.205432 1.427075 0.034782 -0.009905 -0.448610 1190.510010
-8.016214 -4.362224 1.447243 -0.003853 -0.000527 -0.477781 1190.719971
-8.144259 -4.515122 1.468485 -0.082190 0.013750 -0.507698 1190.939941
-8.275258 -4.669763 1.491935 -0.117082 0.018975 -0.545672 1191.260010
-8.410614 -4.817317 1.515929 0.138054 -0.019192 -0.600186 1192.180054
-8.546846 -4.963643 1.522479 0.109618 -0.013565 -0.615721 1192.469971
-8.684967 -5.113031 1.527592 0.074847 -0.008436 -0.630375 1192.689941
-8.825209 -5.264077 1.532560 0.029707 -0.019738 -0.646639 1192.890015
-8.972688 -5.413203 1.539179 0.009854 -0.042370 -0.664978 1193.089966
-9.128152 -5.548757 1.547720 -0.006602 -0.047507 -0.685406 1193.290039
-9.297061 -5.670204 1.558532 -0.011634 -0.041673 -0.709069 1193.500000
-9.476391 -5.775255 1.571565 0.002840 -0.034071 -0.736111 1193.719971
-9.658340 -5.864818 1.585925 0.001106 -0.020016 -0.764883 1193.939941
-9.846586 -5.947162 1.599718 0.003291 -0.015801 -0.796244 1194.170044
-10.032562 -6.020545 1.605184 0.017390 -0.028190 -0.828634 1194.400024
-10.223601 -6.085561 1.598807 0.014333 -0.027015 -0.861770 1194.630005
-10.418967 -6.141997 1.580895 0.016711 -0.022013 -0.895307 1194.859985
-10.616693 -6.192586 1.554168 0.015160 0.014348 -0.928950 1195.089966
-10.810393 -6.255976 1.526072 -0.011072 0.111041 -0.965708 1195.329956
-10.969461 -6.378039 1.502630 -0.028199 0.137036 -1.008326 1195.599976
-11.052375 -6.562454 1.490160 -0.024302 0.113655 -1.049669 1195.869995
-11.075511 -6.767743 1.488651 -0.014438 0.074169 -1.085942 1196.109985
-11.071752 -6.974230 1.492352 -0.014508 0.027228 -1.118072 1196.329956
-11.056128 -7.180571 1.496658 -0.004128 0.025597 -1.150113 1196.550049
-11.034743 -7.386090 1.498225 0.002717 0.017313 -1.181547 1196.770020
-11.012390 -7.589378 1.495744 0.010860 0.011146 -1.212133 1196.989990
-10.996326 -7.796693 1.491703 0.064509 -0.027596 -1.244257 1197.219971
-11.018070 -7.998256 1.491473 0.107899 -0.060270 -1.279494 1197.459961
-11.106902 -8.180389 1.496715 0.092022 -0.063025 -1.314517 1197.709961
-11.247229 -8.325418 1.507487 0.077855 -0.037786 -1.345682 1197.949951
-11.410237 -8.441451 1.520954 0.059415 -0.012438 -1.374513 1198.170044
-11.584534 -8.546095 1.533600 0.041209 0.006371 -1.402821 1198.380005
-11.758421 -8.645905 1.543518 0.028590 0.017819 -1.430435 1198.579956
-11.934184 -8.749110 1.550405 0.019268 0.022212 -1.458564 1198.780029
-12.108391 -8.856728 1.554109 0.013613 0.021855 -1.487122 1198.979980
-12.278288 -8.967405 1.554888 -0.008970 0.006860 -1.515732 1199.180054
-12.444377 -9.081822 1.552067 -0.027430 0.018940 -1.545920 1199.390015
-12.604449 -9.210413 1.543862 -0.027060 0.046670 -1.579302 1199.619995
-12.748092 -9.360390 1.530315 -0.024573 0.039773 -1.612622 1199.859985
-12.872310 -9.525444 1.512765 -0.008165 0.043838 -1.645834 1200.099976
-12.981384 -9.696147 1.493721 -0.011435 0.005135 -1.676771 1200.329956
-13.085238 -9.872145 1.474317 -0.036255 -0.074408 -1.706045 1200.579956
-13.186374 -10.043789 1.455477 0.078070 0.039841 -1.761475 1201.329956
-13.375469 -10.108681 1.475550 0.092817 0.061388 -1.786128 1201.839966
-13.566639 -10.177762 1.495600 0.070096 0.048652 -1.803883 1202.099976
-13.759398 -10.248559 1.515027 0.035720 0.025828 -1.822116 1202.319946
-13.953096 -10.320212 1.534620 0.021283 0.018246 -1.841170 1202.530029
-14.148430 -10.393807 1.554491 0.012504 0.021420 -1.862753 1202.739990
-14.342018 -10.470860 1.573991 0.008421 0.024742 -1.886945 1202.949951
-14.533053 -10.552934 1.592938 0.010145 0.027255 -1.913552 1203.160034
-14.722551 -10.640239 1.611335 0.010861 0.024727 -1.942334 1203.369995
-14.910566 -10.731148 1.628674 0.005014 0.010344 -1.972879 1203.579956
-15.093843 -10.820803 1.640262 0.012956 -0.001065 -2.004368 1203.790039
-15.281654 -10.907546 1.641827 0.025313 -0.000095 -2.038254 1204.010010
-15.468905 -10.984544 1.632291 0.020890 -0.005685 -2.072861 1204.229980
-15.663133 -11.054258 1.611349 0.025973 0.008434 -2.108653 1204.459961
-15.859694 -11.117101 1.582185 0.021942 0.017484 -2.144314 1204.689941
-16.051023 -11.175880 1.553437 0.009109 0.032267 -2.178005 1204.910034
-16.244478 -11.241160 1.529807 -0.000997 0.038767 -2.211294 1205.130005
-16.438681 -11.317664 1.513983 -0.003166 0.040675 -2.244098 1205.349976
-16.624676 -11.401591 1.506521 -0.002689 0.033895 -2.275010 1205.560059
-16.810001 -11.492569 1.505229 0.008622 0.016064 -2.305459 1205.770020
-16.994240 -11.581984 1.508630 0.028217 0.011853 -2.335850 1205.979980
-17.181292 -11.662685 1.515062 0.036179 0.010989 -2.366332 1206.189941
-17.373392 -11.732107 1.523131 0.036878 0.016681 -2.396725 1206.400024
-17.571547 -11.791512 1.531559 0.027711 0.013081 -2.427433 1206.609985
-17.771112 -11.842690 1.539162 0.005675 -0.006576 -2.456764 1206.819946
-17.969770 -11.891187 1.545409 -0.026713 0.005374 -2.483623 1207.040039
-18.161531 -11.951122 1.549875 -0.043254 0.031235 -2.507174 1207.270020
-18.350449 -12.037855 1.552593 -0.040953 0.042499 -2.525323 1207.510010
-18.527205 -12.145867 1.553641 -0.029611 0.043813 -2.536902 1207.739990
-18.695459 -12.266385 1.553555 -0.016791 0.023887 -2.542625 1207.959961
-18.860521 -12.393948 1.552788 -0.008166 0.016480 -2.543106 1208.180054
-19.019491 -12.523543 1.552022 -0.042990 -0.001683 -2.537416 1208.400024
-19.164587 -12.669256 1.551930 -0.079374 -0.007337 -2.524037 1208.630005
-19.276760 -12.837242 1.552615 -0.085418 -0.001542 -2.503964 1208.859985
-19.357063 -13.029874 1.554114 -0.070188 0.006628 -2.477704 1209.089966
-19.411615 -13.231869 1.556213 -0.038552 0.000002 -2.447143 1209.310059
-19.451281 -13.428200 1.558156 0.006976 0.007414 -2.415628 1209.520020
-19.495796 -13.624322 1.559600 0.040567 0.034725 -2.380495 1209.739990
-19.565201 -13.816562 1.559902 0.047893 0.050654 -2.342883 1209.969971
-19.665140 -14.000012 1.558651 0.039108 0.050889 -2.305463 1210.199951
-19.785015 -14.171487 1.556167 0.015466 0.036577 -2.269983 1210.420044
-19.908394 -14.335441 1.554678 -0.034196 0.022277 -2.235642 1210.630005
-20.020849 -14.507191 1.555979 -0.062499 0.011177 -2.200456 1210.839966
-20.109934 -14.689756 1.560390 -0.066330 0.008079 -2.165662 1211.050049
-20.173733 -14.882133 1.567784 -0.056729 0.013524 -2.131817 1211.260010
-20.217205 -15.082792 1.577735 -0.040788 0.018572 -2.098485 1211.469971
-20.247524 -15.289186 1.589722 -0.024805 0.022325 -2.065640 1211.680054
-20.270351 -15.488667 1.602335 -0.009706 0.013139 -2.034776 1211.880005
-20.291475 -15.692183 1.614492 0.016620 -0.055341 -2.004562 1212.089966
-20.311535 -15.895894 1.625634 0.034938 -0.110197 -1.972861 1212.349976
-20.111401 -15.922335 1.636161 -0.105751 -0.069454 -1.913256 1213.329956
-19.923203 -15.839320 1.634102 -0.069496 -0.038911 -1.902536 1213.560059
-19.734610 -15.764585 1.631911 -0.034889 -0.014502 -1.890830 1213.760010
-19.539835 -15.692012 1.630070 -0.006400 -0.004946 -1.876384 1213.959961
-19.351181 -15.620404 1.628530 0.032513 -0.028873 -1.860270 1214.160034
-19.163351 -15.528967 1.627308 0.050809 -0.054438 -1.840245 1214.380005
-18.994644 -15.407782 1.626179 0.052884 -0.045220 -1.814781 1214.609985
-18.854006 -15.263818 1.624961 0.030331 -0.048226 -1.787410 1214.839966
-18.731079 -15.101038 1.623870 0.015316 -0.035643 -1.757512 1215.069946
-18.619102 -14.926911 1.623353 0.008735 -0.034212 -1.726184 1215.300049
-18.519094 -14.752216 1.623467 0.000802 -0.038298 -1.694842 1215.520020
-18.422474 -14.568986 1.623935 -0.005301 -0.036807 -1.662331 1215.739990
-18.331196 -14.387233 1.624506 -0.009467 -0.032520 -1.630495 1215.949951
-18.240005 -14.201565 1.624958 -0.005229 -0.014856 -1.598435 1216.160034
-18.150555 -14.018162 1.625090 -0.005475 -0.007682 -1.566251 1216.369995
-18.058849 -13.832331 1.625298 -0.013345 -0.001384 -1.532823 1216.589966
-17.965271 -13.654475 1.626855 -0.031125 -0.008042 -1.499655 1216.810059
-17.863031 -13.481290 1.630386 -0.035998 -0.012578 -1.466993 1217.030029
-17.750208 -13.309477 1.635931 -0.035078 -0.016671 -1.434626 1217.250000
-17.634005 -13.144714 1.642650 -0.024390 -0.012857 -1.404173 1217.459961
-17.514174 -12.980987 1.650139 -0.013226 -0.007453 -1.374105 1217.670044
-17.389252 -12.813061 1.658526 -0.015332 -0.011685 -1.342706 1217.890015
-17.265757 -12.647593 1.665442 -0.006361 -0.010835 -1.311890 1218.109985
-17.146555 -12.484480 1.665912 -0.010544 -0.020156 -1.281257 1218.329956
-17.031471 -12.319779 1.658004 -0.007742 -0.019331 -1.250901 1218.550049
-16.916451 -12.146227 1.641202 -0.008880 -0.016987 -1.219438 1218.780029
-16.805931 -11.971969 1.616716 -0.021259 -0.020942 -1.187871 1219.010010
-16.700697 -11.801640 1.588615 -0.013283 -0.022828 -1.157580 1219.229980
-16.600519 -11.627113 1.562018 0.010922 -0.046989 -1.127348 1219.449951
-16.518772 -11.443999 1.541499 0.019043 -0.063734 -1.096930 1219.670044
-16.462215 -11.248522 1.528468 0.017544 -0.059843 -1.065718 1219.890015
-16.428965 -11.042274 1.522695 0.006500 -0.046768 -1.034019 1220.109985
-16.410450 -10.840100 1.520434 -0.020078 0.002011 -1.003344 1220.319946
-16.383675 -10.634109 1.516909 -0.052858 0.040920 -0.972087 1220.540039
-16.329540 -10.440652 1.509779 -0.048571 0.054830 -0.940840 1220.760010
-16.241024 -10.255549 1.496863 -0.046868 0.046748 -0.907317 1220.989990
-16.124588 -10.083872 1.478491 -0.039337 0.027881 -0.873512 1221.219971
-15.996984 -9.926189 1.459717 -0.022817 -0.004430 -0.841565 1221.439941
-15.868803 -9.768008 1.444415 -0.020527 -0.029656 -0.810137 1221.660034
-15.749853 -9.602717 1.434563 -0.005539 -0.033257 -0.779227 1221.880005
-15.645250 -9.432210 1.430246 -0.015116 -0.031871 -0.748507 1222.099976
-15.548440 -9.247881 1.430830 0.005691 -0.018078 -0.716803 1222.329956
-15.463530 -9.064800 1.434147 0.079684 0.009458 -0.684598 1222.569946
-15.387823 -8.879187 1.444240 0.099422 0.023155 -0.642995 1223.010010
-15.413291 -8.677814 1.472465 -0.098571 -0.085618 -0.602789 1223.800049
-15.437922 -8.480332 1.492622 -0.070568 -0.060765 -0.589544 1224.050049
-15.462722 -8.279820 1.511204 -0.036654 -0.030936 -0.575897 1224.260010
-15.487683 -8.078223 1.530013 -0.020014 -0.018645 -0.559355 1224.459961
-15.513892 -7.875267 1.550362 -0.007168 -0.022136 -0.540109 1224.660034
-15.544639 -7.674891 1.572448 0.000675 -0.024871 -0.518491 1224.859985
-15.584055 -7.470574 1.596814 0.012954 -0.014597 -0.493627 1225.069946
-15.629671 -7.277028 1.622077 0.003404 -0.016718 -0.466903 1225.280029
-15.682444 -7.082181 1.648156 -0.012669 -0.016863 -0.436977 1225.500000
-15.736756 -6.888808 1.666680 -0.029792 -0.008226 -0.405397 1225.719971
-15.786735 -6.691620 1.672707 -0.038517 -0.002626 -0.372490 1225.939941
-15.829265 -6.487716 1.665222 -0.041233 -0.002172 -0.338400 1226.160034
-15.863055 -6.286323 1.646774 -0.033522 -0.001604 -0.305169 1226.369995
-15.891622 -6.082245 1.620484 -0.008339 0.006089 -0.271887 1226.579956
-15.914303 -5.884775 1.590255 -0.005625 0.034563 -0.238168 1226.790039
-15.920677 -5.679809 1.556599 -0.023054 0.060029 -0.201436 1227.020020
-15.896201 -5.481419 1.525159 -0.017348 0.055725 -0.165193 1227.250000
-15.843601 -5.288489 1.497008 -0.025405 0.044619 -0.129625 1227.479980
-15.769846 -5.096082 1.472169 -0.032136 0.030653 -0.094462 1227.709961
-15.687268 -4.909083 1.451820 -0.018536 0.015507 -0.061400 1227.930054
-15.600479 -4.722679 1.435604 -0.021817 0.014443 -0.029174 1228.150024
-15.511221 -4.536063 1.423575 -0.017884 0.010285 0.002755 1228.369995
-15.421660 -4.350579 1.414965 -0.014645 0.007603 0.034101 1228.589966
-15.333174 -4.167315 1.408801 -0.021435 0.011569 0.065033 1228.810059
-15.245254 -3.984403 1.405804 -0.010933 0.002305 0.095750 1229.030029
-15.156958 -3.796447 1.409969 -0.021038 0.005468 0.127229 1229.260010
-15.072170 -3.608075 1.423445 -0.019344 0.003997 0.158651 1229.489990
-14.991180 -3.419294 1.445135 -0.020457 0.007318 0.189735 1229.719971
-14.912818 -3.229611 1.473759 -0.023263 0.012586 0.220789 1229.949951
-14.835487 -3.038168 1.506481 -0.014324 0.008614 0.251910 1230.180054
-14.759461 -2.847908 1.541594 -0.019798 0.015181 0.282864 1230.410034
-14.684629 -2.656074 1.574496 -0.037349 -0.009477 0.314001 1230.640015
-14.623874 -2.458091 1.598122 -0.057245 -0.035088 0.345782 1230.869995
-14.591825 -2.260513 1.609331 -0.041214 -0.044403 0.375986 1231.089966
-14.586761 -2.052663 1.609381 -0.039306 -0.031972 0.406673 1231.319946
-14.602976 -1.853170 1.600333 -0.028658 -0.018275 0.436107 1231.540039
-14.632622 -1.650390 1.585278 0.048402 -0.030988 0.465876 1231.770020
-14.670977 -1.452108 1.564894 0.100689 -0.037391 0.498220 1232.060059
-14.588704 -1.267282 1.539014 -0.012705 0.118605 0.565787 1233.060059
-14.420705 -1.156384 1.541331 -0.018610 0.099790 0.581079 1233.359985
-14.256272 -1.035579 1.543537 -0.015481 0.073724 0.594863 1233.589966
-14.090554 -0.907030 1.545161 -0.007865 0.038785 0.606338 1233.800049
-13.928686 -0.778867 1.546403 0.004864 0.020454 0.614201 1234.000000
-13.766593 -0.653275 1.547571 0.013053 0.017629 0.617988 1234.199951
-13.604347 -0.533945 1.548582 0.014755 0.001447 0.617448 1234.400024
-13.437391 -0.418586 1.549449 0.012754 0.007083 0.613757 1234.609985
-13.265060 -0.306423 1.550329 0.009386 0.021279 0.607255 1234.829956
-13.091203 -0.198626 1.550885 0.023193 0.020379 0.597717 1235.050049
-12.912054 -0.101084 1.548495 0.065868 0.009466 0.584083 1235.270020
-12.722275 -0.030248 1.541178 0.083642 0.004638 0.565743 1235.489990
-12.520205 0.006673 1.528372 0.076201 0.005358 0.543327 1235.709961
-12.318131 0.013743 1.511635 0.058044 0.009808 0.518629 1235.920044
-12.110587 0.002183 1.493332 0.011774 0.019077 0.492637 1236.130005
-11.903766 -0.008909 1.479775 -0.048478 0.031188 0.468720 1236.339966
-11.704173 0.004026 1.474886 -0.074687 0.029330 0.450573 1236.550049
-11.508336 0.052841 1.479170 -0.072132 0.020500 0.437026 1236.770020
-11.319730 0.138157 1.492865 -0.051902 0.019810 0.424852 1237.000000
-11.142346 0.245595 1.511367 0.002582 0.018124 0.413602 1237.229980
-10.965259 0.350669 1.530365 0.044862 0.027724 0.400812 1237.459961
-10.778020 0.435582 1.547084 0.052965 0.014675 0.384739 1237.689941
-10.582783 0.495025 1.559819 0.047351 0.025565 0.367162 1237.920044
-10.378393 0.533765 1.568354 0.033534 0.010470 0.345643 1238.150024
-10.173457 0.554707 1.571385 0.053661 -0.009120 0.321551 1238.380005
-9.965887 0.547291 1.567241 0.072508 -0.002118 0.294316 1238.619995
-9.768438 0.505865 1.556596 0.068717 0.008213 0.265539 1238.849976
-9.577666 0.438638 1.541587 0.051497 0.013720 0.235535 1239.069946
-9.394310 0.357649 1.524611 0.027333 0.007845 0.205008 1239.280029
-9.213887 0.269807 1.506522 0.005676 0.007027 0.174041 1239.489990
-9.030055 0.180973 1.488920 -0.021199 0.023061 0.141203 1239.709961
-8.837774 0.104360 1.474209 -0.032293 0.037492 0.106730 1239.939941
-8.639909 0.049623 1.463615 -0.030631 0.029192 0.073354 1240.170044
-8.438300 0.014151 1.456720 -0.020600 0.033617 0.039900 1240.400024
-8.233679 -0.008184 1.452687 -0.013716 -0.020598 0.008448 1240.630005
-8.030536 -0.023425 1.450233 -0.009779 -0.095085 -0.023729 1240.890015
-7.830622 -0.030856 1.448960 0.009480 -0.000522 -0.077360 1241.520020
-7.630913 -0.075210 1.471222 0.011547 0.128704 -0.108877 1242.170044
-7.433733 -0.117687 1.485744 0.006161 0.087991 -0.124839 1242.420044
-7.235651 -0.159617 1.498176 0.001970 0.047666 -0.140457 1242.630005
-7.036571 -0.201231 1.510373 0.000207 0.027827 -0.157493 1242.829956
-6.836330 -0.243103 1.522564 0.011098 0.009578 -0.176746 1243.030029
-6.641852 -0.288021 1.535430 0.024305 0.012171 -0.198340 1243.229980
-6.444624 -0.343455 1.549994 0.027367 0.005151 -0.223764 1243.439941
-6.248164 -0.411167 1.565896 0.023399 0.007657 -0.252246 1243.660034
-6.060653 -0.486859 1.582388 0.018276 0.015834 -0.282351 1243.880005
-5.871180 -0.573585 1.595458 0.037558 0.005660 -0.315446 1244.109985
-5.693974 -0.674430 1.597504 0.057443 0.012915 -0.349374 1244.339966
-5.530538 -0.797011 1.586729 0.049473 0.003460 -0.384286 1244.569946
-5.382207 -0.936905 1.563964 0.039713 0.014304 -0.413822 1244.800049
-5.242829 -1.089674 1.533253 0.010186 0.030109 -0.435745 1245.030029
-5.105522 -1.238200 1.504792 -0.033882 0.041222 -0.448953 1245.250000
-4.951843 -1.373915 1.482947 -0.052682 0.042443 -0.453843 1245.469971
-4.777799 -1.489702 1.469630 -0.050303 0.037091 -0.451674 1245.689941
-4.595688 -1.582200 1.464677 -0.037709 0.028742 -0.444962 1245.900024
-4.405265 -1.660632 1.465752 -0.018694 0.002540 -0.435486 1246.109985
-4.210844 -1.733002 1.470277 0.024779 0.000169 -0.426570 1246.329956
-4.022554 -1.815603 1.476224 0.054930 0.012310 -0.420635 1246.560059
-3.850659 -1.919682 1.481566 0.053737 0.006625 -0.420827 1246.790039
-3.688519 -2.050362 1.485237 0.046107 0.012534 -0.426621 1247.030029
-3.546644 -2.194047 1.490347 0.057230 0.006185 -0.438939 1247.260010
-3.421511 -2.357613 1.500820 0.059661 0.003046 -0.457471 1247.489990
-3.319406 -2.531162 1.516429 0.044078 -0.003106 -0.479324 1247.709961
-3.232971 -2.713893 1.537101 0.029244 0.003223 -0.500061 1247.930054
-3.154568 -2.898088 1.558012 -0.034622 0.020431 -0.517311 1248.150024
-3.054645 -3.078171 1.573573 -0.092435 0.046156 -0.530142 1248.390015
-2.910432 -3.223617 1.578004 -0.095778 0.034909 -0.530739 1248.640015
-2.728046 -3.324315 1.569717 -0.072336 0.039174 -0.522879 1248.890015
-2.534534 -3.388768 1.553289 -0.038009 0.003448 -0.505699 1249.119995
-2.334748 -3.434788 1.532786 0.001905 -0.077269 -0.482965 1249.359985
-2.136781 -3.465565 1.507536 0.029922 -0.112730 -0.451110 1249.699951
-2.300509 -3.339246 1.521376 -0.022568 -0.123868 -0.408763 1250.479980
-2.477996 -3.231089 1.536694 -0.017535 -0.081263 -0.397361 1250.699951
-2.650475 -3.123686 1.552662 -0.012944 -0.050570 -0.385464 1250.890015
-2.820628 -3.016175 1.569328 -0.009155 -0.028868 -0.372056 1251.069946
-2.990770 -2.907424 1.586390 -0.002628 -0.001275 -0.356710 1251.250000
-3.163095 -2.796330 1.603760 0.001487 0.010836 -0.338341 1251.439941
-3.333371 -2.686662 1.618573 0.013834 0.001899 -0.316956 1251.640015
-3.504946 -2.582501 1.626802 0.026053 -0.013843 -0.292297 1251.849976
-3.684375 -2.487958 1.626241 0.028870 -0.013924 -0.263801 1252.069946
-3.872778 -2.405427 1.616179 0.021033 -0.021002 -0.232319 1252.300049
-4.063758 -2.334958 1.598350 0.010524 -0.026603 -0.199441 1252.530029
-4.258148 -2.270993 1.575395 0.003065 -0.020999 -0.167739 1252.760010
-4.453220 -2.210934 1.551405 0.015059 -0.022804 -0.141395 1252.989990
-4.650649 -2.160642 1.533738 0.041267 -0.028747 -0.122985 1253.219971
-4.854111 -2.131386 1.526038 0.045066 -0.021604 -0.113092 1253.449951
-5.061055 -2.125135 1.528451 0.038363 -0.020836 -0.113104 1253.680054
-5.260981 -2.136633 1.539186 0.028210 -0.024996 -0.122246 1253.900024
-5.462549 -2.158999 1.555171 0.008892 -0.005177 -0.138468 1254.119995
-5.666747 -2.184825 1.571303 -0.011080 -0.012842 -0.162756 1254.349976
-5.866103 -2.203150 1.581470 -0.020624 -0.031473 -0.192909 1254.579956
-6.066617 -2.207913 1.583868 -0.022694 -0.023969 -0.227926 1254.810059
-6.266865 -2.199047 1.578208 -0.011859 -0.036422 -0.265605 1255.040039
-6.471109 -2.180198 1.566044 -0.006514 -0.020037 -0.305260 1255.270020
-6.674336 -2.156674 1.550272 0.009741 -0.013602 -0.345205 1255.500000
-6.875510 -2.136349 1.533449 0.023670 -0.021212 -0.384896 1255.729980
-7.078832 -2.123715 1.517499 0.019464 -0.009385 -0.423172 1255.959961
-7.280028 -2.120153 1.504706 0.041325 0.006468 -0.460413 1256.189941
-7.485673 -2.138376 1.497876 0.066852 0.016516 -0.497835 1256.430054
-7.680000 -2.187846 1.497859 0.054849 0.022131 -0.532051 1256.660034
-7.869316 -2.264699 1.503386 0.048190 0.013274 -0.565808 1256.890015
-8.047696 -2.357049 1.512701 0.031818 0.005915 -0.597099 1257.109985
-8.222262 -2.457785 1.522998 -0.001540 -0.001857 -0.626807 1257.329956
-8.397684 -2.557309 1.531248 0.004392 -0.031769 -0.656872 1257.560059
-8.584541 -2.647218 1.535196 0.001478 -0.037611 -0.687869 1257.800049
-8.778151 -2.720595 1.534010 0.011084 -0.036565 -0.718504 1258.040039
-8.971268 -2.779078 1.528537 0.018235 -0.029616 -0.747784 1258.270020
-9.170475 -2.830800 1.519898 0.015050 -0.017146 -0.776989 1258.500000
-9.371469 -2.879323 1.509281 0.027675 -0.015479 -0.806613 1258.729980
-9.566448 -2.926246 1.498439 -0.002788 -0.007744 -0.834651 1258.949951
-9.763011 -2.966861 1.488869 -0.036436 -0.049443 -0.862761 1259.180054
-9.967879 -2.974245 1.482293 -0.042562 -0.075706 -0.894105 1259.430054
-10.168569 -2.931719 1.479692 -0.033146 -0.065613 -0.927436 1259.680054
-10.358283 -2.852397 1.480520 -0.010254 -0.057421 -0.959581 1259.920044
-10.539633 -2.754304 1.482895 -0.026112 0.008866 -0.990714 1260.150024
-10.715355 -2.646678 1.485688 -0.051291 0.081303 -1.025041 1260.410034
-10.884119 -2.538918 1.495581 0.084205 -0.087638 -1.080982 1261.229980
-11.073719 -2.471534 1.511273 0.087472 -0.090220 -1.101792 1261.630005
-11.267678 -2.403996 1.524214 0.063244 -0.063953 -1.115429 1261.869995
-11.457676 -2.337872 1.535950 0.035657 -0.034337 -1.129384 1262.069946
-11.647284 -2.272248 1.546226 0.017407 -0.007801 -1.145476 1262.260010
-11.845661 -2.206110 1.555002 0.018415 0.000711 -1.165294 1262.459961
-12.041292 -2.145824 1.561099 0.021506 0.000008 -1.187517 1262.660034
-12.235454 -2.091293 1.564534 0.023373 -0.004005 -1.212028 1262.859985
-12.429388 -2.040985 1.565696 0.017817 -0.004740 -1.238487 1263.060059
-12.630190 -1.991388 1.564879 -0.000074 0.005668 -1.267810 1263.270020
-12.830570 -1.945519 1.561270 0.014451 0.027531 -1.300368 1263.489990
-13.032803 -1.914546 1.554003 0.035172 0.037997 -1.335422 1263.719971
-13.236544 -1.907097 1.543274 0.042676 0.033580 -1.371506 1263.949951
-13.437703 -1.919614 1.530375 0.044240 0.023708 -1.406759 1264.170044
-13.635847 -1.943945 1.516735 0.012811 0.011895 -1.440310 1264.380005
-13.839687 -1.974408 1.503994 0.010482 -0.000572 -1.474653 1264.599976
-14.038277 -2.003725 1.495018 0.023565 -0.007684 -1.508634 1264.819946
-14.237867 -2.028822 1.490609 0.033474 -0.009505 -1.542274 1265.040039
-14.442550 -2.048751 1.490534 0.036693 -0.007317 -1.575573 1265.260010
-14.643198 -2.063517 1.493654 0.018490 -0.005975 -1.607030 1265.469971
-14.850989 -2.075516 1.498626 -0.000197 0.003279 -1.639343 1265.689941
-15.058431 -2.089494 1.505735 0.013528 0.023137 -1.672601 1265.920044
-15.262198 -2.112999 1.514694 0.011401 0.024859 -1.705358 1266.150024
-15.463265 -2.146968 1.524540 0.015391 0.023512 -1.737562 1266.380005
-15.663507 -2.189530 1.534905 0.027072 0.023600 -1.769485 1266.609985
-15.859581 -2.236524 1.545071 0.026251 0.016636 -1.800135 1266.829956
-16.058655 -2.284474 1.553012 0.023602 -0.020564 -1.830532 1267.050049
-16.256433 -2.318587 1.555294 0.040021 -0.045022 -1.860589 1267.270020
-16.460035 -2.333822 1.548948 -0.000787 -0.043404 -1.788808 1267.510010
-16.661573 -2.342612 1.535907 -0.060545 -0.048790 -1.408591 1267.819946
-16.862770 -2.330752 1.527461 0.134941 0.028821 -1.115842 1268.790039
-17.017799 -2.458343 1.544318 0.108223 0.026461 -1.198224 1269.119995
-17.176725 -2.582516 1.561625 0.063069 0.024939 -1.283134 1269.349976
-17.339066 -2.709529 1.579812 0.029573 0.025707 -1.370080 1269.560059
-17.496376 -2.837210 1.598545 0.010841 0.027594 -1.454261 1269.760010
-17.648315 -2.970612 1.616697 -0.030608 0.043164 -1.535224 1269.959961
-17.787315 -3.121467 1.632685 -0.065668 0.058112 -1.613150 1270.170044
-17.898188 -3.297400 1.644479 -0.072537 0.037825 -1.681375 1270.390015
-17.972977 -3.486008 1.650800 -0.058861 0.029175 -1.739041 1270.609985
-18.019793 -3.682886 1.652836 -0.036543 0.024134 -1.786942 1270.829956
-18.050636 -3.884259 1.650682 -0.005623 0.021343 -1.826029 1271.050049
-18.079592 -4.086101 1.644428 0.015137 0.029468 -1.858319 1271.270020
-18.116615 -4.287392 1.635035 0.021894 0.015696 -1.884410 1271.489990
-18.163664 -4.483440 1.623080 0.020714 0.024253 -1.901607 1271.709961
-18.220688 -4.676814 1.609441 0.009927 0.020156 -1.909542 1271.930054
-18.280806 -4.867896 1.595268 -0.031232 0.010480 -1.908025 1272.150024
-18.328072 -5.067546 1.581034 -0.060340 0.012325 -1.896020 1272.380005
-18.347021 -5.270504 1.567947 -0.056345 0.000220 -1.874031 1272.609985
-18.338285 -5.472499 1.555877 -0.046947 0.014529 -1.846225 1272.839966
-18.309227 -5.676839 1.544845 -0.033087 0.024051 -1.812441 1273.069946
-18.270407 -5.876337 1.534878 -0.015102 0.023217 -1.775978 1273.290039
-18.228754 -6.078228 1.524711 -0.003174 0.033739 -1.737187 1273.510010
-18.191727 -6.274829 1.514686 0.005049 0.020741 -1.698955 1273.719971
-18.158211 -6.480162 1.503543 0.007632 0.016885 -1.658680 1273.939941
-18.130442 -6.682917 1.491647 0.005643 0.021849 -1.618709 1274.160034
-18.107124 -6.883873 1.479966 -0.000664 0.002643 -1.580057 1274.380005
-18.082830 -7.085733 1.473286 -0.022194 0.011025 -1.541211 1274.609985
-18.046862 -7.290792 1.477009 -0.032213 0.019564 -1.502220 1274.849976
-17.997295 -7.485211 1.490723 -0.028619 0.017736 -1.468549 1275.079956
-17.934956 -7.677290 1.512465 -0.012205 0.027239 -1.442850 1275.310059
-17.870470 -7.871894 1.534987 0.050213 0.027417 -1.426936 1275.540039
-17.831053 -8.073245 1.551667 0.085780 0.020359 -1.423262 1275.770020
-17.832712 -8.279001 1.559366 0.074667 -0.002100 -1.431253 1276.000000
-17.869528 -8.479367 1.559652 0.030282 0.010312 -1.443781 1276.229980
-17.919228 -8.676460 1.557530 -0.007743 0.032406 -1.460339 1276.459961
-17.961611 -8.877234 1.556165 -0.025051 0.026024 -1.478611 1276.689941
-17.988394 -9.080258 1.556838 -0.026985 0.034223 -1.497268 1276.920044
-17.999159 -9.288443 1.560279 -0.020590 0.035555 -1.514781 1277.150024
-17.998343 -9.490239 1.564730 -0.012798 -0.032358 -1.529215 1277.369995
-17.990786 -9.694002 1.569440 -0.004436 -0.103362 -1.544687 1277.630005
-18.006292 -9.895719 1.579934 0.066126 0.115310 -1.576914 1278.500000
-18.107601 -10.070835 1.587528 0.054266 0.107968 -1.601193 1278.859985
-18.206209 -10.245018 1.593205 0.030986 0.067345 -1.622644 1279.089966
-18.307520 -10.426219 1.598660 0.014627 0.038825 -1.641681 1279.300049
-18.406517 -10.606097 1.604378 -0.002199 0.030595 -1.656748 1279.500000
-18.499687 -10.789482 1.609769 -0.055250 0.022608 -1.667301 1279.699951
-18.571609 -10.984560 1.614632 -0.090407 0.018683 -1.671656 1279.910034
-18.604742 -11.190053 1.618048 -0.086753 0.000898 -1.667239 1280.130005
-18.596832 -11.390611 1.619787 -0.069277 0.011055 -1.657896 1280.349976
-18.558081 -11.588530 1.620329 -0.044683 0.020182 -1.641545 1280.569946
-18.501476 -11.787133 1.618113 -0.018445 0.027564 -1.618837 1280.790039
-18.442329 -11.979398 1.612367 -0.000824 0.029354 -1.592280 1281.000000
-18.385773 -12.173714 1.603272 0.009908 0.014591 -1.562500 1281.209961
-18.333578 -12.374599 1.590273 0.012094 0.022295 -1.529128 1281.430054
-18.288923 -12.575228 1.574433 0.004199 0.019218 -1.495101 1281.650024
-18.246847 -12.774542 1.557063 -0.024452 0.014199 -1.460870 1281.869995
-18.195417 -12.969382 1.539400 -0.041979 0.017359 -1.426282 1282.089966
-18.127344 -13.158510 1.522398 -0.038593 0.006091 -1.392596 1282.310059
-18.041054 -13.346128 1.506077 -0.014576 0.007877 -1.363532 1282.540039
-17.952423 -13.527339 1.495460 0.036714 0.022165 -1.343160 1282.770020
-17.880783 -13.721958 1.493632 0.061612 0.031260 -1.333117 1283.010010
-17.842445 -13.921343 1.500783 0.060534 0.036996 -1.334799 1283.239990
-17.831516 -14.125540 1.514134 0.045314 0.029425 -1.346728 1283.459961
-17.838017 -14.327104 1.530097 0.021543 0.008145 -1.364615 1283.670044
-17.852203 -14.534374 1.545411 -0.016220 0.014521 -1.384520 1283.890015
-17.857838 -14.736454 1.555154 -0.039369 0.027759 -1.402565 1284.109985
-17.844109 -14.937681 1.557453 -0.043284 0.034766 -1.415651 1284.329956
-17.809544 -15.141215 1.552281 -0.035697 0.034592 -1.421903 1284.550049
-17.761213 -15.337232 1.541726 -0.021334 -0.002013 -1.420384 1284.760010
-17.701893 -15.535734 1.527311 -0.000740 -0.083618 -1.413115 1284.989990
-17.636370 -15.724989 1.508810 0.018104 -0.128193 -1.399121 1285.310059
-17.703682 -15.528134 1.515428 0.022905 -0.130141 -1.400904 1286.069946
-17.774260 -15.330604 1.522866 0.013054 -0.068874 -1.413663 1286.280029
-17.844311 -15.134736 1.531360 0.007223 -0.028270 -1.430104 1286.469971
-17.915422 -14.937330 1.541410 0.006399 -0.014596 -1.450582 1286.660034
-17.986198 -14.743701 1.552343 0.004596 -0.008521 -1.473678 1286.849976
-18.055243 -14.556282 1.563516 -0.012708 0.002434 -1.496865 1287.040039
-18.122089 -14.358609 1.575235 -0.044959 -0.005040 -1.519692 1287.250000
-18.169090 -14.158400 1.586481 -0.057246 -0.013471 -1.538368 1287.469971
-18.188467 -13.953152 1.596727 -0.049183 -0.013905 -1.550881 1287.699951
-18.182329 -13.750581 1.605790 -0.035235 -0.029963 -1.553638 1287.930054
-18.159248 -13.544988 1.614164 -0.016586 -0.020782 -1.548281 1288.160034
-18.128809 -13.339769 1.621316 -0.013440 -0.004972 -1.534509 1288.390015
-18.091789 -13.141795 1.625418 -0.042346 -0.003551 -1.513281 1288.619995
-18.033585 -12.942892 1.625533 -0.050817 -0.005713 -1.485161 1288.859985
-17.955650 -12.757463 1.621819 -0.043211 -0.006778 -1.453803 1289.089966
-17.860611 -12.575597 1.615128 -0.037331 -0.015344 -1.418663 1289.319946
-17.759354 -12.402456 1.607034 -0.001188 -0.008690 -1.383716 1289.540039
-17.659466 -12.224651 1.597981 0.029794 -0.039529 -1.346102 1289.770020
-17.580374 -12.032538 1.588701 0.040859 -0.050389 -1.305590 1290.010010
-17.533615 -11.830695 1.579708 0.033664 -0.043935 -1.264553 1290.250000
-17.514368 -11.630867 1.571470 0.014353 -0.044415 -1.226172 1290.479980
-17.510723 -11.424295 1.563737 0.004345 -0.026620 -1.188701 1290.709961
-17.514317 -11.216360 1.556483 -0.012476 -0.009588 -1.152628 1290.939941
-17.511423 -11.013238 1.548330 -0.061642 0.040812 -1.118656 1291.170044
-17.470684 -10.817303 1.537379 -0.082848 0.066197 -1.084838 1291.410034
-17.372610 -10.636086 1.522609 -0.066120 0.061564 -1.049201 1291.660034
-17.234142 -10.482286 1.505381 -0.062208 0.040089 -1.014719 1291.900024
-17.079147 -10.350102 1.488242 -0.038613 0.013339 -0.983630 1292.119995
-16.920895 -10.225600 1.473583 -0.026324 -0.014210 -0.954662 1292.329956
-16.764315 -10.096108 1.462401 -0.016014 -0.027593 -0.926122 1292.540039
-16.616722 -9.959822 1.454979 -0.007820 -0.028677 -0.897888 1292.750000
-16.474503 -9.811401 1.450864 -0.019039 -0.025071 -0.868192 1292.969971
-16.340914 -9.657347 1.449803 -0.002446 0.006943 -0.838261 1293.189941
-16.203587 -9.508141 1.451625 0.015659 0.081566 -0.805196 1293.420044
-16.037123 -9.393278 1.456288 0.022430 0.105191 -0.769215 1293.670044
-15.845141 -9.336919 1.462208 0.016545 0.090963 -0.734153 1293.920044
-15.639550 -9.326825 1.468820 -0.000377 0.073059 -0.700146 1294.160034
-15.433904 -9.341201 1.475533 -0.013902 0.051453 -0.668507 1294.380005
-15.226897 -9.362082 1.481464 -0.042914 -0.001714 -0.637586 1294.589966
-15.019366 -9.367204 1.485798 -0.074602 -0.046034 -0.605289 1294.800049
-14.820309 -9.337076 1.487801 -0.064536 -0.066229 -0.573296 1295.010010
-14.630190 -9.266848 1.486992 -0.055907 -0.055840 -0.542039 1295.229980
-14.457981 -9.164953 1.483875 -0.047379 -0.032564 -0.511590 1295.449951
-14.292907 -9.038079 1.478960 0.025377 -0.040624 -0.479973 1295.680054
-14.141646 -8.901587 1.472704 0.091126 -0.049813 -0.448028 1295.949951
-14.024087 -8.738828 1.466777 -0.117932 -0.006532 -0.387803 1296.849976
-13.968395 -8.544239 1.483832 -0.125414 0.001719 -0.369380 1297.260010
-13.903313 -8.351068 1.496879 -0.078051 0.002741 -0.354457 1297.500000
-13.835260 -8.156581 1.508624 -0.042599 0.003567 -0.338548 1297.709961
-13.766390 -7.964131 1.519918 -0.025452 0.004243 -0.320680 1297.910034
-13.696177 -7.772145 1.530218 -0.006632 0.005307 -0.300293 1298.109985
-13.622661 -7.577332 1.538871 -0.012276 0.009471 -0.276270 1298.319946
-13.547623 -7.388082 1.545090 -0.020216 0.010541 -0.249734 1298.530029
-13.470079 -7.201084 1.548756 -0.021874 0.000743 -0.221015 1298.739990
-13.395654 -7.013873 1.548973 -0.023695 -0.048613 -0.190414 1298.949951
-13.340474 -6.813436 1.544773 -0.016865 -0.080864 -0.157263 1299.170044
-13.322081 -6.610846 1.536096 0.000590 -0.075557 -0.123795 1299.390015
-13.340154 -6.404280 1.523165 -0.012758 -0.060045 -0.088448 1299.619995
-13.384249 -6.209510 1.509456 -0.013146 -0.043601 -0.054822 1299.839966
-13.446410 -6.016934 1.498948 -0.021057 -0.036607 -0.021326 1300.060059
-13.522069 -5.824576 1.493976 -0.013775 -0.023481 0.011700 1300.280029
-13.605153 -5.635098 1.494685 -0.013794 -0.013441 0.044338 1300.500000
-13.690760 -5.448912 1.500580 -0.023768 -0.009081 0.076621 1300.719971
-13.775949 -5.262087 1.509903 -0.021726 0.022536 0.108446 1300.939941
-13.846894 -5.073258 1.519695 -0.021472 0.071195 0.140435 1301.160034
-13.885121 -4.870582 1.528054 -0.024587 0.088226 0.174520 1301.390015
-13.881821 -4.668563 1.532941 -0.023572 0.077664 0.207640 1301.609985
-13.848464 -4.468734 1.534592 -0.015233 0.053464 0.239485 1301.819946
-13.796543 -4.267577 1.533604 -0.001111 0.024767 0.270786 1302.030029
-13.736768 -4.071835 1.530015 -0.011912 0.015555 0.301814 1302.239990
-13.675052 -3.879048 1.523991 -0.017937 0.008313 0.332974 1302.449951
-13.615551 -3.688199 1.516102 -0.011896 -0.001331 0.363931 1302.660034
-13.558387 -3.492600 1.506192 -0.020468 0.005722 0.395892 1302.880005
-13.505286 -3.297550 1.495353 -0.014345 0.014883 0.427531 1303.099976
-13.449604 -3.104603 1.484890 0.029556 0.045890 0.459244 1303.319946
-13.368092 -2.915903 1.475538 0.056225 0.067499 0.492466 1303.550049
-13.248904 -2.745885 1.467765 0.056037 0.063112 0.523758 1303.780029
-13.101944 -2.599573 1.461612 0.042454 0.051362 0.552377 1304.000000
-12.940803 -2.471445 1.456834 0.026555 0.024514 0.577780 1304.209961
-12.771870 -2.352876 1.452869 0.011971 0.020422 0.601509 1304.420044
-12.601040 -2.239443 1.449422 0.001340 0.023253 0.622022 1304.630005
-12.430256 -2.126495 1.446298 -0.004764 0.024430 0.638658 1304.839966
-12.260633 -2.011438 1.443226 -0.006425 0.024586 0.651370 1305.050049
-12.093629 -1.894123 1.440217 -0.020399 0.000364 0.660870 1305.260010
-11.934682 -1.768093 1.438719 -0.083791 -0.025674 0.669976 1305.479980
-11.807817 -1.611710 1.440394 -0.119522 -0.031382 0.680776 1305.719971
-11.740001 -1.415868 1.445371 -0.111758 -0.019742 0.693484 1305.969971
-11.726760 -1.207424 1.452433 -0.077427 -0.010213 0.709044 1306.199951
-11.741393 -1.005960 1.459144 0.002058 -0.040511 0.727282 1306.410034
-11.771606 -0.803451 1.465847 0.076050 -0.069887 0.745828 1306.650024
-11.814826 -0.607836 1.476339 0.161812 -0.054164 0.777119 1307.109985
-11.655934 -0.732844 1.506501 0.118109 0.037578 0.786250 1307.660034
-11.481289 -0.854493 1.528771 0.077620 0.032233 0.766967 1307.910034
-11.306403 -0.967206 1.549843 0.034157 0.019115 0.743981 1308.119995
-11.131809 -1.074940 1.571478 0.020213 0.014542 0.718013 1308.319946
-10.956188 -1.179562 1.592634 0.001921 0.018079 0.688406 1308.520020
-10.773434 -1.279653 1.609604 -0.012826 0.042592 0.653884 1308.729980
-10.588931 -1.360618 1.618353 -0.016050 0.053597 0.617178 1308.939941
-10.390153 -1.422209 1.618061 -0.009309 0.046886 0.577714 1309.160034
-10.187551 -1.467933 1.608854 0.026067 -0.017911 0.538371 1309.380005
-9.996033 -1.525049 1.592928 0.060516 -0.074752 0.497143 1309.599976
-9.817369 -1.627644 1.570586 0.054574 -0.088183 0.453709 1309.839966
-9.677000 -1.772511 1.544580 0.056171 -0.066721 0.413385 1310.079956
-9.569528 -1.943829 1.518162 0.051392 -0.038092 0.376520 1310.310059
-9.480552 -2.128505 1.493707 0.040083 -0.021680 0.342057 1310.530029
-9.402994 -2.315841 1.472804 0.035621 -0.011361 0.310057 1310.739990
-9.329620 -2.509121 1.454970 0.014937 -0.005554 0.278982 1310.949951
-9.260022 -2.700575 1.439810 0.013456 0.000536 0.248867 1311.160034
-9.192223 -2.888404 1.427128 0.022808 0.004335 0.219453 1311.369995
-9.120930 -3.085057 1.417863 0.030460 0.000527 0.188999 1311.589966
-9.053577 -3.276014 1.413934 0.028991 -0.003104 0.160043 1311.800049
-8.989055 -3.469067 1.414324 0.011289 -0.006345 0.131350 1312.010010
-8.926556 -3.667740 1.418571 0.017313 -0.002378 0.101510 1312.229980
-8.867615 -3.864257 1.425788 0.015925 -0.000409 0.071638 1312.449951
-8.811339 -4.058074 1.434402 0.008028 0.000768 0.041917 1312.670044
-8.754368 -4.255161 1.443696 0.018758 0.012212 0.010931 1312.900024
-8.694454 -4.450991 1.452638 0.023664 0.017401 -0.020243 1313.130005
-8.629720 -4.647540 1.460564 0.015737 0.013863 -0.051579 1313.359985
-8.561519 -4.842807 1.467419 0.024661 0.017376 -0.082971 1313.589966
-8.492986 -5.030986 1.473020 0.014584 0.009890 -0.113298 1313.810059
-8.420528 -5.226242 1.477943 0.020076 0.012352 -0.144834 1314.040039
-8.347083 -5.421226 1.482668 0.014176 0.021253 -0.176478 1314.270020
-8.271465 -5.606676 1.488410 0.008171 0.037840 -0.207041 1314.489990
-8.184031 -5.789724 1.495763 -0.002052 0.033153 -0.237858 1314.709961
-8.085564 -5.966928 1.504698 -0.000867 0.030955 -0.268678 1314.930054
-7.978148 -6.138741 1.515216 0.006361 0.030633 -0.299634 1315.150024
-7.864477 -6.307438 1.526717 -0.003679 0.012471 -0.329411 1315.369995
-7.742758 -6.473440 1.536973 -0.053960 0.031465 -0.355702 1315.599976
-7.597247 -6.616491 1.541919 -0.094226 0.045854 -0.374104 1315.839966
-7.419166 -6.714538 1.539062 -0.092531 0.046604 -0.380277 1316.079956
-7.218919 -6.768900 1.529304 -0.068708 0.039524 -0.374936 1316.310059
-7.019754 -6.793872 1.516173 -0.033053 -0.011749 -0.360211 1316.520020
-6.814450 -6.803001 1.500684 0.008415 -0.088733 -0.340068 1316.750000
-6.615186 -6.798302 1.481198 0.032038 -0.106600 -0.308715 1317.079956
-6.810122 -6.856285 1.502224 0.065262 -0.097169 -0.293571 1318.150024
-7.002595 -6.909765 1.522526 0.044150 -0.062078 -0.312849 1318.369995
-7.198728 -6.965369 1.542486 0.021971 -0.027221 -0.336093 1318.569946
-7.399234 -7.023193 1.563321 0.015040 -0.013312 -0.364251 1318.770020
-7.597321 -7.081812 1.584113 0.001672 0.002262 -0.395372 1318.969971
-7.794701 -7.141950 1.602941 0.001400 0.021838 -0.430307 1319.180054
-7.984036 -7.207148 1.616105 0.027984 0.017829 -0.468313 1319.400024
-8.170178 -7.287192 1.621712 0.040248 0.007228 -0.508915 1319.630005
-8.352858 -7.381898 1.619861 0.041950 -0.002524 -0.549742 1319.859985
-8.529063 -7.482987 1.612529 0.020985 -0.016882 -0.588269 1320.079956
-8.708665 -7.582611 1.601199 0.005937 -0.044749 -0.625905 1320.300049
-8.896821 -7.667982 1.587199 0.000126 -0.054519 -0.662443 1320.520020
-9.086066 -7.731595 1.572350 0.004056 -0.052545 -0.696551 1320.729980
-9.284021 -7.779424 1.556864 0.006322 -0.040492 -0.729838 1320.939941
-9.486053 -7.815427 1.541577 -0.001011 -0.016030 -0.762171 1321.150024
-9.692136 -7.847639 1.525953 0.019461 0.028255 -0.795460 1321.369995
-9.893954 -7.896066 1.509762 0.041755 0.060091 -0.828944 1321.599976
-10.079534 -7.976229 1.493564 0.032739 0.061380 -0.862090 1321.829956
-10.248457 -8.086433 1.476961 0.033639 0.048392 -0.895006 1322.060059
-10.406428 -8.220140 1.460262 0.026092 0.021967 -0.927660 1322.290039
-10.554075 -8.356087 1.447005 0.016594 -0.035617 -0.958107 1322.510010
-10.717361 -8.481844 1.439145 0.020043 -0.071972 -0.989335 1322.739990
-10.900058 -8.576865 1.437768 0.023448 -0.074494 -1.020433 1322.969971
-11.092361 -8.640131 1.441355 0.014602 -0.017246 -1.050090 1323.189941
-11.284204 -8.697724 1.449234 0.002237 0.073442 -1.081105 1323.410034
-11.465920 -8.790665 1.461962 -0.011547 0.106572 -1.116104 1323.650024
-11.612288 -8.934315 1.477346 -0.010085 0.100263 -1.152581 1323.900024
-11.717071 -9.113043 1.493101 -0.003593 0.072883 -1.187764 1324.140015
-11.793146 -9.299895 1.506006 0.008037 0.025778 -1.219361 1324.359985
-11.865556 -9.490020 1.512402 0.044910 -0.016757 -1.251565 1324.579956
-11.955005 -9.670309 1.509229 0.064317 -0.035766 -1.284128 1324.800049
-12.071493 -9.834631 1.495785 0.060655 -0.036645 -1.316063 1325.020020
-12.212958 -9.981076 1.476550 0.050999 -0.040754 -1.347756 1325.239990
-12.374614 -10.107280 1.458208 0.050233 -0.037120 -1.378782 1325.459961
-12.545758 -10.210288 1.445132 0.047596 -0.025457 -1.408056 1325.670044
-12.730061 -10.300753 1.437747 0.038423 -0.013122 -1.437441 1325.880005
-12.922336 -10.383339 1.436113 0.023449 -0.004468 -1.467089 1326.089966
-13.114323 -10.460976 1.439083 -0.018415 0.013581 -1.496920 1326.300049
-13.296474 -10.545726 1.447301 -0.055226 0.067031 -1.530060 1326.520020
-13.460456 -10.672769 1.461960 -0.065383 0.082117 -1.565822 1326.770020
-13.576513 -10.840460 1.479777 -0.051274 0.069412 -1.599184 1327.020020
-13.653952 -11.032264 1.498945 -0.028248 0.054442 -1.631198 1327.260010
-13.709048 -11.225002 1.515473 0.009107 0.020181 -1.660104 1327.479980
-13.766658 -11.417221 1.526399 0.058818 0.000791 -1.690265 1327.699951
-13.851100 -11.605133 1.529394 0.073149 -0.012882 -1.722912 1327.930054
-13.965508 -11.772268 1.523477 0.066243 -0.009051 -1.754514 1328.160034
-14.105318 -11.920563 1.510009 0.048047 -0.001104 -1.785755 1328.390015
-14.258203 -12.052746 1.492465 -0.011916 -0.053716 -1.816918 1328.619995
-14.419667 -12.173725 1.472526 -0.071513 -0.104679 -1.847472 1328.910034
-14.477966 -12.369231 1.456671 -0.068107 0.122078 -1.859551 1329.900024
-14.435453 -12.566617 1.461946 -0.047903 0.094681 -1.825756 1330.170044
-14.391031 -12.771542 1.467046 -0.021223 0.048099 -1.791438 1330.390015
-14.348220 -12.971313 1.472187 -0.008472 0.033501 -1.759267 1330.589966
-14.306493 -13.175028 1.477246 0.001739 0.019282 -1.727143 1330.790039
-14.268893 -13.376842 1.480643 0.019572 0.015695 -1.696602 1330.989990
-14.239850 -13.584527 1.481197 0.029546 0.023352 -1.667615 1331.199951
-14.225073 -13.790416 1.478202 0.028465 0.026079 -1.643005 1331.410034
-14.223507 -13.996220 1.471909 0.021690 0.027747 -1.623080 1331.619995
-14.231650 -14.202671 1.463035 0.013360 0.014258 -1.608223 1331.829956
-14.245300 -14.405325 1.452517 0.005911 0.005595 -1.598912 1332.040039
-14.262093 -14.609179 1.441504 0.010710 0.001890 -1.595944 1332.260010
-14.284400 -14.813048 1.433048 0.021907 0.017852 -1.600804 1332.489990
-14.316623 -15.014701 1.429441 0.025355 0.031734 -1.613977 1332.719971
-14.358287 -15.211486 1.430508 0.021823 0.034072 -1.633972 1332.939941
-14.408855 -15.413226 1.435156 0.014393 0.025055 -1.660017 1333.160034
-14.461945 -15.606541 1.441674 0.006862 0.015521 -1.688271 1333.369995
-14.518894 -15.806341 1.449956 0.002268 0.022708 -1.719073 1333.589966
-14.576087 -16.004616 1.459403 0.028059 -0.001783 -1.749751 1333.810059
-14.648187 -16.196985 1.471529 0.091368 -0.031709 -1.783013 1334.040039
-14.762336 -16.360718 1.486641 0.103759 -0.043400 -1.818633 1334.280029
-14.926621 -16.483543 1.503691 0.087772 -0.030019 -1.853594 1334.530029
-15.109732 -16.562107 1.521010 0.070414 -0.005202 -1.884929 1334.760010
-15.306751 -16.620237 1.539075 0.050121 0.012441 -1.915732 1334.979980
-15.507778 -16.670269 1.557389 0.031401 0.020903 -1.945794 1335.189941
-15.704457 -16.718729 1.573871 0.007235 0.027832 -1.974680 1335.390015
-15.899020 -16.773716 1.585742 -0.011812 0.041313 -2.003807 1335.589966
-16.087187 -16.841642 1.591046 -0.023675 0.036489 -2.032701 1335.790039
-16.273499 -16.926748 1.589301 -0.026378 0.023985 -2.062465 1336.000000
-16.454662 -17.026808 1.580221 -0.012883 0.029358 -2.094003 1336.219971
-16.626835 -17.135298 1.565985 -0.017249 -0.008928 -2.124376 1336.439941
-16.792248 -17.246769 1.548851 -0.038723 -0.081002 -2.153413 1336.680054
-16.955675 -17.363188 1.528577 -0.034265 -0.104817 -2.195197 1337.119995
-17.114250 -17.240437 1.534137 0.112427 0.009647 -2.234325 1337.920044
-17.276728 -17.112345 1.548243 0.087167 0.012894 -2.250217 1338.189941
-17.440443 -16.990784 1.561444 0.045714 0.009762 -2.266243 1338.410034
-17.607954 -16.870338 1.574918 0.034000 0.008648 -2.284031 1338.619995
-17.772017 -16.754988 1.587793 0.014175 0.003245 -2.303496 1338.819946
-17.940908 -16.636076 1.599472 0.001986 -0.021002 -2.325722 1339.030029
-18.103960 -16.509468 1.608131 0.016125 -0.044086 -2.351292 1339.250000
-18.249994 -16.370451 1.612524 0.025389 -0.048390 -2.379266 1339.469971
-18.380869 -16.215084 1.612875 0.031986 -0.039765 -2.409130 1339.689941
-18.501301 -16.044744 1.610083 0.019418 -0.026162 -2.440475 1339.910034
-18.609974 -15.868216 1.605371 -0.020156 -0.054122 -2.471925 1340.130005
-18.690779 -15.683076 1.599848 -0.028485 -0.095759 -2.504256 1340.359985
-18.721710 -15.483578 1.593751 -0.032005 -0.087859 -2.539683 1340.599976
-18.701763 -15.280870 1.587847 -0.011401 -0.072907 -2.575063 1340.839966
-18.648609 -15.082023 1.583105 0.010175 -0.054263 -2.608492 1341.069946
-18.581419 -14.884987 1.579915 0.029161 -0.014099 -2.640009 1341.290039
-18.520586 -14.691951 1.578690 0.047098 0.017045 -2.669724 1341.500000
-18.477331 -14.494558 1.579138 0.037466 0.033888 -2.699369 1341.709961
-18.455030 -14.288517 1.580752 0.027589 0.032756 -2.730880 1341.930054
-18.451227 -14.087534 1.581671 0.006249 -0.002162 -2.762073 1342.150024
-18.447433 -13.884216 1.579951 0.002202 -0.044798 -2.794068 1342.380005
-18.424591 -13.684320 1.575046 -0.007657 -0.050460 -2.825842 1342.609985
-18.378128 -13.489910 1.566884 0.002042 -0.048787 -2.857467 1342.839966
-18.311087 -13.297856 1.556103 0.018093 -0.043274 -2.889009 1343.069946
-18.233551 -13.111714 1.544342 0.019774 -0.013199 -2.918895 1343.290039
-18.155966 -12.923922 1.532340 0.034931 0.014432 -2.948894 1343.510010
-18.091246 -12.731554 1.520916 0.031515 0.026847 -2.979031 1343.729980
-18.043983 -12.536204 1.510270 0.028650 0.025845 -3.009537 1343.949951
-18.011316 -12.330862 1.500557 0.022426 0.014901 -3.041493 1344.180054
-17.988850 -12.125161 1.493961 0.029939 -0.002340 -3.073628 1344.410034
-17.968723 -11.924868 1.491444 0.033754 -0.012225 -3.104589 1344.630005
-17.944786 -11.719187 1.492270 0.032866 -0.015081 -3.135767 1344.849976
-17.916759 -11.518287 1.495530 0.027150 -0.013200 3.117411 1345.060059
-17.884403 -11.316579 1.500191 0.009883 -0.008400 3.087407 1345.270020
-17.849739 -11.119606 1.505499 0.019717 -0.004916 3.057260 1345.479980
-17.811947 -10.915298 1.511041 0.021074 -0.015916 3.025585 1345.699951
-17.766809 -10.712922 1.514765 0.017362 -0.048081 2.993904 1345.920044
-17.701632 -10.515885 1.515504 0.018177 -0.062190 2.962270 1346.140015
-17.615633 -10.334343 1.513116 0.015742 -0.056117 2.932055 1346.349976
-17.509537 -10.159749 1.508029 0.017968 -0.042665 2.901738 1346.560059
-17.390615 -9.992353 1.500988 -0.030047 -0.010950 2.871739 1346.770020
-17.266821 -9.834774 1.492609 -0.095298 0.024464 2.839045 1347.000000
-17.134018 -9.682138 1.481158 -0.118538 0.044839 2.795177 1347.390015
-17.031898 -9.506807 1.508807 0.118350 -0.009112 2.749823 1348.280029
-16.940489 -9.323050 1.539347 0.093924 -0.007176 2.734298 1348.560059
-16.849234 -9.141900 1.567159 0.064827 -0.004600 2.719138 1348.780029
-16.758678 -8.962299 1.592001 0.020131 0.019314 2.703157 1348.979980
-16.675825 -8.779724 1.612706 -0.000134 0.061918 2.683696 1349.180054
-16.614710 -8.585916 1.627700 -0.010839 0.076091 2.660125 1349.390015
-16.585239 -8.382049 1.635334 -0.016556 0.064096 2.633249 1349.609985
-16.586273 -8.180028 1.635857 -0.000243 0.055513 2.603817 1349.829956
-16.608992 -7.975719 1.631288 0.012592 0.040654 2.572093 1350.050049
-16.641369 -7.777263 1.623696 0.013490 0.004564 2.540288 1350.260010
-16.669895 -7.573326 1.611187 0.039336 -0.059854 2.506211 1350.479980
-16.664331 -7.372400 1.592303 0.058233 -0.087894 2.469813 1350.709961
-16.605215 -7.179368 1.566613 0.042559 -0.079684 2.433266 1350.949951
-16.500689 -7.006910 1.539570 0.040753 -0.062687 2.397851 1351.189941
-16.367588 -6.856905 1.517731 0.043546 -0.042846 2.364777 1351.420044
-16.218699 -6.721526 1.502372 0.024077 -0.023421 2.333805 1351.640015
-16.060799 -6.592478 1.492564 0.027415 -0.007497 2.303204 1351.859985
-15.899053 -6.464447 1.487949 0.019109 -0.006029 2.272961 1352.079956
-15.735687 -6.341522 1.489681 -0.001580 -0.055078 2.243605 1352.300049
-15.557335 -6.241024 1.499311 -0.008195 -0.085981 2.213683 1352.530029
-15.358762 -6.180816 1.516008 -0.015355 -0.073407 2.182310 1352.770020
-15.155224 -6.158669 1.532675 0.009791 -0.006158 2.150083 1353.010010
-14.956094 -6.137956 1.540697 0.039619 0.059045 2.119077 1353.250000
-14.759435 -6.080349 1.536668 0.032069 0.074294 2.086075 1353.500000
-14.584673 -5.984142 1.520286 0.037004 0.066941 2.053337 1353.739990
-14.425835 -5.859213 1.495487 0.027240 0.037481 2.021209 1353.969971
-14.277046 -5.724428 1.470090 0.031556 -0.005067 1.990452 1354.189941
-14.121955 -5.592089 1.448551 0.033447 -0.029154 1.959585 1354.410034
-13.956250 -5.472949 1.433007 0.022304 -0.034983 1.929066 1354.630005
-13.782804 -5.370749 1.423616 0.030249 -0.026981 1.898681 1354.849976
-13.600966 -5.281150 1.419694 0.035159 -0.015458 1.868163 1355.069946
-13.410729 -5.198301 1.420153 0.035902 -0.004546 1.837300 1355.290039
-13.223283 -5.121183 1.423323 0.023052 0.007451 1.807491 1355.500000
-13.035847 -5.042266 1.428524 0.020125 0.022510 1.777313 1355.709961
-12.851173 -4.956536 1.435175 0.009409 0.023944 1.746721 1355.920044
-12.673032 -4.864328 1.442298 0.003590 0.020528 1.716178 1356.130005
-12.494722 -4.762781 1.449835 0.014265 0.022705 1.684170 1356.349976
-12.320925 -4.655067 1.456408 0.009488 0.030619 1.652069 1356.569946
-12.152446 -4.538246 1.460953 0.009286 0.041424 1.619803 1356.790039
-11.990611 -4.410114 1.462834 -0.026037 0.004568 1.588366 1357.010010
-11.838519 -4.277117 1.462282 -0.076556 -0.055500 1.559641 1357.250000
-11.693732 -4.136477 1.459491 -0.079836 -0.083783 1.518336 1357.680054
-11.495134 -4.177809 1.476577 0.115515 -0.003987 1.473382 1358.540039
-11.293458 -4.223091 1.494312 0.086825 0.001763 1.458640 1358.810059
-11.093527 -4.262203 1.510270 0.044815 0.003688 1.443760 1359.030029
-10.891611 -4.298738 1.525108 0.030127 0.003787 1.426865 1359.239990
-10.686452 -4.333828 1.537400 0.026293 0.002486 1.407189 1359.449951
-10.480802 -4.367919 1.546117 0.010098 0.000047 1.384882 1359.660034
-10.280091 -4.401168 1.551094 0.009587 -0.000245 1.360254 1359.869995
-10.075466 -4.435359 1.552853 0.022324 0.000942 1.332073 1360.089966
-9.871744 -4.469779 1.551982 0.019584 -0.001019 1.301833 1360.310059
-9.669867 -4.505619 1.548872 0.018015 -0.009742 1.270200 1360.530029
-9.471292 -4.546289 1.543828 0.027880 -0.013821 1.237479 1360.750000
-9.272865 -4.594890 1.537395 0.033429 -0.012462 1.203914 1360.969971
-9.072287 -4.651763 1.529978 0.035412 -0.007704 1.169773 1361.189941
-8.878312 -4.712179 1.522405 0.019360 -0.005065 1.136865 1361.400024
-8.686718 -4.775093 1.514737 0.004910 0.005302 1.104225 1361.609985
-8.493888 -4.833277 1.507909 -0.052161 0.064158 1.069286 1361.829956
-8.287304 -4.848267 1.503152 -0.095911 0.113646 1.028219 1362.089966
-8.101503 -4.766290 1.501091 -0.088247 0.107802 0.994538 1362.359985
-7.955511 -4.617298 1.501175 -0.060743 0.074621 0.972178 1362.599976
-7.838800 -4.449977 1.502633 -0.033912 0.033690 0.957400 1362.810059
-7.735819 -4.278448 1.505426 -0.012459 0.024261 0.946078 1363.010010
-7.636221 -4.104330 1.508977 0.001579 0.020410 0.938823 1363.209961
-7.531240 -3.923575 1.511692 0.007784 0.021554 0.935308 1363.420044
-7.423537 -3.746205 1.511902 0.008571 0.023371 0.935263 1363.630005
-7.312401 -3.571601 1.509095 0.006533 0.025811 0.937084 1363.839966
-7.198165 -3.398503 1.503313 0.004491 0.022822 0.938439 1364.050049
-7.081952 -3.228533 1.495681 0.029942 0.004917 0.937684 1364.260010
-6.953245 -3.065246 1.487507 0.064264 0.003722 0.933062 1364.479980
-6.807243 -2.926090 1.480172 0.066115 -0.004480 0.922788 1364.699951
-6.637730 -2.808896 1.473689 0.054232 0.001026 0.907856 1364.930054
-6.455127 -2.714160 1.468902 0.040920 0.017274 0.888430 1365.160034
-6.269803 -2.634920 1.466704 0.029022 0.017654 0.864936 1365.380005
-6.077652 -2.562119 1.468498 0.025520 0.025391 0.837926 1365.599976
-5.888654 -2.495790 1.473895 0.013725 0.011886 0.808928 1365.810059
-5.691431 -2.429758 1.482734 0.008987 0.014647 0.776749 1366.030029
-5.496509 -2.365437 1.494150 0.004214 0.010106 0.743039 1366.250000
-5.301778 -2.301256 1.505947 -0.022527 -0.060088 0.708962 1366.479980
-5.108213 -2.238337 1.520281 -0.079190 -0.163101 0.673284 1366.790039
-5.231440 -2.080355 1.559419 -0.123712 -0.012765 0.642550 1367.489990
-5.385661 -1.945703 1.581072 -0.084584 -0.007040 0.663479 1367.729980
-5.540100 -1.805303 1.602194 -0.041284 -0.002087 0.689819 1367.939941
-5.691620 -1.665442 1.623188 -0.014776 -0.000500 0.720342 1368.140015
-5.840786 -1.527538 1.641610 -0.008053 -0.008585 0.754616 1368.339966
-5.995018 -1.389344 1.655731 -0.012647 -0.015663 0.793445 1368.550049
-6.149101 -1.259437 1.663958 -0.001711 -0.016576 0.833813 1368.760010
-6.308796 -1.134169 1.666356 -0.015022 -0.013150 0.876739 1368.979980
-6.476821 -1.010267 1.663469 -0.027838 -0.008602 0.921412 1369.209961
-6.641533 -0.895460 1.656974 -0.004608 -0.043950 0.963363 1369.430054
-6.819389 -0.799437 1.647127 0.022853 -0.106036 1.004254 1369.660034
-7.022319 -0.756584 1.633119 0.036710 -0.109324 1.047320 1369.910034
-7.228314 -0.781943 1.616474 0.021121 -0.090576 1.088395 1370.160034
-7.419346 -0.851360 1.600397 0.005361 -0.061583 1.123622 1370.390015
-7.602842 -0.941996 1.585348 -0.003575 -0.032275 1.155182 1370.609985
-7.784963 -1.041500 1.570989 -0.017986 -0.019965 1.185121 1370.829956
-7.967844 -1.141513 1.557869 -0.008541 -0.011164 1.213788 1371.050049
-8.147404 -1.240961 1.546973 0.002618 -0.028254 1.242029 1371.270020
-8.321100 -1.347782 1.538514 0.003677 -0.041844 1.270236 1371.489990
-8.489938 -1.467680 1.532262 0.001438 -0.042411 1.298831 1371.709961
-8.647469 -1.594142 1.527823 -0.003692 -0.037051 1.326602 1371.920044
-8.802495 -1.727161 1.522607 -0.019453 0.023057 1.355152 1372.130005
-8.963421 -1.846222 1.511397 -0.045306 0.112915 1.384457 1372.349976
-9.157206 -1.910975 1.486995 -0.053127 0.143135 1.421177 1372.609985
-9.358473 -1.878181 1.458450 -0.037283 0.127508 1.460530 1372.869995
-9.539157 -1.779691 1.440530 -0.020715 0.092564 1.496365 1373.099976
-9.701585 -1.652003 1.433424 -0.002364 0.051001 1.528790 1373.310059
-9.849592 -1.514740 1.435870 -0.005383 0.031504 1.559466 1373.510010
-9.992644 -1.371373 1.446393 -0.011122 0.018622 1.590311 1373.709961
-10.133641 -1.228287 1.462509 -0.025566 -0.016700 1.620953 1373.910034
-10.285295 -1.093443 1.481218 -0.053271 -0.066191 1.653670 1374.119995
-10.457226 -0.989918 1.498889 -0.058187 -0.084559 1.687411 1374.339966
-10.650553 -0.930675 1.512471 -0.046583 -0.072786 1.720660 1374.569946
-10.851988 -0.913580 1.520659 -0.048070 -0.044114 1.752589 1374.800049
-11.052709 -0.922811 1.523717 -0.043115 -0.019454 1.782859 1375.020020
-11.260671 -0.944695 1.522166 -0.037764 -0.001426 1.813233 1375.239990
-11.464232 -0.969335 1.516953 -0.017462 0.005294 1.842429 1375.449951
-11.666243 -0.992760 1.509009 -0.005050 0.010280 1.871461 1375.660034
-11.870098 -1.010589 1.500435 0.026915 0.046468 1.902391 1375.880005
-12.076090 -1.000344 1.494911 0.043687 0.089145 1.937163 1376.119995
-12.266086 -0.937650 1.494965 0.037266 0.094593 1.970590 1376.359985
-12.439108 -0.828816 1.500170 0.023699 0.075798 2.001905 1376.589966
-12.592719 -0.699745 1.508072 0.021392 0.024351 2.029823 1376.800049
-12.740098 -0.558479 1.516804 0.035829 -0.065731 2.055914 1377.020020
-12.878651 -0.413123 1.526725 0.038369 -0.132183 2.085678 1377.310059
-12.952644 -0.602562 1.536279 -0.093363 -0.088278 2.128229 1378.099976
-12.981260 -0.804311 1.533966 -0.058077 -0.047224 2.138706 1378.319946
-13.015662 -1.008502 1.531327 -0.026205 -0.016468 2.150817 1378.520020
-13.053330 -1.214927 1.529859 -0.008096 -0.010683 2.165692 1378.719971
-13.089662 -1.417391 1.530959 -0.002583 -0.016887 2.182713 1378.920044
-13.121440 -1.615692 1.534772 0.008114 -0.010572 2.201742 1379.119995
-13.148172 -1.816282 1.541408 0.004464 -0.012378 2.223827 1379.329956
-13.169854 -2.019531 1.551074 -0.005196 -0.017321 2.249149 1379.550049
-13.187112 -2.219212 1.562544 -0.002685 -0.010240 2.276320 1379.770020
-13.202614 -2.422742 1.574274 -0.019998 -0.007419 2.306694 1380.000000
-13.222066 -2.624948 1.582836 -0.037001 -0.006359 2.338730 1380.229980
-13.250818 -2.830116 1.587014 -0.026491 0.001133 2.371511 1380.459961
-13.287974 -3.034824 1.586719 -0.029312 -0.002117 2.405371 1380.689941
-13.330073 -3.231292 1.582886 -0.025474 -0.007168 2.438266 1380.910034
-13.374127 -3.428936 1.576982 -0.009039 -0.028292 2.471208 1381.130005
-13.408767 -3.628008 1.570510 -0.003461 -0.045400 2.504053 1381.349976
-13.426325 -3.829433 1.564387 0.008721 -0.037644 2.536635 1381.569946
-13.426336 -4.037363 1.558865 -0.002383 -0.034107 2.570362 1381.800049
-13.413286 -4.244417 1.554554 -0.021664 -0.015096 2.603835 1382.030029
-13.400365 -4.444724 1.551292 -0.039924 0.005294 2.635488 1382.250000
-13.398390 -4.648877 1.548514 -0.030169 0.018282 2.666834 1382.469971
-13.410283 -4.852082 1.545688 -0.029719 0.018539 2.698328 1382.689941
-13.434999 -5.053784 1.542600 -0.028636 0.012631 2.729816 1382.910034
-13.468930 -5.253559 1.538271 -0.007613 0.015195 2.760741 1383.130005
-13.511661 -5.453952 1.529198 -0.023524 0.020282 2.792973 1383.359985
-13.565232 -5.651224 1.513783 -0.035569 0.018402 2.825289 1383.589966
-13.626920 -5.842862 1.493198 -0.036610 0.013303 2.856447 1383.810059
-13.696040 -6.039093 1.468001 -0.027393 0.007515 2.887840 1384.030029
-13.764812 -6.227177 1.443628 -0.008745 0.004072 2.917623 1384.239990
-13.836498 -6.418830 1.424505 -0.017738 0.008125 2.948747 1384.459961
-13.909519 -6.607621 1.415450 -0.014023 0.006727 2.979927 1384.680054
-13.986518 -6.801438 1.416846 -0.015737 0.006715 3.012295 1384.910034
-14.063987 -6.992772 1.428196 -0.026036 0.009558 3.044614 1385.140015
-14.140278 -7.177166 1.445088 -0.016479 0.023156 3.075540 1385.359985
-14.224305 -7.359298 1.463849 -0.010317 0.047139 3.106730 1385.579956
-14.324975 -7.536021 1.481604 0.001538 0.044500 3.138315 1385.800049
-14.441113 -7.703544 1.496437 0.005043 0.033838 -3.113523 1386.020020
-14.565384 -7.861659 1.506996 -0.020498 -0.006456 -3.082852 1386.239990
-14.684632 -8.028568 1.511893 -0.054873 -0.046723 -3.049892 1386.469971
-14.773055 -8.209670 1.510560 -0.048301 -0.059198 -3.017178 1386.699951
-14.827017 -8.410887 1.503281 -0.049346 -0.044336 -2.984558 1386.939941
-14.849579 -8.613463 1.492517 -0.014391 -0.031925 -2.953541 1387.170044
-14.853580 -8.814766 1.479974 0.070846 -0.034926 -2.923221 1387.410034
-14.842683 -9.015218 1.465477 0.125728 -0.028291 -2.886253 1387.770020
-14.982534 -9.157198 1.515338 -0.042212 0.103804 -2.832932 1388.709961
-15.142310 -9.269715 1.564837 -0.037333 0.083571 -2.817228 1388.979980
-15.301021 -9.388983 1.613294 -0.027949 0.061924 -2.802006 1389.199951
-15.458453 -9.511395 1.660548 -0.015243 0.036183 -2.787249 1389.400024
-15.620236 -9.638189 1.703288 0.009103 0.022045 -2.772892 1389.599976
-15.783758 -9.759343 1.733921 0.027586 0.021332 -2.759547 1389.800049
-15.958797 -9.873761 1.749959 0.032709 0.009176 -2.747556 1390.010010
-16.134491 -9.972383 1.749551 0.027916 0.009595 -2.737074 1390.219971
-16.318325 -10.061326 1.734144 0.018590 0.019549 -2.728034 1390.439941
-16.503834 -10.141190 1.708044 0.017929 0.019632 -2.722338 1390.660034
-16.691969 -10.212811 1.677125 0.030010 0.023888 -2.721389 1390.880005
-16.886198 -10.273001 1.645698 0.033986 0.029884 -2.726309 1391.099976
-17.079674 -10.319476 1.617664 0.029593 0.029729 -2.737031 1391.310059
-17.280106 -10.357180 1.592674 0.021201 0.025395 -2.753314 1391.520020
-17.483091 -10.388578 1.571286 0.007165 0.001646 -2.773658 1391.729980
-17.686651 -10.419107 1.554054 -0.047240 -0.008414 -2.794921 1391.949951
-17.884710 -10.473310 1.543762 -0.095261 -0.000790 -2.814093 1392.189941
-18.061649 -10.578340 1.542152 -0.099898 0.010956 -2.826378 1392.439941
-18.204054 -10.720929 1.546993 -0.078008 0.015302 -2.828367 1392.670044
-18.327913 -10.887143 1.555392 -0.042782 0.005622 -2.821555 1392.890015
-18.436871 -11.056968 1.564998 -0.017600 0.002316 -2.809030 1393.099976
-18.544186 -11.234857 1.575137 -0.012458 0.015797 -2.789906 1393.319946
-18.650509 -11.411529 1.584056 -0.012570 0.025157 -2.764960 1393.540039
-18.759785 -11.588707 1.590999 -0.012968 0.028367 -2.735175 1393.760010
-18.867807 -11.759291 1.595737 -0.012691 0.028006 -2.703169 1393.969971
-18.978064 -11.930315 1.598587 -0.004253 -0.001766 -2.668794 1394.180054
-19.085722 -12.103655 1.598600 -0.031413 -0.025476 -2.631697 1394.400024
-19.174776 -12.283468 1.594624 -0.058644 -0.024519 -2.592060 1394.630005
-19.235741 -12.478785 1.586559 -0.052277 -0.022305 -2.550328 1394.869995
-19.268332 -12.680642 1.575938 -0.031588 0.005193 -2.510410 1395.109985
-19.292463 -12.886841 1.567554 0.010372 0.044618 -2.471105 1395.349976
-19.334019 -13.083960 1.564548 0.032765 0.049347 -2.434622 1395.579956
-19.402756 -13.274785 1.566513 0.034994 0.045267 -2.399921 1395.810059
-19.496681 -13.458301 1.573030 0.024887 0.043502 -2.366301 1396.040039
-19.603062 -13.628085 1.581198 0.022808 -0.024862 -2.337544 1396.260010
-19.720064 -13.795786 1.590087 0.021635 -0.098447 -2.307568 1396.520020
-19.581135 -13.639450 1.594222 -0.005396 -0.102106 -2.271737 1397.579956
-19.448900 -13.488807 1.587741 -0.012432 -0.046539 -2.273999 1397.770020
-19.308064 -13.334766 1.581846 -0.027254 -0.016925 -2.274963 1397.959961
-19.162199 -13.188610 1.577167 -0.034215 -0.002959 -2.273552 1398.150024
-19.005690 -13.049201 1.573603 -0.029696 0.012160 -2.269099 1398.349976
-18.842497 -12.920945 1.570935 -0.025937 0.003358 -2.259586 1398.560059
-18.671970 -12.801741 1.569484 -0.014400 0.001835 -2.245213 1398.780029
-18.498766 -12.688012 1.571757 0.016503 -0.003044 -2.225880 1399.010010
-18.333073 -12.568662 1.582050 0.033076 -0.030238 -2.201138 1399.250000
-18.181454 -12.432378 1.601682 0.032614 -0.044591 -2.171547 1399.489990
-18.045067 -12.280601 1.628314 0.022904 -0.045836 -2.139214 1399.719971
-17.919123 -12.118861 1.658368 0.018031 -0.035192 -2.106517 1399.939941
-17.804714 -11.954440 1.683852 0.041790 -0.024472 -2.077398 1400.150024
-17.705544 -11.780517 1.699848 0.058473 -0.023287 -2.053283 1400.359985
-17.624512 -11.587899 1.704282 0.050640 -0.004440 -2.033990 1400.579956
-17.566549 -11.391751 1.696264 0.041004 -0.012441 -2.024896 1400.800049
-17.525597 -11.192393 1.677868 0.026276 -0.021543 -2.024760 1401.020020
-17.491259 -10.990883 1.653367 -0.042892 -0.014209 -2.030264 1401.239990
-17.435009 -10.794395 1.627204 -0.109737 -0.006202 -2.039623 1401.469971
-17.328199 -10.623703 1.602555 -0.110240 0.007965 -2.050601 1401.709961
-17.174969 -10.493097 1.582108 -0.091662 -0.002377 -2.055390 1401.949951
-16.993793 -10.395953 1.566961 -0.057086 -0.005416 -2.055272 1402.180054
-16.805248 -10.318231 1.557232 0.000882 -0.005398 -2.050448 1402.400024
-16.615993 -10.237354 1.554021 0.035877 -0.041839 -2.039474 1402.630005
-16.443672 -10.135336 1.557824 0.049014 -0.042653 -2.021381 1402.859985
-16.286304 -10.002271 1.567091 0.037695 -0.044159 -1.996769 1403.099976
-16.151957 -9.853474 1.576021 0.012882 -0.040488 -1.968354 1403.329956
-16.022696 -9.691309 1.576782 -0.012433 -0.035046 -1.936365 1403.560059
-15.894712 -9.530803 1.566280 -0.025162 -0.028269 -1.903275 1403.780029
-15.764584 -9.378099 1.548271 -0.045176 0.000028 -1.870309 1403.989990
-15.615335 -9.232686 1.528676 -0.071293 0.036610 -1.835314 1404.209961
-15.446785 -9.118673 1.513509 -0.067682 0.050252 -1.799065 1404.430054
-15.261297 -9.039913 1.504861 -0.054419 0.044671 -1.761750 1404.650024
-15.063829 -8.990327 1.503597 -0.041017 0.029444 -1.724334 1404.869995
-14.863030 -8.960233 1.507200 0.039323 0.029649 -1.689202 1405.089966
-14.659135 -8.941257 1.514238 0.104246 0.028764 -1.650454 1405.359985
-14.494812 -8.827156 1.533036 -0.037065 -0.120472 -1.579205 1406.400024
-14.448101 -8.627046 1.533925 -0.037523 -0.097005 -1.563846 1406.709961
-14.394348 -8.430792 1.532839 -0.021079 -0.047749 -1.551136 1406.939941
-14.338590 -8.237635 1.530235 -0.004702 -0.024975 -1.536450 1407.150024
-14.283660 -8.042574 1.525659 0.003037 -0.027810 -1.518882 1407.359985
-14.233100 -7.845382 1.518899 0.005453 -0.030949 -1.498587 1407.569946
-14.188107 -7.645148 1.510050 0.004777 -0.029174 -1.475573 1407.780029
-14.148384 -7.442646 1.499720 0.003598 -0.021268 -1.450151 1407.989990
-14.113111 -7.241693 1.488797 -0.003404 -0.002255 -1.422755 1408.199951
-14.075142 -7.040380 1.480338 -0.040836 0.015141 -1.392688 1408.420044
-14.016530 -6.844195 1.478178 -0.066579 0.018700 -1.360088 1408.650024
-13.926696 -6.660537 1.483836 -0.069231 0.011490 -1.326037 1408.880005
-13.812200 -6.491595 1.495976 -0.058180 0.002693 -1.292630 1409.099976
-13.683596 -6.332737 1.512262 -0.041513 -0.002821 -1.260338 1409.310059
-13.551165 -6.183154 1.530031 -0.030781 0.009596 -1.229522 1409.510010
-13.411926 -6.039891 1.547923 -0.034072 0.025898 -1.198266 1409.709961
-13.256078 -5.901181 1.565067 -0.032718 0.030771 -1.165012 1409.920044
-13.090098 -5.775350 1.579685 -0.033125 0.026074 -1.131452 1410.130005
-12.915277 -5.659678 1.591602 -0.024710 0.017638 -1.097898 1410.339966
-12.737523 -5.552193 1.599904 0.005260 0.010518 -1.065079 1410.550049
-12.558409 -5.449602 1.600929 -0.006674 0.008322 -1.031350 1410.770020
-12.375996 -5.349566 1.591734 -0.014667 0.004778 -0.996680 1411.000000
-12.196100 -5.253059 1.573259 -0.016879 0.002112 -0.962869 1411.229980
-12.017828 -5.157593 1.547136 -0.029617 0.003102 -0.929642 1411.459961
-11.837775 -5.059639 1.517943 -0.023590 -0.016481 -0.896954 1411.689941
-11.662978 -4.952410 1.493606 -0.028550 -0.042940 -0.864917 1411.920044
-11.500491 -4.825745 1.478535 -0.020138 -0.046854 -0.833612 1412.150024
-11.354320 -4.680886 1.473258 -0.022690 -0.037922 -0.802902 1412.380005
-11.220869 -4.521584 1.477111 -0.028767 -0.024808 -0.772382 1412.609985
-11.099608 -4.359758 1.486923 -0.015775 -0.011991 -0.743305 1412.829956
-10.983243 -4.196357 1.498131 -0.021560 -0.002565 -0.714173 1413.050049
-10.867112 -4.032626 1.504929 -0.033906 0.002714 -0.684805 1413.270020
-10.746515 -3.866243 1.504519 -0.035553 0.004556 -0.654947 1413.489990
-10.626419 -3.704494 1.496804 -0.031936 0.004773 -0.625926 1413.699951
-10.502960 -3.541467 1.483068 -0.019455 0.010331 -0.596496 1413.910034
-10.376715 -3.381835 1.466025 -0.018202 0.025936 -0.566570 1414.119995
-10.243881 -3.229359 1.448152 0.001810 0.024245 -0.536228 1414.329956
-10.105029 -3.085526 1.430777 0.073013 -0.006533 -0.506969 1414.550049
-9.959062 -2.947238 1.412137 0.110293 -0.030510 -0.472977 1414.849976
-9.755847 -2.932636 1.422135 -0.039741 0.131322 -0.407901 1415.810059
-9.554157 -2.976521 1.448355 -0.036016 0.098201 -0.391311 1416.099976
-9.343571 -3.011988 1.472206 -0.021974 0.049126 -0.375220 1416.329956
-9.145486 -3.040599 1.494114 -0.013395 0.032157 -0.359873 1416.530029
-8.943092 -3.067365 1.516332 -0.010076 0.014419 -0.342280 1416.729980
-8.743114 -3.090216 1.536943 -0.032782 -0.001635 -0.322374 1416.930054
-8.539023 -3.100313 1.555758 -0.052612 -0.002409 -0.298696 1417.140015
-8.331044 -3.088273 1.571772 -0.046297 -0.013592 -0.270503 1417.359985
-8.132648 -3.054796 1.584261 -0.039744 0.000133 -0.241377 1417.579956
-7.931465 -3.002816 1.594725 -0.026794 0.007551 -0.208939 1417.810059
-7.735426 -2.941334 1.600335 -0.010593 0.000705 -0.175346 1418.040039
-7.538970 -2.874716 1.593715 -0.009988 0.020427 -0.140146 1418.280029
-7.342979 -2.808048 1.572215 -0.003426 0.011587 -0.104635 1418.520020
-7.150634 -2.743031 1.542737 -0.011347 0.007449 -0.069717 1418.760010
-6.963573 -2.675475 1.514370 -0.026865 0.024925 -0.035417 1419.000000
-6.774879 -2.598550 1.492483 -0.023486 0.017588 -0.000965 1419.239990
-6.585641 -2.512550 1.478453 -0.022730 0.027961 0.032548 1419.479980
-6.401096 -2.422753 1.471903 -0.009574 0.012223 0.064540 1419.709961
-6.218913 -2.332960 1.469539 0.015809 0.015601 0.094904 1419.939941
-6.029407 -2.251385 1.468325 0.027598 0.034207 0.124440 1420.180054
-5.832169 -2.186758 1.466401 0.027153 0.019169 0.149249 1420.420044
-5.631773 -2.138844 1.462864 0.027717 0.026470 0.167851 1420.660034
-5.425764 -2.105891 1.457623 0.023698 0.032283 0.177298 1420.900024
-5.221982 -2.085129 1.450975 0.007996 0.011025 0.178259 1421.130005
-5.022449 -2.066171 1.443363 -0.047706 0.006604 0.176153 1421.359985
-4.825777 -2.022168 1.435566 -0.081709 0.011327 0.174433 1421.599976
-4.642458 -1.937668 1.428241 -0.072019 0.003215 0.176733 1421.839966
-4.473371 -1.818319 1.421406 -0.059287 0.018074 0.181685 1422.079956
-4.324033 -1.685314 1.415933 -0.034100 0.017526 0.190676 1422.300049
-4.176561 -1.543464 1.414942 0.023690 0.025125 0.200267 1422.520020
-4.015502 -1.411391 1.424320 0.061624 0.041489 0.207747 1422.750000
-3.836514 -1.312030 1.445365 0.064623 0.043752 0.211129 1422.979980
-3.648042 -1.245972 1.471822 0.018278 0.035663 0.213160 1423.199951
-3.451320 -1.188195 1.498087 -0.032963 0.024807 0.217467 1423.420044
-3.256967 -1.117606 1.520578 -0.050746 0.005396 0.226150 1423.640015
-3.074241 -1.027621 1.536948 -0.052792 0.005212 0.237712 1423.859985
-2.904168 -0.918692 1.547098 -0.036877 -0.006456 0.253582 1424.079956
-2.745622 -0.796328 1.551398 0.007605 -0.073770 0.273128 1424.310059
-2.595449 -0.660248 1.555136 0.067987 -0.203302 0.292668 1424.650024
-2.798285 -0.685179 1.554029 -0.006101 -0.137270 0.321685 1425.239990
-2.999312 -0.737008 1.551471 -0.004455 -0.077368 0.333668 1425.459961
-3.194005 -0.787947 1.550280 -0.002522 -0.032822 0.345678 1425.650024
-3.391619 -0.839965 1.550605 0.002629 -0.012401 0.359609 1425.839966
-3.594567 -0.895028 1.552585 0.009858 -0.009389 0.376604 1426.040039
-3.790217 -0.952305 1.556011 0.013357 -0.005770 0.396112 1426.239990
-3.985801 -1.015408 1.560762 0.012714 -0.000834 0.418926 1426.449951
-4.179536 -1.083870 1.566623 0.006727 -0.019516 0.444996 1426.670044
-4.369765 -1.155458 1.573294 0.001600 -0.027889 0.473442 1426.890015
-4.561481 -1.229352 1.579867 -0.013952 -0.027295 0.503825 1427.109985
-4.757402 -1.300023 1.585358 -0.027118 -0.024159 0.535509 1427.329956
-4.949998 -1.359758 1.589139 -0.031829 -0.024953 0.566810 1427.540039
-5.149015 -1.411087 1.591413 -0.029251 -0.024135 0.598841 1427.750000
-5.353346 -1.455495 1.592326 -0.017646 -0.011646 0.631028 1427.959961
-5.556475 -1.494626 1.592061 -0.009902 -0.002865 0.663341 1428.170044
-5.753932 -1.528940 1.590122 -0.021433 -0.005421 0.695753 1428.380005
-5.958636 -1.557359 1.585962 -0.031034 -0.008705 0.729407 1428.599976
-6.164035 -1.576617 1.579936 -0.020255 0.000485 0.761950 1428.819946
-6.366407 -1.588000 1.572306 -0.024496 -0.007920 0.794344 1429.040039
-6.568687 -1.593579 1.563642 -0.018571 -0.009138 0.826037 1429.260010
-6.768920 -1.596605 1.552750 0.010019 -0.010154 0.856788 1429.479980
-6.968215 -1.607142 1.533152 0.023930 -0.040130 0.888017 1429.709961
-7.168173 -1.640877 1.501153 0.029663 -0.045168 0.920904 1429.949951
-7.359384 -1.702727 1.467370 0.035251 -0.054250 0.953333 1430.189941
-7.541500 -1.796655 1.445369 0.029456 -0.059842 0.986117 1430.430054
-7.710683 -1.916243 1.440432 0.018654 -0.050086 1.018258 1430.660034
-7.869142 -2.050266 1.450650 0.005779 -0.040898 1.049166 1430.880005
-8.018670 -2.188271 1.471159 0.003609 -0.016318 1.078601 1431.089966
-8.163292 -2.327441 1.495150 0.005984 -0.015177 1.107847 1431.300049
-8.308037 -2.473568 1.515734 0.007453 -0.025674 1.138522 1431.520020
-8.447378 -2.624195 1.527021 0.005064 -0.033231 1.169482 1431.739990
-8.583313 -2.781627 1.527756 0.002665 -0.028538 1.200724 1431.959961
-8.715994 -2.942625 1.520289 -0.010997 -0.007940 1.231881 1432.180054
-8.848664 -3.097942 1.508875 -0.036266 -0.007505 1.262888 1432.400024
-8.990324 -3.243479 1.496909 -0.035283 0.000720 1.293010 1432.619995
-9.140638 -3.377268 1.486224 -0.031516 -0.000454 1.323132 1432.839966
-9.297801 -3.501181 1.477951 -0.033045 -0.012545 1.353523 1433.060059
-9.462998 -3.620850 1.472663 -0.033173 -0.017281 1.383913 1433.280029
-9.628385 -3.733823 1.470800 -0.034011 -0.014748 1.413108 1433.489990
-9.800562 -3.845079 1.471690 -0.021265 -0.004900 1.442287 1433.699951
-9.973939 -3.952033 1.474673 -0.013699 -0.000500 1.471630 1433.910034
-10.153352 -4.058480 1.479364 -0.021215 -0.007190 1.502734 1434.130005
-10.331790 -4.161248 1.484696 0.016167 0.011076 1.533319 1434.349976
-10.505462 -4.260617 1.489532 0.081024 0.046510 1.566439 1434.589966
-10.679213 -4.361025 1.495954 -0.076345 -0.054697 1.620938 1435.359985
-10.840688 -4.487861 1.504036 -0.091210 -0.065396 1.645007 1435.859985
-11.001282 -4.617144 1.511658 -0.071085 -0.049963 1.659245 1436.119995
-11.163783 -4.749323 1.518982 -0.042765 -0.039854 1.674862 1436.339966
-11.319074 -4.882291 1.524880 0.010060 -0.056057 1.692488 1436.540039
-11.461393 -5.029827 1.528882 0.047158 -0.070167 1.712376 1436.739990
-11.576382 -5.193993 1.530112 0.057635 -0.068435 1.735511 1436.939941
-11.664196 -5.382066 1.528326 0.046641 -0.061875 1.762624 1437.150024
-11.723731 -5.582380 1.523965 0.029582 -0.046134 1.792173 1437.359985
-11.762379 -5.779369 1.518307 0.011139 -0.033817 1.821543 1437.560059
-11.792211 -5.978614 1.512528 -0.014020 -0.015766 1.851906 1437.760010
-11.825913 -6.185731 1.508205 -0.038460 0.001810 1.884207 1437.969971
-11.873026 -6.387125 1.506568 -0.040736 0.014364 1.916577 1438.180054
-11.935917 -6.579164 1.507504 -0.035312 0.016427 1.949352 1438.390015
-12.016105 -6.769681 1.511013 -0.033462 0.006683 1.984026 1438.609985
-12.106921 -6.952607 1.516265 -0.010030 0.015986 2.017800 1438.829956
-12.207290 -7.128868 1.520152 -0.024117 0.046629 2.052911 1439.060059
-12.329170 -7.287829 1.518586 -0.044988 0.057038 2.088981 1439.300049
-12.478736 -7.423087 1.510129 -0.037076 0.046317 2.124694 1439.540039
-12.643282 -7.535917 1.495832 -0.039356 0.030843 2.158452 1439.770020
-12.822948 -7.640202 1.477220 -0.023336 0.014208 2.191590 1440.000000
-12.999802 -7.735975 1.456669 -0.025133 0.005199 2.222574 1440.219971
-13.178061 -7.831786 1.435113 -0.019273 -0.007824 2.253252 1440.439941
-13.351282 -7.932360 1.418898 -0.016036 -0.045607 2.283295 1440.660034
-13.514782 -8.054657 1.413576 -0.022392 -0.065060 2.314329 1440.890015
-13.655098 -8.201043 1.420456 -0.011955 -0.056583 2.344985 1441.119995
-13.772841 -8.365569 1.438774 -0.024125 -0.042102 2.375461 1441.349976
-13.877021 -8.544322 1.464855 -0.020510 -0.006929 2.405789 1441.579956
-13.981532 -8.722304 1.488794 -0.012345 0.068167 2.436793 1441.810059
-14.115264 -8.880886 1.503714 -0.001357 0.098479 2.470532 1442.050049
-14.282643 -8.999651 1.505329 0.003591 0.088480 2.504788 1442.290039
-14.469304 -9.079804 1.494663 -0.004101 0.069189 2.537891 1442.520020
-14.665452 -9.134761 1.477717 0.012739 0.049490 2.569557 1442.739990
-14.868583 -9.169086 1.461399 0.029528 0.052185 2.601222 1442.959961
-15.075340 -9.177920 1.449904 0.029289 0.053493 2.632704 1443.180054
-15.276786 -9.163648 1.445000 0.021304 0.046622 2.662540 1443.390015
-15.481710 -9.132874 1.446016 0.012336 0.032828 2.692369 1443.599976
-15.686178 -9.092890 1.451604 0.003135 0.002030 2.721822 1443.810059
-15.890572 -9.053368 1.460210 -0.048136 -0.026961 2.752731 1444.030029
-16.090328 -9.040832 1.470564 -0.090249 -0.034118 2.785667 1444.260010
-16.291759 -9.079290 1.480072 -0.041622 -0.066630 2.823316 1444.510010
-16.477362 -9.165119 1.486724 0.036645 -0.089501 2.860597 1444.810059
-16.533812 -8.974995 1.533029 0.116060 0.029993 2.898576 1445.739990
-16.514135 -8.774152 1.553467 0.065224 0.022364 2.877365 1445.959961
-16.498884 -8.571157 1.573892 0.032735 0.016561 2.852164 1446.160034
-16.486872 -8.363559 1.594719 0.011008 0.015256 2.822378 1446.359985
-16.479755 -8.159107 1.613367 0.005139 0.022338 2.788826 1446.560059
-16.480045 -7.959164 1.628300 0.003041 0.022959 2.752527 1446.760010
-16.488291 -7.754952 1.639288 -0.003269 0.014937 2.712855 1446.969971
-16.503271 -7.549350 1.646007 0.005753 0.015224 2.670501 1447.189941
-16.521992 -7.349520 1.647434 0.011205 0.001652 2.628525 1447.410034
-16.538561 -7.145313 1.640932 0.031231 -0.002523 2.585632 1447.640015
-16.545462 -6.930738 1.625021 0.040620 -0.000150 2.542304 1447.880005
-16.540771 -6.728711 1.603264 0.040709 0.005335 2.504063 1448.099976
-16.528074 -6.530459 1.578012 0.023510 0.001854 2.468651 1448.310059
-16.510017 -6.324753 1.550391 -0.002162 0.004157 2.433350 1448.530029
-16.494427 -6.118615 1.523265 0.000668 0.029324 2.398250 1448.760010
-16.489651 -5.914726 1.500023 -0.005407 0.024901 2.364965 1448.989990
-16.496046 -5.713599 1.480951 0.002955 0.030307 2.333178 1449.219971
-16.511501 -5.511289 1.465517 0.008449 0.027935 2.302351 1449.449951
-16.532093 -5.307992 1.454075 0.004765 0.003537 2.272710 1449.680054
-16.551680 -5.102184 1.449778 0.025951 0.011139 2.242692 1449.920044
-16.563074 -4.895076 1.454333 0.027084 0.007332 2.212503 1450.160034
-16.564632 -4.694971 1.465564 0.026861 0.012942 2.183989 1450.390015
-16.558744 -4.491959 1.482189 0.030033 0.027444 2.155507 1450.619995
-16.548624 -4.289812 1.501315 0.023657 0.027887 2.127469 1450.839966
-16.537006 -4.081553 1.518411 0.005640 0.028748 2.098982 1451.060059
-16.530296 -3.880566 1.527262 -0.005645 0.036109 2.071378 1451.270020
-16.532625 -3.678263 1.527020 -0.014357 0.020674 2.043660 1451.479980
-16.544733 -3.470757 1.517186 -0.014303 0.015054 2.014365 1451.699951
-16.565243 -3.270108 1.502012 -0.012978 0.020829 1.984713 1451.920044
-16.595531 -3.064107 1.486730 -0.009169 0.029695 1.953404 1452.150024
-16.631914 -2.867267 1.475991 -0.006373 0.016734 1.923690 1452.369995
-16.674147 -2.664379 1.470204 -0.002075 0.025968 1.892630 1452.599976
-16.719219 -2.460569 1.470160 -0.002099 0.023955 1.862145 1452.829956
-16.765320 -2.265159 1.475885 -0.021302 0.019948 1.836316 1453.050049
-16.820927 -2.072904 1.487696 -0.034311 0.025664 1.816788 1453.270020
-16.891703 -1.882831 1.504919 -0.035224 0.029388 1.805528 1453.489990
-16.977791 -1.693066 1.526393 -0.029040 0.030479 1.803368 1453.709961
-17.070694 -1.512120 1.548484 -0.013158 -0.007999 1.810066 1453.920044
-17.171207 -1.331540 1.569773 0.013411 -0.086826 1.823144 1454.150024
-17.274580 -1.159020 1.589617 0.030355 -0.115781 1.847301 1454.479980
-17.104336 -1.049258 1.594000 0.110584 0.034040 1.866436 1455.319946
-16.914989 -0.970593 1.588611 0.084254 0.031737 1.843673 1455.579956
-16.727562 -0.881382 1.582942 0.039873 0.018718 1.817073 1455.800049
-16.541479 -0.787568 1.577380 0.024281 0.013719 1.787665 1456.010010
-16.355762 -0.690465 1.571989 0.011615 0.009914 1.754870 1456.219971
-16.174675 -0.592849 1.567009 0.011715 0.011041 1.719655 1456.430054
-15.998333 -0.494821 1.562720 0.007802 0.007771 1.682811 1456.640015
-15.819479 -0.393218 1.558815 0.008253 0.006520 1.643587 1456.859985
-15.645810 -0.293569 1.554940 0.022610 0.004838 1.604393 1457.079956
-15.470633 -0.196713 1.549145 0.037243 -0.003516 1.565445 1457.300049
-15.287904 -0.106351 1.540228 0.031348 -0.010761 1.527148 1457.520020
-15.100260 -0.025785 1.528082 0.025333 -0.009191 1.490293 1457.739990
-14.911031 0.045553 1.513697 0.018102 -0.007202 1.454748 1457.959961
-14.714185 0.111681 1.500373 0.023204 -0.005205 1.419265 1458.189941
-14.516433 0.170015 1.492329 0.033783 0.002323 1.385204 1458.420044
-14.321405 0.220953 1.490744 0.038402 0.009253 1.353486 1458.640015
-14.118229 0.269550 1.494777 0.034232 0.012237 1.322137 1458.859985
-13.919264 0.314919 1.501848 0.012779 0.009667 1.292444 1459.069946
-13.722946 0.360850 1.509017 0.006983 0.020753 1.263252 1459.280029
-13.512567 0.416868 1.514897 0.001568 0.021788 1.231511 1459.510010
-13.317251 0.477003 1.517774 0.003514 0.013247 1.201588 1459.729980
-13.119232 0.539725 1.517303 0.034452 -0.027075 1.170721 1459.959961
-12.921168 0.580760 1.513559 0.057392 -0.052380 1.139268 1460.189941
-12.720020 0.585281 1.506982 0.045983 -0.053723 1.108494 1460.420044
-12.519869 0.555486 1.497930 0.048309 -0.035163 1.078542 1460.650024
-12.326243 0.503063 1.487836 0.048494 -0.014734 1.049728 1460.869995
-12.136257 0.439447 1.477881 0.036587 -0.004851 1.021511 1461.079956
-11.943329 0.368657 1.470053 0.030565 -0.004660 0.992736 1461.290039
-11.749953 0.292555 1.465916 0.023513 -0.005223 0.963620 1461.500000
-11.559612 0.212917 1.465663 0.007520 -0.006556 0.934380 1461.709961
-11.369122 0.129803 1.468682 -0.006088 0.008168 0.903592 1461.930054
-11.178831 0.052709 1.473937 -0.002069 0.041114 0.870942 1462.160034
-10.987085 -0.004512 1.480276 -0.002601 0.046108 0.838530 1462.390015
-10.782065 -0.042037 1.486976 0.004126 0.042883 0.804900 1462.630005
-10.579728 -0.061651 1.493083 0.011390 0.035119 0.772560 1462.859985
-10.372780 -0.071467 1.498914 -0.010202 0.023502 0.740608 1463.089966
-10.170784 -0.067191 1.506592 -0.046729 0.046389 0.708733 1463.319946
-9.968638 -0.028635 1.517780 -0.058455 0.049106 0.677229 1463.560059
-9.776477 0.049153 1.531609 -0.048586 0.041183 0.648678 1463.800049
-9.600455 0.152526 1.547021 -0.031210 0.030522 0.624789 1464.030029
-9.433653 0.270173 1.561627 -0.014737 -0.049043 0.606678 1464.260010
-9.272446 0.396466 1.576680 0.010573 -0.149071 0.588372 1464.550049
-9.115148 0.269760 1.587748 0.102791 0.041157 0.568863 1465.349976
-8.990057 0.111912 1.589071 0.085353 0.026976 0.548024 1465.619995
-8.852929 -0.046018 1.590519 0.047280 0.010640 0.526878 1465.849976
-8.718349 -0.199488 1.592145 0.036109 0.004125 0.505441 1466.060059
-8.581261 -0.357972 1.593963 0.029963 0.004057 0.481447 1466.270020
-8.449863 -0.511221 1.595565 0.021749 0.012078 0.456276 1466.469971
-8.316751 -0.662946 1.596919 0.017827 0.018850 0.428956 1466.670044
-8.180490 -0.810987 1.598017 0.016425 0.020873 0.399806 1466.869995
-8.040831 -0.954895 1.598786 0.015248 0.019129 0.369245 1467.069946
-7.891558 -1.101893 1.599343 0.016621 0.017028 0.336032 1467.280029
-7.740425 -1.246019 1.599865 0.019563 0.015639 0.301941 1467.489990
-7.588263 -1.388733 1.600110 0.013057 0.006537 0.267388 1467.699951
-7.439146 -1.529635 1.598648 0.019586 -0.001523 0.233037 1467.910034
-7.295922 -1.671641 1.594349 0.025637 -0.004346 0.198822 1468.119995
-7.153507 -1.823778 1.586629 0.015367 -0.009896 0.163484 1468.339966
-7.020700 -1.976730 1.575870 0.022387 0.000521 0.129125 1468.560059
-6.893331 -2.131836 1.562865 0.015871 0.001545 0.095382 1468.780029
-6.765856 -2.293433 1.548468 0.013013 -0.003062 0.061381 1469.010010
-6.645610 -2.453915 1.534432 0.030987 0.007343 0.028574 1469.239990
-6.528796 -2.619591 1.521652 0.021959 0.002997 -0.003781 1469.469971
-6.415864 -2.788565 1.510160 0.026622 0.011567 -0.035149 1469.699951
-6.303294 -2.961377 1.500188 0.008521 0.031941 -0.065869 1469.930054
-6.180237 -3.129451 1.493002 -0.031844 0.062732 -0.097120 1470.160034
-6.032063 -3.276450 1.488724 -0.050226 0.056036 -0.127270 1470.390015
-5.860105 -3.394879 1.486695 -0.046208 0.046274 -0.157016 1470.619995
-5.679096 -3.484271 1.486354 -0.031654 0.038851 -0.185748 1470.839966
-5.488317 -3.557123 1.488142 -0.030179 0.009657 -0.212647 1471.060059
-5.289773 -3.615265 1.495985 -0.041668 0.014224 -0.236902 1471.290039
-5.089889 -3.651781 1.512222 -0.041171 0.024997 -0.253368 1471.520020
-4.884219 -3.669194 1.535502 -0.033833 0.015733 -0.259818 1471.750000
-4.685440 -3.671067 1.560277 -0.035048 0.019128 -0.257492 1471.969971
-4.484027 -3.659556 1.584712 -0.032837 0.026518 -0.246634 1472.189941
-4.277579 -3.637009 1.606968 -0.026027 0.028670 -0.227723 1472.410034
-4.075823 -3.608390 1.625585 -0.017881 0.027033 -0.203240 1472.619995
-3.872163 -3.576108 1.641122 -0.008202 0.007628 -0.173782 1472.829956
-3.674017 -3.541321 1.653640 -0.030793 -0.002830 -0.140912 1473.040039
-3.475909 -3.492471 1.664001 -0.059431 -0.008023 -0.103151 1473.260010
-3.289173 -3.419753 1.671837 -0.057329 -0.016575 -0.062754 1473.479980
-3.109416 -3.319082 1.678071 -0.048736 -0.005964 -0.020689 1473.709961
-2.941549 -3.199156 1.683411 -0.035093 0.005435 0.021258 1473.939941
-2.780570 -3.067952 1.688405 -0.018991 0.009495 0.062520 1474.170044
-2.623644 -2.933580 1.692809 -0.009356 0.022917 0.102127 1474.400024
-2.463909 -2.800208 1.694759 -0.003675 0.037931 0.140248 1474.630005
-2.302666 -2.675256 1.693535 0.003650 0.027574 0.175246 1474.849976
-2.136284 -2.555631 1.689096 0.003791 0.024709 0.208688 1475.069946
-1.966785 -2.441280 1.681860 -0.000218 0.027024 0.240928 1475.290039
-1.794809 -2.330237 1.672644 -0.000136 0.013682 0.271890 1475.510010
-1.624595 -2.222615 1.662102 -0.004409 0.021791 0.301879 1475.729980
-1.448233 -2.111833 1.650625 0.003047 -0.019974 0.331991 1475.959961
-1.279277 -2.004905 1.639283 0.017892 -0.090719 0.360616 1476.209961
-1.124998 -1.879835 1.609839 -0.093677 0.076856 0.415043 1477.060059
-1.071428 -1.692036 1.559308 -0.079939 0.073224 0.437858 1477.469971
-1.015822 -1.503904 1.514727 -0.056694 0.054331 0.456419 1477.719971
-0.957974 -1.310757 1.470060 -0.027850 0.028301 0.475598 1477.939941
-0.899817 -1.118318 1.424256 -0.020264 0.023754 0.495531 1478.150024
-0.840036 -0.923572 1.377054 -0.008173 0.011110 0.517658 1478.359985
-0.780550 -0.732300 1.329912 -0.000963 0.006755 0.538818 1478.569946
-0.716910 -0.542214 1.287656 0.061529 0.020178 0.557547 1478.790039
-0.619274 -0.362159 1.259413 0.112551 0.038680 0.571153 1479.040039
-0.460014 -0.229365 1.254362 0.102665 0.029115 0.571280 1479.310059
-0.269497 -0.158208 1.270581 0.074586 0.034998 0.562395 1479.560059
-0.066521 -0.121439 1.297993 0.053825 0.031990 0.545185 1479.790039
0.134391 -0.103113 1.328343 0.040414 0.029259 0.523185 1480.000000
0.334088 -0.094696 1.358123 0.022024 0.012160 0.497166 1480.199951
0.533215 -0.091822 1.386183 0.009353 0.005995 0.468108 1480.400024
0.736963 -0.091267 1.413060 0.005529 0.014624 0.434888 1480.609985
0.936477 -0.090498 1.436726 0.000658 0.007515 0.399695 1480.819946
1.138768 -0.088680 1.457921 0.000145 0.005621 0.361827 1481.040039
1.342771 -0.086232 1.475238 0.009485 0.016497 0.321979 1481.270020
1.545195 -0.085733 1.487516 0.015532 0.024506 0.282299 1481.500000
1.749567 -0.089157 1.495344 0.013052 0.017546 0.243317 1481.729980
1.954210 -0.096537 1.499877 0.012479 0.029151 0.205678 1481.959961
2.162150 -0.106698 1.502059 0.005498 0.008317 0.169231 1482.189941
2.364845 -0.118164 1.502761 -0.000429 0.007883 0.134844 1482.420044
2.570024 -0.128802 1.503116 -0.001367 0.027977 0.100580 1482.660034
2.777316 -0.136735 1.503673 -0.001590 0.023108 0.068537 1482.900024
2.977732 -0.142262 1.504583 -0.001572 0.029149 0.041421 1483.130005
3.182425 -0.146031 1.505427 -0.002833 0.036766 0.018855 1483.359985
3.384861 -0.147825 1.505718 -0.003324 0.028366 0.002034 1483.579956
3.590007 -0.147978 1.505125 -0.002810 0.016390 -0.009221 1483.800049
3.792489 -0.146755 1.503573 -0.005021 0.015564 -0.014286 1484.020020
4.001527 -0.143140 1.501232 -0.008067 0.025552 -0.013437 1484.250000
4.202210 -0.136338 1.498565 -0.007956 0.017946 -0.007625 1484.469971
4.410746 -0.125800 1.495388 -0.006316 0.023120 0.000974 1484.699951
4.610512 -0.113241 1.492330 -0.004169 0.023348 0.009509 1484.920044
4.810612 -0.099419 1.489445 0.000380 0.017791 0.017294 1485.140015
5.018345 -0.085707 1.486682 0.003749 0.029390 0.024226 1485.369995
5.220123 -0.074613 1.484410 0.004562 0.034030 0.029525 1485.589966
5.427258 -0.065683 1.482357 0.003914 0.034955 0.033508 1485.810059
5.629755 -0.058779 1.480593 0.002677 0.010923 0.036088 1486.020020
5.833417 -0.053029 1.478395 0.000979 -0.071546 0.037647 1486.239990
6.034496 -0.048451 1.476146 -0.000791 -0.143956 0.038541 1486.530029
5.842175 -0.110352 1.457690 0.026629 -0.136022 0.024449 1487.270020
5.639426 -0.155724 1.443138 0.016991 -0.078675 0.012823 1487.469971
5.438275 -0.200545 1.430871 -0.001135 -0.038106 -0.001437 1487.650024
5.233133 -0.243145 1.422313 -0.019087 -0.017510 -0.019215 1487.829956
5.031103 -0.278053 1.418604 -0.028630 -0.002123 -0.039964 1488.010010
4.826995 -0.303669 1.419695 -0.030566 0.013168 -0.064314 1488.199951
4.626694 -0.318406 1.425991 -0.023188 0.000262 -0.091285 1488.400024
4.418228 -0.323588 1.438233 -0.015046 -0.006373 -0.123120 1488.619995
4.218671 -0.321134 1.453856 -0.011815 0.000591 -0.156367 1488.839966
4.012749 -0.311822 1.471627 -0.016420 -0.014812 -0.193000 1489.079956
3.811566 -0.292754 1.488407 -0.015890 -0.037601 -0.230038 1489.319946
3.612924 -0.263381 1.502438 -0.010724 -0.039212 -0.266051 1489.550049
3.407422 -0.226126 1.511898 0.009895 -0.028605 -0.301843 1489.780029
3.206462 -0.192388 1.514555 0.028225 -0.027438 -0.335463 1490.000000
2.999775 -0.167941 1.510833 0.033983 -0.026835 -0.368551 1490.219971
2.796586 -0.154926 1.502064 0.031218 -0.024773 -0.399745 1490.430054
2.589106 -0.150420 1.489735 0.018681 -0.011895 -0.430308 1490.640015
2.383493 -0.151156 1.477514 0.008246 -0.008287 -0.460648 1490.849976
2.182639 -0.153524 1.468713 0.006581 -0.016902 -0.490785 1491.060059
1.975756 -0.154932 1.464429 -0.001255 -0.009364 -0.521689 1491.280029
1.774985 -0.153767 1.465101 0.005008 -0.013874 -0.552184 1491.500000
1.568779 -0.151728 1.469834 0.022737 -0.014151 -0.583742 1491.729980
1.361018 -0.155218 1.477158 0.032708 -0.013402 -0.614948 1491.959961
1.159578 -0.166928 1.485085 0.023859 -0.003688 -0.644001 1492.180054
0.959605 -0.185905 1.492852 0.027433 -0.009461 -0.673431 1492.400024
0.759168 -0.210880 1.499618 0.017745 -0.007054 -0.702640 1492.619995
0.560327 -0.238927 1.503247 0.018248 -0.012023 -0.732016 1492.839966
0.361655 -0.268160 1.502431 0.021052 -0.017278 -0.761651 1493.060059
0.161690 -0.297302 1.497177 0.009873 -0.010634 -0.791134 1493.280029
-0.044827 -0.326194 1.487527 0.019014 -0.015502 -0.822391 1493.510010
-0.242840 -0.352478 1.476140 0.009947 -0.027352 -0.852542 1493.729980
-0.442960 -0.370365 1.466303 -0.003306 -0.052958 -0.882927 1493.949951
-0.646634 -0.368188 1.459774 -0.016860 -0.049733 -0.913709 1494.170044
-0.848536 -0.343402 1.456956 -0.014938 -0.041204 -0.944585 1494.390015
-1.046326 -0.300299 1.457759 0.000330 -0.038670 -0.975381 1494.609985
-1.242730 -0.244859 1.461596 0.000717 -0.021202 -1.005852 1494.829956
-1.435674 -0.183808 1.467509 0.013075 -0.018663 -1.036203 1495.050049
-1.627436 -0.121495 1.475354 0.013082 -0.012435 -1.066293 1495.270020
-1.818196 -0.059925 1.487240 0.019546 -0.017813 -1.096539 1495.489990
-2.010956 0.001719 1.504206 0.023600 -0.021791 -1.126988 1495.709961
-2.208015 0.064609 1.526025 0.024337 -0.022280 -1.157726 1495.930054
-2.399325 0.125779 1.549407 0.014472 -0.001568 -1.187043 1496.140015
-2.597440 0.184054 1.572197 0.032508 0.025612 -1.218204 1496.359985
-2.795190 0.224054 1.590457 0.036971 0.035784 -1.249507 1496.579956
-3.002489 0.242007 1.603492 0.031116 0.032269 -1.282496 1496.810059
-3.209807 0.239292 1.610718 0.037303 0.019808 -1.315866 1497.040039
-3.418827 0.222808 1.612967 -0.018933 0.013341 -1.348411 1497.270020
-3.619428 0.200799 1.611298 -0.094686 0.012025 -1.381036 1497.520020
-3.817794 0.173819 1.603631 0.055657 -0.022114 -1.436572 1498.209961
-4.021586 0.200741 1.605743 0.125660 -0.027254 -1.465322 1498.760010
-4.226281 0.225643 1.610086 0.081144 -0.015931 -1.479875 1499.010010
-4.428794 0.249536 1.614308 0.045134 -0.007286 -1.494806 1499.219971
-4.630700 0.272726 1.618606 0.022037 0.000920 -1.511570 1499.420044
-4.832091 0.293847 1.621787 0.013327 0.012174 -1.530812 1499.619995
-5.039331 0.309914 1.623195 0.017089 0.017491 -1.553619 1499.829956
-5.242509 0.318039 1.622382 0.004177 0.015081 -1.578623 1500.040039
-5.447708 0.319352 1.619217 0.015092 0.012551 -1.606920 1500.260010
-5.649142 0.315185 1.614450 0.014207 0.007094 -1.637105 1500.479980
-5.856148 0.307462 1.607421 0.012432 0.015440 -1.670110 1500.709961
-6.059518 0.292829 1.596466 0.021661 0.032931 -1.704331 1500.939941
-6.273073 0.263326 1.580591 0.012371 0.030023 -1.741079 1501.180054
-6.476484 0.222364 1.561546 0.015178 0.027460 -1.776493 1501.410034
-6.670427 0.174156 1.540629 0.016770 0.021613 -1.810521 1501.630005
-6.863862 0.120684 1.519092 0.011379 0.012105 -1.844176 1501.849976
-7.063398 0.063113 1.499159 0.021832 0.015713 -1.878825 1502.079956
-7.255805 0.007109 1.484342 0.017738 0.010252 -1.911836 1502.300049
-7.448361 -0.048063 1.473747 0.018818 0.011315 -1.944179 1502.520020
-7.641290 -0.102180 1.466896 0.023851 0.016630 -1.976133 1502.739990
-7.836360 -0.155508 1.463224 0.018011 0.001646 -2.007789 1502.959961
-8.039209 -0.205507 1.462214 0.031215 0.000297 -2.039941 1503.189941
-8.236129 -0.244538 1.463453 0.038621 0.004853 -2.070419 1503.410034
-8.439651 -0.275113 1.466096 0.039372 0.010857 -2.100863 1503.630005
-8.640776 -0.298229 1.469292 0.026444 0.007876 -2.130331 1503.839966
-8.843254 -0.317247 1.472893 0.008450 0.007806 -2.159655 1504.050049
-9.050555 -0.337482 1.478490 0.000032 0.025963 -2.190223 1504.270020
-9.254287 -0.366043 1.486908 -0.005576 0.029992 -2.220757 1504.489990
-9.453770 -0.405457 1.497877 -0.007923 0.024210 -2.251011 1504.709961
-9.648023 -0.454052 1.511160 0.002195 0.031284 -2.281317 1504.930054
-9.842211 -0.510346 1.526261 0.007657 0.031769 -2.311618 1505.150024
-10.047386 -0.576035 1.541823 -0.007509 0.036321 -2.343429 1505.380005
-10.243007 -0.650107 1.553662 -0.021165 0.041202 -2.373889 1505.599976
-10.427036 -0.735649 1.561179 -0.023051 0.041604 -2.402998 1505.810059
-10.608409 -0.835569 1.564835 -0.018726 0.035867 -2.432182 1506.020020
-10.778780 -0.940839 1.565207 -0.012291 0.029870 -2.460250 1506.219971
-10.947233 -1.052129 1.563246 -0.004798 0.024361 -2.488669 1506.420044
-11.114359 -1.164148 1.559170 0.032239 0.005157 -2.517361 1506.619995
-11.291253 -1.266474 1.552646 0.076134 -0.007659 -2.548489 1506.829956
-11.483591 -1.339024 1.543457 0.091460 -0.005194 -2.581358 1507.050049
-11.686014 -1.371751 1.532181 0.079716 0.000910 -2.614603 1507.270020
-11.887100 -1.372139 1.520156 0.054913 0.003090 -2.646783 1507.479980
-12.090326 -1.352759 1.507755 0.028231 0.001687 -2.678914 1507.689941
-12.290372 -1.323777 1.495402 0.015837 0.015492 -2.710214 1507.900024
-12.496422 -1.291259 1.483261 -0.014914 -0.023568 -2.742159 1508.119995
-12.700070 -1.259130 1.471713 -0.050054 -0.085762 -2.772918 1508.369995
-12.895010 -1.213016 1.465717 0.098278 0.045882 -2.834420 1509.189941
-13.032265 -1.061467 1.496594 0.092094 0.057101 -2.856562 1509.650024
-13.177206 -0.915028 1.523570 0.065705 0.043473 -2.873665 1509.910034
-13.323479 -0.771288 1.548786 0.035757 0.025410 -2.890888 1510.130005
-13.471478 -0.627881 1.574089 0.027718 0.021454 -2.909314 1510.339966
-13.616630 -0.489467 1.595290 0.014145 0.026804 -2.929399 1510.540039
-13.766152 -0.354308 1.607787 0.000246 0.034611 -2.952056 1510.739990
-13.921470 -0.227326 1.608894 -0.005480 0.036149 -2.976646 1510.939941
-14.090510 -0.104740 1.598140 -0.015564 0.029420 -3.001548 1511.150024
-14.263158 0.002366 1.579645 -0.056831 0.039015 -3.023286 1511.359985
-14.449598 0.082188 1.556963 -0.080643 0.050005 -3.039894 1511.579956
-14.645308 0.119564 1.534319 -0.075240 0.048955 -3.048452 1511.800049
-14.850310 0.118582 1.513904 -0.055181 0.044612 -3.050825 1512.020020
-15.053006 0.092026 1.497710 -0.030154 0.032982 -3.048847 1512.229980
-15.258960 0.052833 1.486546 -0.000700 0.028579 -3.046001 1512.439941
-15.456809 0.015395 1.481532 0.017131 0.024506 -3.044475 1512.640015
-15.655620 -0.014948 1.481685 0.023966 0.023795 -3.045256 1512.839966
-15.855208 -0.035743 1.486086 0.023116 0.023059 -3.049040 1513.040039
-16.054832 -0.047594 1.493403 0.017603 0.009726 -3.056165 1513.239990
-16.259485 -0.052630 1.502705 0.010514 0.006742 -3.064795 1513.449951
-16.466995 -0.053333 1.512222 0.000533 0.019176 -3.072818 1513.670044
-16.672560 -0.054251 1.519382 -0.007822 0.028156 -3.078668 1513.890015
-16.879196 -0.059192 1.523141 -0.010212 0.014098 -3.081391 1514.109985
-17.082701 -0.068917 1.523228 -0.009255 0.017636 -3.081803 1514.329956
-17.284002 -0.082847 1.520091 -0.006818 0.029709 -3.080330 1514.550049
-17.488060 -0.100000 1.514630 -0.004031 0.034078 -3.076208 1514.770020
-17.687534 -0.118326 1.508624 -0.003493 0.034244 -3.069231 1514.979980
-17.891424 -0.138360 1.504734 -0.005425 0.030262 -3.060140 1515.189941
-18.097965 -0.160700 1.504720 -0.005781 0.019293 -3.049869 1515.400024
-18.302069 -0.185079 1.508387 -0.006049 0.001492 -3.038514 1515.609985
-18.506594 -0.212566 1.513600 -0.012795 0.010589 -3.024875 1515.829956
-18.704979 -0.244983 1.517874 -0.016881 0.023746 -3.008531 1516.050049
-18.901575 -0.284433 1.519961 -0.014632 0.012059 -2.989397 1516.270020
-19.102346 -0.331625 1.519071 -0.010325 0.022491 -2.968430 1516.500000
-19.302200 -0.383413 1.516047 -0.013664 0.020811 -2.946963 1516.729980
-19.500149 -0.442911 1.517317 -0.045796 0.013718 -2.924610 1516.959961
-19.689905 -0.523156 1.528687 -0.062080 0.016105 -2.900765 1517.189941
-19.862360 -0.626117 1.550131 -0.056003 0.014658 -2.878367 1517.410034
-20.024406 -0.746878 1.578971 0.036381 -0.037734 -2.858444 1517.630005
-20.195147 -0.851486 1.619704 0.157829 -0.093965 -2.849661 1517.900024
-20.373747 -0.778326 1.677462 0.146769 -0.080563 -2.852141 1518.300049
-20.454130 -0.589115 1.711491 0.108740 -0.041599 -2.865076 1518.569946
-20.507113 -0.392501 1.736334 0.071566 -0.015462 -2.883729 1518.780029
-20.553785 -0.195373 1.758129 0.043333 0.001259 -2.906252 1518.969971
-20.601723 0.006682 1.778078 -0.018451 0.003668 -2.932573 1519.160034
-20.649454 0.201976 1.795000 -0.098398 -0.003624 -2.961324 1519.359985
-20.699171 0.398467 1.809542 -0.132250 -0.009993 -3.000322 1519.640015
-20.509293 0.326168 1.789763 -0.055894 -0.098526 -3.014957 1520.510010
-20.339447 0.219356 1.769917 -0.037652 -0.070013 -3.000609 1520.729980
-20.162283 0.115711 1.749909 -0.025347 -0.045610 -2.980575 1520.930054
-19.983877 0.015263 1.730087 -0.017458 -0.027475 -2.956376 1521.119995
-19.802820 -0.084799 1.710925 -0.006514 -0.014827 -2.928217 1521.310059
-19.623901 -0.181604 1.695065 -0.000083 -0.014829 -2.896963 1521.500000
-19.438736 -0.277567 1.683662 0.004602 -0.014073 -2.861790 1521.699951
-19.257935 -0.365710 1.677838 0.011313 -0.006256 -2.825312 1521.900024
-19.075331 -0.449086 1.677274 -0.002196 -0.014218 -2.786514 1522.109985
-18.887554 -0.530480 1.681786 -0.003719 -0.012014 -2.746029 1522.329956
-18.695904 -0.610235 1.688193 0.005143 -0.003407 -2.704824 1522.560059
-18.504543 -0.686333 1.686618 -0.010236 -0.018831 -2.663426 1522.800049
-18.312651 -0.758313 1.670422 -0.022699 -0.029421 -2.623465 1523.040039
-18.120800 -0.826029 1.640292 -0.025741 -0.029098 -2.586560 1523.270020
-17.929358 -0.890433 1.600540 -0.017220 -0.018604 -2.552647 1523.489990
-17.736656 -0.953707 1.557152 -0.010216 0.002451 -2.519907 1523.709961
-17.550791 -1.018831 1.518682 -0.028416 0.009472 -2.488014 1523.930054
-17.362143 -1.096816 1.488840 -0.027245 0.011931 -2.455803 1524.160034
-17.178698 -1.185626 1.470687 -0.031267 0.006769 -2.424236 1524.390015
-16.997313 -1.283870 1.463037 -0.030276 0.000942 -2.393119 1524.619995
-16.816526 -1.387798 1.463105 -0.002871 -0.006076 -2.362864 1524.849976
-16.640285 -1.484276 1.469861 0.010989 -0.046591 -2.333953 1525.079956
-16.452730 -1.557944 1.483554 0.003568 -0.073744 -2.303836 1525.319946
-16.250452 -1.596676 1.502345 -0.005572 -0.071572 -2.272977 1525.560059
-16.050680 -1.605604 1.522077 -0.010554 -0.052458 -2.244200 1525.780029
-15.842598 -1.599239 1.539245 -0.022205 -0.008389 -2.214929 1526.000000
-15.633881 -1.596024 1.548018 -0.044023 0.025385 -2.185330 1526.219971
-15.427130 -1.612324 1.546553 -0.031648 0.039988 -2.155278 1526.439941
-15.227632 -1.650760 1.534763 -0.032958 0.036161 -2.124264 1526.660034
-15.034155 -1.708714 1.514244 -0.028680 0.022613 -2.092717 1526.880005
-14.844555 -1.777047 1.491827 0.000253 -0.030538 -2.061451 1527.099976
-14.649246 -1.831347 1.476509 0.013026 -0.082154 -2.029742 1527.329956
-14.445107 -1.843468 1.473301 0.026242 -0.078611 -1.996056 1527.569946
-14.246829 -1.809811 1.481643 0.014182 -0.051080 -1.962123 1527.810059
-14.054616 -1.749437 1.495360 -0.025104 -0.017872 -1.928946 1528.050049
-13.856953 -1.687034 1.509570 -0.051315 0.000379 -1.896518 1528.290039
-13.662707 -1.640099 1.520133 -0.055099 0.007362 -1.866436 1528.510010
-13.465024 -1.607140 1.526708 -0.042266 0.009866 -1.837273 1528.719971
-13.252287 -1.583640 1.529146 -0.011980 0.020349 -1.806700 1528.939941
-13.045637 -1.572247 1.525462 -0.017959 0.034987 -1.775635 1529.160034
-12.844615 -1.578134 1.514961 -0.021964 0.035727 -1.744353 1529.380005
-12.638221 -1.602507 1.497784 -0.017079 0.027011 -1.711678 1529.609985
-12.435371 -1.640285 1.475391 -0.030528 0.018596 -1.678876 1529.839966
-12.240822 -1.684181 1.451621 0.016808 0.001928 -1.647931 1530.060059
-12.043900 -1.731315 1.426837 0.090794 -0.015941 -1.616630 1530.310059
-11.851814 -1.779346 1.397160 -0.045435 -0.015013 -1.559474 1531.010010
-11.654342 -1.743149 1.406084 -0.129965 -0.014778 -1.531431 1531.599976
-11.452968 -1.709504 1.415264 -0.083000 -0.009240 -1.517032 1531.849976
-11.253989 -1.675926 1.423733 -0.027695 -0.014627 -1.502282 1532.060059
-11.051674 -1.636680 1.434705 -0.017713 -0.026466 -1.485096 1532.270020
-10.852524 -1.587764 1.448722 -0.016362 -0.030339 -1.465309 1532.479980
-10.657446 -1.527884 1.465631 -0.018774 -0.027681 -1.442858 1532.689941
-10.465475 -1.458346 1.485057 -0.018624 -0.020803 -1.417900 1532.900024
-10.277580 -1.382632 1.505202 0.005211 -0.014244 -1.391165 1533.109985
-10.092929 -1.300233 1.524741 0.001266 -0.027741 -1.361975 1533.329956
-9.912885 -1.205333 1.542242 -0.011438 -0.036424 -1.329945 1533.560059
-9.742049 -1.097317 1.556302 -0.009702 -0.030236 -1.297057 1533.790039
-9.578990 -0.978817 1.567086 -0.024928 -0.024755 -1.263444 1534.020020
-9.417498 -0.851598 1.575503 -0.019801 -0.014288 -1.229662 1534.250000
-9.257139 -0.720688 1.582024 -0.018239 -0.003314 -1.195730 1534.479980
-9.096540 -0.592356 1.588314 -0.027642 0.021433 -1.161818 1534.709961
-8.927631 -0.474723 1.595918 -0.032751 0.034438 -1.127825 1534.939941
-8.746644 -0.371919 1.604974 -0.020001 0.031655 -1.093839 1535.170044
-8.557940 -0.283638 1.615535 -0.027657 0.025764 -1.060049 1535.400024
-8.370387 -0.208171 1.626889 -0.017275 0.014651 -1.027909 1535.619995
-8.181176 -0.138069 1.638991 -0.020325 0.008747 -0.996273 1535.839966
-7.991644 -0.069955 1.651271 -0.020613 0.004594 -0.964836 1536.060059
-7.802533 -0.001701 1.660055 -0.021427 0.003780 -0.933755 1536.280029
-7.613750 0.067601 1.662844 -0.025926 0.005786 -0.902802 1536.500000
-7.424518 0.138326 1.659389 -0.017230 0.003616 -0.871972 1536.719971
-7.237217 0.209423 1.650060 -0.023618 0.008166 -0.841386 1536.939941
-7.049529 0.281152 1.636270 -0.015451 0.005523 -0.810807 1537.160034
-6.855385 0.355699 1.619175 -0.008539 0.005643 -0.779118 1537.390015
-6.665649 0.427041 1.602792 -0.010169 0.021894 -0.747661 1537.619995
-6.474648 0.491118 1.590339 -0.013838 0.031331 -0.716194 1537.849976
-6.278449 0.546656 1.582716 -0.007645 0.024458 -0.684807 1538.079956
-6.080035 0.594415 1.579702 -0.001923 0.027528 -0.653674 1538.310059
-5.880113 0.629920 1.579509 0.031909 0.052856 -0.622286 1538.540039
-5.678549 0.636097 1.579813 0.047117 0.058766 -0.591480 1538.770020
-5.477101 0.606895 1.579092 0.044232 0.042182 -0.562107 1539.000000
-5.279131 0.548912 1.576670 0.029062 0.045683 -0.531728 1539.229980
-5.088458 0.473820 1.572451 0.010821 0.040215 -0.502599 1539.449951
-4.902694 0.393213 1.565821 -0.006918 0.031452 -0.474333 1539.660034
-4.712941 0.312750 1.556291 -0.016115 0.021915 -0.445450 1539.869995
-4.521836 0.238250 1.544241 -0.016841 0.007211 -0.416443 1540.079956
-4.333597 0.172159 1.530102 -0.014716 0.016477 -0.388148 1540.290039
-4.138896 0.110332 1.514301 -0.008475 -0.025581 -0.358948 1540.510010
-3.944026 0.053873 1.497881 -0.000379 -0.095744 -0.329062 1540.760010
-3.748713 0.009732 1.483358 -0.033173 0.079975 -0.277117 1541.520020
-3.548757 0.029860 1.518735 -0.039220 0.118757 -0.252769 1542.010010
-3.344349 0.046894 1.549217 -0.023623 0.077212 -0.234590 1542.260010
-3.143415 0.061525 1.574153 0.024879 0.035535 -0.219564 1542.469971
-2.938847 0.062094 1.592219 0.071774 0.026029 -0.208025 1542.680054
-2.739820 0.032732 1.600340 0.080621 0.008591 -0.202411 1542.890015
-2.544368 -0.031689 1.597508 0.068541 0.003855 -0.201323 1543.109985
-2.362937 -0.123429 1.584548 0.049555 0.011891 -0.205778 1543.329956
-2.190928 -0.233206 1.564449 0.024427 0.003862 -0.216117 1543.550049
-2.027387 -0.347384 1.541814 -0.034628 0.008816 -0.227560 1543.770020
-1.849256 -0.447566 1.521501 -0.098237 0.019167 -0.237923 1544.010010
-1.651710 -0.494760 1.508844 -0.099577 0.008198 -0.240685 1544.260010
-1.444980 -0.482754 1.505239 -0.080656 0.017441 -0.238234 1544.510010
-1.247018 -0.432656 1.509194 -0.049553 0.013841 -0.228305 1544.739990
-1.055800 -0.365464 1.516348 -0.017485 0.005884 -0.213129 1544.959961
-0.868607 -0.293942 1.521689 -0.001410 0.024204 -0.193450 1545.180054
-0.671663 -0.224241 1.521786 0.006999 0.027357 -0.168096 1545.410034
-0.472133 -0.163603 1.515062 0.007756 0.026314 -0.140942 1545.640015
-0.270545 -0.111656 1.501694 0.004830 0.032604 -0.115703 1545.869995
-0.072990 -0.069481 1.486664 0.020407 0.036723 -0.095205 1546.089966
0.130556 -0.040253 1.473767 0.031583 0.036799 -0.079042 1546.310059
0.338275 -0.028009 1.464941 0.030524 0.017504 -0.067833 1546.530029
0.543802 -0.031030 1.460772 0.022894 0.023990 -0.059753 1546.750000
0.748811 -0.045167 1.461047 0.013612 0.013294 -0.055399 1546.969971
0.948975 -0.065191 1.464824 0.003020 -0.001129 -0.053425 1547.189941
1.148274 -0.086682 1.471966 -0.004425 0.020776 -0.052095 1547.420044
1.354380 -0.106149 1.481912 -0.009074 0.010714 -0.050209 1547.660034
1.557064 -0.119594 1.492012 -0.018581 0.023100 -0.046314 1547.900024
1.761397 -0.123045 1.500775 -0.020695 0.031701 -0.038371 1548.140015
1.962513 -0.116396 1.507029 -0.016461 0.025575 -0.028333 1548.369995
2.166853 -0.102187 1.511322 -0.011719 0.033780 -0.019928 1548.599976
2.366723 -0.084306 1.513078 -0.000926 0.018489 -0.014569 1548.819946
2.566188 -0.067060 1.510557 0.010741 0.026579 -0.011978 1549.040039
2.767058 -0.055462 1.503201 0.015124 0.021216 -0.011832 1549.260010
2.967555 -0.051291 1.491503 0.013755 0.017566 -0.013366 1549.479980
3.175486 -0.053909 1.475398 0.009768 0.029604 -0.015970 1549.709961
3.377698 -0.061115 1.457411 0.005011 0.034891 -0.018461 1549.930054
3.585603 -0.070338 1.439535 -0.003972 0.035310 -0.019141 1550.150024
3.789314 -0.077452 1.424843 -0.009619 0.030212 -0.016986 1550.359985
3.995051 -0.080517 1.413494 -0.010251 0.011047 -0.011933 1550.569946
4.196491 -0.079224 1.405387 -0.008454 0.015553 -0.005278 1550.780029
4.403444 -0.074166 1.400117 -0.005408 -0.005057 0.002888 1551.000000
4.610864 -0.066259 1.396963 -0.000930 -0.081835 0.012231 1551.239990
4.813114 -0.056088 1.396903 0.006200 -0.170061 0.023898 1551.599976
4.607870 -0.086102 1.414255 0.016125 -0.136192 0.018024 1552.239990
4.406973 -0.112940 1.421545 0.012814 -0.090443 0.005840 1552.449951
4.199962 -0.141008 1.429283 0.007640 -0.051538 -0.009710 1552.640015
3.995233 -0.168694 1.437277 -0.000791 -0.024908 -0.028190 1552.819946
3.790949 -0.194831 1.445578 -0.007057 -0.011011 -0.049917 1553.000000
3.591963 -0.217561 1.453847 -0.011773 0.005158 -0.074271 1553.180054
3.392666 -0.236803 1.461981 -0.012155 0.010862 -0.101995 1553.369995
3.186681 -0.252819 1.470316 -0.006180 -0.004646 -0.134339 1553.579956
2.980962 -0.265468 1.478718 -0.007325 -0.005248 -0.169666 1553.800049
2.774251 -0.273947 1.486976 -0.007170 -0.019714 -0.207292 1554.030029
2.569741 -0.276491 1.495068 -0.003021 -0.033579 -0.245364 1554.260010
2.369592 -0.273616 1.502877 0.001757 -0.038985 -0.281876 1554.479980
2.162325 -0.266683 1.510803 0.004414 -0.033391 -0.318061 1554.699951
1.961407 -0.257680 1.517237 -0.001407 -0.004727 -0.351608 1554.910034
1.757680 -0.247468 1.520204 0.006793 -0.013243 -0.385778 1555.130005
1.557816 -0.238215 1.518291 0.009221 -0.016234 -0.418835 1555.349976
1.350983 -0.229904 1.511268 0.008361 -0.014066 -0.452150 1555.579956
1.146142 -0.222729 1.499915 0.014642 -0.025294 -0.484723 1555.810059
0.938393 -0.216785 1.487184 0.019723 -0.021751 -0.516397 1556.040039
0.736281 -0.214415 1.477654 0.028153 -0.021565 -0.546313 1556.260010
0.530214 -0.217820 1.472543 0.019147 -0.007931 -0.575352 1556.479980
0.325369 -0.226652 1.472169 0.020985 -0.011018 -0.604465 1556.699951
0.121328 -0.240068 1.476144 0.019021 -0.012911 -0.633446 1556.920044
-0.081349 -0.255875 1.483576 -0.001448 -0.013787 -0.662109 1557.140015
-0.288225 -0.266422 1.495037 -0.010676 -0.037892 -0.692235 1557.369995
-0.494749 -0.260664 1.509463 -0.017259 -0.036903 -0.722968 1557.599976
-0.699154 -0.236653 1.525392 -0.011108 -0.033642 -0.753907 1557.829956
-0.900957 -0.198833 1.541366 0.009216 -0.023090 -0.785053 1558.060059
-1.103989 -0.158174 1.555196 0.035953 -0.013141 -0.816202 1558.290039
-1.303585 -0.127614 1.565244 0.032760 0.001966 -0.845522 1558.510010
-1.504583 -0.109032 1.571882 0.033150 0.002765 -0.875431 1558.729980
-1.706404 -0.101939 1.575801 0.032369 -0.002753 -0.905703 1558.949951
-1.909373 -0.103292 1.577657 0.018113 -0.001276 -0.935684 1559.170044
-2.109921 -0.109244 1.578017 0.023697 -0.004425 -0.966134 1559.390015
-2.309966 -0.120572 1.575994 0.035733 0.017756 -0.996743 1559.609985
-2.509350 -0.146668 1.570416 0.044562 0.032671 -1.027864 1559.829956
-2.708551 -0.194279 1.560999 0.046454 0.032850 -1.059889 1560.050049
-2.899588 -0.259162 1.548677 0.037453 0.025432 -1.091097 1560.260010
-3.090167 -0.337255 1.534745 0.022350 0.010782 -1.122478 1560.469971
-3.278562 -0.420047 1.521649 0.023654 -0.003947 -1.153913 1560.680054
-3.467047 -0.501362 1.511049 0.012381 -0.011590 -1.185314 1560.890015
-3.653276 -0.576570 1.503190 0.002400 -0.004986 -1.216484 1561.099976
-3.839993 -0.651540 1.498464 0.000506 0.040168 -1.249611 1561.319946
-4.019483 -0.744540 1.498011 0.004860 0.070558 -1.284264 1561.550049
-4.181901 -0.866522 1.501443 0.008696 0.071329 -1.318793 1561.780029
-4.324806 -1.010725 1.507417 0.012642 0.058914 -1.351925 1562.000000
-4.453013 -1.166063 1.513947 -0.022028 0.008115 -1.382645 1562.209961
-4.573953 -1.327998 1.520275 -0.073587 -0.057638 -1.410720 1562.439941
-4.687930 -1.495728 1.527413 -0.092925 -0.101893 -1.446895 1562.810059
-4.884257 -1.438136 1.522507 0.111061 -0.040037 -1.498944 1563.729980
-5.070950 -1.362306 1.515449 0.088210 -0.025364 -1.512010 1563.989990
-5.265518 -1.291289 1.507723 0.062106 -0.015097 -1.526285 1564.209961
-5.459595 -1.224717 1.499834 0.044001 -0.009552 -1.542362 1564.410034
-5.651036 -1.161463 1.491868 0.014132 -0.001708 -1.559981 1564.599976
-5.848663 -1.097849 1.483950 -0.010808 0.026178 -1.581625 1564.800049
-6.042851 -1.046154 1.479472 -0.006555 0.074942 -1.607933 1565.010010
-6.243095 -1.028269 1.481042 -0.000622 0.089754 -1.638534 1565.239990
-6.443278 -1.058191 1.489635 0.002221 0.073943 -1.672173 1565.479980
-6.638339 -1.127271 1.504904 0.018762 0.057203 -1.707642 1565.719971
-6.819694 -1.213741 1.523631 0.025604 0.037768 -1.741552 1565.939941
-6.997699 -1.306758 1.544333 0.027794 0.023279 -1.774665 1566.150024
-7.180585 -1.402485 1.563628 0.032188 0.004998 -1.808192 1566.359985
-7.368075 -1.492192 1.570008 0.040047 -0.022102 -1.842082 1566.569946
-7.559592 -1.565323 1.556979 0.033877 -0.037146 -1.875795 1566.780029
-7.758773 -1.619428 1.525527 -0.002096 -0.021610 -1.910134 1567.000000
-7.951878 -1.666183 1.487589 -0.048234 0.040745 -1.946923 1567.229980
-8.133670 -1.745052 1.455296 -0.062923 0.073858 -1.985805 1567.479980
-8.288467 -1.874421 1.439382 -0.051532 0.076595 -2.022103 1567.729980
-8.415346 -2.035373 1.439564 -0.033949 0.050390 -2.053555 1567.959961
-8.527176 -2.210421 1.449832 0.002124 0.012551 -2.082836 1568.180054
-8.638547 -2.380122 1.464563 0.081054 -0.022214 -2.113635 1568.400024
-8.783010 -2.524223 1.480501 0.113632 -0.042432 -2.149187 1568.640015
-8.965765 -2.611159 1.492443 0.101768 -0.035920 -2.183990 1568.890015
-9.166505 -2.641633 1.498145 0.080356 -0.011895 -2.215796 1569.130005
-9.367050 -2.639867 1.498854 0.042336 -0.003971 -2.246201 1569.349976
-9.572534 -2.625331 1.496383 0.009985 0.028438 -2.275904 1569.569946
-9.779343 -2.618186 1.491582 -0.020641 0.055732 -2.306326 1569.790039
-9.985326 -2.635467 1.485133 -0.037020 0.047689 -2.336000 1570.010010
-10.184843 -2.679456 1.477456 -0.033650 0.042172 -2.365533 1570.229980
-10.377475 -2.745743 1.469044 -0.021073 0.035965 -2.395136 1570.449951
-10.565381 -2.825750 1.461690 0.011038 0.008026 -2.424366 1570.670044
-10.758945 -2.903619 1.458475 0.051531 -0.000889 -2.455735 1570.900024
-10.957024 -2.957762 1.461104 0.056485 -0.010195 -2.488217 1571.130005
-11.158689 -2.983696 1.468922 0.051078 -0.002477 -2.519923 1571.359985
-11.363936 -2.986567 1.481121 0.038165 0.006419 -2.551648 1571.589966
-11.570930 -2.974969 1.495231 0.016939 0.003023 -2.583507 1571.819946
-11.774052 -2.957518 1.506334 0.010648 0.020735 -2.614622 1572.050049
-11.978117 -2.941275 1.510741 0.010706 0.036152 -2.645682 1572.280029
-12.179661 -2.929930 1.507737 0.008852 0.036359 -2.675569 1572.500000
-12.387797 -2.922944 1.498293 0.008463 0.034521 -2.705686 1572.719971
-12.589099 -2.919460 1.485115 -0.013006 -0.022188 -2.733821 1572.930054
-12.792117 -2.917422 1.468973 -0.039041 -0.091878 -2.761700 1573.170044
-12.991480 -2.927243 1.451350 -0.036693 0.089215 -2.805379 1573.939941
-13.142415 -3.061983 1.488306 -0.037928 0.102184 -2.769758 1574.430054
-13.295188 -3.197867 1.523238 -0.023154 0.076498 -2.734976 1574.689941
-13.448551 -3.333019 1.556988 -0.009509 0.042537 -2.700178 1574.910034
-13.603447 -3.467988 1.590676 -0.006224 0.032984 -2.664109 1575.119995
-13.753965 -3.598768 1.617406 -0.015839 0.022182 -2.627718 1575.319946
-13.902165 -3.732845 1.633716 -0.024411 0.018747 -2.589983 1575.520020
-14.051085 -3.878281 1.638330 -0.021605 -0.000391 -2.549493 1575.729980
-14.188795 -4.024746 1.630342 -0.018681 0.007836 -2.510010 1575.939941
-14.323778 -4.178864 1.610624 -0.008947 0.014057 -2.470097 1576.160034
-14.454488 -4.332365 1.581768 0.002308 0.021967 -2.433447 1576.380005
-14.586764 -4.484040 1.546387 0.007993 0.031931 -2.401016 1576.599976
-14.724933 -4.635062 1.507854 -0.002997 0.027243 -2.372327 1576.819946
-14.862310 -4.789107 1.473959 -0.055402 0.008916 -2.345725 1577.040039
-14.977857 -4.955935 1.450887 -0.082377 -0.004297 -2.319213 1577.260010
-15.061267 -5.146613 1.439418 -0.073321 -0.014379 -2.291945 1577.489990
-15.107549 -5.347319 1.440247 -0.061170 0.000311 -2.266640 1577.719971
-15.126766 -5.547205 1.450308 -0.034725 -0.001240 -2.241355 1577.939941
-15.132146 -5.747465 1.466375 -0.013012 0.010375 -2.216201 1578.160034
-15.135289 -5.954457 1.487314 -0.002961 0.030346 -2.189370 1578.390015
-15.144566 -6.153354 1.508951 0.006489 0.023236 -2.163088 1578.609985
-15.162872 -6.359360 1.531431 0.003724 0.029971 -2.134857 1578.839966
-15.188354 -6.556920 1.552119 0.000759 0.026747 -2.107150 1579.060059
-15.219157 -6.754801 1.571294 -0.001570 0.020046 -2.081082 1579.280029
-15.252416 -6.951614 1.589040 -0.007211 0.026492 -2.059996 1579.500000
-15.287436 -7.149576 1.601810 0.011902 0.022603 -2.045432 1579.719971
-15.332709 -7.353352 1.601238 0.036305 0.029598 -2.037274 1579.949951
-15.393872 -7.543095 1.583844 0.041831 0.034531 -2.036114 1580.170044
-15.475139 -7.728767 1.550760 0.035118 0.030460 -2.041992 1580.390015
-15.572475 -7.909614 1.509922 0.026747 0.018386 -2.053904 1580.609985
-15.680126 -8.083697 1.471206 0.018930 0.024659 -2.069577 1580.829956
-15.795041 -8.253828 1.440168 0.010914 0.012949 -2.088306 1581.050049
-15.912076 -8.418790 1.418644 0.004736 0.018364 -2.107789 1581.270020
-16.029657 -8.581692 1.406631 0.001442 0.026237 -2.126785 1581.489990
-16.148180 -8.745566 1.402392 0.005402 0.020975 -2.145252 1581.709961
-16.268442 -8.908428 1.403878 0.010534 0.029711 -2.164166 1581.930054
-16.394217 -9.071710 1.409020 0.011789 0.036180 -2.184051 1582.150024
-16.521114 -9.229335 1.415488 0.009921 0.032516 -2.203356 1582.359985
-16.653175 -9.387759 1.422159 0.006269 0.012098 -2.222279 1582.569946
-16.788242 -9.545792 1.427712 0.001285 -0.067694 -2.240778 1582.790039
-16.922136 -9.698945 1.431460 -0.001527 -0.116307 -2.260622 1583.069946
-16.823681 -9.871299 1.473120 -0.108344 0.009560 -2.277790 1584.000000
-16.654245 -9.981980 1.505631 -0.087067 0.012498 -2.256190 1584.270020
-16.493425 -10.100272 1.536538 -0.047342 0.009318 -2.231840 1584.489990
-16.332788 -10.224400 1.568606 -0.034942 0.007973 -2.204270 1584.699951
-16.177851 -10.347623 1.600287 -0.017285 0.004710 -2.174739 1584.900024
-16.019106 -10.477111 1.631237 0.009775 0.029023 -2.140877 1585.109985
-15.871509 -10.615804 1.657291 0.015939 0.071979 -2.102597 1585.329956
-15.748584 -10.778949 1.675688 0.009510 0.084861 -2.061778 1585.560059
-15.659341 -10.958806 1.685079 0.004022 0.070784 -2.022569 1585.780029
-15.593145 -11.148411 1.687960 -0.003608 0.053725 -1.985095 1585.989990
-15.537965 -11.349784 1.686695 -0.009171 0.036183 -1.947822 1586.199951
-15.490098 -11.546704 1.682722 -0.004113 0.014799 -1.912947 1586.400024
-15.443061 -11.750718 1.673737 0.005065 0.011912 -1.877564 1586.609985
-15.401610 -11.949437 1.658039 0.007160 0.018491 -1.843443 1586.819946
-15.365519 -12.153328 1.635155 0.009044 0.010328 -1.809359 1587.040039
-15.336241 -12.351357 1.606344 0.002911 0.020189 -1.776538 1587.260010
-15.311621 -12.547669 1.573413 -0.000236 0.015705 -1.744979 1587.479980
-15.288182 -12.750231 1.540396 -0.008119 0.014004 -1.713317 1587.709961
-15.262977 -12.950084 1.514800 -0.016688 0.025954 -1.682594 1587.939941
-15.232306 -13.153152 1.499115 -0.018919 0.032897 -1.652285 1588.170044
-15.196853 -13.353567 1.493112 -0.016964 0.035736 -1.623322 1588.390015
-15.158242 -13.550585 1.493998 -0.009861 0.018092 -1.595698 1588.599976
-15.117375 -13.746761 1.499383 -0.005555 0.014681 -1.571080 1588.810059
-15.075040 -13.948218 1.507172 0.022999 0.009430 -1.551012 1589.030029
-15.045501 -14.153372 1.513656 0.073914 0.014175 -1.538360 1589.260010
-15.052499 -14.355162 1.515988 0.082525 0.004636 -1.537105 1589.489990
-15.099617 -14.550597 1.513269 0.068573 0.005581 -1.544639 1589.719971
-15.178345 -14.739734 1.506080 0.050836 0.019952 -1.560120 1589.949951
-15.273767 -14.920686 1.496395 0.036629 0.028183 -1.582650 1590.170044
-15.376700 -15.096261 1.487945 0.031608 0.023315 -1.610220 1590.380005
-15.488427 -15.272717 1.482819 0.025789 0.016517 -1.642248 1590.589966
-15.605748 -15.446289 1.481761 0.014410 0.003391 -1.677451 1590.800049
-15.723955 -15.612817 1.484816 0.011706 0.010111 -1.714305 1591.010010
-15.841805 -15.774383 1.491467 0.004197 0.000239 -1.752295 1591.219971
-15.964241 -15.939032 1.500052 -0.026076 -0.069135 -1.791746 1591.449951
-16.087912 -16.100689 1.510892 -0.052879 -0.142050 -1.836959 1591.770020
-16.148260 -15.909202 1.549472 0.065260 -0.094535 -1.885186 1592.500000
-16.180819 -15.712142 1.568912 0.046553 -0.062885 -1.894615 1592.729980
-16.219770 -15.508245 1.588647 0.023058 -0.028559 -1.903712 1592.939941
-16.260134 -15.309250 1.608013 0.005861 -0.005972 -1.914125 1593.140015
-16.302158 -15.105965 1.626033 0.003824 -0.008793 -1.927131 1593.349976
-16.342398 -14.908507 1.639995 0.006836 -0.017654 -1.942508 1593.560059
-16.382528 -14.703241 1.649745 0.011019 -0.025285 -1.961595 1593.780029
-16.419167 -14.505479 1.654777 0.012418 -0.026040 -1.982694 1593.989990
-16.454271 -14.306044 1.656409 0.003692 -0.012063 -2.006148 1594.199951
-16.487823 -14.101626 1.654304 -0.015904 -0.013526 -2.033031 1594.420044
-16.510769 -13.895602 1.646318 -0.031964 -0.038047 -2.062999 1594.650024
-16.510418 -13.692047 1.632115 -0.035814 -0.037946 -2.095692 1594.880005
-16.485628 -13.491402 1.612468 -0.025029 -0.035736 -2.129752 1595.109985
-16.442089 -13.292359 1.588731 -0.005858 -0.041720 -2.164404 1595.339966
-16.389786 -13.097721 1.564530 0.015869 -0.031256 -2.198130 1595.560059
-16.337490 -12.896935 1.542134 0.035877 -0.021070 -2.231855 1595.780029
-16.296177 -12.699025 1.524090 0.031826 -0.002954 -2.263295 1595.989990
-16.266258 -12.500502 1.509680 0.028570 0.001231 -2.294854 1596.199951
-16.246382 -12.294329 1.498203 0.030651 -0.008424 -2.328006 1596.420044
-16.235115 -12.086141 1.489797 0.029376 -0.017299 -2.360941 1596.640015
-16.228653 -11.883420 1.483853 0.022292 -0.014869 -2.392033 1596.849976
-16.225901 -11.679835 1.481141 0.030089 0.021762 -2.422904 1597.060059
-16.239979 -11.473145 1.483759 0.045248 0.056802 -2.455110 1597.280029
-16.285728 -11.277770 1.492060 0.034752 0.063288 -2.487663 1597.500000
-16.366743 -11.088547 1.505715 0.034005 0.051777 -2.521948 1597.729980
-16.473925 -10.910762 1.522559 0.019801 0.010636 -2.556303 1597.959961
-16.583351 -10.736415 1.537791 -0.005856 -0.073575 -2.589158 1598.189941
-16.658146 -10.547281 1.548530 -0.022742 -0.106419 -2.622533 1598.430054
-16.674034 -10.343184 1.553053 -0.021547 -0.090272 -2.657634 1598.680054
-16.638554 -10.144636 1.554841 0.002733 -0.069116 -2.690522 1598.920044
-16.574730 -9.948750 1.556592 0.009440 -0.038012 -2.721183 1599.150024
-16.501631 -9.759102 1.559606 0.018901 -0.019959 -2.750156 1599.369995
-16.426632 -9.567261 1.564676 0.024750 -0.010493 -2.778980 1599.589966
-16.355207 -9.373756 1.570722 0.016033 0.012615 -2.807606 1599.810059
-16.293589 -9.175160 1.574379 0.037628 0.037060 -2.837940 1600.040039
-16.257427 -8.975586 1.572810 0.021301 0.045342 -2.868298 1600.270020
-16.246973 -8.770441 1.566321 -0.064922 0.044925 -2.899849 1600.520020
-16.260777 -8.569143 1.559166 -0.134083 0.024196 -2.937714 1600.920044
-16.199867 -8.372838 1.549317 0.094994 -0.066820 -2.984567 1601.790039
-16.113798 -8.188642 1.552001 0.076798 -0.050369 -2.999335 1602.060059
-16.027178 -8.003488 1.555270 0.053690 -0.034595 -3.014239 1602.280029
-15.940301 -7.820563 1.558553 0.009645 -0.038897 -3.030965 1602.479980
-15.842792 -7.640401 1.562178 -0.025182 -0.055557 -3.049959 1602.680054
-15.728367 -7.475800 1.565841 -0.043751 -0.051994 -3.071651 1602.880005
-15.591530 -7.327073 1.569297 -0.041443 -0.043670 -3.096692 1603.089966
-15.434518 -7.196189 1.572640 -0.020096 -0.043900 -3.124464 1603.310059
-15.266230 -7.081851 1.575984 -0.011258 -0.025234 3.129244 1603.530029
-15.094235 -6.978307 1.578481 0.002475 -0.018419 3.098876 1603.750000
-14.914156 -6.874819 1.575745 0.016040 -0.023105 3.066109 1603.979980
-14.739806 -6.774739 1.565124 0.022861 -0.026034 3.033932 1604.199951
-14.561742 -6.670977 1.546225 0.022935 -0.023621 3.001212 1604.420044
-14.388824 -6.568567 1.521424 0.021575 -0.020823 2.969561 1604.630005
-14.215426 -6.464746 1.493389 -0.006640 -0.003131 2.938302 1604.839966
-14.040147 -6.364615 1.467608 -0.024496 -0.025463 2.906072 1605.060059
-13.856972 -6.279798 1.449738 -0.024150 -0.046816 2.872389 1605.290039
-13.664173 -6.217445 1.442768 -0.013963 -0.053495 2.838238 1605.520020
-13.467368 -6.175011 1.445594 -0.002595 -0.048351 2.805427 1605.739990
-13.269461 -6.144669 1.454604 0.006661 -0.035428 2.774270 1605.949951
-13.066022 -6.118448 1.465880 0.018050 -0.022188 2.743426 1606.160034
-12.860668 -6.090312 1.476281 0.027104 -0.016573 2.712770 1606.369995
-12.654435 -6.056397 1.484031 0.028500 -0.012962 2.682282 1606.579956
-12.457853 -6.018023 1.488275 0.027007 -0.012352 2.653214 1606.780029
-12.262128 -5.974827 1.489588 0.008875 0.001285 2.624688 1606.979980
-12.064218 -5.928041 1.488662 0.002399 0.000588 2.594909 1607.189941
-11.866109 -5.880206 1.486526 0.011845 -0.014084 2.563822 1607.410034
-11.669847 -5.833782 1.484380 0.017648 -0.022645 2.532683 1607.630005
-11.470431 -5.788944 1.482983 0.022433 -0.026313 2.501422 1607.849976
-11.266047 -5.745503 1.482611 0.010821 -0.015106 2.470467 1608.069946
-11.062574 -5.704391 1.482949 0.010873 -0.011251 2.439506 1608.290039
-10.861669 -5.664802 1.483973 0.022662 -0.016300 2.408354 1608.510010
-10.659828 -5.623597 1.485938 0.029815 0.017938 2.377258 1608.729980
-10.464655 -5.568274 1.489399 0.043777 0.063618 2.346036 1608.949951
-10.277330 -5.476995 1.494413 0.046224 0.076873 2.312180 1609.180054
-10.115514 -5.353180 1.500156 0.043106 0.066890 2.278612 1609.400024
-9.973532 -5.207110 1.506239 0.025440 0.045205 2.246076 1609.609985
-9.842115 -5.046540 1.512517 0.007720 0.023100 2.214109 1609.819946
-9.719875 -4.883135 1.519051 0.014767 0.011953 2.182401 1610.030029
-9.597398 -4.714205 1.525572 -0.031268 -0.014199 2.150118 1610.250000
-9.477547 -4.550243 1.531007 -0.094431 -0.041424 2.118215 1610.500000
-9.374589 -4.378221 1.533702 0.006634 0.107089 2.048159 1611.319946
-9.451135 -4.191431 1.526452 0.024261 0.108839 2.027356 1611.780029
-9.516794 -3.996612 1.519950 0.021308 0.088237 2.013225 1612.040039
-9.575867 -3.805614 1.513523 0.015131 0.061205 2.001724 1612.250000
-9.634178 -3.608573 1.507441 -0.000890 0.024975 1.993115 1612.449951
-9.694649 -3.411267 1.504135 -0.023618 0.013480 1.988629 1612.650024
-9.762509 -3.221685 1.505480 -0.034330 0.016814 1.988801 1612.849976
-9.845945 -3.031549 1.512391 -0.034117 0.019651 1.992714 1613.060059
-9.941237 -2.849349 1.523297 -0.005870 0.002188 1.998272 1613.270020
-10.035922 -2.667791 1.531759 0.083311 -0.034483 2.001397 1613.489990
-10.088921 -2.470281 1.530809 0.135298 -0.047715 1.998862 1613.739990
-10.055478 -2.268914 1.514083 0.124785 -0.037535 1.990914 1614.000000
-9.959826 -2.092345 1.488617 0.091169 -0.022360 1.977844 1614.229980
-9.835452 -1.932368 1.465118 0.065263 -0.007787 1.960565 1614.439941
-9.697360 -1.780528 1.447255 0.041460 0.001705 1.939479 1614.640015
-9.558080 -1.636861 1.436230 0.025093 0.008300 1.915969 1614.829956
-9.417450 -1.493813 1.431338 0.015847 0.012943 1.889617 1615.020020
-9.272204 -1.344003 1.432060 0.001369 0.008139 1.859460 1615.219971
-9.134061 -1.197763 1.437022 -0.014528 0.010261 1.827762 1615.420044
-8.997689 -1.040730 1.444449 -0.034317 0.041547 1.790846 1615.640015
-8.882810 -0.869187 1.451615 -0.038635 0.060009 1.751863 1615.869995
-8.797921 -0.680962 1.456263 -0.029083 0.061305 1.713419 1616.099976
-8.738577 -0.484199 1.457796 -0.018623 0.043592 1.677347 1616.319946
-8.693616 -0.281738 1.456450 -0.026530 -0.039827 1.644425 1616.540039
-8.657648 -0.081428 1.452656 -0.031012 -0.105793 1.609895 1616.800049
-8.855601 -0.060672 1.480845 -0.119508 -0.037000 1.569752 1617.719971
-9.041269 -0.146717 1.500668 -0.085550 -0.023116 1.589421 1617.949951
-9.230823 -0.228341 1.521038 -0.055324 -0.012799 1.613979 1618.150024
-9.422717 -0.307929 1.542262 -0.032994 -0.005833 1.642565 1618.339966
-9.607356 -0.382799 1.563233 -0.016561 -0.001698 1.673226 1618.520020
-9.799558 -0.459656 1.585299 -0.006495 -0.003235 1.708292 1618.709961
-9.984908 -0.535268 1.603603 0.011135 -0.030136 1.744604 1618.900024
-10.165590 -0.621761 1.614208 0.018234 -0.062948 1.783290 1619.099976
-10.334261 -0.730840 1.613497 0.015520 -0.073198 1.824730 1619.310059
-10.488003 -0.868467 1.600047 0.004253 -0.065428 1.868156 1619.530029
-10.617701 -1.019011 1.577307 -0.001474 -0.045656 1.908593 1619.739990
-10.735161 -1.180052 1.548506 0.003221 -0.020699 1.947392 1619.949951
-10.846608 -1.349169 1.516937 0.011256 -0.025889 1.985611 1620.170044
-10.946500 -1.527274 1.489254 0.014605 -0.051388 2.023059 1620.400024
-11.023265 -1.714863 1.470101 0.019345 -0.046624 2.058998 1620.630005
-11.076598 -1.909688 1.460071 0.008029 -0.042018 2.092936 1620.859985
-11.112864 -2.110836 1.458213 -0.004793 -0.034773 2.125127 1621.089966
-11.139710 -2.317020 1.462330 -0.009122 -0.021272 2.155812 1621.319946
-11.163013 -2.524580 1.470327 -0.022150 -0.021687 2.185699 1621.550049
-11.186787 -2.726199 1.479414 -0.028836 -0.002387 2.213703 1621.770020
-11.220068 -2.926593 1.486865 -0.048374 0.026677 2.241549 1621.989990
-11.275676 -3.121152 1.490654 -0.045918 0.039429 2.269798 1622.209961
-11.355808 -3.305940 1.490193 -0.036480 0.036566 2.298781 1622.430054
-11.455671 -3.480578 1.485751 -0.040325 0.023199 2.328545 1622.650024
-11.570199 -3.650025 1.478322 -0.014222 0.012329 2.358290 1622.869995
-11.687486 -3.812238 1.470232 0.000336 -0.012137 2.387407 1623.089966
-11.799825 -3.978056 1.465062 -0.013642 -0.039250 2.417887 1623.319946
-11.899535 -4.159371 1.465241 -0.007572 -0.040451 2.449902 1623.560059
-11.980133 -4.349380 1.471032 -0.021342 -0.035456 2.482050 1623.800049
-12.045112 -4.540950 1.481043 -0.019138 -0.023182 2.512878 1624.030029
-12.101885 -4.736136 1.491922 0.002777 -0.022667 2.543193 1624.260010
-12.147131 -4.936379 1.498720 -0.009204 -0.044180 2.574519 1624.500000
-12.172860 -5.141090 1.498303 -0.004720 -0.040444 2.605847 1624.739990
-12.180055 -5.349259 1.490597 -0.012040 -0.032915 2.637177 1624.979980
-12.174894 -5.551114 1.479867 -0.018515 -0.020717 2.667235 1625.209961
-12.164843 -5.755726 1.471455 -0.030674 -0.013964 2.697626 1625.439941
-12.155668 -5.955967 1.467978 -0.020590 -0.004234 2.726738 1625.660034
-12.149000 -6.156419 1.469599 -0.025305 -0.003072 2.756320 1625.880005
-12.145658 -6.357958 1.476054 -0.020221 -0.001774 2.786136 1626.099976
-12.144815 -6.563414 1.484834 0.053584 0.019012 2.816689 1626.329956
-12.144835 -6.764874 1.494498 0.103506 0.033024 2.852325 1626.619995
-12.129234 -6.966385 1.518634 -0.114644 -0.053277 2.910853 1627.589966
-12.087985 -7.162260 1.537279 -0.095390 -0.042964 2.925853 1627.920044
-12.045838 -7.362793 1.553694 -0.057998 -0.025711 2.939217 1628.160034
-12.004457 -7.558789 1.568591 -0.030249 -0.016915 2.954202 1628.369995
-11.959662 -7.759426 1.581610 -0.010246 -0.030613 2.972213 1628.579956
-11.905412 -7.957004 1.590904 -0.001456 -0.041478 2.992805 1628.790039
-11.837499 -8.147573 1.595948 0.009926 -0.034751 3.015820 1629.000000
-11.753760 -8.335855 1.596874 0.000047 -0.031232 3.042334 1629.219971
-11.659967 -8.516135 1.594342 -0.013487 -0.027351 3.071017 1629.439941
-11.559245 -8.693553 1.589688 -0.011997 -0.010151 3.101335 1629.660034
-11.459353 -8.868605 1.584673 -0.025569 0.011894 3.133131 1629.880005
-11.365778 -9.054898 1.580784 -0.035209 0.020864 -3.115730 1630.109985
-11.287022 -9.248342 1.578755 -0.025925 0.020903 -3.080786 1630.339966
-11.221884 -9.446006 1.578403 -0.033866 0.013409 -3.045284 1630.569946
-11.168015 -9.640119 1.579307 -0.009365 0.014393 -3.011529 1630.790039
-11.124396 -9.838041 1.579879 0.023042 0.075679 -2.975191 1631.020020
-11.125350 -10.044150 1.578263 0.033217 0.117955 -2.933758 1631.280029
-11.200734 -10.231977 1.572584 0.030791 0.097302 -2.895338 1631.540039
-11.324909 -10.392559 1.564276 0.011733 0.080149 -2.860192 1631.780029
-11.471355 -10.536629 1.554821 -0.002199 0.056630 -2.828206 1632.000000
-11.627371 -10.675444 1.544869 -0.010600 0.036680 -2.797627 1632.209961
-11.781077 -10.809613 1.535203 -0.006016 0.015705 -2.768669 1632.410034
-11.933087 -10.941885 1.526191 0.006406 0.010977 -2.740326 1632.609985
-12.090610 -11.073838 1.518113 0.012835 0.015206 -2.711076 1632.819946
-12.255251 -11.202518 1.511475 0.013716 0.009142 -2.681275 1633.040039
-12.418807 -11.321368 1.506560 0.009691 0.021614 -2.651871 1633.260010
-12.584800 -11.434879 1.503101 0.003229 0.027760 -2.623055 1633.479980
-12.753370 -11.548205 1.501549 -0.021642 0.023464 -2.594600 1633.699951
-12.917789 -11.669966 1.502992 -0.042581 0.026580 -2.565866 1633.920044
-13.072697 -11.807117 1.507206 -0.040093 0.007528 -2.535848 1634.140015
-13.213246 -11.955480 1.513612 -0.033576 0.014907 -2.506766 1634.359985
-13.342982 -12.112883 1.521859 -0.024428 0.024592 -2.477493 1634.579956
-13.467704 -12.277600 1.530661 -0.008760 0.024446 -2.448281 1634.800049
-13.592492 -12.444448 1.537269 0.008911 0.030490 -2.421114 1635.020020
-13.717424 -12.601575 1.539921 0.017059 0.022357 -2.398453 1635.229980
-13.854188 -12.759311 1.538529 0.017565 0.015447 -2.378633 1635.449951
-13.994909 -12.908526 1.533285 0.013607 0.022275 -2.362836 1635.670044
-14.140280 -13.053081 1.524956 0.008505 0.030655 -2.351259 1635.890015
-14.290841 -13.197383 1.514547 0.004132 0.034602 -2.343660 1636.109985
-14.437779 -13.336277 1.503585 0.000497 -0.012467 -2.339716 1636.319946
-14.585010 -13.474667 1.492126 -0.003478 -0.090569 -2.338172 1636.550049
-14.731298 -13.611316 1.484214 -0.006768 -0.126876 -2.340221 1636.959961
-14.897983 -13.505260 1.524247 0.107011 0.028140 -2.373023 1637.810059
-15.062420 -13.395419 1.562367 0.085484 0.026943 -2.397307 1638.069946
-15.233631 -13.284587 1.601102 0.059437 0.021013 -2.422707 1638.290039
-15.404166 -13.176042 1.638660 0.030045 0.009086 -2.448904 1638.489990
-15.577169 -13.065098 1.672087 0.021235 -0.011102 -2.477084 1638.689941
-15.744270 -12.950374 1.696328 0.025161 -0.022803 -2.507009 1638.890015
-15.909566 -12.822862 1.710070 0.010339 -0.028499 -2.539809 1639.099976
-16.060591 -12.690881 1.712165 0.014310 -0.021250 -2.573342 1639.310059
-16.206741 -12.548947 1.704065 0.018410 -0.011203 -2.608936 1639.530029
-16.345024 -12.405244 1.688595 -0.000342 0.008301 -2.644622 1639.750000
-16.487007 -12.265396 1.667578 -0.013177 0.055115 -2.682327 1639.979980
-16.649694 -12.145731 1.643189 -0.012624 0.077152 -2.720945 1640.219971
-16.829798 -12.058819 1.619227 -0.005493 0.074116 -2.756965 1640.449951
-17.024221 -11.995530 1.596818 0.001541 0.058939 -2.790882 1640.670044
-17.224180 -11.946476 1.576963 0.003457 0.030269 -2.822712 1640.880005
-17.427839 -11.902153 1.561793 0.017525 0.014998 -2.853994 1641.089966
-17.630032 -11.854905 1.553411 0.025876 0.007109 -2.885184 1641.300049
-17.827549 -11.800540 1.551471 0.020480 -0.005705 -2.915999 1641.510010
-18.024624 -11.736630 1.555319 0.022413 0.005147 -2.947159 1641.729980
-18.215805 -11.666274 1.564011 0.023237 0.018220 -2.977908 1641.949951
-18.407225 -11.590237 1.576043 0.021314 0.026813 -3.008603 1642.170044
-18.593243 -11.513612 1.588769 0.021921 0.017491 -3.037988 1642.380005
-18.776972 -11.430848 1.596638 0.054959 -0.032249 -3.068121 1642.589966
-18.948067 -11.323397 1.593818 0.082967 -0.064280 -3.100470 1642.810059
-19.089045 -11.178104 1.577001 0.064815 -0.070442 -3.133314 1643.040039
-19.193174 -11.000236 1.551002 0.043249 -0.035972 3.117943 1643.280029
-19.271479 -10.808167 1.531662 0.031652 0.009384 3.086089 1643.520020
-19.344648 -10.617913 1.526754 0.010310 0.021851 3.054644 1643.750000
-19.425005 -10.430200 1.536837 0.009708 0.033314 3.023122 1643.979980
-19.517052 -10.245625 1.560434 0.007076 0.029998 2.991489 1644.209961
-19.617002 -10.065823 1.590383 0.006262 -0.014085 2.960990 1644.439941
-19.707611 -9.884514 1.617855 0.044833 -0.049484 2.929319 1644.680054
-19.764870 -9.687425 1.635634 0.068157 -0.053156 2.896264 1644.930054
-19.780319 -9.480597 1.640248 0.064686 -0.038296 2.864900 1645.170044
-19.767910 -9.276962 1.634804 0.041844 -0.022389 2.835743 1645.390015
-19.742002 -9.077568 1.623154 0.026159 -0.007513 2.807459 1645.599976
-19.710581 -8.877920 1.607250 0.026836 0.006190 2.778836 1645.810059
-19.679199 -8.677474 1.589429 0.010986 0.016536 2.749745 1646.020020
-19.654171 -8.479173 1.572253 0.006344 0.035321 2.720207 1646.229980
-19.642223 -8.272820 1.556776 0.001047 0.038046 2.688952 1646.449951
-19.646280 -8.068713 1.544578 0.000353 0.032333 2.657663 1646.670044
-19.663328 -7.867357 1.535601 0.011465 0.030914 2.626191 1646.890015
-19.689119 -7.666078 1.529448 0.004907 0.014327 2.594605 1647.109985
-19.718470 -7.468265 1.525183 0.015601 0.016564 2.563290 1647.329956
-19.748810 -7.270546 1.522184 0.018290 0.014161 2.531841 1647.550049
-19.778183 -7.072549 1.519762 0.014770 0.009222 2.500634 1647.770020
-19.806767 -6.867074 1.517390 0.018103 0.014144 2.468318 1648.000000
-19.833138 -6.664646 1.514676 -0.025534 -0.033730 2.437420 1648.229980
-19.857176 -6.463114 1.512029 -0.080683 -0.093705 2.407516 1648.510010
-19.737032 -6.303659 1.536016 0.127255 -0.043461 2.339896 1649.520020
-19.549290 -6.225127 1.565098 0.099797 -0.030320 2.325635 1649.800049
-19.360588 -6.142430 1.592016 0.051260 -0.013808 2.312096 1650.020020
-19.176733 -6.060237 1.618490 0.029434 -0.005305 2.296651 1650.219971
-18.992207 -5.975173 1.643897 0.011729 0.027363 2.278596 1650.420044
-18.810894 -5.877693 1.665201 0.014146 0.067240 2.256375 1650.630005
-18.644047 -5.754700 1.679406 0.004645 0.072177 2.230224 1650.849976
-18.503366 -5.610626 1.684947 0.005151 0.060950 2.201776 1651.069946
-18.383974 -5.449952 1.683247 0.015588 0.045658 2.171153 1651.290039
-18.277357 -5.277515 1.676265 0.001758 0.017308 2.139180 1651.510010
-18.174572 -5.098186 1.661141 0.013725 -0.003443 2.105341 1651.739990
-18.070677 -4.925876 1.634336 0.031414 -0.011815 2.070659 1651.969971
-17.957268 -4.761277 1.596941 0.020739 -0.018257 2.035686 1652.199951
-17.831739 -4.601887 1.554522 0.013551 -0.002546 1.999859 1652.439941
-17.705276 -4.448866 1.523005 0.022463 0.024875 1.964549 1652.680054
-17.580149 -4.288625 1.508861 0.013004 0.025042 1.929373 1652.920044
-17.459295 -4.120462 1.512357 0.018707 0.031126 1.894874 1653.160034
-17.346035 -3.950250 1.529759 0.013815 0.023029 1.862001 1653.390015
-17.235477 -3.776614 1.554249 0.010643 -0.008958 1.830340 1653.619995
-17.117599 -3.608046 1.576075 0.047417 -0.040174 1.798049 1653.859985
-16.977705 -3.463255 1.586441 0.067710 -0.044883 1.766081 1654.099976
-16.814123 -3.347155 1.583164 0.065583 -0.033187 1.735977 1654.329956
-16.633654 -3.251897 1.569048 0.046549 -0.013924 1.707137 1654.550049
-16.449802 -3.167984 1.550425 0.017020 0.023073 1.679191 1654.760010
-16.268311 -3.078124 1.531838 -0.000715 0.049054 1.650022 1654.969971
-16.097778 -2.973265 1.515952 -0.015944 0.046083 1.620593 1655.180054
-15.935425 -2.847907 1.503654 -0.009576 0.045544 1.589489 1655.400024
-15.786195 -2.708131 1.496089 -0.000691 0.031820 1.558371 1655.619995
-15.644091 -2.561949 1.492839 0.024463 -0.007230 1.527526 1655.839966
-15.491149 -2.420623 1.493564 0.051496 -0.028603 1.494680 1656.069946
-15.323469 -2.302964 1.497043 0.044232 -0.036653 1.461921 1656.300049
-15.143377 -2.211359 1.501858 0.049336 -0.019752 1.430389 1656.530029
-14.950042 -2.138655 1.507210 0.051763 -0.014902 1.398517 1656.760010
-14.752064 -2.084228 1.511777 0.053679 -0.020887 1.367607 1656.979980
-14.552037 -2.047996 1.514733 0.046069 -0.020185 1.338171 1657.189941
-14.344644 -2.026041 1.516077 0.038970 -0.013035 1.308707 1657.400024
-14.143056 -2.015028 1.516063 0.029447 -0.005935 1.280317 1657.599976
-13.941539 -2.010030 1.514847 0.001362 -0.007302 1.251756 1657.800049
-13.739703 -2.007562 1.512902 -0.009619 0.007338 1.221850 1658.010010
-13.531697 -1.999859 1.511657 0.004483 0.031126 1.189127 1658.239990
-13.328472 -1.979740 1.512268 0.001807 0.028098 1.156770 1658.469971
-13.128526 -1.947912 1.514733 0.010613 0.028761 1.124619 1658.699951
-12.929037 -1.907261 1.518520 -0.005494 0.005888 1.092816 1658.930054
-12.729199 -1.861896 1.522378 -0.061576 -0.052001 1.062857 1659.180054
-12.534265 -1.817112 1.528249 0.070539 -0.004879 1.003569 1659.890015
-12.357292 -1.924252 1.534891 0.128488 0.012545 0.976843 1660.439941
-12.176298 -2.027932 1.539643 0.084980 0.009580 0.960824 1660.689941
-11.996695 -2.129763 1.543445 0.041099 0.005574 0.945048 1660.900024
-11.818296 -2.230417 1.547093 0.029018 0.004468 0.927897 1661.099976
-11.638333 -2.331882 1.550238 0.022599 -0.001444 0.908228 1661.300049
-11.460045 -2.434444 1.552271 0.021144 -0.005730 0.886111 1661.500000
-11.285080 -2.538978 1.552848 0.020337 -0.006638 0.861667 1661.699951
-11.113811 -2.645669 1.551994 0.021244 -0.004876 0.835104 1661.900024
-10.945683 -2.754225 1.549942 0.022331 -0.001867 0.806711 1662.099976
-10.771388 -2.869711 1.546908 0.025735 0.002201 0.775246 1662.310059
-10.598131 -2.986242 1.543187 0.010594 -0.000547 0.742490 1662.520020
-10.429677 -3.101107 1.536845 0.011436 -0.001346 0.709190 1662.729980
-10.258761 -3.219942 1.525833 0.021770 0.001455 0.673996 1662.949951
-10.089948 -3.339938 1.510302 0.020409 0.009308 0.640900 1663.170044
-9.920928 -3.454709 1.493484 -0.051994 0.059973 0.612429 1663.390015
-9.736266 -3.532388 1.478706 -0.113082 0.095252 0.588791 1663.630005
-9.530150 -3.520220 1.468245 -0.113972 0.092545 0.579085 1663.900024
-9.349287 -3.425029 1.464363 -0.082184 0.069407 0.584059 1664.140015
-9.194425 -3.297288 1.464744 -0.042770 0.029605 0.595941 1664.349976
-9.045517 -3.155215 1.468490 0.042299 -0.005158 0.608241 1664.560059
-8.887982 -3.030776 1.476643 0.116630 -0.029238 0.617739 1664.780029
-8.695756 -2.958042 1.489105 0.118808 -0.042789 0.623568 1665.030029
-8.494046 -2.960411 1.500425 0.090402 -0.036943 0.625315 1665.280029
-8.297444 -3.015530 1.504877 0.073407 -0.011693 0.621648 1665.520020
-8.111382 -3.095453 1.501321 0.053915 0.007113 0.611273 1665.739990
-7.927095 -3.185370 1.491106 0.035459 0.017483 0.595185 1665.949951
-7.746688 -3.274832 1.476169 0.014539 0.015450 0.574924 1666.150024
-7.567418 -3.361989 1.459269 -0.002280 -0.007845 0.551392 1666.349976
-7.382007 -3.455255 1.442504 0.018385 -0.015850 0.522288 1666.569946
-7.208513 -3.554205 1.430163 0.022960 -0.019947 0.490174 1666.790039
-7.039601 -3.666848 1.422754 0.026070 -0.013681 0.454785 1667.020020
-6.879714 -3.788618 1.420786 0.037367 0.002367 0.418268 1667.250000
-6.719920 -3.920576 1.423319 0.038720 0.012649 0.380710 1667.479980
-6.562874 -4.054947 1.428517 0.030375 0.020265 0.344279 1667.699951
-6.407516 -4.185589 1.434520 0.009185 0.038930 0.309403 1667.910034
-6.242946 -4.308950 1.440186 -0.006416 0.051058 0.274400 1668.119995
-6.067907 -4.417949 1.444696 -0.021651 0.034564 0.240310 1668.329956
-5.888843 -4.509769 1.447922 -0.026069 0.023372 0.207173 1668.540039
-5.702090 -4.586692 1.453300 -0.038768 0.029066 0.173176 1668.760010
-5.505728 -4.641801 1.464959 -0.038800 0.038571 0.138807 1668.989990
-5.304663 -4.672001 1.483076 -0.030153 0.024620 0.106834 1669.219971
-5.102452 -4.683936 1.507446 -0.016895 0.031549 0.075257 1669.449951
-4.898373 -4.685393 1.535248 -0.007713 -0.018086 0.045766 1669.680054
-4.694571 -4.682557 1.562939 -0.002666 -0.094636 0.015841 1669.939941
-4.768888 -4.496731 1.560348 -0.070840 -0.083457 -0.018850 1671.089966
-4.929668 -4.379080 1.538495 -0.041934 -0.043446 -0.002790 1671.300049
-5.093194 -4.255270 1.515518 -0.023280 -0.017214 0.019008 1671.500000
-5.256487 -4.128367 1.493029 -0.004009 -0.014927 0.045812 1671.699951
-5.418704 -4.006882 1.477012 0.035021 -0.034334 0.075816 1671.900024
-5.593929 -3.900831 1.471542 0.055324 -0.048987 0.110346 1672.109985
-5.787654 -3.822668 1.479070 0.052468 -0.051799 0.149603 1672.329956
-5.982261 -3.777928 1.497597 0.037989 -0.044824 0.188850 1672.540039
-6.182338 -3.755128 1.524144 0.025148 -0.021525 0.228639 1672.750000
-6.379828 -3.745954 1.554752 0.009238 -0.006318 0.267191 1672.959961
-6.578906 -3.741151 1.579909 -0.015958 -0.003835 0.305997 1673.180054
-6.780788 -3.730035 1.589011 -0.032324 -0.009138 0.344878 1673.410034
-6.980219 -3.707031 1.578846 -0.027099 -0.002528 0.381325 1673.640015
-7.176255 -3.673342 1.550323 -0.031672 -0.015974 0.416699 1673.869995
-7.374624 -3.630974 1.508806 -0.011928 -0.025255 0.450603 1674.099976
-7.567807 -3.593677 1.470322 0.030902 -0.047095 0.481896 1674.319946
-7.772939 -3.580523 1.441588 0.050057 -0.051303 0.514580 1674.550049
-7.977127 -3.602626 1.427893 0.046355 -0.040953 0.547359 1674.780029
-8.176419 -3.654886 1.429292 0.028383 -0.041446 0.579053 1675.010010
-8.366234 -3.724830 1.442367 0.007038 -0.029487 0.609359 1675.229980
-8.555333 -3.799051 1.459577 -0.052952 0.025815 0.638948 1675.449951
-8.757028 -3.845731 1.475284 -0.099098 0.060997 0.669236 1675.689941
-8.961971 -3.828394 1.482892 -0.086357 0.064779 0.702022 1675.939941
-9.152184 -3.753413 1.480308 -0.075071 0.044991 0.735390 1676.180054
-9.324112 -3.648039 1.470927 -0.035167 0.030347 0.765486 1676.400024
-9.488926 -3.525129 1.460200 -0.022618 0.030272 0.795152 1676.619995
-9.643517 -3.390724 1.452731 -0.026524 0.027778 0.825353 1676.839966
-9.789706 -3.246460 1.450039 -0.011089 0.018062 0.855793 1677.060059
-9.927601 -3.098761 1.452528 -0.021441 0.012863 0.886402 1677.280029
-10.062016 -2.948060 1.459738 -0.017479 0.005711 0.917332 1677.500000
-10.200300 -2.792076 1.469690 -0.005315 -0.023065 0.948957 1677.729980
-10.348054 -2.646811 1.478601 -0.019876 -0.070727 0.981450 1677.969971
-10.516476 -2.534556 1.483178 -0.017099 -0.078160 1.013937 1678.209961
-10.706300 -2.458611 1.482263 -0.019808 -0.062436 1.046018 1678.449951
-10.903417 -2.412180 1.476863 -0.025776 -0.041629 1.076582 1678.680054
-11.101542 -2.382500 1.470022 -0.014746 -0.031666 1.105695 1678.900024
-11.303061 -2.364375 1.464640 -0.021673 -0.032509 1.135016 1679.119995
-11.508501 -2.356571 1.462179 -0.008120 -0.021654 1.164168 1679.339966
-11.712183 -2.356786 1.462867 -0.014479 -0.016321 1.193495 1679.560059
-11.914327 -2.361654 1.466584 -0.007025 -0.007771 1.222780 1679.780029
-12.115592 -2.368970 1.471480 0.065176 0.019978 1.252958 1680.010010
-12.319013 -2.378875 1.477193 0.116086 0.039988 1.290670 1680.329956
-12.502537 -2.299854 1.509861 -0.130020 0.040773 1.342197 1681.260010
-12.668221 -2.188694 1.538029 -0.103471 0.029285 1.359709 1681.540039
-12.840945 -2.079737 1.563520 -0.053935 0.013045 1.376644 1681.760010
-13.012015 -1.975256 1.588084 -0.025962 0.006999 1.393499 1681.959961
-13.184190 -1.870566 1.610671 0.003083 0.020610 1.412624 1682.160034
-13.354488 -1.757111 1.628287 0.012911 0.045309 1.435677 1682.369995
-13.516151 -1.625443 1.638124 0.010358 0.054089 1.462343 1682.589966
-13.662455 -1.477018 1.639335 0.002769 0.049724 1.491325 1682.810059
-13.792248 -1.321526 1.633926 -0.000119 0.033953 1.520999 1683.020020
-13.914837 -1.159623 1.624141 0.002191 0.012385 1.551866 1683.229980
-14.036740 -0.994878 1.611750 -0.025077 -0.044665 1.584361 1683.449951
-14.176490 -0.849023 1.598739 -0.069776 -0.098220 1.621914 1683.689941
-14.356370 -0.760893 1.586707 -0.064577 -0.098609 1.661286 1683.949951
-14.562740 -0.743740 1.576997 -0.062604 -0.066344 1.698400 1684.209961
-14.763066 -0.769774 1.570773 -0.037921 -0.033359 1.730764 1684.439941
-14.960204 -0.810447 1.567098 -0.001506 0.034068 1.761942 1684.660034
-15.159936 -0.834018 1.567075 0.024567 0.100680 1.796382 1684.890015
-15.363591 -0.801563 1.570863 0.038118 0.100951 1.832296 1685.140015
-15.542994 -0.712010 1.576797 0.027747 0.085982 1.865755 1685.380005
-15.704809 -0.584122 1.584001 0.010026 0.061202 1.897564 1685.609985
-15.856603 -0.441324 1.589799 -0.034091 -0.004658 1.927828 1685.829956
-16.014637 -0.312376 1.592379 -0.078483 -0.051157 1.960227 1686.050049
-16.196629 -0.220775 1.590098 -0.090978 -0.061352 1.993288 1686.280029
-16.397671 -0.179409 1.582111 -0.079775 -0.044069 2.024627 1686.510010
-16.604332 -0.176398 1.570585 -0.052701 -0.015395 2.054447 1686.729980
-16.809174 -0.190533 1.558009 -0.030188 0.006978 2.083833 1686.939941
-17.015951 -0.208131 1.545220 -0.005682 0.013101 2.113927 1687.150024
-17.218338 -0.221651 1.532791 -0.004104 0.023043 2.143992 1687.359985
-17.426702 -0.227669 1.520660 0.001425 0.020595 2.175392 1687.579956
-17.629681 -0.224493 1.512396 0.010205 0.028602 2.206588 1687.800049
-17.835739 -0.206830 1.512030 0.006917 0.043506 2.239096 1688.030029
-18.039986 -0.171412 1.520741 0.009300 0.031247 2.271034 1688.260010
-18.241085 -0.122276 1.537387 -0.000291 0.032265 2.302859 1688.489990
-18.433453 -0.066388 1.558977 -0.003837 0.022466 2.333188 1688.709961
-18.624823 -0.006789 1.583769 -0.006699 0.016315 2.363195 1688.930054
-18.822098 0.055082 1.608886 -0.017283 0.004179 2.394223 1689.160034
-19.017323 0.108739 1.624164 -0.042249 0.002690 2.424986 1689.390015
-19.216230 0.145416 1.625318 -0.044081 -0.001458 2.456052 1689.619995
-19.417931 0.163399 1.612607 -0.036517 0.000634 2.483702 1689.849976
-19.620871 0.166529 1.588212 -0.027845 0.015317 2.504168 1690.079956
-19.824837 0.166406 1.559102 0.061950 0.029138 2.516490 1690.310059
-20.026815 0.204589 1.532099 0.131517 0.036491 2.517821 1690.560059
-20.195477 0.320767 1.513178 0.129278 0.032734 2.504710 1690.819946
-20.313368 0.492877 1.504490 0.094271 0.028775 2.482362 1691.060059
-20.393686 0.676114 1.502100 0.033958 -0.026389 2.453902 1691.270020
-20.456709 0.870015 1.503115 -0.028177 -0.088236 2.423490 1691.500000
-20.501472 1.065213 1.511470 -0.087805 -0.180932 2.387236 1691.859985
-20.338577 0.944451 1.544456 0.016028 -0.130174 2.350755 1692.439941
-20.180708 0.807529 1.563735 0.013364 -0.088159 2.339101 1692.670044
-20.028540 0.678393 1.581826 0.009082 -0.055745 2.328511 1692.859985
-19.867622 0.543164 1.600244 0.003579 -0.019664 2.316491 1693.050049
-19.707790 0.409383 1.615651 0.001174 -0.001553 2.302619 1693.239990
-19.553835 0.280954 1.625790 0.001958 -0.004184 2.286736 1693.430054
-19.397490 0.151093 1.629788 0.002305 -0.009472 2.267719 1693.630005
-19.237730 0.018701 1.626984 0.003525 -0.017823 2.245140 1693.839966
-19.080183 -0.111959 1.618487 0.001548 -0.012793 2.220186 1694.050049
-18.926453 -0.240152 1.606131 -0.001555 -0.004326 2.193355 1694.260010
-18.772524 -0.370516 1.591734 -0.006899 -0.015419 2.163608 1694.479980
-18.618391 -0.508047 1.578003 -0.009232 -0.031032 2.130947 1694.709961
-18.474756 -0.647013 1.567746 -0.007405 -0.037576 2.099928 1694.930054
-18.334126 -0.795961 1.560923 -0.042002 -0.032183 2.073004 1695.150024
-18.211235 -0.959518 1.557607 -0.091788 -0.017533 2.051775 1695.369995
-18.127245 -1.141035 1.556747 -0.097983 -0.001985 2.037478 1695.589966
-18.086075 -1.343995 1.557203 -0.082947 -0.000907 2.033198 1695.819946
-18.083595 -1.546279 1.558679 -0.061602 -0.009224 2.039044 1696.040039
-18.104240 -1.753329 1.560183 -0.015202 -0.003396 2.051915 1696.260010
-18.129124 -1.956176 1.559853 0.019713 -0.030282 2.072535 1696.479980
-18.139009 -2.156299 1.556565 0.037685 -0.037215 2.099618 1696.699951
-18.124437 -2.361092 1.549723 0.036212 -0.034356 2.133345 1696.930054
-18.086351 -2.560599 1.539516 0.018949 -0.040719 2.170539 1697.160034
-18.031351 -2.761048 1.527981 -0.006180 -0.037139 2.210500 1697.390015
-17.973104 -2.958264 1.518883 -0.025160 -0.026460 2.249853 1697.609985
-17.921139 -3.152249 1.513389 -0.024982 -0.008555 2.287282 1697.819946
-17.875198 -3.356376 1.511239 -0.026501 -0.005108 2.326492 1698.040039
-17.838717 -3.560543 1.512613 -0.025517 -0.008238 2.365038 1698.260010
-17.809349 -3.763216 1.516674 0.008122 0.000386 2.401452 1698.479980
-17.776943 -3.962902 1.522446 0.021215 -0.029076 2.437806 1698.709961
-17.726490 -4.161039 1.529159 0.024344 -0.036399 2.474707 1698.949951
-17.655138 -4.350875 1.535773 0.012725 -0.040974 2.510141 1699.189941
-17.565653 -4.537817 1.542067 -0.006639 -0.041431 2.544462 1699.430054
-17.470181 -4.722180 1.546956 -0.038933 -0.016610 2.576421 1699.660034
-17.386002 -4.908760 1.549922 -0.055723 0.003767 2.606033 1699.880005
-17.320045 -5.105717 1.551131 -0.044214 0.018562 2.635021 1700.099976
-17.274393 -5.306889 1.550478 -0.031986 0.019060 2.664310 1700.319946
-17.245277 -5.507391 1.546637 -0.023656 0.008147 2.693517 1700.540039
-17.225702 -5.706455 1.538316 -0.027088 -0.008446 2.722937 1700.760010
-17.208920 -5.906828 1.525944 -0.011794 -0.009872 2.751984 1700.979980
-17.190123 -6.113670 1.509211 -0.017114 -0.015667 2.782595 1701.209961
-17.168114 -6.319857 1.489901 -0.003048 -0.009418 2.813163 1701.439941
-17.142731 -6.522674 1.470110 0.068780 0.024833 2.844780 1701.680054
-17.113499 -6.722668 1.451105 0.137760 0.058643 2.885175 1702.030029
-17.254133 -6.865899 1.477724 -0.108204 0.078471 2.929811 1702.969971
-17.414848 -6.991903 1.511038 -0.078379 0.054182 2.948025 1703.229980
-17.570711 -7.120249 1.541561 -0.040044 0.025619 2.965473 1703.439941
-17.725887 -7.251302 1.572514 -0.023236 0.016713 2.983304 1703.640015
-17.880703 -7.384160 1.602944 -0.015897 -0.017102 3.003323 1703.839966
-18.029076 -7.525743 1.629502 -0.039001 -0.064874 3.026818 1704.050049
-18.151045 -7.686718 1.648232 -0.053197 -0.082055 3.054017 1704.270020
-18.235653 -7.875282 1.656915 -0.057424 -0.069723 3.084017 1704.500000
-18.281780 -8.074545 1.656153 -0.049327 -0.052068 3.114502 1704.719971
-18.300869 -8.276818 1.648818 -0.036448 -0.061336 -3.137389 1704.930054
-18.293736 -8.484465 1.636215 -0.026335 -0.064967 -3.105433 1705.140015
-18.262035 -8.682388 1.620468 -0.020650 -0.055674 -3.074597 1705.339966
-18.210329 -8.877602 1.602482 -0.010934 -0.037059 -3.043438 1705.540039
-18.147169 -9.066842 1.583737 -0.005651 -0.000699 -3.011859 1705.739990
-18.083250 -9.259146 1.564702 -0.017830 0.030065 -2.978753 1705.949951
-18.031120 -9.460602 1.546410 -0.025785 0.041030 -2.944288 1706.170044
-17.997494 -9.666746 1.529852 -0.026930 0.037734 -2.909878 1706.390015
-17.980114 -9.868533 1.515722 -0.014625 0.025672 -2.877181 1706.599976
-17.972496 -10.069311 1.504276 -0.002192 0.012937 -2.845370 1706.810059
-17.970304 -10.272893 1.496856 -0.016311 0.010331 -2.812663 1707.030029
-17.970387 -10.474798 1.494675 -0.029057 0.009567 -2.780293 1707.250000
-17.969940 -10.680236 1.497236 -0.032999 0.008670 -2.748083 1707.469971
-17.967646 -10.880586 1.502715 -0.019384 0.005902 -2.717423 1707.680054
-17.964771 -11.089452 1.509032 -0.006466 0.016238 -2.685753 1707.900024
-17.967243 -11.294372 1.514275 -0.011067 0.030465 -2.654263 1708.119995
-17.979250 -11.499773 1.517573 -0.016592 0.035145 -2.622799 1708.339966
-17.999588 -11.699555 1.518709 -0.017706 0.031411 -2.592574 1708.550049
-18.026243 -11.902165 1.518484 -0.005508 0.019380 -2.562302 1708.760010
-18.057735 -12.102051 1.519950 0.002009 0.024397 -2.532260 1708.969971
-18.098637 -12.306983 1.525810 0.000480 0.032113 -2.500861 1709.189941
-18.148998 -12.509770 1.536426 -0.008224 0.017674 -2.469772 1709.410034
-18.199570 -12.710747 1.549035 -0.042373 -0.014483 -2.438545 1709.630005
-18.230785 -12.911972 1.561108 -0.057388 -0.031700 -2.406620 1709.849976
-18.232841 -13.112204 1.570910 -0.048774 -0.034938 -2.375180 1710.069946
-18.206217 -13.317060 1.578212 -0.049102 -0.016080 -2.343378 1710.300049
-18.160231 -13.513229 1.582631 -0.039580 0.000366 -2.312795 1710.520020
-18.104364 -13.711820 1.584134 -0.010093 0.029295 -2.282126 1710.739990
-18.056198 -13.913738 1.582278 0.013740 0.053129 -2.250761 1710.959961
-18.029636 -14.119348 1.577097 0.028693 0.043455 -2.219976 1711.180054
-18.026756 -14.323523 1.569204 0.026741 0.040868 -2.189248 1711.400024
-18.045614 -14.525286 1.561284 0.033854 0.041822 -2.158549 1711.619995
-18.087196 -14.724446 1.555924 0.034931 0.043517 -2.128021 1711.839966
-18.150225 -14.920805 1.554041 0.028520 0.023894 -2.098845 1712.060059
-18.227549 -15.111045 1.555552 0.017734 0.026421 -2.070316 1712.280029
-18.313902 -15.298020 1.559984 0.007996 0.010383 -2.043949 1712.500000
-18.403971 -15.482817 1.565414 0.002299 -0.069487 -2.019779 1712.729980
-18.495062 -15.664647 1.570830 -0.002342 -0.110741 -1.993183 1713.040039
-18.452705 -15.470832 1.631110 0.010756 -0.096537 -1.992019 1714.189941
-18.390465 -15.279634 1.661936 0.010704 -0.068777 -2.012818 1714.420044
-18.328224 -15.083896 1.689927 0.023393 -0.037605 -2.036638 1714.630005
-18.273014 -14.888699 1.709831 0.038873 -0.018030 -2.062687 1714.829956
-18.229528 -14.689450 1.719831 0.044272 -0.010176 -2.091668 1715.030029
-18.200172 -14.487688 1.719115 0.041663 -0.010190 -2.123168 1715.229980
-18.183271 -14.284039 1.708851 0.029048 -0.005413 -2.156068 1715.430054
-18.174797 -14.082797 1.692014 -0.009950 0.002595 -2.188918 1715.630005
-18.160713 -13.875659 1.671460 -0.076918 -0.021161 -2.220844 1715.849976
-18.108286 -13.677126 1.652093 -0.101860 -0.032950 -2.249032 1716.089966
-17.999865 -13.504001 1.637389 -0.085096 -0.033543 -2.268834 1716.339966
-17.852285 -13.363125 1.629417 -0.058332 -0.044178 -2.275059 1716.579956
-17.688625 -13.243525 1.626932 -0.029914 -0.042603 -2.273037 1716.800049
-17.518850 -13.129092 1.627688 0.013704 -0.037061 -2.267291 1717.010010
-17.351341 -13.004736 1.630338 0.046872 -0.032792 -2.260417 1717.219971
-17.197824 -12.863635 1.633685 0.056187 -0.029592 -2.255009 1717.430054
-17.061895 -12.705081 1.636843 0.049560 -0.027403 -2.253082 1717.640015
-16.946909 -12.540889 1.639281 0.033983 -0.013125 -2.254998 1717.839966
-16.839283 -12.364569 1.639325 0.006067 0.009884 -2.261513 1718.050049
-16.736053 -12.189306 1.632679 -0.016396 -0.009442 -2.274314 1718.270020
-16.625511 -12.017606 1.617346 -0.026537 -0.011056 -2.293626 1718.500000
-16.501770 -11.851889 1.592941 -0.023231 -0.023713 -2.318812 1718.739990
-16.373182 -11.701205 1.562796 -0.015536 -0.028638 -2.347474 1718.969971
-16.237177 -11.555059 1.531378 -0.004294 -0.008032 -2.379332 1719.199951
-16.097099 -11.407840 1.504685 0.013682 -0.025299 -2.414511 1719.439941
-15.959231 -11.254446 1.488262 0.021054 -0.039142 -2.451437 1719.680054
-15.825922 -11.094758 1.482477 0.020162 -0.039137 -2.487683 1719.910034
-15.696625 -10.931417 1.484046 0.020589 -0.020895 -2.522495 1720.130005
-15.577395 -10.769735 1.489050 0.041473 -0.004967 -2.555679 1720.339966
-15.471358 -10.600205 1.494961 0.054611 -0.001428 -2.588660 1720.550049
-15.381756 -10.419654 1.500047 0.050405 -0.000058 -2.621163 1720.760010
-15.306848 -10.229468 1.503430 0.042346 -0.003947 -2.653564 1720.969971
-15.242654 -10.032922 1.504961 0.016989 0.005235 -2.684934 1721.180054
-15.187018 -9.839788 1.505779 0.008988 0.012987 -2.715953 1721.390015
-15.138514 -9.645157 1.508398 0.025567 0.005084 -2.748166 1721.609985
-15.097420 -9.441586 1.514736 0.035342 -0.004673 -2.781512 1721.839966
-15.064086 -9.240901 1.524438 0.036635 -0.010474 -2.813172 1722.060059
-15.034822 -9.042850 1.536420 0.022512 -0.008010 -2.843009 1722.270020
-15.006609 -8.844141 1.549704 0.004510 -0.005152 -2.872520 1722.479980
-14.974963 -8.644521 1.561166 -0.031348 -0.041739 -2.902191 1722.699951
-14.916586 -8.448323 1.565147 -0.051836 -0.086708 -2.933223 1722.939941
-14.807788 -8.274533 1.557370 -0.052429 -0.075969 -2.968102 1723.189941
-14.662378 -8.136770 1.539029 -0.026762 -0.069048 -3.000989 1723.430054
-14.495811 -8.022039 1.514511 -0.028313 -0.011065 -3.032859 1723.660034
-14.318901 -7.920708 1.487329 -0.048708 0.070087 -3.066531 1723.910034
-14.139631 -7.834470 1.456684 -0.048406 0.107163 -3.108119 1724.319946
-14.072797 -7.645148 1.472708 0.109146 -0.033842 3.127596 1725.180054
-14.022779 -7.450180 1.497784 0.084674 -0.028984 3.112847 1725.449951
-13.968220 -7.256778 1.520455 0.043400 -0.017246 3.098729 1725.670044
-13.910946 -7.062373 1.541681 0.019076 0.011783 3.082509 1725.880005
-13.861193 -6.868198 1.559674 0.018349 0.051497 3.063095 1726.089966
-13.833086 -6.665086 1.573320 0.010213 0.062154 3.039617 1726.310059
-13.833645 -6.464443 1.581221 0.008664 0.055112 3.013508 1726.530029
-13.860152 -6.257341 1.584292 0.018902 0.042825 2.983603 1726.760010
-13.902386 -6.059030 1.583671 0.009435 0.021341 2.953095 1726.979980
-13.951654 -5.863760 1.580661 0.016321 0.000829 2.921490 1727.199951
-13.996637 -5.662235 1.573380 0.033385 -0.059485 2.887243 1727.430054
-14.007411 -5.454453 1.559702 0.041488 -0.088421 2.850948 1727.670044
-13.969380 -5.258448 1.540345 0.045017 -0.080902 2.816567 1727.900024
-13.892670 -5.072616 1.516851 0.042197 -0.057768 2.783904 1728.119995
-13.794250 -4.897314 1.492413 0.007331 -0.029509 2.752821 1728.329956
-13.681979 -4.723212 1.468205 0.009295 -0.006315 2.720239 1728.550049
-13.570437 -4.555085 1.447565 0.018384 0.006138 2.688362 1728.770020
-13.458738 -4.379761 1.430626 0.015425 0.010497 2.655717 1729.000000
-13.353641 -4.203906 1.417557 0.026046 0.010754 2.623533 1729.229980
-13.251474 -4.025139 1.409212 0.016025 -0.026151 2.591577 1729.459961
-13.138585 -3.855917 1.408881 0.010686 -0.075020 2.560356 1729.689941
-12.998628 -3.711744 1.416860 -0.003370 -0.078851 2.529681 1729.920044
-12.833434 -3.598613 1.431661 0.003317 -0.067507 2.499300 1730.150024
-12.648464 -3.510589 1.451880 0.012073 -0.047908 2.469157 1730.380005
-12.459671 -3.440896 1.473913 0.008341 -0.021658 2.440527 1730.599976
-12.270427 -3.376899 1.492720 0.024802 0.023244 2.411664 1730.819946
-12.082720 -3.297067 1.501972 0.041870 0.057157 2.381442 1731.050049
-11.911296 -3.189260 1.498149 0.028702 0.059308 2.350301 1731.280029
-11.758320 -3.055883 1.481731 0.032191 0.048579 2.318445 1731.510010
-11.623972 -2.908530 1.457638 0.033778 0.029125 2.287322 1731.729980
-11.493452 -2.748532 1.435634 0.033067 0.004206 2.255703 1731.949951
-11.365542 -2.592602 1.423863 0.025847 -0.010534 2.225397 1732.160034
-11.232858 -2.441236 1.423164 0.012595 -0.016469 2.195258 1732.369995
-11.091235 -2.292627 1.434001 0.018630 -0.011122 2.163742 1732.589966
-10.946804 -2.150944 1.452839 0.027286 0.000524 2.132140 1732.810059
-10.799106 -2.009686 1.475524 0.032294 0.009482 2.100294 1733.030029
-10.655212 -1.871229 1.497803 0.031557 0.013605 2.069569 1733.239990
-10.509326 -1.728149 1.518905 0.029959 0.015282 2.038531 1733.449951
-10.363591 -1.582283 1.536914 -0.021687 -0.006081 2.007801 1733.660034
-10.221438 -1.438750 1.551052 -0.092161 -0.036802 1.978400 1733.890015
-10.080018 -1.294966 1.561484 -0.115629 -0.051361 1.938795 1734.270020
-9.933517 -1.158227 1.553100 0.107338 0.051146 1.888030 1735.160034
-9.787018 -1.022100 1.549105 0.086499 0.043200 1.871691 1735.439941
-9.634493 -0.879686 1.545357 0.050374 0.008662 1.854279 1735.670044
-9.480326 -0.746888 1.541559 0.037620 -0.063353 1.835781 1735.880005
-9.303314 -0.636804 1.537333 0.027362 -0.100457 1.815344 1736.099976
-9.112787 -0.572889 1.532303 0.012318 -0.095292 1.793336 1736.319946
-8.906742 -0.553280 1.526226 0.022519 -0.073912 1.767810 1736.550049
-8.703690 -0.567702 1.520100 0.010946 -0.043396 1.741457 1736.770020
-8.502558 -0.601192 1.514738 -0.006511 -0.035608 1.713559 1736.989990
-8.302983 -0.653359 1.513314 -0.003083 -0.053377 1.683530 1737.219971
-8.112378 -0.729457 1.517705 0.007098 -0.058496 1.652112 1737.449951
-7.934053 -0.825659 1.527112 0.014592 -0.050204 1.620952 1737.670044
-7.765119 -0.934314 1.539918 0.012443 -0.032867 1.590649 1737.880005
-7.599173 -1.051390 1.554824 0.005011 -0.013953 1.560011 1738.089966
-7.431370 -1.174655 1.570823 0.010577 -0.008902 1.527735 1738.310059
-7.267252 -1.296437 1.583425 0.019052 -0.014259 1.495446 1738.530029
-7.103435 -1.419093 1.590197 0.024424 -0.017928 1.463059 1738.750000
-6.937677 -1.544840 1.590646 0.029281 -0.019675 1.430468 1738.969971
-6.776414 -1.668732 1.585830 0.023817 -0.015459 1.399370 1739.180054
-6.614883 -1.794129 1.577094 0.008337 -0.000032 1.368429 1739.390015
-6.448900 -1.919119 1.563666 0.021009 0.032196 1.335754 1739.609985
-6.278813 -2.026340 1.545829 0.033957 0.049947 1.303189 1739.829956
-6.096687 -2.110788 1.524192 0.039618 0.048505 1.270260 1740.050049
-5.900311 -2.175290 1.499710 0.036136 0.036986 1.236987 1740.270020
-5.703014 -2.223543 1.475423 0.016129 0.028019 1.205312 1740.479980
-5.503950 -2.260212 1.453878 0.006381 0.037926 1.173818 1740.689941
-5.305586 -2.281598 1.437477 0.009540 0.043862 1.142237 1740.900024
-5.105573 -2.286898 1.426803 0.013468 0.040063 1.110617 1741.109985
-4.902546 -2.279246 1.421492 0.017874 0.032977 1.078872 1741.319946
-4.697115 -2.263275 1.420320 0.006010 0.014425 1.047160 1741.530029
-4.495589 -2.243812 1.422148 0.003973 0.008495 1.016043 1741.739990
-4.291077 -2.221533 1.429107 0.004496 0.018738 0.983695 1741.959961
-4.090283 -2.194364 1.442910 0.005785 0.026120 0.951594 1742.180054
-3.891566 -2.160652 1.462795 -0.000218 0.017500 0.919903 1742.400024
-3.688475 -2.120018 1.488989 0.008499 0.025214 0.887273 1742.630005
-3.494589 -2.076703 1.517763 0.006936 0.016670 0.856347 1742.849976
-3.294392 -2.029504 1.548577 -0.006626 0.012613 0.824945 1743.079956
-3.102570 -1.976342 1.574795 -0.035698 0.035562 0.794712 1743.310059
-2.913220 -1.898039 1.593518 -0.046176 0.041066 0.766015 1743.550049
-2.735452 -1.791484 1.602456 -0.039096 0.036740 0.741184 1743.790039
-2.573689 -1.667599 1.603019 -0.025464 0.038730 0.721137 1744.020020
-2.417027 -1.530185 1.597818 -0.011987 -0.028028 0.706720 1744.250000
-2.268681 -1.390223 1.588447 0.000505 -0.100067 0.694703 1744.510010
-2.400972 -1.237863 1.561344 -0.104642 -0.070725 0.692679 1745.520020
-2.606297 -1.202605 1.550438 -0.066156 -0.038860 0.707755 1745.750000
-2.806739 -1.162991 1.540175 -0.033545 -0.014526 0.726448 1745.949951
-3.011478 -1.119079 1.530034 -0.024191 -0.007128 0.749856 1746.150024
-3.214577 -1.072519 1.520350 -0.000303 0.004309 0.776151 1746.349976
-3.417239 -1.024505 1.513335 0.010149 0.004699 0.806021 1746.560059
-3.615118 -0.978103 1.512570 -0.006233 -0.008573 0.839211 1746.780029
-3.814858 -0.933631 1.520131 -0.004579 -0.010744 0.875208 1747.010010
-4.010526 -0.893768 1.535554 -0.019716 -0.016575 0.912060 1747.239990
-4.208513 -0.856736 1.556940 -0.016151 -0.021989 0.949310 1747.469971
-4.407970 -0.829065 1.576801 0.039644 -0.064900 0.985469 1747.699951
-4.614788 -0.842891 1.588410 0.071804 -0.095216 1.023777 1747.949951
-4.802464 -0.921799 1.585955 0.067516 -0.076976 1.064391 1748.199951
-4.961762 -1.048383 1.571128 0.038935 -0.067348 1.101529 1748.439941
-5.097284 -1.195034 1.549988 0.015816 -0.042218 1.134778 1748.660034
-5.227927 -1.355326 1.528776 -0.008936 -0.025583 1.166614 1748.880005
-5.354061 -1.509931 1.513748 -0.025306 -0.021677 1.196110 1749.089966
-5.487096 -1.661769 1.505819 -0.030713 -0.019983 1.225239 1749.300049
-5.628667 -1.809825 1.505174 -0.029218 -0.018948 1.254246 1749.510010
-5.777064 -1.954012 1.510440 -0.016281 -0.005698 1.282793 1749.719971
-5.926266 -2.092057 1.519995 -0.012302 -0.006134 1.311503 1749.930054
-6.081085 -2.230876 1.533093 -0.015551 -0.010474 1.341658 1750.150024
-6.236672 -2.363776 1.546761 -0.040041 0.020490 1.371705 1750.369995
-6.408336 -2.481940 1.558487 -0.064452 0.046696 1.403024 1750.599976
-6.598251 -2.566532 1.565831 -0.068864 0.047703 1.435600 1750.829956
-6.799129 -2.617163 1.568293 -0.058986 0.036077 1.467838 1751.050049
-7.004008 -2.645046 1.567073 -0.026121 0.023930 1.498596 1751.260010
-7.209896 -2.661002 1.562320 -0.007278 0.001578 1.528904 1751.469971
-7.409498 -2.675680 1.552139 -0.008701 -0.029660 1.558920 1751.680054
-7.612110 -2.702902 1.535181 -0.004232 -0.042171 1.590411 1751.900024
-7.806244 -2.747495 1.512720 -0.003703 -0.039169 1.621689 1752.119995
-8.000360 -2.810825 1.484249 -0.020687 -0.032463 1.654309 1752.349976
-8.190697 -2.886993 1.454313 0.000738 -0.014046 1.686340 1752.579956
-8.379721 -2.970305 1.429605 -0.016428 -0.002815 1.719407 1752.819946
-8.566870 -3.052257 1.416955 -0.035287 0.000715 1.752151 1753.060059
-8.753007 -3.129812 1.415869 -0.024907 -0.013388 1.783490 1753.290039
-8.940741 -3.213414 1.422122 -0.023517 -0.041799 1.814862 1753.520020
-9.117195 -3.310369 1.431881 -0.023512 -0.050885 1.844785 1753.739990
-9.288743 -3.427429 1.442815 -0.016237 -0.037224 1.874804 1753.959961
-9.447146 -3.549305 1.453156 -0.012148 0.025521 1.904092 1754.170044
-9.614107 -3.661984 1.464317 -0.016113 0.075222 1.935461 1754.390015
-9.798857 -3.743059 1.476083 -0.007660 0.080758 1.968702 1754.619995
-10.002565 -3.785399 1.488035 -0.014927 0.069602 2.003533 1754.859985
-10.207459 -3.794636 1.498714 0.014325 0.029378 2.036535 1755.089966
-10.407539 -3.786177 1.507124 0.077934 -0.029136 2.065744 1755.329956
-10.609066 -3.762782 1.513280 0.090500 -0.061352 2.103513 1755.709961
-10.450688 -3.634725 1.522046 0.107300 -0.003127 2.113961 1756.609985
-10.268560 -3.536011 1.524007 0.078974 0.004808 2.090789 1756.859985
-10.093564 -3.438213 1.524747 0.030795 -0.000422 2.064587 1757.069946
-9.914121 -3.338848 1.520253 0.016155 -0.018072 2.034301 1757.280029
-9.733740 -3.247539 1.507182 0.016427 -0.029104 2.000919 1757.489990
-9.543122 -3.165295 1.484077 0.006259 -0.029423 1.963744 1757.709961
-9.353783 -3.098021 1.453414 0.013657 -0.027562 1.925248 1757.930054
-9.154615 -3.042271 1.423150 0.025719 -0.035610 1.884409 1758.160034
-8.957667 -3.003968 1.403417 0.029933 -0.035029 1.845381 1758.380005
-8.752848 -2.979525 1.395420 0.031691 -0.027395 1.806833 1758.599976
-8.550782 -2.965875 1.398602 0.030994 -0.017941 1.770656 1758.810059
-8.345430 -2.957963 1.409462 0.007725 -0.005905 1.735439 1759.020020
-8.145242 -2.952092 1.422325 0.011891 0.007526 1.701146 1759.229980
-7.940685 -2.942367 1.433172 0.019797 0.014400 1.666419 1759.449951
-7.739644 -2.926192 1.439126 -0.001519 0.014149 1.633106 1759.670044
-7.539599 -2.902575 1.439996 0.013582 0.023635 1.599527 1759.900024
-7.335548 -2.866930 1.436177 0.022653 0.024280 1.565605 1760.140015
-7.139453 -2.822479 1.429406 0.021764 0.018795 1.533969 1760.369995
-6.941962 -2.771169 1.420755 0.030725 0.017091 1.502907 1760.599976
-6.741454 -2.715637 1.411838 -0.000323 0.007645 1.472162 1760.829956
-6.549234 -2.657441 1.406014 -0.001963 0.030290 1.441754 1761.060059
-6.358333 -2.584222 1.405466 0.001963 0.038791 1.410332 1761.300049
-6.173611 -2.494499 1.410683 0.006354 0.035475 1.379160 1761.540039
-5.999297 -2.395624 1.420624 0.016550 0.034763 1.349103 1761.770020
-5.823439 -2.287402 1.433929 0.012413 0.020083 1.318723 1762.000000
-5.647436 -2.175895 1.449398 0.018865 0.021442 1.288340 1762.229980
-5.477108 -2.067780 1.465143 0.006203 0.014954 1.258984 1762.449951
-5.304072 -1.952568 1.480569 -0.035300 0.033465 1.228419 1762.680054
-5.150270 -1.822163 1.493633 -0.053479 0.047487 1.198440 1762.910034
-5.020786 -1.668374 1.503560 -0.048739 0.035915 1.170538 1763.140015
-4.911970 -1.498688 1.510992 0.013439 0.002550 1.143601 1763.369995
-4.796603 -1.333706 1.519563 0.093576 -0.030074 1.112588 1763.609985
-4.637917 -1.206048 1.531588 0.101878 -0.043638 1.077007 1763.869995
-4.442650 -1.140101 1.546189 0.092426 -0.022032 1.043918 1764.130005
-4.243830 -1.120904 1.560962 0.054624 -0.011981 1.013176 1764.359985
-4.035710 -1.120821 1.574360 -0.010007 0.019338 0.982266 1764.589966
-3.835961 -1.110102 1.583272 -0.049383 0.065102 0.949882 1764.819946
-3.640703 -1.058780 1.586174 -0.059296 0.059776 0.918397 1765.060059
-3.460718 -0.964786 1.582311 -0.045697 0.059504 0.886762 1765.300049
-3.296856 -0.841820 1.573366 -0.027150 0.040849 0.857004 1765.530029
-3.145138 -0.706865 1.561635 -0.011221 0.026411 0.828369 1765.750000
-2.996475 -0.565805 1.548142 0.001146 0.023873 0.799237 1765.969971
-2.847293 -0.425305 1.535004 0.026542 0.011466 0.769973 1766.189941
-2.692978 -0.296508 1.524648 0.048603 0.016322 0.740597 1766.410034
-2.519048 -0.181142 1.518197 0.047020 0.008117 0.708751 1766.640015
-2.334991 -0.086578 1.515790 0.037745 0.015907 0.677539 1766.869995
-2.142284 -0.006812 1.516967 0.025152 0.021742 0.646131 1767.099976
-1.952253 0.061957 1.520389 0.012638 0.018420 0.615887 1767.319946
-1.761261 0.127269 1.525060 0.011642 0.019908 0.585881 1767.540039
-1.568987 0.188073 1.529243 0.046316 0.007982 0.555603 1767.760010
-1.372223 0.230223 1.531337 0.068299 -0.000579 0.524371 1767.979980
-1.171299 0.243940 1.530575 0.056417 -0.014420 0.492132 1768.199951
-0.963918 0.230269 1.526729 0.046777 0.001847 0.459987 1768.430054
-0.765615 0.198441 1.520427 0.033419 0.013614 0.428985 1768.650024
-0.566177 0.156820 1.512427 0.014759 0.010252 0.397646 1768.869995
-0.368888 0.112578 1.503177 0.011329 0.024136 0.366843 1769.089966
-0.170410 0.069604 1.493451 -0.003739 0.003183 0.336217 1769.310059
0.031940 0.028152 1.483362 -0.040858 -0.069694 0.306897 1769.550049
0.229086 -0.010412 1.471023 -0.048333 -0.094092 0.271229 1769.900024
