29.559999 0.000000 0.000000 0.170000
29.559999 0.000000 0.000000 0.190000
50.160000 0.000000 0.000000 0.880000
50.264000 0.000000 0.000000 1.180000
83.127998 0.000000 0.000000 1.190000
85.776001 0.000000 0.000000 1.880000
85.832001 0.000000 0.000000 2.180000
85.952003 0.000000 0.000000 2.190000
86.000000 0.000000 0.000000 2.880000
86.015999 0.000000 0.000000 3.180000
86.064003 0.000000 0.000000 3.190000
86.096001 0.000000 0.000000 3.880000
86.136002 0.000000 0.000000 4.180000
86.176003 0.000000 0.000000 4.190000
86.199997 0.000000 0.000000 4.880000
86.216003 0.000000 0.000000 5.180000
86.304001 0.000000 0.000000 5.190000
86.328003 0.000000 0.000000 5.880000
86.344002 0.000000 0.000000 6.180000
86.351997 0.000000 0.000000 6.190000
86.367996 0.000000 0.000000 6.880000
109.984001 0.000000 0.000000 7.180000
109.991997 0.000000 0.000000 7.190000
110.015999 0.000000 0.000000 7.880000
141.447998 0.000000 0.000000 8.180000
141.447998 0.000000 0.000000 8.190000
141.447998 0.000000 0.000000 8.880000
165.464005 0.410254 0.000000 9.180000
190.000000 0.410254 0.000000 9.190000
190.000000 1.034997 0.000000 9.880000
202.384003 1.456219 0.000000 10.180000
215.056000 1.456219 0.000000 10.190000
226.304001 2.072703 0.000000 10.880000
230.080002 2.276078 0.000000 11.180000
236.688004 2.276078 0.000000 11.190000
245.848007 2.481193 0.000000 11.880000
255.399994 2.888472 0.000000 12.180000
258.704010 2.888472 0.000000 12.190000
268.007996 3.713993 0.000000 12.880000
275.592010 3.920903 0.000000 13.180000
277.328003 3.920903 0.000000 13.190000
279.575989 4.537772 0.000000 13.880000
285.903992 4.743238 0.000000 14.180000
288.063995 4.743238 0.000000 14.200000
290.488007 4.946953 102.850487 14.880000
295.303986 4.946953 102.850487 15.180000
298.231995 4.946953 102.850487 15.200000
302.096008 5.560637 102.850487 15.880000
306.032013 5.769238 102.850487 16.180000
308.247986 5.769238 102.850487 16.190001
312.903992 6.598161 102.850487 16.879999
316.447998 6.801545 102.850487 17.180000
318.503998 6.801545 102.850487 17.200001
322.239990 7.416991 102.850487 17.879999
325.496002 7.823569 102.850487 18.170000
327.976013 7.823569 102.850487 18.200001
332.167999 8.441007 102.850487 18.879999
335.183990 8.641725 102.850487 19.180000
338.776001 8.641725 102.850487 19.190001
342.584015 9.461996 102.850487 19.879999
346.144012 9.669815 102.850487 20.180000
349.872009 9.669815 102.850487 20.190001
352.911987 10.277658 102.850487 20.870001
355.656006 10.686626 102.850487 21.180000
359.160004 10.686626 102.850487 21.190001
362.656006 11.299160 102.850487 21.879999
365.424011 11.507656 102.850487 22.180000
369.415985 11.507656 102.850487 22.200001
374.223999 12.327143 102.850487 22.879999
376.671997 12.535995 102.850487 23.180000
380.488007 12.535995 102.850487 23.200001
384.824005 13.154582 102.850487 23.879999
386.872009 13.358567 88.744774 24.180000
390.623993 13.358567 88.744774 24.200001
396.480011 13.358567 88.744774 24.879999
398.967987 13.560021 88.744774 25.180000
401.832001 13.560021 88.744774 25.190001
414.760010 14.173532 88.744774 25.879999
417.119995 14.380346 88.744774 26.180000
419.832001 14.380346 88.744774 26.200001
429.928009 15.192431 88.744774 26.879999
432.432007 15.395419 88.744774 27.180000
434.687988 15.395419 88.744774 27.200001
454.544006 16.015081 88.744774 27.879999
456.783997 16.219421 88.744774 28.180000
459.256012 16.219421 88.744774 28.200001
473.048004 16.834148 88.744774 28.879999
475.191986 17.038738 88.744774 29.180000
477.480011 17.241125 88.744774 29.200001
492.096008 17.858580 88.744774 29.879999
494.351990 18.062262 88.744774 30.180000
496.783997 18.062262 88.744774 30.200001
506.992004 18.674833 88.744774 30.879999
509.104004 18.877253 88.744774 31.180000
511.799988 19.084738 88.744774 31.200001
516.104004 19.697140 88.744774 31.879999
517.984009 19.902340 88.744774 32.180000
520.664001 19.902340 88.744774 32.200001
525.288025 20.514883 88.744774 32.880001
526.711975 20.917517 88.744774 33.180000
528.463989 20.917517 88.744774 33.200001
537.351990 21.323229 84.437935 33.880001
539.104004 21.323229 84.437935 34.180000
541.208008 21.323229 84.437935 34.200001
556.711975 21.524189 84.437935 34.880001
558.656006 21.932137 84.437935 35.180000
560.159973 21.932137 84.437935 35.200001
580.080017 22.542196 84.437935 35.880001
582.023987 22.751637 84.437935 36.180000
583.656006 22.959528 84.437935 36.200001
596.007996 23.571604 84.437935 36.880001
598.015991 23.772289 84.437935 37.169998
599.447998 23.772289 84.437935 37.200001
606.512024 24.389210 84.437935 37.880001
608.280029 24.802055 84.437935 38.180000
609.728027 24.802055 84.437935 38.200001
616.000000 25.422754 84.437935 38.880001
617.687988 25.632544 84.437935 39.180000
618.960022 25.632544 84.437935 39.200001
624.567993 26.449331 84.437935 39.880001
626.463989 26.655745 84.437935 40.180000
628.056030 26.655745 84.437935 40.200001
632.744019 27.270803 84.437935 40.880001
634.432007 27.471188 84.437935 41.180000
636.263977 27.471188 84.437935 41.200001
639.783997 28.076225 84.437935 41.880001
641.320007 28.477650 84.437935 42.180000
643.280029 28.477650 84.437935 42.200001
646.432007 29.090099 84.437935 42.910000
647.911987 29.499256 84.437935 43.180000
650.023987 29.499256 84.437935 43.189999
655.583984 29.905924 44.466297 43.910000
657.072021 29.905924 44.466297 44.180000
659.239990 29.905924 44.466297 44.200001
671.607971 30.310442 44.466297 44.910000
673.223999 30.518290 44.466297 45.180000
675.255981 30.518290 44.466297 45.200001
693.184021 31.131491 44.466297 45.910000
694.831970 31.542089 44.466297 46.180000
696.447998 31.542089 44.466297 46.200001
707.263977 32.155796 44.466297 46.910000
709.047974 32.358067 44.466297 47.180000
710.864014 32.358067 44.466297 47.200001
717.552002 32.981728 44.466297 47.910000
719.039978 33.387615 44.466297 48.180000
721.047974 33.387615 44.466297 48.200001
725.783997 33.996861 44.466297 48.910000
727.392029 34.205349 44.466297 49.180000
729.000000 34.205349 44.466297 49.200001
733.544006 35.025051 44.466297 49.910000
735.479980 35.229160 44.466297 50.180000
738.184021 35.229160 44.466297 50.200001
739.960022 35.844910 44.466297 50.910000
742.208008 36.054192 44.466297 51.180000
744.351990 36.054192 44.466297 51.200001
746.112000 36.878155 44.466297 51.910000
747.903992 37.081673 44.466297 52.180000
750.104004 37.081673 44.466297 52.200001
754.392029 37.698021 44.466297 52.910000
755.984009 38.102684 44.466297 53.180000
758.208008 38.102684 44.466297 53.200001
768.895996 38.505001 42.702312 53.919998
770.968018 38.505001 42.702312 54.180000
774.056030 38.505001 42.702312 54.200001
799.736023 38.911976 42.702312 54.919998
802.288025 39.117252 42.702312 55.180000
804.255981 39.117252 42.702312 55.200001
817.840027 39.736961 42.702312 55.910000
819.776001 40.148064 42.702312 56.180000
821.752014 40.148064 42.702312 56.200001
832.559998 40.756523 42.702312 56.919998
834.943970 40.966045 42.702312 57.180000
836.168030 40.966045 42.702312 57.200001
843.015991 41.582508 42.702312 57.919998
846.104004 41.994125 42.702312 58.180000
847.992004 41.994125 42.702312 58.200001
853.424011 42.601330 42.702312 58.919998
858.960022 42.805901 42.702312 59.180000
860.255981 42.805901 42.702312 59.200001
864.351990 43.625713 42.702312 59.910000
871.807983 43.833862 42.702312 60.180000
873.799988 43.833862 42.702312 60.200001
878.208008 44.454979 42.702312 60.919998
890.768005 44.660290 42.702312 61.180000
893.176025 44.660290 42.702312 61.200001
897.088013 45.473949 42.702312 61.910000
905.768005 45.676010 55.025127 62.180000
918.255981 45.676010 55.025127 62.200001
921.288025 45.876652 55.025127 62.910000
925.791992 45.876652 55.025127 63.180000
934.056030 45.876652 55.025127 63.200001
937.223999 46.481720 55.025127 63.919998
941.312012 46.685219 55.025127 64.180000
944.263977 46.685219 55.025127 64.199997
947.280029 47.501053 55.025127 64.910004
950.616028 47.709080 55.025127 65.180000
952.495972 47.709080 55.025127 65.199997
955.176025 48.529175 55.025127 65.910004
958.359985 48.737396 55.025127 66.180000
959.263977 48.737396 55.025127 66.199997
962.567993 49.353527 55.025127 66.910004
965.848022 49.556667 55.025127 67.180000
966.463989 49.556667 55.025127 67.199997
969.695984 50.365902 55.025127 67.910004
972.599976 50.567448 55.025127 68.180000
973.312012 50.567448 55.025127 68.199997
976.216003 51.191177 55.025127 68.919998
979.119995 51.394371 55.025127 69.180000
979.903992 51.394371 55.025127 69.199997
984.304016 52.005001 55.025127 69.910004
987.072021 52.413929 55.025127 70.180000
987.992004 52.413929 55.025127 70.199997
993.552002 53.024250 55.025127 70.910004
995.823975 53.228561 55.025127 71.180000
996.664001 53.228561 55.025127 71.199997
1003.591980 53.641262 49.304554 71.919998
1006.703979 53.841434 49.304554 72.180000
1007.888000 53.841434 49.304554 72.199997
1018.184021 54.044113 49.304554 72.910004
1021.495972 54.244579 49.304554 73.180000
1022.640015 54.244579 49.304554 73.199997
1027.855957 55.066097 49.304554 73.910004
1029.975952 55.272236 49.304554 74.180000
1030.671997 55.272236 49.304554 74.199997
1034.072021 55.893414 49.304554 74.910004
1037.832031 56.308113 49.304554 75.180000
1038.536011 56.308113 49.304554 75.199997
1040.871948 56.912308 49.304554 75.910004
1047.208008 57.121441 49.304554 76.180000
1048.264038 57.121441 49.304554 76.199997
1050.183960 57.949715 49.304554 76.919998
1054.560059 58.150673 49.304554 77.180000
1055.248047 58.150673 49.304554 77.199997
1057.088013 58.763977 49.304554 77.910004
1061.280029 59.166264 49.304554 78.180000
1062.031982 59.166264 49.304554 78.199997
1063.416016 59.779961 49.304554 78.910004
1065.599976 59.985279 49.304554 79.180000
1066.703979 59.985279 49.304554 79.199997
1067.696045 60.604008 49.304554 79.910004
1068.703979 61.011757 49.304554 80.180000
1069.719971 61.011757 49.304554 80.199997
1071.040039 61.631275 61.359394 80.910004
1071.592041 61.631275 61.359394 81.180000
1073.088013 61.631275 61.359394 81.199997
1074.047974 61.831741 61.359394 81.910004
1074.432007 62.038910 61.359394 82.180000
1075.520020 62.038910 61.359394 82.199997
1076.839966 62.656586 61.359394 82.910004
1087.056030 63.063511 61.359394 83.180000
1091.472046 63.063511 61.359394 83.199997
1092.920044 63.686695 61.359394 83.900002
1103.287964 63.893059 61.359394 84.180000
1112.719971 63.893059 61.359394 84.199997
1114.384033 64.710411 61.359394 84.910004
1120.848022 64.914345 61.359394 85.180000
1124.776001 64.914345 61.359394 85.199997
1127.095947 65.537018 61.359394 85.919998
1131.592041 65.743683 61.359394 86.180000
1133.144043 65.743683 61.359394 86.199997
1137.144043 66.566299 61.359394 86.919998
1140.671997 66.770111 61.359394 87.180000
1141.816040 66.770111 61.359394 87.199997
1145.312012 67.383705 61.359394 87.910004
1148.719971 67.584694 61.359394 88.180000
1150.536011 67.584694 61.359394 88.199997
1155.696045 68.198166 61.359394 88.919998
1157.728027 68.610580 61.359394 89.180000
1168.199951 68.610580 61.359394 89.209999
1187.719971 69.023567 76.352547 89.919998
1189.975952 69.224220 76.352547 90.180000
1200.631958 69.224220 76.352547 90.199997
1218.479980 69.424896 76.352547 90.919998
1220.943970 69.626572 76.352547 91.180000
1227.095947 69.626572 76.352547 91.209999
1235.319946 70.435783 76.352547 91.919998
1237.144043 70.637787 76.352547 92.180000
1244.095947 70.637787 76.352547 92.199997
1248.895996 71.248734 76.352547 92.919998
1250.199951 71.665588 76.352547 93.180000
1251.744019 71.665588 76.352547 93.209999
1254.887939 72.284187 76.352547 93.919998
1256.255981 72.489632 76.352547 94.180000
1257.336060 72.489632 76.352547 94.199997
1260.000000 73.092560 76.352547 94.919998
1261.119995 73.296585 76.352547 95.180000
1262.416016 73.497925 76.352547 95.199997
1264.423950 74.110138 76.352547 95.919998
1265.047974 74.317749 76.352547 96.180000
1266.952026 74.317749 76.352547 96.209999
1268.880005 74.935997 76.352547 96.919998
1269.608032 75.141563 76.352547 97.169998
1271.495972 75.141563 76.352547 97.199997
1272.223999 75.950386 76.352547 97.919998
1273.031982 76.153969 70.500450 98.180000
1275.631958 76.153969 70.500450 98.199997
1276.135986 76.356117 70.500450 98.919998
1277.160034 76.356117 70.500450 99.180000
1279.943970 76.356117 70.500450 99.199997
1280.479980 76.962578 70.500450 99.919998
1280.887939 77.167587 70.500450 100.180000
1283.583984 77.167587 70.500450 100.199997
1283.984009 77.985519 70.500450 100.919998
1284.095947 78.188995 70.500450 101.180000
1288.904053 78.188995 70.500450 101.209999
1289.671997 78.795090 70.500450 101.919998
1289.744019 78.999496 70.500450 102.180000
1297.296021 78.999496 70.500450 102.199997
1298.040039 79.822655 70.500450 102.919998
1298.128052 80.025665 70.500450 103.180000
1314.656006 80.025665 70.500450 103.209999
1316.015991 80.645775 70.500450 103.919998
1316.088013 80.850822 70.500450 104.180000
1347.751953 81.053482 70.500450 104.209999
1348.552002 81.668358 70.500450 104.919998
1349.287964 81.874176 70.500450 105.180000
1365.880005 81.874176 70.500450 105.209999
1366.936035 82.491737 70.500450 105.919998
1370.784058 82.696228 70.500450 106.180000
1381.608032 82.898743 70.500450 106.209999
1383.864014 83.512474 70.500450 106.919998
1386.848022 83.713562 70.500450 107.180000
1391.543945 83.713562 70.500450 107.209999
1395.760010 84.329239 65.915703 107.919998
1399.000000 84.329239 65.915703 108.180000
1401.511963 84.329239 65.915703 108.209999
1411.192017 84.531563 65.915703 108.910004
1413.952026 84.733696 65.915703 109.180000
1415.167969 84.934097 65.915703 109.209999
1429.904053 85.549011 65.915703 109.919998
1432.079956 85.751389 65.915703 110.180000
1433.160034 85.751389 65.915703 110.209999
1440.368042 86.569099 65.915703 110.910004
1443.511963 86.773918 65.915703 111.180000
1445.160034 86.773918 65.915703 111.199997
1450.407959 87.384277 65.915703 111.919998
1453.368042 87.584915 65.915703 112.180000
1455.816040 87.793922 65.915703 112.209999
1457.215942 88.402061 65.915703 112.919998
1460.975952 88.608353 65.915703 113.180000
1465.239990 88.608353 65.915703 113.209999
1465.472046 89.218666 65.915703 113.919998
1472.456055 89.629608 65.915703 114.180000
1484.832031 89.629608 65.915703 114.209999
1484.959961 90.242012 65.915703 114.919998
1488.144043 90.450562 65.915703 115.180000
1511.832031 90.450562 65.915703 115.209999
1511.968018 91.266083 65.915703 115.919998
1514.536011 91.468971 65.915703 116.180000
1528.472046 91.468971 65.915703 116.209999
1528.776001 92.086792 65.915703 116.919998
1531.343994 92.290665 94.933838 117.180000
1541.271973 92.290665 94.933838 117.209999
1541.567993 92.493332 94.933838 117.919998
1543.943970 92.694191 94.933838 118.180000
1552.463989 92.694191 94.933838 118.209999
1552.864014 93.307762 94.933838 118.919998
1555.056030 93.512886 94.933838 119.180000
1558.255981 93.512886 94.933838 119.209999
1558.696045 94.329674 94.933838 119.919998
1560.656006 94.536140 94.933838 120.180000
1561.456055 94.536140 94.933838 120.209999
1562.264038 95.144897 94.933838 120.919998
1563.887939 95.347328 94.933838 121.180000
1564.735962 95.347328 94.933838 121.209999
1566.319946 95.963379 94.933838 121.919998
1567.800049 96.371758 94.933838 122.180000
1569.151978 96.371758 94.933838 122.209999
1571.119995 96.983696 94.933838 122.919998
1572.439941 97.187149 94.933838 123.169998
1574.608032 97.389511 94.933838 123.209999
1581.095947 98.000839 94.933838 123.919998
1582.248047 98.203278 94.933838 124.180000
1585.088013 98.203278 94.933838 124.209999
1596.823975 98.817154 94.933838 124.919998
1598.232056 99.223480 94.933838 125.180000
1601.703979 99.223480 94.933838 125.209999
1612.631958 99.426071 82.249008 125.919998
1614.079956 99.426071 82.249008 126.180000
1617.287964 99.426071 82.249008 126.209999
1623.319946 99.831116 82.249008 126.930000
1624.656006 100.246178 82.249008 127.180000
1627.280029 100.246178 82.249008 127.209999
1632.631958 100.858459 82.249008 127.919998
1634.223999 101.061623 82.249008 128.179993
1640.047974 101.263512 82.249008 128.210007
1643.640015 101.875450 82.249008 128.919998
1644.615967 102.080093 82.249008 129.179993
1650.936035 102.080093 82.249008 129.210007
1654.047974 102.906860 82.249008 129.929993
1655.479980 103.112000 82.249008 130.179993
1659.784058 103.112000 82.249008 130.210007
1662.728027 103.725243 82.249008 130.919998
1664.063965 103.933670 82.249008 131.179993
1669.031982 103.933670 82.249008 131.210007
1673.024048 104.755463 82.249008 131.919998
1674.040039 104.964111 82.249008 132.179993
1692.583984 104.964111 82.249008 132.210007
1698.543945 105.582664 82.249008 132.929993
1700.128052 105.784119 82.249008 133.179993
1720.423950 105.993088 82.249008 133.210007
1729.056030 106.605682 82.249008 133.929993
1730.552002 106.810135 82.249008 134.179993
1744.088013 106.810135 98.529037 134.220001
1749.072021 107.013748 98.529037 134.919998
1750.784058 107.013748 98.529037 135.179993
1759.640015 107.013748 98.529037 135.210007
1763.183960 107.625961 98.529037 135.929993
1764.871948 107.833115 98.529037 136.179993
1768.696045 107.833115 98.529037 136.210007
1771.192017 108.642731 98.529037 136.919998
1773.336060 108.847229 98.529037 137.179993
1774.119995 108.847229 98.529037 137.210007
1776.696045 109.461243 98.529037 137.919998
1779.112061 109.865921 98.529037 138.179993
1779.352051 109.865921 98.529037 138.210007
1781.208008 110.495918 98.529037 138.929993
1786.400024 110.700775 98.529037 139.179993
1786.832031 110.700775 98.529037 139.210007
1788.384033 111.313469 98.529037 139.929993
1793.567993 111.713829 98.529037 140.179993
1793.855957 111.713829 98.529037 140.210007
1795.479980 112.327698 98.529037 140.919998
1800.479980 112.530785 98.529037 141.179993
1801.144043 112.530785 98.529037 141.210007
1803.040039 113.346756 98.529037 141.929993
1807.112061 113.553993 98.529037 142.179993
1807.687988 113.553993 98.529037 142.210007
1809.223999 114.159729 98.529037 142.929993
1820.871948 114.366165 98.529037 143.179993
1821.040039 114.366165 98.529037 143.210007
1822.560059 114.987305 98.529037 143.919998
1836.072021 115.188805 98.529037 144.179993
1836.248047 115.391396 98.529037 144.210007
1838.167969 115.592331 92.153946 144.929993
1859.248047 115.592331 92.153946 145.190002
1859.352051 115.592331 92.153946 145.210007
1861.432007 115.994774 92.153946 145.919998
1877.936035 116.409500 92.153946 146.190002
1878.008057 116.409500 92.153946 146.199997
1881.239990 117.020699 92.153946 146.929993
1890.008057 117.226036 92.153946 147.190002
1890.056030 117.430183 92.153946 147.210007
1894.567993 118.040146 92.153946 147.929993
1902.208008 118.247597 92.153946 148.190002
1902.264038 118.247597 92.153946 148.210007
1906.479980 119.069931 92.153946 148.929993
1912.744019 119.274887 92.153946 149.190002
1912.776001 119.274887 92.153946 149.210007
1917.183960 119.887688 92.153946 149.929993
1920.511963 120.088326 92.153946 150.190002
1920.631958 120.088326 92.153946 150.210007
1928.719971 120.919968 92.153946 150.929993
1931.271973 121.123207 92.153946 151.179993
1931.319946 121.123207 92.153946 151.210007
1939.015991 121.737335 92.153946 151.929993
1940.991943 121.944420 92.153946 152.190002
1941.072021 121.944420 92.153946 152.210007
1946.767944 122.764267 92.153946 152.929993
1949.008057 122.966965 63.260571 153.190002
1949.119995 122.966965 63.260571 153.210007
1953.128052 122.966965 63.260571 153.940002
1954.176025 123.169571 63.260571 154.190002
1954.343994 123.169571 63.260571 154.210007
1956.728027 123.780991 63.260571 154.929993
1957.536011 123.981728 63.260571 155.190002
1957.839966 123.981728 63.260571 155.210007
1958.767944 124.797646 63.260571 155.919998
1960.119995 125.000626 63.260571 156.190002
1960.647949 125.000626 63.260571 156.210007
1961.552002 125.817917 63.260571 156.919998
1963.864014 126.024223 63.260571 157.190002
1964.352051 126.024223 63.260571 157.210007
1965.423950 126.631119 63.260571 157.929993
1975.527954 126.837769 63.260571 158.190002
1977.312012 126.837769 63.260571 158.210007
1977.871948 127.660599 63.260571 158.929993
1987.552002 127.861229 63.260571 159.190002
1990.472046 127.861229 63.260571 159.210007
1991.095947 128.473221 63.260571 159.929993
1998.432007 128.675873 63.260571 160.190002
2002.536011 128.675873 63.260571 160.210007
2003.319946 129.288101 76.152107 160.919998
2008.920044 129.288101 76.152107 161.190002
2011.959961 129.288101 76.152107 161.210007
2012.527954 129.695831 76.152107 161.929993
2016.488037 129.901001 76.152107 162.190002
2018.040039 129.901001 76.152107 162.210007
2018.456055 130.723938 76.152107 162.919998
2020.880005 130.932602 76.152107 163.199997
2022.104004 130.932602 76.152107 163.210007
2022.848022 131.756897 76.152107 163.919998
2025.208008 131.959717 76.152107 164.190002
2025.855957 131.959717 76.152107 164.210007
2027.015991 132.366364 76.152107 164.929993
2028.952026 132.773712 76.152107 165.190002
2029.375977 132.773712 76.152107 165.210007
2030.432007 133.589600 76.152107 165.919998
2032.640015 133.793732 76.152107 166.190002
2033.199951 133.793732 76.152107 166.210007
2034.975952 134.403046 76.152107 166.919998
2037.128052 134.608582 76.152107 167.190002
2038.008057 134.608582 76.152107 167.210007
2039.400024 135.231842 76.152107 167.929993
2041.248047 135.637421 76.152107 168.179993
2041.911987 135.637421 76.152107 168.210007
2043.615967 136.253052 76.152107 168.919998
2045.280029 136.460464 76.152107 169.190002
2046.375977 136.460464 76.152107 169.210007
2047.615967 137.277954 76.152107 169.929993
2049.343994 137.483932 76.152107 170.199997
2050.016113 137.483932 76.152107 170.210007
2051.496094 138.099167 76.152107 170.919998
2053.072021 138.306717 76.152107 171.190002
2053.855957 138.306717 76.152107 171.210007
2055.256104 138.710510 79.490593 171.919998
2056.743896 138.710510 79.490593 172.190002
2057.864014 138.710510 79.490593 172.210007
2059.535889 139.120270 79.490593 172.929993
2061.184082 139.533127 79.490593 173.190002
2061.912109 139.533127 79.490593 173.210007
2063.184082 140.151230 79.490593 173.929993
2064.847900 140.556763 79.490593 174.199997
2065.600098 140.556763 79.490593 174.210007
2067.016113 141.169846 79.490593 174.929993
2068.728027 141.377548 79.490593 175.190002
2069.535889 141.377548 79.490593 175.210007
2071.288086 142.000534 79.490593 175.929993
2072.991943 142.202179 79.490593 176.190002
2073.791992 142.202179 79.490593 176.210007
2074.583984 142.822891 79.490593 176.929993
2076.743896 143.239395 79.490593 177.190002
2077.488037 143.239395 79.490593 177.210007
2078.808105 143.851166 79.490593 177.929993
2080.575928 144.052567 79.490593 178.190002
2081.456055 144.052567 79.490593 178.210007
2085.904053 144.860382 79.490593 178.919998
2087.743896 145.066360 79.490593 179.190002
2088.431885 145.066360 79.490593 179.210007
2101.159912 145.689651 79.490593 179.929993
2103.167969 145.894623 79.490593 180.190002
2104.375977 145.894623 79.490593 180.210007
2113.664062 146.308929 132.970444 180.919998
2115.407959 146.308929 132.970444 181.190002
2116.800049 146.308929 132.970444 181.210007
2119.008057 146.712082 132.970444 181.929993
2121.048096 147.114456 132.970444 182.199997
2121.912109 147.114456 132.970444 182.210007
2122.528076 147.730026 132.970444 182.940002
2124.471924 148.135513 132.970444 183.190002
2125.375977 148.135513 132.970444 183.210007
2125.719971 148.749680 132.970444 183.929993
2127.575928 148.957855 132.970444 184.190002
2128.535889 148.957855 132.970444 184.210007
2128.944092 149.569702 132.970444 184.929993
2131.392090 149.771240 132.970444 185.199997
2132.855957 149.771240 132.970444 185.210007
2133.360107 150.374680 132.970444 185.929993
2135.983887 150.577637 132.970444 186.190002
2137.615967 150.782333 132.970444 186.210007
2137.832031 151.396637 132.970444 186.940002
2143.335938 151.597931 132.970444 187.190002
2144.080078 151.597931 132.970444 187.210007
2144.375977 152.204651 132.970444 187.919998
2149.815918 152.610611 132.970444 188.199997
2150.711914 152.610611 132.970444 188.210007
2151.087891 153.219025 132.970444 188.929993
2159.184082 153.419617 132.970444 189.190002
2160.120117 153.419617 132.970444 189.199997
2160.464111 154.023544 132.970444 189.940002
2167.112061 154.224380 135.644287 190.190002
2168.552002 154.224380 135.644287 190.210007
2168.927979 154.224380 135.644287 190.929993
2174.016113 154.430023 135.644287 191.199997
2174.879883 154.430023 135.644287 191.210007
2175.800049 155.042938 135.644287 191.929993
2185.639893 155.454071 135.644287 192.190002
2187.327881 155.454071 135.644287 192.210007
2189.087891 156.074310 135.644287 192.919998
2200.256104 156.281387 135.644287 193.190002
2201.768066 156.281387 135.644287 193.199997
2207.120117 156.894104 135.644287 193.929993
2213.711914 157.305939 135.644287 194.190002
2215.904053 157.305939 135.644287 194.210007
2225.944092 157.920319 135.644287 195.000000
2229.208008 158.120956 135.644287 195.190002
2232.639893 158.120956 135.644287 195.210007
2237.248047 158.934509 135.644287 195.929993
2240.280029 159.141739 135.644287 196.199997
2248.855957 159.141739 135.644287 196.210007
2250.791992 159.756271 135.644287 196.940002
2253.040039 160.168991 135.644287 197.199997
2272.048096 160.168991 135.644287 197.210007
2272.552002 160.786911 135.644287 197.929993
2276.263916 160.991623 135.644287 198.199997
2286.919922 160.991623 135.644287 198.210007
2287.288086 161.599609 135.644287 198.940002
2291.384033 161.804169 140.287781 199.199997
2301.919922 161.804169 140.287781 199.210007
2302.127930 162.004593 140.287781 199.919998
2306.592041 162.004593 140.287781 200.199997
2313.312012 162.004593 140.287781 200.210007
2313.743896 162.615402 140.287781 200.929993
2316.728027 163.024628 140.287781 201.199997
2321.216064 163.024628 140.287781 201.210007
2323.000000 163.636108 140.287781 201.929993
2326.375977 164.044205 140.287781 202.190002
2328.392090 164.044205 140.287781 202.210007
2334.895996 164.651886 140.287781 202.940002
2339.919922 164.857300 140.287781 203.199997
2342.271973 164.857300 140.287781 203.210007
2352.927979 165.463806 140.287781 203.929993
2358.855957 165.869339 140.287781 204.199997
2361.760010 165.869339 140.287781 204.210007
2376.879883 166.480652 140.287781 204.940002
2380.399902 166.684662 140.287781 205.199997
2384.399902 166.684662 140.287781 205.210007
2392.280029 167.506226 140.287781 205.929993
2396.008057 167.709213 140.287781 206.190002
2403.271973 167.709213 140.287781 206.210007
2408.607910 168.318756 140.287781 206.940002
2413.152100 168.525040 140.287781 207.190002
2426.568115 168.525040 140.287781 207.210007
2429.751953 169.133850 140.287781 207.929993
2433.672119 169.546219 140.287781 208.199997
2454.248047 169.546219 140.287781 208.210007
2457.167969 170.157913 140.287781 208.940002
2460.424072 170.359329 147.896194 209.190002
2482.887939 170.359329 147.896194 209.220001
2486.672119 170.359329 147.896194 209.940002
2489.728027 170.561279 147.896194 210.190002
2502.488037 170.561279 147.896194 210.210007
2508.976074 171.174057 147.896194 210.940002
2513.895996 171.381714 147.896194 211.199997
2523.288086 171.381714 147.896194 211.210007
2531.775879 172.196365 147.896194 211.929993
2544.023926 172.403198 147.896194 212.199997
2553.040039 172.403198 147.896194 212.199997
2558.552002 173.019791 147.896194 212.940002
2569.135986 173.223816 147.896194 213.199997
2576.983887 173.429871 147.896194 213.210007
2579.439941 174.043396 147.896194 213.929993
2592.263916 174.248367 147.896194 214.199997
2600.760010 174.248367 147.896194 214.210007
2603.664062 174.866425 147.896194 214.940002
2611.263916 175.073929 147.896194 215.199997
2617.231934 175.073929 147.896194 215.210007
2618.936035 175.896484 147.896194 215.940002
2624.167969 176.100311 147.896194 216.210007
2627.535889 176.100311 147.896194 216.210007
2628.399902 176.707672 147.896194 216.929993
2632.248047 176.909729 147.896194 217.210007
2634.840088 176.909729 147.896194 217.210007
2635.439941 177.732407 147.896194 217.940002
2638.615967 177.939407 147.896194 218.190002
2641.095947 177.939407 147.896194 218.210007
2641.600098 178.555862 147.896194 218.929993
2644.607910 178.555862 125.777435 219.210007
2647.040039 178.555862 125.777435 219.210007
2647.783936 178.756180 125.777435 219.940002
2650.672119 178.960892 125.777435 220.190002
2652.231934 178.960892 125.777435 220.210007
2652.904053 179.576416 125.777435 220.929993
2655.335938 179.990143 125.777435 221.199997
2659.104004 179.990143 125.777435 221.220001
2659.872070 180.601929 125.777435 221.940002
2661.728027 180.802551 125.777435 222.199997
2670.823975 180.802551 125.777435 222.210007
2671.872070 181.632050 125.777435 222.940002
2674.008057 181.839066 125.777435 223.199997
2701.271973 181.839066 125.777435 223.220001
2702.951904 182.454773 125.777435 223.929993
2704.936035 182.662552 125.777435 224.199997
2722.592041 182.662552 125.777435 224.210007
2727.615967 183.277084 125.777435 224.940002
2729.704102 183.480698 125.777435 225.199997
2738.607910 183.480698 125.777435 225.220001
2741.568115 184.300659 125.777435 225.929993
2744.335938 184.508087 125.777435 226.199997
2753.791992 184.508087 125.777435 226.210007
2759.887939 185.110443 125.777435 226.940002
2764.040039 185.311539 125.777435 227.199997
2769.592041 185.311539 125.777435 227.220001
2771.936035 186.136459 125.777435 227.929993
2779.375977 186.339386 125.777435 228.210007
2782.176025 186.339386 125.777435 228.220001
2783.008057 186.743530 121.853966 228.940002
2789.736084 186.743530 121.853966 229.199997
2792.095947 186.743530 121.853966 229.220001
2792.528076 187.144913 121.853966 229.929993
2796.135986 187.345901 121.853966 230.199997
2797.751953 187.345901 121.853966 230.220001
2797.983887 188.162949 121.853966 230.940002
2801.664062 188.366714 121.853966 231.199997
2803.783936 188.366714 121.853966 231.220001
2804.072021 188.981201 121.853966 231.940002
2806.248047 189.189285 121.853966 232.199997
2807.815918 189.398087 121.853966 232.220001
2808.095947 190.009857 121.853966 232.940002
2809.968018 190.217438 121.853966 233.199997
2812.023926 190.217438 121.853966 233.210007
2812.552002 190.840576 121.853966 233.979996
2813.983887 191.040878 121.853966 234.199997
2816.775879 191.040878 121.853966 234.229996
2817.392090 191.854507 121.853966 234.940002
2819.184082 192.062592 121.853966 235.199997
2824.983887 192.062592 121.853966 235.210007
2825.375977 192.678589 121.853966 235.929993
2826.832031 192.880905 121.853966 236.190002
2845.736084 193.089859 121.853966 236.240005
2846.256104 193.704987 121.853966 236.929993
2848.000000 193.909225 121.853966 237.210007
2874.711914 193.909225 121.853966 237.229996
2874.959961 194.520493 121.853966 237.940002
2876.959961 194.726608 121.853966 238.199997
2894.416016 194.726608 121.853966 238.220001
2894.647949 195.542557 121.853966 238.929993
2896.823975 195.745422 121.853966 239.199997
2912.743896 195.745422 121.853966 239.220001
2913.335938 195.945511 84.108292 239.929993
2918.736084 195.945511 84.108292 240.199997
2926.719971 195.945511 84.108292 240.220001
2927.288086 196.558014 84.108292 240.929993
2941.048096 196.764771 84.108292 241.210007
2945.600098 196.974518 84.108292 241.229996
2946.120117 197.599350 84.108292 241.940002
2957.552002 197.802200 84.108292 242.199997
2960.615967 197.802200 84.108292 242.220001
2961.000000 198.618744 84.108292 242.940002
2970.112061 198.823761 84.108292 243.210007
2973.080078 198.823761 84.108292 243.240005
2973.335938 199.436676 84.108292 243.940002
2980.439941 199.642303 84.108292 244.210007
2981.912109 199.642303 84.108292 244.220001
2983.783936 200.452301 84.108292 244.940002
2987.031982 200.661545 84.108292 245.210007
2988.607910 200.661545 84.108292 245.220001
2988.879883 201.277695 84.108292 245.940002
2990.360107 201.479919 84.108292 246.199997
2992.352051 201.479919 84.108292 246.220001
2992.416016 202.311142 84.108292 246.940002
2994.231934 202.516876 84.108292 247.199997
2997.031982 202.516876 84.108292 247.220001
2997.055908 203.131332 84.108292 247.940002
2998.256104 203.333191 79.399063 248.210007
3002.335938 203.333191 79.399063 248.220001
3002.407959 203.534653 79.399063 248.940002
3004.216064 203.534653 79.399063 249.199997
3007.199951 203.738861 79.399063 249.220001
3007.271973 204.346924 79.399063 249.940002
3008.743896 204.552063 79.399063 250.210007
3023.496094 204.552063 79.399063 250.229996
3023.535889 205.374512 79.399063 250.940002
3024.936035 205.581726 79.399063 251.199997
3052.367920 205.581726 79.399063 251.220001
3052.464111 206.191238 79.399063 252.009995
3054.176025 206.392014 79.399063 252.210007
3069.936035 206.599503 79.399063 252.240005
3070.167969 207.215851 79.399063 252.940002
3071.743896 207.419891 79.399063 253.199997
3081.600098 207.419891 79.399063 253.210007
3081.696045 208.033218 79.399063 253.929993
3083.375977 208.444214 79.399063 254.210007
3089.496094 208.444214 79.399063 254.240005
3089.959961 209.052109 79.399063 254.940002
3092.063965 209.258591 79.399063 255.199997
3092.991943 209.258591 79.399063 255.229996
3093.607910 210.077881 79.399063 255.929993
3096.048096 210.286316 79.399063 256.209991
3096.751953 210.286316 79.399063 256.239990
3097.976074 210.900330 79.399063 256.940002
3101.991943 210.900330 89.510178 257.200012
3103.112061 210.900330 89.510178 257.220001
3107.280029 211.103958 89.510178 257.940002
3114.263916 211.103958 89.510178 258.209991
3115.248047 211.308426 89.510178 258.230011
3125.208008 211.926773 89.510178 258.940002
3132.320068 212.133667 89.510178 259.200012
3133.471924 212.133667 89.510178 259.230011
3143.672119 212.751862 89.510178 259.940002
3146.607910 213.164688 89.510178 260.209991
3147.976074 213.164688 89.510178 260.230011
3156.335938 213.776093 89.510178 260.940002
3158.424072 213.984940 89.510178 261.209991
3160.600098 213.984940 89.510178 261.230011
3165.520020 214.801132 89.510178 261.940002
3167.256104 215.005936 89.510178 262.209991
3170.951904 215.005936 89.510178 262.230011
3174.040039 215.619843 89.510178 262.940002
3176.080078 215.820984 89.510178 263.200012
3184.768066 215.820984 89.510178 263.230011
3187.535889 216.644318 89.510178 263.940002
3189.135986 216.848434 89.510178 264.209991
3217.464111 216.848434 89.510178 264.239990
3219.263916 217.468826 89.510178 264.940002
3221.760010 217.673752 89.510178 265.200012
3246.783936 217.673752 89.510178 265.220001
3249.208008 218.287338 89.510178 265.940002
3251.271973 218.692764 89.510178 266.200012
3265.288086 218.692764 89.510178 266.239990
3266.768066 219.309158 89.510178 266.929993
3268.679932 219.510666 89.510178 267.209991
3278.399902 219.510666 89.510178 267.220001
3279.464111 219.713776 112.983223 267.940002
3281.159912 219.713776 112.983223 268.209991
3287.399902 219.713776 112.983223 268.239990
3288.008057 220.318298 112.983223 268.940002
3292.343994 220.526627 112.983223 269.209991
3296.719971 220.526627 112.983223 269.220001
3297.120117 221.350662 112.983223 269.940002
3306.823975 221.559677 112.983223 270.200012
3310.895996 221.559677 112.983223 270.220001
3311.919922 222.372452 112.983223 270.940002
3315.080078 222.579239 112.983223 271.209991
3316.224121 222.579239 112.983223 271.239990
3316.879883 223.195633 112.983223 271.940002
3318.407959 223.400650 112.983223 272.200012
3319.743896 223.602936 112.983223 272.230011
3320.615967 224.213257 112.983223 272.940002
3322.152100 224.417542 112.983223 273.209991
3324.184082 224.417542 112.983223 273.239990
3325.303955 225.031769 112.983223 273.940002
3326.696045 225.239624 112.983223 274.200012
3329.968018 225.239624 112.983223 274.239990
3330.840088 226.064957 112.983223 274.940002
3333.072021 226.265915 112.983223 275.209991
3340.751953 226.265915 112.983223 275.230011
3341.600098 226.873627 112.983223 275.940002
3344.711914 227.278503 112.983223 276.200012
3364.343994 227.278503 112.983223 276.239990
3365.144043 227.887772 112.983223 276.940002
3373.800049 227.887772 121.731133 277.209991
3397.176025 227.887772 121.731133 277.230011
3398.295898 228.088974 121.731133 277.940002
3414.728027 228.088974 121.731133 278.209991
3428.511963 228.290497 121.731133 278.239990
3429.135986 228.913803 121.731133 278.940002
3445.560059 229.122879 121.731133 279.209991
3456.104004 229.122879 121.731133 279.239990
3456.112061 229.744110 121.731133 279.940002
3463.552002 230.148376 121.731133 280.209991
3470.968018 230.148376 121.731133 280.220001
3470.991943 230.766571 121.731133 280.940002
3474.543945 230.974091 121.731133 281.209991
3481.000000 230.974091 121.731133 281.230011
3481.023926 231.596832 121.731133 281.940002
3484.095947 231.997482 121.731133 282.209991
3488.127930 231.997482 121.731133 282.209991
3488.167969 232.601990 121.731133 282.940002
3489.583984 232.802643 121.731133 283.209991
3491.479980 232.802643 121.731133 283.220001
3491.511963 233.410965 121.731133 283.940002
3492.711914 233.822708 121.731133 284.209991
3494.095947 233.822708 121.731133 284.239990
3494.104004 234.446411 121.731133 284.940002
3496.008057 234.647659 121.731133 285.209991
3498.976074 234.647659 121.731133 285.239990
3498.983887 235.467819 121.731133 285.940002
3503.239990 235.672516 121.731133 286.209991
3508.144043 235.672516 121.731133 286.239990
3508.144043 236.288498 121.731133 286.940002
3517.023926 236.493546 121.731133 287.209991
3530.399902 236.493546 121.731133 287.239990
3530.407959 236.897583 94.874268 288.010010
3535.479980 236.897583 94.874268 288.209991
3561.535889 236.897583 94.874268 288.239990
3561.656006 237.307922 94.874268 288.950012
3566.120117 237.508545 94.874268 289.209991
3587.847900 237.508545 94.874268 289.239990
3587.951904 238.331604 94.874268 289.940002
3590.855957 238.539658 94.874268 290.209991
3602.864014 238.539658 94.874268 290.239990
3602.895996 239.152649 94.874268 290.940002
3605.808105 239.566559 94.874268 291.209991
3615.815918 239.566559 94.874268 291.239990
3615.823975 240.169250 94.874268 291.940002
3617.951904 240.374405 94.874268 292.200012
3624.751953 240.583252 94.874268 292.239990
3624.775879 241.197830 94.874268 292.950012
3625.823975 241.397949 94.874268 293.209991
3630.095947 241.397949 94.874268 293.239990
3630.416016 242.004257 94.874268 293.940002
3631.048096 242.212845 94.874268 294.209991
3634.335938 242.416107 94.874268 294.239990
3634.367920 242.617859 103.643021 294.950012
3635.664062 242.617859 103.643021 295.209991
3638.951904 242.617859 103.643021 295.239990
3639.127930 243.029724 103.643021 295.950012
3640.479980 243.233231 103.643021 296.209991
3642.231934 243.434158 103.643021 296.239990
3642.879883 244.047623 103.643021 296.940002
3643.600098 244.248611 103.643021 297.209991
3645.479980 244.248611 103.643021 297.239990
3646.000000 245.069489 103.643021 297.940002
3646.879883 245.277664 103.643021 298.209991
3648.367920 245.277664 103.643021 298.239990
3648.399902 245.891632 103.643021 298.940002
3650.256104 246.093567 103.643021 299.209991
3651.672119 246.093567 103.643021 299.239990
3651.672119 246.911484 103.643021 299.950012
3653.320068 247.115082 103.643021 300.209991
3654.791992 247.115082 103.643021 300.230011
3654.815918 247.720932 103.643021 300.959991
3658.320068 247.927551 103.643021 301.209991
3659.447998 247.927551 103.643021 301.239990
3659.471924 248.534714 103.643021 301.950012
3669.808105 248.739029 103.643021 302.209991
3670.872070 248.944016 103.643021 302.239990
3670.927979 249.556488 103.643021 302.950012
3686.736084 249.762787 103.643021 303.209991
3688.176025 249.762787 103.643021 303.239990
3688.199951 250.377472 103.643021 303.950012
3694.560059 250.583099 103.643021 304.209991
3696.855957 250.788605 103.643021 304.239990
3696.864014 251.197495 105.679146 304.950012
3702.528076 251.400513 105.679146 305.209991
3704.927979 251.400513 105.679146 305.239990
3704.968018 251.602066 105.679146 305.950012
3710.184082 251.602066 105.679146 306.209991
3711.855957 251.807205 105.679146 306.239990
3711.951904 252.426926 105.679146 306.940002
3716.023926 252.634186 105.679146 307.209991
3718.112061 252.634186 105.679146 307.239990
3718.399902 253.247253 105.679146 307.950012
3722.335938 253.450638 105.679146 308.200012
3724.120117 253.657715 105.679146 308.239990
3724.471924 254.270691 105.679146 308.929993
3726.208008 254.477615 105.679146 309.209991
3728.023926 254.477615 105.679146 309.239990
3728.152100 255.094894 105.679146 309.950012
3728.503906 255.298996 105.679146 310.209991
3734.008057 255.298996 105.679146 310.239990
3734.063965 256.128937 105.679146 310.950012
3734.471924 256.337646 105.679146 311.209991
3739.647949 256.337646 105.679146 311.230011
3739.719971 256.951263 105.679146 311.940002
3740.271973 257.159851 105.679146 312.209991
3744.439941 257.367462 105.679146 312.239990
3744.488037 257.979156 105.679146 312.950012
3745.592041 258.185608 105.679146 313.209991
3747.320068 258.185608 105.679146 313.230011
3747.392090 258.800293 105.679146 313.940002
3749.431885 259.005127 105.679146 314.209991
3749.976074 259.005127 105.679146 314.239990
3750.040039 259.618317 105.679146 314.940002
3754.583984 259.819702 101.572281 315.209991
3755.488037 259.819702 101.572281 315.239990
3755.535889 259.819702 101.572281 315.940002
3764.144043 260.019806 101.572281 316.209991
3764.664062 260.019806 101.572281 316.239990
3764.840088 260.838348 101.572281 316.940002
3768.112061 261.039886 101.572281 317.209991
3768.431885 261.039886 101.572281 317.230011
3768.840088 261.649750 101.572281 317.950012
3770.312012 262.056305 101.572281 318.209991
3771.072021 262.056305 101.572281 318.239990
3771.112061 262.668152 101.572281 318.940002
3772.239990 262.871643 101.572281 319.209991
3774.592041 262.871643 101.572281 319.239990
3774.679932 263.479370 101.572281 319.950012
3775.615967 263.891937 101.572281 320.209991
3777.295898 263.891937 101.572281 320.250000
3777.575928 264.505524 101.572281 320.950012
3778.080078 264.709167 101.572281 321.209991
3779.479980 264.709167 101.572281 321.239990
3779.607910 265.324860 101.572281 321.959991
3780.528076 265.533936 101.572281 322.200012
3781.239990 265.739960 101.572281 322.250000
3781.632080 266.352844 101.572281 322.950012
3782.904053 266.756927 101.572281 323.209991
3784.624023 266.756927 101.572281 323.239990
3784.968018 267.366547 101.572281 323.940002
3787.439941 267.572327 101.572281 324.209991
3788.944092 267.572327 101.572281 324.239990
3789.552002 267.978485 112.513504 324.950012
3793.256104 267.978485 112.513504 325.209991
3795.063965 267.978485 112.513504 325.239990
3795.360107 268.383820 112.513504 325.940002
3801.879883 268.587219 112.513504 326.209991
3803.271973 268.587219 112.513504 326.239990
3803.528076 269.203857 112.513504 326.950012
3810.352051 269.610199 112.513504 327.209991
3811.895996 269.610199 112.513504 327.239990
3812.040039 270.235535 112.513504 327.940002
3815.679932 270.644135 112.513504 328.209991
3817.968018 270.644135 112.513504 328.239990
3818.095947 271.267792 112.513504 328.940002
3819.936035 271.473450 112.513504 329.209991
3822.647949 271.473450 112.513504 329.239990
3823.072021 272.290894 112.513504 329.950012
3825.320068 272.491394 112.513504 330.209991
3828.375977 272.491394 112.513504 330.239990
3828.840088 273.106079 112.513504 330.950012
3830.775879 273.313629 112.513504 331.209991
3832.991943 273.313629 112.513504 331.239990
3833.367920 273.929230 112.513504 331.950012
3834.719971 274.132172 112.513504 332.209991
3838.936035 274.339203 112.513504 332.239990
3839.471924 274.943787 112.513504 332.940002
3840.895996 275.145782 112.513504 333.209991
3845.256104 275.145782 112.513504 333.239990
3845.895996 275.757599 112.513504 333.950012
3847.159912 276.162750 112.513504 334.209991
3851.031982 276.162750 112.513504 334.239990
3851.592041 276.569153 115.593201 334.940002
3852.687988 276.569153 115.593201 335.209991
3855.895996 276.569153 115.593201 335.239990
3856.815918 276.773773 115.593201 335.940002
3857.864014 276.973816 115.593201 336.209991
3859.679932 277.180176 115.593201 336.239990
3860.535889 277.789001 115.593201 336.950012
3861.855957 277.993378 115.593201 337.209991
3863.456055 277.993378 115.593201 337.239990
3864.959961 278.815887 115.593201 337.959991
3866.199951 279.025208 115.593201 338.209991
3867.040039 279.025208 115.593201 338.239990
3875.879883 279.645111 115.593201 338.950012
3877.080078 279.849579 115.593201 339.209991
3878.199951 280.050781 115.593201 339.239990
3894.399902 280.658966 115.593201 339.940002
3895.672119 280.867706 115.593201 340.220001
3896.775879 280.867706 115.593201 340.239990
3907.159912 281.486694 115.593201 340.959991
3908.560059 281.688416 115.593201 341.209991
3909.791992 281.688416 115.593201 341.250000
3916.976074 282.499847 115.593201 341.940002
3918.040039 282.704956 115.593201 342.209991
3920.023926 282.704956 115.593201 342.239990
3924.864014 283.530518 115.593201 343.029999
3926.000000 283.530518 115.593201 343.209991
3929.176025 283.734802 115.593201 343.239990
3933.607910 284.346741 115.593201 343.980011
3934.520020 284.546906 115.593201 344.209991
3937.968018 284.546906 115.593201 344.239990
3941.152100 285.159149 115.593201 344.980011
3942.728027 285.367798 115.593201 345.200012
3946.840088 285.367798 115.593201 345.239990
3949.343994 285.572510 91.765945 345.980011
3950.687988 285.572510 91.765945 346.209991
3953.184082 285.572510 91.765945 346.239990
3956.080078 285.981903 91.765945 346.980011
3957.375977 286.389648 91.765945 347.209991
3959.719971 286.389648 91.765945 347.239990
3962.271973 287.009216 91.765945 347.980011
3963.503906 287.209595 91.765945 348.209991
3967.352051 287.417938 91.765945 348.230011
3969.543945 288.031677 91.765945 348.980011
3970.687988 288.233032 91.765945 349.220001
3975.023926 288.233032 91.765945 349.239990
3977.352051 288.847717 91.765945 349.980011
3978.176025 289.051666 91.765945 350.209991
3980.063965 289.051666 91.765945 350.239990
3982.424072 289.673889 91.765945 350.980011
3983.104004 290.083466 91.765945 351.209991
3984.280029 290.083466 91.765945 351.239990
3986.864014 290.693848 91.765945 351.980011
3987.832031 290.894562 91.765945 352.209991
3989.704102 290.894562 91.765945 352.239990
3991.895996 291.709747 91.765945 352.980011
3992.552002 291.915344 91.765945 353.209991
3993.496094 291.915344 91.765945 353.239990
3999.991943 292.533295 91.765945 353.980011
4001.424072 292.738342 91.765945 354.209991
4002.399902 292.738342 91.765945 354.230011
4006.679932 293.558105 91.765945 354.970001
4008.904053 293.759430 91.765945 355.220001
4009.919922 293.759430 91.765945 355.239990
4011.456055 293.961060 83.874863 355.980011
4012.951904 293.961060 83.874863 356.200012
4014.312012 293.961060 83.874863 356.239990
4015.511963 294.571198 83.874863 356.980011
4016.879883 294.771301 83.874863 357.209991
4017.823975 294.771301 83.874863 357.239990
4018.664062 295.381287 83.874863 357.980011
4019.791992 295.785858 83.874863 358.209991
4020.575928 295.785858 83.874863 358.239990
4021.087891 296.391602 83.874863 358.980011
4022.808105 296.594299 83.874863 359.209991
4024.256104 296.594299 83.874863 359.239990
4024.791992 297.414978 83.874863 359.980011
4027.135986 297.616974 83.874863 360.209991
4031.176025 297.616974 83.874863 360.239990
4032.392090 298.228455 83.874863 360.980011
4037.552002 298.430939 83.874863 361.209991
4041.008057 298.430939 83.874863 361.239990
4041.664062 299.254730 83.874863 361.980011
4044.864014 299.455322 83.874863 362.209991
4048.783936 299.455322 83.874863 362.239990
4049.424072 300.069946 83.874863 362.980011
4050.751953 300.278412 83.874863 363.209991
4052.704102 300.486511 83.874863 363.239990
4053.367920 301.120789 83.874863 363.980011
4054.679932 301.326202 83.874863 364.209991
4056.208008 301.326202 83.874863 364.239990
4056.919922 301.731049 88.130531 364.980011
4059.520020 301.731049 88.130531 365.209991
4060.216064 301.731049 88.130531 365.239990
4060.904053 302.138947 88.130531 365.970001
4063.575928 302.344696 88.130531 366.209991
4063.927979 302.344696 88.130531 366.230011
4064.808105 303.154541 88.130531 366.980011
4066.208008 303.364044 88.130531 367.209991
4066.479980 303.364044 88.130531 367.239990
4068.087891 304.182281 88.130531 367.980011
4069.095947 304.389954 88.130531 368.209991
4069.392090 304.389954 88.130531 368.239990
4073.199951 305.014526 88.130531 368.980011
4074.535889 305.217834 88.130531 369.209991
4074.815918 305.217834 88.130531 369.250000
4081.743896 306.038788 88.130531 369.980011
4082.496094 306.240479 88.130531 370.220001
4082.711914 306.240479 88.130531 370.250000
4087.231934 306.852997 88.130531 370.980011
4087.864014 307.058197 88.130531 371.209991
4088.711914 307.058197 88.130531 371.239990
4090.191895 307.876099 88.130531 371.980011
4090.840088 308.078217 88.130531 372.220001
4095.991943 308.078217 88.130531 372.239990
4096.855957 308.694611 88.130531 372.980011
4097.664062 308.896088 88.130531 373.209991
4098.255859 308.896088 88.130531 373.239990
4098.640137 309.713959 88.130531 373.980011
4107.952148 309.917938 88.130531 374.209991
4111.687988 309.917938 88.130531 374.239990
4112.127930 310.541626 88.130531 374.980011
4126.240234 310.749695 88.130531 375.209991
4130.375977 310.749695 88.130531 375.239990
4130.655762 311.158142 87.619446 375.980011
4139.368164 311.158142 87.619446 376.220001
4144.127930 311.158142 87.619446 376.239990
4144.463867 311.760712 87.619446 376.980011
4151.487793 311.970886 87.619446 377.209991
4154.616211 311.970886 87.619446 377.239990
4155.208008 312.598053 87.619446 377.980011
4159.888184 312.801056 87.619446 378.209991
4162.136230 313.006195 87.619446 378.239990
4162.551758 313.624390 87.619446 378.980011
4165.888184 313.826355 87.619446 379.209991
4166.240234 313.826355 87.619446 379.250000
4166.895996 314.433624 87.619446 379.980011
4169.399902 314.636200 87.619446 380.209991
4169.567871 314.836792 87.619446 380.239990
4170.248047 315.440582 87.619446 380.980011
4172.439941 315.645447 87.619446 381.220001
4172.551758 315.645447 87.619446 381.239990
4173.319824 316.469299 87.619446 381.980011
4174.848145 316.672729 87.619446 382.209991
4175.056152 316.672729 87.619446 382.239990
4176.016113 317.286377 87.619446 382.980011
4177.624023 317.488617 87.619446 383.209991
4177.751953 317.488617 87.619446 383.239990
4179.472168 318.306000 87.619446 383.980011
4180.704102 318.510864 87.619446 384.209991
4181.127930 318.510864 87.619446 384.239990
4185.855957 319.123688 87.619446 384.980011
4187.399902 319.327148 87.619446 385.209991
4188.647949 319.327148 87.619446 385.230011
4198.175781 320.131012 87.619446 385.980011
4199.335938 320.332306 111.121132 386.209991
4200.479980 320.332306 111.121132 386.279999
4203.967773 320.533173 111.121132 386.980011
4205.007812 320.533173 111.121132 387.209991
4205.527832 320.533173 111.121132 387.239990
4206.903809 321.150848 111.121132 387.980011
4208.127930 321.356049 111.121132 388.220001
4210.624023 321.356049 111.121132 388.239990
4211.383789 322.171051 111.121132 388.980011
4212.344238 322.374390 111.121132 389.209991
4220.200195 322.374390 111.121132 389.239990
4220.543945 322.982452 111.121132 389.980011
4221.720215 323.188416 111.121132 390.209991
4226.215820 323.188416 111.121132 390.239990
4226.503906 324.008545 111.121132 390.980011
4227.952148 324.208832 111.121132 391.209991
4231.543945 324.208832 111.121132 391.250000
4231.808105 324.820984 111.121132 391.980011
4233.087891 325.024872 111.121132 392.209991
4234.768066 325.024872 111.121132 392.239990
4235.032227 325.841827 111.121132 392.980011
4235.872070 326.043365 111.121132 393.200012
4236.527832 326.043365 111.121132 393.239990
4236.759766 326.866302 111.121132 393.980011
4237.536133 327.066620 111.121132 394.209991
4237.815918 327.066620 111.121132 394.239990
4237.903809 327.694580 111.121132 394.980011
4239.056152 327.901184 111.121132 395.209991
4239.383789 327.901184 111.121132 395.239990
4239.448242 328.307953 96.623985 395.980011
4240.439941 328.307953 96.623985 396.209991
4240.855957 328.307953 96.623985 396.239990
4241.007812 328.926849 96.623985 396.980011
4242.007812 329.127747 96.623985 397.209991
4242.271973 329.127747 96.623985 397.239990
4242.383789 329.745117 96.623985 397.980011
4243.600098 330.162018 96.623985 398.209991
4244.600098 330.162018 96.623985 398.239990
4244.824219 330.773987 96.623985 398.980011
4246.000000 330.979462 96.623985 399.209991
4247.912109 330.979462 96.623985 399.239990
4248.087891 331.799103 96.623985 399.980011
4249.832031 331.999420 96.623985 400.209991
4254.191895 331.999420 96.623985 400.239990
4254.503906 332.613007 96.623985 400.980011
4256.687988 332.813782 96.623985 401.209991
4259.640137 332.813782 96.623985 401.239990
4260.096191 333.434387 96.623985 401.980011
4261.959961 333.641510 96.623985 402.209991
4264.479980 333.849304 96.623985 402.239990
4265.655762 334.458801 96.623985 402.980011
4268.624023 334.659882 96.623985 403.220001
4270.487793 334.659882 96.623985 403.239990
4276.888184 335.491333 96.623985 403.980011
4282.631836 335.692474 96.623985 404.220001
4283.728027 335.692474 96.623985 404.239990
4287.016113 336.307770 96.623985 404.980011
4294.503906 336.512848 96.623985 405.220001
4295.536133 336.720001 96.623985 405.250000
4296.879883 337.327728 96.623985 405.980011
4302.487793 337.530090 96.623985 406.220001
4303.704102 337.530090 96.623985 406.250000
4304.304199 337.936188 90.325836 406.980011
4307.808105 337.936188 90.325836 407.209991
4308.936035 337.936188 90.325836 407.239990
4309.399902 338.341827 90.325836 407.980011
4314.231934 338.543976 90.325836 408.209991
4315.007812 338.543976 90.325836 408.239990
4315.775879 339.357819 90.325836 408.980011
4323.056152 339.558350 90.325836 409.209991
4324.144043 339.558350 90.325836 409.239990
4325.016113 340.169464 90.325836 409.970001
4337.751953 340.375946 90.325836 410.209991
4342.448242 340.582733 90.325836 410.239990
4343.271973 341.196381 90.325836 410.970001
4362.432129 341.400024 90.325836 411.209991
4367.271973 341.400024 90.325836 411.239990
4368.071777 342.211060 90.325836 411.980011
4376.175781 342.411255 90.325836 412.209991
4379.111816 342.411255 90.325836 412.250000
4380.007812 343.034698 90.325836 412.980011
4384.551758 343.238190 90.325836 413.220001
4386.655762 343.238190 90.325836 413.239990
4387.680176 343.850159 90.325836 413.980011
4390.120117 344.056671 90.325836 414.209991
4392.167969 344.263580 90.325836 414.239990
4394.352051 344.876587 90.325836 414.980011
4395.687988 345.080963 90.325836 415.209991
4396.936035 345.080963 90.325836 415.239990
4402.640137 345.895386 90.325836 415.980011
4404.231934 346.104797 90.325836 416.209991
4404.624023 346.104797 90.325836 416.260010
4408.751953 346.715607 90.325836 416.980011
4409.832031 346.916321 116.097137 417.220001
4410.359863 346.916321 116.097137 417.239990
4410.824219 347.116943 116.097137 417.980011
4412.151855 347.116943 116.097137 418.209991
4412.600098 347.116943 116.097137 418.239990
4412.815918 347.734650 116.097137 418.980011
4413.983887 348.144562 116.097137 419.230011
4414.359863 348.144562 116.097137 419.239990
4414.543945 348.762054 116.097137 419.980011
4415.839844 348.971710 116.097137 420.209991
4416.111816 349.180389 116.097137 420.239990
4416.231934 349.794983 116.097137 420.980011
4417.271973 350.001953 116.097137 421.209991
4417.784180 350.001953 116.097137 421.239990
4418.000000 350.817719 116.097137 421.980011
4418.808105 351.024445 116.097137 422.209991
4419.759766 351.024445 116.097137 422.230011
4420.167969 351.645325 116.097137 422.980011
4420.928223 351.846497 116.097137 423.220001
4421.655762 351.846497 116.097137 423.239990
4422.167969 352.655304 116.097137 423.980011
4422.967773 352.858154 116.097137 424.220001
4423.839844 352.858154 116.097137 424.250000
4424.279785 353.475372 116.097137 424.980011
4424.903809 353.675873 116.097137 425.230011
4425.912109 353.675873 116.097137 425.239990
4426.479980 354.491333 116.097137 425.980011
4427.000000 354.692535 116.097137 426.209991
4428.352051 354.692535 116.097137 426.239990
4428.895996 355.308594 116.097137 426.980011
4429.616211 355.308594 120.744415 427.220001
4431.496094 355.308594 120.744415 427.250000
4432.496094 355.509369 120.744415 427.980011
4432.943848 355.710663 120.744415 428.220001
4434.120117 355.710663 120.744415 428.250000
4434.848145 356.338440 120.744415 428.980011
4436.279785 356.547241 120.744415 429.209991
4440.279785 356.547241 120.744415 429.239990
4440.695801 357.363953 120.744415 429.980011
4442.744141 357.573029 120.744415 430.209991
4455.175781 357.573029 120.744415 430.239990
4455.936035 358.188293 120.744415 430.980011
4458.799805 358.390930 120.744415 431.220001
4472.607910 358.390930 120.744415 431.239990
4472.983887 359.004944 120.744415 431.989990
4476.167969 359.415985 120.744415 432.220001
4484.271973 359.415985 120.744415 432.239990
4484.312012 360.029938 120.744415 432.980011
4489.759766 360.233215 120.744415 433.230011
4496.151855 360.233215 120.744415 433.239990
4496.240234 361.050598 120.744415 433.980011
4502.791992 361.259216 120.744415 434.200012
4508.096191 361.259216 120.744415 434.239990
4508.096191 361.865753 102.367340 434.980011
4511.784180 361.865753 102.367340 435.220001
4514.071777 361.865753 102.367340 435.239990
4514.087891 362.072937 102.367340 435.980011
4520.408203 362.482086 102.367340 436.209991
4521.352051 362.482086 102.367340 436.239990
4521.359863 363.305756 102.367340 436.980011
4525.016113 363.510162 102.367340 437.230011
4527.136230 363.510162 102.367340 437.239990
4527.144043 364.127411 102.367340 437.980011
4529.104004 364.329102 102.367340 438.230011
4530.711914 364.329102 102.367340 438.239990
4530.720215 365.148224 102.367340 438.980011
4531.439941 365.357422 102.367340 439.220001
4532.943848 365.357422 102.367340 439.239990
4532.959961 366.176208 102.367340 439.980011
4534.543945 366.382141 102.367340 440.209991
4535.600098 366.382141 102.367340 440.239990
4535.600098 366.998962 102.367340 440.980011
4537.976074 367.201080 102.367340 441.230011
4538.976074 367.201080 102.367340 441.230011
4538.976074 368.016968 102.367340 441.980011
4539.248047 368.223969 102.367340 442.220001
4539.992188 368.223969 102.367340 442.239990
4540.000000 368.830658 102.367340 442.970001
4540.231934 369.037567 102.367340 443.220001
4541.344238 369.243835 102.367340 443.239990
4541.344238 369.860840 102.367340 443.980011
4541.912109 370.067657 102.367340 444.220001
4543.175781 370.067657 102.367340 444.230011
4543.208008 370.883545 102.367340 444.980011
4544.824219 371.090057 87.611244 445.230011
4546.271973 371.090057 87.611244 445.250000
4546.383789 371.090057 87.611244 445.980011
4547.872070 371.290741 87.611244 446.220001
4549.200195 371.290741 87.611244 446.250000
4549.255859 371.913422 87.611244 446.980011
4550.392090 372.115570 87.611244 447.209991
4553.640137 372.115570 87.611244 447.250000
4553.647949 372.936493 87.611244 447.970001
4554.111816 373.137909 87.611244 448.220001
4560.144043 373.137909 87.611244 448.239990
4560.167969 373.751770 87.611244 448.980011
4560.408203 373.958557 87.611244 449.220001
4563.063965 373.958557 87.611244 449.239990
4563.071777 374.777283 87.611244 449.980011
4563.208008 374.983459 87.611244 450.230011
4564.215820 374.983459 87.611244 450.230011
4564.231934 375.590363 87.611244 450.980011
4564.288086 376.007782 87.611244 451.220001
4564.912109 376.007782 87.611244 451.239990
4564.912109 376.625214 87.611244 451.970001
4564.952148 376.828064 87.611244 452.209991
4565.312012 376.828064 87.611244 452.239990
4565.335938 377.646057 87.611244 452.980011
4565.368164 377.852478 87.611244 453.209991
4565.744141 377.852478 87.611244 453.239990
4565.879883 378.463867 87.611244 453.970001
4565.888184 378.665833 87.611244 454.209991
4566.200195 378.665833 87.611244 454.239990
4566.392090 379.487366 87.611244 454.980011
4566.479980 379.688507 87.611244 455.209991
4567.096191 379.688507 87.611244 455.239990
4567.151855 380.095154 96.163940 455.970001
4567.167969 380.095154 96.163940 456.220001
4567.744141 380.095154 96.163940 456.250000
4567.775879 380.500427 96.163940 456.980011
4567.791992 380.701630 96.163940 457.200012
4568.104004 380.701630 96.163940 457.239990
4568.184082 381.315155 96.163940 457.970001
4568.248047 381.521057 96.163940 458.209991
4568.432129 381.722015 96.163940 458.239990
4568.456055 382.329834 96.163940 458.980011
4568.512207 382.535797 96.163940 459.209991
4568.720215 382.535797 96.163940 459.239990
4568.720215 383.154541 96.163940 459.970001
4568.735840 383.562653 96.163940 460.220001
4568.872070 383.562653 96.163940 460.239990
4568.903809 384.178467 96.163940 460.980011
4568.936035 384.387909 96.163940 461.209991
4569.200195 384.387909 96.163940 461.239990
4569.215820 385.207825 96.163940 461.980011
4569.264160 385.411530 96.163940 462.209991
4569.583984 385.411530 96.163940 462.239990
4569.647949 386.019196 96.163940 463.019989
4569.704102 386.225311 96.163940 463.209991
4570.104004 386.225311 96.163940 463.239990
4570.200195 387.037964 96.163940 463.980011
4570.255859 387.239655 96.163940 464.209991
4570.624023 387.239655 96.163940 464.239990
4570.647949 387.845612 96.163940 464.980011
4570.695801 388.049347 96.163940 465.209991
4571.047852 388.049347 96.163940 465.239990
4571.056152 388.666870 96.163940 465.980011
4571.127930 388.870422 100.410782 466.209991
4571.624023 388.870422 100.410782 466.239990
4571.647949 389.072998 100.410782 466.980011
4571.799805 389.072998 100.410782 467.200012
4572.408203 389.072998 100.410782 467.239990
4572.448242 389.889618 100.410782 467.980011
4573.560059 390.093658 100.410782 468.220001
4574.032227 390.093658 100.410782 468.239990
4574.056152 390.904938 100.410782 468.980011
4575.560059 391.111481 100.410782 469.220001
4575.943848 391.111481 100.410782 469.250000
4575.952148 391.718109 100.410782 469.970001
4576.943848 391.924255 100.410782 470.209991
4577.104004 392.126068 100.410782 470.239990
4577.167969 392.747528 100.410782 470.980011
4578.080078 392.957520 100.410782 471.220001
4578.359863 392.957520 100.410782 471.239990
4578.720215 393.770874 100.410782 472.010010
4579.304199 393.974609 100.410782 472.209991
4579.671875 393.974609 100.410782 472.250000
4579.967773 394.589569 100.410782 472.980011
4580.056152 394.996338 100.410782 473.209991
4580.439941 394.996338 100.410782 473.239990
4580.551758 395.604736 100.410782 473.980011
4580.624023 395.806366 100.410782 474.220001
4580.976074 395.806366 100.410782 474.239990
4581.071777 396.625916 100.410782 474.980011
4581.104004 396.829315 100.410782 475.209991
4581.624023 396.829315 100.410782 475.239990
4581.640137 397.450256 100.410782 475.980011
4581.680176 397.657166 107.877213 476.209991
4582.775879 397.657166 107.877213 476.239990
4582.799805 397.857208 107.877213 476.970001
4583.375977 397.857208 107.877213 477.209991
4584.720215 397.857208 107.877213 477.239990
4584.759766 398.681580 107.877213 477.970001
4586.224121 398.883453 107.877213 478.220001
4587.319824 398.883453 107.877213 478.239990
4587.352051 399.707336 107.877213 478.980011
4588.872070 399.916199 107.877213 479.200012
4590.240234 399.916199 107.877213 479.239990
4590.248047 400.527252 107.877213 479.970001
4591.631836 400.728394 107.877213 480.209991
4592.312012 400.728394 107.877213 480.230011
4592.432129 401.544037 107.877213 480.980011
4593.680176 401.751404 107.877213 481.209991
4594.224121 401.751404 107.877213 481.239990
4594.240234 402.574890 107.877213 481.980011
4595.503906 402.784119 107.877213 482.209991
4596.200195 402.784119 107.877213 482.239990
4596.208008 403.406433 107.877213 482.980011
4597.368164 403.613800 107.877213 483.220001
4597.808105 403.613800 107.877213 483.250000
4597.824219 404.429535 107.877213 483.980011
4599.208008 404.636353 107.877213 484.209991
4599.687988 404.636353 107.877213 484.239990
4599.695801 405.246918 107.877213 484.980011
4600.472168 405.454376 107.877213 485.209991
4601.503906 405.454376 107.877213 485.239990
4601.527832 406.065125 107.877213 485.970001
4602.104004 406.268341 111.756805 486.209991
4603.023926 406.268341 111.756805 486.239990
4603.056152 406.470703 111.756805 486.980011
4603.487793 406.470703 111.756805 487.230011
4604.392090 406.470703 111.756805 487.239990
4604.432129 407.291626 111.756805 487.980011
4604.824219 407.491760 111.756805 488.220001
4605.472168 407.491760 111.756805 488.239990
4605.551758 408.111115 111.756805 488.970001
4605.863770 408.320709 111.756805 489.209991
4606.735840 408.320709 111.756805 489.239990
4606.848145 409.134613 111.756805 489.980011
4606.855957 409.337555 111.756805 490.209991
4606.967773 409.337555 111.756805 490.239990
4607.167969 409.952393 111.756805 490.980011
4607.175781 410.159271 111.756805 491.209991
4607.375977 410.159271 111.756805 491.250000
4607.423828 410.971283 111.756805 491.970001
4607.423828 411.178009 111.756805 492.209991
4607.600098 411.178009 111.756805 492.239990
4607.640137 411.786194 111.756805 492.980011
4607.640137 412.191010 111.756805 493.220001
4607.759766 412.191010 111.756805 493.250000
4607.824219 412.808380 111.756805 493.980011
4607.888184 413.014191 111.756805 494.209991
4608.040039 413.014191 111.756805 494.239990
4608.200195 413.632660 111.756805 494.980011
4608.224121 414.039001 111.756805 495.209991
4608.359863 414.039001 111.756805 495.239990
4608.512207 414.649445 118.840683 495.980011
4608.551758 414.649445 118.840683 496.209991
4608.751953 414.649445 118.840683 496.239990
4608.824219 414.855438 118.840683 496.980011
4608.872070 415.057831 118.840683 497.209991
4608.959961 415.057831 118.840683 497.239990
4608.983887 415.880859 118.840683 497.970001
4608.983887 416.087799 118.840683 498.209991
4609.056152 416.087799 118.840683 498.239990
4609.111816 416.703308 118.840683 498.980011
4609.111816 417.113831 118.840683 499.209991
4609.144043 417.113831 118.840683 499.239990
4609.352051 417.729706 118.840683 499.980011
4609.352051 417.930878 118.840683 500.209991
4609.368164 417.930878 118.840683 500.239990
4609.432129 418.754089 118.840683 500.970001
4609.432129 418.959625 118.840683 501.209991
4609.503906 418.959625 118.840683 501.239990
4609.551758 419.564880 118.840683 501.980011
4609.551758 419.765320 118.840683 502.209991
4609.640137 419.765320 118.840683 502.239990
4609.744141 420.575714 118.840683 502.970001
4609.791992 420.781158 118.840683 503.209991
4610.023926 420.781158 118.840683 503.250000
4610.056152 421.592834 118.840683 503.980011
4610.056152 421.794952 118.840683 504.209991
4610.255859 421.794952 118.840683 504.250000
4610.295898 422.210388 115.188568 504.980011
4610.295898 422.210388 115.188568 505.220001
4610.607910 422.210388 115.188568 505.250000
4610.751953 422.611877 115.188568 505.980011
4610.751953 422.818451 115.188568 506.209991
4610.839844 422.818451 115.188568 506.239990
4610.888184 423.632965 115.188568 506.980011
4610.928223 423.835388 115.188568 507.220001
4611.032227 423.835388 115.188568 507.250000
4611.111816 424.649414 115.188568 507.980011
4611.279785 424.849792 115.188568 508.209991
4611.383789 424.849792 115.188568 508.239990
4611.408203 425.466583 115.188568 508.970001
4611.567871 425.668976 115.188568 509.209991
4611.647949 425.668976 115.188568 509.239990
4611.680176 426.279022 115.188568 509.980011
4611.863770 426.483856 115.188568 510.209991
4611.952148 426.689209 115.188568 510.239990
4612.087891 427.299530 115.188568 510.980011
4612.640137 427.502716 115.188568 511.230011
4612.728027 427.502716 115.188568 511.239990
4612.735840 428.324707 115.188568 511.980011
4613.016113 428.527313 115.188568 512.219971
4613.120117 428.527313 115.188568 512.250000
4613.200195 429.145874 115.188568 512.979980
4613.359863 429.347168 115.188568 513.229980
4613.543945 429.553345 115.188568 513.239990
4613.567871 430.162048 115.188568 513.979980
4613.567871 430.370941 115.188568 514.200012
4613.832031 430.370941 115.188568 514.239990
4613.928223 431.193207 115.188568 514.979980
4613.936035 431.395691 115.188568 515.210022
4614.512207 431.395691 115.188568 515.239990
4614.607910 431.597443 112.241226 515.979980
4614.640137 431.597443 112.241226 516.210022
4615.151855 431.597443 112.241226 516.239990
4615.503906 432.215363 112.241226 516.979980
4618.312012 432.423492 112.241226 517.229980
4619.151855 432.423492 112.241226 517.239990
4619.600098 433.236450 112.241226 517.969971
4631.647949 433.442627 112.241226 518.219971
4632.936035 433.442627 112.241226 518.239990
4633.271973 434.051239 112.241226 518.969971
4640.591797 434.254028 112.241226 519.210022
4642.111816 434.254028 112.241226 519.239990
4642.496094 435.072388 112.241226 519.979980
4646.872070 435.279022 112.241226 520.219971
4649.007812 435.279022 112.241226 520.250000
4649.255859 435.888428 112.241226 520.979980
4652.647949 436.091980 112.241226 521.219971
4655.487793 436.296600 112.241226 521.250000
4655.879883 436.910248 112.241226 521.969971
4657.815918 437.114990 112.241226 522.210022
4665.680176 437.114990 112.241226 522.239990
4665.872070 437.925140 112.241226 522.979980
4667.191895 438.133057 112.241226 523.219971
4677.895996 438.133057 112.241226 523.239990
4678.063965 438.545105 106.793724 523.969971
4678.744141 438.545105 106.793724 524.210022
4687.040039 438.545105 106.793724 524.239990
4687.104004 438.949463 106.793724 524.979980
4687.463867 439.157013 106.793724 525.210022
4692.423828 439.157013 106.793724 525.239990
4692.487793 439.774445 106.793724 525.969971
4692.824219 440.184723 106.793724 526.210022
4696.695801 440.184723 106.793724 526.250000
4697.463867 440.795715 106.793724 527.030029
4697.664062 441.001953 106.793724 527.200012
4700.959961 441.001953 106.793724 527.239990
4701.472168 441.618683 106.793724 527.969971
4701.503906 441.821625 106.793724 528.219971
4703.160156 442.026733 106.793724 528.239990
4703.408203 442.639771 106.793724 528.979980
4703.408203 442.844299 106.793724 529.210022
4704.087891 442.844299 106.793724 529.239990
4705.432129 443.661987 106.793724 529.979980
4705.479980 443.863953 106.793724 530.210022
4706.815918 443.863953 106.793724 530.239990
4708.399902 444.467438 106.793724 530.979980
4708.655762 444.671692 106.793724 531.210022
4711.527832 444.671692 106.793724 531.239990
4712.032227 445.483154 106.793724 531.979980
4712.120117 445.685944 106.793724 532.210022
4723.439941 445.685944 106.793724 532.239990
4723.576172 446.294128 95.094131 532.979980
4723.768066 446.294128 95.094131 533.210022
4736.919922 446.294128 95.094131 533.239990
4736.952148 446.498383 95.094131 533.979980
4737.087891 446.704193 95.094131 534.210022
4743.368164 446.704193 95.094131 534.239990
4743.680176 447.321686 95.094131 534.979980
4743.768066 447.736389 95.094131 535.200012
4747.824219 447.736389 95.094131 535.239990
4747.903809 448.349396 95.094131 535.969971
4747.928223 448.549744 95.094131 536.219971
4751.312012 448.752167 95.094131 536.239990
4751.967773 449.365662 95.094131 536.979980
4751.967773 449.566742 95.094131 537.210022
4755.160156 449.566742 95.094131 537.239990
4755.423828 450.389893 95.094131 537.979980
4755.432129 450.597961 95.094131 538.219971
4757.919922 450.597961 95.094131 538.239990
4757.992188 451.427490 95.094131 538.979980
4757.992188 451.632812 95.094131 539.219971
4760.799805 451.632812 95.094131 539.250000
4760.872070 452.248199 95.094131 539.979980
4760.872070 452.454712 95.094131 540.210022
4763.512207 452.454712 95.094131 540.250000
4763.576172 453.270294 95.094131 540.979980
4763.576172 453.478516 95.094131 541.210022
4766.479980 453.478516 95.094131 541.250000
4766.512207 453.879852 88.746162 541.969971
4766.520020 453.879852 88.746162 542.210022
4769.104004 453.879852 88.746162 542.239990
4769.136230 454.288086 88.746162 542.979980
4769.144043 454.494843 88.746162 543.210022
4771.655762 454.494843 88.746162 543.239990
4771.728027 455.121826 88.746162 543.979980
4771.728027 455.325989 88.746162 544.210022
4774.255859 455.527527 88.746162 544.239990
4774.815918 456.144135 88.746162 545.010010
4774.824219 456.348480 88.746162 545.210022
4777.503906 456.348480 88.746162 545.239990
4777.711914 457.171570 88.746162 545.979980
4777.720215 457.374207 88.746162 546.219971
4780.720215 457.374207 88.746162 546.260010
4780.808105 457.987640 88.746162 546.979980
4780.912109 458.189545 88.746162 547.210022
4784.560059 458.189545 88.746162 547.239990
4784.600098 459.003784 88.746162 547.979980
4784.631836 459.205139 88.746162 548.210022
4789.304199 459.205139 88.746162 548.270020
4789.352051 459.822845 88.746162 548.979980
4789.368164 460.030457 88.746162 549.210022
4800.527832 460.235809 88.746162 549.270020
4800.888184 460.845551 88.746162 549.979980
4800.903809 461.049438 88.746162 550.210022
4807.503906 461.049438 88.746162 550.270020
4807.872070 461.665161 88.746162 550.979980
4807.872070 461.865417 88.746162 551.210022
4811.319824 461.865417 88.746162 551.239990
4811.583984 462.479797 93.255310 551.979980
4811.583984 462.479797 93.255310 552.210022
4813.728027 462.479797 93.255310 552.239990
4814.080078 462.683868 93.255310 552.989990
4814.104004 462.889526 93.255310 553.210022
4815.863770 462.889526 93.255310 553.250000
4816.720215 463.693237 93.255310 553.979980
4816.720215 463.897430 93.255310 554.210022
4817.903809 464.104340 93.255310 554.280029
4818.023926 464.712646 93.255310 554.979980
4818.383789 464.917755 93.255310 555.200012
4819.392090 464.917755 93.255310 555.260010
4819.448242 465.534363 93.255310 555.979980
4820.080078 465.743408 93.255310 556.210022
4821.167969 465.946289 93.255310 556.250000
4821.392090 466.558319 93.255310 556.979980
4821.839844 466.764374 93.255310 557.210022
4823.248047 466.764374 93.255310 557.270020
4823.448242 467.577026 93.255310 557.979980
4824.032227 467.783447 93.255310 558.219971
4825.264160 467.783447 93.255310 558.280029
4825.352051 468.406158 93.255310 558.979980
4825.879883 468.614868 93.255310 559.210022
4827.695801 468.614868 93.255310 559.270020
4827.824219 469.430542 93.255310 559.979980
4828.248047 469.636414 93.255310 560.210022
4829.448242 469.636414 93.255310 560.250000
4829.919922 470.250366 93.255310 560.979980
4830.472168 470.456696 93.255310 561.210022
4831.416016 470.663483 93.255310 561.260010
4831.543945 471.271942 93.255310 561.979980
4832.016113 471.473938 90.347801 562.210022
4832.479980 471.473938 90.347801 562.280029
4832.567871 471.674316 90.347801 562.979980
4833.439941 471.674316 90.347801 563.210022
4833.768066 471.674316 90.347801 563.250000
4833.976074 472.288879 90.347801 563.979980
4835.248047 472.699554 90.347801 564.210022
4835.671875 472.699554 90.347801 564.260010
4835.791992 473.321808 90.347801 564.979980
4837.240234 473.526398 90.347801 565.219971
4838.815918 473.734131 90.347801 565.260010
4838.888184 474.338593 90.347801 565.979980
4840.007812 474.544006 90.347801 566.210022
4847.248047 474.544006 90.347801 566.280029
4847.312012 475.159485 90.347801 566.969971
4848.127930 475.569427 90.347801 567.210022
4851.855957 475.569427 90.347801 567.260010
4851.983887 476.186371 90.347801 567.979980
4852.536133 476.388916 90.347801 568.210022
4855.735840 476.589020 90.347801 568.260010
4856.056152 477.208344 90.347801 568.979980
4856.312012 477.411102 90.347801 569.210022
4857.824219 477.411102 90.347801 569.270020
4858.408203 478.026550 90.347801 569.979980
4858.784180 478.227081 90.347801 570.210022
4858.976074 478.435486 90.347801 570.250000
4859.976074 478.852081 90.347801 570.979980
4860.647949 479.052612 81.748543 571.210022
4860.775879 479.052612 81.748543 571.280029
4875.056152 479.052612 81.748543 571.979980
4876.520020 479.255096 81.748543 572.210022
4876.655762 479.255096 81.748543 572.260010
4889.824219 480.071381 81.748543 572.969971
4891.952148 480.279541 81.748543 573.219971
4892.040039 480.279541 81.748543 573.250000
4899.647949 480.891022 81.748543 573.979980
4900.936035 481.098175 81.748543 574.210022
4900.992188 481.300995 81.748543 574.270020
4906.047852 481.913147 81.748543 574.979980
4906.791992 482.115540 81.748543 575.229980
4906.824219 482.115540 81.748543 575.260010
4909.919922 482.730591 81.748543 575.979980
4910.399902 483.132538 81.748543 576.210022
4910.551758 483.132538 81.748543 576.260010
4913.375977 483.744995 81.748543 576.969971
4913.600098 483.952087 81.748543 577.210022
4913.735840 484.153900 81.748543 577.280029
4915.879883 484.772308 81.748543 577.979980
4915.912109 484.972870 81.748543 578.210022
4916.096191 484.972870 81.748543 578.270020
4918.136230 485.175018 79.878159 578.989990
4918.215820 485.375763 79.878159 579.210022
4918.664062 485.375763 79.878159 579.260010
4920.383789 485.784729 79.878159 579.979980
4920.432129 485.989227 79.878159 580.210022
4920.863770 485.989227 79.878159 580.280029
4921.839844 486.816223 79.878159 580.979980
4921.888184 487.018799 79.878159 581.210022
4922.319824 487.018799 79.878159 581.250000
4923.647949 487.625153 79.878159 582.010010
4923.695801 487.825287 79.878159 582.210022
4923.903809 488.026947 79.878159 582.280029
4925.328125 488.640686 79.878159 582.979980
4925.335938 488.849152 79.878159 583.210022
4925.576172 488.849152 79.878159 583.270020
4926.231934 489.667908 79.878159 583.979980
4926.248047 489.868073 79.878159 584.219971
4926.439941 489.868073 79.878159 584.280029
4927.456055 490.492706 79.878159 584.979980
4927.487793 490.701233 79.878159 585.210022
4927.744141 490.903748 79.878159 585.270020
4928.512207 491.305176 77.039124 585.979980
4928.567871 491.505707 77.039124 586.210022
4928.903809 491.505707 77.039124 586.260010
4929.664062 491.505707 77.039124 586.979980
4929.808105 491.708588 77.039124 587.219971
4929.936035 491.708588 77.039124 587.260010
4930.879883 492.520386 77.039124 587.979980
4930.943848 492.723633 77.039124 588.219971
4931.215820 492.723633 77.039124 588.270020
4931.903809 493.547394 77.039124 588.979980
4931.952148 493.752533 77.039124 589.210022
4932.191895 493.752533 77.039124 589.239990
4933.208008 494.365173 77.039124 589.979980
4933.208008 494.573395 77.039124 590.210022
4933.344238 494.573395 77.039124 590.250000
4934.160156 495.396301 77.039124 590.979980
4934.191895 495.596893 77.039124 591.219971
4934.264160 495.596893 77.039124 591.270020
4934.607910 496.212311 77.039124 591.979980
4934.671875 496.620483 77.039124 592.210022
4934.791992 496.620483 77.039124 592.239990
4935.399902 497.232178 77.039124 592.979980
4935.479980 497.440460 77.039124 593.210022
4935.551758 497.440460 77.039124 593.280029
4936.432129 498.260986 77.039124 593.989990
4936.560059 498.465759 77.039124 594.210022
4936.704102 498.465759 77.039124 594.270020
4937.591797 499.083862 77.039124 594.979980
4937.687988 499.292908 77.039124 595.219971
4937.839844 499.501282 77.039124 595.280029
4938.536133 500.116577 95.083916 595.979980
4938.943848 500.116577 95.083916 596.229980
4939.279785 500.116577 95.083916 596.250000
4939.959961 500.317413 95.083916 596.989990
4940.175781 500.519714 95.083916 597.210022
4940.647949 500.519714 95.083916 597.260010
4941.231934 501.139832 95.083916 597.989990
4941.392090 501.346741 95.083916 598.210022
4941.487793 501.548187 95.083916 598.250000
4942.735840 502.160461 95.083916 598.979980
4942.888184 502.368408 95.083916 599.210022
4943.111816 502.368408 95.083916 599.270020
4944.680176 502.986237 95.083916 599.979980
4944.808105 503.195251 95.083916 600.229980
4945.080078 503.399292 95.083916 600.280029
4946.200195 504.014191 95.083916 600.979980
4946.448242 504.222076 95.083916 601.210022
4946.655762 504.222076 95.083916 601.270020
4948.000000 505.049408 95.083916 601.989990
4948.184082 505.251770 95.083916 602.210022
4948.344238 505.251770 95.083916 602.270020
4950.224121 505.866180 95.083916 602.989990
4950.423828 506.067352 95.083916 603.210022
4950.591797 506.067352 95.083916 603.270020
4952.527832 506.893372 95.083916 603.979980
4952.576172 507.097687 95.083916 604.219971
4952.832031 507.097687 95.083916 604.280029
4955.087891 507.720825 95.083916 604.989990
4955.087891 507.923950 95.083916 605.239990
4955.432129 508.128235 95.083916 605.280029
4958.032227 508.533203 91.605652 605.979980
4958.096191 508.533203 91.605652 606.229980
4958.527832 508.533203 91.605652 606.260010
4962.224121 508.936859 91.605652 606.979980
4962.271973 509.145020 91.605652 607.210022
4962.591797 509.145020 91.605652 607.280029
4967.368164 509.767456 91.605652 608.000000
4967.448242 509.975952 91.605652 608.210022
4967.751953 510.180206 91.605652 608.280029
4970.255859 510.802612 91.605652 608.989990
4970.423828 511.006287 91.605652 609.210022
4970.784180 511.006287 91.605652 609.270020
4971.567871 511.617249 91.605652 610.020020
4971.808105 511.824219 91.605652 610.210022
4972.136230 511.824219 91.605652 610.280029
4972.487793 512.643555 91.605652 610.979980
4972.624023 512.853210 91.605652 611.210022
4973.175781 512.853210 91.605652 611.280029
4973.335938 513.471619 91.605652 612.000000
4973.536133 513.677856 91.605652 612.210022
4974.175781 513.879456 91.605652 612.260010
4974.439941 514.493225 91.605652 612.989990
4974.655762 514.702209 91.605652 613.229980
4974.912109 514.702209 91.605652 613.280029
4975.063965 515.319763 91.605652 613.979980
4975.160156 515.526733 91.605652 614.210022
4975.503906 515.728943 91.605652 614.280029
4975.664062 516.135559 107.829758 614.979980
4975.872070 516.135559 107.829758 615.229980
4976.231934 516.135559 107.829758 615.280029
4976.352051 516.539734 107.829758 615.989990
4976.551758 516.744690 107.829758 616.229980
4976.775879 516.744690 107.829758 616.280029
4976.928223 517.352539 107.829758 616.989990
4977.000000 517.556458 107.829758 617.210022
4977.215820 517.765076 107.829758 617.270020
4977.319824 518.383057 107.829758 618.000000
4977.399902 518.584167 107.829758 618.210022
4977.680176 518.584167 107.829758 618.280029
4977.751953 519.194214 107.829758 618.979980
4977.863770 519.599182 107.829758 619.210022
4978.271973 519.599182 107.829758 619.280029
4978.344238 520.212524 107.829758 619.989990
4978.408203 520.420288 107.829758 620.219971
4979.063965 520.420288 107.829758 620.270020
4979.096191 521.237976 107.829758 620.979980
4979.160156 521.441956 107.829758 621.210022
4979.640137 521.441956 107.829758 621.250000
4979.647949 522.258667 107.829758 621.989990
4979.728027 522.460266 107.829758 622.210022
4980.255859 522.460266 107.829758 622.250000
4980.271973 523.076904 107.829758 622.979980
4980.399902 523.277527 107.829758 623.219971
4980.872070 523.277527 107.829758 623.280029
4980.936035 523.889771 107.829758 623.989990
4981.032227 524.097229 107.829758 624.229980
4981.527832 524.298096 107.829758 624.270020
4981.551758 524.901489 107.829758 624.979980
4981.687988 524.901489 91.504669 625.229980
4982.136230 525.105530 91.504669 625.280029
4982.175781 525.105530 91.504669 625.979980
4982.879883 525.305847 91.504669 626.229980
4983.368164 525.305847 91.504669 626.280029
4983.416016 525.927063 91.504669 626.969971
4987.127930 526.131836 91.504669 627.210022
4987.456055 526.131836 91.504669 627.270020
4987.463867 526.950134 91.504669 627.979980
5001.895996 527.157349 91.504669 628.219971
5002.264160 527.157349 91.504669 628.270020
5002.815918 527.763733 91.504669 628.979980
5011.992188 527.964417 91.504669 629.210022
5012.335938 528.169189 91.504669 629.280029
5012.863770 528.782166 91.504669 629.979980
5015.551758 528.989319 91.504669 630.229980
5016.271973 528.989319 91.504669 630.260010
5016.720215 529.801636 91.504669 630.979980
5018.136230 530.010742 91.504669 631.210022
5019.848145 530.010742 91.504669 631.270020
5020.175781 530.615112 91.504669 632.000000
5021.304199 530.823486 91.504669 632.210022
5026.832031 530.823486 91.504669 632.270020
5027.160156 531.637634 91.504669 632.979980
5028.328125 531.841492 91.504669 633.239990
5032.943848 531.841492 91.504669 633.280029
5033.127930 532.452332 91.504669 633.979980
5034.127930 532.859558 91.504669 634.239990
5038.448242 532.859558 91.504669 634.280029
5038.735840 533.062805 86.838387 634.989990
5039.824219 533.062805 86.838387 635.210022
5043.167969 533.062805 86.838387 635.280029
5043.271973 533.473633 86.838387 635.989990
5044.127930 533.674316 86.838387 636.219971
5046.576172 533.883728 86.838387 636.280029
5046.735840 534.495850 86.838387 636.989990
5047.344238 534.699280 86.838387 637.210022
5047.600098 534.699280 86.838387 637.270020
5047.735840 535.323486 86.838387 637.989990
5048.167969 535.529785 86.838387 638.219971
5049.328125 535.529785 86.838387 638.239990
5049.432129 536.361450 86.838387 638.969971
5049.751953 536.563904 86.838387 639.210022
5051.416016 536.563904 86.838387 639.280029
5051.423828 537.180420 86.838387 639.979980
5051.695801 537.386658 86.838387 640.219971
5053.255859 537.386658 86.838387 640.280029
5053.288086 538.200317 86.838387 640.989990
5053.879883 538.405396 86.838387 641.210022
5055.383789 538.405396 86.838387 641.250000
5055.383789 539.019043 86.838387 641.979980
5056.735840 539.427734 86.838387 642.229980
5058.056152 539.427734 86.838387 642.280029
5058.063965 540.042175 86.838387 642.979980
5060.879883 540.247437 86.838387 643.210022
5062.040039 540.247437 86.838387 643.280029
5062.047852 540.869019 86.838387 643.989990
5064.551758 541.074768 73.844971 644.219971
5065.919922 541.074768 73.844971 644.250000
5065.919922 541.274902 73.844971 644.989990
5067.912109 541.274902 73.844971 645.210022
5068.952148 541.274902 73.844971 645.250000
5068.952148 542.112671 73.844971 645.989990
5071.392090 542.314941 73.844971 646.219971
5072.328125 542.314941 73.844971 646.280029
5072.416016 542.923645 73.844971 646.979980
5073.839844 543.333679 73.844971 647.219971
5075.335938 543.333679 73.844971 647.229980
5075.352051 543.952942 73.844971 647.989990
5080.432129 544.153198 73.844971 648.219971
5082.704102 544.153198 73.844971 648.250000
5082.775879 544.973877 73.844971 648.989990
5090.503906 545.175049 73.844971 649.229980
5093.096191 545.175049 73.844971 649.260010
5093.104004 545.797485 73.844971 649.979980
5107.456055 546.000427 73.844971 650.229980
5108.264160 546.207764 73.844971 650.280029
5108.264160 546.614136 73.844971 650.979980
5121.808105 547.025513 73.844971 651.229980
5122.399902 547.025513 73.844971 651.280029
5122.399902 547.643555 73.844971 651.979980
5129.799805 547.845764 73.844971 652.239990
5130.704102 547.845764 73.844971 652.280029
5130.704102 548.462646 73.844971 652.989990
5132.952148 548.668457 73.844971 653.219971
5133.815918 548.877502 73.844971 653.280029
5133.815918 549.492065 73.844971 653.979980
5133.928223 549.699158 73.844971 654.219971
5134.720215 549.699158 73.844971 654.280029
5134.903809 549.900208 61.935833 654.979980
5134.943848 549.900208 61.935833 655.210022
5135.647949 549.900208 61.935833 655.280029
5135.647949 550.515381 61.935833 655.979980
5135.680176 550.719116 61.935833 656.219971
5136.047852 550.719116 61.935833 656.270020
5136.047852 551.526367 61.935833 656.969971
5136.127930 551.730591 61.935833 657.239990
5136.560059 551.730591 61.935833 657.280029
5136.607910 552.347168 61.935833 657.979980
5136.704102 552.558716 61.935833 658.239990
5137.463867 552.558716 61.935833 658.289978
5137.487793 553.178162 61.935833 658.979980
5137.576172 553.382935 61.935833 659.229980
5138.104004 553.382935 61.935833 659.270020
5138.120117 554.204407 61.935833 659.989990
5138.191895 554.405457 61.935833 660.219971
5138.799805 554.405457 61.935833 660.280029
5138.799805 555.018616 61.935833 660.979980
5138.832031 555.221985 61.935833 661.210022
5139.264160 555.221985 61.935833 661.280029
5139.264160 556.037903 61.935833 661.979980
5139.271973 556.247131 61.935833 662.219971
5139.576172 556.247131 61.935833 662.280029
5139.576172 556.865356 61.935833 662.989990
5139.607910 557.069031 61.935833 663.210022
5140.111816 557.069031 61.935833 663.270020
5140.160156 557.672852 68.424713 663.989990
5140.167969 557.672852 68.424713 664.219971
5141.071777 557.672852 68.424713 664.250000
5141.304199 557.873230 68.424713 664.989990
5141.319824 558.078430 68.424713 665.229980
5141.824219 558.078430 68.424713 665.280029
5141.872070 558.695068 68.424713 665.979980
5141.879883 558.904236 68.424713 666.219971
5142.344238 559.105530 68.424713 666.280029
5142.359863 559.717285 68.424713 666.979980
5142.359863 559.922424 68.424713 667.210022
5142.711914 559.922424 68.424713 667.280029
5142.711914 560.736145 68.424713 667.989990
5142.720215 560.944580 68.424713 668.219971
5142.976074 560.944580 68.424713 668.239990
5142.983887 561.568481 68.424713 668.989990
5142.983887 561.770203 68.424713 669.219971
5143.487793 561.770203 68.424713 669.280029
5143.487793 562.389771 68.424713 669.989990
5143.496094 562.597900 68.424713 670.219971
5144.255859 562.803711 68.424713 670.280029
5144.271973 563.411621 68.424713 670.989990
5144.271973 563.614136 68.424713 671.210022
5144.647949 563.614136 68.424713 671.280029
5144.647949 564.431213 68.424713 672.000000
5144.647949 564.641052 68.424713 672.210022
5145.224121 564.641052 68.424713 672.270020
5145.567871 565.455383 68.424713 672.989990
5145.591797 565.657410 68.424713 673.219971
5146.271973 565.657410 68.424713 673.280029
5146.295898 566.272095 68.424713 673.979980
5146.304199 566.472229 72.894180 674.219971
5147.000000 566.472229 72.894180 674.280029
5147.000000 566.673340 72.894180 674.989990
5147.007812 566.673340 72.894180 675.210022
5147.375977 566.673340 72.894180 675.280029
5147.408203 567.489685 72.894180 675.989990
5147.423828 567.694275 72.894180 676.219971
5147.647949 567.694275 72.894180 676.260010
5147.680176 568.516052 72.894180 676.989990
5147.695801 568.716736 72.894180 677.219971
5147.832031 568.716736 72.894180 677.270020
5147.872070 569.326538 72.894180 677.989990
5147.903809 569.527161 72.894180 678.229980
5148.104004 569.733276 72.894180 678.280029
5148.144043 570.345703 72.894180 678.979980
5148.191895 570.550903 72.894180 679.210022
5148.607910 570.550903 72.894180 679.280029
5148.640137 571.161682 72.894180 679.979980
5148.647949 571.368958 72.894180 680.219971
5149.047852 571.368958 72.894180 680.270020
5149.191895 572.190552 72.894180 681.000000
5149.248047 572.392395 72.894180 681.210022
5149.560059 572.392395 72.894180 681.250000
5149.695801 573.016479 72.894180 681.979980
5149.768066 573.220825 72.894180 682.219971
5150.032227 573.220825 72.894180 682.250000
5150.472168 574.033813 72.894180 682.979980
5150.487793 574.241333 72.894180 683.219971
5150.952148 574.241333 72.894180 683.280029
5151.208008 574.443848 64.283134 683.979980
5151.224121 574.443848 64.283134 684.219971
5151.655762 574.443848 64.283134 684.280029
5151.815918 575.061462 64.283134 684.979980
5151.855957 575.270020 64.283134 685.200012
5152.071777 575.270020 64.283134 685.260010
5152.215820 575.877808 64.283134 685.979980
5152.279785 576.288818 64.283134 686.219971
5152.711914 576.288818 64.283134 686.280029
5152.824219 576.901428 64.283134 686.979980
5152.848145 577.103882 64.283134 687.229980
5153.016113 577.103882 64.283134 687.270020
5153.071777 577.923584 64.283134 687.989990
5153.087891 578.129333 64.283134 688.210022
5153.160156 578.129333 64.283134 688.260010
5153.200195 578.742798 64.283134 688.979980
5153.200195 578.948669 64.283134 689.219971
5153.208008 579.156006 64.283134 689.280029
5153.288086 579.779968 64.283134 689.979980
5153.288086 579.986389 64.283134 690.210022
5153.312012 579.986389 64.283134 690.270020
5153.448242 580.602173 64.283134 690.979980
5153.560059 581.010376 64.283134 691.219971
5153.560059 581.010376 64.283134 691.280029
5153.600098 581.615479 64.283134 691.979980
5153.655762 581.820740 64.283134 692.210022
5153.671875 581.820740 64.283134 692.260010
5153.671875 582.427490 64.283134 692.979980
5153.711914 582.636353 64.283134 693.200012
5153.839844 582.844788 64.283134 693.260010
5153.903809 583.254272 83.053734 693.979980
5154.032227 583.455566 83.053734 694.219971
5154.144043 583.455566 83.053734 694.280029
5154.191895 583.658264 83.053734 694.979980
5154.312012 583.859070 83.053734 695.210022
5154.432129 583.859070 83.053734 695.270020
5154.543945 584.470337 83.053734 695.979980
5154.704102 584.683289 83.053734 696.210022
5154.735840 584.884399 83.053734 696.250000
5154.936035 585.499329 83.053734 696.979980
5155.151855 585.702332 83.053734 697.210022
5155.175781 585.702332 83.053734 697.250000
5155.328125 586.525146 83.053734 697.979980
5155.543945 586.734314 83.053734 698.210022
5155.567871 586.734314 83.053734 698.250000
5155.799805 587.346619 83.053734 698.989990
5156.151855 587.554810 83.053734 699.210022
5156.167969 587.757935 83.053734 699.260010
5156.328125 588.369080 83.053734 699.979980
5156.624023 588.569702 83.053734 700.210022
5156.640137 588.569702 83.053734 700.280029
5156.711914 589.382996 83.053734 700.979980
5157.312012 589.587524 83.053734 701.200012
5157.383789 589.587524 83.053734 701.260010
5157.472168 590.200745 83.053734 701.979980
5157.928223 590.405396 83.053734 702.210022
5158.040039 590.605469 83.053734 702.250000
5158.167969 591.215393 83.053734 702.979980
5158.952148 591.419800 83.053734 703.210022
5159.439941 591.419800 83.053734 703.239990
5159.671875 592.022095 110.890205 703.979980
5161.096191 592.022095 110.890205 704.210022
5161.304199 592.223267 110.890205 704.270020
5161.768066 592.223267 110.890205 704.979980
5168.616211 592.424988 110.890205 705.219971
5169.423828 592.424988 110.890205 705.280029
5169.832031 593.240784 110.890205 705.979980
5182.744141 593.451721 110.890205 706.210022
5182.895996 593.451721 110.890205 706.260010
5182.952148 594.065979 110.890205 706.979980
5191.000000 594.474609 110.890205 707.229980
5191.056152 594.474609 110.890205 707.270020
5191.071777 595.090942 110.890205 707.979980
5196.680176 595.293579 110.890205 708.210022
5196.695801 595.293579 110.890205 708.260010
5196.704102 596.115295 110.890205 708.979980
5201.352051 596.318359 110.890205 709.229980
5201.383789 596.318359 110.890205 709.250000
5201.423828 596.932434 110.890205 710.030029
5204.687988 597.135315 110.890205 710.210022
5204.735840 597.343628 110.890205 710.280029
5204.768066 597.955566 110.890205 710.969971
5207.671875 598.160339 110.890205 711.229980
5207.824219 598.160339 110.890205 711.280029
5207.832031 598.985901 110.890205 711.979980
5210.527832 599.194763 110.890205 712.229980
5210.551758 599.194763 110.890205 712.270020
5210.551758 599.601685 92.580055 712.979980
5213.359863 599.601685 92.580055 713.219971
5213.848145 599.601685 92.580055 713.280029
5213.895996 600.003967 92.580055 713.979980
5216.224121 600.210083 92.580055 714.229980
5216.240234 600.210083 92.580055 714.270020
5216.271973 601.024109 92.580055 714.979980
5219.255859 601.231079 92.580055 715.229980
5219.264160 601.231079 92.580055 715.270020
5219.288086 602.047607 92.580055 715.989990
5222.063965 602.255798 92.580055 716.210022
5222.087891 602.255798 92.580055 716.270020
5222.087891 602.871948 92.580055 716.979980
5224.288086 603.072266 92.580055 717.219971
5224.288086 603.072266 92.580055 717.250000
5224.335938 603.893066 92.580055 717.979980
5226.144043 604.097107 92.580055 718.229980
5226.167969 604.097107 92.580055 718.250000
5226.240234 604.712585 92.580055 718.979980
5228.040039 604.919739 92.580055 719.210022
5228.056152 604.919739 92.580055 719.250000
5228.063965 605.725281 92.580055 719.979980
5230.104004 605.925476 92.580055 720.210022
5230.136230 605.925476 92.580055 720.270020
5230.136230 606.534973 92.580055 720.979980
5231.591797 606.736755 92.580055 721.210022
5231.616211 606.736755 92.580055 721.280029
5231.616211 607.369385 92.580055 721.979980
5233.512207 607.569885 102.457268 722.219971
5233.543945 607.569885 102.457268 722.280029
5233.543945 607.569885 102.457268 722.979980
5234.879883 607.770203 102.457268 723.229980
5235.279785 607.770203 102.457268 723.250000
5235.288086 608.385742 102.457268 723.979980
5236.567871 608.797974 102.457268 724.239990
5236.583984 608.797974 102.457268 724.280029
5236.583984 609.411438 102.457268 724.979980
5238.016113 609.611755 102.457268 725.219971
5238.047852 609.814453 102.457268 725.280029
5238.047852 610.431824 102.457268 725.979980
5239.392090 610.636536 102.457268 726.210022
5239.408203 610.636536 102.457268 726.260010
5239.416016 611.455139 102.457268 726.979980
5240.624023 611.662415 102.457268 727.219971
5240.640137 611.662415 102.457268 727.250000
5240.640137 612.280273 102.457268 727.979980
5242.080078 612.488586 102.457268 728.229980
5242.104004 612.488586 102.457268 728.270020
5242.111816 613.304077 102.457268 728.979980
5243.624023 613.509521 102.457268 729.229980
5243.631836 613.509521 102.457268 729.270020
5243.711914 614.120544 102.457268 729.979980
5244.943848 614.321533 102.457268 730.239990
5244.959961 614.529846 102.457268 730.280029
5246.448242 614.942932 115.571159 730.979980
5247.895996 614.942932 115.571159 731.210022
5247.903809 615.143066 115.571159 731.270020
5252.815918 615.344177 115.571159 731.989990
5254.288086 615.550110 115.571159 732.229980
5254.319824 615.550110 115.571159 732.280029
5258.231934 616.173401 115.571159 732.979980
5260.224121 616.389648 115.571159 733.229980
5260.264160 616.389648 115.571159 733.260010
5262.576172 617.203491 115.571159 733.979980
5266.832031 617.410767 115.571159 734.200012
5266.855957 617.410767 115.571159 734.270020
5268.208008 618.027405 115.571159 734.989990
5277.943848 618.233215 115.571159 735.219971
5277.959961 618.233215 115.571159 735.280029
5279.463867 619.051758 115.571159 735.979980
5286.503906 619.259583 115.571159 736.229980
5286.536133 619.259583 115.571159 736.270020
5287.936035 619.874268 115.571159 736.979980
5294.136230 620.276062 115.571159 737.239990
5294.144043 620.276062 115.571159 737.280029
5296.087891 620.898499 115.571159 737.989990
5301.215820 621.103333 115.571159 738.229980
5301.240234 621.103333 115.571159 738.250000
5302.600098 621.723572 115.571159 738.979980
5306.768066 622.127075 115.571159 739.219971
5306.799805 622.127075 115.571159 739.280029
5307.952148 622.738403 115.571159 739.979980
5311.167969 622.942505 115.571159 740.229980
5311.344238 622.942505 115.571159 740.260010
5312.231934 623.555664 120.385880 740.979980
5314.735840 623.555664 120.385880 741.210022
5314.952148 623.555664 120.385880 741.250000
5315.919922 623.757141 120.385880 741.969971
5317.456055 623.959778 120.385880 742.210022
5317.671875 623.959778 120.385880 742.260010
5318.264160 624.774231 120.385880 743.010010
5320.520020 624.980103 120.385880 743.219971
5320.647949 624.980103 120.385880 743.270020
5321.255859 625.588745 120.385880 744.010010
5323.591797 625.792969 120.385880 744.229980
5323.967773 625.996948 120.385880 744.280029
5324.359863 626.615601 120.385880 745.010010
5326.040039 626.819824 120.385880 745.239990
5326.368164 626.819824 120.385880 745.280029
5326.839844 627.639343 120.385880 746.000000
5328.359863 627.840515 120.385880 746.229980
5329.808105 627.840515 120.385880 746.260010
5330.295898 628.449768 120.385880 747.000000
5331.032227 628.651428 120.385880 747.229980
5331.560059 628.651428 120.385880 747.250000
5332.151855 629.265930 120.385880 748.010010
5332.775879 629.472412 120.385880 748.210022
5333.352051 629.674805 120.385880 748.260010
5333.695801 630.285095 120.385880 749.010010
5334.120117 630.488770 120.385880 749.210022
5334.912109 630.488770 120.385880 749.260010
5335.264160 630.689514 105.367157 750.010010
5335.520020 630.890808 105.367157 750.219971
5336.264160 630.890808 105.367157 750.270020
5337.063965 631.298035 105.367157 751.010010
5337.383789 631.505920 105.367157 751.210022
5338.071777 631.505920 105.367157 751.239990
5339.775879 632.329346 105.367157 752.010010
5340.111816 632.532104 105.367157 752.210022
5341.512207 632.532104 105.367157 752.239990
5348.080078 633.351868 105.367157 753.010010
5348.304199 633.351868 105.367157 753.210022
5351.167969 633.568787 105.367157 753.270020
5359.288086 634.183044 105.367157 754.010010
5359.512207 634.391296 105.367157 754.219971
5361.479980 634.391296 105.367157 754.280029
5364.520020 634.998901 105.367157 755.010010
5364.616211 635.210938 105.367157 755.210022
5367.096191 635.415649 105.367157 755.280029
5368.000000 636.029358 105.367157 756.010010
5368.408203 636.235535 105.367157 756.210022
5369.976074 636.235535 105.367157 756.250000
5370.448242 637.052734 105.367157 757.010010
5370.591797 637.253296 105.367157 757.210022
5371.240234 637.253296 105.367157 757.280029
5371.551758 637.874756 105.367157 758.010010
5371.735840 638.083618 105.367157 758.239990
5372.928223 638.285706 105.367157 758.280029
5373.071777 638.489258 88.119759 759.000000
5373.136230 638.489258 88.119759 759.210022
5374.056152 638.489258 88.119759 759.280029
5374.160156 639.097046 88.119759 760.010010
5374.200195 639.299194 88.119759 760.210022
5375.664062 639.299194 88.119759 760.250000
5375.888184 639.912964 88.119759 761.010010
5375.888184 640.116272 88.119759 761.229980
5380.215820 640.324890 88.119759 761.270020
5380.487793 640.940857 88.119759 762.010010
5380.487793 641.145386 88.119759 762.210022
5392.456055 641.145386 88.119759 762.280029
5392.600098 641.763550 88.119759 763.010010
5392.600098 641.964294 88.119759 763.210022
5405.520020 642.164978 88.119759 763.280029
5405.551758 642.785522 88.119759 764.010010
5405.551758 642.994568 88.119759 764.200012
5411.472168 642.994568 88.119759 764.270020
5411.512207 643.602844 88.119759 765.010010
5411.512207 643.814697 88.119759 765.229980
5415.704102 644.018494 88.119759 765.280029
5415.744141 644.220459 78.438393 766.010010
5415.759766 644.220459 78.438393 766.210022
5419.808105 644.220459 78.438393 766.280029
5419.919922 644.829468 78.438393 767.010010
5419.919922 645.031067 78.438393 767.210022
5422.799805 645.031067 78.438393 767.260010
5422.832031 645.864624 78.438393 768.010010
5422.888184 646.070251 78.438393 768.210022
5425.487793 646.070251 78.438393 768.270020
5425.520020 646.682495 78.438393 769.010010
5425.527832 646.889282 78.438393 769.219971
5427.879883 646.889282 78.438393 769.260010
5427.919922 647.709534 78.438393 770.010010
5427.919922 647.709534 78.438393 770.210022
5430.423828 647.915100 78.438393 770.280029
5430.439941 648.528564 78.438393 771.010010
5430.487793 648.736389 78.438393 771.219971
5433.288086 648.736389 78.438393 771.280029
5433.304199 649.564941 78.438393 772.010010
5433.383789 649.767883 78.438393 772.219971
5435.735840 649.767883 78.438393 772.270020
5435.751953 650.383484 78.438393 773.010010
5435.808105 650.592163 78.438393 773.219971
5439.224121 650.795288 78.438393 773.280029
5439.240234 651.418701 78.438393 774.010010
5439.288086 651.625732 78.438393 774.210022
5442.279785 651.625732 78.438393 774.270020
5442.304199 652.238281 78.438393 775.010010
5442.304199 652.451477 78.438393 775.210022
5446.439941 652.451477 78.438393 775.250000
5446.463867 652.857361 73.076057 776.010010
5446.463867 652.857361 73.076057 776.210022
5452.472168 652.857361 73.076057 776.250000
5452.503906 653.463806 73.076057 777.010010
5452.503906 653.663818 73.076057 777.229980
5462.791992 653.663818 73.076057 777.250000
5462.872070 654.478699 73.076057 778.010010
5462.872070 654.685730 73.076057 778.210022
5471.839844 654.685730 73.076057 778.270020
5472.016113 655.306091 73.076057 779.010010
5472.016113 655.513977 73.076057 779.219971
5476.056152 655.513977 73.076057 779.280029
5476.319824 656.122253 73.076057 780.010010
5476.319824 656.332642 73.076057 780.210022
5479.000000 656.539001 73.076057 780.280029
5479.335938 657.150818 73.076057 781.010010
5479.335938 657.354492 73.076057 781.210022
5481.080078 657.354492 73.076057 781.280029
5481.160156 657.965637 73.076057 782.010010
5481.167969 658.173340 73.076057 782.210022
5482.127930 658.375671 73.076057 782.280029
5482.200195 658.988220 73.076057 783.010010
5482.200195 659.197144 73.076057 783.229980
5483.432129 659.197144 73.076057 783.280029
5483.543945 660.009888 73.076057 784.000000
5483.543945 660.215576 73.076057 784.219971
5484.967773 660.215576 73.076057 784.280029
5484.967773 660.819214 73.076057 785.010010
5484.976074 661.024780 73.076057 785.210022
5486.319824 661.228821 73.076057 785.280029
5486.344238 661.429138 51.282505 786.010010
5486.344238 661.429138 51.282505 786.210022
5488.295898 661.629272 51.282505 786.280029
5488.312012 662.031555 51.282505 787.010010
5488.312012 662.234314 51.282505 787.229980
5489.704102 662.234314 51.282505 787.280029
5489.720215 663.051331 51.282505 788.010010
5489.728027 663.258728 51.282505 788.210022
5490.784180 663.258728 51.282505 788.280029
5490.815918 663.873230 51.282505 789.000000
5490.832031 664.075439 51.282505 789.210022
5492.120117 664.278870 51.282505 789.280029
5492.167969 664.887756 51.282505 790.010010
5492.184082 665.095093 51.282505 790.219971
5493.359863 665.095093 51.282505 790.280029
5493.423828 665.917297 51.282505 791.010010
5493.472168 666.118042 51.282505 791.219971
5494.775879 666.118042 51.282505 791.280029
5494.832031 666.727966 51.282505 792.010010
5494.848145 666.931335 51.282505 792.219971
5495.848145 667.138062 51.282505 792.270020
5495.903809 667.751221 51.282505 793.010010
5495.903809 667.952026 51.282505 793.210022
5497.016113 667.952026 51.282505 793.280029
5497.056152 668.767517 51.282505 794.010010
5497.063965 668.767517 51.282505 794.210022
5498.087891 668.767517 51.282505 794.270020
5498.144043 668.968384 48.950703 795.010010
5498.144043 668.968384 48.950703 795.210022
5499.264160 669.169678 48.950703 795.280029
5499.319824 669.785889 48.950703 796.010010
5499.328125 669.987488 48.950703 796.219971
5500.127930 669.987488 48.950703 796.270020
5500.175781 670.604065 48.950703 797.010010
5500.215820 670.811462 48.950703 797.210022
5500.832031 671.020569 48.950703 797.280029
5500.928223 671.635681 48.950703 798.010010
5500.959961 671.840393 48.950703 798.229980
5501.711914 671.840393 48.950703 798.280029
5501.751953 672.662109 48.950703 799.010010
5501.768066 672.866028 48.950703 799.219971
5502.704102 672.866028 48.950703 799.270020
5502.711914 673.696777 48.950703 800.010010
5502.711914 673.901306 48.950703 800.229980
5504.520020 673.901306 48.950703 800.280029
5504.520020 674.522644 48.950703 801.010010
5504.520020 674.731628 48.950703 801.219971
5507.288086 674.731628 48.950703 801.280029
5507.295898 675.550232 48.950703 802.010010
5507.304199 675.754944 48.950703 802.210022
5517.352051 675.754944 48.950703 802.280029
5517.408203 676.370911 48.950703 803.010010
5517.416016 676.579163 48.950703 803.210022
5527.127930 676.779358 48.950703 803.270020
5527.191895 677.395020 53.370613 804.010010
5527.191895 677.395020 53.370613 804.219971
5532.888184 677.395020 53.370613 804.280029
5532.967773 677.595703 53.370613 805.010010
5532.967773 677.798035 53.370613 805.210022
5535.744141 677.798035 53.370613 805.280029
5535.744141 678.620605 53.370613 806.020020
5535.751953 678.620605 53.370613 806.200012
5537.983887 678.836975 53.370613 806.280029
5538.016113 679.444824 53.370613 807.010010
5538.023926 679.649231 53.370613 807.210022
5539.768066 679.649231 53.370613 807.280029
5539.839844 680.463074 53.370613 808.010010
5539.848145 680.670959 53.370613 808.229980
5541.472168 680.670959 53.370613 808.280029
5541.560059 681.287781 53.370613 809.010010
5541.567871 681.495667 53.370613 809.229980
5542.647949 681.495667 53.370613 809.280029
5542.664062 682.320251 53.370613 810.010010
5542.664062 682.522644 53.370613 810.210022
5544.248047 682.522644 53.370613 810.280029
5544.279785 683.137939 53.370613 811.010010
5544.279785 683.339172 53.370613 811.210022
5545.903809 683.545715 53.370613 811.280029
5545.967773 684.162659 53.370613 812.010010
5545.967773 684.365540 53.370613 812.229980
5547.784180 684.365540 53.370613 812.280029
5547.808105 684.985657 53.370613 813.010010
5547.815918 685.187805 62.225857 813.210022
5550.527832 685.187805 62.225857 813.280029
5550.567871 685.388428 62.225857 814.010010
5550.567871 685.388428 62.225857 814.210022
5552.863770 685.590271 62.225857 814.270020
5552.863770 686.200745 62.225857 815.010010
5552.863770 686.402832 62.225857 815.210022
5562.208008 686.402832 62.225857 815.280029
5562.224121 687.227539 62.225857 816.010010
5562.231934 687.227539 62.225857 816.210022
5583.479980 687.430725 62.225857 816.280029
5583.479980 688.040527 62.225857 817.000000
5583.479980 688.244873 62.225857 817.210022
5594.071777 688.244873 62.225857 817.280029
5594.096191 688.857483 62.225857 818.010010
5594.096191 689.062073 62.225857 818.219971
5600.392090 689.062073 62.225857 818.280029
5600.408203 689.886414 62.225857 819.010010
5600.416016 690.092224 62.225857 819.219971
5601.543945 690.092224 62.225857 819.280029
5601.560059 690.712402 62.225857 820.000000
5601.560059 690.918274 62.225857 820.229980
5602.144043 691.125244 62.225857 820.280029
5602.151855 691.736694 62.225857 821.010010
5602.160156 691.941345 62.225857 821.219971
5602.512207 691.941345 62.225857 821.280029
5602.512207 692.553528 62.225857 822.010010
5602.520020 692.761292 62.225857 822.219971
5602.872070 692.968079 62.225857 822.280029
5602.895996 693.585205 62.225857 823.010010
5602.903809 693.786316 62.225857 823.210022
5603.631836 693.786316 62.225857 823.280029
5603.655762 693.986572 58.475670 824.010010
5603.655762 693.986572 58.475670 824.200012
5603.928223 693.986572 58.475670 824.280029
5603.928223 694.589233 58.475670 825.010010
5603.928223 694.796753 58.475670 825.229980
5604.432129 694.796753 58.475670 825.280029
5604.432129 695.407593 58.475670 826.010010
5604.432129 695.610107 58.475670 826.219971
5605.271973 695.610107 58.475670 826.280029
5605.271973 696.442505 58.475670 827.010010
5605.271973 696.650330 58.475670 827.229980
5607.487793 696.650330 58.475670 827.280029
5607.496094 697.257935 58.475670 828.010010
5607.520020 697.465149 58.475670 828.210022
5619.248047 697.465149 58.475670 828.280029
5619.264160 698.283752 58.475670 829.010010
5619.264160 698.486755 58.475670 829.229980
5626.319824 698.486755 58.475670 829.280029
5626.344238 699.089539 58.475670 830.010010
5626.344238 699.293884 58.475670 830.210022
5627.888184 699.293884 58.475670 830.280029
5627.903809 700.111023 58.475670 831.000000
5627.919922 700.315063 58.475670 831.210022
5628.071777 700.315063 58.475670 831.280029
5628.071777 700.929749 58.475670 832.010010
5628.231934 701.136353 58.475670 832.210022
5628.352051 701.338501 58.475670 832.280029
5628.352051 701.747864 80.300018 833.010010
5629.047852 701.747864 80.300018 833.210022
5629.799805 701.747864 80.300018 833.280029
5629.855957 702.152588 80.300018 834.010010
5630.768066 702.356079 80.300018 834.210022
5630.959961 702.356079 80.300018 834.280029
5631.439941 702.978271 80.300018 835.010010
5633.503906 703.181824 80.300018 835.210022
5633.759766 703.390869 80.300018 835.270020
5634.104004 703.999084 80.300018 836.010010
5636.016113 704.205383 80.300018 836.210022
5636.248047 704.205383 80.300018 836.280029
5636.304199 704.822937 80.300018 837.010010
5638.383789 705.027588 80.300018 837.210022
5638.583984 705.229919 80.300018 837.280029
5638.695801 705.837036 80.300018 838.010010
5640.520020 706.040833 80.300018 838.229980
5640.832031 706.040833 80.300018 838.270020
5640.848145 706.647766 80.300018 839.000000
5642.895996 706.849060 80.300018 839.219971
5643.215820 707.053650 80.300018 839.280029
5643.224121 707.671753 80.300018 840.010010
5645.399902 707.879883 80.300018 840.219971
5645.815918 707.879883 80.300018 840.280029
5645.824219 708.688416 80.300018 841.010010
5647.255859 708.890930 80.300018 841.210022
5648.687988 708.890930 80.300018 841.280029
5648.687988 709.494751 80.300018 842.010010
5650.328125 709.494751 75.518326 842.200012
5656.319824 709.696167 75.518326 842.280029
5656.319824 709.696167 75.518326 842.979980
5657.560059 709.900513 75.518326 843.210022
5667.543945 709.900513 75.518326 843.280029
5667.543945 710.510742 75.518326 843.979980
5669.312012 710.923523 75.518326 844.229980
5678.304199 710.923523 75.518326 844.280029
5678.368164 711.531250 75.518326 844.979980
5680.080078 711.734924 75.518326 845.239990
5687.231934 711.734924 75.518326 845.280029
5687.255859 712.339478 75.518326 845.979980
5688.583984 712.546814 75.518326 846.219971
5689.664062 712.748169 75.518326 846.280029
5689.664062 713.357971 75.518326 846.979980
5690.992188 713.559265 75.518326 847.210022
5691.304199 713.559265 75.518326 847.280029
5691.312012 714.178345 75.518326 847.979980
5692.832031 714.379150 75.518326 848.219971
5693.136230 714.584717 75.518326 848.280029
5693.184082 715.208435 75.518326 848.979980
5695.120117 715.410461 75.518326 849.210022
5695.536133 715.410461 75.518326 849.280029
5695.536133 716.030457 75.518326 849.979980
5696.744141 716.233215 75.518326 850.219971
5697.479980 716.233215 75.518326 850.280029
5697.479980 716.856445 75.518326 850.969971
5698.591797 717.058350 79.293831 851.229980
5699.616211 717.058350 79.293831 851.280029
5699.616211 717.259705 79.293831 851.979980
5700.655762 717.259705 79.293831 852.219971
5701.408203 717.259705 79.293831 852.280029
5701.408203 718.074280 79.293831 852.979980
5702.784180 718.283142 79.293831 853.210022
5703.808105 718.283142 79.293831 853.280029
5703.863770 718.902161 79.293831 853.979980
5705.344238 719.110413 79.293831 854.210022
5706.167969 719.319397 79.293831 854.280029
5706.167969 719.932312 79.293831 854.979980
5707.952148 720.137451 79.293831 855.229980
5709.016113 720.137451 79.293831 855.260010
5709.032227 720.747559 79.293831 855.960022
5710.976074 720.747559 79.293831 856.229980
5716.479980 720.747559 79.293831 856.270020
5716.496094 720.950684 79.293831 856.969971
5717.768066 721.153137 79.293831 857.229980
5721.160156 721.153137 79.293831 857.260010
5721.167969 721.781494 79.293831 857.969971
5722.383789 722.190674 79.293831 858.229980
5725.136230 722.190674 79.293831 858.270020
5725.136230 722.812378 79.293831 858.960022
5726.151855 723.019775 79.293831 859.219971
5729.335938 723.019775 79.293831 859.260010
5729.344238 723.632019 79.293831 859.960022
5730.368164 723.841614 79.293831 860.229980
5731.952148 724.048340 79.293831 860.289978
5732.144043 724.656799 79.293831 860.969971
5733.071777 724.860168 79.293831 861.229980
5734.671875 724.860168 79.293831 861.260010
5734.943848 725.676880 79.293831 861.979980
5735.992188 725.886169 79.293831 862.219971
5737.023926 725.886169 79.293831 862.250000
5737.527832 726.712585 79.293831 862.979980
5738.264160 726.921753 79.293831 863.219971
5739.184082 726.921753 79.293831 863.260010
5739.560059 727.533325 79.293831 863.960022
5740.312012 727.941162 79.293831 864.210022
5741.184082 727.941162 79.293831 864.270020
5741.487793 728.559082 79.293831 864.960022
5742.392090 728.759705 79.293831 865.229980
5742.855957 728.960754 79.293831 865.270020
5742.855957 729.576904 79.293831 865.979980
5743.448242 729.785889 79.293831 866.219971
5743.879883 729.785889 79.293831 866.260010
5743.879883 730.402344 79.293831 866.960022
5744.255859 730.816223 79.293831 867.229980
5744.671875 730.816223 79.293831 867.270020
5744.704102 731.437439 79.293831 867.960022
5744.808105 731.646484 79.293831 868.229980
5745.080078 731.646484 79.293831 868.299988
5745.087891 732.249634 79.293831 868.979980
5745.240234 732.457825 79.293831 869.229980
5745.503906 732.661011 79.293831 869.270020
5745.527832 733.277649 79.293831 869.960022
5745.695801 733.483521 79.293831 870.229980
5745.992188 733.483521 79.293831 870.260010
5746.007812 734.299316 79.293831 870.969971
5746.224121 734.506470 79.293831 871.229980
5746.423828 734.506470 79.293831 871.260010
5746.463867 735.115356 79.293831 871.979980
5746.576172 735.323547 79.293831 872.219971
5746.799805 735.530640 79.293831 872.280029
5747.591797 736.142578 79.293831 872.969971
5747.735840 736.346252 79.293831 873.229980
5747.832031 736.346252 79.293831 873.289978
5748.191895 736.969299 79.293831 873.960022
5748.352051 737.370911 79.293831 874.229980
5748.543945 737.370911 79.293831 874.270020
5748.704102 737.990967 79.293831 874.960022
5748.952148 738.192810 79.293831 875.229980
5749.104004 738.398254 79.293831 875.270020
5749.399902 739.016602 79.293831 875.960022
5749.456055 739.216736 79.293831 876.229980
5749.848145 739.216736 79.293831 876.260010
5750.151855 739.622620 70.844933 876.979980
5752.728027 739.622620 70.844933 877.229980
5753.695801 739.622620 70.844933 877.260010
5755.104004 740.024353 70.844933 877.960022
5758.640137 740.230713 70.844933 878.229980
5758.824219 740.431763 70.844933 878.289978
5760.271973 741.046692 70.844933 878.989990
5763.591797 741.247253 70.844933 879.229980
5763.711914 741.247253 70.844933 879.270020
5764.576172 741.861267 70.844933 879.989990
5768.264160 742.065125 70.844933 880.229980
5768.399902 742.274475 70.844933 880.260010
5769.184082 742.882812 70.844933 880.960022
5773.087891 743.083618 70.844933 881.229980
5773.191895 743.083618 70.844933 881.280029
5773.456055 743.698425 70.844933 881.960022
5776.591797 743.906555 70.844933 882.229980
5776.607910 744.112976 70.844933 882.270020
5776.624023 744.720825 70.844933 882.960022
5779.479980 744.922363 70.844933 883.229980
5779.551758 744.922363 70.844933 883.299988
5779.560059 745.737244 70.844933 883.979980
5783.264160 745.945923 70.844933 884.229980
5783.551758 745.945923 70.844933 884.280029
5783.583984 746.567627 70.844933 884.960022
5787.992188 746.771179 70.844933 885.229980
5788.368164 746.771179 70.844933 885.270020
5788.368164 747.383606 70.844933 885.969971
5797.000000 747.790710 70.844933 886.239990
5797.087891 747.790710 70.844933 886.299988
5797.096191 748.406677 70.844933 886.989990
5816.416016 748.614868 70.844933 887.219971
5816.671875 748.614868 70.844933 887.260010
5816.687988 749.225708 97.809250 887.979980
5834.127930 749.225708 97.809250 888.250000
5835.255859 749.225708 97.809250 888.309998
5835.264160 749.429565 97.809250 888.979980
5845.456055 749.844421 97.809250 889.239990
5845.751953 749.844421 97.809250 889.299988
5845.751953 750.452393 97.809250 889.979980
5852.768066 750.653442 97.809250 890.229980
5853.032227 750.854919 97.809250 890.289978
5853.032227 751.469177 97.809250 890.969971
5856.208008 751.677246 97.809250 891.229980
5856.463867 751.677246 97.809250 891.289978
5856.463867 752.289124 97.809250 891.989990
5859.248047 752.493103 97.809250 892.239990
5859.567871 752.493103 97.809250 892.280029
5859.576172 753.104248 97.809250 892.989990
5861.952148 753.311035 97.809250 893.239990
5862.231934 753.311035 97.809250 893.309998
5862.231934 754.127869 97.809250 893.979980
5864.815918 754.334534 97.809250 894.239990
5864.936035 754.334534 97.809250 894.299988
5864.967773 754.946960 97.809250 894.989990
5866.576172 755.357971 97.809250 895.229980
5866.671875 755.357971 97.809250 895.280029
5866.671875 755.968994 97.809250 895.969971
5868.487793 756.177734 97.809250 896.229980
5868.735840 756.177734 97.809250 896.289978
5868.735840 756.789612 97.809250 896.979980
5870.080078 757.198364 97.809250 897.229980
5870.312012 757.198364 97.809250 897.289978
5870.352051 757.806885 97.809250 897.979980
5871.551758 758.009949 109.417091 898.219971
5872.312012 758.210999 109.417091 898.340027
5872.328125 758.210999 109.417091 898.960022
5873.664062 758.413269 109.417091 899.229980
5874.607910 758.413269 109.417091 899.289978
5874.624023 758.823547 109.417091 899.979980
5875.631836 759.238403 109.417091 900.229980
5875.808105 759.238403 109.417091 900.280029
5875.895996 759.845093 109.417091 900.979980
5877.368164 760.049866 109.417091 901.229980
5877.551758 760.249939 109.417091 901.289978
5877.711914 760.857361 109.417091 901.960022
5878.720215 761.059448 109.417091 902.239990
5878.791992 761.059448 109.417091 902.299988
5878.832031 761.677673 109.417091 902.960022
5880.111816 762.086853 109.417091 903.250000
5880.200195 762.086853 109.417091 903.289978
5880.264160 762.710571 109.417091 903.979980
5881.248047 762.911316 109.417091 904.229980
5881.288086 762.911316 109.417091 904.289978
5881.432129 763.521240 109.417091 904.979980
5882.983887 763.728638 109.417091 905.219971
5883.040039 763.928894 109.417091 905.270020
5883.368164 764.543884 109.417091 905.979980
5884.664062 764.745361 109.417091 906.250000
5884.848145 764.745361 109.417091 906.299988
5885.016113 765.362488 109.417091 906.989990
5886.248047 765.567688 109.417091 907.229980
5886.479980 765.567688 109.417091 907.289978
5886.600098 766.187988 109.417091 907.969971
5887.720215 766.388855 86.131447 908.239990
5888.600098 766.388855 86.131447 908.309998
5888.872070 766.589905 86.131447 908.989990
5889.791992 766.589905 86.131447 909.250000
5890.583984 766.589905 86.131447 909.299988
5890.824219 767.401306 86.131447 909.979980
5891.527832 767.610779 86.131447 910.229980
5892.096191 767.610779 86.131447 910.280029
5892.416016 768.223206 86.131447 910.979980
5893.295898 768.429871 86.131447 911.229980
5893.952148 768.630188 86.131447 911.280029
5894.711914 769.246033 86.131447 911.969971
5895.416016 769.449707 86.131447 912.219971
5895.775879 769.449707 86.131447 912.280029
5895.967773 770.059448 86.131447 912.979980
5896.967773 770.474792 86.131447 913.229980
5897.231934 770.474792 86.131447 913.309998
5897.479980 771.091370 86.131447 913.989990
5898.383789 771.291504 86.131447 914.239990
5898.815918 771.291504 86.131447 914.289978
5899.096191 772.111206 86.131447 914.979980
5899.775879 772.313110 86.131447 915.250000
5900.023926 772.313110 86.131447 915.299988
5900.271973 772.931519 86.131447 915.960022
5900.784180 773.140381 86.131447 916.229980
5901.071777 773.140381 86.131447 916.280029
5901.576172 773.551636 73.175232 916.989990
5902.047852 773.551636 73.175232 917.219971
5902.680176 773.551636 73.175232 917.299988
5903.224121 773.959717 73.175232 917.989990
5903.520020 774.160034 73.175232 918.229980
5903.664062 774.366760 73.175232 918.309998
5904.487793 774.991150 73.175232 918.979980
5904.895996 775.193726 73.175232 919.229980
5905.023926 775.193726 73.175232 919.289978
5906.671875 775.812317 73.175232 919.960022
5906.959961 776.015259 73.175232 920.229980
5907.023926 776.223083 73.175232 920.289978
5911.224121 776.841492 73.175232 920.979980
5911.472168 777.050781 73.175232 921.250000
5911.536133 777.050781 73.175232 921.299988
5914.967773 777.672180 73.175232 921.979980
5915.184082 778.077637 73.175232 922.229980
5915.255859 778.077637 73.175232 922.299988
5918.463867 778.689392 73.175232 922.979980
5918.687988 778.892700 73.175232 923.229980
5918.735840 778.892700 73.175232 923.309998
5920.328125 779.512756 73.175232 924.000000
5920.607910 779.715149 73.175232 924.239990
5920.791992 779.923218 73.175232 924.299988
5921.503906 780.338074 73.175232 924.969971
5921.992188 780.755493 73.175232 925.229980
5922.127930 780.755493 73.175232 925.299988
5922.704102 781.370850 95.255669 926.000000
5922.895996 781.370850 95.255669 926.229980
5923.704102 781.370850 95.255669 926.299988
5923.888184 781.572815 95.255669 926.969971
5924.151855 781.777649 95.255669 927.229980
5924.536133 781.777649 95.255669 927.289978
5924.591797 782.393127 95.255669 927.989990
5924.671875 782.802917 95.255669 928.239990
5924.775879 782.802917 95.255669 928.299988
5924.879883 783.417847 95.255669 928.969971
5925.000000 783.621094 95.255669 929.260010
5925.231934 783.621094 95.255669 929.299988
5925.448242 784.232361 95.255669 929.969971
5925.600098 784.441956 95.255669 930.239990
5925.775879 784.647095 95.255669 930.299988
5925.895996 785.264343 95.255669 930.969971
5926.016113 785.475403 95.255669 931.229980
5926.215820 785.475403 95.255669 931.299988
5926.295898 786.089111 95.255669 931.960022
5926.383789 786.504517 95.255669 932.250000
5926.536133 786.504517 95.255669 932.299988
5926.664062 787.117615 95.255669 932.989990
5926.855957 787.320679 95.255669 933.229980
5927.160156 787.320679 95.255669 933.299988
5927.576172 788.137634 95.255669 934.000000
5927.680176 788.339050 95.255669 934.250000
5927.967773 788.339050 95.255669 934.289978
5928.295898 788.955200 95.255669 934.969971
5928.448242 789.155457 79.807983 935.229980
5929.175781 789.155457 79.807983 935.299988
5929.680176 789.155457 79.807983 935.969971
5930.087891 789.357788 79.807983 936.239990
5930.919922 789.357788 79.807983 936.299988
5931.624023 789.966064 79.807983 936.960022
5932.224121 790.172119 79.807983 937.219971
5932.576172 790.379089 79.807983 937.289978
5933.759766 790.987000 79.807983 938.000000
5934.503906 791.188538 79.807983 938.250000
5934.888184 791.188538 79.807983 938.299988
5938.855957 791.804199 79.807983 938.989990
5939.496094 792.010742 79.807983 939.229980
5939.879883 792.213135 79.807983 939.299988
5945.775879 792.829041 79.807983 939.969971
5946.359863 793.037109 79.807983 940.250000
5946.976074 793.037109 79.807983 940.299988
5950.720215 793.649902 79.807983 940.969971
5951.720215 794.054016 79.807983 941.250000
5952.144043 794.054016 79.807983 941.299988
5954.456055 794.664856 79.807983 942.030029
5954.791992 794.869995 79.807983 942.260010
5955.224121 795.072632 79.807983 942.299988
5956.288086 795.684631 79.807983 943.000000
5958.000000 795.893555 79.807983 943.260010
5958.392090 795.893555 79.807983 943.309998
5959.591797 796.504333 62.477676 944.020020
5964.023926 796.504333 62.477676 944.260010
5965.711914 796.504333 62.477676 944.299988
5966.512207 796.704529 62.477676 945.000000
5981.416016 796.911560 62.477676 945.229980
5982.768066 797.114319 62.477676 945.299988
5982.815918 797.732117 62.477676 946.000000
5998.647949 798.146606 62.477676 946.260010
6000.040039 798.146606 62.477676 946.299988
6000.200195 798.753662 62.477676 947.020020
6007.319824 798.957642 62.477676 947.250000
6008.728027 799.158447 62.477676 947.289978
6008.799805 799.777588 62.477676 948.020020
6010.936035 799.984253 62.477676 948.260010
6012.191895 799.984253 62.477676 948.309998
6012.208008 800.597717 62.477676 949.000000
6012.655762 800.802307 62.477676 949.239990
6013.704102 801.006958 62.477676 949.289978
6013.744141 801.609802 62.477676 950.000000
6014.432129 801.816650 62.477676 950.229980
6014.839844 801.816650 62.477676 950.299988
6014.992188 802.431641 62.477676 951.010010
6015.439941 802.634705 62.477676 951.219971
6015.680176 802.838806 62.477676 951.299988
6015.711914 803.451111 62.477676 952.000000
6016.120117 803.657227 62.477676 952.239990
6016.655762 803.657227 62.477676 952.299988
6016.680176 804.271057 73.622528 953.000000
6016.919922 804.271057 73.622528 953.250000
6017.520020 804.471313 73.622528 953.299988
6017.520020 804.471313 73.622528 953.989990
6017.744141 804.674316 73.622528 954.229980
6018.352051 804.674316 73.622528 954.299988
6018.359863 805.497375 73.622528 955.020020
6018.600098 805.705627 73.622528 955.239990
6019.063965 805.705627 73.622528 955.299988
6019.071777 806.316589 73.622528 956.000000
6019.704102 806.517639 73.622528 956.250000
6020.144043 806.726746 73.622528 956.299988
6020.160156 807.344910 73.622528 957.020020
6021.000000 807.553162 73.622528 957.250000
6021.295898 807.553162 73.622528 957.299988
6021.312012 808.387207 73.622528 958.000000
6022.503906 808.595703 73.622528 958.239990
6022.824219 808.595703 73.622528 958.299988
6022.839844 809.203918 73.622528 959.020020
6025.144043 809.405579 73.622528 959.229980
6025.607910 809.606934 73.622528 959.289978
6025.616211 810.225037 73.622528 960.000000
6030.047852 810.432861 73.622528 960.260010
6030.279785 810.432861 73.622528 960.299988
6030.288086 811.047729 73.622528 961.010010
6037.600098 811.254944 73.622528 961.250000
6038.056152 811.457764 73.622528 961.299988
6038.063965 811.663757 78.518433 962.020020
6058.536133 811.663757 78.518433 962.260010
6059.616211 811.663757 78.518433 962.299988
6059.616211 812.067383 78.518433 963.000000
6070.032227 812.470520 78.518433 963.250000
6070.928223 812.470520 78.518433 963.299988
6070.952148 813.083008 78.518433 964.000000
6080.655762 813.286438 78.518433 964.239990
6081.295898 813.495728 78.518433 964.299988
6081.319824 814.109375 78.518433 965.000000
6087.687988 814.310120 78.518433 965.250000
6088.439941 814.310120 78.518433 965.299988
6088.463867 814.924622 78.518433 966.010010
6092.560059 815.129150 78.518433 966.250000
6093.616211 815.334839 78.518433 966.299988
6093.640137 815.953064 78.518433 967.000000
6095.919922 816.155640 78.518433 967.250000
6096.879883 816.155640 78.518433 967.299988
6096.943848 816.766357 78.518433 968.000000
6099.000000 817.175842 78.518433 968.260010
6100.007812 817.175842 78.518433 968.309998
6100.056152 817.785645 78.518433 969.020020
6102.368164 817.990112 78.518433 969.250000
6103.879883 817.990112 78.518433 969.299988
6104.032227 818.602112 78.518433 969.989990
6104.711914 819.025024 78.518433 970.250000
6106.087891 819.025024 78.518433 970.289978
6106.231934 819.633850 78.518433 971.000000
6106.248047 819.633850 49.699730 971.239990
6107.671875 819.633850 49.699730 971.299988
6108.167969 819.835144 49.699730 972.000000
6108.208008 820.038025 49.699730 972.239990
6109.855957 820.038025 49.699730 972.299988
6110.120117 820.656494 49.699730 973.010010
6110.136230 820.857788 49.699730 973.250000
6111.175781 820.857788 49.699730 973.299988
6111.624023 821.670471 49.699730 974.010010
6111.655762 821.879272 49.699730 974.239990
6112.744141 821.879272 49.699730 974.299988
6113.080078 822.494385 49.699730 975.000000
6113.104004 822.908325 49.699730 975.239990
6114.527832 822.908325 49.699730 975.299988
6114.616211 823.525269 49.699730 976.000000
6114.631836 823.732605 49.699730 976.229980
6116.279785 823.732605 49.699730 976.299988
6116.279785 824.550903 49.699730 977.010010
6116.312012 824.751343 49.699730 977.239990
6117.000000 824.751343 49.699730 977.299988
6117.000000 825.363831 49.699730 978.000000
6117.104004 825.570129 49.699730 978.229980
6118.240234 825.570129 49.699730 978.299988
6118.240234 826.391602 49.699730 979.000000
6118.255859 826.592468 49.699730 979.229980
6119.503906 826.592468 49.699730 979.299988
6119.512207 826.795776 52.995632 980.000000
6119.551758 826.795776 52.995632 980.239990
6121.087891 826.795776 52.995632 980.299988
6121.087891 827.408386 52.995632 981.000000
6121.120117 827.612793 52.995632 981.239990
6122.184082 827.612793 52.995632 981.299988
6122.184082 828.445618 52.995632 982.000000
6122.496094 828.649475 52.995632 982.250000
6123.728027 828.649475 52.995632 982.299988
6123.728027 829.263855 52.995632 983.000000
6124.151855 829.471802 52.995632 983.239990
6125.215820 829.673035 52.995632 983.299988
6125.215820 830.281189 52.995632 984.000000
6125.304199 830.482727 52.995632 984.239990
6126.751953 830.482727 52.995632 984.309998
6126.751953 831.097107 52.995632 985.000000
6126.784180 831.506592 52.995632 985.250000
6127.872070 831.506592 52.995632 985.299988
6127.872070 832.125610 52.995632 985.989990
6127.872070 832.326050 52.995632 986.260010
6128.976074 832.533691 52.995632 986.320007
6128.976074 833.148621 52.995632 987.000000
6128.976074 833.348694 52.995632 987.250000
6129.976074 833.348694 52.995632 987.299988
6129.976074 833.966919 52.995632 988.020020
6129.976074 834.167053 52.995632 988.229980
6132.624023 834.373535 52.995632 988.320007
6132.631836 834.780151 63.653530 989.000000
6132.631836 834.981995 63.653530 989.229980
6138.967773 834.981995 63.653530 989.320007
6138.983887 835.183289 63.653530 990.020020
6138.983887 835.183289 63.653530 990.229980
6143.096191 835.386536 63.653530 990.299988
6143.200195 836.002686 63.653530 991.000000
6143.200195 836.205200 63.653530 991.260010
6148.040039 836.205200 63.653530 991.309998
6148.047852 837.038086 63.653530 992.010010
6148.047852 837.247620 63.653530 992.250000
6166.255859 837.247620 63.653530 992.299988
6166.279785 837.859314 63.653530 993.000000
6166.279785 838.267273 63.653530 993.239990
6179.711914 838.267273 63.653530 993.309998
6179.768066 838.884888 63.653530 994.010010
6179.784180 839.086975 63.653530 994.250000
6187.655762 839.294434 63.653530 994.299988
6187.720215 839.899963 63.653530 995.010010
6187.759766 840.108582 63.653530 995.250000
6192.551758 840.108582 63.653530 995.299988
6192.591797 840.721252 63.653530 996.000000
6192.591797 840.924072 63.653530 996.229980
6194.344238 841.129211 63.653530 996.320007
6194.423828 841.745361 63.653530 997.020020
6194.423828 841.946655 63.653530 997.229980
6195.775879 841.946655 63.653530 997.299988
6195.784180 842.758484 63.653530 998.010010
6195.784180 842.758484 98.396057 998.260010
6197.640137 842.758484 98.396057 998.330017
6197.640137 842.959717 98.396057 999.020020
6197.640137 842.959717 98.396057 999.250000
6199.536133 843.166138 98.396057 999.299988
6199.543945 843.781372 98.396057 1000.010010
6199.551758 843.982422 98.396057 1000.229980
6200.839844 843.982422 98.396057 1000.299988
6200.848145 844.799133 98.396057 1001.010010
6200.848145 845.001160 98.396057 1001.250000
6202.120117 845.001160 98.396057 1001.299988
6202.127930 845.622009 98.396057 1002.010010
6202.127930 845.825012 98.396057 1002.239990
6203.352051 846.031921 98.396057 1002.299988
6203.359863 846.639343 98.396057 1003.020020
6203.359863 846.844604 98.396057 1003.229980
6204.655762 846.844604 98.396057 1003.299988
6204.680176 847.457458 98.396057 1004.000000
6204.680176 847.664795 98.396057 1004.229980
6205.751953 847.871399 98.396057 1004.299988
6205.799805 848.476685 98.396057 1005.059998
6205.879883 848.684753 98.396057 1005.250000
6208.312012 848.684753 98.396057 1005.299988
6208.416016 849.302673 98.396057 1006.010010
6208.423828 849.504517 98.396057 1006.250000
6211.423828 849.504517 98.396057 1006.299988
6211.536133 850.331421 98.396057 1007.000000
6211.536133 850.536011 130.370361 1007.260010
6213.503906 850.536011 130.370361 1007.390015
6213.576172 850.739685 130.370361 1008.000000
6213.576172 850.739685 130.370361 1008.260010
6215.735840 850.739685 130.370361 1008.330017
6216.096191 851.356323 130.370361 1009.020020
6216.096191 851.564819 130.370361 1009.219971
6219.784180 851.564819 130.370361 1009.320007
6220.344238 852.186462 130.370361 1010.020020
6220.344238 852.388000 130.370361 1010.229980
6226.576172 852.595520 130.370361 1010.299988
6226.815918 853.214355 130.370361 1011.000000
6226.815918 853.417297 130.370361 1011.239990
6235.704102 853.417297 130.370361 1011.309998
6235.799805 854.029480 130.370361 1012.000000
6235.799805 854.236267 130.370361 1012.250000
6245.888184 854.445068 130.370361 1012.299988
6245.903809 855.059937 130.370361 1013.020020
6245.912109 855.263916 130.370361 1013.250000
6252.224121 855.263916 130.370361 1013.299988
6252.295898 855.873230 130.370361 1014.020020
6252.295898 856.080994 130.370361 1014.229980
6255.919922 856.285828 130.370361 1014.299988
6256.007812 856.891235 130.370361 1015.020020
6256.007812 857.097900 130.370361 1015.250000
6257.271973 857.097900 130.370361 1015.309998
6257.304199 857.709778 130.370361 1016.000000
6257.383789 857.916870 130.370361 1016.260010
6259.063965 857.916870 130.370361 1016.309998
6259.184082 858.120422 113.809708 1017.030029
6259.191895 858.320740 113.809708 1017.250000
6260.432129 858.320740 113.809708 1017.320007
6260.640137 858.729309 113.809708 1018.020020
6260.664062 858.930542 113.809708 1018.229980
6261.399902 859.135315 113.809708 1018.299988
6261.848145 859.750671 113.809708 1019.010010
6261.848145 859.958557 113.809708 1019.250000
6263.512207 859.958557 113.809708 1019.299988
6264.255859 860.771118 113.809708 1020.020020
6264.288086 860.975647 113.809708 1020.260010
6267.711914 860.975647 113.809708 1020.299988
6269.007812 861.586304 113.809708 1021.020020
6269.032227 861.789001 113.809708 1021.229980
6276.903809 861.789001 113.809708 1021.299988
6277.775879 862.414856 113.809708 1022.000000
6277.808105 862.617981 113.809708 1022.229980
6286.136230 862.818054 113.809708 1022.299988
6286.943848 863.435425 113.809708 1023.020020
6286.976074 863.644470 113.809708 1023.250000
6292.000000 863.644470 113.809708 1023.320007
6292.359863 864.256104 113.809708 1024.020020
6292.408203 864.461853 113.809708 1024.250000
6297.160156 864.663147 113.809708 1024.300049
6297.448242 865.267212 113.809708 1025.060059
6297.448242 865.475586 113.809708 1025.250000
6300.976074 865.475586 113.809708 1025.300049
6301.175781 866.090637 113.809708 1026.000000
6301.200195 866.292542 113.809708 1026.250000
6304.191895 866.500061 113.809708 1026.319946
6304.423828 867.110596 113.809708 1027.000000
6304.423828 867.318787 113.809708 1027.229980
6307.583984 867.318787 113.809708 1027.300049
6307.815918 867.521912 110.249397 1028.020020
6307.863770 867.521912 110.249397 1028.229980
6311.448242 867.521912 110.249397 1028.300049
6311.711914 868.139343 110.249397 1029.010010
6311.735840 868.347473 110.249397 1029.250000
6314.560059 868.347473 110.249397 1029.319946
6314.655762 869.159119 110.249397 1030.020020
6314.687988 869.367615 110.249397 1030.239990
6317.624023 869.367615 110.249397 1030.300049
6317.895996 869.978760 110.249397 1031.000000
6317.912109 870.182983 110.249397 1031.229980
6320.711914 870.390076 110.249397 1031.300049
6321.711914 870.999878 110.249397 1032.000000
6321.720215 871.204651 110.249397 1032.229980
6324.919922 871.204651 110.249397 1032.319946
6325.087891 871.816345 110.249397 1033.000000
6325.111816 872.223022 110.249397 1033.239990
6328.328125 872.223022 110.249397 1033.300049
6328.375977 872.832764 110.249397 1034.000000
6328.375977 873.036072 110.249397 1034.260010
6330.912109 873.036072 110.249397 1034.310059
6331.160156 873.861389 110.249397 1035.060059
6331.160156 874.067139 110.249397 1035.229980
6333.815918 874.067139 110.249397 1035.300049
6333.983887 874.681763 110.249397 1036.010010
6333.992188 874.885315 110.249397 1036.229980
6336.000000 875.092957 110.249397 1036.300049
6336.120117 875.716553 110.249397 1037.010010
6336.136230 875.916748 110.249397 1037.229980
6338.448242 875.916748 110.249397 1037.300049
6338.560059 876.526184 108.190903 1038.000000
6338.671875 876.526184 108.190903 1038.229980
6341.711914 876.526184 108.190903 1038.300049
6341.855957 876.726562 108.190903 1039.000000
6342.160156 876.934387 108.190903 1039.229980
6344.448242 877.144104 108.190903 1039.290039
6344.640137 877.757324 108.190903 1040.020020
6347.992188 877.961548 108.190903 1040.229980
6350.967773 877.961548 108.190903 1040.290039
6351.151855 878.769592 108.190903 1041.000000
6354.271973 878.978516 108.190903 1041.229980
6357.279785 878.978516 108.190903 1041.290039
6357.408203 879.591370 108.190903 1042.000000
6359.791992 879.798706 108.190903 1042.229980
6364.344238 879.798706 108.190903 1042.280029
6364.496094 880.605469 108.190903 1043.000000
6366.983887 880.807861 108.190903 1043.239990
6373.096191 880.807861 108.190903 1043.310059
6373.167969 881.419556 108.190903 1044.010010
6373.952148 881.627747 108.190903 1044.219971
6384.799805 881.627747 108.190903 1044.300049
6384.919922 882.446106 108.190903 1045.010010
6384.936035 882.647766 108.190903 1045.229980
6390.655762 882.647766 108.190903 1045.300049
6390.879883 883.260437 108.190903 1046.010010
6390.879883 883.467041 108.190903 1046.229980
6396.919922 883.467041 108.190903 1046.290039
6397.104004 883.877136 107.970734 1047.010010
6397.111816 883.877136 107.970734 1047.229980
6403.399902 883.877136 107.970734 1047.300049
6403.439941 884.280457 107.970734 1048.010010
6403.479980 884.485229 107.970734 1048.219971
6408.671875 884.713562 107.970734 1048.310059
6408.799805 885.328735 107.970734 1048.989990
6408.839844 885.536682 107.970734 1049.229980
6413.479980 885.536682 107.970734 1049.300049
6413.487793 886.149841 107.970734 1050.010010
6413.512207 886.367249 107.970734 1050.229980
6415.983887 886.571716 107.970734 1050.300049
6416.007812 887.187683 107.970734 1051.000000
6416.023926 887.392517 107.970734 1051.229980
6418.775879 887.392517 107.970734 1051.300049
6418.799805 888.006165 107.970734 1052.000000
6418.808105 888.416565 107.970734 1052.229980
6420.536133 888.416565 107.970734 1052.300049
6420.624023 889.251465 107.970734 1053.060059
6420.720215 889.251465 107.970734 1053.229980
6422.383789 889.452209 107.970734 1053.300049
6422.487793 890.069702 107.970734 1054.010010
6422.536133 890.278381 107.970734 1054.250000
6424.543945 890.278381 107.970734 1054.300049
6424.560059 891.096741 107.970734 1055.020020
6424.616211 891.302979 107.970734 1055.229980
6427.224121 891.302979 107.970734 1055.300049
6427.231934 891.923401 115.540672 1056.020020
6427.375977 891.923401 115.540672 1056.229980
6430.264160 891.923401 115.540672 1056.300049
6430.264160 892.125000 115.540672 1057.020020
6430.335938 892.328125 115.540672 1057.229980
6432.271973 892.328125 115.540672 1057.310059
6432.288086 893.143494 115.540672 1058.000000
6432.432129 893.353882 115.540672 1058.250000
6436.863770 893.353882 115.540672 1058.300049
6436.903809 894.182129 115.540672 1059.000000
6436.983887 894.389587 115.540672 1059.260010
6444.919922 894.389587 115.540672 1059.300049
6444.943848 895.003540 115.540672 1060.000000
6445.047852 895.209961 115.540672 1060.239990
6456.600098 895.410339 115.540672 1060.300049
6456.720215 896.016968 115.540672 1061.000000
6456.832031 896.223206 115.540672 1061.260010
6465.432129 896.223206 115.540672 1061.300049
6465.456055 896.830078 115.540672 1062.000000
6465.527832 897.031372 115.540672 1062.239990
6473.007812 897.235840 115.540672 1062.319946
6473.167969 897.842773 115.540672 1063.010010
6473.231934 898.046509 115.540672 1063.260010
6481.087891 898.046509 115.540672 1063.310059
6481.295898 898.660095 115.540672 1064.060059
6481.408203 898.862183 115.540672 1064.239990
6489.279785 898.862183 115.540672 1064.300049
6489.344238 899.271301 115.540672 1065.000000
6489.432129 899.688782 115.540672 1065.250000
6495.080078 899.688782 115.540672 1065.300049
6495.120117 900.502014 115.540672 1066.000000
6495.184082 900.706238 115.540672 1066.260010
6499.175781 900.706238 115.540672 1066.300049
6499.184082 901.318115 115.540672 1067.000000
6499.224121 901.523926 118.821068 1067.260010
6502.888184 901.523926 118.821068 1067.349976
6502.983887 901.724792 118.821068 1068.000000
6503.040039 901.724792 118.821068 1068.260010
6506.087891 901.724792 118.821068 1068.319946
6506.799805 902.342163 118.821068 1069.000000
6506.848145 902.542908 118.821068 1069.239990
6509.848145 902.747498 118.821068 1069.300049
6511.127930 903.367065 118.821068 1070.010010
6511.551758 903.568176 118.821068 1070.260010
6516.463867 903.568176 118.821068 1070.300049
6517.695801 904.188354 118.821068 1071.000000
6520.184082 904.590149 118.821068 1071.260010
6528.368164 904.590149 118.821068 1071.319946
6529.127930 905.209839 118.821068 1072.010010
6531.888184 905.413635 118.821068 1072.260010
6543.791992 905.413635 118.821068 1072.300049
6544.375977 906.237000 118.821068 1073.010010
6544.472168 906.437195 118.821068 1073.260010
6553.423828 906.437195 118.821068 1073.310059
6554.047852 907.054810 118.821068 1074.010010
6554.087891 907.257629 118.821068 1074.229980
6563.167969 907.257629 118.821068 1074.300049
6563.744141 908.077026 118.821068 1075.010010
6563.791992 908.285400 118.821068 1075.260010
6568.560059 908.285400 118.821068 1075.300049
6569.120117 908.899780 118.821068 1076.000000
6569.151855 909.103943 118.821068 1076.270020
6573.016113 909.305542 118.821068 1076.319946
6573.536133 909.508423 107.342690 1077.000000
6573.607910 909.508423 107.342690 1077.250000
6576.224121 909.508423 107.342690 1077.300049
6576.624023 909.916870 107.342690 1078.000000
6576.848145 910.123108 107.342690 1078.260010
6578.279785 910.343079 107.342690 1078.319946
6578.631836 910.955017 107.342690 1079.000000
6578.711914 911.157349 107.342690 1079.260010
6579.895996 911.157349 107.342690 1079.300049
6580.248047 911.978516 107.342690 1080.010010
6580.600098 912.186462 107.342690 1080.260010
6581.392090 912.186462 107.342690 1080.300049
6581.711914 912.807739 107.342690 1081.000000
6583.056152 913.009460 107.342690 1081.260010
6583.720215 913.009460 107.342690 1081.300049
6584.720215 913.820618 107.342690 1082.010010
6588.063965 914.024658 107.342690 1082.260010
6588.503906 914.024658 107.342690 1082.300049
6588.759766 914.638306 107.342690 1083.030029
6591.383789 914.838440 107.342690 1083.260010
6591.952148 915.045776 107.342690 1083.310059
6592.231934 915.653137 107.342690 1084.000000
6594.288086 915.862000 107.342690 1084.260010
6595.016113 915.862000 107.342690 1084.300049
6595.144043 916.473267 107.342690 1085.010010
6595.680176 916.885132 107.342690 1085.260010
6596.375977 916.885132 107.342690 1085.300049
6596.496094 917.495911 107.342690 1086.000000
6596.631836 917.697937 107.342690 1086.260010
6597.136230 917.697937 107.342690 1086.300049
6597.304199 918.509338 107.342690 1087.030029
6597.359863 918.509338 90.756630 1087.250000
6598.463867 918.509338 90.756630 1087.300049
6598.512207 918.710205 90.756630 1088.000000
6598.631836 918.710205 90.756630 1088.260010
6599.607910 918.926331 90.756630 1088.319946
6599.711914 919.536621 90.756630 1089.000000
6599.895996 919.736694 90.756630 1089.260010
6600.432129 919.736694 90.756630 1089.310059
6600.472168 920.555359 90.756630 1090.000000
6600.576172 920.763794 90.756630 1090.250000
6601.224121 920.763794 90.756630 1090.300049
6601.312012 921.383850 90.756630 1091.010010
6601.680176 921.585571 90.756630 1091.260010
6602.328125 921.585571 90.756630 1091.300049
6602.456055 922.206238 90.756630 1092.010010
6602.479980 922.615967 90.756630 1092.250000
6603.496094 922.615967 90.756630 1092.300049
6603.536133 923.232849 90.756630 1093.000000
6604.144043 923.437622 90.756630 1093.260010
6605.184082 923.437622 90.756630 1093.319946
6605.352051 924.054626 90.756630 1094.020020
6605.936035 924.261047 90.756630 1094.250000
6607.888184 924.462952 90.756630 1094.300049
6608.071777 925.079102 90.756630 1095.020020
6608.680176 925.279480 90.756630 1095.260010
6614.824219 925.279480 90.756630 1095.310059
6614.879883 925.890686 90.756630 1096.000000
6615.144043 926.091125 71.857376 1096.260010
6627.551758 926.091125 71.857376 1096.300049
6627.583984 926.291443 71.857376 1097.000000
6628.040039 926.291443 71.857376 1097.229980
6634.560059 926.494690 71.857376 1097.300049
6634.576172 927.108154 71.857376 1098.000000
6634.775879 927.313171 71.857376 1098.260010
6639.312012 927.313171 71.857376 1098.319946
6639.383789 928.142273 71.857376 1099.020020
6639.439941 928.348022 71.857376 1099.260010
6643.264160 928.348022 71.857376 1099.300049
6643.359863 928.958374 71.857376 1100.020020
6643.399902 929.164673 71.857376 1100.229980
6646.144043 929.164673 71.857376 1100.300049
6646.695801 929.975342 71.857376 1101.010010
6646.704102 930.179565 71.857376 1101.260010
6647.640137 930.179565 71.857376 1101.300049
6648.151855 930.792480 71.857376 1102.020020
6648.200195 931.000854 71.857376 1102.260010
6648.680176 931.000854 71.857376 1102.300049
6649.423828 931.817932 71.857376 1103.030029
6649.448242 932.024780 71.857376 1103.229980
6650.032227 932.024780 71.857376 1103.290039
6650.808105 932.639587 71.857376 1104.010010
6650.815918 932.845886 71.857376 1104.260010
6651.255859 932.845886 71.857376 1104.310059
6651.432129 933.455872 96.689606 1105.000000
6651.463867 933.656372 96.689606 1105.260010
6652.047852 933.656372 96.689606 1105.290039
6652.271973 933.858398 96.689606 1106.000000
6652.328125 934.061768 96.689606 1106.260010
6652.912109 934.061768 96.689606 1106.300049
6653.023926 934.675415 96.689606 1107.000000
6653.120117 935.080322 96.689606 1107.260010
6653.408203 935.080322 96.689606 1107.300049
6653.640137 935.698425 96.689606 1108.010010
6653.735840 935.906616 96.689606 1108.260010
6653.855957 936.115967 96.689606 1108.310059
6653.928223 936.720093 96.689606 1109.000000
6654.007812 936.928833 96.689606 1109.260010
6654.160156 936.928833 96.689606 1109.300049
6654.288086 937.745544 96.689606 1110.020020
6654.335938 937.950928 96.689606 1110.260010
6654.503906 937.950928 96.689606 1110.300049
6654.680176 938.561157 96.689606 1111.010010
6654.728027 938.761414 96.689606 1111.260010
6654.992188 938.968750 96.689606 1111.300049
6655.151855 939.582336 96.689606 1112.000000
6655.208008 939.783569 96.689606 1112.260010
6655.375977 939.783569 96.689606 1112.300049
6656.160156 940.401306 96.689606 1113.000000
6656.279785 940.811829 96.689606 1113.260010
6656.624023 940.811829 96.689606 1113.310059
6657.687988 941.430847 96.689606 1114.000000
6657.784180 941.632996 96.689606 1114.260010
6658.151855 941.632996 96.689606 1114.310059
6658.560059 942.244385 96.689606 1115.000000
6658.799805 942.446411 117.871651 1115.260010
6659.087891 942.446411 117.871651 1115.300049
6659.208008 942.647583 117.871651 1116.010010
6659.496094 942.647583 117.871651 1116.260010
6659.928223 942.850281 117.871651 1116.300049
6660.104004 943.463318 117.871651 1117.000000
6660.264160 943.671082 117.871651 1117.260010
6660.543945 943.671082 117.871651 1117.300049
6660.839844 944.499939 117.871651 1118.010010
6660.903809 944.707764 117.871651 1118.250000
6662.408203 944.707764 117.871651 1118.300049
6662.751953 945.318970 117.871651 1119.010010
6663.111816 945.527832 117.871651 1119.260010
6669.040039 945.731201 117.871651 1119.300049
6669.208008 946.339172 117.871651 1120.000000
6670.312012 946.546021 117.871651 1120.260010
6674.848145 946.546021 117.871651 1120.300049
6675.288086 947.160645 117.871651 1121.000000
6675.631836 947.369324 117.871651 1121.260010
6678.832031 947.369324 117.871651 1121.300049
6679.000000 948.190063 117.871651 1122.010010
6679.151855 948.393677 117.871651 1122.260010
6683.647949 948.393677 117.871651 1122.300049
6684.271973 949.004517 117.871651 1123.060059
6684.416016 949.208801 117.871651 1123.260010
6688.328125 949.413391 117.871651 1123.300049
6688.983887 950.022034 117.871651 1124.000000
6689.111816 950.226257 117.871651 1124.260010
6693.808105 950.226257 117.871651 1124.300049
6693.983887 950.836792 117.871651 1125.010010
6694.175781 951.045105 117.871651 1125.260010
6699.215820 951.045105 117.871651 1125.300049
6699.392090 951.452576 99.336601 1126.000000
6699.704102 951.452576 99.336601 1126.260010
6703.848145 951.452576 99.336601 1126.300049
6704.439941 951.856506 99.336601 1127.000000
6704.600098 952.056641 99.336601 1127.260010
6707.551758 952.056641 99.336601 1127.300049
6708.888184 952.870728 99.336601 1128.010010
6708.992188 953.075439 99.336601 1128.260010
6712.023926 953.075439 99.336601 1128.319946
6713.215820 953.695374 99.336601 1129.010010
6713.335938 953.896118 99.336601 1129.260010
6716.200195 954.102112 99.336601 1129.300049
6716.992188 954.713501 99.336601 1130.000000
6717.160156 954.915588 99.336601 1130.270020
6721.952148 954.915588 99.336601 1130.310059
6723.383789 955.523926 99.336601 1131.010010
6723.583984 955.936523 99.336601 1131.270020
6729.136230 955.936523 99.336601 1131.310059
6730.040039 956.550293 99.336601 1132.010010
6730.288086 956.752625 99.336601 1132.270020
6738.224121 956.752625 99.336601 1132.310059
6739.352051 957.564148 99.336601 1133.010010
6739.520020 957.773376 99.336601 1133.260010
6751.359863 957.773376 99.336601 1133.310059
6751.919922 958.384827 99.336601 1134.010010
6752.344238 958.585632 99.336601 1134.270020
6762.607910 958.585632 99.336601 1134.310059
6763.151855 959.405396 99.336601 1135.010010
6763.423828 959.609741 99.336601 1135.270020
6771.111816 959.609741 99.336601 1135.310059
6771.512207 960.014160 115.715622 1136.010010
6771.855957 960.014160 115.715622 1136.270020
6778.184082 960.014160 115.715622 1136.310059
6778.416016 960.428955 115.715622 1137.010010
6778.631836 960.633179 115.715622 1137.270020
6783.264160 960.633179 115.715622 1137.310059
6783.624023 961.447693 115.715622 1138.010010
6783.952148 961.654785 115.715622 1138.270020
6790.080078 961.654785 115.715622 1138.319946
6790.208008 962.270996 115.715622 1139.010010
6790.432129 962.471802 115.715622 1139.270020
6795.912109 962.673584 115.715622 1139.300049
6796.023926 963.293274 115.715622 1140.010010
6796.200195 963.500000 115.715622 1140.270020
6806.704102 963.500000 115.715622 1140.310059
6806.912109 964.115967 115.715622 1141.010010
6807.007812 964.322266 115.715622 1141.260010
6816.872070 964.527405 115.715622 1141.300049
6817.607910 965.136108 115.715622 1142.010010
6817.728027 965.338623 115.715622 1142.270020
6823.335938 965.338623 115.715622 1142.310059
6823.848145 965.952515 115.715622 1143.030029
6824.047852 966.161499 115.715622 1143.260010
6827.791992 966.161499 115.715622 1143.290039
6827.879883 966.982910 115.715622 1144.010010
6827.959961 967.191467 115.715622 1144.270020
6832.208008 967.191467 115.715622 1144.310059
6832.439941 967.593201 110.413467 1145.030029
6832.591797 967.593201 110.413467 1145.270020
6837.264160 967.593201 110.413467 1145.310059
6837.607910 967.997620 110.413467 1146.040039
6837.903809 968.200378 110.413467 1146.270020
6843.439941 968.200378 110.413467 1146.319946
6843.720215 969.023132 110.413467 1147.040039
6844.368164 969.225037 110.413467 1147.270020
6855.047852 969.225037 110.413467 1147.319946
6855.359863 970.038696 110.413467 1148.020020
6856.136230 970.239197 110.413467 1148.260010
6875.368164 970.239197 110.413467 1148.319946
6875.671875 970.849670 110.413467 1149.020020
6876.848145 971.058716 110.413467 1149.250000
6885.888184 971.265076 110.413467 1149.319946
6885.967773 971.874023 110.413467 1150.020020
6886.784180 972.079773 110.413467 1150.250000
6894.175781 972.079773 110.413467 1150.319946
6894.328125 972.689880 110.413467 1151.010010
6894.983887 972.894714 110.413467 1151.250000
6901.479980 972.894714 110.413467 1151.319946
6902.000000 973.720093 110.413467 1152.020020
6902.279785 973.926270 110.413467 1152.250000
6909.208008 973.926270 110.413467 1152.319946
6909.319824 974.541992 110.413467 1153.020020
6909.560059 974.751160 110.413467 1153.250000
6914.543945 974.975281 110.413467 1153.319946
6914.560059 975.578125 110.413467 1154.020020
6914.888184 975.783691 110.413467 1154.250000
6918.928223 975.783691 110.413467 1154.310059
6918.983887 976.190186 101.848839 1155.020020
6919.463867 976.190186 101.848839 1155.250000
6922.671875 976.190186 101.848839 1155.300049
6922.735840 976.598999 101.848839 1156.020020
6923.087891 976.801575 101.848839 1156.250000
6925.120117 977.010437 101.848839 1156.310059
6925.151855 977.626160 101.848839 1157.020020
6925.536133 977.831665 101.848839 1157.250000
6929.759766 977.831665 101.848839 1157.329956
6929.903809 978.645447 101.848839 1158.020020
6930.496094 978.850647 101.848839 1158.250000
6937.759766 978.850647 101.848839 1158.319946
6938.136230 979.461487 101.848839 1159.020020
6939.432129 979.664185 101.848839 1159.250000
6953.000000 979.872192 101.848839 1159.319946
6953.583984 980.491882 101.848839 1160.020020
6955.624023 980.692993 101.848839 1160.250000
6967.631836 980.692993 101.848839 1160.310059
6968.136230 981.310608 101.848839 1161.020020
6970.032227 981.512268 101.848839 1161.250000
6982.919922 981.713806 101.848839 1161.319946
6983.439941 982.329529 101.848839 1162.020020
6984.032227 982.536682 101.848839 1162.260010
6993.567871 982.536682 101.848839 1162.319946
6993.943848 983.358765 101.848839 1163.010010
6994.111816 983.565308 101.848839 1163.250000
7001.744141 983.565308 101.848839 1163.319946
7002.104004 984.178284 101.848839 1164.020020
7002.191895 984.383667 114.365509 1164.250000
7008.527832 984.383667 114.365509 1164.319946
7008.631836 984.383667 114.365509 1165.030029
7008.791992 984.589233 114.365509 1165.250000
7014.855957 984.790161 114.365509 1165.310059
7014.936035 985.404175 114.365509 1166.020020
7015.359863 985.611938 114.365509 1166.250000
7020.335938 985.812195 114.365509 1166.310059
7020.416016 986.413696 114.365509 1167.030029
7020.839844 986.621765 114.365509 1167.250000
7025.479980 986.621765 114.365509 1167.319946
7025.520020 987.237244 114.365509 1168.020020
7026.063965 987.437927 114.365509 1168.239990
7029.832031 987.655579 114.365509 1168.329956
7029.959961 988.269531 114.365509 1169.030029
7030.368164 988.474670 114.365509 1169.260010
7032.215820 988.474670 114.365509 1169.290039
7032.271973 989.294983 114.365509 1170.030029
7032.775879 989.496094 114.365509 1170.260010
7034.279785 989.496094 114.365509 1170.310059
7034.536133 990.310791 114.365509 1171.030029
7035.144043 990.516357 114.365509 1171.260010
7037.423828 990.516357 114.365509 1171.290039
7037.735840 991.129639 114.365509 1172.030029
7038.184082 991.331360 114.365509 1172.260010
7040.695801 991.534363 114.365509 1172.290039
7040.791992 992.151306 114.365509 1173.030029
7041.271973 992.358459 114.365509 1173.260010
7045.976074 992.358459 114.365509 1173.310059
7046.023926 992.961365 102.186203 1174.030029
7047.711914 993.161560 102.186203 1174.260010
7059.271973 993.161560 102.186203 1174.280029
7059.392090 993.367798 102.186203 1175.030029
7059.943848 993.367798 102.186203 1175.260010
7074.560059 993.574097 102.186203 1175.290039
7075.416016 994.182678 102.186203 1176.030029
7075.759766 994.383484 102.186203 1176.260010
7089.839844 994.383484 102.186203 1176.280029
7090.456055 995.225952 102.186203 1177.030029
7090.671875 995.433960 102.186203 1177.260010
7101.791992 995.433960 102.186203 1177.310059
7101.943848 996.048645 102.186203 1178.030029
7101.983887 996.257629 102.186203 1178.260010
7108.943848 996.257629 102.186203 1178.310059
7108.967773 996.877991 102.186203 1179.030029
7109.023926 997.078491 102.186203 1179.260010
7114.279785 997.285950 102.186203 1179.310059
7114.288086 997.901978 102.186203 1180.030029
7114.496094 998.102356 102.186203 1180.260010
7119.976074 998.102356 102.186203 1180.310059
7120.023926 998.711975 102.186203 1181.030029
7120.111816 998.912170 102.186203 1181.260010
7127.328125 998.912170 102.186203 1181.290039
7127.359863 999.535461 102.186203 1182.030029
7127.463867 999.738892 102.186203 1182.270020
7132.392090 999.738892 102.186203 1182.300049
7132.439941 1000.562134 102.186203 1183.030029
7132.591797 1000.763489 102.186203 1183.260010
7136.208008 1000.763489 102.186203 1183.329956
7136.224121 1001.370972 102.186203 1184.030029
7136.503906 1001.572632 102.186203 1184.260010
7140.240234 1001.572632 102.186203 1184.290039
7140.432129 1002.182983 102.186203 1185.030029
7140.720215 1002.390137 87.720551 1185.260010
7142.344238 1002.390137 87.720551 1185.339966
7142.895996 1002.591736 87.720551 1186.030029
7143.023926 1002.591736 87.720551 1186.260010
7144.288086 1002.794556 87.720551 1186.290039
7144.888184 1003.400208 87.720551 1187.020020
7145.000000 1003.608093 87.720551 1187.260010
7145.720215 1003.608093 87.720551 1187.290039
7146.023926 1004.220764 87.720551 1188.030029
7146.344238 1004.421021 87.720551 1188.260010
7147.439941 1004.630920 87.720551 1188.310059
7147.631836 1005.246643 87.720551 1189.030029
7147.839844 1005.455872 87.720551 1189.260010
7149.751953 1005.455872 87.720551 1189.290039
7149.751953 1006.275391 87.720551 1190.030029
7149.855957 1006.481689 87.720551 1190.260010
7154.264160 1006.481689 87.720551 1190.310059
7154.304199 1007.097229 87.720551 1191.030029
7154.399902 1007.301453 87.720551 1191.260010
7164.240234 1007.301453 87.720551 1191.290039
7164.295898 1008.126770 87.720551 1192.030029
7164.472168 1008.326904 87.720551 1192.260010
7185.007812 1008.326904 87.720551 1192.290039
7185.063965 1008.936890 87.720551 1193.030029
7185.127930 1009.138733 87.720551 1193.260010
7196.728027 1009.138733 87.720551 1193.290039
7196.735840 1009.963806 87.720551 1194.030029
7196.967773 1010.168213 87.720551 1194.260010
7204.671875 1010.168213 87.720551 1194.290039
7204.799805 1010.792419 87.720551 1195.030029
7205.248047 1010.993774 104.426537 1195.260010
7211.456055 1010.993774 104.426537 1195.290039
7211.472168 1011.197510 104.426537 1196.030029
7212.551758 1011.197510 104.426537 1196.260010
7217.392090 1011.197510 104.426537 1196.290039
7217.423828 1012.017761 104.426537 1197.030029
7217.936035 1012.218628 104.426537 1197.260010
7221.576172 1012.218628 104.426537 1197.290039
7221.751953 1012.829224 104.426537 1198.030029
7221.936035 1013.038025 104.426537 1198.270020
7226.184082 1013.253906 104.426537 1198.319946
7226.264160 1013.862122 104.426537 1199.030029
7226.423828 1014.068176 104.426537 1199.260010
7227.616211 1014.068176 104.426537 1199.300049
7228.383789 1014.884460 104.426537 1200.030029
7228.936035 1015.092651 104.426537 1200.260010
7229.751953 1015.092651 104.426537 1200.290039
7230.000000 1015.709473 104.426537 1201.030029
7230.936035 1015.909607 104.426537 1201.260010
7232.032227 1015.909607 104.426537 1201.290039
7232.335938 1016.739563 104.426537 1202.030029
7232.872070 1016.945923 104.426537 1202.260010
7234.295898 1016.945923 104.426537 1202.290039
7234.479980 1017.554749 104.426537 1203.040039
7234.832031 1017.758850 104.426537 1203.260010
7237.992188 1017.758850 104.426537 1203.319946
7238.151855 1018.570007 104.426537 1204.030029
7238.328125 1018.773438 104.426537 1204.260010
7248.383789 1018.773438 104.426537 1204.290039
7248.432129 1019.377625 87.352539 1205.030029
7248.496094 1019.377625 87.352539 1205.260010
7265.879883 1019.377625 87.352539 1205.290039
7265.943848 1019.578369 87.352539 1206.030029
7266.144043 1019.783447 87.352539 1206.260010
7278.759766 1019.783447 87.352539 1206.329956
7278.808105 1020.604736 87.352539 1207.030029
7278.912109 1020.810364 87.352539 1207.260010
7287.463867 1020.810364 87.352539 1207.329956
7287.536133 1021.433350 87.352539 1208.030029
7287.808105 1021.641479 87.352539 1208.260010
7294.520020 1021.863586 87.352539 1208.329956
7294.744141 1022.480774 87.352539 1209.030029
7294.928223 1022.684753 87.352539 1209.260010
7300.848145 1022.684753 87.352539 1209.329956
7302.071777 1023.304382 87.352539 1210.030029
7302.248047 1023.507324 87.352539 1210.260010
7307.127930 1023.708313 87.352539 1210.329956
7307.224121 1024.324219 87.352539 1211.030029
7307.520020 1024.526367 87.352539 1211.260010
7312.111816 1024.526367 87.352539 1211.329956
7312.191895 1025.154541 87.352539 1212.030029
7312.543945 1025.356079 87.352539 1212.260010
7315.456055 1025.557007 87.352539 1212.319946
7315.551758 1026.162476 87.352539 1213.030029
7315.695801 1026.365112 87.352539 1213.260010
7316.583984 1026.365112 87.352539 1213.339966
7316.640137 1026.983521 87.352539 1214.030029
7316.903809 1027.185913 87.352539 1214.260010
7317.888184 1027.386963 87.352539 1214.329956
7317.903809 1028.002197 87.352539 1215.030029
7318.104004 1028.202637 87.898460 1215.260010
7319.175781 1028.202637 87.898460 1215.359985
7319.279785 1028.403320 87.898460 1216.030029
7319.479980 1028.403320 87.898460 1216.260010
7320.408203 1028.403320 87.898460 1216.319946
7320.448242 1029.017822 87.898460 1217.030029
7320.543945 1029.226685 87.898460 1217.260010
7322.248047 1029.428955 87.898460 1217.319946
7322.312012 1030.046875 87.898460 1218.030029
7322.408203 1030.247559 87.898460 1218.270020
7326.775879 1030.247559 87.898460 1218.329956
7327.711914 1030.853394 87.898460 1219.020020
7327.855957 1031.057983 87.898460 1219.260010
7339.063965 1031.264404 87.898460 1219.329956
7340.111816 1031.872070 87.898460 1220.030029
7340.255859 1032.078003 87.898460 1220.260010
7357.375977 1032.078003 87.898460 1220.319946
7357.543945 1032.689575 87.898460 1221.030029
7357.735840 1032.897705 87.898460 1221.260010
7367.344238 1033.099243 87.898460 1221.329956
7367.408203 1033.711182 87.898460 1222.030029
7367.551758 1033.916504 87.898460 1222.260010
7375.839844 1033.916504 87.898460 1222.329956
7375.872070 1034.531860 87.898460 1223.030029
7376.319824 1034.739624 87.898460 1223.260010
7383.231934 1034.948242 87.898460 1223.329956
7383.304199 1035.553711 87.898460 1224.030029
7383.560059 1035.761963 87.898460 1224.260010
7389.432129 1035.761963 87.898460 1224.329956
7389.512207 1036.371338 104.032822 1225.030029
7390.071777 1036.371338 104.032822 1225.260010
7396.120117 1036.371338 104.032822 1225.329956
7396.255859 1036.573853 104.032822 1226.030029
7397.335938 1036.777588 104.032822 1226.260010
7401.824219 1036.777588 104.032822 1226.329956
7401.943848 1037.591797 104.032822 1227.040039
7403.016113 1037.795776 104.032822 1227.270020
7406.352051 1037.795776 104.032822 1227.319946
7406.463867 1038.404785 104.032822 1228.040039
7407.096191 1038.609497 104.032822 1228.280029
7410.191895 1038.609497 104.032822 1228.329956
7411.520020 1039.419556 104.032822 1229.040039
7412.063965 1039.625610 104.032822 1229.260010
7415.335938 1039.625610 104.032822 1229.319946
7415.879883 1040.239258 104.032822 1230.030029
7417.720215 1040.439575 104.032822 1230.280029
7421.295898 1040.639648 104.032822 1230.329956
7421.512207 1041.252808 104.032822 1231.030029
7426.943848 1041.460571 104.032822 1231.260010
7429.344238 1041.460571 104.032822 1231.329956
7429.432129 1042.291504 104.032822 1232.030029
7430.943848 1042.498535 104.032822 1232.270020
7433.399902 1042.498535 104.032822 1232.329956
7433.583984 1043.114014 104.032822 1233.040039
7435.240234 1043.319336 104.032822 1233.270020
7437.872070 1043.525879 104.032822 1233.329956
7438.032227 1044.137329 104.032822 1234.030029
7438.208008 1044.343750 104.032822 1234.260010
7440.408203 1044.343750 104.032822 1234.339966
7440.520020 1044.753052 107.356400 1235.040039
7440.600098 1044.753052 107.356400 1235.270020
7443.328125 1044.753052 107.356400 1235.530029
7443.768066 1044.753052 107.356400 1236.040039
7443.832031 1044.958008 107.356400 1236.260010
7446.127930 1044.958008 107.356400 1236.329956
7446.863770 1045.800903 107.356400 1237.030029
7447.007812 1046.006226 107.356400 1237.260010
7448.255859 1046.207153 107.356400 1237.339966
7448.952148 1046.818481 107.356400 1238.040039
7449.127930 1047.022949 107.356400 1238.260010
7450.271973 1047.022949 107.356400 1238.329956
7451.903809 1047.842529 107.356400 1239.030029
7452.087891 1048.048706 107.356400 1239.260010
7453.200195 1048.048706 107.356400 1239.329956
7453.912109 1048.663574 107.356400 1240.030029
7454.056152 1048.872803 107.356400 1240.260010
7454.895996 1049.079468 107.356400 1240.329956
7455.863770 1049.701294 107.356400 1241.050049
7456.032227 1049.910034 107.356400 1241.260010
7456.551758 1049.910034 107.356400 1241.329956
7457.319824 1050.520386 107.356400 1242.040039
7457.408203 1050.727417 107.356400 1242.260010
7458.144043 1050.933960 107.356400 1242.329956
7458.879883 1051.549805 107.356400 1243.010010
7459.000000 1051.756104 107.356400 1243.260010
7459.383789 1051.756104 107.356400 1243.329956
7459.744141 1052.369751 107.356400 1244.000000
7459.879883 1052.575195 107.356400 1244.260010
7460.319824 1052.778931 107.356400 1244.319946
7460.567871 1053.395264 107.356400 1245.010010
7460.735840 1053.601685 107.356400 1245.260010
7460.903809 1053.601685 107.356400 1245.329956
7461.047852 1054.213379 107.356400 1246.000000
7461.240234 1054.627075 107.356400 1246.260010
7461.456055 1054.627075 107.356400 1246.329956
7461.671875 1055.247314 107.356400 1247.000000
7462.040039 1055.455811 107.356400 1247.260010
7462.167969 1055.659912 107.356400 1247.329956
7462.456055 1056.278687 107.356400 1248.020020
7463.023926 1056.480103 107.356400 1248.260010
7463.032227 1056.480103 107.356400 1248.329956
7463.799805 1057.296387 107.356400 1249.010010
7464.208008 1057.505615 107.356400 1249.260010
7464.208008 1057.505615 107.356400 1249.329956
7464.264160 1058.118896 107.356400 1250.020020
7464.607910 1058.325317 107.356400 1250.260010
7464.616211 1058.325317 107.356400 1250.329956
7464.959961 1059.146362 107.356400 1251.020020
7465.127930 1059.348755 107.356400 1251.260010
7465.167969 1059.348755 107.356400 1251.329956
7465.567871 1059.967041 107.356400 1252.000000
7465.751953 1060.172363 107.356400 1252.260010
7465.775879 1060.381470 107.356400 1252.329956
7466.080078 1060.999268 107.356400 1253.030029
7466.335938 1061.204834 107.356400 1253.270020
7466.479980 1061.204834 107.356400 1253.329956
7466.744141 1062.021851 107.356400 1254.030029
7466.919922 1062.224487 107.356400 1254.260010
7468.759766 1062.224487 107.356400 1254.329956
7469.080078 1062.841675 107.356400 1255.010010
7469.808105 1063.244019 107.356400 1255.280029
7471.583984 1063.244019 107.356400 1255.329956
7472.295898 1063.851562 107.356400 1256.030029
7472.815918 1064.058960 107.356400 1256.260010
7473.928223 1064.264404 107.356400 1256.329956
7474.063965 1064.881958 107.356400 1257.020020
7474.344238 1065.091309 107.356400 1257.260010
7475.383789 1065.091309 107.356400 1257.329956
7475.463867 1065.705322 107.356400 1258.010010
7475.687988 1066.117310 107.356400 1258.270020
7476.368164 1066.117310 107.356400 1258.329956
7476.671875 1066.739990 107.356400 1259.020020
7477.023926 1066.940063 107.356400 1259.260010
7477.799805 1067.143677 107.356400 1259.329956
7478.000000 1067.763550 107.356400 1260.020020
7478.503906 1067.972778 107.356400 1260.280029
7478.952148 1067.972778 107.356400 1260.329956
7479.056152 1068.793213 107.356400 1261.020020
7479.271973 1068.999390 107.356400 1261.290039
7479.304199 1068.999390 107.356400 1261.349976
7479.439941 1069.605591 107.356400 1262.030029
7479.520020 1070.009888 107.356400 1262.290039
7479.551758 1070.009888 107.356400 1262.339966
7479.664062 1070.622192 107.356400 1263.030029
7479.832031 1070.824707 107.356400 1263.290039
7479.832031 1070.824707 107.356400 1263.369995
7479.903809 1071.646851 107.356400 1264.020020
7480.047852 1071.852417 107.356400 1264.280029
7480.063965 1071.852417 107.356400 1264.329956
7480.120117 1072.468384 107.356400 1265.030029
7480.368164 1072.672852 107.356400 1265.260010
7480.487793 1072.882080 107.356400 1265.329956
7480.576172 1073.502075 107.356400 1266.030029
7481.120117 1073.707764 107.356400 1266.290039
7482.295898 1073.707764 107.356400 1266.339966
7482.543945 1074.534668 107.356400 1267.030029
7483.087891 1074.739380 107.356400 1267.260010
7484.976074 1074.739380 107.356400 1267.339966
7485.655762 1075.347900 107.356400 1268.030029
7486.399902 1075.549072 107.356400 1268.290039
7487.607910 1075.749756 107.356400 1268.369995
7487.872070 1076.366577 107.356400 1269.020020
7488.543945 1076.569946 107.356400 1269.290039
7489.240234 1076.569946 107.356400 1269.329956
7489.432129 1077.185791 107.356400 1270.030029
7489.863770 1077.589844 107.356400 1270.280029
7490.512207 1077.589844 107.356400 1270.329956
7490.680176 1078.202637 107.356400 1271.030029
7491.527832 1078.402832 107.356400 1271.290039
7492.879883 1078.402832 107.356400 1271.319946
7492.912109 1079.070312 107.356400 1272.030029
7493.784180 1079.481567 107.356400 1272.290039
7494.304199 1079.481567 107.356400 1272.329956
7494.359863 1080.097290 107.356400 1273.030029
7495.711914 1080.499390 107.356400 1273.290039
7495.735840 1080.499390 107.356400 1273.349976
7495.768066 1081.101318 107.356400 1274.020020
7496.591797 1081.310791 107.356400 1274.280029
7496.631836 1081.515625 107.356400 1274.329956
7496.784180 1082.118896 107.356400 1275.030029
7498.184082 1082.321655 107.356400 1275.270020
7498.248047 1082.321655 107.356400 1275.329956
7498.368164 1083.147339 107.356400 1276.020020
7499.224121 1083.351562 107.356400 1276.290039
7499.264160 1083.351562 107.356400 1276.329956
7499.479980 1084.166992 107.356400 1277.109985
7499.759766 1084.375000 107.356400 1277.270020
7499.928223 1084.375000 107.356400 1277.329956
7500.023926 1084.989014 107.356400 1278.030029
7500.184082 1085.198608 107.356400 1278.290039
7501.463867 1085.402588 107.356400 1278.339966
7501.583984 1086.021851 107.356400 1279.030029
7502.023926 1086.226807 107.356400 1279.280029
7503.111816 1086.226807 107.356400 1279.329956
7503.200195 1086.843140 107.356400 1280.030029
7504.200195 1087.045288 107.356400 1280.290039
7504.839844 1087.247192 107.356400 1280.329956
7504.952148 1087.858887 107.356400 1281.030029
7507.328125 1088.062866 107.356400 1281.280029
7508.056152 1088.062866 107.356400 1281.329956
7508.120117 1088.888184 107.356400 1282.030029
7514.040039 1089.092163 107.356400 1282.270020
7515.383789 1089.092163 107.356400 1282.329956
7515.928223 1089.703613 107.356400 1283.020020
7517.576172 1089.912476 107.356400 1283.280029
7518.576172 1089.912476 107.356400 1283.329956
7518.751953 1090.741211 107.356400 1284.030029
7519.759766 1090.942871 107.356400 1284.280029
7520.567871 1090.942871 107.356400 1284.329956
7520.576172 1091.553833 107.356400 1285.030029
7521.071777 1091.756714 107.356400 1285.280029
7521.087891 1091.965576 107.356400 1285.329956
7521.175781 1092.581543 107.356400 1286.089966
7521.728027 1092.789062 107.356400 1286.290039
7521.735840 1092.789062 107.356400 1286.329956
7521.903809 1093.405762 107.356400 1287.030029
7522.456055 1093.607178 107.356400 1287.290039
7522.551758 1093.607178 107.356400 1287.329956
7522.567871 1094.216187 107.356400 1288.030029
7522.815918 1094.626587 107.356400 1288.290039
7522.895996 1094.626587 107.356400 1288.369995
7522.895996 1095.242676 107.356400 1289.020020
7523.200195 1095.449585 107.356400 1289.290039
7523.240234 1095.449585 107.356400 1289.329956
7523.240234 1096.259155 107.356400 1290.030029
7523.416016 1096.467651 107.356400 1290.290039
7523.735840 1096.467651 107.356400 1290.329956
7523.808105 1097.078613 107.356400 1291.030029
7524.016113 1097.279419 107.356400 1291.270020
7524.728027 1097.279419 107.356400 1291.329956
7524.928223 1098.117432 107.356400 1292.020020
7525.200195 1098.327271 107.356400 1292.260010
7525.879883 1098.327271 107.356400 1292.329956
7525.967773 1098.944458 107.356400 1293.030029
7526.231934 1099.152344 107.356400 1293.290039
7527.432129 1099.360474 107.356400 1293.339966
7527.735840 1099.975098 107.356400 1294.030029
7528.040039 1100.182373 107.356400 1294.260010
7529.312012 1100.182373 107.356400 1294.329956
7529.655762 1100.784912 107.356400 1295.030029
7529.912109 1100.986816 107.356400 1295.280029
7530.448242 1100.986816 107.356400 1295.329956
7530.936035 1101.804932 107.356400 1296.109985
7531.304199 1102.005371 107.356400 1296.260010
7531.903809 1102.005371 107.356400 1296.329956
7532.231934 1102.611816 107.356400 1297.030029
7532.479980 1102.814331 107.356400 1297.290039
7532.936035 1103.021118 107.356400 1297.329956
7533.120117 1103.631104 107.356400 1298.030029
7533.295898 1103.834839 107.356400 1298.280029
7533.344238 1103.834839 107.356400 1298.359985
7533.359863 1104.440186 107.356400 1299.030029
7533.551758 1104.850952 107.356400 1299.290039
7533.560059 1104.850952 107.356400 1299.329956
7533.576172 1105.465332 107.356400 1300.030029
7533.751953 1105.671753 107.356400 1300.280029
7533.775879 1105.671753 107.356400 1300.329956
7533.784180 1106.285522 107.356400 1301.030029
7534.040039 1106.690552 107.356400 1301.280029
7534.448242 1106.690552 107.356400 1301.329956
7534.472168 1107.310303 107.356400 1302.030029
7534.775879 1107.513550 107.356400 1302.270020
7536.503906 1107.721191 107.356400 1302.339966
7536.560059 1108.333862 107.356400 1303.030029
7536.872070 1108.542969 107.356400 1303.290039
7538.144043 1108.542969 107.356400 1303.369995
7538.423828 1109.154663 107.356400 1304.020020
7538.848145 1109.360352 107.356400 1304.280029
7540.144043 1109.360352 107.356400 1304.329956
7540.328125 1109.976562 107.356400 1305.030029
7540.815918 1110.401001 107.356400 1305.290039
7541.959961 1110.401001 107.356400 1305.339966
7542.080078 1111.008911 107.356400 1306.030029
7542.591797 1111.210571 107.356400 1306.290039
7543.912109 1111.210571 107.356400 1306.339966
7544.007812 1111.823120 107.356400 1307.030029
7544.288086 1112.234985 107.356400 1307.290039
7545.576172 1112.234985 107.356400 1307.359985
7545.664062 1112.852661 107.356400 1308.040039
7545.943848 1113.058838 107.356400 1308.290039
7546.567871 1113.283081 107.356400 1308.369995
7546.671875 1113.897705 107.356400 1309.040039
7546.888184 1114.104736 107.356400 1309.300049
7546.943848 1114.104736 107.356400 1309.349976
7547.040039 1114.923706 107.356400 1310.050049
7547.200195 1115.131958 107.356400 1310.280029
7547.240234 1115.131958 107.356400 1310.380005
7547.304199 1115.754272 107.356400 1311.040039
7547.368164 1115.954956 107.356400 1311.290039
7547.416016 1116.158081 107.356400 1311.359985
7547.472168 1116.770020 107.356400 1312.050049
7547.512207 1116.973022 107.356400 1312.290039
7548.735840 1116.973022 107.356400 1312.380005
7548.784180 1117.592896 107.356400 1313.050049
7548.824219 1117.801392 107.356400 1313.290039
7552.448242 1118.026245 107.356400 1313.380005
7552.520020 1118.641235 107.356400 1314.050049
7552.543945 1118.843262 107.356400 1314.290039
7554.472168 1118.843262 107.356400 1314.359985
7554.536133 1119.457275 107.356400 1315.050049
7554.600098 1119.695801 107.356400 1315.300049
7555.720215 1119.904419 107.356400 1315.380005
7556.423828 1120.521484 107.356400 1316.109985
7556.536133 1120.723267 107.356400 1316.280029
7557.687988 1120.723267 107.356400 1316.380005
7558.288086 1121.336548 107.356400 1317.050049
7558.392090 1121.545532 107.356400 1317.300049
7558.992188 1121.750610 107.356400 1317.369995
7559.063965 1122.361816 107.356400 1318.040039
7559.184082 1122.570435 107.356400 1318.290039
7559.815918 1122.570435 107.356400 1318.369995
7559.936035 1123.187500 107.356400 1319.050049
7560.352051 1123.591309 107.356400 1319.310059
7560.879883 1123.591309 107.356400 1319.359985
7561.047852 1124.198975 107.356400 1320.050049
7561.543945 1124.440430 107.356400 1320.280029
7562.000000 1124.648682 107.356400 1320.369995
7562.144043 1125.266479 107.356400 1321.050049
7562.576172 1125.472900 107.356400 1321.280029
7562.711914 1125.673706 107.356400 1321.369995
7562.815918 1126.295044 107.356400 1322.040039
7563.016113 1126.495850 107.356400 1322.300049
7563.080078 1126.495850 107.356400 1322.369995
7563.456055 1127.109009 107.356400 1323.050049
7563.503906 1127.513306 107.356400 1323.300049
7563.536133 1127.513306 107.356400 1323.380005
7563.664062 1128.130615 107.356400 1324.050049
7563.664062 1128.337524 107.356400 1324.290039
7563.695801 1128.545776 107.356400 1324.380005
7563.879883 1129.163330 107.356400 1325.050049
7563.912109 1129.371582 107.356400 1325.300049
7563.952148 1129.371582 107.356400 1325.359985
7564.224121 1130.191162 107.356400 1326.050049
7564.288086 1130.400879 107.356400 1326.280029
7564.295898 1130.400879 107.356400 1326.349976
7564.503906 1131.016602 107.356400 1327.050049
7564.512207 1131.432373 107.356400 1327.290039
7564.512207 1131.432373 107.356400 1327.380005
7564.640137 1132.043823 107.356400 1328.050049
7564.640137 1132.251709 107.356400 1328.300049
7564.647949 1132.452637 107.356400 1328.380005
7564.704102 1133.073730 107.356400 1329.050049
7564.704102 1133.273926 107.356400 1329.290039
7564.704102 1133.273926 107.356400 1329.369995
7564.735840 1134.094971 107.356400 1330.040039
7564.751953 1134.297485 107.356400 1330.310059
7564.791992 1134.297485 107.356400 1330.359985
7564.863770 1134.917847 107.356400 1331.050049
7564.888184 1135.125244 107.356400 1331.300049
7564.912109 1135.125244 107.356400 1331.359985
7564.943848 1135.964355 107.356400 1332.050049
7564.976074 1136.172607 107.356400 1332.310059
7564.976074 1136.172607 107.356400 1332.349976
7565.040039 1136.787720 107.356400 1333.050049
7565.080078 1136.996582 107.356400 1333.290039
7565.080078 1137.207886 107.356400 1333.380005
7565.080078 1137.815674 107.356400 1334.050049
7565.144043 1138.019287 107.356400 1334.300049
7565.160156 1138.019287 107.356400 1334.349976
7565.184082 1138.835205 107.356400 1335.050049
7565.191895 1139.044434 107.356400 1335.310059
7565.208008 1139.044434 107.356400 1335.359985
7565.312012 1139.663330 107.356400 1336.050049
7565.312012 1140.075317 107.356400 1336.300049
7565.399902 1140.075317 107.356400 1336.380005
7565.503906 1140.688477 107.356400 1337.050049
7565.560059 1140.906860 107.356400 1337.300049
7565.560059 1140.906860 107.356400 1337.359985
7565.711914 1141.728882 107.356400 1338.050049
7565.711914 1141.929810 107.356400 1338.290039
7565.711914 1141.929810 107.356400 1338.380005
7565.824219 1142.540894 107.356400 1339.050049
7565.824219 1142.747681 107.356400 1339.290039
7565.832031 1142.948486 107.356400 1339.349976
7565.983887 1143.561523 107.356400 1340.050049
7565.983887 1143.766235 107.356400 1340.300049
7565.983887 1143.766235 107.356400 1340.349976
7567.063965 1144.381836 107.356400 1341.050049
7567.063965 1144.796753 107.356400 1341.300049
7567.080078 1144.796753 107.356400 1341.349976
7567.624023 1145.404541 107.356400 1342.050049
7567.624023 1145.613159 107.356400 1342.300049
7567.655762 1145.814819 107.356400 1342.369995
7568.215820 1146.430298 107.356400 1343.079956
7568.224121 1146.632812 107.356400 1343.300049
7568.319824 1146.632812 107.356400 1343.369995
7568.919922 1147.244995 107.356400 1344.079956
7568.928223 1147.445679 107.356400 1344.290039
7569.295898 1147.647583 107.356400 1344.369995
7570.655762 1148.261108 107.356400 1345.069946
7570.664062 1148.464844 107.356400 1345.280029
7570.943848 1148.464844 107.356400 1345.349976
7571.607910 1149.087646 107.356400 1346.079956
7571.616211 1149.289551 107.356400 1346.290039
7571.879883 1149.494629 107.356400 1346.369995
7572.208008 1150.107788 107.356400 1347.079956
7572.215820 1150.314941 107.356400 1347.280029
7572.248047 1150.314941 107.356400 1347.349976
7572.591797 1151.136475 107.356400 1348.079956
7572.647949 1151.345703 107.356400 1348.300049
7572.671875 1151.345703 107.356400 1348.349976
7572.936035 1151.958130 107.356400 1349.079956
7572.959961 1152.161133 107.356400 1349.300049
7572.976074 1152.161133 107.356400 1349.349976
7573.248047 1152.773560 107.356400 1350.079956
7573.248047 1152.978149 107.356400 1350.300049
7573.271973 1153.185303 107.356400 1350.359985
7573.848145 1153.802856 107.356400 1351.079956
7573.848145 1154.011597 107.356400 1351.300049
7573.863770 1154.011597 107.356400 1351.369995
7574.344238 1154.637329 107.356400 1352.079956
7574.375977 1154.841064 107.356400 1352.290039
7574.383789 1155.049072 107.356400 1352.349976
7574.664062 1155.653198 107.356400 1353.079956
7574.720215 1155.853271 107.356400 1353.290039
7574.720215 1156.061157 107.356400 1353.359985
7575.160156 1156.682373 107.356400 1354.109985
7575.231934 1156.890747 107.356400 1354.280029
7575.231934 1156.890747 107.356400 1354.359985
7575.768066 1157.713867 107.356400 1355.079956
7575.967773 1157.919922 107.356400 1355.280029
7575.967773 1157.919922 107.356400 1355.359985
7576.295898 1158.541626 107.356400 1356.079956
7576.368164 1158.747681 107.356400 1356.300049
7576.368164 1158.948120 107.356400 1356.349976
7576.551758 1159.558960 107.356400 1357.079956
7576.616211 1159.764282 107.356400 1357.290039
7576.616211 1159.764282 107.356400 1357.369995
7576.735840 1160.578125 107.356400 1358.079956
7576.751953 1160.781006 107.356400 1358.300049
7576.751953 1160.781006 107.356400 1358.359985
7576.824219 1161.396484 107.356400 1359.079956
7576.855957 1161.597412 107.356400 1359.310059
7576.855957 1161.597412 107.356400 1359.349976
7576.888184 1162.411377 107.356400 1360.079956
7576.936035 1162.617920 107.356400 1360.300049
7576.936035 1162.617920 107.356400 1360.380005
7577.016113 1163.435059 107.356400 1361.079956
7577.063965 1163.642334 107.356400 1361.300049
7577.063965 1163.642334 107.356400 1361.359985
7577.248047 1164.261841 107.356400 1362.079956
7577.328125 1164.467651 107.356400 1362.280029
7577.328125 1164.670410 107.356400 1362.359985
7577.583984 1165.287842 107.356400 1363.069946
7577.616211 1165.490845 107.356400 1363.280029
7577.616211 1165.490845 107.356400 1363.359985
7578.087891 1166.111450 107.356400 1364.079956
7578.087891 1166.313721 107.356400 1364.290039
7578.087891 1166.522095 107.356400 1364.359985
7578.647949 1167.146484 107.356400 1365.079956
7578.671875 1167.355713 107.356400 1365.290039
7578.671875 1167.355713 107.356400 1365.349976
7579.680176 1168.178589 107.356400 1366.079956
7579.735840 1168.384766 107.356400 1366.280029
7579.735840 1168.384766 107.356400 1366.359985
7580.071777 1168.997681 107.356400 1367.079956
7580.087891 1169.201416 107.356400 1367.290039
7580.087891 1169.401733 107.356400 1367.339966
7580.359863 1170.010376 107.356400 1368.079956
7580.383789 1170.215698 107.356400 1368.280029
7580.383789 1170.215698 107.356400 1368.359985
7580.992188 1170.831543 107.356400 1369.079956
7581.000000 1171.032593 107.356400 1369.280029
7581.000000 1171.032593 107.356400 1369.349976
7581.319824 1171.848022 107.356400 1370.079956
7581.328125 1172.048218 107.356400 1370.280029
7581.335938 1172.048218 107.356400 1370.359985
7581.848145 1172.670898 107.356400 1371.079956
7581.888184 1172.871948 107.356400 1371.280029
7581.888184 1173.076050 107.356400 1371.349976
7582.448242 1173.691040 107.356400 1372.069946
7582.472168 1173.897217 107.356400 1372.280029
7582.472168 1173.897217 107.356400 1372.349976
7582.824219 1174.502808 107.356400 1373.079956
7582.848145 1174.711914 107.356400 1373.280029
7582.848145 1174.914551 107.356400 1373.349976
7582.936035 1175.535767 107.356400 1374.079956
7582.952148 1175.739990 107.356400 1374.300049
7582.983887 1175.739990 107.356400 1374.349976
7583.136230 1176.558350 107.356400 1375.079956
7583.215820 1176.765381 107.356400 1375.280029
7583.264160 1176.765381 107.356400 1375.359985
7583.288086 1177.386597 107.356400 1376.079956
7583.399902 1177.593994 107.356400 1376.290039
7583.448242 1177.593994 107.356400 1376.359985
7583.479980 1178.436646 107.356400 1377.079956
7583.520020 1178.640259 107.356400 1377.290039
7583.591797 1178.640259 107.356400 1377.380005
7583.607910 1179.258667 107.356400 1378.069946
7583.640137 1179.458740 107.356400 1378.290039
7583.671875 1179.458740 107.356400 1378.339966
7583.680176 1180.277100 107.356400 1379.069946
7583.695801 1180.480835 107.356400 1379.280029
7583.728027 1180.480835 107.356400 1379.369995
7583.791992 1181.095947 107.356400 1380.069946
7583.808105 1181.297241 107.356400 1380.280029
7583.832031 1181.505981 107.356400 1380.369995
7584.328125 1182.121582 107.356400 1381.079956
7584.328125 1182.322266 107.356400 1381.280029
7584.359863 1182.322266 107.356400 1381.369995
7584.520020 1182.929932 107.356400 1382.079956
7584.543945 1183.135132 107.356400 1382.290039
7584.567871 1183.337158 107.356400 1382.349976
7584.583984 1183.952515 107.356400 1383.079956
7584.711914 1184.160522 107.356400 1383.280029
7584.720215 1184.160522 107.356400 1383.369995
7584.735840 1184.986206 107.356400 1384.079956
7584.751953 1185.189575 107.356400 1384.280029
7584.751953 1185.189575 107.356400 1384.359985
7584.759766 1185.814209 107.356400 1385.079956
7584.791992 1186.021606 107.356400 1385.280029
7584.799805 1186.228760 107.356400 1385.369995
7584.832031 1186.844727 107.356400 1386.079956
7584.919922 1187.047485 107.356400 1386.290039
7584.919922 1187.047485 107.356400 1386.349976
7584.936035 1187.679932 107.356400 1387.040039
7584.936035 1188.083862 107.356400 1387.390015
7584.959961 1188.293335 107.356400 1387.579956
7585.167969 1188.700928 107.356400 1387.989990
7585.224121 1189.109375 107.356400 1388.300049
7585.224121 1189.109375 107.356400 1388.369995
7585.936035 1189.726196 107.356400 1389.000000
7585.952148 1189.934326 107.356400 1389.300049
7585.952148 1189.934326 107.356400 1389.339966
7586.023926 1190.750244 107.356400 1390.000000
7586.056152 1190.959717 107.356400 1390.290039
7586.056152 1190.959717 107.356400 1390.339966
7586.144043 1191.578369 107.356400 1390.979980
7586.151855 1191.982910 107.356400 1391.300049
7586.151855 1191.982910 107.356400 1391.339966
7586.184082 1192.600952 107.356400 1392.000000
7586.184082 1192.802368 107.356400 1392.280029
7586.184082 1192.802368 107.356400 1392.339966
7586.231934 1193.626221 107.356400 1393.000000
7586.248047 1193.835938 107.356400 1393.290039
7586.255859 1193.835938 107.356400 1393.329956
7586.352051 1194.448242 107.356400 1393.989990
7586.368164 1194.858643 107.356400 1394.300049
7586.463867 1194.858643 107.356400 1394.369995
7586.520020 1195.472168 107.356400 1394.989990
7586.520020 1195.678711 107.356400 1395.300049
7586.616211 1195.887085 107.356400 1395.369995
7586.695801 1196.503540 107.356400 1396.000000
7586.704102 1196.713379 107.356400 1396.300049
7586.720215 1196.913818 107.356400 1396.369995
7586.744141 1197.321167 107.356400 1397.000000
7586.751953 1197.726562 107.356400 1397.300049
7586.751953 1197.726562 107.356400 1397.349976
7586.775879 1198.340698 107.356400 1398.000000
7586.775879 1198.542480 107.356400 1398.300049
7586.784180 1198.761841 107.356400 1398.380005
7586.832031 1199.365356 107.356400 1399.000000
7586.848145 1199.567383 107.356400 1399.300049
7586.848145 1199.567383 107.356400 1399.369995
7586.879883 1200.185059 107.356400 1400.000000
7586.879883 1200.597046 107.356400 1400.300049
7586.895996 1200.597046 107.356400 1400.329956
7586.912109 1201.205444 107.356400 1401.000000
7586.912109 1201.607300 107.356400 1401.300049
7586.936035 1201.607300 107.356400 1401.369995
7586.952148 1202.225220 107.356400 1402.000000
7586.967773 1202.431519 107.356400 1402.300049
7586.983887 1202.638062 107.356400 1402.369995
7587.111816 1203.257568 107.356400 1403.000000
7587.111816 1203.466797 107.356400 1403.300049
7587.127930 1203.466797 107.356400 1403.369995
7587.184082 1204.078003 107.356400 1403.989990
7587.200195 1204.487549 107.356400 1404.300049
7587.208008 1204.487549 107.356400 1404.349976
7587.264160 1205.096924 107.356400 1405.000000
7587.264160 1205.304199 107.356400 1405.300049
7587.279785 1205.509888 107.356400 1405.339966
7587.352051 1206.123047 107.356400 1405.989990
7587.383789 1206.329712 107.356400 1406.300049
7587.392090 1206.329712 107.356400 1406.380005
7587.423828 1206.942749 107.356400 1406.979980
7587.423828 1207.150635 107.356400 1407.300049
7587.432129 1207.356934 107.356400 1407.329956
7587.439941 1207.968994 107.356400 1407.989990
7587.439941 1208.169067 107.356400 1408.300049
7587.456055 1208.169067 107.356400 1408.380005
7587.527832 1208.791626 107.356400 1409.000000
7587.583984 1209.000366 107.356400 1409.300049
7587.583984 1209.000366 107.356400 1409.339966
7587.591797 1209.623535 107.356400 1409.989990
7587.616211 1209.824585 107.356400 1410.290039
7587.631836 1210.029785 107.356400 1410.329956
7587.631836 1210.639526 107.356400 1411.000000
7587.720215 1210.841064 107.356400 1411.300049
7587.728027 1210.841064 107.356400 1411.339966
7587.768066 1211.484009 107.356400 1412.000000
7587.895996 1211.895874 107.356400 1412.300049
7587.903809 1211.895874 107.356400 1412.349976
7587.936035 1212.514526 107.356400 1413.000000
7588.032227 1212.719727 107.356400 1413.300049
7588.087891 1212.922974 107.356400 1413.380005
7588.136230 1213.327759 107.356400 1413.989990
7588.248047 1213.744995 107.356400 1414.300049
7588.271973 1213.744995 107.356400 1414.369995
7588.335938 1214.356812 107.356400 1414.989990
7588.432129 1214.562622 107.356400 1415.290039
7588.472168 1214.562622 107.356400 1415.339966
7588.487793 1215.173340 107.356400 1415.989990
7588.543945 1215.582275 107.356400 1416.300049
7588.567871 1215.582275 107.356400 1416.369995
7588.640137 1216.191162 107.356400 1416.989990
7588.711914 1216.398193 107.356400 1417.300049
7588.759766 1216.603271 107.356400 1417.369995
7588.775879 1217.218506 107.356400 1418.000000
7588.815918 1217.421509 107.356400 1418.300049
7588.903809 1217.421509 107.356400 1418.349976
7588.959961 1218.032104 107.356400 1419.000000
7589.087891 1218.240356 107.356400 1419.300049
7589.240234 1218.444092 107.356400 1419.339966
7589.264160 1219.057007 107.356400 1420.000000
7589.312012 1219.265015 107.356400 1420.300049
7589.368164 1219.265015 107.356400 1420.329956
7589.432129 1219.875488 107.356400 1421.000000
7589.503906 1220.287354 107.356400 1421.300049
7589.631836 1220.287354 107.356400 1421.339966
7589.728027 1220.897583 107.356400 1422.000000
7589.863770 1221.099243 107.356400 1422.300049
7589.967773 1221.099243 107.356400 1422.329956
7590.032227 1221.720093 107.356400 1423.000000
7590.087891 1222.127930 107.356400 1423.300049
7590.200195 1222.127930 107.356400 1423.380005
7590.224121 1222.740601 107.356400 1424.000000
7590.295898 1222.943481 107.356400 1424.300049
7590.432129 1223.151367 107.356400 1424.359985
7590.463867 1223.766724 107.356400 1425.000000
7590.567871 1223.975830 107.356400 1425.300049
7590.704102 1223.975830 107.356400 1425.369995
7590.720215 1224.593018 107.356400 1426.000000
7590.848145 1224.801636 107.356400 1426.300049
7591.136230 1225.005005 107.356400 1426.369995
7591.288086 1225.416382 107.356400 1427.000000
7591.399902 1225.829102 107.356400 1427.300049
7591.616211 1225.829102 107.356400 1427.369995
7591.711914 1226.446533 107.356400 1428.000000
7591.799805 1226.651123 107.356400 1428.300049
7592.007812 1226.858398 107.356400 1428.349976
7592.087891 1227.471191 107.356400 1429.000000
7592.120117 1227.679443 107.356400 1429.369995
7592.184082 1227.881836 107.356400 1429.469971
7592.456055 1228.291138 107.356400 1430.000000
7592.503906 1228.699219 107.356400 1430.300049
7592.503906 1228.699219 107.356400 1430.369995
7592.655762 1229.310547 107.356400 1431.000000
7592.711914 1229.512817 107.356400 1431.300049
7592.728027 1229.512817 107.356400 1431.329956
7592.943848 1230.342285 107.356400 1432.000000
7593.040039 1230.543579 107.356400 1432.300049
7593.047852 1230.543579 107.356400 1432.339966
7593.512207 1231.158813 107.356400 1433.000000
7593.607910 1231.566772 107.356400 1433.300049
7593.607910 1231.566772 107.356400 1433.359985
7593.680176 1232.172485 107.356400 1434.000000
7593.720215 1232.377441 107.356400 1434.290039
7593.759766 1232.577637 107.356400 1434.400024
7593.815918 1233.189697 107.356400 1435.000000
7593.879883 1233.392578 107.356400 1435.310059
7593.879883 1233.392578 107.356400 1435.359985
7594.023926 1234.005493 107.356400 1436.000000
7594.096191 1234.206421 107.356400 1436.300049
7594.111816 1234.412109 107.356400 1436.349976
7594.167969 1235.023193 107.356400 1437.000000
7594.208008 1235.223389 107.356400 1437.300049
7594.208008 1235.223389 107.356400 1437.329956
7594.295898 1235.837891 107.356400 1438.000000
7594.487793 1236.239990 107.356400 1438.300049
7594.600098 1236.239990 107.356400 1438.380005
7594.647949 1236.853027 107.356400 1438.989990
7594.671875 1237.270142 107.356400 1439.369995
7594.959961 1237.270142 107.356400 1439.479980
7595.032227 1237.880737 107.356400 1439.989990
7595.184082 1238.088745 107.356400 1440.300049
7595.191895 1238.088745 107.356400 1440.329956
7595.408203 1238.709717 107.356400 1441.000000
7595.543945 1239.118042 107.356400 1441.300049
7595.543945 1239.118042 107.356400 1441.339966
7595.903809 1239.730835 107.356400 1442.000000
7595.967773 1239.932983 107.356400 1442.300049
7595.967773 1239.932983 107.356400 1442.339966
7596.832031 1240.544189 107.356400 1442.989990
7596.895996 1240.958252 107.356400 1443.300049
7596.895996 1240.958252 107.356400 1443.349976
7598.127930 1241.579468 107.356400 1444.000000
7598.224121 1241.779907 107.356400 1444.300049
7598.224121 1241.979980 107.356400 1444.359985
7601.543945 1242.594238 107.356400 1445.000000
7601.567871 1242.797729 107.356400 1445.300049
7601.567871 1242.797729 107.356400 1445.329956
7616.928223 1243.415894 107.356400 1446.000000
7616.959961 1243.822632 107.356400 1446.300049
7616.959961 1243.822632 107.356400 1446.339966
7631.912109 1244.438110 107.356400 1446.979980
7632.016113 1244.643921 107.356400 1447.300049
7632.016113 1244.643921 107.356400 1447.339966
7639.279785 1245.253418 107.356400 1448.000000
7639.359863 1245.661255 107.356400 1448.300049
7639.359863 1245.661255 107.356400 1448.349976
7645.215820 1246.274902 107.356400 1448.989990
7645.264160 1246.476685 107.356400 1449.300049
7645.271973 1246.679688 107.356400 1449.339966
7648.631836 1247.297241 107.356400 1449.989990
7648.888184 1247.498779 107.356400 1450.300049
7648.888184 1247.498779 107.356400 1450.339966
7651.463867 1248.110352 107.356400 1451.000000
7651.576172 1248.521240 107.356400 1451.300049
7651.607910 1248.521240 107.356400 1451.339966
7653.512207 1249.132202 107.356400 1452.000000
7653.775879 1249.335571 107.356400 1452.300049
7654.647949 1249.335571 107.356400 1452.349976
7656.312012 1249.939453 107.356400 1452.989990
7656.375977 1250.355957 107.356400 1453.300049
7657.439941 1250.355957 107.356400 1453.359985
7658.832031 1250.968262 107.356400 1454.000000
7658.912109 1251.169312 107.356400 1454.300049
7659.151855 1251.169312 107.356400 1454.329956
7660.279785 1251.988525 107.356400 1455.000000
7660.359863 1252.197998 107.356400 1455.300049
7660.359863 1252.197998 107.356400 1455.349976
7661.288086 1252.823120 107.356400 1455.989990
7661.383789 1253.230957 107.356400 1456.300049
7661.383789 1253.230957 107.356400 1456.339966
7662.111816 1253.849243 107.356400 1456.989990
7662.191895 1254.056885 107.356400 1457.300049
7662.191895 1254.257446 107.356400 1457.329956
7662.863770 1254.875610 107.356400 1458.000000
7662.872070 1255.080322 107.356400 1458.300049
7662.895996 1255.080322 107.356400 1458.369995
7663.439941 1255.694458 107.356400 1458.989990
7663.640137 1255.896240 107.356400 1459.300049
7663.664062 1256.103516 107.356400 1459.339966
7664.127930 1256.714844 107.356400 1460.000000
7664.224121 1256.916382 107.356400 1460.300049
7664.224121 1257.124878 107.356400 1460.339966
7664.695801 1257.739746 107.356400 1461.000000
7665.040039 1257.941772 107.356400 1461.300049
7665.047852 1257.941772 107.356400 1461.329956
7665.448242 1258.554321 107.356400 1461.979980
7665.759766 1258.958252 107.356400 1462.300049
7667.175781 1258.958252 107.356400 1462.329956
7667.463867 1259.568604 107.356400 1462.989990
7667.512207 1259.777466 107.356400 1463.300049
7668.735840 1259.978760 107.356400 1463.359985
7669.023926 1260.590332 107.356400 1463.979980
7669.047852 1260.796387 107.356400 1464.300049
7669.631836 1260.796387 107.356400 1464.359985
7669.855957 1261.414673 107.356400 1464.979980
7669.919922 1261.828491 107.356400 1465.300049
7669.928223 1261.828491 107.356400 1465.339966
7670.231934 1262.437744 107.356400 1465.979980
7670.279785 1262.646851 107.356400 1466.300049
7670.279785 1262.853760 107.356400 1466.339966
7670.536133 1263.466187 107.356400 1466.979980
7670.631836 1263.674805 107.356400 1467.300049
7670.631836 1263.674805 107.356400 1467.339966
7671.000000 1264.293213 107.356400 1467.989990
7671.056152 1264.705566 107.356400 1468.300049
7671.056152 1264.705566 107.356400 1468.369995
7671.231934 1265.322632 107.356400 1468.989990
7671.319824 1265.525513 107.356400 1469.300049
7671.319824 1265.525513 107.356400 1469.329956
7671.448242 1266.142090 107.356400 1469.989990
7671.527832 1266.554321 107.356400 1470.300049
7671.527832 1266.554321 107.356400 1470.329956
7671.895996 1267.163940 107.356400 1471.000000
7671.903809 1267.365845 107.356400 1471.300049
7671.912109 1267.365845 107.356400 1471.329956
7672.040039 1268.178223 107.356400 1471.989990
7672.047852 1268.385864 107.356400 1472.300049
7672.087891 1268.385864 107.356400 1472.339966
7674.432129 1269.007080 107.356400 1472.989990
7674.472168 1269.418579 107.356400 1473.300049
7674.808105 1269.418579 107.356400 1473.369995
7675.231934 1270.039307 107.356400 1473.989990
7675.279785 1270.240967 107.356400 1474.300049
7675.319824 1270.240967 107.356400 1474.339966
7675.368164 1270.855347 107.356400 1474.989990
7675.399902 1271.276611 107.356400 1475.300049
7675.479980 1271.276611 107.356400 1475.329956
7675.543945 1271.891357 107.356400 1475.989990
7675.567871 1272.295532 107.356400 1476.300049
7675.815918 1272.295532 107.356400 1476.339966
7675.888184 1272.918213 107.356400 1476.969971
7675.895996 1273.121704 107.356400 1477.300049
7675.895996 1273.121704 107.356400 1477.339966
7676.056152 1273.734253 107.356400 1477.989990
7676.120117 1274.150146 107.356400 1478.290039
7676.120117 1274.150146 107.356400 1478.329956
7676.175781 1274.769531 107.356400 1478.989990
7676.240234 1274.969971 107.356400 1479.300049
7676.240234 1275.172974 107.356400 1479.339966
7676.295898 1275.792480 107.356400 1479.979980
7676.448242 1276.002197 107.356400 1480.300049
7676.448242 1276.002197 107.356400 1480.339966
7676.456055 1276.630127 107.356400 1480.969971
7676.560059 1277.041138 107.356400 1481.290039
7676.560059 1277.041138 107.356400 1481.339966
7676.576172 1277.651489 107.356400 1481.979980
7676.687988 1277.861084 107.356400 1482.300049
7676.687988 1278.066284 107.356400 1482.339966
7676.687988 1278.684570 107.356400 1482.969971
7676.903809 1278.885986 107.356400 1483.300049
7676.903809 1279.092896 107.356400 1483.369995
7677.240234 1279.500732 107.356400 1483.979980
7677.560059 1279.910889 107.356400 1484.300049
7677.567871 1279.910889 107.356400 1484.339966
7677.919922 1280.520752 107.356400 1484.979980
7678.087891 1280.925659 107.356400 1485.300049
7678.096191 1280.925659 107.356400 1485.339966
7678.120117 1281.543701 107.356400 1485.969971
7678.295898 1281.744385 107.356400 1486.300049
7678.319824 1281.744385 107.356400 1486.339966
7678.319824 1282.366089 107.356400 1486.979980
7678.399902 1282.775269 107.356400 1487.300049
7678.399902 1282.775269 107.356400 1487.339966
7678.408203 1283.386230 107.356400 1487.989990
7678.456055 1283.800171 107.356400 1488.300049
7678.463867 1283.800171 107.356400 1488.359985
7678.496094 1284.414062 107.356400 1488.979980
7678.560059 1284.620361 107.356400 1489.300049
7678.560059 1284.620361 107.356400 1489.329956
7678.576172 1285.240601 107.356400 1489.979980
7678.624023 1285.646851 107.356400 1490.300049
7678.624023 1285.646851 107.356400 1490.329956
7678.671875 1286.263916 107.356400 1490.989990
7678.744141 1286.471313 107.356400 1491.300049
7678.744141 1286.471313 107.356400 1491.339966
7678.768066 1287.080811 107.356400 1491.979980
7678.808105 1287.282471 107.356400 1492.300049
7678.808105 1287.491455 107.356400 1492.339966
7678.808105 1288.106812 107.356400 1492.979980
7678.824219 1288.314941 107.356400 1493.300049
7678.832031 1288.314941 107.356400 1493.339966
7678.879883 1288.926758 107.356400 1493.989990
7678.879883 1289.127686 107.356400 1494.300049
7678.879883 1289.335693 107.356400 1494.339966
7678.879883 1289.745361 107.356400 1494.959961
7678.879883 1290.168823 107.356400 1495.290039
7678.879883 1290.168823 107.356400 1495.329956
7678.879883 1290.778687 107.356400 1495.969971
7678.879883 1291.189331 107.356400 1496.300049
7678.983887 1291.189331 107.356400 1496.339966
7679.000000 1291.813477 107.356400 1497.030029
7679.000000 1292.014648 107.356400 1497.290039
7679.111816 1292.014648 107.356400 1497.339966
7679.111816 1292.629395 107.356400 1497.979980
7679.111816 1293.041626 107.356400 1498.300049
7679.144043 1293.041626 107.356400 1498.369995
7679.144043 1293.654541 107.356400 1498.979980
7679.151855 1294.062622 107.356400 1499.280029
7679.167969 1294.062622 107.356400 1499.339966
7679.184082 1294.670654 107.356400 1499.979980
7679.208008 1295.089844 107.356400 1500.290039
7679.215820 1295.089844 107.356400 1500.329956
7679.264160 1295.709839 107.356400 1500.969971
7679.304199 1295.918701 107.356400 1501.300049
7679.319824 1295.918701 107.356400 1501.339966
7679.543945 1296.540283 107.356400 1501.979980
7679.744141 1296.951538 107.356400 1502.300049
7679.744141 1296.951538 107.356400 1502.339966
7679.895996 1297.571411 107.356400 1502.969971
7679.959961 1297.776855 107.356400 1503.300049
7679.959961 1297.984497 107.356400 1503.359985
7680.000000 1298.396240 107.356400 1503.969971
7680.304199 1298.809448 107.356400 1504.300049
7680.304199 1298.809448 107.356400 1504.329956
7680.335938 1299.428833 107.356400 1504.969971
7680.487793 1299.631470 107.356400 1505.290039
7680.487793 1299.832275 107.356400 1505.339966
7680.512207 1300.448853 107.356400 1505.979980
7680.799805 1300.653320 107.356400 1506.300049
7680.799805 1300.653320 107.356400 1506.329956
7680.872070 1301.266846 107.356400 1506.969971
7681.224121 1301.682861 107.356400 1507.300049
7681.224121 1301.682861 107.356400 1507.339966
7681.271973 1302.301880 107.356400 1507.979980
7681.640137 1302.502075 107.356400 1508.300049
7681.647949 1302.502075 107.356400 1508.369995
7681.735840 1303.113037 107.356400 1508.969971
7682.032227 1303.319702 107.356400 1509.300049
7682.063965 1303.527222 107.356400 1509.339966
7682.184082 1303.940796 107.356400 1509.969971
7682.647949 1304.370239 107.356400 1510.300049
7682.647949 1304.370239 107.356400 1510.339966
7683.016113 1304.978882 107.356400 1510.969971
7683.879883 1305.385742 107.356400 1511.300049
7683.888184 1305.385742 107.356400 1511.339966
7684.087891 1305.996094 107.356400 1511.969971
7684.576172 1306.202881 107.356400 1512.300049
7684.576172 1306.412720 107.356400 1512.339966
7684.808105 1307.030762 107.356400 1512.979980
7684.895996 1307.235718 107.356400 1513.300049
7684.919922 1307.235718 107.356400 1513.359985
7685.032227 1307.839478 107.356400 1513.959961
7685.111816 1308.253784 107.356400 1514.300049
7685.160156 1308.253784 107.356400 1514.339966
7685.432129 1308.866699 107.356400 1514.969971
7685.503906 1309.073242 107.356400 1515.290039
7685.600098 1309.073242 107.356400 1515.329956
7685.863770 1309.676270 107.356400 1515.979980
7685.967773 1310.086060 107.356400 1516.300049
7686.040039 1310.086060 107.356400 1516.339966
7686.104004 1310.703735 107.356400 1516.959961
7686.151855 1310.905273 107.356400 1517.300049
7686.600098 1310.905273 107.356400 1517.329956
7686.647949 1311.526489 107.356400 1517.969971
7686.680176 1311.930298 107.356400 1518.300049
7687.007812 1311.930298 107.356400 1518.359985
7687.080078 1312.539062 107.356400 1518.979980
7687.087891 1312.741577 107.356400 1519.300049
7687.472168 1312.741577 107.356400 1519.339966
7687.520020 1313.347900 107.356400 1519.959961
7687.543945 1313.761719 107.356400 1520.280029
7688.104004 1313.761719 107.356400 1520.339966
7688.111816 1314.372925 107.356400 1520.979980
7688.127930 1314.581543 107.356400 1521.290039
7688.607910 1314.581543 107.356400 1521.329956
7688.695801 1315.227539 107.356400 1521.979980
7688.695801 1315.635620 107.356400 1522.300049
7689.136230 1315.635620 107.356400 1522.319946
7689.136230 1316.247559 107.356400 1522.989990
7689.144043 1316.453491 107.356400 1523.300049
7689.439941 1316.453491 107.356400 1523.339966
7689.439941 1317.067017 107.356400 1523.989990
7689.439941 1317.272705 107.356400 1524.310059
7689.815918 1317.272705 107.356400 1524.339966
7689.824219 1318.082397 107.356400 1524.969971
7689.824219 1318.284058 107.356400 1525.310059
7690.016113 1318.284058 107.356400 1525.349976
7690.104004 1318.897217 107.356400 1525.979980
7690.104004 1319.303589 107.356400 1526.280029
7690.352051 1319.303589 107.356400 1526.339966
7690.368164 1319.920898 107.356400 1526.969971
7690.368164 1320.129639 107.356400 1527.280029
7690.888184 1320.336670 107.356400 1527.349976
7691.023926 1320.945557 107.356400 1527.979980
7691.040039 1321.151733 107.356400 1528.280029
7691.560059 1321.151733 107.356400 1528.349976
7691.735840 1321.769531 107.356400 1528.979980
7691.799805 1322.177734 107.356400 1529.280029
7692.295898 1322.177734 107.356400 1529.349976
7692.472168 1322.798584 107.356400 1529.979980
7692.487793 1323.205078 107.356400 1530.310059
7692.983887 1323.205078 107.356400 1530.359985
7693.144043 1323.815430 107.356400 1530.979980
7693.144043 1324.022217 107.356400 1531.280029
7693.527832 1324.022217 107.356400 1531.349976
7693.824219 1324.659424 107.356400 1531.979980
7693.824219 1325.071777 107.356400 1532.280029
7694.000000 1325.071777 107.356400 1532.349976
7694.295898 1325.694092 107.356400 1532.969971
7694.295898 1325.898071 107.356400 1533.280029
7694.479980 1326.115234 107.356400 1533.359985
7694.943848 1326.521362 107.356400 1533.979980
7694.943848 1326.931030 107.356400 1534.270020
7695.359863 1326.931030 107.356400 1534.359985
7695.879883 1327.548584 107.356400 1534.989990
7695.888184 1327.753662 107.356400 1535.290039
7696.200195 1327.753662 107.356400 1535.339966
7696.448242 1328.362671 107.356400 1535.969971
7696.456055 1328.774414 107.356400 1536.290039
7696.527832 1328.774414 107.356400 1536.329956
7696.967773 1329.383789 107.356400 1536.989990
7696.967773 1329.800415 107.356400 1537.290039
7696.976074 1329.800415 107.356400 1537.329956
7697.399902 1330.411987 107.356400 1537.979980
7697.408203 1330.813599 107.356400 1538.290039
7697.408203 1330.813599 107.356400 1538.349976
7697.775879 1331.423950 107.356400 1538.979980
7697.799805 1331.626709 107.356400 1539.290039
7697.799805 1331.626709 107.356400 1539.339966
7698.063965 1332.240845 107.356400 1539.989990
7698.104004 1332.449585 107.356400 1540.290039
7698.104004 1332.652466 107.356400 1540.329956
7698.479980 1333.271973 107.356400 1540.979980
7698.536133 1333.473999 107.356400 1541.290039
7698.543945 1333.473999 107.356400 1541.329956
7698.888184 1334.088623 107.356400 1541.969971
7698.952148 1334.505127 107.356400 1542.290039
7698.976074 1334.505127 107.356400 1542.339966
7699.288086 1335.127930 107.356400 1542.989990
7699.288086 1335.335327 107.356400 1543.290039
7699.312012 1335.335327 107.356400 1543.349976
7699.992188 1335.943359 107.356400 1543.989990
7699.992188 1336.355469 107.356400 1544.290039
7700.000000 1336.355469 107.356400 1544.329956
7700.255859 1336.966797 107.356400 1544.979980
7700.255859 1337.168945 107.356400 1545.290039
7700.279785 1337.370728 107.356400 1545.329956
7700.751953 1337.785400 107.356400 1545.989990
7700.759766 1338.189941 107.356400 1546.290039
7700.888184 1338.189941 107.356400 1546.329956
7701.120117 1338.804810 107.356400 1546.979980
7701.144043 1339.205688 107.356400 1547.290039
7701.288086 1339.205688 107.356400 1547.329956
7701.583984 1339.812256 107.356400 1547.959961
7701.591797 1340.019653 107.356400 1548.290039
7701.735840 1340.224487 107.356400 1548.339966
7701.936035 1340.627319 107.356400 1548.979980
7701.936035 1341.037720 107.356400 1549.290039
7702.016113 1341.037720 107.356400 1549.329956
7702.224121 1341.645996 107.356400 1549.979980
7702.231934 1342.048096 107.356400 1550.290039
7702.304199 1342.048096 107.356400 1550.329956
7702.456055 1342.670532 107.356400 1550.989990
7702.463867 1343.071167 107.356400 1551.290039
7702.520020 1343.071167 107.356400 1551.329956
7703.080078 1343.688110 107.356400 1551.989990
7703.520020 1343.890991 107.356400 1552.290039
7703.551758 1343.890991 107.356400 1552.329956
7704.000000 1344.703857 107.356400 1552.989990
7704.304199 1344.905029 107.356400 1553.290039
7704.319824 1344.905029 107.356400 1553.349976
7704.520020 1345.725098 107.356400 1553.989990
7704.704102 1345.934082 107.356400 1554.290039
7704.704102 1345.934082 107.356400 1554.329956
7704.879883 1346.554321 107.356400 1554.989990
7704.895996 1346.962891 107.356400 1555.290039
7704.903809 1346.962891 107.356400 1555.329956
7705.104004 1347.569702 107.356400 1555.989990
7705.104004 1347.774536 107.356400 1556.290039
7705.136230 1347.774536 107.356400 1556.339966
7705.503906 1348.418213 107.356400 1556.979980
7705.527832 1348.823242 107.356400 1557.300049
7705.536133 1348.823242 107.356400 1557.339966
7705.711914 1349.431763 107.356400 1558.000000
7705.720215 1349.837524 107.356400 1558.290039
7705.720215 1349.837524 107.356400 1558.339966
7705.903809 1350.447632 107.356400 1558.989990
7705.903809 1350.861450 107.356400 1559.300049
7705.903809 1350.861450 107.356400 1559.339966
7706.080078 1351.462402 107.356400 1559.969971
7706.080078 1351.662842 107.356400 1560.290039
7706.096191 1351.662842 107.356400 1560.339966
7706.399902 1352.278320 107.356400 1560.989990
7706.399902 1352.682861 107.356400 1561.290039
7706.456055 1352.682861 107.356400 1561.339966
7706.687988 1353.300903 107.356400 1561.989990
7706.744141 1353.500977 107.356400 1562.300049
7706.799805 1353.701782 107.356400 1562.339966
7707.063965 1354.314941 107.356400 1562.979980
7707.111816 1354.520630 107.356400 1563.300049
7707.127930 1354.520630 107.356400 1563.359985
7707.375977 1355.139771 107.356400 1563.989990
7707.432129 1355.550171 107.356400 1564.300049
7707.439941 1355.550171 107.356400 1564.339966
7707.527832 1356.167358 107.356400 1564.979980
7707.543945 1356.367798 107.356400 1565.300049
7707.543945 1356.575439 107.356400 1565.339966
7707.744141 1356.987793 107.356400 1565.979980
7707.815918 1357.396484 107.356400 1566.290039
7707.815918 1357.396484 107.356400 1566.329956
7707.895996 1358.012695 107.356400 1566.989990
7707.895996 1358.216064 107.356400 1567.300049
7707.895996 1358.416504 107.356400 1567.339966
7707.919922 1359.025757 107.356400 1567.989990
7707.919922 1359.226196 107.356400 1568.300049
7707.928223 1359.226196 107.356400 1568.380005
7707.928223 1359.840576 107.356400 1568.979980
7707.928223 1360.048218 107.356400 1569.300049
7707.936035 1360.253052 107.356400 1569.339966
7707.959961 1360.860596 107.356400 1569.989990
7707.983887 1361.063721 107.356400 1570.300049
7707.983887 1361.063721 107.356400 1570.349976
7708.000000 1361.678833 107.356400 1571.000000
7708.032227 1362.093750 107.356400 1571.300049
7708.040039 1362.093750 107.356400 1571.329956
7708.056152 1362.706787 107.356400 1571.989990
7708.136230 1362.914307 107.356400 1572.300049
7708.167969 1362.914307 107.356400 1572.349976
7708.191895 1363.525879 107.356400 1572.989990
7708.240234 1363.935059 107.356400 1573.300049
7708.248047 1363.935059 107.356400 1573.380005
7708.335938 1364.543945 107.356400 1573.989990
7708.344238 1364.953369 107.356400 1574.300049
7708.344238 1364.953369 107.356400 1574.349976
7708.399902 1365.562988 107.356400 1574.989990
7708.456055 1365.770996 107.356400 1575.300049
7708.456055 1365.770996 107.356400 1575.349976
7708.536133 1366.373291 107.356400 1575.989990
7708.583984 1366.781494 107.356400 1576.300049
7708.583984 1366.781494 107.356400 1576.339966
7708.680176 1367.399536 107.356400 1576.979980
7708.687988 1367.810303 107.356400 1577.300049
7708.687988 1367.810303 107.356400 1577.339966
7708.687988 1368.421265 107.356400 1577.979980
7708.687988 1368.628174 107.356400 1578.300049
7708.687988 1368.628174 107.356400 1578.359985
7708.687988 1369.248535 107.356400 1578.979980
7708.687988 1369.657837 107.356400 1579.300049
7708.687988 1369.657837 107.356400 1579.339966
7708.687988 1370.272949 107.356400 1579.979980
7708.687988 1370.474487 107.356400 1580.300049
7708.728027 1370.474487 107.356400 1580.339966
7708.728027 1371.081421 107.356400 1581.000000
7708.728027 1371.489014 107.356400 1581.300049
7708.728027 1371.489014 107.356400 1581.339966
7708.744141 1372.106567 107.356400 1582.000000
7708.744141 1372.315063 107.356400 1582.300049
7708.768066 1372.315063 107.356400 1582.329956
7708.784180 1373.131104 107.356400 1583.000000
7708.784180 1373.333130 107.356400 1583.300049
7708.808105 1373.333130 107.356400 1583.359985
7708.815918 1373.938721 107.356400 1583.989990
7708.824219 1374.142334 107.356400 1584.300049
7708.824219 1374.348877 107.356400 1584.339966
7708.832031 1374.962402 107.356400 1585.000000
7708.839844 1375.172363 107.356400 1585.300049
7708.888184 1375.172363 107.356400 1585.339966
7708.912109 1375.789429 107.356400 1585.989990
7708.928223 1376.191895 107.356400 1586.300049
7709.007812 1376.191895 107.356400 1586.339966
7709.007812 1376.814209 107.356400 1586.989990
7709.071777 1377.021851 107.356400 1587.300049
7709.144043 1377.021851 107.356400 1587.339966
7709.151855 1377.633423 107.356400 1587.969971
7709.184082 1378.034912 107.356400 1588.300049
7709.224121 1378.034912 107.356400 1588.380005
7709.224121 1378.651611 107.356400 1588.989990
7709.231934 1378.859741 107.356400 1589.300049
7709.304199 1378.859741 107.356400 1589.349976
7709.344238 1379.482300 107.356400 1589.979980
7709.399902 1379.684692 107.356400 1590.280029
7709.487793 1379.893677 107.356400 1590.349976
7709.487793 1380.505371 107.356400 1590.979980
7709.487793 1380.710327 107.356400 1591.290039
7709.567871 1380.911011 107.356400 1591.359985
7709.576172 1381.322021 107.356400 1591.969971
7709.576172 1381.729858 107.356400 1592.280029
7709.640137 1381.729858 107.356400 1592.349976
7709.640137 1382.342773 107.356400 1592.979980
7709.640137 1382.544189 107.356400 1593.300049
7709.720215 1382.753052 107.356400 1593.380005
7709.720215 1383.166992 107.356400 1593.989990
7709.720215 1383.581787 107.356400 1594.290039
7709.976074 1383.581787 107.356400 1594.329956
7709.976074 1384.194092 107.356400 1594.989990
7709.983887 1384.398926 107.356400 1595.290039
7710.080078 1384.398926 107.356400 1595.329956
7710.080078 1385.212891 107.356400 1595.989990
7710.087891 1385.414062 107.356400 1596.290039
7710.200195 1385.414062 107.356400 1596.329956
7710.200195 1386.033813 107.356400 1596.989990
7710.248047 1386.440918 107.356400 1597.290039
7710.520020 1386.440918 107.356400 1597.359985
7710.527832 1387.054932 107.356400 1597.989990
7710.583984 1387.255615 107.356400 1598.290039
7710.695801 1387.464111 107.356400 1598.380005
7710.711914 1387.878662 107.356400 1598.989990
7710.744141 1388.291870 107.356400 1599.290039
7710.848145 1388.291870 107.356400 1599.349976
7710.872070 1388.904663 107.356400 1599.989990
7710.895996 1389.312622 107.356400 1600.290039
7710.952148 1389.312622 107.356400 1600.329956
7710.959961 1389.924683 107.356400 1600.989990
7711.007812 1390.127930 107.356400 1601.290039
7711.023926 1390.127930 107.356400 1601.329956
7711.023926 1390.745483 107.356400 1601.969971
7711.040039 1391.158081 107.356400 1602.290039
7711.160156 1391.158081 107.356400 1602.329956
7711.167969 1391.781006 107.356400 1602.989990
7711.167969 1391.983521 107.356400 1603.290039
7711.184082 1392.186523 107.356400 1603.359985
7711.184082 1392.599609 107.356400 1603.989990
7711.184082 1393.010010 107.356400 1604.290039
7711.231934 1393.010010 107.356400 1604.329956
7711.231934 1393.623047 107.356400 1604.989990
7711.231934 1393.826050 107.356400 1605.290039
7711.288086 1394.026367 107.356400 1605.339966
7711.288086 1394.644165 107.356400 1605.979980
7711.295898 1394.852783 107.356400 1606.290039
7711.312012 1394.852783 107.356400 1606.329956
7711.312012 1395.464478 107.356400 1606.989990
7711.319824 1395.874756 107.356400 1607.290039
7711.335938 1395.874756 107.356400 1607.349976
7711.335938 1396.486206 107.356400 1607.979980
7711.335938 1396.898804 107.356400 1608.290039
7711.359863 1396.898804 107.356400 1608.369995
7711.368164 1397.521118 107.356400 1608.979980
7711.368164 1397.726318 107.356400 1609.290039
7711.392090 1397.726318 107.356400 1609.319946
7711.392090 1398.336182 107.356400 1609.979980
7711.631836 1398.540649 107.356400 1610.290039
7711.664062 1398.540649 107.356400 1610.319946
7711.664062 1399.352539 107.356400 1611.060059
7711.799805 1399.557129 107.356400 1611.290039
7711.824219 1399.557129 107.356400 1611.329956
7711.839844 1400.167847 107.356400 1611.989990
7711.872070 1400.584595 107.356400 1612.290039
7711.872070 1400.584595 107.356400 1612.349976
7711.879883 1401.193237 107.356400 1612.989990
7712.151855 1401.401245 107.356400 1613.300049
7712.151855 1401.401245 107.356400 1613.380005
7712.151855 1402.011230 107.356400 1613.989990
7712.175781 1402.416992 107.356400 1614.290039
7712.175781 1402.416992 107.356400 1614.359985
7712.191895 1403.031860 107.356400 1614.979980
7712.208008 1403.233154 107.356400 1615.290039
7712.208008 1403.233154 107.356400 1615.359985
7712.208008 1403.842896 107.356400 1615.989990
7712.215820 1404.256226 107.356400 1616.290039
7712.255859 1404.256226 107.356400 1616.359985
7712.255859 1404.870850 107.356400 1616.989990
7712.255859 1405.071411 107.356400 1617.300049
7712.288086 1405.071411 107.356400 1617.359985
7712.304199 1405.687744 107.356400 1617.989990
7712.319824 1406.101440 107.356400 1618.290039
7712.319824 1406.101440 107.356400 1618.369995
7712.319824 1406.709595 107.356400 1618.989990
7712.319824 1406.917236 107.356400 1619.290039
7712.319824 1407.125977 107.356400 1619.359985
7712.512207 1407.744019 107.356400 1619.989990
7712.527832 1407.952881 107.356400 1620.290039
7712.527832 1407.952881 107.356400 1620.339966
7712.895996 1408.572144 107.356400 1620.989990
7712.919922 1408.975830 107.356400 1621.290039
7712.983887 1408.975830 107.356400 1621.359985
7713.392090 1409.592163 107.356400 1621.989990
7714.768066 1409.799072 107.356400 1622.290039
7714.799805 1409.799072 107.356400 1622.359985
7715.007812 1410.412231 107.356400 1622.989990
7716.383789 1410.822876 107.356400 1623.290039
7716.503906 1410.822876 107.356400 1623.369995
7716.695801 1411.439697 107.356400 1623.979980
7717.399902 1411.852905 107.356400 1624.319946
7717.448242 1411.852905 107.356400 1624.359985
7717.607910 1412.470581 107.356400 1624.979980
7717.607910 1412.671631 107.356400 1625.290039
7717.664062 1412.671631 107.356400 1625.329956
7718.023926 1413.283447 107.356400 1626.000000
7718.023926 1413.696167 107.356400 1626.300049
7718.071777 1413.696167 107.356400 1626.359985
7718.319824 1414.315674 107.356400 1626.989990
7718.319824 1414.730469 107.356400 1627.300049
7718.344238 1414.730469 107.356400 1627.369995
7719.664062 1415.347412 107.356400 1628.000000
7719.664062 1415.549438 107.356400 1628.300049
7719.664062 1415.754150 107.356400 1628.369995
7720.943848 1416.161377 107.356400 1629.000000
7720.943848 1416.572021 107.356400 1629.300049
7721.208008 1416.572021 107.356400 1629.339966
7722.248047 1417.183594 107.356400 1629.979980
7722.248047 1417.589478 107.356400 1630.290039
7722.359863 1417.589478 107.356400 1630.369995
7723.352051 1418.211548 107.356400 1630.979980
7723.352051 1418.620117 107.356400 1631.310059
7723.423828 1418.620117 107.356400 1631.349976
7724.264160 1419.233032 107.356400 1631.979980
7724.463867 1419.437012 107.356400 1632.300049
7724.560059 1419.643921 107.356400 1632.349976
7725.007812 1420.254395 107.356400 1632.979980
7726.359863 1420.454468 107.356400 1633.310059
7726.368164 1420.658569 107.356400 1633.400024
7726.551758 1421.075073 107.356400 1633.979980
7727.288086 1421.479858 107.356400 1634.300049
7727.295898 1421.479858 107.356400 1634.349976
7727.392090 1422.101562 107.356400 1634.979980
7727.392090 1422.504517 107.356400 1635.310059
7727.399902 1422.504517 107.356400 1635.349976
7727.496094 1423.119873 107.356400 1635.979980
7727.496094 1423.323120 107.356400 1636.290039
7727.503906 1423.323120 107.356400 1636.369995
7727.631836 1423.966797 107.356400 1636.979980
7727.631836 1424.376465 107.356400 1637.300049
7727.631836 1424.376465 107.356400 1637.339966
7727.744141 1424.986572 107.356400 1637.979980
7727.744141 1425.193481 107.356400 1638.300049
7727.744141 1425.193481 107.356400 1638.359985
7727.768066 1425.805176 107.356400 1638.979980
7727.768066 1426.210449 107.356400 1639.310059
7727.784180 1426.210449 107.356400 1639.349976
7727.895996 1426.827148 107.356400 1639.979980
7727.895996 1427.029907 107.356400 1640.300049
7727.928223 1427.029907 107.356400 1640.349976
7727.928223 1427.644775 107.356400 1640.979980
7727.928223 1428.051636 107.356400 1641.310059
7727.928223 1428.051636 107.356400 1641.359985
7727.952148 1428.665405 107.356400 1641.979980
7727.952148 1428.868652 107.356400 1642.300049
7728.000000 1429.071411 107.356400 1642.349976
7728.032227 1429.487061 107.356400 1642.979980
7728.032227 1429.896729 107.356400 1643.300049
7728.071777 1429.896729 107.356400 1643.359985
7728.096191 1430.506104 107.356400 1643.989990
7728.096191 1430.915649 107.356400 1644.290039
7728.208008 1430.915649 107.356400 1644.369995
7728.215820 1431.532349 107.356400 1644.979980
7728.231934 1431.732910 107.356400 1645.310059
7728.271973 1431.936523 107.356400 1645.369995
7728.279785 1432.552002 107.356400 1645.979980
7728.279785 1432.753174 107.356400 1646.300049
7728.319824 1432.753174 107.356400 1646.349976
7728.344238 1433.408569 107.356400 1646.979980
7728.359863 1433.827515 107.356400 1647.310059
7728.368164 1433.827515 107.356400 1647.369995
7728.383789 1434.456543 107.356400 1648.000000
7728.383789 1434.875122 107.356400 1648.310059
7728.399902 1434.875122 107.356400 1648.390015
7728.408203 1435.494385 107.356400 1648.979980
7728.408203 1435.694458 107.356400 1649.310059
7728.408203 1435.897705 107.356400 1649.369995
7728.432129 1436.512573 107.356400 1649.979980
7728.432129 1436.713379 107.356400 1650.300049
7728.463867 1436.913818 107.356400 1650.369995
7728.472168 1437.520386 107.356400 1650.989990
7728.479980 1437.724976 107.356400 1651.310059
7728.496094 1437.724976 107.356400 1651.359985
7728.536133 1438.331909 107.356400 1651.989990
7728.536133 1438.532471 107.356400 1652.310059
7728.583984 1438.735229 107.356400 1652.380005
7728.671875 1439.142090 107.356400 1652.979980
7728.695801 1439.544067 107.356400 1653.310059
7728.744141 1439.544067 107.356400 1653.390015
7728.799805 1440.145386 107.356400 1653.989990
7728.815918 1440.547607 107.356400 1654.310059
7728.919922 1440.547607 107.356400 1654.369995
7728.976074 1440.963257 107.356400 1654.989990
7729.023926 1441.391357 107.356400 1655.310059
7729.023926 1441.391357 107.356400 1655.359985
7729.071777 1441.998413 107.356400 1655.989990
7729.080078 1442.205322 107.356400 1656.310059
7729.080078 1442.205322 107.356400 1656.369995
7729.167969 1442.844604 107.356400 1656.979980
7729.167969 1443.250244 107.356400 1657.310059
7729.167969 1443.250244 107.356400 1657.349976
7729.231934 1443.861572 107.356400 1657.979980
7729.288086 1444.061890 107.356400 1658.310059
7729.295898 1444.262085 107.356400 1658.390015
7729.312012 1444.870239 107.356400 1658.989990
7729.463867 1445.072632 107.356400 1659.290039
7729.479980 1445.072632 107.356400 1659.369995
7729.775879 1445.683716 107.356400 1659.989990
7729.848145 1446.090576 107.356400 1660.310059
7729.872070 1446.090576 107.356400 1660.369995
7729.967773 1446.704224 107.356400 1661.000000
7730.136230 1446.907104 107.356400 1661.300049
7730.136230 1447.113159 107.356400 1661.369995
7730.231934 1447.722290 107.356400 1662.000000
7730.359863 1447.929565 107.356400 1662.310059
7730.359863 1447.929565 107.356400 1662.359985
7730.463867 1448.549316 107.356400 1662.989990
7730.479980 1448.960327 107.356400 1663.310059
7730.487793 1448.960327 107.356400 1663.380005
7730.503906 1449.572998 107.356400 1663.989990
7730.583984 1449.781494 107.356400 1664.300049
7730.728027 1449.781494 107.356400 1664.359985
7730.799805 1450.400391 107.356400 1664.989990
7730.936035 1450.606445 107.356400 1665.310059
7731.047852 1450.814575 107.356400 1665.349976
7731.184082 1451.425903 107.356400 1665.989990
7731.231934 1451.626221 107.356400 1666.310059
7731.319824 1451.626221 107.356400 1666.349976
7731.392090 1452.264771 107.356400 1666.989990
7731.432129 1452.472046 107.356400 1667.300049
7731.439941 1452.679565 107.356400 1667.349976
7731.600098 1453.288452 107.356400 1667.989990
7731.624023 1453.490967 107.356400 1668.310059
7731.744141 1453.490967 107.356400 1668.380005
7731.839844 1454.110107 107.356400 1668.979980
7731.848145 1454.520630 107.356400 1669.300049
7732.016113 1454.520630 107.356400 1669.390015
7732.408203 1455.134888 107.356400 1670.030029
7732.423828 1455.338257 107.356400 1670.319946
7732.680176 1455.546387 107.356400 1670.359985
7732.784180 1455.955078 107.356400 1670.989990
7732.839844 1456.363159 107.356400 1671.310059
7732.992188 1456.363159 107.356400 1671.359985
7733.087891 1456.979858 107.356400 1671.979980
7733.104004 1457.179932 107.356400 1672.319946
7733.120117 1457.383789 107.356400 1672.359985
7733.248047 1457.792725 107.356400 1672.989990
7733.248047 1458.204346 107.356400 1673.310059
7733.264160 1458.204346 107.356400 1673.380005
7733.383789 1458.818481 107.356400 1673.989990
7733.383789 1459.026978 107.356400 1674.300049
7733.423828 1459.230103 107.356400 1674.359985
7733.503906 1459.841309 107.356400 1674.989990
7733.520020 1460.044189 107.356400 1675.319946
7733.543945 1460.044189 107.356400 1675.359985
7733.551758 1460.656616 107.356400 1675.989990
7733.551758 1461.057007 107.356400 1676.319946
7733.591797 1461.057007 107.356400 1676.359985
7733.687988 1461.669067 107.356400 1676.989990
7733.687988 1461.872681 107.356400 1677.319946
7733.744141 1461.872681 107.356400 1677.359985
7733.976074 1462.478394 107.356400 1677.989990
7733.976074 1462.895996 107.356400 1678.319946
7734.000000 1462.895996 107.356400 1678.390015
7734.047852 1463.511475 107.356400 1678.989990
7734.047852 1463.714966 107.356400 1679.310059
7734.120117 1463.714966 107.356400 1679.359985
7734.167969 1464.321045 107.356400 1680.020020
7734.175781 1464.733032 107.356400 1680.310059
7734.224121 1464.733032 107.356400 1680.349976
7734.344238 1465.353271 107.356400 1680.989990
7734.359863 1465.555420 107.356400 1681.290039
7734.392090 1465.555420 107.356400 1681.359985
7734.399902 1466.202026 107.356400 1681.989990
7734.487793 1466.615845 107.356400 1682.300049
7734.487793 1466.615845 107.356400 1682.359985
7734.503906 1467.229614 107.356400 1682.989990
7734.512207 1467.438477 107.356400 1683.310059
7734.527832 1467.438477 107.356400 1683.349976
7734.567871 1468.058472 107.356400 1684.000000
7734.576172 1468.470215 107.356400 1684.319946
7734.576172 1468.470215 107.356400 1684.349976
7734.640137 1469.080078 107.356400 1684.989990
7734.640137 1469.286743 107.356400 1685.300049
7734.664062 1469.286743 107.356400 1685.349976
7734.791992 1469.915283 107.356400 1685.989990
7734.791992 1470.324341 107.356400 1686.300049
7734.791992 1470.324341 107.356400 1686.359985
7734.832031 1470.939941 107.356400 1686.969971
7734.839844 1471.142456 107.356400 1687.290039
7734.848145 1471.349121 107.356400 1687.359985
7734.928223 1471.960205 107.356400 1688.000000
7734.936035 1472.161621 107.356400 1688.300049
7734.943848 1472.161621 107.356400 1688.349976
7735.040039 1472.779419 107.356400 1689.000000
7735.040039 1473.190308 107.356400 1689.300049
7735.047852 1473.190308 107.356400 1689.359985
7735.056152 1473.802002 107.356400 1690.000000
7735.056152 1474.007446 107.356400 1690.310059
7735.056152 1474.214600 107.356400 1690.369995
7735.111816 1474.623169 107.356400 1691.000000
7735.120117 1475.030396 107.356400 1691.300049
7735.127930 1475.030396 107.356400 1691.369995
7735.136230 1475.642334 107.356400 1692.000000
7735.191895 1476.060059 107.356400 1692.319946
7735.208008 1476.060059 107.356400 1692.369995
7735.208008 1476.674194 107.356400 1693.000000
7735.248047 1476.883545 107.356400 1693.310059
7735.271973 1477.092651 107.356400 1693.390015
7735.279785 1477.501831 107.356400 1693.989990
7735.304199 1477.914551 107.356400 1694.310059
7735.312012 1477.914551 107.356400 1694.369995
7735.312012 1478.529175 107.356400 1695.000000
7735.328125 1478.946533 107.356400 1695.300049
7735.328125 1478.946533 107.356400 1695.369995
7735.328125 1479.571655 107.356400 1695.969971
7735.352051 1479.778931 107.356400 1696.310059
7735.359863 1479.986450 107.356400 1696.369995
7735.359863 1480.607544 107.356400 1697.000000
7735.392090 1480.815918 107.356400 1697.290039
7735.479980 1480.815918 107.356400 1697.390015
7735.479980 1481.427368 107.356400 1698.000000
7735.520020 1481.841309 107.356400 1698.310059
7735.591797 1481.841309 107.356400 1698.390015
7735.591797 1482.448853 107.356400 1699.000000
7735.624023 1482.648926 107.356400 1699.310059
7735.631836 1482.849121 107.356400 1699.380005
7735.631836 1483.266479 107.356400 1700.000000
7735.631836 1483.684326 107.356400 1700.300049
7735.631836 1483.684326 107.356400 1700.369995
7735.631836 1484.299194 107.356400 1701.000000
7735.640137 1484.508667 107.356400 1701.310059
7735.640137 1484.508667 107.356400 1701.380005
7735.640137 1485.165161 107.356400 1701.989990
7735.640137 1485.579346 107.356400 1702.310059
7735.647949 1485.579346 107.356400 1702.380005
7735.647949 1486.199341 107.356400 1702.989990
7735.655762 1486.400879 107.356400 1703.310059
7735.655762 1486.605103 107.356400 1703.390015
7735.664062 1487.020386 107.356400 1703.989990
7735.680176 1487.435425 107.356400 1704.300049
7735.680176 1487.435425 107.356400 1704.380005
7735.680176 1488.047852 107.356400 1705.000000
7735.680176 1488.456055 107.356400 1705.310059
7735.680176 1488.456055 107.356400 1705.390015
7735.680176 1489.060425 107.356400 1705.989990
7735.680176 1489.264893 107.356400 1706.290039
7735.680176 1489.471680 107.356400 1706.359985
7735.680176 1490.097534 107.356400 1707.000000
7735.687988 1490.298706 107.356400 1707.310059
7735.695801 1490.298706 107.356400 1707.359985
7735.711914 1490.915527 107.356400 1708.010010
7735.720215 1491.124146 107.356400 1708.319946
7735.720215 1491.376343 107.356400 1708.420044
7735.720215 1491.784790 107.356400 1708.989990
7735.839844 1492.190308 107.356400 1709.300049
7735.839844 1492.190308 107.356400 1709.359985
7735.839844 1492.798218 107.356400 1710.000000
7735.992188 1493.004517 107.356400 1710.300049
7736.000000 1493.206543 107.356400 1710.359985
7736.000000 1493.824219 107.356400 1711.000000
7736.056152 1494.030884 107.356400 1711.290039
7736.056152 1494.030884 107.356400 1711.369995
7736.063965 1494.645630 107.356400 1712.010010
7736.127930 1495.047974 107.356400 1712.300049
7736.127930 1495.047974 107.356400 1712.369995
7736.127930 1495.670532 107.356400 1713.010010
7736.127930 1495.878296 107.356400 1713.300049
7736.127930 1495.878296 107.356400 1713.400024
7736.127930 1496.490845 107.356400 1714.000000
7736.127930 1496.900879 107.356400 1714.300049
7736.127930 1496.900879 107.356400 1714.369995
7736.127930 1497.520264 107.356400 1715.000000
7736.127930 1497.723511 107.356400 1715.319946
7736.184082 1497.928101 107.356400 1715.380005
7736.184082 1498.337280 107.356400 1716.000000
7736.191895 1498.739990 107.356400 1716.300049
7736.191895 1498.739990 107.356400 1716.369995
7736.191895 1499.359009 107.356400 1717.010010
7736.191895 1499.565918 107.356400 1717.300049
7736.200195 1499.775269 107.356400 1717.380005
7736.200195 1500.397339 107.356400 1717.989990
7736.200195 1500.606689 107.356400 1718.310059
7736.200195 1500.606689 107.356400 1718.390015
7736.200195 1501.222534 107.356400 1719.010010
7736.200195 1501.635132 107.356400 1719.310059
7736.200195 1501.635132 107.356400 1719.369995
7736.200195 1502.247803 107.356400 1720.010010
7736.200195 1502.453247 107.356400 1720.310059
7736.200195 1502.654541 107.356400 1720.380005
7736.200195 1503.272095 107.356400 1721.000000
7736.200195 1503.472290 107.356400 1721.310059
7736.200195 1503.472290 107.356400 1721.380005
7736.200195 1504.136108 107.356400 1722.000000
7736.200195 1504.544312 107.356400 1722.310059
7736.200195 1504.544312 107.356400 1722.369995
7736.208008 1505.162964 107.356400 1723.010010
7736.208008 1505.367432 107.356400 1723.310059
7736.208008 1505.574951 107.356400 1723.410034
7736.208008 1505.984131 107.356400 1724.010010
7736.215820 1506.386353 107.356400 1724.310059
7736.215820 1506.386353 107.356400 1724.369995
7736.224121 1507.001953 107.356400 1725.000000
7736.240234 1507.209839 107.356400 1725.310059
7736.240234 1507.209839 107.356400 1725.380005
7736.240234 1507.822144 107.356400 1726.000000
7736.279785 1508.232300 107.356400 1726.310059
7736.288086 1508.232300 107.356400 1726.380005
7736.295898 1508.839600 107.356400 1727.010010
7736.312012 1509.047974 107.356400 1727.310059
7736.319824 1509.047974 107.356400 1727.380005
7736.328125 1509.657104 107.356400 1728.010010
7736.344238 1510.073242 107.356400 1728.310059
7736.352051 1510.073242 107.356400 1728.410034
7736.352051 1510.680176 107.356400 1728.979980
7736.368164 1510.884766 107.356400 1729.310059
7736.399902 1511.092407 107.356400 1729.380005
7736.416016 1511.705322 107.356400 1730.010010
7736.448242 1511.905884 107.356400 1730.310059
7736.463867 1511.905884 107.356400 1730.380005
7736.463867 1512.526855 107.356400 1730.979980
7736.487793 1512.930176 107.356400 1731.310059
7736.496094 1512.930176 107.356400 1731.380005
7736.536133 1513.539917 107.356400 1732.000000
7736.631836 1513.749390 107.356400 1732.310059
7736.631836 1513.958984 107.356400 1732.380005
7736.640137 1514.573608 107.356400 1732.989990
7736.695801 1514.778931 107.356400 1733.310059
7736.704102 1514.778931 107.356400 1733.400024
7736.704102 1515.398193 107.356400 1734.000000
7736.744141 1515.815918 107.356400 1734.310059
7736.744141 1515.815918 107.356400 1734.390015
7736.744141 1516.436157 107.356400 1735.000000
7736.791992 1516.636719 107.356400 1735.319946
7736.791992 1516.839233 107.356400 1735.359985
7736.791992 1517.460205 107.356400 1736.010010
7736.824219 1517.660645 107.356400 1736.310059
7736.824219 1517.660645 107.356400 1736.359985
7736.824219 1518.275391 107.356400 1736.979980
7736.888184 1518.681519 107.356400 1737.319946
7736.928223 1518.681519 107.356400 1737.359985
7736.928223 1519.294556 107.356400 1738.000000
7736.936035 1519.502197 107.356400 1738.319946
7736.943848 1519.502197 107.356400 1738.380005
7736.943848 1520.115112 107.356400 1738.989990
7736.943848 1520.317749 107.356400 1739.310059
7737.000000 1520.526855 107.356400 1739.359985
7737.000000 1521.142212 107.356400 1740.010010
7737.000000 1521.349976 107.356400 1740.319946
7737.016113 1521.549927 107.356400 1740.380005
7737.087891 1522.163818 107.356400 1741.020020
7737.087891 1522.366821 107.356400 1741.290039
7737.096191 1522.366821 107.356400 1741.359985
7737.096191 1522.982666 107.356400 1742.020020
7737.096191 1523.190186 107.356400 1742.319946
7737.104004 1523.393799 107.356400 1742.380005
7737.104004 1524.006104 107.356400 1743.020020
7737.104004 1524.209351 107.356400 1743.319946
7737.104004 1524.409912 107.356400 1743.430054
7737.104004 1524.817627 107.356400 1744.020020
7737.127930 1525.219971 107.356400 1744.319946
7737.136230 1525.219971 107.356400 1744.390015
7737.136230 1525.825073 107.356400 1745.010010
7737.167969 1526.028564 107.356400 1745.319946
7737.167969 1526.234497 107.356400 1745.380005
7737.167969 1526.647949 107.356400 1746.020020
7737.167969 1527.052490 107.356400 1746.319946
7737.167969 1527.052490 107.356400 1746.390015
7737.167969 1527.672241 107.356400 1747.000000
7737.167969 1527.875732 107.356400 1747.319946
7737.167969 1528.082275 107.356400 1747.410034
7737.175781 1528.497559 107.356400 1748.020020
7737.191895 1528.902588 107.356400 1748.319946
7737.191895 1528.902588 107.356400 1748.420044
7737.279785 1529.518799 107.356400 1749.000000
7737.295898 1529.725586 107.356400 1749.319946
7737.295898 1529.925659 107.356400 1749.420044
7737.304199 1530.536499 107.356400 1750.010010
7737.304199 1530.736816 107.356400 1750.319946
7737.335938 1530.942749 107.356400 1750.420044
7737.520020 1531.355835 107.356400 1751.020020
7737.536133 1531.770264 107.356400 1751.319946
7737.616211 1531.770264 107.356400 1751.400024
7737.640137 1532.381592 107.356400 1752.020020
7737.647949 1532.586914 107.356400 1752.319946
7737.704102 1532.789062 107.356400 1752.410034
7737.704102 1533.203369 107.356400 1753.010010
7737.711914 1533.614868 107.356400 1753.319946
7737.768066 1533.614868 107.356400 1753.420044
7737.768066 1534.232544 107.356400 1754.020020
7737.824219 1534.440674 107.356400 1754.319946
7737.895996 1534.648193 107.356400 1754.410034
7737.895996 1535.257935 107.356400 1755.020020
7738.007812 1535.461792 107.356400 1755.319946
7738.056152 1535.669434 107.356400 1755.420044
7738.056152 1536.074951 107.356400 1756.030029
7738.175781 1536.491577 107.356400 1756.329956
7738.224121 1536.491577 107.356400 1756.400024
7738.224121 1537.104614 107.356400 1757.020020
7738.319824 1537.313965 107.356400 1757.319946
7738.392090 1537.520874 107.356400 1757.410034
7738.392090 1537.927490 107.356400 1758.010010
7738.456055 1538.334961 107.356400 1758.329956
7738.479980 1538.334961 107.356400 1758.430054
7738.479980 1538.954346 107.356400 1759.030029
7738.543945 1539.155273 107.356400 1759.329956
7738.543945 1539.361328 107.356400 1759.420044
7738.607910 1539.567139 107.356400 1760.030029
7738.784180 1539.567139 107.356400 1760.319946
7738.784180 1539.567139 107.356400 1760.400024
7738.919922 1539.567139 107.356400 1761.030029
7739.056152 1539.567139 107.356400 1761.329956
7739.071777 1539.567139 107.356400 1761.420044
7739.144043 1539.567139 107.356400 1762.030029
7739.335938 1539.567139 107.356400 1762.329956
7739.368164 1539.567139 107.356400 1762.400024
7739.383789 1539.567139 107.356400 1763.010010
7739.936035 1539.567139 107.356400 1763.329956
7740.056152 1539.567139 107.356400 1763.430054
7740.104004 1539.567139 107.356400 1764.020020
7740.799805 1539.567139 107.356400 1764.329956
7740.855957 1539.567139 107.356400 1764.420044
7740.919922 1539.567139 107.356400 1765.000000
7741.711914 1539.567139 107.356400 1765.329956
7741.775879 1539.567139 107.356400 1765.410034
7741.832031 1539.567139 107.356400 1766.010010
7742.023926 1539.567139 107.356400 1766.319946
7742.087891 1539.567139 107.356400 1766.410034
7742.096191 1539.567139 107.356400 1767.000000
7742.215820 1539.567139 107.356400 1767.329956
7742.255859 1539.567139 107.356400 1767.400024
7742.288086 1539.567139 107.356400 1768.010010
7742.496094 1539.567139 107.356400 1768.329956
7742.512207 1539.567139 107.356400 1768.430054
7742.600098 1539.567139 107.356400 1769.000000
7742.735840 1539.567139 107.356400 1769.329956
7742.768066 1539.567139 107.356400 1769.400024
7742.872070 1539.567139 107.356400 1770.010010
7743.007812 1539.567139 107.356400 1770.329956
7743.023926 1539.567139 107.356400 1770.420044
7743.104004 1539.567139 107.356400 1771.000000
7743.319824 1539.567139 107.356400 1771.319946
7743.335938 1539.567139 107.356400 1771.400024
7743.375977 1539.567139 107.356400 1772.010010
7743.487793 1539.567139 107.356400 1772.339966
7743.520020 1539.567139 107.356400 1772.390015
7743.520020 1539.567139 107.356400 1773.010010
7743.567871 1539.567139 107.356400 1773.339966
7743.576172 1539.567139 107.356400 1773.430054
7743.583984 1539.567139 107.356400 1774.020020
7743.616211 1539.567139 107.356400 1774.319946
7743.624023 1539.567139 107.356400 1774.400024
7743.631836 1539.567139 107.356400 1775.010010
7743.640137 1539.567139 107.356400 1775.329956
7743.640137 1539.567139 107.356400 1775.400024
7743.680176 1539.567139 107.356400 1776.000000
7743.728027 1539.567139 107.356400 1776.329956
7743.744141 1539.567139 107.356400 1776.410034
7743.759766 1539.567139 107.356400 1777.020020
7743.848145 1539.567139 107.356400 1777.329956
7743.888184 1539.567139 107.356400 1777.430054
7743.888184 1539.567139 107.356400 1778.010010
7743.943848 1539.567139 107.356400 1778.329956
7743.967773 1539.567139 107.356400 1778.400024
7743.967773 1539.567139 107.356400 1779.000000
7744.007812 1539.567139 107.356400 1779.329956
7744.032227 1539.567139 107.356400 1779.400024
7744.032227 1539.567139 107.356400 1780.030029
7744.080078 1539.567139 107.356400 1780.319946
7744.096191 1539.567139 107.356400 1780.400024
7744.096191 1539.567139 107.356400 1781.020020
7744.127930 1539.567139 107.356400 1781.300049
7744.160156 1539.567139 107.356400 1781.410034
7744.160156 1539.567139 107.356400 1782.020020
7744.175781 1539.567139 107.356400 1782.329956
7744.184082 1539.567139 107.356400 1782.420044
7744.184082 1539.567139 107.356400 1783.010010
7744.200195 1539.567139 107.356400 1783.329956
7744.215820 1539.567139 107.356400 1783.430054
7744.231934 1539.567139 107.356400 1784.010010
7744.248047 1539.567139 107.356400 1784.329956
7744.248047 1539.567139 107.356400 1784.410034
7744.479980 1539.567139 107.356400 1785.010010
7744.512207 1539.567139 107.356400 1785.339966
7744.527832 1539.567139 107.356400 1785.410034
7744.543945 1539.567139 107.356400 1786.010010
7744.551758 1539.567139 107.356400 1786.319946
7744.567871 1539.567139 107.356400 1786.430054
7744.576172 1539.567139 107.356400 1787.010010
7744.631836 1539.567139 107.356400 1787.329956
7744.640137 1539.567139 107.356400 1787.420044
7744.647949 1539.567139 107.356400 1788.010010
7744.655762 1539.567139 107.356400 1788.319946
7744.680176 1539.567139 107.356400 1788.420044
7744.744141 1539.567139 107.356400 1789.010010
7744.751953 1539.567139 107.356400 1789.329956
7744.768066 1539.567139 107.356400 1789.420044
7744.895996 1539.567139 107.356400 1790.020020
7744.895996 1539.567139 107.356400 1790.329956
7744.895996 1539.567139 107.356400 1790.420044
7744.992188 1539.567139 107.356400 1791.010010
7745.007812 1539.567139 107.356400 1791.339966
7745.007812 1539.567139 107.356400 1791.420044
7745.096191 1539.567139 107.356400 1792.010010
7745.120117 1539.567139 107.356400 1792.329956
7745.127930 1539.567139 107.356400 1792.420044
7745.200195 1539.567139 107.356400 1793.000000
7745.208008 1539.567139 107.356400 1793.310059
7745.231934 1539.567139 107.356400 1793.410034
7745.304199 1539.567139 107.356400 1794.000000
7745.312012 1539.567139 107.356400 1794.319946
7745.312012 1539.567139 107.356400 1794.420044
7745.383789 1539.567139 107.356400 1795.010010
7745.416016 1539.567139 107.356400 1795.319946
7745.416016 1539.567139 107.356400 1795.420044
7745.423828 1539.567139 107.356400 1796.010010
7745.448242 1539.567139 107.356400 1796.310059
7745.448242 1539.567139 107.356400 1796.420044
7745.503906 1539.567139 107.356400 1797.010010
7745.512207 1539.567139 107.356400 1797.310059
7745.512207 1539.567139 107.356400 1797.410034
7745.583984 1539.567139 107.356400 1798.010010
7745.583984 1539.567139 107.356400 1798.319946
7745.583984 1539.567139 107.356400 1798.420044
7745.600098 1539.567139 107.356400 1799.020020
7745.607910 1539.567139 107.356400 1799.319946
7745.616211 1539.567139 107.356400 1799.420044
7745.631836 1539.567139 107.356400 1800.020020
7745.664062 1539.567139 107.356400 1800.319946
7745.664062 1539.567139 107.356400 1800.390015
7745.687988 1539.567139 107.356400 1801.020020
7745.704102 1539.567139 107.356400 1801.319946
7745.711914 1539.567139 107.356400 1801.420044
7745.711914 1539.567139 107.356400 1802.020020
7745.711914 1539.567139 107.356400 1802.319946
7745.711914 1539.567139 107.356400 1802.410034
7745.728027 1539.567139 107.356400 1803.020020
7745.735840 1539.567139 107.356400 1803.319946
7745.735840 1539.567139 107.356400 1803.420044
7745.735840 1539.567139 107.356400 1804.010010
7745.759766 1539.567139 107.356400 1804.310059
7745.759766 1539.567139 107.356400 1804.420044
7745.768066 1539.567139 107.356400 1805.020020
7745.768066 1539.567139 107.356400 1805.319946
7745.768066 1539.567139 107.356400 1805.400024
7745.784180 1539.567139 107.356400 1806.020020
7745.799805 1539.567139 107.356400 1806.319946
7745.808105 1539.567139 107.356400 1806.400024
7745.808105 1539.567139 107.356400 1807.020020
7745.808105 1539.567139 107.356400 1807.310059
7745.808105 1539.567139 107.356400 1807.390015
7745.808105 1539.567139 107.356400 1808.020020
7745.815918 1539.567139 107.356400 1808.319946
7745.815918 1539.567139 107.356400 1808.430054
7745.832031 1539.567139 107.356400 1809.020020
7745.832031 1539.567139 107.356400 1809.319946
7745.832031 1539.567139 107.356400 1809.410034
7745.832031 1539.567139 107.356400 1810.020020
7745.832031 1539.567139 107.356400 1810.310059
7745.832031 1539.567139 107.356400 1810.420044
7745.832031 1539.567139 107.356400 1811.020020
7745.839844 1539.567139 107.356400 1811.310059
7745.839844 1539.567139 107.356400 1811.400024
7745.839844 1539.567139 107.356400 1812.010010
7745.839844 1539.567139 107.356400 1812.319946
7745.839844 1539.567139 107.356400 1812.410034
7745.848145 1539.567139 107.356400 1813.010010
7745.848145 1539.567139 107.356400 1813.329956
7745.848145 1539.567139 107.356400 1813.430054
