0.000003 -0.000003 0.431415 0.000046 -0.000047 -0.000012 0.000000
-0.000016 -0.000024 0.634367 -0.000021 0.000020 -0.000041 0.270000
-0.000014 -0.000048 0.838989 0.000061 0.000111 -0.000003 0.490000
0.000025 -0.000084 1.045678 -0.000069 -0.000040 0.000031 0.690000
0.000051 -0.000097 1.252700 -0.000064 -0.000052 0.000055 0.880000
0.000058 -0.000086 1.463627 -0.000033 -0.000036 0.000071 1.070000
0.000052 -0.000064 1.674639 -0.000008 -0.000019 0.000080 1.260000
0.000040 -0.000040 1.883297 0.000008 -0.000004 0.000084 1.450000
0.000026 -0.000019 2.087865 0.000016 0.000005 0.000082 1.640000
0.000014 -0.000004 2.296222 0.000016 0.000009 0.000076 1.840000
0.000004 0.000005 2.500204 0.000014 0.000010 0.000065 2.090000
0.000000 0.000002 2.294990 -0.000001 0.000001 0.000021 2.930000
0.000002 -0.000000 2.089412 -0.000002 -0.000000 0.000012 3.130000
0.000003 -0.000002 1.881706 -0.000002 -0.000001 0.000005 3.310000
0.000004 -0.000003 1.675470 -0.000001 -0.000001 -0.000001 3.480000
0.000005 -0.000003 1.465801 -0.000001 -0.000001 -0.000005 3.650000
0.000018 -0.000003 1.258795 -0.000002 0.004230 -0.000008 3.820000
0.002848 -0.000001 1.057652 -0.000077 0.051237 -0.000012 4.000000
0.031341 0.000052 0.859388 -0.000422 0.108545 -0.000024 4.220000
0.150600 0.000478 0.692033 -0.000846 0.121793 -0.000017 4.510000
0.340715 0.001435 0.623600 -0.000762 0.097627 0.000070 4.770000
0.542973 0.002609 0.608928 -0.000323 0.005364 0.000245 4.990000
0.746077 0.003922 0.620254 0.000421 -0.082739 0.000442 5.220000
0.945819 0.005231 0.655429 0.000335 -0.162522 0.000587 5.560000
1.059813 0.002245 0.822267 0.001406 0.106463 -0.004241 6.400000
1.213256 -0.001878 0.950816 -0.000076 0.082909 -0.008099 6.700000
1.382851 -0.005452 1.067906 0.001136 0.052658 -0.012889 6.940000
1.557113 -0.009830 1.169294 0.011252 0.050932 -0.020189 7.160000
1.745407 -0.019324 1.250716 0.017949 0.049855 -0.031324 7.380000
1.944698 -0.036587 1.306970 0.016684 0.027482 -0.046387 7.600000
2.146896 -0.060871 1.339052 0.012646 0.028200 -0.063528 7.820000
2.350790 -0.090301 1.351304 0.005800 0.014803 -0.082103 8.040000
2.551281 -0.120370 1.349173 -0.023658 0.006958 -0.099315 8.260000
2.755414 -0.139291 1.337805 -0.048377 0.018913 -0.112730 8.490000
2.959013 -0.135376 1.322349 -0.044624 0.007176 -0.118343 8.720000
3.159370 -0.109921 1.306428 -0.037189 0.019111 -0.117529 8.950000
3.360251 -0.068408 1.292459 -0.022323 0.015843 -0.108737 9.180000
3.560040 -0.019806 1.282035 0.013129 0.017667 -0.095741 9.410000
3.758384 0.019160 1.276515 0.038140 0.037292 -0.082883 9.640000
3.961488 0.036220 1.275709 0.040808 0.025141 -0.074450 9.870000
4.166314 0.030999 1.278346 0.032657 0.033070 -0.070438 10.100000
4.365934 0.009749 1.283132 0.021572 0.025886 -0.072930 10.320000
4.566973 -0.021464 1.287404 0.013959 0.021576 -0.080606 10.540000
4.767384 -0.058376 1.288605 0.008484 0.028821 -0.092401 10.760000
4.970303 -0.098569 1.285643 0.004627 0.033130 -0.107230 10.980000
5.168119 -0.138557 1.278958 0.001986 0.033893 -0.122675 11.190000
5.369591 -0.179080 1.269439 -0.001170 0.014983 -0.137995 11.400000
5.568400 -0.217739 1.260405 -0.012256 0.008265 -0.150981 11.610000
5.771559 -0.251411 1.255668 -0.021296 0.021142 -0.159978 11.830000
5.975308 -0.275334 1.258031 -0.022035 0.027072 -0.162456 12.050000
6.182679 -0.290012 1.267450 -0.018018 0.025839 -0.157780 12.270000
6.382731 -0.296882 1.279632 -0.022824 0.018751 -0.146805 12.480000
6.582744 -0.295058 1.290039 -0.030654 0.022590 -0.129918 12.690000
6.783351 -0.282154 1.295894 -0.027178 0.009687 -0.107413 12.900000
6.989379 -0.257869 1.295997 -0.020640 0.009953 -0.082596 13.120000
7.190588 -0.225752 1.290187 -0.014993 0.019709 -0.060382 13.340000
7.389826 -0.189645 1.280938 0.006563 0.013947 -0.042754 13.560000
7.594980 -0.157470 1.271869 0.027389 0.025706 -0.031024 13.790000
7.801043 -0.140609 1.265905 0.031855 0.020064 -0.026906 14.020000
8.006639 -0.140768 1.263821 0.026459 0.023020 -0.026688 14.250000
8.212296 -0.154279 1.265532 0.009995 0.025738 -0.027268 14.480000
8.420365 -0.172263 1.270171 -0.012426 0.033117 -0.026015 14.710000
8.623165 -0.183764 1.275997 -0.018948 -0.005151 -0.020934 14.930000
8.827258 -0.186240 1.281648 -0.011107 -0.085777 -0.012281 15.170000
9.027985 -0.178773 1.285675 0.000615 -0.103954 0.001073 15.540000
9.232443 -0.182260 1.300116 0.012229 0.115685 -0.001074 16.440001
9.436693 -0.201303 1.314262 0.006612 0.099567 -0.017459 16.740000
9.641349 -0.219812 1.326228 -0.002965 0.063152 -0.030650 16.969999
9.847773 -0.235542 1.337644 -0.011938 0.043824 -0.039913 17.180000
10.052430 -0.246039 1.348654 -0.013982 0.021516 -0.044661 17.379999
10.256362 -0.251182 1.359234 -0.011811 0.006816 -0.045679 17.580000
10.463913 -0.251669 1.369944 -0.008334 0.011914 -0.043333 17.790001
10.665681 -0.248786 1.380248 -0.006430 0.002998 -0.037520 18.000000
10.869136 -0.242650 1.389691 -0.013712 0.013540 -0.027504 18.219999
11.068781 -0.230785 1.397291 -0.018831 0.028640 -0.012880 18.440001
11.270962 -0.211224 1.402990 -0.017996 0.031577 0.006342 18.660000
11.477397 -0.184374 1.407024 -0.013767 0.033579 0.029147 18.879999
11.677857 -0.153768 1.409444 -0.006324 0.008748 0.053152 19.090000
11.881823 -0.121058 1.408935 0.016748 -0.003656 0.076964 19.309999
12.084336 -0.096696 1.402988 0.035822 0.017243 0.097292 19.540001
12.284365 -0.089774 1.391853 0.033935 0.010640 0.109403 19.770000
12.490688 -0.100025 1.375300 0.026879 0.023674 0.113777 20.010000
12.691310 -0.121329 1.358192 0.012999 0.039125 0.109362 20.240000
12.891609 -0.145024 1.344881 0.000970 0.039075 0.098014 20.459999
13.099799 -0.166395 1.336340 -0.005413 0.037051 0.081543 20.680000
13.304370 -0.182287 1.333012 -0.006957 0.034894 0.063099 20.889999
13.512958 -0.193598 1.333825 -0.007115 0.009718 0.043935 21.100000
13.715793 -0.200900 1.338430 -0.011200 -0.008472 0.026110 21.309999
13.924121 -0.203161 1.348266 -0.013081 0.014625 0.010749 21.540001
14.126755 -0.198780 1.362925 -0.010555 0.011382 0.001716 21.770000
14.332885 -0.188927 1.379691 -0.004056 0.011164 -0.003495 22.010000
14.534723 -0.177418 1.391858 0.002598 0.031270 -0.005991 22.250000
14.741105 -0.167853 1.396751 0.005066 0.026739 -0.006938 22.490000
14.942888 -0.161751 1.394119 0.004894 0.031161 -0.006711 22.719999
15.149340 -0.158464 1.385270 0.003235 0.031466 -0.005672 22.950001
15.350905 -0.156984 1.374321 -0.000857 0.024912 -0.003597 23.170000
15.554196 -0.155269 1.365237 -0.004171 0.030831 0.000226 23.389999
15.761264 -0.151777 1.359994 -0.005195 0.031250 0.005828 23.610001
15.962694 -0.146318 1.359239 -0.004719 0.032925 0.012161 23.820000
16.167807 -0.138980 1.362214 -0.003246 0.011113 0.018936 24.030001
16.374004 -0.130245 1.366959 -0.000742 -0.070708 0.025982 24.250000
16.575230 -0.120568 1.375790 0.001942 -0.175412 0.033449 24.540001
16.777042 -0.133341 1.382433 0.024319 0.118082 0.014282 25.410000
16.977867 -0.167928 1.385389 0.015183 0.098423 -0.013186 25.719999
17.175560 -0.202006 1.386925 0.003991 0.050093 -0.038700 25.950001
17.380354 -0.235317 1.388202 -0.015930 0.028213 -0.062695 26.170000
17.579193 -0.259961 1.389838 -0.025425 0.026581 -0.082077 26.379999
17.779312 -0.273957 1.391802 -0.023148 0.009973 -0.095715 26.590000
17.985189 -0.278081 1.393945 -0.017915 0.017164 -0.103545 26.809999
18.189108 -0.274572 1.396338 -0.011567 0.016527 -0.103396 27.030001
18.390707 -0.266473 1.397724 -0.010314 0.013385 -0.095521 27.250000
18.598101 -0.253970 1.396049 -0.012320 0.025905 -0.079576 27.480000
18.798359 -0.237882 1.390659 -0.012504 0.032742 -0.058392 27.700001
19.003613 -0.217817 1.381628 -0.010577 0.033640 -0.035802 27.920000
19.204233 -0.195642 1.370321 -0.005070 0.023609 -0.016406 28.129999
19.405027 -0.173033 1.358054 0.010422 0.011847 -0.001447 28.340000
19.611189 -0.155102 1.346148 0.021035 0.022206 0.007813 28.559999
19.816788 -0.147430 1.336346 0.022599 0.027587 0.009941 28.780001
20.024910 -0.150336 1.328947 0.018777 0.033545 0.006509 29.000000
20.227604 -0.160956 1.323839 0.010556 0.023763 -0.000535 29.209999
20.430801 -0.175186 1.319795 -0.005741 0.018546 -0.008339 29.420000
20.632215 -0.186603 1.316069 -0.016511 0.021383 -0.014364 29.629999
20.841261 -0.190972 1.312155 -0.017884 0.007519 -0.016945 29.850000
21.044703 -0.187045 1.307793 -0.015480 0.020135 -0.015464 30.070000
21.246513 -0.176374 1.302900 -0.010570 0.013353 -0.008826 30.290001
21.453297 -0.160850 1.298112 -0.002091 0.008262 0.001319 30.520000
21.654331 -0.144942 1.294945 0.003751 0.027644 0.011771 30.750000
21.856810 -0.131480 1.294102 0.005584 0.018396 0.020336 30.980000
22.059349 -0.121232 1.295301 0.004681 0.029011 0.024995 31.209999
22.265360 -0.113556 1.298179 0.004731 0.031627 0.024165 31.440001
22.467348 -0.108684 1.301660 0.009400 0.035190 0.018910 31.660000
22.675322 -0.107988 1.305085 0.011179 0.030759 0.010373 31.879999
22.876720 -0.111911 1.307891 0.009252 0.013729 0.000273 32.090000
23.084410 -0.119949 1.309997 0.006341 0.021205 -0.010829 32.310001
23.290630 -0.130589 1.311168 0.001330 0.016099 -0.021655 32.529999
23.494404 -0.141129 1.310509 -0.010742 0.019843 -0.029954 32.750000
23.697186 -0.146720 1.307492 -0.017208 0.025187 -0.033629 32.970001
23.900354 -0.144768 1.302231 -0.016079 0.014044 -0.031736 33.189999
24.100893 -0.135817 1.294919 -0.012735 0.024269 -0.024876 33.410000
24.301453 -0.121755 1.286176 -0.007323 -0.001120 -0.012903 33.630001
24.504574 -0.103675 1.276414 0.001947 -0.080027 0.003615 33.869999
24.703365 -0.082158 1.266099 0.009880 -0.126098 0.027772 34.230000
24.903435 -0.097517 1.256354 0.026564 0.128852 0.026974 35.009998
25.108870 -0.132207 1.256381 0.016229 0.101613 0.011553 35.299999
25.310432 -0.164937 1.255899 -0.003629 0.055562 0.001707 35.520000
25.518620 -0.193297 1.255931 -0.019143 0.038326 -0.004061 35.730000
25.722746 -0.211945 1.256545 -0.023568 0.028126 -0.006139 35.930000
25.928469 -0.220937 1.257630 -0.021270 0.023996 -0.005540 36.130001
26.133730 -0.221487 1.259119 -0.015698 0.018165 -0.002818 36.330002
26.336073 -0.215866 1.260718 -0.014873 0.008035 0.001944 36.529999
26.542294 -0.203884 1.261797 -0.020185 0.013424 0.009775 36.740002
26.743866 -0.184124 1.261966 -0.019943 0.011079 0.021550 36.950001
26.949232 -0.155527 1.261080 -0.015015 0.006416 0.037860 37.169998
27.147726 -0.121279 1.259086 -0.010418 0.021676 0.057802 37.389999
27.352777 -0.081865 1.256292 -0.000413 -0.001110 0.082027 37.619999
27.557291 -0.043513 1.253594 0.022866 0.013265 0.106435 37.860001
27.758617 -0.018217 1.251918 0.031725 0.031776 0.125590 38.099998
27.958885 -0.009118 1.251663 0.029514 0.041261 0.136191 38.330002
28.161131 -0.012009 1.252509 0.022280 0.039997 0.137980 38.549999
28.363033 -0.021830 1.254581 0.013790 0.037754 0.132219 38.759998
28.571581 -0.034918 1.258861 0.005937 0.032051 0.119787 38.970001
28.773853 -0.047715 1.265292 0.001140 0.029238 0.102736 39.169998
28.977907 -0.059279 1.273872 -0.001248 0.024858 0.082372 39.369999
29.182087 -0.069080 1.284316 -0.001866 0.022020 0.060537 39.570000
29.384594 -0.077219 1.295348 -0.002379 0.006156 0.039074 39.770000
29.590492 -0.084243 1.303309 -0.002857 0.008136 0.018321 39.980000
29.799425 -0.089945 1.304347 -0.002441 0.017041 -0.000366 40.200001
30.004791 -0.094181 1.298968 -0.003472 0.014547 -0.014929 40.419998
30.207064 -0.096696 1.291890 -0.005126 0.025401 -0.024626 40.639999
30.409977 -0.097044 1.286171 -0.005054 0.016656 -0.029141 40.860001
30.611160 -0.095303 1.283135 -0.003890 0.018901 -0.029408 41.080002
30.820150 -0.091923 1.283505 -0.002719 0.023495 -0.026251 41.310001
31.027895 -0.087605 1.286883 -0.002078 0.001578 -0.020413 41.540001
31.235968 -0.082225 1.292047 -0.002745 0.020160 -0.012090 41.779999
31.443283 -0.075755 1.298087 -0.002198 0.034916 -0.002343 42.020000
31.648746 -0.069436 1.302945 0.010479 0.040354 0.005508 42.250000
31.853724 -0.068264 1.305056 0.019674 0.037168 0.008968 42.470001
32.054642 -0.075118 1.304191 0.019086 0.015417 0.007287 42.680000
32.262775 -0.090373 1.300346 0.015447 0.017034 0.000629 42.900002
32.467560 -0.111892 1.294154 0.009077 -0.007173 -0.011689 43.119999
32.671814 -0.138401 1.286187 -0.001801 -0.083757 -0.029197 43.360001
32.869465 -0.169483 1.276394 -0.011968 -0.125416 -0.056115 43.720001
33.067562 -0.206665 1.255703 0.007667 0.130998 -0.098702 44.529999
33.272442 -0.241109 1.245564 0.004293 0.100176 -0.114863 44.820000
33.471703 -0.273755 1.236581 -0.010246 0.042493 -0.126495 45.040001
33.673256 -0.301275 1.230789 -0.033161 0.025209 -0.134381 45.250000
33.877655 -0.315469 1.229463 -0.039759 0.013226 -0.137418 45.459999
34.080021 -0.313338 1.232410 -0.034258 0.004184 -0.135303 45.669998
34.286156 -0.296156 1.239619 -0.026984 0.015077 -0.127812 45.889999
34.489128 -0.268354 1.250207 -0.015120 0.006480 -0.114082 46.110001
34.694374 -0.233912 1.262612 0.000725 0.001917 -0.095611 46.340000
34.899685 -0.200530 1.274266 0.014349 0.024800 -0.074241 46.580002
35.105709 -0.177228 1.282997 0.017220 0.026107 -0.053247 46.820000
35.305752 -0.165445 1.288022 0.014172 0.027948 -0.034662 47.049999
35.509285 -0.161811 1.290156 0.008951 0.033185 -0.018430 47.279999
35.717789 -0.163209 1.290008 0.004329 0.025095 -0.005336 47.509998
35.919235 -0.166675 1.288548 0.001312 0.029726 0.004221 47.730000
36.123154 -0.170566 1.286448 -0.000492 0.015473 0.010979 47.950001
36.324936 -0.173998 1.284081 -0.000985 0.019742 0.016212 48.169998
36.525654 -0.176683 1.281931 -0.000739 0.026272 0.021275 48.389999
36.727467 -0.178494 1.279476 -0.003585 0.018200 0.026509 48.610001
36.928345 -0.178349 1.275823 -0.005837 0.028265 0.031522 48.830002
37.130810 -0.175236 1.270738 -0.005729 0.017941 0.036216 49.049999
37.331795 -0.169368 1.264151 -0.004309 0.019051 0.040205 49.270000
37.531563 -0.161457 1.256451 -0.002472 0.022658 0.043419 49.490002
37.738678 -0.152380 1.248773 0.008280 0.001912 0.045282 49.720001
37.946426 -0.147993 1.243821 0.022770 0.020507 0.043600 49.959999
38.154205 -0.155472 1.243405 0.026282 0.033601 0.037365 50.200001
38.360077 -0.174994 1.247233 0.022783 0.039084 0.030257 50.430000
38.565342 -0.202795 1.253700 0.009981 0.037441 0.025414 50.650002
38.767830 -0.231459 1.258699 -0.016516 0.033188 0.024553 50.860001
38.974236 -0.251928 1.259947 -0.031602 0.025665 0.028814 51.070000
39.179607 -0.258581 1.257088 -0.026789 -0.002585 0.037701 51.279999
39.384258 -0.253721 1.250608 -0.008775 0.009951 0.046544 51.500000
39.591740 -0.244184 1.241727 0.003672 0.017532 0.053514 51.730000
39.796902 -0.236268 1.231959 0.009079 0.019102 0.056826 51.959999
40.001183 -0.232612 1.222048 0.010292 0.028042 0.055896 52.189999
40.207737 -0.233427 1.213386 0.007032 0.018903 0.050859 52.419998
40.414177 -0.237207 1.208358 0.002988 0.028327 0.043328 52.650002
40.614479 -0.241581 1.207897 0.000664 0.034237 0.034772 52.869999
40.820667 -0.245530 1.211639 -0.000454 0.039516 0.025786 53.090000
41.023838 -0.248507 1.217857 -0.001227 0.010047 0.017487 53.299999
41.227962 -0.250833 1.224646 -0.002002 -0.072032 0.009652 53.520000
41.429634 -0.252785 1.231299 -0.001220 -0.115416 0.000845 53.810001
41.630016 -0.253283 1.247392 -0.005745 0.118835 -0.004663 54.669998
41.830467 -0.247044 1.265718 -0.005141 0.105274 0.002540 55.020000
42.030701 -0.239376 1.281305 -0.003014 0.083177 0.008250 55.259998
42.233719 -0.231525 1.295287 0.008055 0.039299 0.011535 55.470001
42.434589 -0.227751 1.307601 0.032505 0.020395 0.011441 55.669998
42.634396 -0.236045 1.318174 0.045017 0.015015 0.007405 55.869999
42.840923 -0.262462 1.327224 0.045356 0.018349 -0.001360 56.080002
43.044739 -0.306343 1.334140 0.037314 0.015136 -0.015443 56.290001
43.244759 -0.364408 1.337318 0.041176 0.011190 -0.034271 56.500000
43.439178 -0.436828 1.335057 0.043285 0.009758 -0.057543 56.709999
43.626484 -0.523310 1.327388 0.031489 -0.003290 -0.085038 56.919998
43.803230 -0.618905 1.314893 0.022757 0.003006 -0.114725 57.130001
43.979576 -0.724452 1.297922 0.015081 0.010789 -0.148091 57.349998
44.149525 -0.831704 1.279240 0.005694 -0.002528 -0.182897 57.570000
44.317410 -0.941471 1.261379 0.011718 0.012501 -0.219610 57.799999
44.488117 -1.057373 1.247221 0.014104 0.018885 -0.258081 58.040001
44.657509 -1.176952 1.238169 0.013361 0.022614 -0.293274 58.279999
44.820698 -1.294900 1.234510 -0.003262 0.036546 -0.319668 58.509998
44.993385 -1.409967 1.236852 -0.037502 0.040456 -0.336467 58.740002
45.173317 -1.504565 1.244443 -0.048702 0.027305 -0.341611 58.959999
45.363720 -1.577790 1.255938 -0.042984 0.018093 -0.337773 59.180000
45.559475 -1.631536 1.270481 -0.030904 0.024482 -0.326861 59.400002
45.759556 -1.671967 1.286249 -0.025649 0.014039 -0.308978 59.619999
45.960037 -1.700977 1.300344 -0.028641 0.021083 -0.285841 59.840000
46.163197 -1.718739 1.311684 -0.027124 0.029601 -0.257668 60.060001
46.372177 -1.727080 1.319840 -0.021019 0.030177 -0.225192 60.279999
46.576565 -1.728751 1.324872 -0.013228 0.024914 -0.191271 60.490002
46.781811 -1.726821 1.327731 -0.005096 0.009073 -0.155658 60.700001
46.990154 -1.722953 1.328580 -0.007361 -0.002572 -0.117851 60.919998
47.197399 -1.714995 1.327522 -0.020559 0.014897 -0.078406 61.150002
47.401512 -1.698038 1.325273 -0.025475 0.029065 -0.039814 61.380001
47.600212 -1.671462 1.322548 -0.022054 0.033278 -0.007027 61.599998
47.804314 -1.636789 1.320609 -0.003524 0.034189 0.018941 61.820000
48.004257 -1.603376 1.321250 0.014924 0.032991 0.036501 62.029999
48.207924 -1.577061 1.324826 0.022190 0.014440 0.046533 62.240002
48.408440 -1.561475 1.329793 0.040475 -0.002213 0.049186 62.450001
48.608582 -1.565088 1.332861 0.076584 -0.002535 0.044128 62.669998
48.807377 -1.605146 1.331083 0.081146 -0.006174 0.029191 62.900002
48.994137 -1.682963 1.323357 0.063658 -0.003660 0.006837 63.130001
49.169971 -1.788557 1.310240 0.045803 0.011976 -0.021069 63.360001
49.338902 -1.910019 1.293862 -0.001593 -0.034573 -0.054695 63.590000
49.497162 -2.036224 1.275907 -0.047821 -0.086872 -0.090913 63.849998
49.645966 -2.169174 1.255471 0.012241 0.038589 -0.165150 64.529999
49.806774 -2.276117 1.324754 0.038995 0.100675 -0.195145 65.099998
49.973949 -2.383544 1.383831 0.028972 0.074666 -0.210891 65.370003
50.137054 -2.489256 1.433808 0.024817 0.024224 -0.225742 65.589996
50.301453 -2.604600 1.475436 0.047896 0.007740 -0.242238 65.809998
50.456306 -2.735466 1.503130 0.058406 0.005484 -0.261497 66.029999
50.599312 -2.885355 1.515747 0.054473 0.008499 -0.283712 66.250000
50.726196 -3.044201 1.515273 0.042521 0.012469 -0.307579 66.459999
50.847134 -3.212864 1.507391 0.003303 0.024630 -0.332119 66.669998
50.971687 -3.377775 1.499500 -0.045019 0.037129 -0.354929 66.879997
51.110905 -3.522954 1.496359 -0.064168 0.032390 -0.372880 67.089996
51.273582 -3.646039 1.499802 -0.059857 0.024239 -0.386626 67.309998
51.449436 -3.741569 1.511023 -0.043504 0.030136 -0.396735 67.529999
51.635860 -3.818295 1.528833 -0.024563 0.015660 -0.402489 67.750000
51.824600 -3.884376 1.549529 0.011745 0.018314 -0.407568 67.970001
52.017372 -3.959156 1.567090 0.055791 0.022257 -0.414033 68.199997
52.198872 -4.058148 1.576438 0.063560 0.009434 -0.424573 68.430000
52.363335 -4.182789 1.576258 0.055503 0.012591 -0.437634 68.660004
52.513309 -4.328299 1.567283 0.039411 0.016932 -0.454447 68.889999
52.648014 -4.480098 1.552619 0.021212 0.013082 -0.474338 69.110001
52.777157 -4.636159 1.533861 0.010769 0.021613 -0.497092 69.330002
52.906086 -4.793029 1.514553 -0.005054 0.028562 -0.522571 69.550003
53.040905 -4.946528 1.499043 -0.017670 0.034938 -0.549707 69.769997
53.186764 -5.093934 1.489339 -0.020137 0.036253 -0.577279 69.989998
53.336994 -5.229004 1.485743 -0.016685 0.035351 -0.602483 70.199997
53.496048 -5.359997 1.486958 -0.011357 0.022226 -0.625209 70.410004
53.657795 -5.486125 1.491583 -0.005978 0.008671 -0.643969 70.620003
53.824337 -5.612458 1.498963 -0.000937 0.017664 -0.657397 70.839996
53.988785 -5.735809 1.507247 -0.017273 0.012547 -0.663066 71.059998
54.154976 -5.850056 1.514032 -0.047552 0.015351 -0.660297 71.279999
54.330875 -5.946051 1.518049 -0.052804 0.005631 -0.648548 71.500000
54.523502 -6.022976 1.518776 -0.045168 0.007492 -0.631953 71.730003
54.722603 -6.080028 1.516332 -0.030102 0.016051 -0.615516 71.959999
54.924469 -6.128636 1.511708 0.039642 0.016084 -0.601999 72.190002
55.119492 -6.198710 1.506186 0.091728 0.023703 -0.594428 72.430000
55.287354 -6.312410 1.500749 0.098264 0.031412 -0.595183 72.669998
55.424480 -6.465376 1.495680 0.077385 0.030330 -0.604866 72.900002
55.538738 -6.640811 1.490871 0.033590 -0.015109 -0.622864 73.120003
55.635551 -6.822422 1.486150 -0.019092 -0.085585 -0.643745 73.349998
55.716728 -7.005703 1.481747 -0.061325 -0.133144 -0.671394 73.680000
55.535725 -6.917882 1.473700 0.022638 -0.136857 -0.707981 74.389999
55.362701 -6.801387 1.465311 0.016009 -0.078297 -0.719913 74.610001
55.193356 -6.690053 1.457198 0.009283 -0.034425 -0.732079 74.800003
55.019878 -6.577672 1.448914 0.006136 -0.016603 -0.746475 74.989998
54.848293 -6.467806 1.440502 0.000942 0.000365 -0.762775 75.180000
54.676132 -6.357173 1.433003 -0.023082 0.009534 -0.780213 75.379997
54.505733 -6.235996 1.429124 -0.049311 -0.007623 -0.796385 75.599998
54.351307 -6.096422 1.431624 -0.054302 -0.024099 -0.807924 75.830002
54.216564 -5.936929 1.440713 -0.043743 -0.032695 -0.812621 76.059998
54.099201 -5.767167 1.454185 -0.026221 -0.023625 -0.810228 76.279999
53.989582 -5.589684 1.470133 -0.023485 -0.002223 -0.800681 76.500000
53.893761 -5.411689 1.486880 -0.059095 0.014008 -0.784433 76.720001
53.823414 -5.219719 1.503608 -0.076978 0.016152 -0.761193 76.949997
53.788616 -5.015782 1.518573 -0.073048 0.007945 -0.732068 77.180000
53.782738 -4.808096 1.531185 -0.057474 -0.000685 -0.700140 77.400002
53.793304 -4.601048 1.541676 -0.031940 0.002721 -0.667340 77.610001
53.813705 -4.393732 1.550135 -0.027988 0.021142 -0.632501 77.820000
53.847065 -4.191729 1.556130 -0.034614 0.029116 -0.595968 78.029999
53.896580 -3.994482 1.559598 -0.032974 0.026174 -0.558513 78.239998
53.960335 -3.800606 1.561021 -0.034525 0.017858 -0.520642 78.449997
54.034370 -3.607999 1.560807 -0.010670 0.007612 -0.483227 78.660004
54.108253 -3.421678 1.558316 0.019324 -0.041352 -0.448250 78.870003
54.163139 -3.226904 1.552020 0.021447 -0.090441 -0.411910 79.099998
54.169765 -3.019361 1.540712 0.023785 -0.086143 -0.372503 79.349998
54.123981 -2.816689 1.525515 0.000577 -0.071968 -0.334677 79.599998
54.048534 -2.629643 1.509503 -0.005304 -0.042770 -0.301564 79.830002
53.956818 -2.442840 1.493210 -0.007856 -0.021063 -0.269849 80.059998
53.859383 -2.258981 1.481431 -0.008177 -0.026078 -0.239089 80.290001
53.755268 -2.077775 1.478246 -0.008374 -0.030817 -0.208845 80.519997
53.647842 -1.907068 1.483526 -0.003178 -0.023089 -0.180357 80.739998
53.535927 -1.741460 1.495303 -0.011676 -0.000375 -0.151781 80.959999
53.427261 -1.570525 1.509209 -0.041928 0.048003 -0.122063 81.190002
53.346909 -1.382987 1.520891 -0.047516 0.067294 -0.090761 81.430000
53.311340 -1.185858 1.526627 -0.005850 0.110650 -0.058991 81.669998
53.343029 -0.984058 1.523394 0.018381 0.144763 -0.022155 81.930000
53.455578 -0.813289 1.509542 0.020407 0.125878 0.013409 82.180000
53.610657 -0.680299 1.490232 0.013692 0.091469 0.045021 82.400002
53.781700 -0.569450 1.469410 0.021038 0.049577 0.073296 82.599998
53.964882 -0.472856 1.451246 0.087347 0.012487 0.097454 82.800003
54.157227 -0.411620 1.439793 0.132378 -0.007087 0.115828 83.010002
54.360310 -0.411157 1.436753 0.120889 -0.024152 0.126337 83.239998
54.557331 -0.477790 1.443950 0.095295 -0.011307 0.130253 83.480003
54.728134 -0.582804 1.458507 0.053125 -0.011972 0.123534 83.699997
54.885384 -0.706486 1.475598 -0.022135 -0.059199 0.109429 83.919998
55.033123 -0.842929 1.495106 -0.074108 -0.082109 0.088696 84.199997
55.223301 -0.768981 1.480293 -0.087735 0.092492 0.051880 85.120003
55.344105 -0.601626 1.449976 -0.056343 0.069954 0.076016 85.379997
55.467060 -0.444631 1.420614 -0.015218 0.033221 0.102464 85.589996
55.598892 -0.287447 1.390917 0.026968 0.032588 0.132255 85.800003
55.739849 -0.146440 1.363165 0.045213 0.048104 0.165905 86.010002
55.904373 -0.022139 1.336960 0.042611 0.050963 0.203318 86.230003
56.078506 0.077030 1.314774 0.031248 0.043442 0.240322 86.440002
56.265179 0.162893 1.295158 0.019309 0.035312 0.277847 86.650002
56.459454 0.239634 1.281216 0.031346 0.021716 0.312476 86.860001
56.657722 0.302585 1.277758 0.048374 0.015802 0.340849 87.070000
56.858814 0.345503 1.285691 0.044879 -0.001113 0.360174 87.279999
57.057049 0.368315 1.303561 0.035816 -0.001523 0.371210 87.489998
57.260212 0.375536 1.331431 0.026839 0.010231 0.373234 87.709999
57.461067 0.372246 1.365580 0.014573 0.007932 0.365230 87.930000
57.658092 0.364079 1.402642 0.004847 0.016771 0.348805 88.150002
57.862556 0.356977 1.436661 -0.007804 0.034912 0.323851 88.379997
58.061897 0.358592 1.459570 -0.012634 0.042684 0.294320 88.599998
58.267689 0.370909 1.471515 -0.011834 0.042136 0.261912 88.820000
58.470245 0.391465 1.473489 -0.008716 0.036798 0.230793 89.029999
58.676018 0.417869 1.468112 -0.005791 0.012389 0.201537 89.239998
58.877480 0.446627 1.457553 -0.002612 0.013490 0.175128 89.449997
59.074837 0.476105 1.443972 0.000085 0.023065 0.152696 89.660004
59.281002 0.507017 1.428494 -0.004474 0.019532 0.135195 89.879997
59.485573 0.540693 1.414651 -0.029957 0.019960 0.125505 90.099998
59.687027 0.587042 1.404449 -0.043774 0.020027 0.124769 90.320000
59.884987 0.651914 1.398420 -0.043262 0.022036 0.132788 90.540001
60.071239 0.730337 1.396413 -0.030499 0.013359 0.148289 90.750000
60.252598 0.818327 1.399315 -0.007721 0.013016 0.169080 90.959999
60.438747 0.910668 1.409320 0.007876 0.025293 0.194697 91.180000
60.627361 0.997292 1.426247 0.013025 0.031228 0.222330 91.400002
60.812794 1.073448 1.447697 0.012350 0.032069 0.248507 91.610001
61.003105 1.144039 1.472259 0.008721 0.014494 0.272993 91.820000
61.191582 1.209856 1.494193 -0.004399 0.007186 0.296252 92.029999
61.382416 1.278398 1.508800 -0.016426 0.018734 0.320047 92.250000
61.569328 1.352907 1.512611 -0.020343 0.029301 0.343900 92.470001
61.756142 1.436562 1.505937 -0.018076 0.035361 0.368399 92.690002
61.936180 1.524636 1.491670 -0.012162 0.019799 0.392518 92.900002
62.113224 1.616243 1.472469 -0.005077 -0.013156 0.415008 93.110001
62.294952 1.713572 1.449231 0.002173 -0.085262 0.436909 93.349998
62.284683 1.913598 1.425302 -0.107492 -0.041848 0.475640 94.230003
62.120625 2.028128 1.425599 -0.079733 -0.030941 0.490949 94.480003
61.952129 2.151047 1.428163 -0.039934 -0.016266 0.506530 94.699997
61.783855 2.275119 1.432421 -0.017973 -0.000442 0.524215 94.910004
61.621986 2.400959 1.438229 0.001752 0.072147 0.545176 95.120003
61.483723 2.549789 1.446533 0.004257 0.127220 0.572126 95.349998
61.402508 2.739267 1.456538 -0.001063 0.126089 0.604186 95.599998
61.386005 2.941727 1.466239 -0.006995 0.097009 0.636293 95.830002
61.404640 3.144138 1.475052 0.003065 0.049929 0.667157 96.040001
61.440403 3.349798 1.483176 0.003492 0.028399 0.698823 96.250000
61.484756 3.552441 1.489582 -0.003270 0.023174 0.731349 96.459999
61.533119 3.751962 1.493716 -0.001679 0.007177 0.764206 96.669998
61.583427 3.954281 1.495422 -0.007618 0.009628 0.798424 96.889999
61.631828 4.151968 1.494889 -0.014136 0.017953 0.832307 97.110001
61.678146 4.349775 1.493204 -0.023853 0.016840 0.865886 97.330002
61.718597 4.550438 1.491966 -0.036004 0.012960 0.899258 97.550003
61.748020 4.755589 1.492127 -0.032184 0.003032 0.932667 97.769997
61.765110 4.960887 1.493761 -0.025883 0.002987 0.965166 97.989998
61.772331 5.164046 1.496869 -0.023034 0.013423 0.996788 98.209999
61.773388 5.366182 1.500170 -0.010780 -0.001396 1.028038 98.430000
61.769314 5.570464 1.498631 -0.019743 0.007826 1.059530 98.660004
61.758915 5.772065 1.488575 -0.027313 0.020840 1.090592 98.889999
61.741936 5.978206 1.469376 -0.028216 0.028629 1.121694 99.120003
61.720535 6.182574 1.443572 -0.021670 0.025481 1.151830 99.339996
61.697254 6.380314 1.415634 -0.002193 0.001583 1.180562 99.550003
61.673462 6.579934 1.387036 0.001625 0.013540 1.209993 99.769997
61.652782 6.783762 1.360820 0.001156 0.020982 1.240526 100.000000
61.637104 6.986471 1.339607 -0.000836 0.023750 1.270803 100.230003
61.625381 7.190162 1.323114 -0.004561 0.029158 1.301084 100.459999
61.615913 7.395702 1.310978 -0.004146 0.003826 1.331143 100.690002
61.604580 7.603218 1.302727 -0.017533 0.013748 1.362106 100.930000
61.586258 7.808531 1.298329 -0.025171 0.028476 1.393123 101.169998
61.559673 8.010991 1.296863 -0.024975 0.036526 1.423376 101.400002
61.526535 8.212876 1.296861 -0.017968 0.028638 1.453098 101.620003
61.488186 8.417894 1.297565 -0.015135 0.006737 1.483036 101.839996
61.444691 8.617600 1.299716 -0.024286 0.013981 1.512752 102.059998
61.392910 8.813659 1.303626 -0.023210 0.009644 1.543051 102.279999
61.333168 9.005010 1.308925 -0.018868 0.010894 1.573239 102.500000
61.264519 9.200567 1.315610 -0.015531 0.024605 1.604649 102.730003
61.194706 9.388960 1.322039 -0.007918 0.032589 1.634985 102.949997
61.123730 9.582465 1.327324 -0.001308 0.032906 1.665595 103.169998
61.054474 9.780062 1.330725 0.004000 0.015722 1.696101 103.389999
60.989292 9.976254 1.332206 0.003964 0.023752 1.726675 103.610001
60.927876 10.171771 1.332050 0.005026 -0.014135 1.756626 103.830002
60.869209 10.364488 1.330157 0.008361 -0.090027 1.786638 104.070000
60.812225 10.557499 1.326157 0.003914 -0.111845 1.827157 104.480003
60.681831 10.708164 1.347110 -0.049296 0.100033 1.869051 105.279999
60.541279 10.849359 1.371040 -0.036657 0.084125 1.887466 105.559998
60.398621 10.996437 1.393556 -0.017619 0.046216 1.904311 105.790001
60.259701 11.141988 1.415629 -0.011220 0.034825 1.916847 106.000000
60.119198 11.292480 1.438534 0.016912 0.018552 1.925543 106.209999
59.989243 11.446331 1.463095 0.047421 0.023168 1.929226 106.419998
59.875809 11.616532 1.491022 0.055741 0.020261 1.926629 106.639999
59.788601 11.795856 1.520254 0.047108 0.017150 1.920325 106.860001
59.720592 11.989799 1.551312 0.016281 0.019214 1.913781 107.089996
59.658676 12.183912 1.575414 -0.058718 0.005512 1.909958 107.320000
59.568344 12.368981 1.587158 -0.101555 0.001132 1.912029 107.559998
59.433571 12.526878 1.583379 -0.096765 -0.000294 1.921050 107.800003
59.273872 12.648598 1.567869 -0.072897 0.003007 1.934952 108.019997
59.100208 12.748777 1.545557 -0.038446 -0.002997 1.953645 108.230003
58.919662 12.837384 1.518803 -0.021695 0.009428 1.975678 108.440002
58.737938 12.921137 1.490464 -0.019863 0.004323 2.001373 108.650002
58.547234 13.000821 1.463279 -0.047715 -0.026956 2.031808 108.870003
58.352234 13.056205 1.441126 -0.055431 -0.043817 2.065227 109.089996
58.149204 13.080030 1.423573 0.015375 -0.069336 2.101015 109.320000
57.945461 13.073093 1.409556 0.078592 -0.071423 2.141606 109.610001
58.091110 12.935173 1.427022 0.054074 -0.096437 2.166372 110.550003
58.279984 12.851597 1.437855 0.031533 -0.055571 2.151226 110.769997
58.467216 12.767158 1.448323 0.016390 -0.025610 2.130833 110.970001
58.656940 12.681355 1.458950 0.013599 -0.015408 2.105220 111.169998
58.845268 12.596750 1.468917 0.004759 -0.014881 2.075791 111.370003
59.029461 12.511746 1.477219 -0.002873 -0.022695 2.043414 111.570000
59.216866 12.418108 1.483588 -0.005186 -0.027038 2.007104 111.779999
59.398060 12.318001 1.487569 -0.001354 -0.028856 1.969273 111.989998
59.574635 12.211470 1.489518 0.003250 -0.026306 1.930736 112.199997
59.747051 12.100698 1.489823 -0.001714 -0.011381 1.892412 112.410004
59.919968 11.984708 1.488728 -0.008346 -0.018226 1.853026 112.629997
60.082279 11.864431 1.485656 -0.029901 -0.046299 1.814942 112.849998
60.228382 11.727295 1.480080 -0.040670 -0.048652 1.777091 113.070000
60.358955 11.564610 1.471555 -0.035043 -0.039056 1.738482 113.300003
60.469070 11.387917 1.460671 -0.016132 -0.040703 1.701897 113.529999
60.562805 11.208484 1.448748 -0.016621 -0.030177 1.668245 113.750000
60.645428 11.022724 1.434841 -0.023935 -0.037759 1.635972 113.970001
60.714298 10.828636 1.418596 -0.022838 -0.040195 1.604211 114.190002
60.767750 10.635005 1.401002 -0.016108 -0.037829 1.574232 114.400002
60.811947 10.434971 1.381814 -0.008321 -0.030377 1.544563 114.610001
60.849918 10.232864 1.362059 -0.004471 -0.008097 1.515399 114.820000
60.884762 10.036362 1.343752 0.017017 -0.005532 1.486819 115.029999
60.926804 9.837485 1.328950 0.035503 -0.009829 1.457252 115.250000
60.982086 9.642467 1.319729 0.040615 -0.015157 1.427763 115.470001
61.052040 9.447783 1.315890 0.037775 -0.019831 1.398103 115.690002
61.129974 9.260396 1.316308 0.021784 -0.009889 1.370142 115.900002
61.212643 9.075764 1.319306 0.011422 -0.005262 1.342008 116.110001
61.299248 8.888478 1.324011 0.001525 -0.011114 1.312408 116.330002
61.380722 8.704916 1.329000 -0.006827 -0.031890 1.282700 116.550003
61.454079 8.509213 1.333623 -0.006520 -0.044465 1.251138 116.779999
61.511356 8.313222 1.336936 -0.000807 -0.045896 1.220339 117.000000
61.556213 8.117329 1.338863 0.002316 -0.036000 1.190565 117.209999
61.593685 7.917942 1.339778 -0.014659 -0.010017 1.160915 117.419998
61.622959 7.716110 1.340809 -0.018212 -0.024131 1.130346 117.639999
61.638992 7.509415 1.342945 -0.016622 -0.029719 1.098153 117.870003
61.640217 7.305213 1.346163 -0.014960 -0.011101 1.065951 118.099998
61.632195 7.100315 1.351180 0.012357 -0.014669 1.033280 118.339996
61.625813 6.896299 1.358646 0.032317 -0.023735 1.000889 118.580002
61.627094 6.692477 1.368070 0.039210 -0.028542 0.969782 118.809998
61.635757 6.486706 1.378453 0.028996 -0.019442 0.940271 119.029999
61.649162 6.279218 1.388048 -0.025958 0.034414 0.911333 119.250000
61.664536 6.074520 1.396430 -0.074239 0.080231 0.877143 119.510002
61.679825 5.875072 1.399833 0.042021 -0.064472 0.823756 120.230003
61.657909 5.675953 1.397171 0.072726 -0.087323 0.797421 120.730003
61.637691 5.468538 1.394660 0.053402 -0.060980 0.782800 121.000000
61.619236 5.266162 1.391650 0.027723 -0.026377 0.768567 121.220001
61.603077 5.064550 1.390235 0.030620 -0.005728 0.751639 121.430000
61.594528 4.861212 1.391993 0.037035 0.001839 0.731920 121.639999
61.596977 4.657753 1.396980 0.021479 0.011435 0.710090 121.849998
61.609806 4.450065 1.405286 0.024800 0.004711 0.684288 122.070000
61.630817 4.245710 1.416439 0.018671 0.000089 0.656322 122.290001
61.656204 4.044713 1.429433 0.011347 -0.002380 0.626781 122.510002
61.684109 3.841086 1.443343 0.011881 0.006854 0.594483 122.739998
61.718773 3.635942 1.456157 0.033397 0.014455 0.559461 122.980003
61.764549 3.440552 1.466062 0.026558 0.015590 0.525247 123.209999
61.821678 3.246893 1.473287 0.030723 0.011401 0.490596 123.440002
61.887878 3.052745 1.478386 0.027597 -0.001003 0.455667 123.669998
61.954285 2.855734 1.483851 0.012095 -0.048104 0.420978 123.900002
61.998451 2.653724 1.492358 0.003568 -0.072954 0.387017 124.129997
62.007881 2.447880 1.504068 -0.005637 -0.064439 0.353575 124.360001
61.985413 2.243423 1.519235 0.008789 -0.053126 0.320583 124.589996
61.942451 2.047295 1.536325 0.004108 -0.030750 0.289786 124.809998
61.887741 1.854268 1.552543 0.007428 -0.028435 0.259631 125.029999
61.823860 1.664160 1.563749 0.016792 -0.034706 0.229733 125.250000
61.750229 1.474044 1.568356 0.003345 -0.021530 0.200296 125.470001
61.670059 1.289169 1.566749 -0.009523 -0.036197 0.170982 125.690002
61.571243 1.109017 1.559860 -0.049026 -0.071242 0.141000 125.919998
61.440292 0.956846 1.548968 -0.065168 -0.072819 0.109377 126.150002
61.276981 0.840355 1.535374 -0.054606 -0.059419 0.076709 126.379997
61.090080 0.754651 1.520723 -0.029966 -0.053059 0.044670 126.610001
60.896069 0.690696 1.506997 -0.013757 -0.029323 0.013951 126.830002
60.697399 0.636043 1.494034 0.003900 -0.025144 -0.016108 127.050003
60.496910 0.582776 1.481906 0.015040 -0.025474 -0.046175 127.269997
60.304401 0.529122 1.471598 0.011787 -0.017916 -0.074770 127.480003
60.103851 0.470999 1.463121 0.009229 -0.022780 -0.105090 127.699997
59.902737 0.412680 1.457260 0.007761 -0.026139 -0.135696 127.919998
59.708591 0.357872 1.453885 0.009108 -0.029989 -0.165279 128.130005
59.511208 0.304148 1.452062 0.005552 -0.025108 -0.195091 128.339996
59.312328 0.252906 1.450507 0.000293 -0.026476 -0.225170 128.550003
59.112236 0.206398 1.448187 -0.001848 -0.027227 -0.255539 128.759995
58.911934 0.165861 1.444603 -0.007562 -0.012615 -0.285911 128.970001
58.706993 0.130031 1.439303 0.000694 -0.018322 -0.317485 129.190002
58.505768 0.098705 1.432729 -0.011772 0.009370 -0.348589 129.410004
58.307491 0.070835 1.425191 -0.047101 0.073736 -0.382043 129.649994
58.108162 0.046548 1.415416 -0.059056 0.096867 -0.426049 130.050003
57.911972 0.003015 1.370634 0.088736 -0.100829 -0.473434 130.880005
57.718952 -0.046938 1.338857 0.064707 -0.073946 -0.487003 131.149994
57.521214 -0.097147 1.308156 0.030446 -0.037360 -0.500112 131.369995
57.319942 -0.145896 1.281816 -0.000342 -0.035869 -0.516623 131.580002
57.114822 -0.184656 1.266033 -0.021720 -0.043987 -0.535974 131.789993
56.909073 -0.204338 1.262997 -0.034781 -0.029550 -0.558529 132.000000
56.700329 -0.203323 1.272881 -0.027054 -0.027097 -0.584197 132.220001
56.498398 -0.184633 1.294712 -0.012371 -0.028341 -0.611798 132.440002
56.300106 -0.154551 1.324313 -0.002219 -0.010711 -0.641331 132.660004
56.099422 -0.122583 1.356149 0.041297 0.017731 -0.673400 132.889999
55.894554 -0.113401 1.383236 0.070278 0.032610 -0.707432 133.130005
55.690800 -0.143168 1.400476 0.058686 0.034498 -0.742361 133.369995
55.498070 -0.203947 1.407460 0.054722 0.021312 -0.777109 133.600006
55.313683 -0.283954 1.408195 0.031339 0.024867 -0.809972 133.820007
55.136082 -0.379936 1.410710 0.025448 0.054069 -0.842862 134.039993
54.967907 -0.503373 1.420958 0.025540 0.062694 -0.877982 134.270004
54.825077 -0.645678 1.439034 0.023289 0.053210 -0.911893 134.490005
54.696095 -0.807072 1.463629 0.024861 0.039041 -0.945915 134.710007
54.580696 -0.973258 1.490896 0.012681 0.019737 -0.978348 134.919998
54.470932 -1.141931 1.519668 0.009606 0.008134 -1.010188 135.130005
54.359711 -1.315803 1.550271 0.021298 0.007508 -1.043177 135.350006
54.247723 -1.488246 1.580307 0.019646 -0.006381 -1.075966 135.570007
54.130840 -1.652406 1.606655 0.027878 -0.057264 -1.108133 135.789993
53.990467 -1.797019 1.628209 0.040380 -0.082891 -1.141214 136.020004
53.816216 -1.909249 1.643141 0.029299 -0.073208 -1.174242 136.259995
53.629189 -1.983002 1.651322 0.039132 -0.050550 -1.205068 136.490005
53.435051 -2.033734 1.655311 0.024902 -0.027010 -1.234088 136.710007
53.234806 -2.074103 1.656811 0.023070 -0.008507 -1.263167 136.929993
53.033142 -2.111686 1.657244 0.022658 0.002747 -1.292217 137.149994
52.833542 -2.151785 1.655824 -0.002732 0.032909 -1.321601 137.369995
52.640110 -2.207918 1.649221 -0.005100 0.078387 -1.353308 137.600006
52.460552 -2.301460 1.635304 -0.011578 0.077635 -1.386156 137.839996
52.304226 -2.430591 1.615242 -0.010864 0.071109 -1.418969 138.080002
52.173325 -2.582700 1.591609 -0.002004 0.066305 -1.450728 138.309998
52.059994 -2.750034 1.566793 -0.005170 0.036724 -1.481055 138.529999
51.955765 -2.926756 1.541181 0.002842 0.026453 -1.511430 138.750000
51.856155 -3.107180 1.515464 0.011013 0.026588 -1.541745 138.970001
51.758766 -3.291193 1.492752 -0.019994 0.033652 -1.569359 139.190002
51.675575 -3.481445 1.476770 -0.050797 0.036872 -1.590688 139.410004
51.619164 -3.676600 1.467492 -0.054363 -0.024852 -1.600891 139.630005
51.588200 -3.877986 1.462729 -0.036098 -0.097116 -1.605192 139.889999
51.575520 -4.077864 1.470285 0.112082 0.024134 -1.606837 140.679993
51.379242 -4.135143 1.488489 0.100110 0.051772 -1.628401 141.139999
51.182491 -4.203385 1.499819 0.066115 0.042743 -1.651979 141.399994
50.989201 -4.276900 1.508877 0.034333 0.029097 -1.676485 141.619995
50.797600 -4.355526 1.516982 0.007275 0.040512 -1.702526 141.830002
50.609772 -4.446939 1.523790 -0.014791 0.056403 -1.731706 142.039993
50.433388 -4.557235 1.528824 -0.029728 0.042923 -1.762490 142.250000
50.273556 -4.682742 1.532059 -0.026846 0.035437 -1.794783 142.460007
50.122364 -4.825896 1.533871 -0.013138 0.033937 -1.829891 142.679993
49.980846 -4.978078 1.532459 0.001781 0.027486 -1.865594 142.899994
49.842167 -5.134367 1.522304 0.014943 0.023220 -1.901713 143.119995
49.707745 -5.283274 1.502548 0.015468 0.008442 -1.936338 143.330002
49.566078 -5.433045 1.473303 0.010861 0.003140 -1.971762 143.550003
49.426426 -5.575350 1.444977 0.001226 0.017835 -2.006168 143.770004
49.283550 -5.724182 1.426774 -0.005509 0.027265 -2.041293 144.000000
49.144966 -5.877780 1.423591 -0.008291 0.019687 -2.075161 144.229996
49.012280 -6.034509 1.435241 -0.006304 0.027546 -2.108134 144.460007
48.882835 -6.195508 1.458501 0.007329 0.006909 -2.139991 144.690002
48.752983 -6.346491 1.484452 0.079666 -0.033141 -2.172180 144.919998
48.586205 -6.464697 1.507632 0.124701 -0.047284 -2.209185 145.179993
48.384804 -6.507288 1.518502 0.115431 -0.034358 -2.244278 145.440002
48.180298 -6.490892 1.517745 0.083575 -0.011225 -2.274866 145.669998
47.978371 -6.448939 1.511382 0.049055 0.011048 -2.303615 145.880005
47.777908 -6.400678 1.502871 0.020315 0.020594 -2.332144 146.080002
47.575916 -6.354639 1.493466 -0.003753 0.017340 -2.361001 146.279999
47.378864 -6.316126 1.484218 -0.005218 0.021867 -2.389838 146.479996
47.176384 -6.285106 1.475430 0.003431 0.027033 -2.420242 146.690002
46.974472 -6.261977 1.467960 0.010156 0.026339 -2.450812 146.899994
46.771473 -6.243864 1.462322 0.005302 0.019625 -2.481466 147.110001
46.570084 -6.230613 1.461507 -0.008533 0.025168 -2.511949 147.320007
46.362183 -6.227239 1.468124 -0.013408 0.033154 -2.543688 147.539993
46.156849 -6.237415 1.482075 -0.016229 0.021076 -2.574703 147.759995
45.956757 -6.258895 1.502301 -0.007485 0.027890 -2.605697 147.979996
45.758381 -6.288712 1.526782 -0.007384 0.004257 -2.636051 148.199997
45.557037 -6.323417 1.552171 -0.025799 -0.074176 -2.665719 148.440002
45.362324 -6.358369 1.581703 -0.028750 -0.213934 -2.698301 148.809998
45.522789 -6.234717 1.599569 0.031038 -0.144342 -2.731466 149.360001
45.695225 -6.115048 1.601171 0.020261 -0.079298 -2.742829 149.580002
45.862789 -5.997220 1.601986 0.010014 -0.030840 -2.754017 149.770004
46.032013 -5.877148 1.602511 0.000598 -0.005231 -2.766903 149.960007
46.196003 -5.761131 1.601990 -0.004766 -0.005383 -2.781564 150.149994
46.363350 -5.645407 1.599792 -0.006779 -0.010479 -2.799069 150.350006
46.535782 -5.530688 1.595606 -0.004807 -0.018925 -2.819908 150.559998
46.707844 -5.420991 1.589800 -0.001466 -0.024074 -2.843311 150.770004
46.880535 -5.314802 1.582827 -0.003374 -0.009506 -2.868862 150.979996
47.057507 -5.209532 1.574041 -0.014172 -0.007723 -2.897378 151.199997
47.239147 -5.111160 1.561766 -0.030505 -0.024910 -2.928641 151.429993
47.426128 -5.029815 1.545499 -0.032894 -0.037179 -2.961651 151.660004
47.624020 -4.965336 1.525289 -0.024513 -0.042439 -2.996173 151.889999
47.824512 -4.915387 1.503060 -0.014949 -0.031320 -3.030230 152.110001
48.020069 -4.875467 1.481883 -0.016317 -0.010205 -3.062772 152.320007
48.220982 -4.842655 1.463369 -0.017692 -0.019140 -3.096272 152.539993
48.420551 -4.819289 1.450388 -0.016046 -0.016937 -3.129698 152.759995
48.627224 -4.803840 1.442773 -0.010198 -0.020187 3.119213 152.990005
48.833351 -4.794629 1.440515 -0.002582 -0.032795 3.085492 153.220001
49.034653 -4.788116 1.441175 0.014642 -0.023722 3.053664 153.440002
49.237370 -4.775654 1.440742 0.043802 -0.012854 3.022632 153.660004
49.438461 -4.745193 1.436653 0.057380 -0.011488 2.992057 153.880005
49.638443 -4.691682 1.427803 0.053461 -0.011458 2.961758 154.100006
49.828781 -4.621671 1.415083 0.040225 -0.009839 2.932955 154.309998
50.016037 -4.540136 1.400227 0.009834 0.009156 2.905108 154.520004
50.201111 -4.452817 1.385614 0.007099 -0.002849 2.875610 154.740005
50.387058 -4.363104 1.373860 0.014164 -0.021486 2.844779 154.970001
50.575073 -4.274588 1.366707 0.018309 -0.030288 2.813788 155.199997
50.761562 -4.190763 1.363824 0.016890 -0.027832 2.783938 155.419998
50.952427 -4.108737 1.363935 0.005939 -0.007793 2.754071 155.639999
51.137779 -4.027881 1.368463 0.028938 0.027736 2.723664 155.860001
51.315151 -3.929067 1.380002 0.050695 0.048864 2.691879 156.089996
51.471622 -3.803512 1.397438 0.037851 0.048778 2.659576 156.320007
51.607513 -3.655312 1.419807 0.042397 0.035607 2.626645 156.550003
51.725647 -3.495363 1.444701 0.040525 0.015811 2.594601 156.770004
51.842091 -3.325684 1.465278 0.016195 -0.041879 2.562095 156.990005
51.971886 -3.168219 1.472854 -0.002442 -0.088572 2.530687 157.210007
52.133427 -3.036184 1.464175 -0.006583 -0.085466 2.497515 157.440002
52.309387 -2.941028 1.448991 0.012533 -0.039862 2.465162 157.660004
52.494770 -2.858165 1.437028 0.024698 -0.002132 2.433522 157.880005
52.679005 -2.772309 1.433140 0.023379 0.017910 2.402056 158.100006
52.855579 -2.677190 1.439008 0.029185 0.022448 2.370509 158.320007
53.030876 -2.566523 1.453203 -0.020940 0.022473 2.338354 158.550003
53.197121 -2.449182 1.472032 -0.107527 0.021071 2.305221 158.809998
53.346775 -2.318305 1.504419 0.118397 0.008939 2.249535 159.619995
53.490822 -2.176783 1.514519 0.110706 0.009035 2.227744 160.020004
53.637859 -2.036837 1.520195 0.084015 0.007954 2.211212 160.270004
53.784336 -1.898825 1.524481 0.058923 0.006692 2.194704 160.479996
53.934608 -1.757852 1.528306 0.039406 0.006113 2.176474 160.679993
54.081215 -1.620053 1.531092 0.023457 0.009173 2.156833 160.869995
54.226448 -1.481167 1.532274 0.012729 0.012448 2.134930 161.059998
54.374352 -1.334797 1.531610 0.013983 0.015428 2.109562 161.259995
54.516983 -1.187566 1.529066 0.014387 0.014389 2.082081 161.460007
54.655113 -1.039725 1.524933 0.015227 0.012182 2.052835 161.660004
54.789867 -0.891876 1.519622 0.017734 0.010806 2.022186 161.860001
54.929352 -0.736720 1.513282 0.019234 0.007806 1.988838 162.070007
55.068626 -0.583632 1.506218 0.022810 -0.016948 1.954886 162.279999
55.212624 -0.440721 1.498083 0.032247 -0.035463 1.920723 162.490005
55.367165 -0.313636 1.488763 0.038813 -0.037037 1.886598 162.699997
55.534275 -0.202224 1.478355 0.037630 -0.029863 1.852604 162.910004
55.712017 -0.104410 1.467237 0.032896 -0.033460 1.818847 163.119995
55.898178 -0.021530 1.455921 0.033227 -0.037135 1.785701 163.330002
56.091488 0.045115 1.444728 0.017999 -0.032707 1.753369 163.539993
56.286198 0.096728 1.433794 0.018126 -0.022130 1.721831 163.750000
56.489758 0.139532 1.422707 0.020953 -0.010723 1.689526 163.970001
56.692287 0.176062 1.412208 0.009320 -0.003773 1.657965 164.190002
56.890099 0.209408 1.403396 0.019990 0.000985 1.627106 164.410004
57.095856 0.243295 1.398457 0.029880 0.002072 1.595302 164.639999
57.295647 0.275197 1.398611 0.021092 0.000470 1.565106 164.860001
57.495735 0.305829 1.402831 0.021587 0.002085 1.535246 165.080002
57.695709 0.335500 1.410424 0.022540 0.003720 1.505451 165.300003
57.895493 0.364587 1.420149 0.015495 0.003018 1.475761 165.520004
58.093212 0.393069 1.431212 0.025673 0.007546 1.446092 165.740005
58.292149 0.421859 1.442856 0.017303 0.005083 1.416211 165.960007
58.498600 0.451636 1.454365 0.011095 -0.000605 1.385161 166.190002
58.700470 0.477907 1.461709 0.024320 -0.014280 1.354441 166.419998
58.902287 0.493638 1.462479 0.035825 -0.018875 1.323566 166.649994
59.107174 0.495483 1.456529 0.021880 -0.018483 1.292760 166.880005
59.309677 0.486685 1.446142 0.012658 0.012333 1.262099 167.110001
59.509624 0.482223 1.435825 0.009059 0.046082 1.230912 167.339996
59.709900 0.497119 1.428021 -0.002552 0.045916 1.199429 167.570007
59.907875 0.533385 1.423753 0.003733 0.045498 1.167841 167.800003
60.106228 0.588061 1.423302 0.015965 0.041613 1.135942 168.029999
60.301121 0.651833 1.427017 0.030596 0.023609 1.104964 168.250000
60.494156 0.713215 1.434905 0.037980 0.006644 1.074837 168.460007
60.690628 0.766422 1.445124 -0.009119 -0.038627 1.044732 168.669998
60.887829 0.809534 1.456130 -0.066999 -0.081539 1.015685 168.910004
60.702362 0.731771 1.492039 -0.063439 -0.075248 0.986099 170.080002
60.508804 0.676443 1.498420 -0.041520 -0.044526 1.002059 170.270004
60.314110 0.621301 1.504587 -0.024054 -0.020485 1.022418 170.449997
60.117619 0.566886 1.507777 -0.015448 -0.004758 1.046978 170.630005
59.913723 0.513009 1.505089 -0.010533 0.003603 1.076320 170.820007
59.716042 0.464133 1.495098 -0.008168 0.005102 1.108241 171.009995
59.515114 0.417882 1.476809 -0.010678 0.000646 1.143849 171.210007
59.320374 0.375731 1.453807 -0.006065 0.001064 1.180552 171.410004
59.123020 0.334942 1.431394 -0.012075 -0.002376 1.219677 171.619995
58.920914 0.295161 1.415017 -0.013116 -0.004107 1.260470 171.839996
58.722931 0.257519 1.407683 -0.011400 -0.004090 1.300282 172.059998
58.519943 0.219688 1.409640 -0.025769 -0.009941 1.340857 172.289993
58.315483 0.181998 1.418260 -0.015305 -0.010836 1.379663 172.520004
58.112003 0.142118 1.425849 -0.020740 -0.020046 1.416929 172.750000
57.908127 0.096389 1.427717 -0.011186 -0.016468 1.452482 172.979996
57.708122 0.046936 1.425077 -0.011805 0.013606 1.486706 173.210007
57.503929 0.005700 1.421827 -0.033292 0.035517 1.521058 173.449997
57.304668 -0.013608 1.420419 -0.023032 0.035558 1.553044 173.679993
57.103554 -0.013778 1.421521 -0.030762 0.029457 1.584377 173.910004
56.897808 0.000621 1.425405 -0.030864 0.017630 1.615442 174.139999
56.696453 0.020359 1.430411 -0.027806 -0.017445 1.645013 174.360001
56.492744 0.030425 1.435076 -0.034113 -0.046070 1.674501 174.580002
56.286259 0.018109 1.438462 -0.031254 -0.051320 1.703883 174.800003
56.088238 -0.016374 1.440071 -0.030242 -0.043012 1.732046 175.009995
55.890438 -0.068859 1.440205 -0.017132 -0.028501 1.760467 175.220001
55.697289 -0.132148 1.438766 -0.004704 -0.019598 1.789061 175.429993
55.503857 -0.204789 1.435453 -0.017193 -0.019170 1.819128 175.649994
55.315063 -0.284085 1.430483 -0.025211 -0.016837 1.849428 175.869995
55.126911 -0.369920 1.424101 -0.030752 -0.012556 1.880079 176.089996
54.945461 -0.456917 1.417159 -0.028134 -0.007716 1.909713 176.300003
54.763504 -0.546385 1.409841 -0.010856 -0.002892 1.939466 176.509995
54.578228 -0.638449 1.403369 -0.005771 0.000263 1.970583 176.729996
54.391136 -0.731118 1.403003 -0.020143 0.001159 2.003080 176.960007
54.205120 -0.822388 1.411691 -0.017210 0.000403 2.035552 177.190002
54.020561 -0.912705 1.428798 -0.019542 0.000925 2.067811 177.419998
53.836536 -1.002696 1.453311 -0.026303 0.001998 2.100055 177.649994
53.651382 -1.093284 1.482391 -0.014128 -0.001809 2.132101 177.880005
53.472214 -1.185941 1.509612 -0.001816 -0.061197 2.163528 178.110001
53.306984 -1.310488 1.527506 0.008258 -0.119407 2.196739 178.360001
53.194077 -1.477301 1.528938 0.019787 -0.105953 2.230221 178.610001
53.134663 -1.668909 1.515584 0.001077 -0.085326 2.262127 178.850006
53.109135 -1.873828 1.492989 0.017667 -0.031137 2.292245 179.080002
53.102177 -2.072178 1.467586 0.066175 0.042301 2.323143 179.309998
53.108192 -2.270248 1.437356 0.085327 0.084564 2.360690 179.639999
52.992157 -2.436186 1.442745 -0.133589 0.011545 2.412432 180.539993
52.837582 -2.564487 1.470680 -0.103054 0.003045 2.429996 180.809998
52.682072 -2.702162 1.495860 -0.053072 0.010306 2.446081 181.029999
52.529686 -2.835593 1.515371 -0.021695 0.035038 2.463007 181.229996
52.368786 -2.961613 1.528842 -0.003802 0.046914 2.483204 181.429993
52.200989 -3.072461 1.535224 0.013083 0.039572 2.505731 181.630005
52.022663 -3.170138 1.534567 0.005353 0.036920 2.531689 181.839996
51.833260 -3.256178 1.527498 0.002487 0.024056 2.561133 182.059998
51.644505 -3.330622 1.517427 0.001574 0.017764 2.592190 182.279999
51.449566 -3.399336 1.508079 -0.011869 0.026007 2.626112 182.509995
51.252388 -3.462705 1.502387 -0.008354 0.015521 2.661036 182.740005
51.055359 -3.523065 1.501101 -0.016981 0.021502 2.696181 182.970001
50.855728 -3.583151 1.504032 -0.015699 0.017018 2.731600 183.199997
50.655815 -3.643613 1.509405 -0.005291 0.012071 2.766404 183.429993
50.458916 -3.700983 1.514587 -0.000913 0.029651 2.800419 183.660004
50.258602 -3.751096 1.517704 0.002368 0.030917 2.833792 183.889999
50.054466 -3.792886 1.518005 0.003454 0.022053 2.866314 184.119995
49.850685 -3.828493 1.514825 -0.011965 0.019464 2.898182 184.350006
49.646511 -3.865583 1.508127 -0.027366 0.022920 2.929767 184.580002
49.448139 -3.909128 1.498946 -0.032543 0.026819 2.959990 184.800003
49.254696 -3.960010 1.488303 -0.028501 0.024574 2.989145 185.009995
49.059097 -4.018488 1.476622 -0.017343 0.004715 3.018587 185.220001
48.861462 -4.085730 1.465953 -0.037334 -0.020965 3.048978 185.440002
48.673519 -4.171889 1.459390 -0.061745 -0.023275 3.080567 185.669998
48.506149 -4.283748 1.458125 -0.053228 -0.024460 3.112544 185.899994
48.352013 -4.424037 1.462253 -0.049393 -0.003769 -3.138385 186.139999
48.214699 -4.576753 1.470681 -0.041696 0.014063 -3.107167 186.369995
48.084583 -4.735279 1.481824 -0.032749 0.024665 -3.076699 186.589996
47.957539 -4.893388 1.493726 -0.011184 0.020130 -3.047043 186.800003
47.827896 -5.049657 1.504452 0.006407 0.030291 -3.017519 187.009995
47.691730 -5.197690 1.512613 0.010897 0.040323 -2.987932 187.220001
47.545109 -5.336777 1.517640 0.009250 0.039757 -2.958347 187.429993
47.388641 -5.468401 1.519623 0.005327 0.032938 -2.928666 187.639999
47.227577 -5.593130 1.518951 0.020140 -0.023529 -2.900144 187.850006
47.063869 -5.714086 1.515883 0.041038 -0.093882 -2.871627 188.089996
46.898472 -5.827765 1.510031 0.020965 0.001445 -2.827048 188.639999
46.697453 -5.862716 1.517523 0.010865 0.108504 -2.834381 189.259995
46.497929 -5.899029 1.528533 0.002976 0.085693 -2.849617 189.529999
46.301620 -5.937989 1.538699 -0.001176 0.049640 -2.864478 189.750000
46.102119 -5.979876 1.548939 -0.000986 0.030845 -2.881073 189.960007
45.899456 -6.022263 1.559540 0.028401 0.013582 -2.900413 190.169998
45.697945 -6.052559 1.571068 0.056733 0.008896 -2.922831 190.380005
45.498253 -6.059663 1.583548 0.057066 -0.005606 -2.948792 190.589996
45.296009 -6.041236 1.597042 0.048967 0.001490 -2.976156 190.809998
45.099762 -6.001653 1.610967 0.032957 0.010786 -3.003607 191.029999
44.906513 -5.950608 1.621679 -0.002660 0.020838 -3.029978 191.250000
44.704624 -5.902094 1.625547 -0.028416 0.036176 -3.054616 191.479996
44.506161 -5.871876 1.620919 -0.034878 0.041549 -3.074221 191.699997
44.300350 -5.859879 1.608516 -0.030044 0.038779 -3.089467 191.919998
44.097897 -5.862664 1.590764 -0.030175 0.031593 -3.099843 192.130005
43.893105 -5.879719 1.568699 -0.060216 0.014141 -3.104475 192.339996
43.692936 -5.920754 1.543581 -0.074900 0.002265 -3.102277 192.550003
43.503532 -5.989896 1.517401 -0.057031 -0.015579 -3.092894 192.759995
43.321789 -6.084228 1.491837 -0.037228 0.000273 -3.078712 192.979996
43.150124 -6.191331 1.470361 -0.023061 0.021311 -3.058557 193.199997
42.978825 -6.304557 1.453845 -0.012336 0.030475 -3.032733 193.419998
42.811028 -6.414231 1.442215 -0.005774 0.032884 -3.003868 193.630005
42.639568 -6.522132 1.433900 0.013981 0.004317 -2.972851 193.839996
42.463867 -6.623469 1.427615 0.041044 0.013180 -2.941789 194.059998
42.279213 -6.706111 1.422333 0.047907 0.023711 -2.915255 194.289993
42.080051 -6.765824 1.417249 0.038476 0.018208 -2.897220 194.529999
41.876202 -6.803916 1.414397 0.033961 0.028901 -2.888987 194.770004
41.672890 -6.824896 1.417716 0.031168 0.034292 -2.891648 195.000000
41.469280 -6.833541 1.427660 0.024314 0.034449 -2.903488 195.220001
41.267368 -6.834562 1.443115 0.016745 0.034153 -2.922330 195.429993
41.060074 -6.831629 1.462700 0.007268 0.009846 -2.947501 195.639999
40.860382 -6.826508 1.482147 -0.007499 -0.067106 -2.976028 195.850006
40.660412 -6.818602 1.501993 -0.018588 -0.115901 -3.013487 196.119995
40.862370 -6.775985 1.506168 0.006903 -0.092848 -3.050081 197.369995
41.063171 -6.750940 1.495087 0.003569 -0.054961 -3.025984 197.589996
41.269390 -6.723936 1.483300 0.000010 -0.027230 -2.997498 197.800003
41.467705 -6.697789 1.471723 -0.002574 -0.017658 -2.966523 198.000000
41.672981 -6.671100 1.460607 0.004032 -0.008488 -2.931200 198.210007
41.871952 -6.643247 1.452470 0.009536 -0.016415 -2.893871 198.419998
42.076248 -6.609575 1.448005 0.010524 -0.025947 -2.853537 198.639999
42.280212 -6.569626 1.447783 0.007786 -0.031835 -2.812675 198.860001
42.476788 -6.525841 1.450781 0.005456 -0.022991 -2.773838 199.070007
42.671925 -6.478610 1.455705 0.002489 -0.008551 -2.735994 199.279999
42.870052 -6.429462 1.461374 -0.014992 -0.009857 -2.697861 199.500000
43.074158 -6.385142 1.466539 -0.029828 -0.016731 -2.659741 199.729996
43.280205 -6.352193 1.470245 -0.025692 -0.008098 -2.624135 199.960007
43.486473 -6.330059 1.472173 -0.026538 -0.017455 -2.589732 200.190002
43.686596 -6.316304 1.472557 -0.019000 -0.016049 -2.558475 200.410004
43.887718 -6.306564 1.471637 -0.013126 -0.014861 -2.528367 200.630005
44.096207 -6.297782 1.470457 -0.001989 -0.017968 -2.497913 200.860001
44.302235 -6.284513 1.471671 0.005877 -0.035583 -2.468004 201.089996
44.509056 -6.258921 1.476503 0.011496 -0.032203 -2.438399 201.320007
44.714035 -6.219900 1.484609 0.011623 -0.025914 -2.412078 201.550003
44.910751 -6.167323 1.494681 0.085069 -0.006943 -2.391964 201.779999
45.086678 -6.069726 1.503819 0.165884 0.014322 -2.377139 202.039993
45.180256 -5.887430 1.505804 0.158573 0.014140 -2.376273 202.330002
45.181099 -5.682849 1.500352 0.110999 0.009174 -2.387289 202.570007
45.144379 -5.480161 1.492695 0.043029 0.008668 -2.403351 202.779999
45.096531 -5.284482 1.487618 0.010279 -0.011763 -2.424694 202.979996
45.049225 -5.082044 1.487380 -0.004672 -0.028418 -2.451605 203.190002
45.014523 -4.884499 1.491909 -0.031083 -0.027923 -2.482131 203.399994
44.999176 -4.681232 1.498667 -0.035975 -0.055238 -2.517372 203.630005
45.018509 -4.478957 1.504001 -0.028044 -0.063538 -2.557233 203.869995
45.073296 -4.281955 1.505664 -0.015174 -0.051062 -2.598734 204.110001
45.149494 -4.096295 1.503349 0.007837 -0.045880 -2.638413 204.339996
45.235733 -3.915173 1.498115 0.012836 -0.027342 -2.675653 204.559998
45.326302 -3.731743 1.491708 0.019801 -0.011359 -2.712044 204.779999
45.413609 -3.546940 1.485789 0.031505 -0.009748 -2.747735 205.000000
45.495220 -3.356730 1.481399 0.035391 -0.011474 -2.782660 205.220001
45.567596 -3.169133 1.479317 0.014934 0.035737 -2.814479 205.429993
45.620193 -2.976013 1.479975 -0.038266 0.154562 -2.852279 205.660004
45.559475 -2.781640 1.483845 -0.064892 0.178996 -2.909591 206.009995
45.365105 -2.721956 1.486403 -0.048901 0.129730 -2.953849 206.309998
45.156635 -2.722600 1.488105 -0.032729 0.034809 -2.984631 206.539993
44.953548 -2.741635 1.489359 -0.020809 -0.072267 -3.011652 206.759995
44.754101 -2.772557 1.490667 -0.003955 -0.117174 -3.044390 207.050003
44.947655 -2.720664 1.525934 0.030621 -0.092023 -3.111846 208.160004
45.145927 -2.659200 1.541420 0.023877 -0.066277 -3.125497 208.389999
45.337505 -2.597942 1.556426 0.017223 -0.045535 -3.139802 208.589996
45.527649 -2.536144 1.571277 0.013231 -0.029483 3.127384 208.779999
45.719810 -2.472319 1.584508 0.018534 -0.017664 3.109008 208.970001
45.909897 -2.405192 1.594087 0.022445 -0.008480 3.088523 209.160004
46.104771 -2.329653 1.599255 0.023108 -0.005402 3.064676 209.360001
46.293053 -2.249495 1.599401 0.006667 0.001099 3.038996 209.559998
46.482033 -2.167309 1.594038 -0.024557 -0.013838 3.010314 209.770004
46.675419 -2.096647 1.582782 -0.039074 -0.034116 2.978637 209.990005
46.869881 -2.049221 1.567408 -0.040951 -0.024913 2.944709 210.210007
47.071781 -2.023674 1.547932 -0.024486 -0.033974 2.909300 210.440002
47.275967 -2.015435 1.526696 -0.011678 -0.026111 2.873426 210.669998
47.480213 -2.016924 1.505282 -0.006113 -0.012381 2.838049 210.899994
47.679878 -2.023466 1.485654 0.000744 -0.026001 2.803502 211.130005
47.880882 -2.033712 1.468746 0.002582 -0.027005 2.769519 211.360001
48.084499 -2.047099 1.454622 0.004686 -0.024738 2.736297 211.589996
48.289928 -2.062545 1.442657 0.010349 -0.030697 2.703603 211.820007
48.491264 -2.078323 1.432536 0.013975 -0.033956 2.672649 212.039993
48.698261 -2.094288 1.423733 0.019146 -0.015547 2.642197 212.259995
48.905903 -2.104511 1.418364 0.040025 0.000700 2.612134 212.479996
49.112244 -2.098595 1.417427 0.050421 0.003980 2.582174 212.699997
49.318882 -2.072545 1.420875 0.047623 0.001521 2.552047 212.919998
49.517170 -2.031442 1.427576 0.039284 -0.002896 2.523024 213.130005
49.716606 -1.979401 1.436913 0.032934 -0.009395 2.493582 213.339996
49.917732 -1.921153 1.447955 0.024788 -0.012681 2.463832 213.550003
50.109859 -1.863940 1.459086 0.009777 -0.014254 2.435291 213.750000
50.309593 -1.807553 1.470773 0.001780 -0.025340 2.405163 213.960007
50.507854 -1.760242 1.482054 -0.003030 -0.027803 2.374923 214.169998
50.712841 -1.722645 1.492926 -0.005646 -0.022268 2.343319 214.389999
50.913254 -1.695941 1.502996 0.009066 -0.024089 2.311819 214.610001
51.112984 -1.676194 1.512543 0.006605 -0.014815 2.280705 214.830002
51.319427 -1.659816 1.521932 0.018327 -0.014501 2.248287 215.059998
51.526531 -1.644378 1.531046 0.019654 -0.011627 2.216069 215.289993
51.732616 -1.629896 1.537055 -0.014121 -0.020988 2.184906 215.520004
51.938175 -1.629151 1.534212 -0.017586 -0.055613 2.153183 215.759995
52.138676 -1.656852 1.521031 -0.040191 -0.027212 2.120369 216.000000
52.334698 -1.712242 1.500606 -0.077499 0.045686 2.082801 216.270004
52.285217 -1.901498 1.441071 -0.110820 -0.028997 2.072474 217.139999
52.124489 -2.023995 1.411229 -0.082154 -0.016428 2.087630 217.380005
51.962517 -2.150657 1.383052 -0.054370 -0.006103 2.108375 217.589996
51.798203 -2.278845 1.355345 -0.035799 0.000901 2.133752 217.789993
51.638065 -2.401873 1.328722 -0.025647 0.004363 2.161993 217.979996
51.476830 -2.523221 1.302155 -0.017549 0.005040 2.193339 218.169998
51.316601 -2.641473 1.275741 -0.016112 0.004755 2.226978 218.360001
51.150364 -2.762548 1.249480 0.000051 -0.016473 2.263806 218.559998
50.990826 -2.890065 1.230279 0.031707 -0.088700 2.301374 218.770004
50.861877 -3.051755 1.224573 0.048703 -0.127330 2.344616 219.009995
50.806683 -3.250917 1.236467 0.043227 -0.107284 2.393078 219.270004
50.821953 -3.449068 1.262237 0.015402 -0.083042 2.435931 219.509995
50.872005 -3.641557 1.295578 -0.006602 -0.057520 2.473155 219.729996
50.935822 -3.833911 1.330945 -0.021437 -0.036900 2.506965 219.940002
51.000786 -4.023660 1.363060 -0.026647 -0.020520 2.537943 220.139999
51.063526 -4.216733 1.390709 -0.015910 0.000310 2.567714 220.339996
51.122948 -4.416130 1.413842 -0.017752 0.001866 2.598400 220.550003
51.175179 -4.611916 1.431257 -0.017739 -0.001155 2.628299 220.759995
51.223709 -4.813421 1.444364 -0.006320 -0.000209 2.658535 220.979996
51.272114 -5.015906 1.453640 0.014891 -0.031139 2.689241 221.210007
51.334877 -5.207883 1.459895 0.028477 -0.060874 2.719397 221.440002
51.425823 -5.387867 1.464100 0.034470 -0.049872 2.750503 221.669998
51.542175 -5.553185 1.466847 0.017942 -0.049328 2.781211 221.899994
51.678368 -5.709542 1.468935 0.009837 -0.029224 2.812068 222.130005
51.823147 -5.856856 1.470910 0.019320 -0.012859 2.842425 222.360001
51.977448 -5.995574 1.473749 0.016049 -0.036162 2.873445 222.600006
52.142994 -6.122529 1.477581 0.015035 -0.029309 2.905108 222.839996
52.310387 -6.234384 1.481835 0.004025 -0.033725 2.935423 223.070007
52.485874 -6.341654 1.486719 -0.006998 -0.037828 2.966080 223.300003
52.661713 -6.445093 1.492854 -0.014304 -0.031426 2.995771 223.520004
52.833862 -6.546959 1.501838 -0.020174 -0.025671 3.024474 223.729996
53.007072 -6.653175 1.514323 -0.014986 -0.010502 3.053131 223.940002
53.176239 -6.761271 1.529698 -0.013635 -0.006642 3.082092 224.149994
53.347889 -6.875606 1.548669 -0.016780 -0.015442 3.112867 224.369995
53.517895 -6.990732 1.567049 0.008561 -0.029335 -3.139474 224.589996
53.692768 -7.096305 1.579500 0.030622 -0.047988 -3.108424 224.809998
53.878544 -7.182298 1.583628 0.039759 -0.035080 -3.076101 225.029999
54.070583 -7.245643 1.579212 0.029710 -0.033993 -3.044201 225.250000
54.266907 -7.290926 1.567502 0.016112 -0.029142 -3.012430 225.470001
54.465168 -7.324770 1.550663 0.006468 -0.016643 -2.980987 225.690002
54.668663 -7.354692 1.530499 -0.023839 0.009578 -2.948595 225.919998
54.867016 -7.399377 1.511196 -0.075546 0.039332 -2.916223 226.160004
55.049892 -7.489272 1.495481 -0.077129 0.047131 -2.882923 226.410004
55.201962 -7.619650 1.484917 -0.067809 0.035126 -2.850123 226.649994
55.332458 -7.776686 1.478588 -0.046716 0.019846 -2.818662 226.880005
55.451622 -7.947866 1.474534 0.043138 0.024743 -2.789181 227.110001
55.561489 -8.121412 1.472212 0.111398 0.027437 -2.756672 227.389999
55.477978 -7.932056 1.499081 0.119835 -0.000411 -2.740822 228.259995
55.390820 -7.743925 1.509130 0.073360 -0.000484 -2.755462 228.460007
55.306549 -7.558879 1.519545 0.041636 0.000218 -2.773900 228.639999
55.220989 -7.369251 1.530785 0.016167 0.000071 -2.796704 228.820007
55.137478 -7.183066 1.541884 -0.013197 -0.004736 -2.822791 229.000000
55.055893 -6.997865 1.552517 -0.013266 -0.013787 -2.852832 229.190002
54.976555 -6.805610 1.562426 0.002990 -0.020449 -2.888624 229.399994
54.905968 -6.610617 1.570784 0.019946 -0.020161 -2.928166 229.619995
54.846050 -6.414966 1.577556 0.029985 -0.014450 -2.968789 229.839996
54.793518 -6.215206 1.582894 0.020441 -0.008920 -3.009636 230.059998
54.746262 -6.015089 1.587169 0.019017 -0.001438 -3.049939 230.279999
54.701096 -5.816442 1.590188 0.019302 0.013007 -3.089284 230.500000
54.651520 -5.619200 1.590438 0.018713 0.032620 -3.127600 230.720001
54.589954 -5.423710 1.587329 0.010466 0.035194 3.118302 230.940002
54.515678 -5.232777 1.580993 0.005321 0.029581 3.082499 231.160004
54.431633 -5.047825 1.571984 0.012792 0.027261 3.048086 231.380005
54.340130 -4.865817 1.560985 0.012806 0.023546 3.014803 231.600006
54.243015 -4.685747 1.548208 0.014069 0.026613 2.982440 231.820007
54.140041 -4.506734 1.533992 0.008548 0.019971 2.950768 232.039993
54.033825 -4.330897 1.518873 0.007219 0.015833 2.919954 232.259995
53.926403 -4.158819 1.503181 0.013810 0.019927 2.889714 232.479996
53.817944 -3.988231 1.487589 0.006271 0.007641 2.859854 232.699997
53.710121 -3.815160 1.473177 0.018883 -0.056732 2.830048 232.929993
53.635147 -3.629815 1.463798 0.052347 -0.141166 2.795397 233.190002
53.668961 -3.430716 1.461739 0.044060 -0.132081 2.758251 233.490005
53.794136 -3.273473 1.466312 0.048308 -0.093796 2.727386 233.750000
53.948517 -3.145128 1.474019 0.044040 -0.056500 2.701167 233.970001
54.110989 -3.027921 1.483331 0.038254 -0.028771 2.676492 234.169998
54.282585 -2.908150 1.493909 0.023916 -0.006540 2.651020 234.369995
54.452888 -2.786978 1.503849 0.011599 0.011373 2.624731 234.570007
54.614414 -2.665031 1.511575 0.017846 0.017071 2.597745 234.770004
54.773998 -2.533336 1.516517 0.023259 0.014846 2.568808 234.979996
54.925369 -2.396640 1.518084 0.022061 0.024050 2.539287 235.190002
55.066055 -2.252850 1.515658 0.023342 0.046566 2.509035 235.399994
55.195969 -2.089185 1.508681 0.024339 0.053547 2.476427 235.619995
55.302528 -1.918629 1.498409 0.024086 0.046962 2.444585 235.830002
55.395393 -1.736130 1.485607 0.021729 0.034271 2.412255 236.039993
55.478588 -1.547311 1.471595 0.000411 0.014266 2.380002 236.250000
55.553814 -1.362085 1.457460 0.007230 0.010420 2.348146 236.460007
55.627750 -1.172020 1.443460 0.020013 0.010921 2.314865 236.679993
55.701206 -0.982479 1.431154 0.021280 -0.006335 2.281829 236.899994
55.781544 -0.798644 1.423072 0.037314 -0.045157 2.249135 237.119995
55.888920 -0.622046 1.420635 0.046590 -0.060976 2.215461 237.350006
56.020882 -0.471343 1.423540 0.048183 -0.053806 2.184112 237.570007
56.178471 -0.335901 1.430607 0.034950 -0.037302 2.153176 237.789993
56.348618 -0.214739 1.439001 -0.043135 -0.025383 2.122919 238.009995
56.522659 -0.106289 1.449375 -0.152267 -0.011604 2.090489 238.270004
56.712524 -0.039807 1.461159 0.120719 -0.030953 2.036042 239.110001
56.916512 -0.003199 1.466470 0.100826 -0.021247 2.017799 239.460007
57.115135 0.036652 1.470608 0.065708 -0.012400 2.002481 239.699997
57.319996 0.079372 1.474382 0.039119 -0.006077 1.985526 239.919998
57.523136 0.122706 1.478123 0.030156 -0.003936 1.966468 240.130005
57.718956 0.164870 1.481780 0.020848 -0.010468 1.945853 240.330002
57.924549 0.206061 1.486326 0.018093 -0.021373 1.921789 240.539993
58.130096 0.239616 1.491873 0.006869 -0.022805 1.895606 240.750000
58.331955 0.263611 1.498121 0.003988 -0.019322 1.867641 240.960007
58.537674 0.279822 1.505347 0.016919 -0.015582 1.836694 241.179993
58.742123 0.290226 1.513305 0.025795 -0.010578 1.804391 241.399994
58.948437 0.298868 1.519436 0.026789 0.013631 1.771153 241.619995
59.155239 0.315620 1.519545 0.028294 0.039419 1.736925 241.839996
59.360630 0.350279 1.512125 0.011292 0.041574 1.701849 242.059998
59.559185 0.402665 1.497370 0.010383 0.037036 1.666751 242.279999
59.750919 0.469488 1.476740 0.013286 0.026637 1.631839 242.500000
59.938358 0.545311 1.455824 0.018477 0.011106 1.597447 242.720001
60.124653 0.622887 1.439914 0.026433 0.002218 1.563476 242.940002
60.312626 0.697293 1.431044 0.018174 -0.005339 1.530132 243.160004
60.508797 0.768537 1.429368 0.027480 0.000200 1.496229 243.389999
60.698856 0.831938 1.434028 0.014469 -0.001845 1.464245 243.610001
60.894150 0.893892 1.443671 -0.002468 0.009675 1.431602 243.839996
61.087452 0.960728 1.457914 0.007478 0.033002 1.398328 244.080002
61.277050 1.040395 1.475706 0.018543 0.042641 1.365602 244.320007
61.462353 1.131860 1.495085 0.024059 0.041560 1.334113 244.550003
61.644749 1.230524 1.514330 0.010578 0.020741 1.304094 244.770004
61.825924 1.332922 1.533103 -0.006068 0.016161 1.278068 244.990005
61.996155 1.439991 1.549815 -0.058115 0.040890 1.257773 245.210007
62.144733 1.573492 1.563883 -0.084343 0.053076 1.245689 245.440002
62.258297 1.744102 1.573818 -0.075687 0.036759 1.244576 245.679993
62.333733 1.938326 1.579824 -0.050909 0.040558 1.248732 245.919998
62.383194 2.140939 1.583084 -0.026892 0.018681 1.258583 246.149994
62.418652 2.346860 1.583299 -0.037196 0.007492 1.272544 246.380005
62.435535 2.551609 1.578964 -0.055771 0.012881 1.291337 246.610001
62.427242 2.758976 1.569502 -0.055104 0.016585 1.315283 246.839996
62.397007 2.960996 1.556209 -0.044915 0.022407 1.342219 247.059998
62.353043 3.157514 1.540850 -0.027199 0.012996 1.371524 247.270004
62.300720 3.352491 1.525281 -0.018525 0.006781 1.402699 247.479996
62.240688 3.551492 1.511539 -0.018647 0.014788 1.436736 247.699997
62.176037 3.748271 1.501797 -0.018906 0.023856 1.471957 247.919998
62.110264 3.937712 1.496573 -0.017512 0.029437 1.506403 248.130005
62.041199 4.130444 1.494736 -0.008143 0.011520 1.541355 248.339996
61.969913 4.324716 1.494661 0.019465 -0.063536 1.575725 248.559998
61.898422 4.514527 1.495339 0.036141 -0.109339 1.613277 248.839996
61.850197 4.709483 1.478250 0.001448 0.121450 1.681905 249.720001
61.834469 4.910507 1.447496 -0.003186 0.109295 1.695081 250.080002
61.813831 5.108769 1.418731 -0.003326 0.083758 1.701403 250.320007
61.790298 5.310614 1.390014 -0.004000 0.057338 1.706743 250.529999
61.764290 5.516192 1.362284 -0.005363 0.038587 1.711796 250.729996
61.736908 5.716140 1.337424 -0.005273 0.018539 1.716499 250.919998
61.708038 5.913271 1.314976 -0.003937 -0.004991 1.720333 251.110001
61.676514 6.119067 1.295240 0.002156 -0.009525 1.722176 251.320007
61.646683 6.320691 1.283856 0.009042 0.010515 1.720232 251.539993
61.620792 6.525545 1.283122 0.011019 0.010321 1.713265 251.770004
61.600891 6.726360 1.291987 0.009486 0.020234 1.702919 252.000000
61.585484 6.927432 1.308366 0.006740 0.031012 1.690766 252.229996
61.572399 7.133152 1.328297 0.002015 0.029080 1.678486 252.460007
61.560047 7.333754 1.347107 -0.001783 0.035059 1.668219 252.679993
61.546131 7.538871 1.363455 -0.003524 0.018834 1.660545 252.899994
61.530495 7.743268 1.376495 -0.003170 0.022444 1.657009 253.119995
61.513302 7.947366 1.386300 -0.004714 0.028657 1.658924 253.339996
61.493107 8.153767 1.391692 -0.018156 0.029666 1.666955 253.559998
61.466122 8.353008 1.391907 -0.026166 0.028280 1.680614 253.770004
61.428829 8.552013 1.387657 -0.023503 0.008342 1.699909 253.979996
61.380791 8.753304 1.379447 -0.020020 0.002028 1.724357 254.199997
61.322266 8.952823 1.369582 -0.032902 0.010030 1.753682 254.429993
61.249962 9.143681 1.361185 -0.038639 0.022706 1.786495 254.660004
61.160259 9.331405 1.355580 -0.034360 0.032050 1.822215 254.889999
61.059513 9.512037 1.353092 -0.024782 0.033711 1.858463 255.110001
60.954082 9.686373 1.353222 -0.006962 0.024226 1.893020 255.320007
60.847633 9.861537 1.356552 0.012816 0.024326 1.923696 255.529999
60.747574 10.039546 1.363214 0.021847 0.017918 1.947949 255.740005
60.658184 10.218838 1.372120 0.024746 0.000180 1.964388 255.949997
60.579441 10.402777 1.383157 0.032361 0.007266 1.973189 256.170013
60.514397 10.595036 1.396012 0.034173 0.021591 1.972349 256.399994
60.464626 10.792223 1.409291 0.025615 0.013987 1.961045 256.630005
60.426350 10.991628 1.422608 0.016939 0.028406 1.941633 256.859985
60.393147 11.196560 1.435922 0.010328 0.037561 1.915719 257.089996
60.361889 11.400244 1.448436 0.003211 0.032881 1.889582 257.309998
60.327221 11.605902 1.458772 -0.059329 -0.010761 1.866640 257.529999
60.265690 11.796563 1.464659 -0.128572 -0.044557 1.851418 257.760010
60.134960 11.954616 1.462691 -0.131121 -0.052088 1.843203 258.019989
59.951145 12.048410 1.452892 -0.083530 -0.027503 1.843385 258.269989
59.751884 12.103917 1.441189 -0.049935 0.009642 1.852468 258.500000
59.547947 12.150588 1.430202 -0.016581 0.020593 1.870491 258.720001
59.352478 12.199106 1.420801 -0.005458 0.031170 1.893760 258.929993
59.160015 12.256651 1.412757 0.002808 0.027314 1.921809 259.140015
58.968365 12.324262 1.405746 0.051364 -0.030706 1.952238 259.359985
58.779774 12.398424 1.400102 0.097120 -0.091198 1.987329 259.640015
58.592068 12.465949 1.385652 -0.099783 0.070305 2.056155 260.500000
58.394482 12.497387 1.373848 -0.086264 0.063543 2.075400 260.839996
58.193752 12.527210 1.362244 -0.064890 0.048848 2.091675 261.079987
57.990292 12.556331 1.351513 -0.046175 0.029137 2.108391 261.290009
57.783825 12.583427 1.342780 -0.033628 0.015387 2.126339 261.489990
57.583782 12.606400 1.336618 -0.014687 -0.000022 2.145622 261.679993
57.377701 12.626611 1.332390 -0.006150 -0.004156 2.167761 261.880005
57.169872 12.644059 1.330435 -0.011548 0.004465 2.193286 262.089996
56.967274 12.659247 1.331040 -0.016548 0.010833 2.221020 262.299988
56.766365 12.673054 1.334478 -0.019770 0.014847 2.250643 262.510010
56.564762 12.685826 1.340603 -0.021936 0.018702 2.281785 262.720001
56.360985 12.697893 1.348890 -0.020993 0.019796 2.314102 262.929993
56.154957 12.709527 1.358770 -0.020180 0.021376 2.347228 263.140015
55.946629 12.721044 1.369580 -0.016187 0.018527 2.380922 263.350006
55.738888 12.732290 1.380170 -0.006328 0.003950 2.414650 263.559998
55.537277 12.742186 1.389462 -0.012055 0.008954 2.447892 263.769989
55.330204 12.750435 1.397475 -0.011894 0.007515 2.482377 263.989990
55.127350 12.756143 1.403625 -0.010887 0.008019 2.516049 264.209991
54.919327 12.759827 1.408428 -0.014510 0.016978 2.550377 264.440002
54.712105 12.761604 1.409937 -0.017876 0.011552 2.583909 264.670013
54.505711 12.758867 1.405249 -0.027428 0.018384 2.616635 264.899994
54.304913 12.749804 1.394074 -0.029988 0.023695 2.647556 265.119995
54.098709 12.734404 1.377101 -0.025945 0.024022 2.678386 265.339996
53.897499 12.715132 1.356902 -0.019017 0.025271 2.707701 265.549988
53.693192 12.694464 1.336785 -0.001701 0.029159 2.736976 265.760010
53.487209 12.678789 1.320724 0.010704 0.031681 2.766199 265.970001
53.280201 12.672797 1.310482 0.013574 0.033255 2.795481 266.179993
53.072083 12.677171 1.306221 0.011219 0.031178 2.824881 266.390015
52.863411 12.689905 1.307147 0.008617 0.015533 2.854277 266.600006
52.659069 12.707534 1.311815 0.004665 0.010867 2.883707 266.809998
52.451088 12.728440 1.319457 -0.000268 0.018380 2.914645 267.029999
52.246006 12.749690 1.328053 -0.011002 0.017465 2.945468 267.250000
52.042114 12.766554 1.335861 -0.021419 0.025156 2.976369 267.470001
51.836464 12.775013 1.341783 -0.020820 0.013018 3.007708 267.690002
51.633118 12.774555 1.345501 -0.016529 0.015505 3.038558 267.910004
51.432281 12.767303 1.347269 -0.010258 0.009174 3.069222 268.130005
51.232048 12.755534 1.346951 0.000576 -0.064434 3.099862 268.359985
51.031746 12.739790 1.343793 0.008107 -0.108879 3.134872 268.670013
50.828270 12.725846 1.336854 0.000171 0.134149 -3.096238 269.549988
50.620327 12.717171 1.337679 -0.000650 0.113153 -3.087120 269.869995
50.411987 12.707416 1.337735 0.001206 0.063039 -3.083196 270.100006
50.202038 12.697810 1.338175 0.004432 0.039375 -3.082421 270.309998
49.995731 12.689832 1.339079 0.005598 0.019962 -3.084573 270.510010
49.791042 12.683874 1.340188 0.005137 0.004953 -3.089041 270.709991
49.583542 12.679873 1.341421 0.004234 0.010899 -3.095291 270.920013
49.382149 12.677665 1.342939 0.003096 -0.002181 -3.102599 271.130005
49.181709 12.676904 1.343475 0.002790 -0.002326 -3.110849 271.350006
48.974247 12.677595 1.341265 0.002825 0.027079 -3.120184 271.589996
48.773468 12.679393 1.336409 0.002374 0.037796 -3.129117 271.820007
48.564632 12.682033 1.329165 0.001368 0.039815 -3.137409 272.049988
48.356747 12.685007 1.320600 0.001220 0.031904 3.138369 272.269989
48.154072 12.688444 1.313365 0.005043 0.026881 3.130922 272.480011
47.949577 12.693922 1.309374 0.007481 0.027598 3.122339 272.690002
47.744663 12.702399 1.309126 0.006986 0.008225 3.112552 272.899994
47.535786 12.714125 1.312704 0.005415 0.016107 3.102231 273.119995
47.330315 12.728070 1.319723 0.003729 0.025593 3.092575 273.339996
47.123753 12.743621 1.329372 0.002251 0.031400 3.085567 273.559998
46.923954 12.759265 1.339870 -0.004476 0.018321 3.082920 273.769989
46.715782 12.772990 1.350024 -0.018284 0.021679 3.085451 273.989990
46.508026 12.778515 1.358288 -0.023034 0.019124 3.094191 274.209991
46.301842 12.773865 1.363893 -0.019923 0.010993 3.107086 274.429993
46.099777 12.760507 1.367004 -0.015012 0.023064 3.120315 274.649994
45.897758 12.741406 1.368181 -0.003936 0.026062 3.132623 274.869995
45.693661 12.721489 1.368057 0.005941 0.031884 -3.139968 275.089996
45.486343 12.705091 1.367125 0.009978 0.017258 -3.131543 275.309998
45.280731 12.693897 1.365484 0.009661 0.018719 -3.125020 275.529999
45.076797 12.687525 1.363734 0.007281 0.020890 -3.120452 275.750000
44.873886 12.684635 1.362102 0.004342 0.012548 -3.118639 275.970001
44.666786 12.683932 1.360568 0.004661 0.009892 -3.120275 276.200012
44.464767 12.685541 1.359516 0.006397 0.026004 -3.125228 276.429993
44.260586 12.690030 1.359223 0.006624 0.037417 -3.132581 276.660004
44.058193 12.697029 1.359625 0.005407 0.038846 -3.139435 276.880005
43.858078 12.705606 1.360334 0.001640 0.033722 3.138967 277.089996
43.653305 12.714437 1.361227 -0.003764 0.032207 3.136020 277.299988
43.445099 12.721428 1.362178 -0.006324 0.016898 3.134774 277.510010
43.242489 12.725553 1.362479 -0.005571 -0.059076 3.135232 277.720001
43.040821 12.727108 1.361709 -0.002336 -0.114840 3.136772 277.980011
42.840481 12.730045 1.354216 0.013142 0.105577 3.132685 278.750000
42.639042 12.755028 1.347311 0.009883 0.110940 3.110976 279.179993
42.433239 12.780495 1.341135 0.004329 0.083752 3.093814 279.440002
42.226891 12.804661 1.334612 -0.010161 0.044877 3.080609 279.660004
42.019043 12.823562 1.327829 -0.024615 0.030398 3.071851 279.869995
41.817921 12.832315 1.321274 -0.026701 0.012284 3.068478 280.070007
41.610443 12.830676 1.314428 -0.022171 0.003890 3.070096 280.279999
41.410198 12.819981 1.307599 -0.016493 0.014398 3.077153 280.489990
41.205158 12.802361 1.300910 -0.008337 0.002048 3.090236 280.709991
40.999561 12.781058 1.296759 0.001871 0.010220 3.106620 280.940002
40.799496 12.761779 1.298410 0.007010 0.027465 3.123403 281.170013
40.597939 12.747177 1.306180 0.007803 0.019815 3.138751 281.399994
40.395988 12.737279 1.319149 0.006238 0.031101 -3.130967 281.630005
40.189819 12.730895 1.335628 0.003694 0.024163 -3.120004 281.859985
39.981621 12.726406 1.349665 0.000488 0.025618 -3.111231 282.089996
39.780724 12.722269 1.356813 -0.001347 0.028703 -3.104528 282.309998
39.578033 12.717325 1.356877 -0.002352 0.014050 -3.098544 282.529999
39.369217 12.710604 1.350066 -0.009358 0.022601 -3.091219 282.760010
39.169559 12.699717 1.339276 -0.015091 0.029902 -3.081689 282.980011
38.968002 12.681974 1.326331 -0.014205 0.014369 -3.068988 283.200012
38.769310 12.658112 1.312473 -0.010717 0.020493 -3.054880 283.420013
38.571693 12.629699 1.298803 -0.005966 0.027410 -3.040255 283.640015
38.372185 12.599332 1.287796 0.010815 0.024908 -3.027164 283.859985
38.170563 12.573990 1.282253 0.024422 0.028196 -3.018322 284.079987
37.966000 12.559269 1.282903 0.024841 0.013015 -3.015639 284.299988
37.763313 12.555838 1.288869 0.020976 0.017386 -3.018759 284.519989
37.561478 12.561266 1.299358 0.015259 0.021748 -3.028416 284.739990
37.359642 12.572302 1.310157 0.007861 0.015644 -3.043811 284.959991
37.159748 12.585708 1.316592 0.003096 0.028444 -3.063307 285.179993
36.957134 12.598963 1.316511 0.000862 0.034846 -3.086178 285.399994
36.749111 12.611111 1.309676 -0.000418 0.035567 -3.112089 285.619995
36.545769 12.621548 1.297820 -0.000054 0.021679 -3.139104 285.829987
36.342815 12.631592 1.283674 0.004766 0.014424 3.116529 286.040009
36.143250 12.643262 1.269871 0.008214 0.020424 3.090149 286.250000
35.936913 12.658868 1.257479 0.008327 0.006888 3.064981 286.470001
35.736919 12.677814 1.247714 0.006661 0.019653 3.043667 286.690002
35.530529 12.700677 1.240507 0.003938 -0.004591 3.025600 286.920013
35.325253 12.725580 1.235349 0.002568 -0.083659 3.011077 287.170013
35.124641 12.751888 1.232235 0.002618 -0.110834 2.997152 287.579987
34.930183 12.813616 1.242678 0.014685 0.111394 2.967334 288.369995
34.734753 12.878745 1.253757 0.008473 0.096244 2.945809 288.660004
34.536556 12.942792 1.263062 0.004073 0.058763 2.924755 288.890015
34.338573 13.006003 1.272783 0.002321 0.038905 2.904276 289.100006
34.143963 13.067945 1.283644 0.001748 0.022433 2.884778 289.299988
33.950439 13.129766 1.295522 0.001453 0.003904 2.866267 289.500000
33.754520 13.192906 1.309032 0.001672 0.012613 2.848765 289.709991
33.563507 13.255112 1.323446 0.001283 0.018251 2.834035 289.920013
33.365276 13.319865 1.338525 -0.005855 0.026534 2.823470 290.140015
33.174221 13.379772 1.351686 -0.011846 0.027262 2.819539 290.350006
32.980904 13.435576 1.362853 -0.012289 0.010949 2.822250 290.559998
32.780987 13.487870 1.372176 -0.009677 0.016423 2.831694 290.779999
32.582649 13.535514 1.379507 -0.012022 0.017130 2.847836 291.000000
32.385033 13.576034 1.384754 -0.047920 0.007145 2.869999 291.220001
32.179325 13.595020 1.387952 -0.070189 0.006601 2.899070 291.450012
31.974304 13.580829 1.388966 -0.060067 -0.003519 2.933544 291.679993
31.774286 13.537596 1.388405 -0.047574 0.011329 2.969631 291.910004
31.575174 13.473975 1.387054 -0.031862 0.024906 3.007941 292.140015
31.381197 13.403303 1.384611 -0.006171 0.033351 3.045963 292.359985
31.190792 13.337462 1.380510 0.012173 0.037687 3.082638 292.570007
30.995258 13.280545 1.374643 0.021003 0.021142 3.117844 292.779999
30.799757 13.235107 1.366929 0.019396 0.022001 -3.134168 292.989990
30.595036 13.198423 1.357476 0.016930 0.027843 -3.108720 293.209991
30.387911 13.171350 1.348700 0.021525 0.028528 -3.091589 293.429993
30.187304 13.155303 1.342256 0.021473 0.028864 -3.082725 293.640015
29.983801 13.148292 1.338183 0.017493 0.029554 -3.079129 293.850006
29.777370 13.148216 1.336514 0.012071 0.028364 -3.077921 294.059998
29.569618 13.152403 1.336654 0.001974 0.011457 -3.077221 294.269989
29.366219 13.156772 1.337770 -0.010483 0.013850 -3.075558 294.480011
29.157673 13.156186 1.339484 -0.015935 0.015234 -3.071965 294.700012
28.953533 13.148039 1.341208 -0.014796 0.009468 -3.067536 294.920013
28.746780 13.133039 1.342384 0.001186 0.013841 -3.064810 295.149994
28.543550 13.118885 1.342732 0.019025 0.026370 -3.065963 295.380005
28.337461 13.113579 1.342291 0.025393 0.033818 -3.071416 295.609985
28.134113 13.119322 1.341173 0.023551 0.035762 -3.077839 295.829987
27.933964 13.133562 1.339549 0.014742 0.024022 -3.082901 296.040009
27.732822 13.152295 1.337408 -0.003976 0.015712 -3.086069 296.250000
27.525059 13.168910 1.334831 -0.016650 0.022017 -3.087502 296.470001
27.319321 13.176870 1.332223 -0.019446 0.011963 -3.087151 296.690002
27.118073 13.175305 1.329506 -0.016261 0.020859 -3.086084 296.910004
26.917984 13.165851 1.326832 -0.010770 0.014762 -3.084124 297.130005
26.716625 13.151043 1.323934 -0.004606 -0.063050 -3.081102 297.359985
26.514807 13.132296 1.321364 0.002195 -0.135875 -3.077669 297.670013
26.316326 13.107030 1.320675 -0.009271 0.116313 -3.055608 298.500000
26.117989 13.076934 1.326781 -0.007011 0.103368 -3.038969 298.820007
25.914742 13.044757 1.331913 -0.000362 0.049077 -3.026104 299.059998
25.712156 13.014114 1.336099 0.017390 0.026715 -3.016850 299.279999
25.506048 12.991025 1.339649 0.026987 0.025380 -3.012173 299.500000
25.298235 12.979590 1.342050 0.024415 0.010612 -3.013386 299.720001
25.093580 12.979104 1.343382 0.019336 0.018436 -3.020062 299.940002
24.890430 12.986482 1.343918 0.011314 0.004514 -3.032955 300.160004
24.685524 12.999054 1.344581 0.004395 0.002760 -3.051423 300.390015
24.480326 13.013794 1.346416 0.002428 0.028413 -3.075017 300.630005
24.280460 13.027592 1.350110 0.002410 0.039649 -3.100273 300.859985
24.080721 13.040460 1.355316 0.001866 0.042507 -3.124675 301.079987
23.871901 13.053181 1.361659 0.000655 0.030232 3.135576 301.299988
23.668919 13.065078 1.367853 -0.000250 0.024604 3.116174 301.510010
23.465309 13.076573 1.373635 -0.000563 0.026904 3.099783 301.720001
23.260237 13.087758 1.378780 -0.000585 0.028001 3.086662 301.929993
23.053413 13.098794 1.383204 -0.000561 0.026328 3.076820 302.140015
22.845839 13.109754 1.386837 -0.000466 0.012546 3.070164 302.350006
22.643347 13.120141 1.389254 -0.005799 -0.004679 3.067328 302.559998
22.442242 13.127643 1.390305 -0.015113 0.013545 3.069425 302.779999
22.236031 13.128324 1.389989 -0.018797 0.028623 3.077993 303.010010
22.035421 13.121117 1.388578 -0.017215 0.036210 3.091943 303.230011
21.828520 13.107253 1.386327 -0.012093 0.027303 3.110707 303.450012
21.620670 13.089103 1.383019 -0.000536 -0.002876 3.131681 303.670013
21.413935 13.071110 1.377476 0.014445 0.010564 -3.131491 303.899994
21.212662 13.060796 1.369642 0.018868 0.020535 -3.116643 304.130005
21.011881 13.060008 1.359823 0.016162 0.017086 -3.108845 304.359985
20.804594 13.068134 1.348508 0.023928 0.016504 -3.108805 304.600006
20.598408 13.088792 1.338257 0.035418 0.029325 -3.117297 304.839996
20.397490 13.124694 1.330408 0.030807 0.018338 -3.134069 305.070007
20.196882 13.174165 1.324502 0.022991 0.022528 3.126205 305.299988
20.004583 13.230163 1.320531 0.013859 0.016948 3.098998 305.519989
19.809727 13.291948 1.317325 -0.006415 -0.058702 3.067556 305.750000
19.616394 13.358212 1.313887 -0.021244 -0.106259 3.027939 306.049988
19.414463 13.370829 1.311026 -0.055642 0.108446 2.985368 306.959991
19.218058 13.305790 1.312681 -0.038511 0.094461 3.014994 307.299988
19.023752 13.244862 1.313016 -0.015287 0.051904 3.046692 307.540009
18.827072 13.187070 1.313427 0.009467 0.038373 3.078880 307.760010
18.631886 13.139202 1.314811 0.020429 0.038045 3.110480 307.970001
18.431650 13.102498 1.316965 0.021409 0.018002 3.140698 308.179993
18.232660 13.076477 1.319639 0.016601 0.020748 -3.114197 308.390015
18.025192 13.057732 1.323036 0.009975 0.016047 -3.088453 308.609985
17.820248 13.044291 1.326461 0.006127 0.016021 -3.067751 308.829987
17.617989 13.033842 1.329323 0.003845 0.026972 -3.052974 309.049988
17.413877 13.024652 1.331453 0.002387 0.031453 -3.044252 309.269989
17.205503 13.015634 1.332887 0.001544 0.034828 -3.040682 309.489990
17.002319 13.006696 1.333659 0.001650 0.009654 -3.041227 309.700012
16.794920 12.998715 1.333562 0.015234 -0.002862 -3.046010 309.920013
16.588839 12.998246 1.332169 0.027328 0.016133 -3.056247 310.149994
16.384701 13.010465 1.329721 0.029132 0.029266 -3.072463 310.380005
16.185196 13.034110 1.326635 0.023880 0.033956 -3.093417 310.600006
15.980742 13.066646 1.323057 0.011147 0.009455 -3.118907 310.820007
15.780838 13.102097 1.318948 -0.010465 0.006784 3.138740 311.040009
15.578449 13.132471 1.314044 -0.022348 0.025273 3.115827 311.269989
15.375484 13.150753 1.308690 -0.022123 0.018883 3.099726 311.500000
15.172386 13.157515 1.302923 -0.017173 0.028088 3.090382 311.730011
14.966261 13.156001 1.296933 -0.010590 0.016336 3.088507 311.959991
14.762338 13.149371 1.291768 -0.009780 0.008746 3.093656 312.190002
14.554882 13.137710 1.289057 -0.012027 0.027579 3.106526 312.429993
14.354294 13.121548 1.289466 -0.010361 0.017289 3.125227 312.660004
14.155195 13.101523 1.292688 0.001109 0.014826 -3.137760 312.890015
13.949621 13.082638 1.300799 0.017482 0.031624 -3.119484 313.130005
13.747296 13.073701 1.313673 0.022603 0.039665 -3.107224 313.359985
13.544914 13.075498 1.329992 0.020070 0.037781 -3.099084 313.579987
13.344979 13.084779 1.346211 0.007545 0.029327 -3.093447 313.790009
13.141978 13.096225 1.359771 -0.004796 0.028736 -3.089371 314.000000
12.936718 13.104707 1.368977 -0.010680 0.030935 -3.086954 314.209991
12.729030 13.107803 1.373429 -0.011390 0.027157 -3.086479 314.420013
12.520170 13.105453 1.373641 -0.009043 0.019192 -3.088196 314.630005
12.313882 13.099116 1.370658 -0.004132 0.006981 -3.091761 314.839996
12.113952 13.091146 1.365662 0.000456 0.016210 -3.096708 315.049988
11.907467 13.083046 1.359458 0.003293 0.026564 -3.102582 315.269989
11.699385 13.076333 1.353205 0.004028 0.031054 -3.108633 315.489990
11.497998 13.071515 1.347618 0.003195 0.001909 -3.114277 315.700012
11.290892 13.068037 1.341985 0.001591 -0.079650 -3.119924 315.929993
11.088767 13.066159 1.335977 -0.000208 -0.128566 -3.126139 316.250000
10.887606 13.070257 1.328549 0.000935 0.116676 -3.140262 317.089996
10.680775 13.073670 1.327651 -0.000874 0.101900 3.137982 317.410004
10.479770 13.075738 1.325936 -0.001607 0.070672 3.135740 317.640015
10.273848 13.076962 1.323605 -0.003054 0.042316 3.135364 317.850006
10.069761 13.077016 1.321314 -0.003682 0.031850 3.136358 318.049988
9.862992 13.075747 1.319220 -0.003347 0.023221 3.138464 318.250000
9.656775 13.073296 1.317242 -0.002542 0.019803 3.141311 318.450012
9.452472 13.069986 1.315638 -0.001573 0.011265 -3.138608 318.649994
9.244559 13.066163 1.314183 0.003086 -0.011218 -3.135653 318.859985
9.040841 13.063839 1.311930 0.009032 0.007797 -3.134979 319.079987
8.835679 13.065796 1.308697 0.010385 0.011988 -3.138396 319.309998
8.634718 13.072769 1.304550 0.009027 0.020770 3.139301 319.540009
8.433885 13.083922 1.299701 0.006490 0.029982 3.134550 319.769989
8.229838 13.097602 1.295250 -0.000767 0.020653 3.131591 320.000000
8.025054 13.110365 1.293043 -0.006633 0.032001 3.130368 320.230011
7.824714 13.119126 1.293972 -0.008230 0.036248 3.130523 320.450012
7.617739 13.123886 1.297950 -0.007204 0.038108 3.131633 320.670013
7.413871 13.125258 1.303957 -0.005045 0.024241 3.133432 320.880005
7.209576 13.124515 1.311102 -0.002630 0.010999 3.136416 321.089996
7.001134 13.122556 1.318314 -0.001918 0.009236 3.141266 321.309998
6.798540 13.119751 1.322328 -0.002998 0.019189 -3.135916 321.529999
6.597725 13.115695 1.321895 -0.003227 0.018399 -3.129400 321.750000
6.389492 13.110018 1.316704 -0.002652 0.018720 -3.123194 321.980011
6.182458 13.103131 1.307270 -0.001843 0.027419 -3.118819 322.209991
5.974008 13.095500 1.296380 0.000822 0.019129 -3.116580 322.440002
5.766131 13.088408 1.288577 0.003220 0.028043 -3.116168 322.670013
5.564468 13.083108 1.286117 0.003877 0.032495 -3.117489 322.890015
5.358311 13.079552 1.288539 0.004584 0.030514 -3.120846 323.109985
5.158102 13.078022 1.294151 0.004853 0.030329 -3.125345 323.320007
4.955432 13.078385 1.301768 0.003953 0.015721 -3.130644 323.529999
4.755098 13.080310 1.310168 0.002645 0.015226 -3.136325 323.739990
4.548370 13.083390 1.319110 0.001470 0.021092 3.140659 323.959991
4.343535 13.087031 1.326708 0.001145 0.011231 3.134471 324.179993
4.142952 13.091071 1.330893 0.001227 0.024352 3.128712 324.399994
3.941890 13.095600 1.330958 0.001118 0.032334 3.123938 324.619995
3.736447 13.100667 1.327082 0.000902 0.034723 3.121942 324.839996
3.535336 13.105882 1.320507 -0.002405 0.032719 3.124011 325.049988
3.330212 13.109801 1.312943 -0.012192 0.030102 3.130587 325.260010
3.122324 13.108707 1.306064 -0.017098 0.023537 -3.141264 325.470001
2.917321 13.100791 1.300191 -0.012916 -0.043703 -3.125339 325.679993
2.712102 13.085795 1.294548 -0.002843 -0.109894 -3.104644 325.929993
2.513052 13.062866 1.287078 0.010282 0.053611 -3.067506 326.630005
2.313626 13.072979 1.299033 0.016176 0.128417 -3.087787 327.179993
2.111690 13.085754 1.307524 0.008706 0.095809 -3.107161 327.429993
1.906023 13.098649 1.313692 0.006593 0.062551 -3.126070 327.640015
1.705433 13.111868 1.316318 0.008875 0.039138 3.137956 327.829987
1.500077 13.127541 1.314993 0.009832 0.018895 3.116985 328.019989
1.297586 13.145940 1.309538 0.008384 -0.004881 3.095717 328.209991
1.095273 13.167408 1.299915 0.002498 -0.006321 3.075787 328.410004
0.895083 13.189137 1.288563 -0.017105 0.005056 3.059572 328.619995
0.692909 13.203491 1.278496 -0.029107 0.014474 3.049669 328.839996
0.485290 13.204450 1.271564 -0.027719 0.009185 3.046786 329.070007
0.281712 13.191897 1.268736 -0.023704 0.022688 3.046835 329.299988
0.077589 13.169764 1.269798 0.001928 0.020849 3.047543 329.529999
-0.126820 13.151665 1.275432 0.044747 0.030616 3.046040 329.760010
-0.333170 13.157383 1.285382 0.057537 0.022535 3.039459 329.989990
-0.537260 13.192352 1.297962 0.050055 0.017003 3.028409 330.220001
-0.736954 13.251628 1.312666 0.036642 0.025474 3.013201 330.450012
-0.925641 13.322925 1.326514 -0.005299 -0.003783 2.994558 330.670013
-1.121482 13.391970 1.338238 -0.071063 0.005901 2.975710 330.910004
-1.323447 13.421970 1.345297 -0.085878 0.007478 2.962591 331.160004
-1.527503 13.402231 1.346738 -0.071651 0.012613 2.956947 331.410004
-1.726529 13.346583 1.344055 -0.048095 0.017336 2.959672 331.649994
-1.919088 13.275553 1.337681 0.025472 0.014067 2.968067 331.880005
-2.115464 13.220437 1.325445 0.095762 0.035167 2.977903 332.119995
-2.317781 13.220717 1.306768 0.100244 0.023266 2.981942 332.369995
-2.514204 13.281084 1.282572 0.080572 0.029326 2.982472 332.619995
-2.692534 13.377264 1.257141 0.049514 0.021688 2.976286 332.850006
-2.861039 13.490005 1.236481 0.024839 0.020554 2.965342 333.070007
-3.028412 13.610571 1.227131 0.010849 0.026829 2.949328 333.290009
-3.198546 13.732691 1.232012 0.004463 0.031060 2.929400 333.510010
-3.365481 13.848255 1.249322 0.001896 0.029698 2.910359 333.720001
-3.536168 13.961257 1.274182 -0.016142 0.022448 2.894237 333.929993
-3.710122 14.064228 1.296044 -0.047898 0.027202 2.883079 334.140015
-3.899875 14.149925 1.308287 -0.058570 0.019041 2.879108 334.359985
-4.095009 14.208687 1.307161 -0.050333 0.010683 2.880445 334.579987
-4.291408 14.244206 1.293401 -0.032882 0.018178 2.882695 334.799988
-4.489604 14.266221 1.275594 -0.000564 0.026105 2.884190 335.019989
-4.689737 14.289555 1.263193 0.021221 0.031530 2.882616 335.239990
-4.890192 14.324199 1.259955 0.026965 0.016571 2.877071 335.459991
-5.085575 14.371361 1.267045 0.023936 0.024162 2.869313 335.679993
-5.277172 14.429384 1.282295 0.016064 -0.012741 2.858762 335.899994
-5.470607 14.497137 1.302272 0.005120 -0.089100 2.845760 336.149994
-5.654878 14.571375 1.329745 -0.003600 -0.092638 2.826244 336.600006
-5.833588 14.662695 1.353761 0.008459 0.114733 2.792518 337.369995
-6.020526 14.751059 1.363887 0.004091 0.090899 2.775014 337.649994
-6.203410 14.835906 1.371894 -0.005873 0.053844 2.761487 337.869995
-6.392242 14.916956 1.377997 -0.066233 0.000119 2.752531 338.079987
-6.592293 14.970634 1.381648 -0.113700 -0.030027 2.749788 338.299988
-6.797317 14.969018 1.381062 -0.102257 -0.046568 2.753481 338.529999
-6.990782 14.911499 1.376430 -0.084693 -0.030604 2.761092 338.760010
-7.167511 14.817054 1.369354 -0.062215 -0.009994 2.774738 338.980011
-7.333403 14.704461 1.361356 -0.043872 0.008593 2.793685 339.190002
-7.500573 14.580992 1.353276 -0.029931 0.013731 2.817931 339.399994
-7.660574 14.458788 1.348316 -0.029625 -0.002308 2.844941 339.600006
-7.815908 14.330960 1.348222 -0.033851 -0.013001 2.874774 339.799988
-7.962786 14.195308 1.353562 -0.033366 -0.015135 2.906794 340.000000
-8.106957 14.044743 1.364610 -0.031692 -0.009264 2.942029 340.209991
-8.243305 13.888469 1.379339 -0.010117 0.013625 2.978292 340.420013
-8.379665 13.736474 1.394842 0.013586 0.043802 3.015629 340.630005
-8.526066 13.599384 1.409190 0.028201 0.045636 3.052687 340.839996
-8.691171 13.476816 1.421459 0.027890 0.040845 3.090589 341.059998
-8.866199 13.373852 1.430727 0.016211 0.039088 3.127728 341.279999
-9.048905 13.284432 1.436906 0.018317 0.018805 -3.121063 341.500000
-9.241152 13.205996 1.436855 0.047420 0.030921 -3.090857 341.730011
-9.439455 13.153620 1.427196 0.061486 0.038629 -3.070594 341.959991
-9.646631 13.133166 1.410313 0.074543 0.012245 -3.063304 342.190002
-9.852700 13.151337 1.394345 0.095865 -0.001964 -3.066583 342.420013
-10.050262 13.215881 1.383564 0.081538 -0.014476 -3.080618 342.649994
-10.225922 13.313969 1.379701 0.060839 -0.008086 -3.100917 342.869995
-10.390188 13.435846 1.382726 0.043492 0.007399 -3.127483 343.089996
-10.542453 13.565599 1.391278 0.024318 0.017068 3.126727 343.299988
-10.694650 13.697662 1.402177 -0.036496 0.030683 3.098258 343.510010
-10.860894 13.813643 1.412383 -0.085712 0.046586 3.072758 343.730011
-11.049355 13.889671 1.418944 -0.089581 0.025045 3.057168 343.959991
-11.253776 13.919395 1.420359 -0.065245 0.019974 3.048883 344.200012
-11.461646 13.913220 1.417507 -0.036189 0.029501 3.049716 344.440002
-11.665330 13.890001 1.412336 -0.012924 0.020292 3.058898 344.670013
-11.869397 13.862423 1.406401 0.016676 0.019733 3.070748 344.899994
-12.071949 13.846247 1.403716 0.061153 0.020530 3.081581 345.130005
-12.272457 13.861452 1.407056 0.076913 0.025955 3.088344 345.359985
-12.473044 13.914828 1.416656 0.067649 0.026444 3.088783 345.589996
-12.665756 13.996030 1.430899 0.047079 0.020670 3.082605 345.809998
-12.845848 14.089643 1.445762 0.004116 -0.043345 3.070568 346.019989
-13.023848 14.194552 1.461117 -0.037273 -0.101937 3.055640 346.269989
-13.188449 14.307602 1.479116 0.016599 0.048726 3.015656 346.920013
-13.366024 14.410416 1.490814 0.036971 0.106004 2.987246 347.480011
-13.548456 14.510962 1.498864 0.025546 0.076543 2.967292 347.750000
-13.726211 14.608582 1.505473 0.017664 0.038414 2.948224 347.970001
-13.902040 14.709582 1.510227 0.052566 0.003448 2.927446 348.179993
-14.066451 14.827124 1.511545 0.081380 -0.022115 2.903026 348.390015
-14.212151 14.975431 1.508403 0.071389 -0.038826 2.874460 348.609985
-14.325813 15.143707 1.500565 0.062001 -0.026382 2.845684 348.829987
-14.414094 15.327234 1.488994 0.051503 -0.005638 2.815679 349.049988
-14.487701 15.522845 1.475170 0.028350 0.009988 2.786761 349.269989
-14.555616 15.711728 1.462371 -0.042194 0.040620 2.763227 349.480011
-14.652209 15.896351 1.452009 -0.096794 0.062448 2.744828 349.709991
-14.795692 16.043909 1.445585 -0.100244 0.043943 2.739673 349.950012
-14.975751 16.142967 1.443244 -0.075811 0.042846 2.743278 350.190002
-15.173771 16.204678 1.444310 -0.043894 0.023110 2.756422 350.420013
-15.370887 16.246008 1.446726 0.013043 -0.003509 2.772833 350.640015
-15.571147 16.296551 1.449158 0.085011 -0.000323 2.789617 350.880005
-15.751830 16.390648 1.449958 0.103778 0.007842 2.802357 351.130005
-15.900864 16.528690 1.447345 0.054882 0.014428 2.807459 351.369995
-16.034292 16.683443 1.441702 -0.000134 0.038882 2.805859 351.600006
-16.170908 16.830498 1.434360 -0.028772 0.035484 2.798009 351.820007
-16.320541 16.963984 1.425360 -0.035863 0.034665 2.787368 352.040009
-16.483168 17.081179 1.415075 -0.030014 0.034433 2.777311 352.260010
-16.656818 17.184067 1.406371 -0.038016 0.021104 2.770590 352.480011
-16.837950 17.269016 1.403616 -0.046155 0.025364 2.768150 352.700012
-17.027845 17.334009 1.408198 -0.039445 0.013883 2.772213 352.920013
-17.230684 17.383013 1.420549 -0.027771 0.018381 2.782162 353.149994
-17.427059 17.417845 1.438069 -0.016007 0.017886 2.797606 353.369995
-17.624550 17.446760 1.458133 -0.007917 0.027576 2.817938 353.589996
-17.825186 17.474607 1.478230 -0.003198 0.036034 2.842444 353.809998
-18.031656 17.504345 1.496692 -0.000631 0.035203 2.869307 354.029999
-18.233702 17.535114 1.512088 0.000724 0.031306 2.895035 354.239990
-18.437588 17.567692 1.524811 0.006942 0.004589 2.918973 354.450012
-18.641100 17.606483 1.533153 0.070104 -0.027614 2.938839 354.670013
-18.830595 17.679508 1.534298 0.118413 -0.044000 2.951231 354.910004
-18.984833 17.816223 1.525426 0.102114 -0.045221 2.954096 355.170013
-19.087551 17.995508 1.508859 0.080908 -0.020834 2.948158 355.420013
-19.157148 18.189911 1.489463 0.045459 -0.007663 2.932768 355.649994
-19.212175 18.387436 1.469740 0.026300 0.000877 2.911049 355.869995
-19.261263 18.587801 1.452600 0.029350 -0.003533 2.883862 356.089996
-19.302868 18.790724 1.440247 0.029513 -0.007614 2.852362 356.309998
-19.335115 18.994713 1.433113 0.020150 -0.009665 2.817811 356.529999
-19.358673 19.196451 1.430835 0.025432 -0.000250 2.781324 356.750000
-19.376347 19.396526 1.431985 -0.016838 -0.018946 2.743918 356.970001
-19.389259 19.596247 1.434907 -0.080666 -0.050208 2.705397 357.220001
-19.390015 19.796904 1.446182 0.076502 0.001361 2.634970 357.910004
-19.314215 19.980801 1.478020 0.107892 0.025004 2.610300 358.410004
-19.244972 20.168163 1.503823 0.085441 0.022751 2.595668 358.670013
-19.176702 20.361506 1.528822 0.062657 0.017971 2.580862 358.890015
-19.110321 20.554167 1.552274 0.038925 0.014009 2.565082 359.089996
-19.046707 20.743576 1.572591 0.022464 0.014861 2.547879 359.279999
-18.985636 20.934248 1.589317 0.013931 0.015450 2.528292 359.470001
-18.926035 21.132542 1.602384 -0.003953 0.007809 2.505380 359.670013
-18.869698 21.332426 1.611051 0.001215 0.008805 2.479133 359.880005
-18.816233 21.534580 1.615772 0.013281 0.011450 2.449445 360.100006
-18.765852 21.733427 1.616315 0.010616 0.006208 2.418005 360.320007
-18.716837 21.928596 1.610081 0.020784 0.010612 2.385366 360.540009
-18.667397 22.123781 1.596237 0.018574 0.008319 2.351642 360.760010
-18.617210 22.317638 1.576120 0.013383 0.005941 2.317555 360.980011
-18.564514 22.517065 1.549370 0.023595 0.015483 2.281901 361.209991
-18.513180 22.710106 1.520151 0.019156 0.018487 2.247769 361.429993
-18.464350 22.905655 1.492010 -0.008943 0.039051 2.213911 361.649994
-18.431683 23.103443 1.468785 -0.025359 0.055159 2.180314 361.869995
-18.424074 23.303999 1.451884 -0.032347 0.039090 2.148388 362.089996
-18.440697 23.511606 1.440835 -0.021672 0.041732 2.115119 362.320007
-18.474463 23.710503 1.435681 -0.003320 0.025425 2.084183 362.540009
-18.513083 23.909473 1.435083 0.033107 0.011819 2.053343 362.760010
-18.539413 24.110306 1.438263 0.053637 0.009761 2.022314 362.980011
-18.544571 24.315798 1.444076 0.055933 0.013221 1.991280 363.200012
-18.529779 24.516891 1.450937 0.045086 0.013675 1.961341 363.410004
-18.500507 24.719715 1.458057 0.021725 -0.000800 1.931094 363.619995
-18.464771 24.916756 1.464966 -0.011366 0.013749 1.902519 363.829987
-18.436102 25.117300 1.472346 -0.040377 0.034653 1.874879 364.049988
-18.430584 25.317137 1.479884 -0.047361 0.043223 1.851268 364.269989
-18.451412 25.519688 1.487454 -0.040288 0.041912 1.832348 364.489990
-18.491684 25.716276 1.494543 -0.026684 0.034668 1.818500 364.700012
-18.543173 25.914358 1.500881 0.018168 0.013280 1.807425 364.910004
-18.586073 26.110291 1.506122 0.068501 -0.000505 1.796212 365.119995
-18.599728 26.311970 1.510213 0.081321 -0.011194 1.782755 365.339996
-18.573669 26.515606 1.512576 0.072565 -0.006301 1.768015 365.570007
-18.512907 26.712572 1.513450 0.049449 -0.002327 1.750872 365.799988
-18.432066 26.898817 1.512631 -0.010862 -0.059153 1.731081 366.029999
-18.338501 27.076029 1.509913 -0.053591 -0.092128 1.710035 366.320007
-18.216131 26.915865 1.525301 0.019600 -0.097288 1.652390 367.549988
-18.176159 26.715899 1.538313 0.020733 -0.076859 1.638141 367.790009
-18.131361 26.515631 1.551194 0.016956 -0.054288 1.622512 368.000000
-18.082899 26.313028 1.563550 0.017428 -0.024966 1.604765 368.200012
-18.028799 26.110382 1.573739 0.040852 0.002363 1.584516 368.399994
-17.961977 25.917654 1.580124 0.056139 0.014370 1.562059 368.600006
-17.873339 25.730927 1.582211 0.045758 0.025135 1.536845 368.809998
-17.763844 25.554565 1.579680 0.042693 0.012238 1.507381 369.029999
-17.640530 25.391829 1.573184 0.027086 0.003625 1.476611 369.250000
-17.510559 25.237337 1.561373 0.017001 -0.010703 1.444659 369.470001
-17.379837 25.084944 1.542979 0.017232 -0.025273 1.411625 369.690002
-17.249952 24.928190 1.518430 0.016040 -0.029779 1.377887 369.910004
-17.122839 24.764339 1.490518 -0.006838 -0.044121 1.343560 370.130005
-17.010645 24.589394 1.464924 -0.045170 -0.068673 1.309331 370.350006
-16.931669 24.398951 1.444677 -0.060773 -0.059964 1.273437 370.570007
-16.891258 24.199450 1.430341 -0.052230 -0.045939 1.237565 370.790009
-16.882771 23.997049 1.422004 -0.028759 -0.046156 1.203206 371.010010
-16.895096 23.790264 1.418710 -0.009933 -0.035221 1.169341 371.230011
-16.916447 23.590204 1.418740 0.005702 -0.025552 1.137830 371.440002
-16.939341 23.388760 1.420510 0.017305 -0.022514 1.106984 371.649994
-16.959095 23.186674 1.422880 0.012687 -0.003787 1.077237 371.859985
-16.974590 22.979887 1.424988 0.018174 -0.010799 1.046276 372.079987
-16.984684 22.775337 1.426162 0.020572 -0.019034 1.015630 372.299988
-16.990847 22.568851 1.426380 0.021300 -0.025553 0.985104 372.519989
-16.994823 22.367548 1.425833 0.017836 -0.024372 0.956090 372.730011
-16.998352 22.164221 1.424422 0.004607 -0.008245 0.927391 372.940002
-17.002157 21.956619 1.422729 0.009930 -0.007066 0.897255 373.160004
-17.004227 21.753862 1.422285 0.021520 -0.012624 0.867119 373.380005
-17.002541 21.550821 1.423887 0.026882 -0.016666 0.836916 373.600006
-16.996918 21.344166 1.427702 0.028911 -0.019581 0.806465 373.820007
-16.988663 21.142345 1.432995 0.022504 -0.013957 0.777287 374.029999
-16.978048 20.939421 1.439032 0.020286 -0.003422 0.747859 374.239990
-16.963213 20.738607 1.445214 0.027501 -0.002098 0.717978 374.450012
-16.942335 20.538357 1.451104 0.031285 -0.004428 0.687715 374.660004
-16.915636 20.336603 1.456600 0.030889 -0.007030 0.657097 374.869995
-16.884741 20.133059 1.461519 0.009940 -0.001977 0.626616 375.079987
-16.854101 19.934984 1.465700 -0.011061 -0.014146 0.596781 375.290009
-16.830824 19.728466 1.469714 -0.002059 -0.038806 0.564486 375.519989
-16.825338 19.523973 1.473733 0.008517 -0.046780 0.531861 375.750000
-16.837105 19.324192 1.477827 0.018218 -0.043431 0.500451 375.970001
-16.861698 19.118628 1.481944 -0.002178 -0.017873 0.469402 376.190002
-16.894005 18.914682 1.485035 -0.068086 0.034730 0.436613 376.420013
-16.931784 18.718021 1.486615 -0.100101 0.063568 0.397357 376.730011
-17.033638 18.543507 1.502367 0.065451 -0.097080 0.347944 377.609985
-17.163321 18.384027 1.525034 0.063140 -0.081788 0.331423 377.929993
-17.285509 18.224173 1.545257 0.048899 -0.059816 0.317117 378.160004
-17.409857 18.056583 1.565171 0.035282 -0.031598 0.301249 378.369995
-17.530312 17.886978 1.584650 0.037113 -0.002112 0.283313 378.570007
-17.642431 17.711185 1.604050 0.038511 0.014135 0.262614 378.769989
-17.740486 17.531448 1.622464 0.022730 0.025059 0.239697 378.970001
-17.826761 17.344290 1.640618 0.022927 0.018087 0.213038 379.179993
-17.899490 17.158310 1.657977 0.025808 0.006939 0.184314 379.390015
-17.965685 16.962442 1.671564 0.028620 0.019200 0.152646 379.609985
-18.018066 16.764814 1.675001 0.036002 0.031367 0.119455 379.829987
-18.052393 16.563934 1.666858 0.020761 0.031411 0.085195 380.049988
-18.070183 16.363829 1.647792 0.025334 0.024292 0.050288 380.269989
-18.075741 16.163361 1.620204 0.026267 0.009268 0.015094 380.489990
-18.076950 15.961072 1.588356 0.027643 -0.013702 -0.020045 380.709991
-18.084192 15.756575 1.555899 0.023323 -0.024822 -0.054753 380.929993
-18.102659 15.552629 1.525340 0.015043 -0.024377 -0.088684 381.149994
-18.131966 15.352339 1.497375 0.024764 -0.019004 -0.122052 381.369995
-18.169670 15.153414 1.472879 0.004309 -0.010506 -0.154635 381.589996
-18.212307 14.953593 1.453675 0.006963 0.004595 -0.187869 381.820007
-18.253008 14.751048 1.442832 0.026737 0.014672 -0.221663 382.059998
-18.286943 14.545288 1.440647 0.020296 0.013812 -0.254780 382.299988
-18.313635 14.346452 1.444335 0.025041 0.008182 -0.285942 382.529999
-18.338776 14.144550 1.451236 0.035809 -0.001522 -0.316885 382.760010
-18.367205 13.945776 1.459049 0.041680 -0.005442 -0.346504 382.980011
-18.402813 13.740355 1.466564 0.037593 -0.005599 -0.376321 383.200012
-18.443260 13.539605 1.472934 0.031031 -0.002954 -0.405138 383.410004
-18.487215 13.337793 1.478577 0.006213 0.012515 -0.434362 383.619995
-18.525431 13.140154 1.484583 0.003215 0.037162 -0.464155 383.829987
-18.549683 12.935109 1.492033 -0.005290 0.037988 -0.495534 384.049988
-18.556259 12.733513 1.500738 -0.001904 0.034526 -0.526892 384.269989
-18.547701 12.525692 1.511393 0.010888 0.032278 -0.559750 384.500000
-18.529612 12.324776 1.523200 0.022197 0.029665 -0.591412 384.720001
-18.507360 12.118980 1.535645 0.026641 -0.009274 -0.623342 384.940002
-18.498636 11.916646 1.546034 0.046497 -0.087561 -0.656066 385.160004
-18.538979 11.716222 1.552660 0.044855 -0.118495 -0.690758 385.399994
-18.646475 11.541552 1.552939 0.040490 -0.101207 -0.724681 385.649994
-18.800755 11.403237 1.547840 0.031873 -0.065172 -0.756246 385.890015
-18.973349 11.291251 1.539624 -0.048245 -0.019588 -0.786247 386.119995
-19.150480 11.197742 1.529367 -0.103778 0.014621 -0.819710 386.390015
-19.219627 11.391662 1.530479 -0.079504 -0.062574 -0.836204 387.589996
-19.163723 11.586396 1.540449 -0.061704 -0.050583 -0.816084 387.829987
-19.112556 11.783928 1.550310 -0.042762 -0.033586 -0.792783 388.040009
-19.062796 11.984380 1.559872 -0.034362 -0.004135 -0.766319 388.239990
-19.007355 12.186416 1.568982 -0.033939 0.020500 -0.736107 388.440002
-18.940712 12.383190 1.577241 -0.016306 0.031547 -0.703197 388.640015
-18.863737 12.568564 1.584163 -0.011388 0.030694 -0.668467 388.839996
-18.773966 12.750208 1.590137 -0.017371 0.022473 -0.630966 389.049988
-18.672546 12.930413 1.595209 -0.007497 0.014945 -0.591494 389.269989
-18.567612 13.101183 1.598633 -0.019242 0.017136 -0.552246 389.489990
-18.451653 13.274103 1.600470 -0.029673 0.016867 -0.511807 389.720001
-18.332891 13.439049 1.600652 -0.033913 0.014099 -0.473887 389.940002
-18.207325 13.606416 1.599607 -0.032854 0.010812 -0.436837 390.160004
-18.083815 13.768246 1.597761 -0.014575 0.003974 -0.402495 390.369995
-17.962311 13.927522 1.594964 -0.007100 -0.010807 -0.369781 390.579987
-17.845236 14.091884 1.590228 -0.020931 -0.041758 -0.337056 390.799988
-17.744534 14.271041 1.582636 -0.036033 -0.053953 -0.303744 391.029999
-17.669058 14.465384 1.572228 -0.040626 -0.046857 -0.271417 391.260010
-17.616562 14.665733 1.560074 -0.034833 -0.031713 -0.241084 391.480011
-17.578848 14.864626 1.547220 -0.014784 -0.016703 -0.212398 391.690002
-17.548325 15.062119 1.533900 -0.010103 0.003854 -0.183838 391.899994
-17.514181 15.262749 1.520853 -0.006758 0.045673 -0.153666 392.119995
-17.458151 15.461818 1.509506 -0.004749 0.065071 -0.121924 392.350006
-17.373384 15.648341 1.500793 -0.000536 0.057734 -0.090213 392.579987
-17.263880 15.823186 1.494395 -0.011818 0.049423 -0.058296 392.809998
-17.141846 15.985050 1.490177 -0.011554 0.014660 -0.027796 393.029999
-17.019337 16.145161 1.488564 -0.037445 -0.028894 0.002647 393.250000
-16.911524 16.321928 1.489976 -0.047443 -0.048692 0.034790 393.480011
-16.834135 16.511486 1.493650 -0.038000 -0.046781 0.063846 393.709991
-16.785164 16.709341 1.498980 -0.034202 -0.024878 0.085934 393.940002
-16.749594 16.908600 1.503941 0.054571 0.048466 0.100884 394.170013
-16.674509 17.096077 1.508408 0.128552 0.102526 0.109638 394.440002
-16.502232 17.201944 1.508436 0.116005 0.088136 0.095791 394.750000
-16.297140 17.209862 1.504345 0.073912 0.076142 0.072761 395.010010
-16.093279 17.182161 1.497720 -0.001912 0.033990 0.047404 395.230011
-15.893043 17.158707 1.488068 -0.092535 -0.002528 0.026782 395.440002
-15.686817 17.177202 1.473656 -0.121856 -0.028577 0.010615 395.670013
-15.498216 17.258970 1.454146 -0.108104 -0.032164 -0.001495 395.910004
-15.343331 17.387943 1.431901 -0.072153 -0.026885 -0.006069 396.140015
-15.212207 17.543819 1.409330 0.015274 -0.059642 -0.002485 396.369995
-15.102211 17.710754 1.387158 0.077753 -0.070900 0.005502 396.649994
-14.940765 17.833130 1.394220 -0.006043 0.138504 0.048608 397.630005
-14.740703 17.841883 1.424371 -0.011994 0.112044 0.063890 397.929993
-14.540339 17.858086 1.450928 -0.009853 0.077785 0.075115 398.149994
-14.335570 17.878307 1.476193 0.005392 0.039264 0.082945 398.350006
-14.135533 17.894617 1.496789 0.061762 -0.004457 0.085789 398.540009
-13.933663 17.888535 1.511550 0.103855 -0.030456 0.082729 398.739990
-13.731139 17.837105 1.517388 0.112481 -0.033452 0.074367 398.959991
-13.549926 17.737280 1.512588 0.093493 -0.023608 0.060469 399.179993
-13.393465 17.606916 1.500266 0.055526 -0.020122 0.041035 399.390015
-13.252025 17.459858 1.483847 -0.001052 -0.010866 0.017877 399.600006
-13.114116 17.314133 1.467365 -0.055879 0.034655 -0.008922 399.820007
-12.953578 17.191837 1.454057 -0.073868 0.051468 -0.036561 400.059998
-12.764936 17.112860 1.446246 -0.062543 0.048983 -0.062502 400.309998
-12.564918 17.074263 1.444085 -0.022455 0.041020 -0.086995 400.549988
-12.361799 17.048132 1.445617 0.043725 0.023737 -0.111592 400.779999
-12.159444 17.001419 1.449762 0.076763 0.015048 -0.138321 401.010010
-11.973563 16.923265 1.454675 0.077973 0.013875 -0.165140 401.230011
-11.796515 16.812897 1.459683 0.060993 0.012828 -0.193440 401.450012
-11.635976 16.686264 1.463667 0.032186 -0.001440 -0.220670 401.660004
-11.485830 16.553366 1.466177 -0.015654 0.004518 -0.243651 401.869995
-11.324684 16.421946 1.466766 -0.058289 0.030922 -0.262559 402.100006
-11.150860 16.320704 1.465032 -0.067573 0.039673 -0.271670 402.329987
-10.958134 16.251528 1.461087 -0.056050 0.043550 -0.270658 402.559998
-10.756806 16.208910 1.455845 -0.045204 0.037210 -0.260262 402.779999
-10.553503 16.185837 1.451047 -0.053338 0.025493 -0.242595 402.989990
-10.344280 16.182829 1.447364 -0.053136 0.017421 -0.218326 403.200012
-10.143143 16.198795 1.445275 -0.044325 0.014378 -0.190300 403.399994
-9.942660 16.229607 1.444537 -0.032283 0.015205 -0.158561 403.600006
-9.743743 16.270342 1.445110 -0.020615 0.017141 -0.123985 403.799988
-9.546453 16.316328 1.446850 -0.011509 0.020007 -0.087444 404.000000
-9.350298 16.364012 1.449519 -0.004453 0.017423 -0.049723 404.200012
-9.148139 16.413057 1.452504 0.002579 -0.009099 -0.010174 404.410004
-8.949255 16.461290 1.455749 -0.003308 0.002148 0.030502 404.630005
-8.750939 16.510860 1.459471 -0.009506 0.017704 0.071754 404.859985
-8.555858 16.562801 1.463588 -0.009819 0.015616 0.109557 405.089996
-8.356039 16.619522 1.467875 0.005606 0.015837 0.141210 405.329987
-8.157528 16.671064 1.470615 0.030031 0.028496 0.162097 405.570007
-7.953074 16.706766 1.471290 0.033318 0.005546 0.169783 405.809998
-7.749659 16.723856 1.469600 0.013097 -0.076931 0.165908 406.059998
-7.548679 16.722521 1.465755 -0.016699 -0.121977 0.151456 406.440002
-7.345704 16.716436 1.476909 0.005197 0.112890 0.114526 407.279999
-7.143661 16.725988 1.493797 0.002773 0.097678 0.098526 407.570007
-6.936736 16.737036 1.509931 0.001219 0.072552 0.084953 407.799988
-6.735471 16.748220 1.524823 0.003345 0.045336 0.071676 408.000000
-6.526024 16.757511 1.538696 0.039991 0.016696 0.056129 408.200012
-6.318828 16.751801 1.550006 0.073765 -0.002645 0.037259 408.399994
-6.120754 16.719017 1.557772 0.083104 -0.007811 0.015971 408.600006
-5.925066 16.652786 1.561911 0.073630 -0.003775 -0.008501 408.809998
-5.740438 16.559195 1.562373 0.051385 0.007119 -0.035062 409.019989
-5.562602 16.449013 1.558765 0.016943 0.017598 -0.063894 409.230011
-5.386610 16.336218 1.551279 -0.007676 0.022980 -0.094336 409.440002
-5.210145 16.230963 1.540660 -0.020581 0.014267 -0.125466 409.649994
-5.026321 16.133995 1.526718 -0.019892 0.022756 -0.158993 409.869995
-4.840616 16.049187 1.510992 -0.008670 0.016378 -0.192543 410.089996
-4.656559 15.969871 1.495827 0.031768 0.006734 -0.226046 410.309998
-4.474104 15.875641 1.482863 0.056951 0.005085 -0.261746 410.540009
-4.306701 15.759456 1.473367 0.051811 -0.003097 -0.297705 410.769989
-4.156154 15.624152 1.467183 0.046356 0.015004 -0.331797 411.000000
-4.014411 15.471684 1.463883 0.034921 0.026474 -0.365851 411.230011
-3.880451 15.313572 1.462473 0.022150 0.029000 -0.398332 411.450012
-3.751585 15.156592 1.461899 0.012472 0.021145 -0.429017 411.660004
-3.622972 14.998331 1.461684 0.012525 0.019299 -0.459227 411.869995
-3.495450 14.839207 1.461551 0.015118 0.024125 -0.489262 412.079987
-3.368233 14.677563 1.461233 0.015160 0.025703 -0.519339 412.290009
-3.241070 14.513026 1.460610 0.013070 0.024490 -0.549488 412.500000
-3.113985 14.347314 1.460155 -0.016732 0.016521 -0.578461 412.709991
-2.982630 14.192494 1.461768 -0.072545 0.011620 -0.602796 412.920013
-2.829326 14.061676 1.466773 -0.093507 0.004805 -0.620029 413.140015
-2.649248 13.967667 1.475055 -0.082024 -0.000317 -0.628734 413.369995
-2.453771 13.911893 1.486502 -0.062903 0.013723 -0.629102 413.600006
-2.255781 13.882239 1.499002 -0.023786 -0.003721 -0.619150 413.820007
-2.052472 13.862197 1.509578 0.012962 0.017010 -0.601804 414.049988
-1.847578 13.832292 1.515244 0.026996 0.036272 -0.576253 414.290009
-1.646170 13.782185 1.514656 0.026020 0.032732 -0.546129 414.529999
-1.455549 13.716648 1.508286 0.017647 0.041055 -0.514516 414.760010
-1.263251 13.637697 1.497933 0.009108 0.023707 -0.482696 414.989990
-1.079983 13.556433 1.485371 0.002675 0.026518 -0.451574 415.209991
-0.896065 13.473564 1.472337 -0.012817 0.020756 -0.420310 415.429993
-0.709716 13.396102 1.461653 -0.027540 0.027999 -0.388820 415.649994
-0.517039 13.329368 1.454520 -0.028311 0.015469 -0.356646 415.869995
-0.322118 13.275383 1.450977 -0.022607 0.016824 -0.325098 416.089996
-0.126324 13.231564 1.450775 -0.014366 0.011327 -0.293899 416.309998
0.071436 13.194125 1.452327 -0.003243 -0.062659 -0.262567 416.540009
0.271860 13.161790 1.454450 0.005118 -0.107196 -0.227022 416.850006
0.086425 13.229249 1.493621 -0.012817 -0.098337 -0.159160 417.950012
-0.110340 13.285030 1.511035 -0.010295 -0.063735 -0.145429 418.179993
-0.308653 13.342106 1.528291 -0.006706 -0.031088 -0.130678 418.390015
-0.500572 13.398157 1.545103 -0.005105 -0.010567 -0.114392 418.589996
-0.697415 13.457125 1.561886 -0.008283 -0.010738 -0.094827 418.799988
-0.888979 13.517060 1.577260 -0.009004 -0.012776 -0.072918 419.010010
-1.084540 13.580902 1.591456 -0.005929 -0.007449 -0.047881 419.230011
-1.274207 13.644705 1.603806 -0.009049 -0.019406 -0.020594 419.450012
-1.470877 13.712225 1.615244 -0.005773 -0.016074 0.009607 419.679993
-1.665921 13.779076 1.622812 -0.001509 -0.022675 0.041290 419.910004
-1.862107 13.842640 1.620245 0.002836 -0.034936 0.074217 420.140015
-2.055685 13.898005 1.605477 0.002528 -0.040278 0.106781 420.359985
-2.257024 13.947577 1.579146 0.000632 -0.036212 0.140133 420.579987
-2.454841 13.990223 1.545325 -0.000069 -0.023899 0.172359 420.790009
-2.652531 14.029732 1.508595 -0.013699 0.000565 0.204498 421.000000
-2.851187 14.075991 1.475298 -0.044286 0.008430 0.237780 421.220001
-3.040510 14.139954 1.451996 -0.045360 0.015056 0.270021 421.440002
-3.227484 14.227325 1.439355 -0.041751 0.009988 0.303483 421.670013
-3.405931 14.331810 1.437557 -0.033123 0.000286 0.336565 421.899994
-3.580860 14.445944 1.443123 -0.012171 -0.022826 0.369113 422.130005
-3.751270 14.551489 1.451721 -0.000817 -0.040178 0.399754 422.350006
-3.929234 14.644979 1.460862 0.008145 -0.037424 0.430066 422.570007
-4.121160 14.726897 1.469180 0.000260 -0.036299 0.461537 422.799988
-4.310136 14.793371 1.475297 -0.000686 -0.024376 0.491353 423.019989
-4.507917 14.854069 1.479288 -0.002635 -0.008296 0.522119 423.250000
-4.700569 14.910868 1.480957 -0.024238 -0.011694 0.552680 423.480011
-4.894183 14.971517 1.480847 -0.036776 -0.016518 0.583443 423.709991
-5.085418 15.036407 1.479623 -0.038581 -0.017904 0.613179 423.929993
-5.274118 15.104143 1.477723 -0.023756 -0.010380 0.641601 424.140015
-5.463597 15.174239 1.475284 -0.016521 -0.006740 0.670437 424.350006
-5.659607 15.248123 1.472512 -0.019368 -0.008697 0.701066 424.570007
-5.853637 15.321786 1.469216 -0.005248 -0.011370 0.731618 424.790009
-6.044284 15.390282 1.464176 -0.008115 -0.026313 0.762235 425.010010
-6.236019 15.449799 1.457053 -0.005223 -0.027920 0.792913 425.230011
-6.437786 15.501163 1.447520 -0.007490 -0.024504 0.824897 425.459991
-6.640503 15.543528 1.436139 -0.018548 -0.022799 0.856940 425.690002
-6.845458 15.580646 1.423909 -0.007228 -0.011648 0.888615 425.920013
-7.047414 15.613648 1.413321 -0.016928 -0.015176 0.920282 426.149994
-7.249991 15.643907 1.406475 -0.019140 -0.015448 0.951838 426.380005
-7.450133 15.671169 1.402752 0.046810 0.016951 0.982637 426.609985
-7.649825 15.695199 1.402366 0.132569 0.060451 1.019798 426.899994
-7.842526 15.753123 1.425409 -0.134413 -0.009090 1.069087 427.760010
-8.021626 15.838756 1.454571 -0.110311 -0.009663 1.086995 428.059998
-8.210426 15.925735 1.481323 -0.059839 -0.006479 1.103259 428.290009
-8.391518 16.007277 1.506297 -0.035737 -0.002895 1.119840 428.489990
-8.577129 16.089703 1.530465 -0.018263 -0.009470 1.138839 428.690002
-8.762462 16.168011 1.550272 -0.015463 -0.022404 1.160038 428.890015
-8.957291 16.240759 1.564349 -0.017313 -0.027898 1.184663 429.100006
-9.153929 16.302271 1.571309 -0.024674 -0.026067 1.211623 429.309998
-9.353993 16.354105 1.571818 -0.019050 -0.026945 1.240570 429.519989
-9.555833 16.394676 1.566555 -0.012984 -0.046429 1.270983 429.730011
-9.758668 16.416872 1.556348 -0.007633 -0.053257 1.302438 429.940002
-9.959911 16.417908 1.542525 0.005446 -0.042340 1.334498 430.149994
-10.163509 16.400087 1.525550 -0.009808 -0.032941 1.368442 430.369995
-10.363807 16.369188 1.507409 -0.020890 -0.022463 1.402391 430.589996
-10.564582 16.331856 1.489282 -0.023284 0.003864 1.436214 430.809998
-10.765829 16.299644 1.471799 -0.030427 0.031208 1.469980 431.029999
-10.969536 16.284161 1.455239 -0.038119 0.040752 1.503924 431.250000
-11.168978 16.288256 1.440161 -0.034951 0.036664 1.536534 431.459991
-11.373045 16.308010 1.425683 -0.025505 0.026416 1.569151 431.670013
-11.577268 16.337862 1.411947 -0.008315 0.013939 1.601199 431.880005
-11.776004 16.372274 1.398572 -0.013334 0.008390 1.632770 432.089996
-11.979466 16.409618 1.385400 -0.012722 -0.002505 1.665265 432.309998
-12.179043 16.443520 1.374308 -0.028963 -0.007731 1.697268 432.529999
-12.380137 16.470551 1.365899 -0.020172 -0.011915 1.729004 432.750000
-12.580071 16.489550 1.359922 -0.018106 -0.008796 1.760049 432.970001
-12.785556 16.501965 1.357048 -0.018493 -0.015257 1.791861 433.200012
-12.988598 16.503704 1.360911 -0.036345 -0.025128 1.823242 433.429993
-13.194370 16.488918 1.372153 -0.026214 -0.026157 1.854325 433.660004
-13.399172 16.458509 1.389438 -0.024651 -0.018216 1.884947 433.890015
-13.602336 16.416990 1.411589 -0.025916 -0.008314 1.915465 434.119995
-13.796046 16.371326 1.434703 -0.015454 -0.008412 1.944587 434.339996
-13.994530 16.318523 1.455343 -0.030457 -0.018391 1.974979 434.570007
-14.192284 16.254660 1.468898 -0.028466 -0.022204 2.005572 434.799988
-14.379391 16.182062 1.474278 -0.019973 -0.018602 2.034749 435.019989
-14.570449 16.097422 1.472660 -0.030748 -0.009974 2.065429 435.250000
-14.752224 16.010521 1.466298 -0.007561 0.000280 2.095035 435.470001
-14.937551 15.923074 1.458563 -0.007754 0.032017 2.126483 435.700012
-15.124719 15.851175 1.453138 -0.011414 0.045258 2.158099 435.929993
-15.318686 15.798587 1.451312 -0.009617 0.040084 2.189766 436.160004
-15.518544 15.762352 1.453598 -0.017197 0.034184 2.221651 436.390015
-15.721484 15.736888 1.458171 0.033687 -0.010948 2.252311 436.619995
-15.922894 15.717268 1.463693 0.086715 -0.055596 2.282109 436.890015
-16.121641 15.703581 1.486200 -0.105722 0.071456 2.343654 437.750000
-16.317419 15.672112 1.520638 -0.099979 0.068288 2.364612 438.109985
-16.512960 15.637864 1.549740 -0.069802 0.048335 2.382154 438.339996
-16.710012 15.602184 1.577868 -0.044921 0.032470 2.399340 438.540009
-16.908449 15.565763 1.605915 -0.024846 0.019517 2.417617 438.730011
-17.108540 15.528999 1.633844 -0.001454 0.001871 2.437838 438.920013
-17.310583 15.492694 1.660925 0.031618 0.003467 2.460891 439.119995
-17.515697 15.467745 1.683997 0.064974 0.040965 2.489882 439.339996
-17.715549 15.478633 1.698471 0.069123 0.049698 2.520153 439.570007
-17.912880 15.533367 1.703171 0.052687 0.043324 2.550972 439.809998
-18.095406 15.617632 1.699910 0.030477 0.048189 2.580405 440.040009
-18.271830 15.718096 1.691827 0.011954 0.043987 2.607424 440.260010
-18.445360 15.823526 1.681152 -0.004998 0.034068 2.632939 440.470001
-18.624020 15.927595 1.666205 -0.050877 0.012105 2.658899 440.679993
-18.808455 16.010908 1.645040 -0.085489 0.001230 2.685970 440.890015
-19.007959 16.061085 1.616134 -0.080147 -0.014562 2.716040 441.109985
-19.206579 16.073483 1.582603 -0.049432 -0.014878 2.745052 441.329987
-19.407169 16.061893 1.549900 -0.002133 0.016272 2.774067 441.559998
-19.613832 16.051718 1.524782 0.024674 0.042628 2.804478 441.799988
-19.817204 16.060863 1.511073 0.030506 0.047817 2.830094 442.029999
-20.018625 16.089752 1.506211 0.032884 0.033508 2.848078 442.250000
-20.217466 16.138592 1.506679 0.092091 -0.023936 2.856325 442.470001
-20.397364 16.232330 1.509662 0.137273 -0.062616 2.854122 442.709991
-20.521757 16.394627 1.511123 0.112651 -0.068804 2.843117 442.970001
-20.575872 16.595861 1.509455 0.090807 -0.039733 2.826096 443.220001
-20.587597 16.798805 1.505953 0.051449 -0.020570 2.803056 443.440002
-20.582268 17.002104 1.501158 0.031876 0.000244 2.775884 443.649994
-20.572134 17.208227 1.495425 0.016828 0.011558 2.744669 443.859985
-20.563679 17.410217 1.489029 -0.045154 -0.015051 2.712026 444.070007
-20.557049 17.610476 1.481725 -0.100179 -0.043638 2.675809 444.320007
-20.546692 17.810078 1.468411 0.088001 -0.009039 2.594651 445.130005
-20.433880 17.980700 1.479905 0.127811 0.015055 2.572606 445.630005
-20.330688 18.160173 1.487728 0.080927 0.012898 2.558737 445.880005
-20.232079 18.339106 1.494029 0.046569 0.009723 2.545013 446.089996
-20.135347 18.518980 1.499967 0.022062 0.007407 2.529794 446.290009
-20.040470 18.699530 1.506495 0.009130 0.009487 2.512272 446.489990
-19.946226 18.886015 1.515014 0.011402 0.012413 2.491187 446.700012
-19.858036 19.069584 1.525266 0.001950 0.008152 2.467629 446.910004
-19.772257 19.256138 1.537741 0.011416 0.009156 2.440603 447.130005
-19.690750 19.439682 1.551938 0.012679 0.006494 2.411407 447.350006
-19.608086 19.628784 1.568024 0.016401 0.006228 2.379213 447.579987
-19.526262 19.816355 1.585019 0.028043 0.010735 2.345684 447.809998
-19.442652 20.006292 1.599381 0.026255 -0.001496 2.311125 448.040009
-19.352949 20.194977 1.601619 0.037961 -0.013648 2.276085 448.269989
-19.255173 20.372252 1.588706 0.027123 -0.020052 2.242324 448.489990
-19.147089 20.541891 1.561790 0.023889 -0.015138 2.208972 448.709991
-19.031618 20.704216 1.523359 0.028559 -0.007356 2.175874 448.929993
-18.908842 20.862476 1.484367 0.033279 -0.013513 2.142914 449.149994
-18.775751 21.016024 1.455576 0.039991 -0.015095 2.110250 449.369995
-18.630100 21.165037 1.441477 0.037538 -0.011822 2.077819 449.589996
-18.480925 21.303705 1.442295 0.034756 -0.005622 2.046952 449.799988
-18.325140 21.439760 1.454511 0.015055 -0.004574 2.016117 450.010010
-18.170116 21.570749 1.472819 0.003298 0.007917 1.985564 450.220001
-18.015636 21.705698 1.490031 0.005070 0.032330 1.953592 450.440002
-17.872206 21.847540 1.499847 -0.000104 0.035471 1.921843 450.660004
-17.735662 22.004065 1.501089 0.000841 0.028091 1.889214 450.890015
-17.609821 22.165955 1.497531 0.018657 0.024092 1.856821 451.119995
-17.485571 22.333143 1.493482 0.020080 0.012211 1.824300 451.350006
-17.365206 22.493162 1.491256 0.019089 0.006645 1.793595 451.570007
-17.237173 22.657564 1.491981 0.027678 0.014219 1.761805 451.799988
-17.110193 22.815117 1.494717 0.014880 0.016765 1.731309 452.019989
-16.984806 22.974327 1.492274 -0.013961 0.037561 1.700857 452.239990
-16.873446 23.141373 1.478964 -0.026731 0.053002 1.670437 452.459991
-16.781523 23.321854 1.453110 -0.026398 0.051156 1.642938 452.679993
-16.708412 23.515083 1.420636 -0.035903 0.042189 1.620780 452.899994
-16.658678 23.708199 1.395584 -0.046764 0.038812 1.605098 453.109985
-16.631721 23.907492 1.382421 -0.043765 0.020573 1.595687 453.320007
-16.625214 24.115362 1.382971 -0.031909 0.013172 1.590473 453.540009
-16.634361 24.318867 1.397730 -0.018534 0.013810 1.589130 453.760010
-16.652767 24.523420 1.421860 -0.005371 -0.053921 1.592046 453.989990
-16.677034 24.725193 1.452570 0.006680 -0.107852 1.598183 454.279999
-16.590538 24.899052 1.502797 0.120108 0.075906 1.595647 455.239990
-16.416622 25.002003 1.511761 0.089840 0.067331 1.570402 455.529999
-16.243805 25.111286 1.517260 0.044336 0.039082 1.544054 455.750000
-16.074696 25.222019 1.522083 0.022789 0.026685 1.517786 455.950012
-15.903835 25.337492 1.527138 0.011223 0.018461 1.488913 456.149994
-15.736094 25.454433 1.531773 -0.000784 0.012916 1.457991 456.350006
-15.567451 25.577208 1.535660 0.000750 0.020553 1.423807 456.559998
-15.406002 25.701729 1.538468 -0.005234 0.010185 1.388634 456.769989
-15.245927 25.831392 1.540131 0.000601 0.013852 1.351412 456.989990
-15.092162 25.960739 1.540736 0.011203 0.023994 1.314257 457.209991
-14.938798 26.092178 1.540615 0.022640 0.010556 1.277573 457.429993
-14.780878 26.217386 1.540089 0.058673 -0.023356 1.241019 457.649994
-14.601174 26.322020 1.539115 0.071932 -0.040424 1.203265 457.880005
-14.405578 26.390034 1.537289 0.056863 -0.040313 1.167356 458.109985
-14.200984 26.425064 1.534815 0.052319 -0.019261 1.133600 458.339996
-13.998511 26.437819 1.531994 0.021495 -0.010958 1.101611 458.559998
-13.789803 26.442377 1.525785 -0.006455 0.024017 1.069108 458.790009
-13.588641 26.457987 1.513401 -0.015381 0.054213 1.037025 459.019989
-13.391499 26.497915 1.494436 -0.000531 0.025245 1.006996 459.250000
-13.190699 26.544044 1.472614 0.047890 -0.077240 0.974895 459.489990
-12.988337 26.537554 1.453201 0.056525 -0.118136 0.939175 459.750000
-12.805915 26.445271 1.438871 0.054388 -0.100178 0.904767 460.019989
-12.664353 26.301895 1.431404 0.051224 -0.065445 0.874815 460.260010
-12.542902 26.137440 1.428210 0.036799 -0.017229 0.847234 460.480011
-12.425607 25.971178 1.427950 0.034029 0.022581 0.819935 460.690002
-12.297498 25.809616 1.429556 0.030204 0.040345 0.791555 460.899994
-12.154900 25.658695 1.432071 0.027306 0.041937 0.762281 461.109985
-11.998569 25.518751 1.434799 0.019447 0.033039 0.732274 461.320007
-11.834545 25.389139 1.437261 0.003678 0.019028 0.702112 461.529999
-11.670591 25.269373 1.439164 0.012902 0.013024 0.671740 461.739990
-11.499724 25.149618 1.440555 0.002518 0.001494 0.639746 461.959991
-11.328913 25.030069 1.441736 0.000306 -0.010291 0.607049 462.190002
-11.163701 24.908123 1.443569 0.027252 -0.008142 0.573367 462.429993
-11.003652 24.778479 1.446962 0.041680 -0.002954 0.539818 462.670013
-10.848964 24.642027 1.451825 0.044340 0.003257 0.507566 462.899994
-10.698134 24.501537 1.457221 0.006187 -0.005611 0.476417 463.119995
-10.551452 24.360031 1.461778 -0.073903 -0.032573 0.446987 463.350006
-10.408325 24.217236 1.464558 -0.103091 -0.042127 0.411547 463.679993
-10.319780 24.036089 1.484496 0.114535 0.002719 0.358695 464.579987
-10.255692 23.845444 1.508053 0.098858 0.008371 0.342317 464.890015
-10.183852 23.650700 1.529331 0.056985 0.007230 0.326168 465.130005
-10.112250 23.464216 1.548885 0.035069 0.004574 0.309465 465.339996
-10.038757 23.272871 1.566996 0.020779 -0.023234 0.290131 465.549988
-9.975380 23.079420 1.581141 0.018869 -0.049629 0.268551 465.760010
-9.932297 22.882235 1.590228 0.022190 -0.056758 0.244550 465.970001
-9.911618 22.680023 1.594146 0.024163 -0.049250 0.218214 466.179993
-9.909509 22.473650 1.593091 0.022097 -0.027014 0.189820 466.390015
-9.916322 22.265995 1.585554 0.023304 0.007403 0.159588 466.600006
-9.918751 22.059216 1.571257 0.019358 0.027799 0.127733 466.809998
-9.909230 21.856455 1.551287 0.006018 0.031541 0.094875 467.019989
-9.885509 21.652191 1.525371 0.015112 0.029960 0.059914 467.239990
-9.849277 21.452900 1.496285 0.009657 0.019672 0.024792 467.459991
-9.805128 21.259739 1.467021 -0.002341 0.024754 -0.010050 467.679993
-9.747851 21.068554 1.440967 -0.000189 0.051524 -0.046435 467.910004
-9.664537 20.878963 1.421153 -0.004560 0.049118 -0.083646 468.149994
-9.562958 20.706526 1.409402 0.001932 0.043681 -0.118500 468.380005
-9.444752 20.539476 1.403657 0.015032 0.041050 -0.152775 468.609985
-9.319625 20.378574 1.402214 0.018886 0.031093 -0.185188 468.829987
-9.194146 20.222136 1.402831 0.021141 0.025500 -0.215706 469.040009
-9.066140 20.062408 1.404035 0.021540 0.022150 -0.245977 469.250000
-8.937440 19.899389 1.404783 0.020373 0.020094 -0.275594 469.459991
-8.809345 19.734264 1.405055 0.002028 0.013351 -0.303750 469.670013
-8.681168 19.575253 1.408229 -0.038597 0.027429 -0.329381 469.880005
-8.536517 19.429138 1.417717 -0.059011 0.034380 -0.351839 470.100006
-8.375881 19.310564 1.433193 -0.056142 0.023292 -0.368563 470.320007
-8.194926 19.214298 1.455724 -0.040599 0.030956 -0.382296 470.549988
-8.010216 19.139704 1.481914 -0.016419 0.027616 -0.391067 470.769989
-7.821822 19.069572 1.505527 0.050549 0.005412 -0.398149 470.989990
-7.641385 18.976780 1.520267 0.099353 -0.003709 -0.407156 471.220001
-7.484745 18.839605 1.521191 0.102370 -0.003536 -0.419008 471.459991
-7.364704 18.669394 1.508448 0.082814 0.004927 -0.433201 471.690002
-7.274445 18.489414 1.487914 0.045894 -0.002586 -0.450494 471.899994
-7.197450 18.300461 1.462207 0.020477 0.001789 -0.469936 472.109985
-7.127131 18.112318 1.437126 0.001441 0.015984 -0.491976 472.320007
-7.051243 17.920855 1.417394 -0.006809 0.029521 -0.517740 472.540009
-6.965895 17.734837 1.407151 -0.004494 0.039513 -0.545919 472.760010
-6.868309 17.550711 1.406651 -0.000438 0.038838 -0.576195 472.980011
-6.765749 17.375135 1.413382 -0.006163 0.009623 -0.606399 473.190002
-6.659842 17.202435 1.423714 -0.030714 -0.068026 -0.636157 473.410004
-6.551697 17.030653 1.437165 -0.041165 -0.110485 -0.672659 473.709991
-6.696502 16.897522 1.477220 0.113963 -0.017473 -0.722921 474.570007
-6.876377 16.809717 1.498962 0.089306 -0.010527 -0.737057 474.829987
-7.053319 16.709993 1.518202 0.036932 0.014184 -0.749830 475.049988
-7.221322 16.601940 1.533151 0.023598 0.054508 -0.764729 475.260010
-7.379185 16.470121 1.542317 0.018727 0.069864 -0.783694 475.480011
-7.512848 16.317541 1.544023 0.006698 0.059086 -0.805519 475.700012
-7.623971 16.150360 1.538869 0.016973 0.046530 -0.829978 475.920013
-7.720813 15.970867 1.528521 0.024459 0.030866 -0.857154 476.140015
-7.811850 15.782784 1.515950 0.026706 0.010614 -0.886628 476.359985
-7.900442 15.600901 1.506268 0.033822 -0.004019 -0.916477 476.570007
-7.996624 15.420703 1.501031 0.023729 -0.014445 -0.947669 476.779999
-8.099938 15.247833 1.500686 0.017604 -0.014536 -0.979395 476.989990
-8.213489 15.076014 1.505442 0.027082 -0.003473 -1.013066 477.209991
-8.331940 14.909097 1.514347 0.013129 -0.003745 -1.047160 477.429993
-8.451294 14.747910 1.526149 0.020474 0.007004 -1.081024 477.649994
-8.571334 14.587958 1.539804 0.025083 0.013857 -1.114730 477.869995
-8.693056 14.425573 1.553858 0.029671 0.009505 -1.148175 478.089996
-8.819550 14.262041 1.566580 0.038975 -0.002191 -1.181402 478.309998
-8.949656 14.108130 1.576490 0.032308 -0.010908 -1.212982 478.519989
-9.087641 13.960951 1.583696 0.021535 -0.013013 -1.243918 478.730011
-9.236526 13.816178 1.588526 0.027464 -0.002428 -1.275690 478.950012
-9.390093 13.676268 1.590575 0.027618 0.010789 -1.307224 479.170013
-9.538957 13.541857 1.586176 0.012464 0.029893 -1.337381 479.380005
-9.683141 13.400853 1.572581 -0.000235 0.039602 -1.367794 479.589996
-9.816906 13.251598 1.550261 -0.014525 0.027957 -1.397904 479.799988
-9.942052 13.091880 1.521774 -0.010881 0.018038 -1.428871 480.019989
-10.060260 12.924806 1.494747 0.010164 0.020807 -1.461157 480.250000
-10.175838 12.755645 1.475721 0.024465 0.023521 -1.493430 480.480011
-10.290964 12.590381 1.466523 0.028446 0.023333 -1.524448 480.700012
-10.412706 12.422232 1.465297 0.019120 0.010675 -1.555744 480.920013
-10.537795 12.258854 1.469627 0.026657 -0.028330 -1.586509 481.140015
-10.675653 12.110296 1.476916 0.057843 -0.040933 -1.617997 481.369995
-10.839877 11.986867 1.484887 0.054436 -0.040036 -1.650597 481.609985
-11.023750 11.893518 1.491495 0.051555 -0.020782 -1.682108 481.850006
-11.215255 11.822718 1.496129 0.036428 -0.006288 -1.712499 482.079987
-11.414764 11.761372 1.499062 0.024781 0.006048 -1.743038 482.309998
-11.607255 11.705343 1.500538 0.013716 0.015364 -1.772302 482.529999
-11.806780 11.643425 1.501413 0.011953 0.029762 -1.803003 482.760010
-11.996291 11.575425 1.502233 0.007258 0.029208 -1.832637 482.980011
-12.182895 11.498879 1.503262 0.005897 0.025002 -1.862314 483.200012
-12.366226 11.415854 1.504898 0.013391 0.026631 -1.892324 483.420013
-12.548849 11.327936 1.506987 0.007327 0.013444 -1.922546 483.640015
-12.728397 11.239243 1.509456 0.014627 0.017979 -1.952625 483.859985
-12.907834 11.150035 1.512327 0.009485 0.008674 -1.982950 484.079987
-13.088260 11.061213 1.514692 -0.038960 -0.053625 -2.012050 484.309998
-13.268708 10.974409 1.515874 -0.066586 -0.089716 -2.044318 484.619995
-13.363101 11.152964 1.524884 0.099574 -0.080988 -2.090494 485.459991
-13.402817 11.357309 1.528890 0.072315 -0.052515 -2.103182 485.709991
-13.451049 11.558299 1.532331 0.039166 -0.024715 -2.115950 485.920013
-13.503242 11.757877 1.535971 0.025219 -0.015448 -2.131326 486.119995
-13.558061 11.958413 1.539869 0.008568 -0.005114 -2.148865 486.320007
-13.612181 12.152851 1.543569 -0.005333 0.017512 -2.168807 486.519989
-13.672892 12.349166 1.547460 0.018452 0.043874 -2.193431 486.739990
-13.756804 12.539827 1.551604 0.037136 0.048806 -2.222547 486.980011
-13.867205 12.710730 1.555590 0.034832 0.038222 -2.253970 487.220001
-14.005651 12.874763 1.559834 0.040623 0.021306 -2.288895 487.470001
-14.148520 13.021572 1.564004 0.026447 0.008027 -2.322112 487.700012
-14.297120 13.167166 1.568051 0.025703 -0.002338 -2.356010 487.929993
-14.439520 13.309013 1.570556 0.028789 -0.021550 -2.388973 488.149994
-14.576661 13.459699 1.570554 0.030027 -0.032186 -2.422151 488.369995
-14.704504 13.621670 1.567761 0.016734 -0.029558 -2.455100 488.589996
-14.820914 13.790560 1.562239 0.021315 -0.021877 -2.487908 488.809998
-14.929302 13.964659 1.554778 0.014818 -0.012975 -2.520424 489.029999
-15.030802 14.138639 1.545830 -0.003945 -0.013924 -2.552090 489.250000
-15.124871 14.315140 1.534297 0.011656 -0.031209 -2.584176 489.480011
-15.207170 14.503139 1.520145 0.018060 -0.034918 -2.617170 489.720001
-15.273701 14.698646 1.504530 0.016720 -0.025281 -2.649373 489.959991
-15.330997 14.894412 1.489865 -0.010117 0.051180 -2.681691 490.200012
-15.420817 15.080486 1.480460 -0.027791 0.123883 -2.720139 490.470001
-15.578156 15.207461 1.479276 -0.029942 0.112666 -2.758121 490.750000
-15.769643 15.269627 1.485003 -0.014824 0.090347 -2.791904 491.000000
-15.976680 15.299184 1.494608 -0.009758 0.039771 -2.822722 491.230011
-16.181671 15.316687 1.505171 0.025469 -0.004975 -2.852119 491.450012
-16.387053 15.346816 1.515804 0.066845 -0.021250 -2.883836 491.679993
-16.579250 15.408641 1.524259 0.066622 -0.028740 -2.916027 491.910004
-16.755699 15.502851 1.529881 0.060819 -0.013728 -2.946884 492.140015
-16.922010 15.623267 1.533072 0.051981 0.006833 -2.977730 492.369995
-17.079542 15.756077 1.534294 0.037145 0.019648 -3.007956 492.589996
-17.232948 15.890653 1.532943 0.006426 0.033305 -3.037193 492.799988
-17.401112 16.026150 1.527286 -0.018396 0.047511 -3.068331 493.019989
-17.572006 16.140179 1.517444 -0.031413 0.033749 -3.097407 493.230011
-17.748734 16.235510 1.503621 -0.028041 0.029452 -3.126572 493.440002
-17.937416 16.317945 1.486167 -0.011433 0.019192 3.126262 493.660004
-18.125206 16.392300 1.470099 0.032158 0.004144 3.095777 493.880005
-18.312706 16.481325 1.458776 0.049447 -0.013329 3.062435 494.109985
-18.485788 16.591324 1.452181 0.000091 -0.074044 3.027946 494.350006
-18.642317 16.721518 1.449427 -0.056061 -0.110609 2.991055 494.679993
-18.622263 16.920311 1.477985 0.130229 -0.015111 2.936269 495.559998
-18.541824 17.108644 1.502842 0.103584 -0.003353 2.921462 495.839996
-18.468246 17.300974 1.524389 0.053967 0.002732 2.906910 496.059998
-18.400106 17.490297 1.544683 0.031592 0.005290 2.891099 496.260010
-18.335009 17.683382 1.564212 0.014056 0.033800 2.872919 496.459991
-18.284079 17.876354 1.580223 0.000158 0.071985 2.851470 496.660004
-18.260307 18.077637 1.591593 -0.013088 0.077475 2.826150 496.869995
-18.270721 18.283447 1.597158 -0.015726 0.064309 2.797560 497.089996
-18.310537 18.482355 1.597327 -0.004964 0.046799 2.766965 497.309998
-18.368952 18.677315 1.593375 0.013318 0.026031 2.734678 497.529999
-18.433332 18.872746 1.586555 0.025344 0.011170 2.700834 497.750000
-18.494295 19.069971 1.578160 0.021647 -0.002166 2.666187 497.970001
-18.547226 19.266457 1.568697 0.028381 0.004337 2.631667 498.190002
-18.592733 19.464613 1.558861 0.020255 0.000947 2.597034 498.410004
-18.631495 19.661446 1.548945 0.019653 0.002814 2.563134 498.630005
-18.665932 19.866119 1.538637 0.027423 0.013932 2.528320 498.859985
-18.694715 20.064276 1.529137 0.016813 0.003564 2.495219 499.079987
-18.719582 20.270014 1.519813 0.028586 0.008239 2.461702 499.309998
-18.736803 20.469265 1.511492 0.035287 0.013724 2.430100 499.529999
-18.747393 20.674395 1.503688 0.033099 0.015937 2.398651 499.750000
-18.752443 20.875824 1.496586 0.029949 0.019448 2.368794 499.959991
-18.753471 21.081251 1.490235 0.030732 -0.010249 2.338848 500.170013
-18.741320 21.282837 1.485871 0.051564 -0.051145 2.308801 500.380005
-18.697193 21.482311 1.483680 0.054022 -0.066649 2.277809 500.600006
-18.612688 21.672451 1.483325 0.040621 -0.058400 2.246660 500.829987
-18.499712 21.842575 1.484676 0.015407 -0.015415 2.216309 501.059998
-18.376562 22.010159 1.488989 0.004355 0.044291 2.184063 501.299988
-18.271055 22.188520 1.496919 0.002212 0.068136 2.151291 501.540009
-18.193226 22.379253 1.507129 0.002547 0.064794 2.119625 501.769989
-18.137581 22.578421 1.518184 -0.003184 0.041423 2.089177 501.989990
-18.098017 22.774437 1.528919 -0.023995 0.032980 2.060262 502.200012
-18.075678 22.978231 1.539239 -0.045269 0.044919 2.029681 502.420013
-18.081423 23.180719 1.547481 -0.047840 0.036991 2.000314 502.640015
-18.113722 23.379576 1.553280 -0.037679 0.029723 1.971789 502.859985
-18.165695 23.574434 1.557236 -0.022683 0.031495 1.944001 503.079987
-18.229687 23.767752 1.559942 -0.009515 0.016671 1.917920 503.299988
-18.297548 23.957634 1.561725 0.006782 0.018231 1.892397 503.519989
-18.361326 24.154999 1.562131 0.072317 -0.002595 1.865358 503.750000
-18.387684 24.359606 1.560233 0.114175 -0.018288 1.835111 503.989990
-18.352745 24.558273 1.555194 0.097282 -0.027075 1.803653 504.230011
-18.264624 24.745338 1.547452 0.078831 -0.006778 1.774222 504.470001
-18.150904 24.911402 1.539133 0.024868 0.010587 1.746907 504.690002
-18.034187 25.076441 1.531991 -0.066569 0.039903 1.722106 504.910004
-17.950449 25.262640 1.528013 -0.110524 0.049712 1.702940 505.149994
-17.934143 25.465054 1.527462 -0.101714 0.038658 1.695399 505.399994
-17.978498 25.663313 1.529751 -0.072273 0.036537 1.697431 505.640015
-18.057234 25.853598 1.533061 -0.027005 -0.030801 1.710704 505.869995
-18.153757 26.034803 1.536600 0.017235 -0.096755 1.728603 506.130005
-18.009861 26.171442 1.565092 0.127887 -0.001392 1.757002 507.059998
-17.809763 26.182543 1.577838 0.092020 0.003102 1.738071 507.290009
-17.606327 26.199369 1.590267 0.059280 0.004099 1.715291 507.489990
-17.400896 26.218721 1.600917 0.031631 -0.010329 1.689000 507.679993
-17.193111 26.234833 1.606017 0.011306 -0.034292 1.659714 507.869995
-16.989302 26.239414 1.603082 0.002482 -0.046929 1.628216 508.059998
-16.782225 26.227325 1.590571 0.004387 -0.047593 1.592966 508.260010
-16.582649 26.198288 1.569184 0.006524 -0.038941 1.556319 508.459991
-16.381424 26.154768 1.541142 -0.011965 0.009453 1.516596 508.670013
-16.185982 26.117796 1.513684 -0.028124 0.089822 1.472875 508.890015
-15.986293 26.128950 1.491456 -0.033545 0.112387 1.425195 509.140015
-15.801134 26.212833 1.480153 -0.024855 0.094998 1.378831 509.399994
-15.643769 26.342945 1.480279 -0.010709 0.065966 1.337884 509.640015
-15.498719 26.492975 1.485987 0.025226 -0.019677 1.301340 509.869995
-15.344387 26.627254 1.493747 0.081035 -0.088105 1.262156 510.109985
-15.158099 26.700363 1.500135 0.081037 -0.099084 1.223173 510.369995
-14.954207 26.693472 1.501292 0.077514 -0.069872 1.188952 510.630005
-14.760524 26.637550 1.497988 0.043945 -0.038653 1.159917 510.859985
-14.572582 26.562460 1.493940 0.007515 0.011084 1.132067 511.079987
-14.379436 26.491140 1.494611 0.002814 0.060845 1.102516 511.309998
-14.181855 26.449306 1.503056 0.005251 0.074643 1.073198 511.540009
-13.974532 26.441326 1.519051 0.007898 0.065056 1.043728 511.769989
-13.767873 26.459044 1.536470 0.008641 0.050724 1.015081 511.989990
-13.565764 26.491720 1.547541 0.011231 0.039572 0.987152 512.200012
-13.361300 26.533758 1.549858 0.001709 0.015013 0.958584 512.409973
-13.161982 26.578135 1.545120 0.011180 -0.013658 0.930382 512.619995
-12.962543 26.613642 1.540180 0.043771 -0.038639 0.900269 512.840027
-12.759705 26.620995 1.540921 0.061077 -0.042136 0.868390 513.070007
-12.557749 26.592001 1.550340 0.061327 -0.029573 0.836583 513.299988
-12.362597 26.535608 1.567287 0.044417 -0.017104 0.805623 513.520020
-12.170974 26.462904 1.587513 -0.030241 -0.034880 0.774861 513.739990
-11.985405 26.381010 1.609280 -0.094402 -0.051135 0.743436 514.000000
-11.843610 26.241842 1.633064 0.095798 -0.084591 0.681416 514.859985
-11.858350 26.040787 1.620359 0.091939 -0.056731 0.665736 515.229980
-11.860047 25.834990 1.606223 0.065852 -0.034402 0.652541 515.479980
-11.855281 25.626844 1.591526 0.039003 -0.016478 0.637791 515.700012
-11.846618 25.419413 1.576723 0.031426 -0.012595 0.620232 515.909973
-11.835729 25.219110 1.562457 0.010029 -0.002836 0.601270 516.109985
-11.823294 25.014025 1.548038 0.006757 0.004039 0.578651 516.320007
-11.806399 24.807896 1.537345 0.025689 0.025703 0.552183 516.539978
-11.774448 24.608496 1.534080 0.035904 0.036820 0.523352 516.760010
-11.721154 24.413122 1.538841 0.040969 0.034288 0.492119 516.979980
-11.647683 24.218651 1.550645 0.037230 0.025128 0.458975 517.200012
-11.564418 24.033501 1.566554 0.015521 0.014357 0.426381 517.409973
-11.476304 23.853004 1.585214 0.015020 0.006820 0.393366 517.619995
-11.383928 23.667864 1.602545 0.020202 -0.020040 0.358439 517.840027
-11.301595 23.480568 1.608685 0.022947 -0.050747 0.323435 518.059998
-11.240932 23.286642 1.599935 0.010401 -0.055046 0.288922 518.280029
-11.204960 23.090107 1.576414 0.013205 -0.045792 0.255009 518.500000
-11.188960 22.892868 1.540981 0.008444 -0.016720 0.221760 518.719971
-11.176555 22.693544 1.502158 -0.021118 0.078456 0.185787 518.950012
-11.119181 22.501945 1.468806 -0.038567 0.123754 0.145012 519.210022
-10.985121 22.352877 1.450246 -0.035718 0.107020 0.105633 519.479980
-10.803261 22.252514 1.448060 -0.016900 0.082756 0.069874 519.729980
-10.612092 22.179836 1.454356 0.025949 0.027169 0.038871 519.950012
-10.425757 22.103395 1.463306 0.074160 -0.019518 0.007382 520.159973
-10.248529 21.995461 1.472511 0.076086 -0.048708 -0.026370 520.380005
-10.102154 21.858316 1.478835 0.068876 -0.043150 -0.057360 520.599976
-9.978416 21.691536 1.481884 0.028971 -0.000096 -0.087869 520.830017
-9.862498 21.518698 1.483535 -0.010319 0.043810 -0.119566 521.059998
-9.732528 21.357336 1.485414 -0.032481 0.045220 -0.151060 521.289978
-9.583980 21.216213 1.487800 -0.030043 0.051473 -0.182446 521.520020
-9.415688 21.092651 1.490767 -0.014176 0.038715 -0.213146 521.750000
-9.245363 20.981779 1.493621 0.041639 -0.004218 -0.242608 521.969971
-9.082891 20.852827 1.496658 0.081847 -0.030226 -0.275479 522.200012
-8.954097 20.697382 1.499061 0.075951 -0.039601 -0.308535 522.429993
-8.861728 20.519203 1.500450 0.069646 -0.021051 -0.339816 522.659973
-8.796150 20.321894 1.501154 0.043578 -0.010406 -0.371961 522.890015
-8.748729 20.124704 1.501275 0.021733 -0.000479 -0.402713 523.109985
-8.707674 19.928280 1.500630 0.004824 0.015810 -0.433205 523.330017
-8.660952 19.727507 1.498839 0.003566 0.036621 -0.464896 523.559998
-8.602770 19.530005 1.495883 -0.026537 -0.000897 -0.495305 523.789978
-8.534863 19.336298 1.491675 -0.067845 -0.065491 -0.523673 524.049988
-8.464915 19.148729 1.483602 0.084989 -0.015925 -0.579825 524.799988
-8.581827 18.979666 1.479800 0.113989 0.014745 -0.602558 525.320007
-8.689126 18.804565 1.476675 0.078969 0.014880 -0.618632 525.580017
-8.792358 18.627201 1.472938 0.041512 0.010933 -0.635098 525.799988
-8.893223 18.448605 1.469484 0.020321 0.001794 -0.653204 526.010010
-8.994671 18.271250 1.468894 0.014403 -0.022211 -0.673493 526.219971
-9.107687 18.095396 1.473980 0.017928 -0.035322 -0.697285 526.440002
-9.231949 17.933144 1.485135 0.010688 -0.034089 -0.723322 526.659973
-9.371714 17.778818 1.502797 0.023449 -0.024859 -0.752735 526.890015
-9.514234 17.639523 1.524206 0.016367 -0.015108 -0.782547 527.109985
-9.665607 17.501177 1.545328 -0.001603 0.007296 -0.815146 527.340027
-9.812654 17.360744 1.553929 0.014641 0.040888 -0.850289 527.580017
-9.943767 17.207687 1.542836 0.028002 0.051160 -0.885975 527.820007
-10.062183 17.033474 1.512207 0.029374 0.043580 -0.922525 528.059998
-10.163445 16.857851 1.471034 0.011012 0.025804 -0.956449 528.280029
-10.254538 16.677872 1.427852 -0.040155 0.042971 -0.990326 528.500000
-10.318184 16.483601 1.390136 -0.068360 0.071243 -1.027673 528.739990
-10.326293 16.279272 1.366658 -0.064150 0.059405 -1.062982 528.989990
-10.284853 16.081587 1.359972 -0.043698 0.054844 -1.096621 529.229980
-10.213421 15.887435 1.366319 -0.022131 0.043626 -1.128221 529.460022
-10.129794 15.697452 1.381124 -0.005774 0.027592 -1.156812 529.679993
-10.046212 15.514642 1.401232 0.004280 0.029295 -1.181488 529.890015
-9.963913 15.329700 1.424435 0.008799 0.011733 -1.202994 530.099976
-9.883334 15.138414 1.449678 0.009008 0.012983 -1.222914 530.320007
-9.808608 14.949500 1.474760 0.013723 0.024412 -1.241571 530.539978
-9.741886 14.757556 1.496509 0.053578 0.022692 -1.260588 530.760010
-9.697989 14.558436 1.511795 0.075437 0.013204 -1.281699 530.979980
-9.686472 14.354815 1.519529 0.066014 -0.001720 -1.304994 531.200012
-9.704535 14.153246 1.520371 0.053722 0.009768 -1.328065 531.419983
-9.744305 13.952362 1.516134 0.031739 0.004760 -1.353466 531.640015
-9.796358 13.755599 1.509659 0.021258 0.006058 -1.379935 531.859985
-9.855091 13.563951 1.503752 0.020230 0.019178 -1.407461 532.080017
-9.918652 13.372046 1.500116 0.018586 0.027640 -1.436407 532.299988
-9.985824 13.176151 1.499360 0.015892 0.031613 -1.466664 532.520020
-10.052052 12.984779 1.500873 0.004393 0.008456 -1.496528 532.729980
-10.118843 12.792937 1.503179 -0.024547 -0.066258 -1.525857 532.950012
-10.185806 12.603337 1.505965 -0.043298 -0.117777 -1.559059 533.239990
-10.380921 12.562133 1.527711 0.114577 -0.014231 -1.618191 534.210022
-10.578896 12.614896 1.542858 0.092837 -0.002833 -1.633002 534.489990
-10.782753 12.660745 1.557066 0.049195 0.002754 -1.648178 534.719971
-10.982799 12.701127 1.570211 0.033143 0.007065 -1.664778 534.929993
-11.187565 12.737921 1.581767 0.029197 0.011362 -1.684166 535.140015
-11.394886 12.769712 1.590600 0.015954 0.010683 -1.706344 535.349976
-11.599733 12.796494 1.596333 0.008838 0.008462 -1.730892 535.559998
-11.799273 12.819114 1.599217 0.016151 0.006905 -1.757638 535.770020
-12.004754 12.839936 1.599926 0.006193 0.002076 -1.787513 535.989990
-12.212326 12.860262 1.599127 0.009630 -0.000406 -1.820052 536.219971
-12.414124 12.880957 1.598562 0.027621 0.000382 -1.853720 536.450012
-12.618300 12.904181 1.599454 0.038569 0.002140 -1.888350 536.679993
-12.820530 12.929855 1.601791 0.038454 0.003744 -1.922160 536.900024
-13.020013 12.957305 1.605229 0.025852 0.002396 -1.954869 537.109985
-13.220295 12.986987 1.608202 0.014666 -0.010323 -1.987334 537.320007
-13.424721 13.023747 1.608335 0.027669 -0.019800 -2.020945 537.539978
-13.625474 13.071738 1.604503 0.020731 -0.022837 -2.054257 537.760010
-13.820224 13.130884 1.596621 0.019402 -0.017338 -2.086892 537.979980
-14.009329 13.198295 1.585397 0.020221 0.001104 -2.118831 538.200012
-14.205256 13.266802 1.572465 -0.013481 0.061219 -2.152501 538.429993
-14.401918 13.303644 1.560903 -0.034170 0.094650 -2.186982 538.659973
-14.601665 13.290826 1.551375 -0.034024 0.094037 -2.220565 538.890015
-14.796692 13.234423 1.544329 -0.024989 0.074000 -2.252052 539.109985
-14.984470 13.151888 1.539369 -0.019572 0.034018 -2.281508 539.320007
-15.166988 13.057320 1.534859 0.008085 0.005023 -2.310968 539.530029
-15.353668 12.963740 1.528802 0.043975 -0.002499 -2.342573 539.750000
-15.544291 12.889023 1.520177 0.058453 0.000230 -2.374330 539.969971
-15.743421 12.836852 1.508472 0.053766 0.004733 -2.406206 540.190002
-15.940907 12.805131 1.494755 0.037946 0.004576 -2.436833 540.400024
-16.140575 12.785815 1.479354 0.018719 0.000938 -2.467198 540.609985
-16.345053 12.772054 1.464755 -0.009403 0.013228 -2.498228 540.830017
-16.550682 12.750591 1.456655 -0.029770 0.034006 -2.530388 541.059998
-16.750881 12.708616 1.458279 -0.031976 0.045159 -2.562017 541.289978
-16.941870 12.646251 1.468855 -0.024888 0.047200 -2.591950 541.510010
-17.134367 12.566402 1.485421 -0.017524 0.000323 -2.620528 541.729980
-17.318972 12.480456 1.503582 -0.012719 -0.084925 -2.648042 541.960022
-17.499519 12.389041 1.523773 -0.002883 -0.112504 -2.683883 542.299988
-17.386824 12.561117 1.550226 0.058480 -0.086134 -2.738797 543.309998
-17.261387 12.726970 1.554007 0.046552 -0.061339 -2.751357 543.549988
-17.139303 12.894987 1.557707 0.034447 -0.042352 -2.765240 543.760010
-17.017937 13.066248 1.561575 0.021121 -0.024455 -2.781209 543.960022
-16.902399 13.231562 1.564829 0.006760 -0.008356 -2.798808 544.150024
-16.783888 13.401578 1.566782 0.004039 -0.008335 -2.819897 544.349976
-16.668264 13.566324 1.566756 0.000956 -0.007259 -2.843140 544.549988
-16.549980 13.732289 1.564525 -0.003139 -0.003415 -2.869467 544.760010
-16.429884 13.897165 1.559894 0.003694 -0.013589 -2.898851 544.979980
-16.304743 14.064017 1.553036 0.011417 -0.023780 -2.931291 545.210022
-16.176840 14.228713 1.544871 0.005194 -0.015471 -2.964588 545.440002
-16.047768 14.389846 1.535764 0.016891 -0.022311 -2.998804 545.669983
-15.915931 14.551909 1.526185 0.021858 -0.020513 -3.033536 545.900024
-15.789339 14.710709 1.516774 0.039237 0.012153 -3.066917 546.119995
-15.675727 14.879143 1.506918 0.055491 0.039395 -3.100402 546.340027
-15.586376 15.062188 1.496419 0.039259 0.046819 -3.134358 546.559998
-15.522795 15.254597 1.485129 0.035420 0.038876 3.114506 546.780029
-15.479741 15.453883 1.473433 0.025348 0.021351 3.080332 547.000000
-15.445951 15.654197 1.462190 -0.004376 -0.039740 3.047451 547.219971
-15.393204 15.849507 1.452298 -0.013691 -0.089788 3.014617 547.450012
-15.296906 16.028332 1.443932 -0.021781 -0.085755 2.980300 547.690002
-15.161445 16.179142 1.437138 -0.002613 -0.060718 2.946293 547.929993
-15.008787 16.309381 1.431428 0.033908 -0.012499 2.914550 548.159973
-14.853645 16.446823 1.426455 0.043473 0.020645 2.883964 548.390015
-14.716884 16.592960 1.421924 0.031741 0.047871 2.854550 548.609985
-14.599899 16.760599 1.417492 0.035742 0.079389 2.823261 548.840027
-14.520426 16.948395 1.413209 0.026622 0.077961 2.790840 549.070007
-14.476973 17.152176 1.408803 0.016521 0.058438 2.758122 549.299988
-14.460302 17.355064 1.404816 0.020135 0.040046 2.726677 549.520020
-14.457953 17.562515 1.401378 0.008807 0.021884 2.695126 549.739990
-14.463493 17.768547 1.398997 0.014217 0.022044 2.663638 549.960022
-14.474685 17.974150 1.397938 0.010239 0.014641 2.631934 550.179993
-14.489022 18.177202 1.397883 0.010946 0.011513 2.600480 550.400024
-14.504675 18.377512 1.398771 0.022339 0.018053 2.569103 550.619995
-14.520913 18.580378 1.400422 0.026506 0.019899 2.537541 550.840027
-14.536975 18.788088 1.402525 0.027544 0.021149 2.505800 551.059998
-14.551254 18.990940 1.404615 0.031211 0.001904 2.475215 551.270020
-14.556785 19.194855 1.406009 0.047420 -0.028451 2.444394 551.479980
-14.540844 19.396519 1.406161 0.046979 -0.042947 2.413647 551.690002
-14.497119 19.600302 1.404610 0.036008 -0.040802 2.382255 551.909973
-14.430562 19.793659 1.401390 0.035320 -0.024103 2.351496 552.130005
-14.349121 19.977970 1.396900 -0.023966 -0.032910 2.321232 552.349976
-14.256690 20.157944 1.391456 -0.095772 -0.048111 2.290191 552.609985
-14.157351 20.334747 1.394085 0.099149 0.069767 2.232310 553.429993
-14.088463 20.528320 1.418285 0.085533 0.062607 2.210096 553.820007
-14.023111 20.722046 1.441450 0.066266 0.049748 2.192313 554.070007
-13.959379 20.913343 1.463663 0.040854 0.032661 2.174503 554.280029
-13.896543 21.106792 1.484359 -0.004089 0.031574 2.155763 554.479980
-13.844290 21.301161 1.502248 -0.033214 0.045662 2.134747 554.679993
-13.812816 21.504353 1.516486 -0.039410 0.054293 2.110395 554.890015
-13.808056 21.708307 1.525859 -0.032742 0.049237 2.084341 555.099976
-13.825104 21.913303 1.530871 -0.010117 0.022177 2.057042 555.309998
-13.847668 22.114401 1.531826 0.048834 -0.029391 2.027375 555.520020
-13.844398 22.321426 1.529571 0.090696 -0.054655 1.991663 555.750000
-13.786712 22.519310 1.524188 0.096588 -0.048020 1.954509 555.989990
-13.679884 22.694611 1.517052 0.080973 -0.027159 1.918948 556.219971
-13.543615 22.853321 1.509481 0.038656 -0.018758 1.883495 556.440002
-13.402015 22.995291 1.502670 -0.010474 0.009657 1.850076 556.650024
-13.261170 23.147310 1.497432 -0.044982 0.058017 1.812793 556.880005
-13.151892 23.320332 1.495239 -0.053819 0.061882 1.777015 557.119995
-13.083810 23.511496 1.495528 -0.040787 0.056552 1.747153 557.359985
-13.048652 23.708639 1.496817 -0.038802 0.041906 1.726495 557.590027
-13.038247 23.913702 1.495310 -0.043705 0.041510 1.713312 557.820007
-13.051312 24.115353 1.489106 -0.037101 0.025784 1.708549 558.039978
-13.082063 24.316706 1.477917 -0.024809 0.018540 1.709167 558.260010
-13.123789 24.515182 1.462286 -0.013152 0.024559 1.713605 558.479980
-13.170620 24.711742 1.445586 0.001251 -0.002182 1.720889 558.700012
-13.216268 24.907576 1.435284 0.018587 0.010396 1.728034 558.929993
-13.252597 25.108206 1.438483 0.024500 0.031029 1.732215 559.169983
-13.275547 25.307379 1.456069 0.021712 0.038628 1.730770 559.400024
-13.288957 25.507769 1.484491 0.015692 0.039580 1.723733 559.619995
-13.296892 25.707317 1.518416 0.003127 0.024730 1.713670 559.830017
-13.305946 25.907501 1.548382 -0.041930 0.007877 1.703699 560.039978
-13.333357 26.108557 1.565614 -0.073930 0.005705 1.696345 560.260010
-13.394186 26.305622 1.564347 -0.068766 -0.006199 1.694552 560.489990
-13.484699 26.486408 1.544314 -0.053684 0.001179 1.697393 560.719971
-13.596056 26.654533 1.514944 -0.026549 0.008029 1.706627 560.950012
-13.716027 26.816607 1.489547 -0.010765 0.029967 1.721744 561.179993
-13.837641 26.983843 1.475523 -0.003680 0.040934 1.742981 561.409973
-13.953069 27.154083 1.474608 -0.000211 0.038044 1.768263 561.630005
-14.061065 27.324608 1.483966 0.003081 0.022672 1.796037 561.840027
-14.164928 27.497124 1.500941 0.003789 0.013552 1.826502 562.049988
-14.267799 27.674742 1.523028 0.007076 0.005309 1.860156 562.270020
-14.367712 27.855549 1.546079 0.006915 0.023495 1.896349 562.500000
-14.462479 28.037840 1.566340 0.004883 0.018214 1.932008 562.729980
-14.553462 28.220671 1.582495 0.002473 0.024424 1.965276 562.960022
-14.643128 28.405457 1.594723 0.000673 0.022581 1.994380 563.190002
-14.730578 28.587313 1.602399 0.000100 -0.053968 2.018308 563.419983
-14.819065 28.771791 1.605960 -0.002047 -0.111452 2.041381 563.719971
-14.832678 28.570612 1.618291 -0.054370 -0.114757 2.077956 564.559998
-14.814820 28.371059 1.620714 -0.030336 -0.058204 2.087767 564.760010
-14.797688 28.165663 1.623710 -0.012028 -0.018788 2.100331 564.950012
-14.781384 27.960709 1.625545 -0.001831 -0.008555 2.115647 565.140015
-14.763881 27.751245 1.623769 0.002513 -0.011114 2.134195 565.340027
-14.744290 27.549116 1.617460 0.010195 -0.001146 2.155013 565.539978
-14.721011 27.347973 1.605848 0.005790 -0.006786 2.178959 565.750000
-14.693967 27.146364 1.589006 -0.002132 -0.016418 2.206191 565.969971
-14.663347 26.941086 1.568559 0.008358 -0.003077 2.236391 566.200012
-14.627138 26.738371 1.549762 0.019763 -0.024178 2.268957 566.440002
-14.576375 26.543482 1.538142 0.020826 -0.040284 2.302907 566.679993
-14.505857 26.351646 1.534623 0.017189 -0.033333 2.337996 566.919983
-14.419291 26.162712 1.538294 0.002119 -0.041081 2.373271 567.159973
-14.324654 25.977781 1.547217 -0.007470 -0.040552 2.405804 567.390015
-14.226153 25.795889 1.557995 0.021502 -0.033102 2.432139 567.609985
-14.114031 25.621115 1.567516 0.068507 -0.032939 2.451599 567.830017
-13.976992 25.469030 1.573558 0.079252 -0.020924 2.464105 568.049988
-13.816578 25.346130 1.575102 0.068449 -0.015260 2.467373 568.270020
-13.638971 25.249008 1.572313 0.043622 -0.026156 2.460470 568.489990
-13.449259 25.164259 1.565227 -0.002093 -0.032820 2.445392 568.710022
-13.266641 25.078619 1.555053 -0.030075 -0.028607 2.423696 568.919983
-13.092170 24.980631 1.542419 -0.038359 -0.014991 2.395927 569.130005
-12.924479 24.865807 1.527640 -0.034176 -0.011988 2.362714 569.349976
-12.765657 24.735231 1.514482 -0.031571 -0.019942 2.324995 569.580017
-12.619786 24.593124 1.507167 -0.024617 -0.028848 2.284998 569.809998
-12.482359 24.440237 1.506253 -0.015529 -0.019786 2.245198 570.039978
-12.351429 24.281834 1.511368 -0.005221 -0.031754 2.211193 570.270020
-12.226824 24.125372 1.519537 -0.011202 -0.019117 2.186503 570.489990
-12.103395 23.958170 1.522693 -0.048851 -0.013385 2.170605 570.719971
-12.001616 23.781054 1.514016 -0.065896 -0.018625 2.165478 570.950012
-11.926199 23.587963 1.492020 -0.060048 -0.022679 2.170881 571.179993
-11.874810 23.388351 1.465944 -0.045989 -0.025499 2.185354 571.400024
-11.838309 23.187101 1.445081 -0.029045 -0.021324 2.206455 571.609985
-11.808394 22.981720 1.432095 -0.009725 -0.006849 2.233293 571.820007
-11.781526 22.780634 1.428187 -0.003600 -0.006628 2.265022 572.030029
-11.753812 22.576813 1.432374 -0.000095 -0.017502 2.301795 572.250000
-11.722177 22.377094 1.442506 -0.002409 -0.031123 2.341094 572.469971
-11.683350 22.177984 1.455982 0.003415 -0.022378 2.381478 572.690002
-11.637910 21.982172 1.470387 -0.003814 -0.023886 2.422127 572.909973
-11.587788 21.788610 1.484030 0.009216 -0.000046 2.461967 573.130005
-11.533866 21.595490 1.495591 0.054261 0.062031 2.504300 573.369995
-11.475809 21.401716 1.504278 0.067830 0.081768 2.559065 573.750000
-11.519537 21.203949 1.506448 -0.112527 -0.032625 2.619762 574.650024
-11.583017 21.007586 1.508376 -0.089976 -0.030159 2.633823 574.940002
-11.640056 20.808865 1.509373 -0.037948 -0.026980 2.646473 575.169983
-11.687255 20.614244 1.510596 -0.019917 -0.043491 2.660638 575.380005
-11.720276 20.413254 1.512322 -0.007354 -0.046606 2.677023 575.590027
-11.735886 20.210611 1.514253 0.002242 -0.037564 2.695929 575.799988
-11.735906 20.001757 1.516602 -0.008209 -0.030775 2.718543 576.020020
-11.724639 19.795210 1.518986 -0.007251 -0.008115 2.743821 576.239990
-11.712794 19.593933 1.519724 -0.023613 0.030442 2.771636 576.460022
-11.718508 19.388578 1.517655 -0.040512 0.048386 2.802856 576.690002
-11.752641 19.183140 1.512223 -0.043410 0.045387 2.836466 576.919983
-11.809846 18.983812 1.504169 -0.036829 0.033437 2.870330 577.140015
-11.879561 18.792414 1.494729 -0.013356 0.017982 2.903282 577.349976
-11.954347 18.606609 1.484974 -0.000741 -0.003337 2.935796 577.559998
-12.027667 18.419836 1.476629 -0.017423 -0.021104 2.969701 577.780029
-12.091894 18.224358 1.471367 -0.033116 -0.026040 3.005197 578.010010
-12.142127 18.021460 1.469851 -0.037614 -0.021359 3.040397 578.239990
-12.179461 17.818750 1.471401 -0.034311 -0.014866 3.073824 578.460022
-12.206996 17.619699 1.472979 -0.026373 -0.029655 3.105605 578.669983
-12.221358 17.418566 1.471583 -0.026843 -0.042342 3.136910 578.880005
-12.217959 17.216757 1.465923 -0.009645 -0.039540 -3.115671 579.090027
-12.196987 17.010857 1.455287 -0.013803 -0.030039 -3.084157 579.309998
-12.163024 16.809931 1.440416 -0.015135 -0.018464 -3.053153 579.530029
-12.121802 16.614111 1.423737 -0.001310 -0.008218 -3.022806 579.750000
-12.076549 16.418373 1.407723 -0.020670 -0.001661 -2.991644 579.979980
-12.031238 16.223654 1.395263 -0.022381 0.001175 -2.960897 580.210022
-11.986769 16.027510 1.386721 -0.026151 0.002832 -2.930421 580.440002
-11.943184 15.829150 1.382143 -0.027404 -0.000263 -2.900026 580.669983
-11.898332 15.627559 1.382356 -0.034574 -0.004846 -2.869480 580.900024
-11.851348 15.430276 1.386784 -0.023838 -0.006799 -2.840083 581.119995
-11.800423 15.232721 1.394269 -0.020596 -0.005395 -2.810622 581.340027
-11.745790 15.037839 1.404426 -0.014482 -0.028857 -2.781088 581.559998
-11.674920 14.842945 1.418565 -0.014622 -0.063040 -2.750310 581.789978
-11.576642 14.663523 1.435804 -0.006954 -0.065294 -2.719619 582.020020
-11.452003 14.503160 1.455161 -0.011934 -0.053129 -2.688923 582.250000
-11.307373 14.357745 1.476185 -0.005769 -0.031803 -2.658386 582.479980
-11.151089 14.222280 1.495816 0.066926 0.008195 -2.626683 582.719971
-10.991565 14.098666 1.513243 0.101855 0.033375 -2.588812 583.039978
-10.795923 14.047897 1.499505 -0.090690 -0.104803 -2.534709 583.979980
-10.596604 14.038321 1.472692 -0.077862 -0.082680 -2.520197 584.280029
-10.389114 14.022892 1.446823 -0.039120 -0.037271 -2.507482 584.510010
-10.183975 14.004461 1.424921 -0.031586 -0.004414 -2.491595 584.719971
-9.978383 13.977251 1.410875 -0.039784 0.011258 -2.472362 584.929993
-9.776486 13.935668 1.406693 -0.028818 0.020130 -2.450571 585.140015
-9.582669 13.881004 1.411814 -0.023997 0.017204 -2.426092 585.349976
-9.388113 13.813051 1.425986 -0.024888 0.007261 -2.397983 585.570007
-9.199019 13.738070 1.446567 -0.012349 0.002283 -2.368293 585.789978
-9.007082 13.659620 1.470737 -0.002598 -0.033651 -2.335798 586.020020
-8.813157 13.596579 1.492544 0.009347 -0.068152 -2.302420 586.250000
-8.611715 13.564130 1.508845 0.020656 -0.062954 -2.267976 586.479980
-8.407615 13.563515 1.518714 0.009136 -0.054367 -2.233204 586.710022
-8.201050 13.586900 1.523079 -0.013562 -0.031433 -2.198215 586.940002
-8.000645 13.614368 1.522504 -0.045812 0.039888 -2.165448 587.159973
-7.794259 13.614092 1.517920 -0.052758 0.082270 -2.131278 587.390015
-7.598375 13.566719 1.510106 -0.038882 0.083428 -2.095596 587.619995
-7.416150 13.475966 1.499938 -0.040005 0.067180 -2.059527 587.849976
-7.249362 13.357265 1.488899 -0.028202 0.030658 -2.024945 588.070007
-7.084852 13.228382 1.477923 -0.010576 -0.054814 -1.991419 588.289978
-6.906228 13.122192 1.468371 -0.002247 -0.106635 -1.957914 588.520020
-6.708907 13.068151 1.460308 0.006933 -0.102137 -1.923778 588.760010
-6.505735 13.070359 1.453898 -0.009536 -0.081638 -1.890256 589.000000
-6.304992 13.110769 1.449403 -0.008871 -0.047432 -1.859092 589.229980
-6.111377 13.168359 1.446360 -0.019591 -0.025406 -1.829686 589.450012
-5.916387 13.232441 1.444265 -0.021271 -0.012324 -1.800638 589.669983
-5.720059 13.297020 1.443065 -0.026165 -0.011617 -1.771455 589.890015
-5.521411 13.361089 1.442418 -0.016156 -0.006585 -1.742288 590.109985
-5.324463 13.423735 1.442088 -0.014474 -0.005405 -1.712974 590.330017
-5.130352 13.484782 1.442043 -0.021363 -0.006064 -1.683350 590.549988
-4.935882 13.543716 1.442915 -0.030087 0.007473 -1.653403 590.770020
-4.737789 13.595250 1.445350 -0.035845 0.017764 -1.622922 590.989990
-4.535161 13.635368 1.449354 -0.018650 0.020095 -1.592086 591.210022
-4.333144 13.664118 1.454517 -0.025199 0.016287 -1.560869 591.429993
-4.129899 13.684078 1.460598 -0.025429 0.008222 -1.529334 591.650024
-3.925146 13.700296 1.467569 -0.023676 -0.012220 -1.497690 591.869995
-3.720131 13.721849 1.475858 -0.027967 -0.026392 -1.465941 592.090027
-3.515531 13.755019 1.485078 -0.009329 -0.026270 -1.434503 592.309998
-3.317078 13.799241 1.494902 -0.019888 -0.021285 -1.403173 592.530029
-3.121576 13.852389 1.505166 -0.017230 -0.013833 -1.371965 592.750000
-2.930152 13.909747 1.513680 0.003285 0.013951 -1.340691 592.969971
-2.730386 13.960676 1.517155 -0.007516 0.057633 -1.306374 593.210022
-2.530590 13.981343 1.513523 0.009928 0.052044 -1.272779 593.450012
-2.327725 13.972027 1.504077 0.078358 -0.004385 -1.241659 593.710022
-2.131024 13.934938 1.493057 0.168036 -0.109369 -1.210352 594.169983
-2.329308 13.975376 1.504476 0.116201 -0.092464 -1.203977 594.669983
-2.529448 14.026406 1.514634 0.066231 -0.057034 -1.213460 594.890015
-2.726085 14.079974 1.525421 0.024435 -0.024570 -1.228754 595.080017
-2.925961 14.136614 1.538100 0.010265 -0.011178 -1.249983 595.270020
-3.121718 14.193737 1.551414 -0.000470 -0.014156 -1.275122 595.460022
-3.319957 14.256323 1.564793 -0.004579 -0.022278 -1.304942 595.659973
-3.509207 14.324316 1.576751 -0.013012 -0.018771 -1.337388 595.859985
-3.695682 14.401070 1.587346 -0.005641 -0.018723 -1.373250 596.070007
-3.880784 14.486305 1.596671 0.010368 -0.021406 -1.412030 596.289978
-4.062185 14.575832 1.601974 0.017503 -0.014520 -1.451287 596.510010
-4.243390 14.666492 1.597395 0.029631 -0.008035 -1.490556 596.729980
-4.428181 14.755081 1.581020 0.019944 0.001177 -1.529056 596.950012
-4.613233 14.838597 1.553682 0.019238 0.003110 -1.566748 597.169983
-4.797878 14.916668 1.516929 0.023842 0.000063 -1.603461 597.390015
-4.982256 14.990869 1.477172 -0.001903 -0.008100 -1.638303 597.609985
-5.164969 15.069891 1.446374 -0.000028 -0.040775 -1.672791 597.840027
-5.342744 15.169384 1.434630 -0.001083 -0.048413 -1.707573 598.080017
-5.506642 15.290052 1.443894 -0.000784 -0.039647 -1.741023 598.320007
-5.656211 15.426916 1.467119 -0.007375 -0.051781 -1.773023 598.559998
-5.788100 15.583422 1.492797 -0.007216 -0.066146 -1.804282 598.799988
-5.896082 15.755666 1.512747 -0.010891 -0.050318 -1.834110 599.030029
-5.987319 15.942529 1.525281 0.002399 -0.042926 -1.863536 599.260010
-6.065142 16.131283 1.530110 0.013558 -0.031412 -1.891548 599.479980
-6.140476 16.326065 1.529554 0.024469 -0.017595 -1.919705 599.700012
-6.215758 16.513578 1.525826 0.026397 -0.006864 -1.946822 599.909973
-6.296234 16.698479 1.520423 0.017636 0.003273 -1.974137 600.119995
-6.384607 16.885164 1.514088 0.024509 -0.002946 -2.003582 600.340027
-6.477962 17.068163 1.508168 0.028891 -0.010609 -2.033674 600.559998
-6.576404 17.250305 1.503817 0.021416 0.028076 -2.063957 600.780029
-6.691642 17.422260 1.503304 0.026836 0.101261 -2.096599 601.010010
-6.844303 17.553509 1.507474 0.028184 0.121770 -2.132539 601.250000
-7.036826 17.629869 1.515454 0.024261 0.101444 -2.170001 601.489990
-7.240286 17.663273 1.522287 0.021292 0.035469 -2.204502 601.710022
-7.441807 17.686499 1.522891 0.035508 -0.030408 -2.237483 601.919983
-7.646528 17.728758 1.515154 0.030282 -0.063516 -2.271753 602.140015
-7.834025 17.799198 1.498229 0.031717 -0.064157 -2.304691 602.359985
-8.011107 17.902004 1.471235 0.039423 -0.046624 -2.338314 602.590027
-8.168269 18.023983 1.441807 0.029279 -0.055381 -2.370456 602.809998
-8.308326 18.168034 1.417944 0.024344 -0.075010 -2.402112 603.030029
-8.423417 18.336359 1.404099 0.021276 -0.072383 -2.433036 603.250000
-8.509949 18.516890 1.401439 0.022160 -0.057943 -2.462278 603.460022
-8.578898 18.711353 1.407630 0.019307 -0.032651 -2.491428 603.669983
-8.638791 18.911291 1.418905 0.022193 0.001966 -2.520648 603.880005
-8.701493 19.108963 1.431817 0.026529 0.023763 -2.550057 604.090027
-8.775316 19.301064 1.443950 0.030472 0.030515 -2.579856 604.299988
-8.862970 19.488010 1.453863 0.030238 0.027442 -2.610131 604.510010
-8.962012 19.670145 1.460676 -0.008879 0.016928 -2.640312 604.719971
-9.064323 19.842607 1.464316 -0.087145 0.002040 -2.669503 604.940002
-9.172204 20.012909 1.463696 -0.115184 -0.010284 -2.705912 605.260010
-9.351512 20.110899 1.462431 0.094891 0.096747 -2.767179 606.190002
-9.544780 20.176249 1.469786 0.077378 0.073233 -2.785946 606.479980
-9.733772 20.248188 1.475607 0.047346 0.018975 -2.803663 606.700012
-9.921125 20.331329 1.480443 0.057522 -0.022913 -2.821302 606.909973
-10.098433 20.435741 1.483471 0.061143 -0.040893 -2.840725 607.119995
-10.258939 20.564333 1.483948 0.056621 -0.039140 -2.861935 607.330017
-10.402732 20.713886 1.481908 0.046915 -0.027096 -2.885362 607.539978
-10.532940 20.877325 1.478001 0.020736 -0.019886 -2.911377 607.750000
-10.651274 21.044056 1.473179 0.011981 -0.006497 -2.939117 607.960022
-10.767308 21.216242 1.470962 0.013676 0.006199 -2.969672 608.179993
-10.881290 21.385681 1.474992 0.018225 0.014336 -3.001498 608.400024
-10.996262 21.552906 1.485538 0.006588 0.008797 -3.034225 608.619995
-11.115867 21.722591 1.503148 0.019600 0.018374 -3.068833 608.849976
-11.233193 21.884605 1.525192 0.022218 0.017370 -3.102408 609.070007
-11.351688 22.048250 1.548231 0.025091 -0.010332 -3.135939 609.289978
-11.460064 22.215782 1.567677 0.045500 -0.026046 3.114108 609.510010
-11.550697 22.393835 1.581218 0.036089 -0.032666 3.081240 609.729980
-11.624366 22.587748 1.588418 0.034918 -0.022284 3.048039 609.960022
-11.681895 22.787386 1.588879 0.018502 0.008957 3.015821 610.190002
-11.741193 22.984575 1.580575 -0.037268 0.065715 2.982426 610.419983
-11.835482 23.166365 1.562215 -0.065267 0.079217 2.948008 610.659973
-11.972270 23.312775 1.535375 -0.062113 0.067031 2.915597 610.900024
-12.136825 23.422894 1.503400 -0.042294 0.058629 2.884368 611.130005
-12.316116 23.509876 1.470957 -0.017937 0.022098 2.855807 611.349976
-12.499832 23.588097 1.443676 0.015125 0.018386 2.826315 611.570007
-12.688617 23.675316 1.425052 0.032507 0.018188 2.795128 611.799988
-12.870399 23.776005 1.416929 0.032857 0.013734 2.763905 612.030029
-13.043396 23.889624 1.417996 0.028171 0.025746 2.733234 612.260010
-13.205797 24.009670 1.425637 0.020795 0.032967 2.703575 612.479980
-13.369037 24.139380 1.436558 0.030647 0.027782 2.673416 612.700012
-13.521624 24.274366 1.446008 0.051345 0.017611 2.643902 612.909973
-13.663379 24.424725 1.452016 0.056365 0.011523 2.613978 613.119995
-13.790770 24.590021 1.453568 0.037896 0.001807 2.586288 613.330017
-13.905930 24.760408 1.451082 -0.017770 0.011198 2.564433 613.539978
-14.029330 24.926760 1.445630 -0.058101 0.027091 2.549322 613.760010
-14.169660 25.069532 1.438471 -0.064736 0.013890 2.544858 613.979980
-14.333163 25.189783 1.430063 -0.053397 0.023225 2.548366 614.210022
-14.512424 25.287865 1.421744 -0.036870 0.024663 2.561491 614.440002
-14.703021 25.369785 1.417991 -0.054201 0.008898 2.583260 614.669983
-14.902220 25.426584 1.424122 -0.069127 0.003933 2.612072 614.900024
-15.108780 25.451464 1.440266 -0.054782 -0.009576 2.647161 615.130005
-15.314887 25.448246 1.465696 -0.043334 0.004885 2.684483 615.359985
-15.511670 25.427547 1.496028 -0.015016 -0.014784 2.723182 615.580017
-15.708130 25.396235 1.527654 0.032939 -0.076929 2.763231 615.820007
-15.903884 25.355303 1.561964 0.055648 -0.097532 2.816636 616.200012
-16.036839 25.200298 1.569415 -0.124036 0.060614 2.873925 617.119995
-16.159618 25.035862 1.560172 -0.085180 0.045991 2.889448 617.390015
-16.288303 24.872168 1.550647 -0.042021 0.028120 2.904161 617.609985
-16.415886 24.716921 1.542290 -0.001207 0.043666 2.918735 617.809998
-16.554213 24.571890 1.535385 0.032818 0.064812 2.936440 618.010010
-16.715332 24.444946 1.529876 0.048476 0.058932 2.956923 618.219971
-16.898100 24.344419 1.525801 0.043552 0.048499 2.980781 618.440002
-17.090939 24.272186 1.523446 0.026165 0.042816 3.007615 618.659973
-17.290815 24.218592 1.522557 0.013847 0.019951 3.036114 618.880005
-17.488503 24.174522 1.522902 -0.020126 -0.014638 3.066082 619.099976
-17.685335 24.115719 1.524480 -0.083025 -0.049965 3.101555 619.340027
-17.858597 24.004787 1.526936 -0.106740 -0.050578 3.140577 619.599976
-17.985573 23.841118 1.529192 -0.093073 -0.031236 -3.105573 619.849976
-18.073822 23.659649 1.530868 -0.058072 -0.017062 -3.072047 620.070007
-18.144863 23.469721 1.532349 -0.032942 -0.002086 -3.039854 620.280029
-18.209736 23.275145 1.534090 -0.022263 0.003721 -3.007714 620.489990
-18.271309 23.079926 1.536133 -0.027482 -0.001641 -2.975874 620.700012
-18.327404 22.883057 1.538249 -0.024241 -0.007138 -2.944304 620.909973
-18.375950 22.686581 1.540133 -0.014911 -0.009739 -2.913329 621.119995
-18.418768 22.484650 1.542036 -0.020970 -0.000116 -2.881499 621.340027
-18.458063 22.284584 1.542997 -0.000576 0.030368 -2.850011 621.559998
-18.508879 22.090282 1.541286 0.025553 0.063654 -2.817981 621.780029
-18.591253 21.899744 1.535994 0.038570 0.059108 -2.785604 622.010010
-18.703888 21.726080 1.526947 0.031406 0.053195 -2.753658 622.239990
-18.834499 21.572828 1.515391 0.019656 0.037970 -2.723505 622.460022
-18.976561 21.429003 1.503452 -0.006432 -0.003133 -2.694145 622.679993
-19.115328 21.282774 1.494492 -0.052565 -0.010045 -2.662948 622.909973
-19.235004 21.116692 1.491200 -0.070422 -0.003988 -2.630244 623.150024
-19.324171 20.935923 1.493980 -0.065055 0.005640 -2.598784 623.380005
-19.391243 20.744493 1.501005 -0.042680 0.004557 -2.567934 623.599976
-19.445162 20.545246 1.509962 -0.029106 -0.014304 -2.537175 623.820007
-19.483084 20.347597 1.517934 -0.045254 -0.019933 -2.507170 624.039978
-19.500145 20.140015 1.522972 -0.041279 -0.022103 -2.475609 624.270020
-19.495169 19.933205 1.523816 -0.035844 -0.012460 -2.444520 624.500000
-19.474176 19.727190 1.520649 -0.035787 0.004407 -2.413620 624.729980
-19.445328 19.526680 1.514778 -0.026461 0.010718 -2.383570 624.950012
-19.413342 19.327452 1.507118 0.033868 -0.029200 -2.354485 625.169983
-19.379032 19.126715 1.498170 0.093673 -0.071526 -2.325419 625.440002
-19.280230 18.948540 1.497963 -0.121033 -0.011645 -2.262691 626.340027
-19.108009 18.834572 1.516604 -0.102988 -0.003721 -2.244535 626.679993
-18.939049 18.718826 1.533930 -0.064694 -0.000337 -2.228683 626.919983
-18.774406 18.604115 1.550273 -0.039805 0.002011 -2.212251 627.130005
-18.604586 18.483925 1.566171 -0.029989 0.007071 -2.193194 627.340027
-18.442387 18.365726 1.578850 -0.026770 0.011309 -2.172391 627.539978
-18.281713 18.243828 1.588089 -0.023128 0.011879 -2.149075 627.739990
-18.123514 18.118999 1.593772 -0.021437 0.010578 -2.123470 627.940002
-17.967667 17.992172 1.596119 -0.022030 0.006900 -2.095849 628.140015
-17.812998 17.865124 1.594034 -0.022758 -0.006393 -2.066547 628.340027
-17.648922 17.735847 1.585998 -0.024527 -0.016736 -2.034423 628.549988
-17.481571 17.614807 1.572551 -0.008566 -0.020577 -2.001524 628.760010
-17.314714 17.505156 1.554407 -0.014680 -0.014854 -1.968291 628.969971
-17.139919 17.399488 1.531693 -0.017447 -0.008202 -1.933328 629.190002
-16.965498 17.300438 1.508079 -0.012466 -0.011172 -1.898800 629.409973
-16.784014 17.205181 1.486026 -0.029170 -0.013693 -1.863272 629.640015
-16.597013 17.117620 1.468708 -0.021287 -0.014020 -1.828342 629.869995
-16.406691 17.038214 1.456342 -0.024426 -0.008019 -1.794312 630.099976
-16.213518 16.964279 1.448206 -0.026506 -0.001687 -1.760960 630.330017
-16.017820 16.892864 1.443252 -0.020602 0.001913 -1.728259 630.559998
-15.821881 16.822500 1.440119 -0.023706 0.007367 -1.696109 630.789978
-15.625941 16.749849 1.435278 -0.011324 0.031933 -1.664262 631.020020
-15.435893 16.664871 1.424172 -0.004501 0.054566 -1.632149 631.250000
-15.263430 16.563848 1.406866 0.008167 0.045939 -1.601512 631.469971
-15.096236 16.440855 1.387101 0.000677 0.041942 -1.569590 631.700012
-14.944941 16.309402 1.373196 -0.011388 0.038105 -1.538838 631.919983
-14.795679 16.167074 1.367269 -0.019004 0.031702 -1.507770 632.140015
-14.651425 16.024668 1.369546 -0.022156 0.026091 -1.477792 632.349976
-14.504256 15.879421 1.378142 -0.016309 0.005466 -1.447502 632.559998
-14.355947 15.739841 1.389132 -0.033577 -0.017006 -1.417517 632.770020
-14.194659 15.610307 1.399471 -0.048510 -0.022730 -1.386174 632.989990
-14.021924 15.501260 1.406543 -0.048882 -0.019963 -1.354939 633.210022
-13.837945 15.412146 1.411879 -0.048469 -0.027033 -1.323524 633.429993
-13.644346 15.344877 1.418104 -0.053020 -0.024693 -1.292554 633.650024
-13.440592 15.298601 1.426625 -0.045637 -0.017084 -1.261599 633.869995
-13.239058 15.269695 1.437299 -0.037609 -0.006298 -1.231981 634.080017
-13.034454 15.250269 1.449683 0.003504 -0.015249 -1.202119 634.289978
-12.828488 15.236516 1.462077 0.077591 -0.046022 -1.172973 634.520020
-12.628921 15.227775 1.478432 0.127578 -0.067068 -1.136384 634.900024
-12.466803 15.108424 1.502245 -0.048537 0.104658 -1.083765 635.750000
-12.308892 14.980154 1.520473 -0.038723 0.082924 -1.066966 636.020020
-12.148692 14.853177 1.538027 -0.026998 0.059123 -1.050452 636.239990
-11.988482 14.727790 1.554821 -0.016778 0.040323 -1.033092 636.440002
-11.830526 14.604683 1.569795 -0.008868 0.026600 -1.014398 636.630005
-11.671926 14.480727 1.582893 -0.002662 0.013185 -0.993531 636.820007
-11.509148 14.352716 1.594065 0.002313 -0.000489 -0.969582 637.020020
-11.346652 14.223815 1.602999 0.000831 0.008519 -0.942386 637.229980
-11.190622 14.098528 1.609591 0.000763 0.002189 -0.913617 637.440002
-11.035021 13.972728 1.612675 0.002511 -0.001106 -0.882535 637.659973
-10.874576 13.841351 1.608486 0.001532 0.022167 -0.847740 637.900024
-10.716561 13.708742 1.596102 0.000576 0.018145 -0.812857 638.140015
-10.559771 13.575102 1.576482 -0.000310 0.028647 -0.779805 638.380005
-10.407429 13.444090 1.552538 -0.000512 0.027169 -0.751424 638.609985
-10.253856 13.311077 1.529045 0.006812 0.012819 -0.728442 638.840027
-10.104859 13.177321 1.512519 0.014079 0.027927 -0.713334 639.070007
-9.957854 13.036301 1.505963 0.015803 0.037980 -0.707395 639.299988
-9.815971 12.891256 1.509109 0.013682 0.037745 -0.709929 639.520020
-9.678914 12.744660 1.518982 0.009101 0.022942 -0.718702 639.729980
-9.543621 12.595911 1.532854 -0.006580 0.001349 -0.730745 639.940002
-9.404842 12.451824 1.546829 -0.075777 -0.021345 -0.742794 640.159973
-9.235697 12.335345 1.556751 -0.117088 -0.029363 -0.751797 640.409973
-9.035797 12.284674 1.557231 -0.100075 -0.026817 -0.754522 640.669983
-8.833623 12.291828 1.549379 -0.077792 -0.006891 -0.751006 640.909973
-8.635075 12.327964 1.536983 -0.055071 0.009779 -0.740587 641.130005
-8.436053 12.375729 1.522577 -0.033995 0.018645 -0.724254 641.340027
-8.241169 12.424525 1.509624 -0.018959 0.022883 -0.703690 641.539978
-8.043700 12.471141 1.499628 -0.009992 0.023518 -0.678883 641.739990
-7.846599 12.512978 1.493219 0.002234 0.013109 -0.650820 641.940002
-7.645074 12.550899 1.490390 -0.001772 0.016570 -0.618689 642.150024
-7.447347 12.583577 1.491185 -0.008814 0.020091 -0.584547 642.359985
-7.240593 12.614445 1.495244 -0.016754 0.024766 -0.547306 642.580017
-7.040572 12.642949 1.501222 -0.016619 0.020891 -0.510828 642.789978
-6.839893 12.671717 1.508121 -0.005118 0.007072 -0.474321 643.000000
-6.635404 12.699630 1.515676 0.020842 0.023148 -0.436722 643.219971
-6.435458 12.713185 1.523281 0.040065 0.042805 -0.399815 643.440002
-6.227258 12.701527 1.530771 0.041756 0.029269 -0.364484 643.669983
-6.022739 12.665553 1.537512 0.031839 0.032774 -0.332124 643.900024
-5.828769 12.614049 1.543045 0.019584 -0.000386 -0.306690 644.119995
-5.634813 12.552054 1.546878 0.007410 -0.082089 -0.285053 644.359985
-5.444525 12.482011 1.549121 -0.009803 -0.127478 -0.261654 644.729980
-5.253778 12.542653 1.551983 -0.073622 0.092074 -0.229058 645.599976
-5.074226 12.637274 1.556138 -0.054522 0.078686 -0.207525 645.880005
-4.894582 12.727342 1.560043 -0.036434 0.058457 -0.186455 646.099976
-4.713990 12.815511 1.563501 -0.025756 0.017987 -0.164442 646.299988
-4.532954 12.908998 1.566217 -0.040558 -0.017873 -0.140330 646.500000
-4.356208 13.019875 1.567778 -0.054101 -0.030483 -0.112845 646.710022
-4.197761 13.148992 1.567799 -0.056724 -0.026282 -0.083593 646.919983
-4.055932 13.296155 1.566405 -0.047832 -0.016621 -0.052662 647.130005
-3.927408 13.455932 1.564073 -0.024325 -0.013952 -0.020113 647.340027
-3.810680 13.618481 1.560791 -0.007615 -0.006991 0.012792 647.549988
-3.696887 13.784683 1.555829 -0.012714 0.014975 0.047326 647.770020
-3.577679 13.955705 1.549014 -0.009584 0.019219 0.083395 648.000000
-3.455667 14.123349 1.540853 -0.007060 0.017964 0.116599 648.229980
-3.331490 14.285645 1.531685 0.024995 0.026200 0.143091 648.460022
-3.191600 14.432445 1.521175 0.096804 0.050208 0.161748 648.700012
-3.010570 14.530369 1.508141 0.111793 0.040572 0.165555 648.960022
-2.810387 14.557731 1.493876 0.088981 0.039287 0.157513 649.210022
-2.609094 14.538427 1.479809 0.058084 0.039530 0.140765 649.440002
-2.404705 14.496099 1.466455 0.024816 0.026411 0.119165 649.659973
-2.205793 14.448320 1.456969 -0.007990 0.024276 0.097277 649.869995
-2.006301 14.406725 1.452975 -0.025120 0.026536 0.075713 650.080017
-1.806963 14.378238 1.454677 -0.028540 0.015129 0.056572 650.289978
-1.601746 14.363180 1.462042 -0.031496 0.018942 0.040709 650.510010
-1.399117 14.365260 1.475466 -0.058808 0.017623 0.031730 650.729980
-1.199340 14.394434 1.494558 -0.070085 0.013524 0.031162 650.950012
-1.005389 14.453897 1.517216 -0.055866 -0.000969 0.039339 651.169983
-0.821549 14.536609 1.542555 -0.043025 0.011685 0.053339 651.390015
-0.643674 14.634975 1.569019 -0.016743 0.004433 0.074213 651.609985
-0.464530 14.738466 1.592544 0.053417 0.011871 0.098137 651.840027
-0.278357 14.814208 1.607759 0.098189 0.027883 0.120662 652.080017
-0.073098 14.836553 1.611456 0.097768 0.036755 0.136499 652.330017
0.130364 14.809015 1.604683 0.072989 0.033436 0.141672 652.559998
0.324659 14.755668 1.592171 0.039427 0.009340 0.138122 652.770020
0.515769 14.687530 1.576101 0.045220 -0.017321 0.128810 652.979980
0.701307 14.597823 1.557080 0.070952 -0.032767 0.112203 653.200012
0.866357 14.479622 1.536580 0.072895 -0.034051 0.089304 653.419983
1.010821 14.332936 1.515335 0.063425 -0.021931 0.061497 653.640015
1.133979 14.172210 1.495037 0.049332 -0.007041 0.030758 653.849976
1.248698 13.998441 1.475206 0.034755 0.005298 -0.003388 654.059998
1.354725 13.826858 1.456861 0.024057 0.013782 -0.038152 654.260010
1.459510 13.655151 1.439781 -0.020246 -0.014757 -0.073812 654.460022
1.566539 13.479501 1.423486 -0.079191 -0.061949 -0.110563 654.690002
1.397069 13.367625 1.436915 0.011458 -0.119655 -0.149362 655.679993
1.197780 13.402907 1.453005 0.009722 -0.064286 -0.132341 655.890015
1.000601 13.433228 1.469619 0.004317 -0.028947 -0.111130 656.080017
0.801568 13.461721 1.487482 0.003677 -0.011896 -0.085479 656.270020
0.596616 13.489184 1.506888 0.009220 -0.009234 -0.054482 656.469971
0.397265 13.512134 1.526567 0.012422 -0.009723 -0.020347 656.669983
0.194131 13.530120 1.546888 0.012597 -0.004741 0.016029 656.880005
-0.010664 13.542435 1.567422 0.009774 -0.011933 0.050288 657.099976
-0.210440 13.548682 1.583812 0.019916 -0.022376 0.077489 657.320007
-0.418727 13.544427 1.591680 0.028150 -0.032966 0.096256 657.549988
-0.620050 13.526853 1.589250 0.023841 -0.018018 0.105780 657.770020
-0.819313 13.498411 1.577750 0.017914 -0.022045 0.109120 657.989990
-1.016812 13.463816 1.559493 -0.023941 -0.010384 0.110019 658.210022
-1.219365 13.441372 1.536745 -0.078345 -0.004899 0.110332 658.440002
-1.417411 13.456973 1.513013 -0.083091 0.005841 0.111015 658.669983
-1.615684 13.516628 1.488969 -0.071370 -0.000526 0.116508 658.909973
-1.799948 13.607111 1.467736 -0.050376 -0.008107 0.126356 659.140015
-1.972832 13.711769 1.450048 -0.011456 -0.001784 0.139189 659.359985
-2.147332 13.821639 1.436095 0.005149 -0.025834 0.157555 659.590027
-2.324404 13.921385 1.427137 0.013629 -0.033488 0.180436 659.820007
-2.507335 14.006436 1.422306 0.011897 -0.032205 0.207208 660.049988
-2.695931 14.078166 1.420679 -0.002173 -0.038173 0.237090 660.280029
-2.891930 14.141955 1.421075 -0.002020 -0.022797 0.269202 660.510010
-3.090032 14.200712 1.422290 -0.014475 -0.024929 0.303078 660.739990
-3.282238 14.256631 1.423405 -0.019837 -0.019571 0.336417 660.960022
-3.476393 14.315398 1.423750 -0.026754 -0.017344 0.370468 661.179993
-3.672230 14.379427 1.423047 -0.019885 -0.008243 0.404502 661.400024
-3.866004 14.447445 1.421278 -0.020026 -0.008449 0.438593 661.619995
-4.057503 14.518696 1.418664 -0.023887 -0.012662 0.472618 661.840027
-4.248814 14.594202 1.416921 -0.032584 0.002773 0.506307 662.059998
-4.436741 14.679616 1.417994 -0.043066 0.015242 0.539896 662.280029
-4.619401 14.780961 1.422452 -0.044338 0.016875 0.573777 662.500000
-4.789339 14.892776 1.429867 -0.039532 0.012724 0.606094 662.710022
-4.955987 15.015845 1.439694 -0.022461 0.009008 0.638085 662.919983
-5.117014 15.142743 1.450205 -0.002918 0.004324 0.669338 663.130005
-5.277521 15.272052 1.460147 -0.013777 -0.006356 0.701579 663.349976
-5.435742 15.397532 1.468173 -0.013918 -0.011104 0.733407 663.570007
-5.601124 15.523485 1.474034 -0.013554 -0.011123 0.766026 663.799988
-5.766379 15.642774 1.477832 -0.003378 -0.034431 0.797962 664.030029
-5.944945 15.747153 1.480813 0.008944 -0.086276 0.830253 664.270020
-6.140734 15.809206 1.483386 0.011039 -0.095473 0.862644 664.510010
-6.345632 15.825170 1.485747 0.003569 -0.080174 0.894054 664.739990
-6.553557 15.809109 1.488183 0.007038 -0.045440 0.924017 664.960022
-6.758167 15.775393 1.489896 0.056107 0.027241 0.954691 665.179993
-6.955870 15.730799 1.490790 0.084546 0.075903 0.989919 665.450012
-7.146454 15.796298 1.491155 -0.109497 0.058209 1.056514 666.429993
-7.242433 15.977990 1.491141 -0.095167 0.038107 1.075605 666.739990
-7.347876 16.152060 1.490217 -0.072257 0.026056 1.091982 666.969971
-7.462373 16.328112 1.488746 -0.048419 0.016438 1.109381 667.179993
-7.580988 16.501596 1.487214 -0.033395 -0.015279 1.128621 667.380005
-7.708726 16.667271 1.486688 -0.035781 -0.053944 1.150118 667.580017
-7.851079 16.812551 1.487521 -0.027546 -0.069165 1.173562 667.780029
-8.014423 16.936331 1.489421 -0.014158 -0.063099 1.199731 667.989990
-8.194182 17.036095 1.492611 -0.025433 -0.042746 1.228898 668.210022
-8.382037 17.115620 1.495140 -0.028337 -0.027986 1.259639 668.429993
-8.576569 17.182621 1.491129 -0.029049 -0.020295 1.291706 668.650024
-8.776305 17.241011 1.477647 -0.018593 -0.012727 1.324677 668.869995
-8.976039 17.293085 1.454738 -0.014467 -0.005055 1.358124 669.090027
-9.172545 17.341381 1.424416 -0.011790 -0.010906 1.391588 669.309998
-9.374475 17.383083 1.393780 -0.014190 -0.052150 1.426110 669.539978
-9.576542 17.398218 1.372080 -0.021688 -0.071322 1.460485 669.770020
-9.782537 17.378199 1.361974 -0.024048 -0.064845 1.494542 670.000000
-9.983176 17.329985 1.362892 -0.023579 -0.047145 1.526815 670.219971
-10.175619 17.266138 1.371292 -0.009613 -0.024718 1.557287 670.429993
-10.363495 17.195393 1.383499 -0.012349 0.010596 1.587815 670.640015
-10.556820 17.129950 1.395426 -0.025880 0.049444 1.619543 670.859985
-10.752997 17.088867 1.403213 -0.033211 0.061976 1.651347 671.080017
-10.956306 17.076237 1.405302 -0.035617 0.055646 1.683605 671.299988
-11.158252 17.086510 1.401967 -0.025059 0.038662 1.714734 671.510010
-11.362512 17.110723 1.394445 -0.006178 0.018722 1.745409 671.719971
-11.561975 17.141375 1.383833 -0.016168 0.012714 1.775814 671.929993
-11.767834 17.177259 1.372531 0.001851 0.034248 1.807731 672.150024
-11.965825 17.227604 1.365929 0.033626 0.067191 1.840518 672.369995
-12.155412 17.313513 1.366609 0.042321 0.077619 1.874522 672.599976
-12.319324 17.432371 1.374897 0.034528 0.070596 1.906453 672.820007
-12.463655 17.573990 1.388701 0.024560 0.046201 1.936510 673.030029
-12.597930 17.730354 1.405733 0.006396 -0.000591 1.965711 673.239990
-12.730599 17.884966 1.422651 -0.062932 -0.060978 1.997464 673.460022
-12.891012 18.006437 1.436767 -0.105163 -0.087696 2.035305 673.710022
-13.087936 18.050079 1.442747 -0.092982 -0.071902 2.072804 673.979980
-13.288598 18.022522 1.440324 -0.068191 -0.039439 2.105749 674.229980
-13.479473 17.962961 1.433231 0.027294 -0.036197 2.136410 674.460022
-13.668489 17.885284 1.423619 0.108356 -0.032803 2.168756 674.739990
-13.770233 18.060593 1.425644 0.046086 0.111825 2.206178 675.590027
-13.789477 18.266832 1.430585 0.033272 0.084353 2.181499 675.840027
-13.814783 18.472607 1.436229 0.023307 0.055482 2.153184 676.049988
-13.840261 18.672312 1.442513 0.030002 0.024876 2.122861 676.239990
-13.860325 18.876259 1.450148 0.041516 0.001491 2.088918 676.429993
-13.867639 19.078726 1.458999 0.039295 -0.017703 2.052178 676.619995
-13.859189 19.283375 1.468979 0.031548 -0.023854 2.012530 676.820007
-13.834874 19.485558 1.480156 0.029947 -0.007005 1.971007 677.030029
-13.797268 19.687805 1.491651 0.003289 -0.014341 1.927750 677.250000
-13.757275 19.891611 1.494569 -0.061665 0.007613 1.885531 677.489990
-13.751665 20.093811 1.477269 -0.089060 0.028620 1.851381 677.750000
-13.802143 20.284893 1.439291 -0.071736 0.019416 1.834312 678.010010
-13.891646 20.458660 1.395657 -0.037360 0.026355 1.830676 678.260010
-13.997696 20.625006 1.362053 -0.013458 0.044774 1.839006 678.500000
-14.107236 20.795708 1.343367 -0.001193 0.049801 1.856903 678.729980
-14.213966 20.972761 1.338304 0.004524 0.043651 1.880504 678.950012
-14.314380 21.151081 1.342940 0.005758 0.009878 1.906769 679.159973
-14.414965 21.333879 1.354721 -0.024286 -0.007675 1.937483 679.380005
-14.525055 21.508066 1.372550 -0.054002 0.003298 1.972311 679.609985
-14.654303 21.663979 1.393849 -0.060187 0.014227 2.009291 679.840027
-14.806682 21.805185 1.416513 -0.048741 0.019050 2.047925 680.070007
-14.969044 21.930487 1.436298 -0.027974 0.016309 2.085555 680.289978
-15.138597 22.050028 1.451017 -0.013322 0.026895 2.122657 680.510010
-15.302846 22.164415 1.459259 -0.000765 0.017033 2.157705 680.719971
-15.471463 22.284817 1.461659 0.004353 0.016333 2.193366 680.940002
-15.634780 22.406578 1.458771 0.003505 0.028965 2.228032 681.159973
-15.793893 22.534081 1.453755 0.056800 0.009151 2.259325 681.380005
-15.936478 22.688936 1.450723 0.125034 -0.023857 2.283511 681.619995
-16.014692 22.876366 1.451855 0.119257 -0.042715 2.297026 681.869995
-16.018875 23.082956 1.457914 0.097322 -0.028732 2.301848 682.119995
-15.973579 23.285467 1.468128 0.070029 -0.009321 2.295809 682.349976
-15.908300 23.477602 1.479824 0.018312 0.009186 2.281586 682.559998
-15.843617 23.669010 1.489784 -0.041309 0.051839 2.259543 682.770020
-15.807096 23.866096 1.495650 -0.066949 0.078338 2.229926 682.989990
-15.818703 24.071424 1.495070 -0.063101 0.076385 2.195648 683.219971
-15.873219 24.269209 1.489122 -0.034446 0.058800 2.160086 683.440002
-15.948976 24.461201 1.482548 0.003488 0.036753 2.123318 683.650024
-16.024900 24.648247 1.478517 0.026054 0.022520 2.086218 683.849976
-16.093290 24.839008 1.477894 0.034979 0.016546 2.048438 684.049988
-16.149721 25.032675 1.480888 0.033885 0.014556 2.010686 684.250000
-16.195871 25.236145 1.486497 0.017786 -0.029876 1.971100 684.460022
-16.230312 25.435791 1.493115 -0.005701 -0.098868 1.932035 684.690002
-16.253094 25.636475 1.501541 -0.027880 -0.158535 1.883334 685.070007
-16.179949 25.441713 1.501248 0.009400 -0.130414 1.870563 685.710022
-16.112328 25.248758 1.494888 0.003598 -0.086117 1.885707 685.929993
-16.045105 25.059055 1.488608 0.000267 -0.053538 1.903530 686.119995
-15.977947 24.870697 1.483336 0.012092 -0.027229 1.921696 686.299988
-15.907022 24.683279 1.480041 0.026584 -0.012342 1.939128 686.479980
-15.825609 24.493185 1.479409 0.033003 -0.004433 1.954734 686.669983
-15.731775 24.305031 1.481915 0.031840 -0.004507 1.966178 686.869995
-15.630230 24.128443 1.487494 0.027000 -0.013044 1.971351 687.070007
-15.517248 23.952337 1.495720 0.012679 0.008867 1.970763 687.280029
-15.399964 23.782284 1.504949 0.014458 0.008815 1.962519 687.500000
-15.278316 23.619759 1.513699 0.021160 -0.012821 1.946166 687.729980
-15.146571 23.458212 1.521157 0.015198 -0.014955 1.922570 687.969971
-15.010876 23.300335 1.526526 0.016587 -0.027941 1.892749 688.210022
-14.875909 23.147041 1.529950 0.009616 -0.021897 1.860110 688.440002
-14.739514 22.992737 1.531969 0.021885 -0.006410 1.824283 688.669983
-14.597947 22.847431 1.533850 0.060163 0.024770 1.787034 688.900024
-14.437690 22.727470 1.536314 0.067305 0.039873 1.748883 689.130005
-14.256313 22.638969 1.539219 0.056560 0.037282 1.709632 689.359985
-14.059049 22.576864 1.539393 0.045418 0.013476 1.669717 689.590027
-13.859926 22.529022 1.530688 0.031641 -0.013631 1.632202 689.809998
-13.665863 22.481491 1.512334 0.009326 -0.022324 1.597684 690.020020
-13.468432 22.424295 1.484589 -0.017006 -0.038564 1.563174 690.239990
-13.280634 22.347569 1.450931 -0.026137 -0.076912 1.529194 690.469971
-13.110761 22.232914 1.414829 -0.029101 -0.075193 1.493751 690.710022
-12.968406 22.084698 1.380556 -0.013970 -0.062732 1.459257 690.950012
-12.850206 21.918886 1.350604 0.002730 -0.046944 1.427436 691.179993
-12.746849 21.747463 1.328493 -0.018903 -0.021311 1.398262 691.400024
-12.655351 21.566690 1.320701 -0.025095 -0.035552 1.368776 691.630005
-12.582295 21.371960 1.332489 -0.018462 -0.045341 1.337873 691.869995
-12.530390 21.176630 1.359094 0.008074 -0.003500 1.307037 692.099976
-12.473058 20.981546 1.392502 0.068067 0.062630 1.276501 692.340027
-12.370173 20.811659 1.425336 0.091391 0.084082 1.244242 692.590027
-12.215551 20.684822 1.449765 0.079391 0.071963 1.210453 692.830017
-12.033942 20.593534 1.464933 0.047990 0.048377 1.178453 693.049988
-11.841666 20.521965 1.473220 0.024787 0.024925 1.148283 693.260010
-11.644501 20.459007 1.474390 0.020768 0.005416 1.118140 693.469971
-11.447797 20.397490 1.468106 0.017246 -0.007196 1.087711 693.679993
-11.258038 20.334167 1.456372 -0.047024 -0.020543 1.058220 693.890015
-11.067113 20.264280 1.439306 -0.107131 -0.027262 1.025274 694.150024
-10.875154 20.201500 1.426939 0.099558 0.066409 0.963520 694.989990
-10.676637 20.193596 1.463527 0.088383 0.056905 0.941829 695.380005
-10.476926 20.184504 1.498625 0.059377 0.037871 0.924524 695.630005
-10.274381 20.174173 1.533263 0.037073 0.024219 0.907387 695.849976
-10.071042 20.163132 1.568429 0.027748 0.019342 0.888873 696.059998
-9.873084 20.152239 1.602172 0.016354 0.022857 0.868897 696.260010
-9.673984 20.145437 1.631365 -0.014173 0.043641 0.846359 696.460022
-9.467232 20.155312 1.652874 -0.036117 0.053941 0.820211 696.669983
-9.266776 20.190025 1.663624 -0.044223 0.037263 0.793287 696.880005
-9.068655 20.250025 1.663981 -0.034525 0.033734 0.762925 697.099976
-8.880088 20.328802 1.655480 -0.017372 0.036195 0.730931 697.320007
-8.694345 20.420439 1.640932 -0.002497 0.033566 0.697900 697.539978
-8.509247 20.515142 1.622419 0.038285 -0.053217 0.663889 697.760010
-8.315944 20.578907 1.596945 0.097778 -0.168767 0.617150 698.020020
-8.147669 20.474148 1.552847 0.100231 -0.162385 0.558784 698.390015
-8.103966 20.281557 1.518622 0.069951 -0.102917 0.524187 698.640015
-8.094919 20.075121 1.489841 0.036331 -0.050615 0.494601 698.849976
-8.097370 19.875504 1.466155 0.024447 -0.013838 0.467135 699.039978
-8.100353 19.674534 1.446551 0.023686 0.010816 0.439783 699.229980
-8.096115 19.465996 1.430767 0.024869 0.021583 0.411218 699.429993
-8.080897 19.261734 1.419579 0.024355 0.021963 0.382798 699.630005
-8.055000 19.062510 1.412502 -0.000447 0.039345 0.354584 699.830017
-8.009353 18.861280 1.408448 -0.026376 0.099270 0.321897 700.049988
-7.917552 18.682085 1.406325 -0.032508 0.119164 0.286453 700.289978
-7.768051 18.543198 1.404478 -0.028011 0.094409 0.251395 700.539978
-7.584584 18.445415 1.402717 -0.007143 0.073846 0.217377 700.780029
-7.391923 18.371752 1.403545 0.019155 0.031985 0.186110 701.000000
-7.201481 18.299532 1.413060 0.047979 -0.005328 0.155263 701.210022
-7.019034 18.210920 1.433390 0.050949 -0.028280 0.123965 701.419983
-6.847364 18.098818 1.462165 0.034094 -0.036752 0.092248 701.640015
-6.691921 17.968554 1.489207 0.033440 -0.009929 0.060794 701.869995
-6.548831 17.828337 1.505388 0.026196 0.008441 0.029288 702.099976
-6.409317 17.682924 1.508676 0.010521 0.006109 -0.002216 702.330017
-6.268306 17.532024 1.501508 0.026916 0.004705 -0.034175 702.570007
-6.132885 17.374968 1.488378 0.043589 0.009039 -0.065996 702.809998
-6.007018 17.210659 1.473624 0.044530 0.012129 -0.096842 703.039978
-5.889081 17.040226 1.459607 0.039488 0.015906 -0.126747 703.260010
-5.777572 16.867994 1.447300 0.029691 0.016928 -0.155842 703.469971
-5.666381 16.690720 1.436295 0.019390 0.018496 -0.185324 703.679993
-5.559798 16.520880 1.427052 0.012327 0.018669 -0.213782 703.880005
-5.447301 16.345028 1.418496 -0.001934 0.005959 -0.242719 704.090027
-5.331660 16.171175 1.412792 -0.037226 0.013375 -0.269411 704.309998
-5.204475 16.014864 1.415385 -0.069802 0.042651 -0.292541 704.539978
-5.046776 15.889668 1.429157 -0.071014 0.053753 -0.308407 704.780029
-4.866535 15.802992 1.452015 -0.053928 0.050133 -0.316242 705.010010
-4.673479 15.741975 1.479306 -0.031732 0.004416 -0.317257 705.229980
-4.477237 15.696315 1.506655 -0.009146 -0.080637 -0.314472 705.460022
-4.279525 15.662960 1.535581 0.013924 -0.127714 -0.308911 705.789978
-4.154774 15.505445 1.559470 0.087308 0.079669 -0.319963 706.690002
-4.081673 15.317600 1.562033 0.065068 0.072884 -0.345589 706.969971
-4.003302 15.132688 1.563932 0.043144 0.055441 -0.371764 707.190002
-3.920863 14.947948 1.565865 0.027632 0.040548 -0.398763 707.390015
-3.836706 14.765787 1.567993 0.010065 0.018798 -0.426859 707.580017
-3.747343 14.576464 1.570327 -0.004420 -0.002108 -0.457748 707.780029
-3.657522 14.388223 1.574028 0.000726 0.000899 -0.491477 707.989990
-3.567847 14.200123 1.580274 0.008556 0.007013 -0.527806 708.210022
-3.482321 14.017456 1.588780 0.007514 0.002941 -0.564318 708.429993
-3.397669 13.831399 1.600074 0.016151 0.020274 -0.602087 708.659973
-3.313987 13.643190 1.613520 0.019381 0.029163 -0.639453 708.890015
-3.232631 13.457218 1.627725 0.018188 0.031566 -0.674729 709.109985
-3.153066 13.273989 1.640533 0.013590 0.031250 -0.707855 709.320007
-3.071055 13.086657 1.650328 0.009701 0.031862 -0.740391 709.530029
-2.986390 12.897165 1.656185 0.001866 0.014354 -0.772295 709.739990
-2.901657 12.711308 1.657934 0.000439 0.012857 -0.803277 709.950012
-2.813227 12.521466 1.656034 0.003327 0.021842 -0.835012 710.169983
-2.723715 12.332775 1.651453 0.005939 0.027259 -0.864941 710.390015
-2.636867 12.151123 1.645497 0.006694 0.028242 -0.890281 710.599976
-2.548878 11.967985 1.636310 -0.004682 0.022228 -0.911556 710.809998
-2.457807 11.787489 1.618966 -0.019139 0.021669 -0.928246 711.020020
-2.360246 11.613779 1.592886 -0.023581 -0.011907 -0.939572 711.229980
-2.254887 11.446390 1.561122 -0.018170 -0.086060 -0.946379 711.460022
-2.139212 11.286096 1.526546 -0.032041 -0.207516 -0.950656 711.849976
-2.166179 11.488599 1.505076 -0.059635 -0.134508 -0.943045 712.380005
-2.207400 11.692813 1.497288 -0.035473 -0.075527 -0.931802 712.599976
-2.247819 11.892989 1.492167 -0.017494 -0.031567 -0.917065 712.789978
-2.288449 12.097537 1.488698 -0.012112 -0.013500 -0.898131 712.979980
-2.327026 12.299452 1.486479 -0.005136 -0.000097 -0.876295 713.169983
-2.364387 12.503519 1.484948 0.007574 0.013832 -0.850813 713.369995
-2.400998 12.701967 1.485005 0.017988 0.001229 -0.822199 713.580017
-2.445275 12.902713 1.488304 0.016473 -0.024422 -0.789065 713.809998
-2.503668 13.102284 1.495493 0.015691 -0.024522 -0.752591 714.049988
-2.574696 13.294811 1.505925 0.000920 -0.035039 -0.715406 714.289978
-2.652802 13.479781 1.518155 -0.003170 -0.026168 -0.679560 714.520020
-2.736504 13.665028 1.530434 0.000798 -0.026775 -0.643946 714.750000
-2.827702 13.847829 1.537331 0.020630 -0.044082 -0.608708 714.979980
-2.937142 14.025226 1.534802 0.028480 -0.050881 -0.573340 715.210022
-3.062971 14.188177 1.522888 0.023802 -0.047841 -0.539338 715.429993
-3.199459 14.337716 1.504091 0.014396 -0.034311 -0.506947 715.640015
-3.344067 14.482133 1.482999 -0.012911 -0.012293 -0.475094 715.849976
-3.484218 14.627071 1.466038 -0.041804 -0.002813 -0.444232 716.059998
-3.616750 14.787900 1.455907 -0.041073 0.010912 -0.413359 716.280029
-3.730777 14.956829 1.454284 -0.040320 0.006288 -0.382443 716.500000
-3.829354 15.133542 1.460555 -0.033232 -0.000868 -0.351904 716.719971
-3.917572 15.314239 1.471286 0.014638 0.001219 -0.323707 716.940002
-4.013833 15.492458 1.479764 0.085023 -0.043410 -0.300414 717.179993
-4.157626 15.638731 1.477508 0.104388 -0.071926 -0.283518 717.450012
-4.348261 15.721370 1.461521 0.063591 -0.065591 -0.270954 717.710022
-4.550157 15.767035 1.444032 -0.000891 -0.047115 -0.262182 717.940002
-4.745752 15.810765 1.431725 -0.033063 -0.022463 -0.255637 718.150024
-4.938174 15.867954 1.425186 -0.044154 -0.008720 -0.248133 718.359985
-5.129391 15.945402 1.425029 -0.045908 -0.016213 -0.237001 718.580017
-5.312082 16.040379 1.430603 -0.026197 -0.005526 -0.223659 718.799988
-5.486664 16.142912 1.439492 0.004122 -0.018739 -0.206357 719.020020
-5.661093 16.240593 1.449982 0.022847 -0.031033 -0.185479 719.239990
-5.849570 16.329182 1.460721 0.027866 -0.016810 -0.159631 719.469971
-6.037856 16.403011 1.468449 -0.019060 0.003338 -0.130898 719.700012
-6.221105 16.486065 1.471211 -0.071152 0.012660 -0.099508 719.940002
-6.390673 16.606194 1.467688 -0.084084 0.009271 -0.064808 720.190002
-6.530563 16.753286 1.460046 -0.072682 0.000763 -0.031167 720.419983
-6.655904 16.920856 1.451861 -0.054203 -0.007685 0.002049 720.640015
-6.767116 17.087755 1.445479 -0.035512 -0.011121 0.032723 720.840027
-6.877918 17.260780 1.440958 -0.025421 -0.014592 0.063991 721.039978
-6.989600 17.435085 1.438501 -0.013247 -0.012924 0.095502 721.239990
-7.100375 17.604298 1.437403 0.042358 0.012884 0.126816 721.440002
-7.215987 17.775154 1.436933 0.102201 0.043439 0.163728 721.679993
-7.337860 17.933836 1.437699 -0.001993 -0.077342 0.220283 722.380005
-7.538992 17.929941 1.439507 -0.042035 -0.106379 0.247395 722.909973
-7.740156 17.939703 1.440092 -0.034868 -0.079453 0.261616 723.169983
-7.944876 17.953148 1.440766 -0.003376 -0.056175 0.276595 723.390015
-8.154846 17.960413 1.443347 0.024318 -0.043695 0.294416 723.599976
-8.358799 17.953516 1.448041 0.035807 -0.020100 0.314679 723.799988
-8.566976 17.930162 1.454921 0.032797 -0.013510 0.337814 724.010010
-8.766203 17.893003 1.463691 0.021991 -0.020793 0.362716 724.219971
-8.969142 17.844164 1.473818 -0.004445 -0.011992 0.391150 724.440002
-9.168080 17.797831 1.482944 -0.041260 -0.007077 0.420937 724.659973
-9.367569 17.768990 1.489915 -0.058258 -0.009928 0.451948 724.880005
-9.572279 17.763103 1.494281 -0.056487 -0.013237 0.483929 725.099976
-9.773956 17.776413 1.496014 -0.044842 -0.014217 0.515161 725.309998
-9.980323 17.802565 1.495937 -0.029482 -0.008749 0.546818 725.520020
-10.186191 17.837070 1.496185 -0.029618 0.009462 0.578759 725.729980
-10.385913 17.882494 1.498774 -0.036589 0.016924 0.611131 725.940002
-10.579240 17.942305 1.504614 -0.039041 0.013250 0.643809 726.150024
-10.768291 18.014116 1.510909 -0.006538 -0.015117 0.676564 726.359985
-10.963938 18.083008 1.511612 0.030110 -0.059960 0.709604 726.580017
-11.160577 18.121843 1.503168 0.049494 -0.064494 0.743071 726.799988
-11.362979 18.122532 1.483933 0.041694 -0.058680 0.777918 727.030029
-11.561330 18.088442 1.455152 0.020513 -0.050391 0.811962 727.260010
-11.757223 18.032133 1.422410 -0.003220 -0.002464 0.845683 727.489990
-11.954514 17.977463 1.393932 -0.056310 0.029783 0.878850 727.729980
-12.153872 17.956709 1.376913 -0.076268 0.035278 0.911506 727.969971
-12.353701 17.975746 1.371414 -0.059340 0.023708 0.943263 728.200012
-12.551807 18.018669 1.374215 -0.041402 -0.005177 0.974107 728.419983
-12.747582 18.066519 1.382358 -0.028175 -0.023997 1.003101 728.630005
-12.949356 18.110308 1.393815 -0.021088 -0.031912 1.032109 728.840027
-13.155816 18.145243 1.406818 -0.016930 -0.030800 1.061471 729.049988
-13.354548 18.169886 1.418746 -0.013004 -0.019333 1.089812 729.250000
-13.562083 18.190220 1.428899 -0.019463 -0.006868 1.120012 729.460022
-13.767859 18.210245 1.435783 -0.011354 0.003059 1.150365 729.669983
-13.967953 18.232382 1.439208 -0.010632 0.006870 1.180800 729.880005
-14.171040 18.259092 1.439601 -0.023894 0.004652 1.212818 730.099976
-14.371135 18.289455 1.437547 0.012588 -0.010446 1.244024 730.320007
-14.574492 18.310120 1.433891 0.043665 -0.080237 1.274675 730.559998
-14.778271 18.275175 1.429004 0.048395 -0.101771 1.310486 730.830017
-14.950036 18.172567 1.423674 0.028853 -0.087243 1.346192 731.090027
-15.094150 18.031662 1.419320 -0.004312 -0.042374 1.379237 731.330017
-15.238071 17.878904 1.418323 -0.056586 0.051864 1.410345 731.570007
-15.406910 17.761858 1.423872 -0.072034 0.094661 1.442373 731.820007
-15.601053 17.711340 1.434624 -0.063358 0.089530 1.477283 732.070007
-15.807261 17.718540 1.448347 -0.037566 0.061709 1.512038 732.309998
-16.008549 17.757509 1.460894 0.051380 0.018767 1.542534 732.539978
-16.208780 17.815237 1.473153 0.107293 -0.016195 1.574129 732.830017
-16.399544 17.753611 1.501456 -0.080083 -0.092118 1.639332 733.849976
-16.508698 17.586546 1.516934 -0.071935 -0.069457 1.654061 734.140015
-16.627846 17.418341 1.531704 -0.054943 -0.047833 1.668448 734.369995
-16.747332 17.256956 1.545904 -0.040455 -0.032307 1.683973 734.570007
-16.868887 17.097303 1.560018 -0.025517 -0.018346 1.701322 734.760010
-16.992964 16.937387 1.573892 -0.010288 -0.002643 1.720995 734.950012
-17.121738 16.774712 1.587463 -0.011487 0.000432 1.744218 735.150024
-17.248814 16.618912 1.599728 -0.008585 0.002225 1.769368 735.349976
-17.379444 16.463322 1.610944 -0.003600 0.003506 1.797363 735.559998
-17.511982 16.309019 1.621104 -0.016376 -0.006596 1.828396 735.780029
-17.649309 16.151817 1.630675 -0.010665 -0.006480 1.861859 736.010010
-17.784370 15.997628 1.639291 -0.015563 -0.007635 1.896174 736.239990
-17.919033 15.847477 1.642800 -0.024835 0.031245 1.930955 736.469971
-18.070278 15.709610 1.633764 -0.040981 0.066301 1.967664 736.710022
-18.244335 15.602686 1.610417 -0.025338 0.063490 2.005187 736.950012
-18.434984 15.525550 1.576367 -0.015480 0.018210 2.042165 737.190002
-18.627296 15.456302 1.542368 -0.023347 -0.050642 2.078278 737.429993
-18.806774 15.362530 1.515970 -0.013239 -0.071098 2.113286 737.669983
-18.963625 15.236387 1.499304 -0.019577 -0.065540 2.147141 737.909973
-19.101322 15.080907 1.492262 -0.026233 -0.048923 2.180249 738.150024
-19.221153 14.911018 1.492658 -0.011382 -0.049738 2.211452 738.380005
-19.320463 14.734378 1.497580 -0.011679 -0.055513 2.241031 738.599976
-19.403168 14.543557 1.504948 -0.014126 -0.049887 2.270573 738.820007
-19.469004 14.350172 1.512853 -0.016813 -0.038777 2.298961 739.030029
-19.526014 14.149333 1.520735 -0.018741 -0.026537 2.327651 739.239990
-19.575796 13.954492 1.527717 -0.018919 -0.016353 2.355337 739.440002
-19.623743 13.759319 1.533349 -0.013339 -0.009339 2.383318 739.640015
-19.672661 13.557140 1.536556 -0.014749 -0.010377 2.413054 739.849976
-19.720036 13.357413 1.536537 -0.009235 -0.008262 2.442938 740.059998
-19.765020 13.162121 1.533505 -0.006121 -0.006059 2.472785 740.270020
-19.809521 12.963381 1.527531 -0.018833 -0.009781 2.504198 740.489990
-19.853264 12.765074 1.519487 -0.029615 -0.012355 2.535899 740.710022
-19.898058 12.563073 1.511914 -0.030797 -0.003208 2.567670 740.929993
-19.944706 12.367750 1.507543 -0.033070 0.004686 2.598331 741.140015
-19.997503 12.171795 1.506852 -0.016667 0.009548 2.629049 741.349976
-20.057833 11.971409 1.509841 -0.017990 0.008883 2.661296 741.570007
-20.122561 11.775624 1.516257 -0.015416 0.005876 2.693459 741.789978
-20.191229 11.579543 1.524179 0.056829 0.006092 2.725648 742.020020
-20.259758 11.388242 1.533788 0.146060 0.004373 2.760686 742.309998
-20.060047 11.377309 1.562723 0.046979 -0.110711 2.753290 743.080017
-19.854822 11.414924 1.576937 0.029247 -0.069922 2.737990 743.320007
-19.649170 11.445994 1.590787 0.011103 -0.026699 2.718048 743.530029
-19.450071 11.474530 1.603032 0.020070 -0.001525 2.694022 743.729980
-19.246338 11.510150 1.612407 0.034900 0.007388 2.665054 743.940002
-19.049006 11.557636 1.617161 0.026805 0.014986 2.633555 744.150024
-18.851694 11.618834 1.617060 0.026504 0.009057 2.598011 744.369995
-18.661583 11.689362 1.612604 0.024555 0.000342 2.560947 744.590027
-18.475883 11.765563 1.605284 0.013752 0.006198 2.523481 744.809998
-18.291073 11.850645 1.597080 0.030515 0.044183 2.483973 745.039978
-18.116917 11.961826 1.590192 0.042177 0.067107 2.442825 745.280029
-17.970989 12.100783 1.585856 0.043533 0.063276 2.403168 745.510010
-17.846943 12.261892 1.583858 0.037751 0.047682 2.365508 745.729980
-17.738344 12.433270 1.583399 0.008363 0.024143 2.330556 745.940002
-17.639238 12.607269 1.582632 -0.000431 0.013849 2.297290 746.150024
-17.544464 12.785803 1.579448 0.014441 0.014450 2.263487 746.369995
-17.453735 12.963950 1.573196 0.018758 -0.005548 2.230596 746.590027
-17.352791 13.141451 1.565122 0.023297 -0.083477 2.197131 746.820007
-17.217775 13.288819 1.556882 0.029747 -0.121710 2.163350 747.059998
-17.040449 13.383144 1.549083 0.033527 -0.111409 2.130779 747.299988
-16.844618 13.428165 1.542528 0.030934 -0.080164 2.101587 747.520020
-16.637909 13.445726 1.536960 0.024664 -0.044352 2.073748 747.729980
-16.433216 13.451018 1.531586 0.023814 -0.009856 2.046972 747.929993
-16.227797 13.456590 1.525378 0.026264 0.012086 2.019872 748.130005
-16.025665 13.469763 1.518059 0.008338 0.023614 1.992647 748.330017
-15.823146 13.493263 1.508797 0.016176 0.022428 1.963736 748.539978
-15.618632 13.528510 1.497467 0.025382 0.014885 1.933110 748.760010
-15.417073 13.572324 1.485378 0.014389 0.013433 1.902336 748.979980
-15.220638 13.622823 1.474887 0.020982 0.023635 1.871295 749.200012
-15.028259 13.683691 1.467268 0.020036 0.024692 1.839954 749.419983
-14.839980 13.754715 1.462725 0.013913 0.019426 1.808575 749.640015
-14.647951 13.836524 1.461128 0.026628 0.016959 1.775647 749.869995
-14.464540 13.920471 1.461934 0.015132 0.007963 1.744077 750.090027
-14.275423 14.009218 1.464318 0.012991 -0.001042 1.711484 750.320007
-14.089025 14.092686 1.468565 0.025200 -0.028178 1.679388 750.549988
-13.898490 14.159524 1.475215 0.034784 -0.041065 1.647419 750.780029
-13.700248 14.203941 1.483616 0.025651 -0.037293 1.616066 751.010010
-13.497725 14.228118 1.493464 0.034457 -0.024091 1.585063 751.239990
-13.289657 14.239091 1.503202 0.026082 -0.007417 1.554146 751.469971
-13.088094 14.245317 1.509367 0.030463 0.011232 1.524437 751.690002
-12.882743 14.255322 1.510922 0.030947 0.020076 1.494295 751.909973
-12.682597 14.271709 1.507872 0.029572 0.021669 1.465032 752.119995
-12.478971 14.294882 1.500988 0.022818 0.017822 1.435265 752.330017
-12.277339 14.322511 1.491415 -0.041168 -0.008373 1.406407 752.539978
-12.074742 14.352686 1.479406 -0.102796 -0.034281 1.376564 752.789978
-11.876773 14.375105 1.460890 0.093613 -0.019114 1.316962 753.559998
-11.689668 14.295833 1.469103 0.127191 -0.003905 1.294444 754.030029
-11.494917 14.222770 1.476937 0.081375 0.000768 1.279073 754.280029
-11.302289 14.153608 1.483855 0.042196 0.002604 1.263490 754.489990
-11.111405 14.086290 1.490382 0.013580 -0.011715 1.246375 754.690002
-10.915967 14.011864 1.497124 0.010601 -0.035937 1.226315 754.900024
-10.730920 13.925921 1.503721 0.001355 -0.042221 1.203947 755.109985
-10.552499 13.822559 1.510079 0.001644 -0.037111 1.178276 755.330017
-10.388415 13.708114 1.516122 0.020460 -0.029573 1.150460 755.549988
-10.229891 13.583265 1.522226 0.031611 -0.020368 1.120783 755.770020
-10.070718 13.450377 1.528128 0.030551 0.000112 1.089591 755.989990
-9.914396 13.324255 1.532366 0.027181 0.037205 1.058520 756.200012
-9.748188 13.211628 1.534678 0.022196 0.055941 1.025869 756.409973
-9.562409 13.115483 1.534502 0.005266 0.050220 0.990812 756.630005
-9.370399 13.041705 1.531953 0.013490 0.043332 0.955539 756.849976
-9.172050 12.984732 1.527794 -0.000710 0.044656 0.921124 757.070007
-8.972675 12.950021 1.522394 -0.071159 0.076923 0.889730 757.289978
-8.769852 12.968185 1.514749 -0.108569 0.083978 0.864777 757.530029
-8.586735 13.061555 1.504147 -0.097400 0.060387 0.852610 757.780029
-8.438776 13.207668 1.492280 -0.065971 0.054485 0.848624 758.020020
-8.317641 13.375026 1.481216 -0.024950 0.027148 0.852064 758.239990
-8.206831 13.541711 1.472991 0.058576 -0.007184 0.856786 758.450012
-8.072186 13.694400 1.469863 0.112157 -0.019204 0.859631 758.679993
-7.895072 13.801966 1.472785 0.102546 -0.026829 0.858812 758.929993
-7.699532 13.850801 1.480981 0.085945 -0.007304 0.855688 759.169983
-7.492216 13.863894 1.491948 0.028784 0.021439 0.847783 759.400024
-7.287170 13.874335 1.502755 -0.040142 0.056354 0.835690 759.619995
-7.088680 13.913930 1.512286 -0.071179 0.053962 0.822764 759.840027
-6.898671 13.995839 1.519293 -0.070232 0.047846 0.809065 760.070007
-6.727329 14.114656 1.523082 -0.051366 0.041340 0.795811 760.299988
-6.576754 14.251951 1.523550 -0.019362 0.003168 0.784999 760.520020
-6.430491 14.395946 1.519271 0.041010 0.000945 0.771386 760.750000
-6.271015 14.523850 1.509107 0.069068 0.003936 0.754299 760.989990
-6.094336 14.619676 1.493800 0.064030 0.005829 0.734290 761.229980
-5.901772 14.686986 1.474778 0.044123 0.016154 0.711922 761.469971
-5.705864 14.736905 1.458902 0.010062 0.032273 0.687817 761.700012
-5.504283 14.789940 1.450338 -0.011751 0.034030 0.661237 761.929993
-5.306675 14.853079 1.447890 -0.029262 -0.041618 0.635581 762.159973
-5.116296 14.923826 1.449990 -0.037427 -0.115071 0.606918 762.440002
-5.178895 15.117519 1.476879 -0.125488 0.001021 0.577570 763.260010
-5.317204 15.273684 1.490489 -0.086808 0.002013 0.599650 763.510010
-5.449368 15.432114 1.502424 -0.042877 0.002115 0.625381 763.719971
-5.579014 15.590500 1.513876 -0.021860 -0.005937 0.654704 763.919983
-5.710181 15.747071 1.525387 -0.018911 -0.024434 0.687562 764.119995
-5.846703 15.896104 1.536560 -0.008137 -0.032564 0.722856 764.320007
-5.995227 16.039011 1.547528 0.001125 -0.029994 0.761421 764.530029
-6.153033 16.172312 1.558251 -0.012435 -0.022737 0.802638 764.750000
-6.313623 16.294897 1.566587 -0.017216 -0.009727 0.843792 764.969971
-6.474963 16.413460 1.565663 -0.025276 0.007902 0.884375 765.190002
-6.634752 16.535549 1.552071 -0.019991 0.015698 0.924082 765.409973
-6.789667 16.662081 1.527531 -0.008709 -0.002273 0.962203 765.630005
-6.948983 16.787298 1.498018 -0.010984 -0.062067 0.999850 765.859985
-7.128283 16.886787 1.471260 -0.005814 -0.085838 1.037279 766.099976
-7.323917 16.942675 1.452070 -0.004151 -0.074571 1.072703 766.340027
-7.531079 16.960573 1.441831 -0.020992 -0.057478 1.106532 766.580017
-7.731990 16.955294 1.439433 -0.026208 -0.023931 1.136339 766.799988
-7.937223 16.947746 1.440591 -0.024029 0.064663 1.165452 767.020020
-8.139475 16.973309 1.442738 -0.020146 0.120356 1.197163 767.250000
-8.326386 17.060802 1.442909 -0.013936 0.120006 1.231581 767.489990
-8.481313 17.199333 1.440897 0.008576 0.090665 1.264677 767.719971
-8.605508 17.365719 1.439649 0.012385 0.073866 1.296304 767.940002
-8.704486 17.546143 1.440363 0.006681 0.055972 1.326728 768.150024
-8.786246 17.730654 1.443089 0.000491 0.037662 1.355957 768.349976
-8.860930 17.921076 1.447865 -0.007674 0.027409 1.385541 768.549988
-8.932972 18.113575 1.454244 -0.013147 0.015955 1.415381 768.750000
-9.006259 18.303640 1.459746 -0.031969 -0.005562 1.445354 768.950012
-9.092881 18.493385 1.461598 -0.052213 -0.018283 1.477138 769.159973
-9.196592 18.668201 1.458024 -0.045303 -0.028666 1.509245 769.369995
-9.321030 18.831711 1.448436 -0.039423 -0.018801 1.541679 769.590027
-9.457040 18.978981 1.434987 -0.023376 0.002151 1.573386 769.809998
-9.602847 19.126474 1.422985 0.002508 0.030874 1.606260 770.039978
-9.740789 19.281250 1.417617 0.016939 0.038870 1.638731 770.270020
-9.864495 19.447763 1.419709 0.019629 0.034998 1.670382 770.500000
-9.973809 19.624443 1.428960 0.011247 0.038603 1.701871 770.729980
-10.069367 19.802267 1.442667 0.007300 0.018615 1.731355 770.950012
-10.162756 19.987904 1.457732 -0.015924 0.001890 1.761731 771.179993
-10.259788 20.164171 1.468611 -0.047337 0.008343 1.792095 771.409973
-10.374753 20.330147 1.472746 -0.056552 0.015579 1.821767 771.640015
-10.512178 20.487860 1.469617 -0.049712 0.020741 1.847139 771.869995
-10.661242 20.633610 1.461016 -0.021224 0.015130 1.864931 772.090027
-10.812769 20.777201 1.450428 0.043299 0.024649 1.874464 772.309998
-10.942055 20.930080 1.441514 0.078491 0.035069 1.874744 772.530029
-11.038934 21.107861 1.435166 0.077108 0.021669 1.863922 772.760010
-11.099040 21.307528 1.432080 0.056919 0.031694 1.846029 773.000000
-11.129103 21.510799 1.432324 0.031293 -0.000088 1.820922 773.229980
-11.142121 21.712786 1.433817 0.003836 -0.080005 1.791363 773.469971
-11.141097 21.913704 1.436885 -0.021706 -0.126325 1.751458 773.830017
-11.193382 22.108404 1.463604 -0.041191 0.128861 1.743072 774.669983
-11.283291 22.293680 1.486301 -0.026726 0.093854 1.773505 774.950012
-11.373951 22.476900 1.505422 -0.009493 0.045632 1.804457 775.169983
-11.465383 22.662848 1.523429 0.001334 0.033336 1.836198 775.380005
-11.551507 22.844292 1.539318 0.005260 0.020948 1.867053 775.580017
-11.638057 23.034325 1.553833 0.005746 0.006722 1.898370 775.789978
-11.719391 23.219421 1.566341 0.003832 0.017721 1.927210 776.000000
-11.801416 23.411081 1.577374 -0.005196 0.015356 1.953723 776.219971
-11.885043 23.598682 1.585010 -0.031970 0.017481 1.977432 776.440002
-11.980616 23.778677 1.588649 -0.044045 0.018655 2.000019 776.659973
-12.092217 23.948437 1.588456 -0.037659 0.006339 2.022516 776.880005
-12.221389 24.112608 1.584853 -0.029696 0.019253 2.044990 777.109985
-12.354384 24.262190 1.579206 -0.016863 0.004601 2.067513 777.330017
-12.495939 24.407251 1.572350 -0.041629 -0.014459 2.091427 777.559998
-12.651839 24.533335 1.565391 -0.071664 -0.007137 2.117277 777.799988
-12.829883 24.629349 1.559165 -0.074439 0.005243 2.144847 778.039978
-13.024258 24.697865 1.554106 -0.058957 0.013297 2.173460 778.270020
-13.226101 24.748957 1.550002 -0.029330 0.003242 2.202951 778.489990
-13.430930 24.790367 1.546607 -0.024186 0.001222 2.232773 778.710022
-13.634861 24.823196 1.543774 -0.029833 0.006250 2.263253 778.929993
-13.839548 24.847733 1.541337 -0.018943 -0.001483 2.294729 779.150024
-14.041261 24.864964 1.539066 -0.020667 0.008756 2.326174 779.369995
-14.242361 24.877653 1.536948 -0.017214 0.012746 2.357960 779.590027
-14.442344 24.889261 1.534200 0.016269 0.020569 2.389484 779.809998
-14.643277 24.914278 1.528426 0.048682 0.048317 2.422008 780.039978
-14.835087 24.970308 1.518761 0.055192 0.041309 2.451176 780.270020
-15.015918 25.057770 1.505097 0.044523 0.039558 2.477478 780.500000
-15.188754 25.169939 1.488212 0.027816 0.017740 2.499098 780.729980
-15.348481 25.290913 1.470766 0.012066 -0.065433 2.515100 780.960022
-15.503521 25.421131 1.454852 -0.020704 -0.175859 2.532463 781.280029
-15.404251 25.243763 1.476940 -0.056923 -0.129026 2.556449 781.940002
-15.289421 25.068117 1.493021 -0.038117 -0.077249 2.566595 782.150024
-15.179803 24.898296 1.509828 -0.024195 -0.040068 2.578452 782.330017
-15.069003 24.722404 1.526975 -0.030270 0.019796 2.592843 782.510010
-14.968781 24.539135 1.541533 -0.058524 0.088630 2.609550 782.700012
-14.904438 24.343288 1.550067 -0.076961 0.119071 2.631365 782.909973
-14.903203 24.134884 1.548146 -0.076243 0.107192 2.660731 783.140015
-14.961822 23.937840 1.536219 -0.055092 0.074958 2.692352 783.359985
-15.053805 23.752506 1.518410 -0.020678 0.041012 2.723539 783.570007
-15.161072 23.574823 1.498246 -0.006340 0.014909 2.754958 783.780029
-15.270505 23.405289 1.480377 -0.013566 -0.000649 2.787183 783.989990
-15.381433 23.230774 1.466946 -0.013991 -0.009900 2.821752 784.210022
-15.484763 23.057388 1.459475 -0.014965 -0.011163 2.856381 784.429993
-15.584261 22.876551 1.457412 -0.027263 -0.004839 2.892402 784.659973
-15.679043 22.691805 1.459600 -0.029338 -0.006067 2.928196 784.890015
-15.764915 22.509806 1.462103 -0.033706 -0.015085 2.962071 785.109985
-15.842712 22.320475 1.462227 -0.039293 -0.016247 2.995444 785.330017
-15.911620 22.122616 1.458903 -0.025947 -0.025860 3.028449 785.549988
-15.964797 21.921015 1.453931 -0.018769 -0.072385 3.060861 785.770020
-15.983761 21.718422 1.449079 -0.011698 -0.090879 3.092355 785.989990
-15.961280 21.519360 1.444807 0.001562 -0.076388 3.122980 786.210022
-15.901342 21.320953 1.441652 -0.012589 -0.057257 -3.128616 786.440002
-15.819700 21.135811 1.440318 -0.018654 -0.031943 -3.098943 786.659973
-15.728044 20.951765 1.438915 -0.024794 0.013935 -3.069437 786.880005
-15.645885 20.765041 1.435527 -0.033314 0.044322 -3.039772 787.099976
-15.585735 20.571983 1.429501 -0.020159 0.048662 -3.009674 787.320007
-15.549165 20.375448 1.420408 -0.028539 0.042843 -2.979214 787.539978
-15.531546 20.173264 1.408480 -0.031704 0.030252 -2.948304 787.760010
-15.525723 19.964458 1.394295 -0.031768 0.017767 -2.916986 787.979980
-15.525125 19.760115 1.379629 -0.025912 0.014965 -2.886848 788.190002
-15.529269 19.553759 1.367192 -0.007213 0.041409 -2.856328 788.400024
-15.548891 19.349314 1.359806 0.006267 0.058888 -2.824919 788.609985
-15.591088 19.150459 1.357895 0.021593 0.045847 -2.793597 788.820007
-15.656393 18.953529 1.361519 0.012987 0.042755 -2.760586 789.039978
-15.738992 18.764874 1.370161 -0.000310 0.037617 -2.727536 789.260010
-15.833467 18.578648 1.382774 -0.012506 0.032924 -2.694413 789.479980
-15.929683 18.399179 1.397159 -0.014536 0.021369 -2.662712 789.690002
-16.026129 18.219906 1.411881 -0.001109 0.001167 -2.631518 789.900024
-16.123560 18.039438 1.425881 0.000671 0.016786 -2.599635 790.119995
-16.222450 17.864521 1.437508 -0.001645 0.029525 -2.568323 790.340027
-16.327108 17.690552 1.446590 -0.004722 0.034827 -2.537370 790.559998
-16.438282 17.514648 1.453344 -0.005532 0.030622 -2.506588 790.780029
-16.551908 17.339787 1.457533 0.013014 -0.034760 -2.477076 791.000000
-16.662729 17.170704 1.459158 0.032021 -0.100673 -2.448142 791.250000
-16.754034 16.992275 1.458902 -0.107229 0.024958 -2.393075 792.049988
-16.659662 16.810953 1.473156 -0.114815 0.053157 -2.372128 792.489990
-16.577585 16.627014 1.484827 -0.071214 0.037897 -2.354228 792.729980
-16.498182 16.438181 1.495934 -0.037739 0.024358 -2.336484 792.940002
-16.422131 16.249374 1.507132 -0.008290 0.023223 -2.317685 793.140015
-16.354034 16.059919 1.518132 0.023749 0.047657 -2.296146 793.340027
-16.305698 15.861945 1.528841 0.035419 0.066295 -2.270784 793.549988
-16.288321 15.662169 1.538309 0.032154 0.064402 -2.243801 793.760010
-16.299015 15.459284 1.546557 0.020728 0.054675 -2.215013 793.969971
-16.329781 15.254092 1.553672 0.019030 0.025317 -2.185372 794.179993
-16.373022 15.054227 1.558202 0.035241 0.019827 -2.157037 794.390015
-16.434309 14.855811 1.558415 0.044075 0.030233 -2.131728 794.609985
-16.516331 14.666476 1.553462 0.039061 0.033378 -2.112315 794.830017
-16.612265 14.491114 1.544459 0.028338 0.034201 -2.097176 795.039978
-16.720627 14.318298 1.532596 0.009603 0.017227 -2.083995 795.250000
-16.829977 14.148690 1.521770 -0.035307 0.005559 -2.070880 795.460022
-16.926525 13.969740 1.515610 -0.064206 0.008374 -2.055867 795.679993
-16.996431 13.775463 1.516052 -0.060997 0.000485 -2.037418 795.909973
-17.035494 13.576201 1.523400 -0.050982 0.016613 -2.018103 796.140015
-17.052616 13.369379 1.536604 -0.033043 0.022348 -1.996294 796.369995
-17.059114 13.166336 1.549265 0.010415 0.023041 -1.976526 796.590027
-17.073755 12.965158 1.554108 0.050844 0.033962 -1.961149 796.809998
-17.115677 12.760716 1.547779 0.061690 0.014162 -1.953712 797.039978
-17.187239 12.570992 1.536872 0.067408 0.010936 -1.953023 797.270020
-17.288532 12.398436 1.529788 0.060532 0.019086 -1.959858 797.500000
-17.415573 12.238840 1.529863 0.039930 0.010737 -1.973848 797.729980
-17.564039 12.083478 1.538822 0.019306 0.019630 -1.989012 797.969971
-17.709667 11.936692 1.551799 -0.045676 0.023818 -2.001567 798.200012
-17.832798 11.777486 1.563691 -0.088272 0.027918 -2.008418 798.429993
-17.919138 11.588995 1.571267 -0.084685 0.012810 -2.007424 798.669983
-17.961700 11.392878 1.572923 -0.067982 0.020888 -2.004241 798.900024
-17.975681 11.184478 1.570117 -0.031958 0.015222 -1.997844 799.130005
-17.978216 10.981833 1.566783 0.014288 0.025424 -1.991074 799.349976
-17.990646 10.781071 1.565919 0.037857 0.032745 -1.984183 799.570007
-18.025679 10.575490 1.568539 0.040724 0.025509 -1.978778 799.799988
-18.082804 10.376497 1.574954 0.032293 0.031743 -1.976345 800.030029
-18.155584 10.189162 1.583537 0.046965 0.029476 -1.979049 800.250000
-18.249950 10.007648 1.592445 0.063970 0.024178 -1.987696 800.469971
-18.369793 9.837418 1.600179 0.056027 0.005976 -2.003103 800.690002
-18.508726 9.683014 1.605915 0.043006 0.008499 -2.022508 800.909973
-18.660082 9.541600 1.609680 0.023984 -0.000299 -2.046683 801.130005
-18.817951 9.409383 1.611169 -0.013096 -0.069910 -2.074517 801.359985
-18.979668 9.285929 1.610644 -0.043954 -0.124907 -2.108556 801.669983
-19.051702 9.473948 1.619075 0.087190 -0.076833 -2.153413 802.450012
-19.075640 9.674710 1.623597 0.063506 -0.051395 -2.165277 802.690002
-19.106272 9.876538 1.628525 0.031688 -0.022983 -2.176859 802.900024
-19.139421 10.075345 1.634008 0.020919 -0.015519 -2.190631 803.099976
-19.174175 10.274778 1.640184 0.014853 -0.013394 -2.206532 803.299988
-19.208166 10.471822 1.646201 -0.012205 -0.015172 -2.224302 803.500000
-19.234211 10.671621 1.651220 -0.027484 -0.037532 -2.245062 803.710022
-19.240547 10.875721 1.654355 -0.032986 -0.040003 -2.269974 803.929993
-19.222281 11.083038 1.655058 -0.023399 -0.037530 -2.298587 804.159973
-19.183760 11.285977 1.653545 -0.003999 -0.039852 -2.329185 804.390015
-19.134716 11.481344 1.650427 0.010209 -0.024590 -2.360049 804.609985
-19.083668 11.678512 1.645297 0.033970 -0.010351 -2.391920 804.830017
-19.041771 11.879911 1.638106 0.038004 0.001709 -2.424159 805.049988
-19.013718 12.083724 1.629170 0.031896 0.007274 -2.456889 805.270020
-18.998812 12.287121 1.618802 0.035526 -0.001780 -2.490408 805.489990
-18.993750 12.492051 1.607800 0.014360 -0.001992 -2.523414 805.710022
-18.990725 12.693270 1.596660 -0.010780 -0.033924 -2.556057 805.929993
-18.971113 12.897605 1.585405 -0.025905 -0.060262 -2.589737 806.159973
-18.921448 13.094856 1.574627 -0.031776 -0.051995 -2.623899 806.390015
-18.843754 13.281782 1.564076 -0.014996 -0.050453 -2.657390 806.619995
-18.744133 13.464046 1.553780 0.004129 -0.046528 -2.690486 806.849976
-18.635485 13.639168 1.544009 0.006164 -0.020342 -2.721472 807.070007
-18.524408 13.812901 1.533447 0.022147 -0.012390 -2.752112 807.289978
-18.417282 13.989075 1.521616 0.031628 -0.011613 -2.782484 807.510010
-18.315544 14.171587 1.508395 0.033641 -0.013007 -2.812900 807.729980
-18.222630 14.352472 1.494609 0.027532 -0.011284 -2.842007 807.940002
-18.133457 14.536253 1.480426 0.007748 0.004061 -2.870893 808.150024
-18.048540 14.723187 1.468647 0.017338 0.031898 -2.901688 808.369995
-17.981543 14.913889 1.463941 0.042236 0.044142 -2.933970 808.599976
-17.943926 15.110405 1.468472 0.051012 0.038411 -2.966793 808.830017
-17.931967 15.318236 1.481280 0.047112 0.025840 -3.000131 809.059998
-17.936657 15.527099 1.499091 0.040712 0.012316 -3.032393 809.280029
-17.948250 15.733490 1.515836 0.032777 -0.000547 -3.063414 809.489990
-17.959822 15.933704 1.527823 0.026200 -0.008099 -3.093084 809.690002
-17.968414 16.133886 1.534547 0.007215 -0.010740 -3.122610 809.890015
-17.972872 16.338064 1.535298 0.011336 -0.009240 3.129633 810.099976
-17.972534 16.546528 1.531168 0.017161 -0.026137 3.097319 810.320007
-17.958944 16.751316 1.527509 0.016435 -0.063103 3.065122 810.539978
-17.917355 16.950706 1.527926 0.003946 -0.069636 3.033327 810.760010
-17.845808 17.138826 1.533402 0.003113 -0.058872 3.001976 810.979980
-17.750446 17.315340 1.544555 0.017507 -0.045355 2.970933 811.200012
-17.639032 17.484917 1.559183 -0.026313 -0.011420 2.940618 811.419983
-17.517534 17.649698 1.575068 -0.091812 0.027793 2.906688 811.669983
-17.389959 17.802774 1.594878 -0.031763 0.014235 2.861332 812.210022
-17.279364 17.969828 1.592037 0.111740 -0.025416 2.826448 812.909973
-17.172451 18.144337 1.586777 0.091425 -0.019768 2.810943 813.179993
-17.065273 18.319906 1.581080 0.065130 -0.013475 2.795236 813.400024
-16.958384 18.494940 1.575175 0.042944 -0.008330 2.778028 813.599976
-16.853106 18.667086 1.569555 0.025769 -0.005239 2.759078 813.789978
-16.747255 18.839584 1.564793 0.020126 -0.004282 2.737677 813.979980
-16.642078 19.010090 1.561278 0.005305 -0.002971 2.714198 814.169983
-16.534489 19.182949 1.558836 -0.002946 -0.001706 2.687663 814.369995
-16.426819 19.355116 1.556865 0.005820 0.011289 2.657911 814.580017
-16.323462 19.531628 1.552668 0.016017 0.039187 2.624993 814.799988
-16.236765 19.713921 1.544552 0.022816 0.049997 2.590706 815.020020
-16.168171 19.907234 1.531979 0.022334 0.044885 2.555305 815.239990
-16.116592 20.101086 1.516219 0.018847 0.033464 2.520924 815.450012
-16.074451 20.299383 1.497978 0.006123 0.015675 2.486631 815.659973
-16.035042 20.503614 1.477035 0.019683 -0.020421 2.451510 815.880005
-15.984561 20.698444 1.455070 0.039921 -0.058364 2.416465 816.099976
-15.901175 20.887394 1.431442 0.047075 -0.066832 2.380617 816.330017
-15.787988 21.053551 1.408297 0.048034 -0.053817 2.347437 816.549988
-15.655435 21.202293 1.387728 0.030296 -0.011849 2.316759 816.760010
-15.516560 21.349142 1.373605 0.012871 0.040633 2.285666 816.969971
-15.390900 21.504772 1.368253 -0.004146 0.059095 2.254062 817.179993
-15.283860 21.679440 1.371597 -0.009927 0.058270 2.221326 817.400024
-15.202129 21.864353 1.382980 -0.000050 0.052969 2.188927 817.619995
-15.138940 22.059740 1.400442 0.008359 0.038329 2.156709 817.840027
-15.087272 22.252459 1.418784 0.024584 0.006840 2.126233 818.049988
-15.031013 22.443953 1.434341 0.043775 -0.017866 2.095656 818.260010
-14.955008 22.637251 1.445067 0.039526 -0.031178 2.063744 818.479980
-14.860339 22.817547 1.449251 0.037197 -0.029647 2.032802 818.700012
-14.748358 22.983927 1.448827 0.050012 -0.035197 2.002093 818.919983
-14.614894 23.136766 1.446044 0.050872 -0.036217 1.971559 819.140015
-14.461312 23.275196 1.442261 0.029350 -0.031209 1.941373 819.359985
-14.296822 23.398886 1.438599 0.031103 -0.014893 1.911627 819.580017
-14.125283 23.514080 1.435987 0.013039 -0.009823 1.881822 819.799988
-13.954285 23.619677 1.434797 0.004815 -0.038572 1.852937 820.020020
-13.768543 23.710476 1.434963 0.021837 -0.056069 1.821868 820.260010
-13.571236 23.771425 1.435632 -0.043647 -0.041960 1.790603 820.510010
-13.373665 23.802536 1.437705 -0.142593 -0.003741 1.754935 820.820007
-13.235054 23.657207 1.463591 0.033248 -0.126408 1.708247 821.700012
-13.160436 23.464701 1.489395 0.031160 -0.097155 1.691799 821.979980
-13.082728 23.272884 1.513505 0.018672 -0.050190 1.676613 822.200012
-13.005258 23.086239 1.537147 0.013457 -0.026321 1.659786 822.400024
-12.924405 22.899082 1.560678 0.035189 0.005629 1.640535 822.599976
-12.828689 22.715431 1.581703 0.071217 0.040528 1.618835 822.809998
-12.703533 22.551432 1.597402 0.073205 0.054701 1.593669 823.030029
-12.552057 22.420668 1.605919 0.061971 0.047567 1.565225 823.250000
-12.379785 22.317760 1.608433 0.050465 0.028968 1.534420 823.469971
-12.194486 22.233027 1.606048 0.007473 0.010883 1.503330 823.690002
-12.005224 22.152611 1.598018 -0.000775 -0.031350 1.470770 823.919983
-11.820108 22.057434 1.583735 0.005871 -0.055408 1.435883 824.159973
-11.652970 21.943649 1.565222 0.013647 -0.056240 1.401613 824.390015
-11.499516 21.813723 1.544260 0.015523 -0.043117 1.368529 824.609985
-11.351367 21.670067 1.521799 0.009253 -0.023482 1.335591 824.830017
-11.208887 21.521931 1.499261 0.010199 -0.006346 1.302875 825.049988
-11.069200 21.377350 1.479995 0.023415 0.016221 1.270412 825.270020
-10.917272 21.237812 1.466096 0.041018 0.024679 1.236690 825.500000
-10.757912 21.115883 1.459314 0.044256 0.022264 1.204317 825.719971
-10.584057 21.002518 1.458153 0.037420 0.013020 1.171791 825.940002
-10.410347 20.897394 1.461531 0.014666 -0.033679 1.140420 826.150024
-10.245296 20.782066 1.468913 -0.007105 -0.077084 1.110167 826.359985
-10.098653 20.637829 1.479894 -0.009988 -0.091987 1.078559 826.580017
-9.983244 20.466125 1.492937 -0.004739 -0.081145 1.046448 826.799988
-9.897800 20.281015 1.506340 -0.000243 -0.055644 1.015730 827.010010
-9.827851 20.086895 1.518834 0.004635 0.024122 0.984309 827.219971
-9.749787 19.901251 1.529802 0.023249 0.102209 0.951823 827.440002
-9.623891 19.739342 1.538755 0.020416 0.117182 0.914848 827.690002
-9.453102 19.632971 1.543144 0.023928 0.097725 0.877628 827.940002
-9.255618 19.569281 1.542495 0.019818 0.030590 0.842157 828.179993
-9.057833 19.515972 1.534263 0.035362 -0.047326 0.808657 828.409973
-8.873174 19.438198 1.518055 0.034813 -0.078264 0.775880 828.640015
-8.706488 19.320158 1.493203 0.033971 -0.072902 0.743211 828.880005
-8.570696 19.175508 1.463929 0.033801 -0.058752 0.712516 829.109985
-8.454542 19.005873 1.437615 0.025022 -0.063663 0.681819 829.340027
-8.364870 18.823469 1.421423 0.019805 -0.058657 0.652718 829.559998
-8.296060 18.627226 1.415224 0.005034 -0.040226 0.623930 829.780029
-8.244382 18.426880 1.418934 0.016692 -0.028530 0.595070 830.000000
-8.202886 18.225277 1.429653 -0.027199 -0.001908 0.566664 830.219971
-8.167716 18.023296 1.444223 -0.093584 0.029068 0.534877 830.469971
-8.141016 17.825943 1.468641 0.016924 -0.010291 0.488584 831.090027
-8.124084 17.624638 1.500588 0.107286 -0.036820 0.457259 831.710022
-8.101538 17.418633 1.521598 0.078362 -0.025444 0.441830 831.979980
-8.078673 17.217402 1.539632 0.039716 -0.012365 0.426545 832.200012
-8.055891 17.016268 1.555953 0.020157 -0.013925 0.408896 832.409973
-8.036235 16.814144 1.569166 0.017358 -0.024537 0.388635 832.619995
-8.024030 16.611130 1.578109 0.018222 -0.028954 0.365825 832.830017
-8.020801 16.406487 1.582732 0.020986 -0.027516 0.340531 833.039978
-8.025555 16.199808 1.583579 0.017265 -0.020588 0.313052 833.250000
-8.035844 15.994154 1.581323 0.003964 0.005045 0.283604 833.460022
-8.040997 15.788383 1.575379 0.003228 0.074161 0.250231 833.679993
-8.009273 15.583298 1.564984 0.004275 0.109358 0.212207 833.919983
-7.921823 15.399076 1.550627 0.009753 0.103306 0.173133 834.159973
-7.797614 15.242889 1.535244 0.020663 0.048264 0.137002 834.380005
-7.663405 15.095063 1.521654 0.041739 -0.027469 0.101680 834.590027
-7.539412 14.928381 1.511479 0.045249 -0.068965 0.064869 834.809998
-7.451148 14.747461 1.505337 0.037808 -0.073495 0.029970 835.030029
-7.398787 14.547755 1.502491 0.041917 -0.055143 -0.004991 835.260010
-7.377505 14.347332 1.502271 0.035870 -0.024734 -0.037414 835.479980
-7.368807 14.140918 1.503329 0.025534 0.018344 -0.069383 835.700012
-7.353740 13.932638 1.505016 0.016909 0.042398 -0.101620 835.919983
-7.323251 13.734334 1.506532 0.015131 0.048994 -0.132414 836.130005
-7.275007 13.536685 1.507397 0.014908 0.044142 -0.163161 836.340027
-7.212324 13.340386 1.507448 0.000866 0.024565 -0.193721 836.549988
-7.142099 13.150296 1.506790 -0.002325 0.018597 -0.223848 836.760010
-7.062096 12.961635 1.505768 -0.037993 0.042101 -0.255716 836.979980
-6.958030 12.787020 1.504460 -0.061437 0.063013 -0.288968 837.210022
-6.817667 12.637308 1.501940 -0.065343 0.001430 -0.316895 837.450012
-6.652174 12.516175 1.497965 -0.052877 -0.081324 -0.344753 837.729980
-6.731220 12.704812 1.532256 -0.042650 -0.098989 -0.368285 838.710022
-6.871575 12.857122 1.548014 -0.019413 -0.046621 -0.352966 838.919983
-7.014288 13.010157 1.563250 -0.016201 -0.016147 -0.331866 839.119995
-7.154719 13.164362 1.576859 -0.021750 -0.006814 -0.306090 839.320007
-7.288495 13.319417 1.587778 -0.013596 0.005419 -0.277236 839.520020
-7.419137 13.479845 1.595819 -0.012742 0.003747 -0.244074 839.729980
-7.546468 13.644935 1.600822 -0.014146 -0.003938 -0.207280 839.950012
-7.667144 13.806264 1.603381 0.023370 -0.004661 -0.170041 840.169983
-7.798720 13.961528 1.604593 0.055658 -0.047223 -0.130499 840.409973
-7.958356 14.086539 1.605290 0.056388 -0.070016 -0.088288 840.659973
-8.143926 14.172359 1.605793 0.038806 -0.067748 -0.046573 840.900024
-8.338295 14.229443 1.606405 0.022558 -0.042122 -0.008454 841.119995
-8.541933 14.273228 1.606868 0.008839 -0.011157 0.028049 841.340027
-8.741879 14.310843 1.607238 -0.011713 -0.017817 0.062494 841.559998
-8.939711 14.350836 1.607376 -0.016823 -0.013246 0.095356 841.780029
-9.134675 14.395892 1.607031 -0.018651 -0.014330 0.127025 842.000000
-9.336173 14.448667 1.606220 -0.018906 -0.019378 0.159173 842.229980
-9.536537 14.506083 1.604469 -0.011579 0.006770 0.189820 842.460022
-9.732728 14.571884 1.598054 -0.045760 0.026904 0.220964 842.700012
-9.917202 14.664750 1.583359 -0.059657 0.028055 0.252576 842.950012
-10.077671 14.783714 1.561843 -0.051666 0.020080 0.282620 843.190002
-10.227111 14.926258 1.534016 -0.048674 0.003979 0.313120 843.429993
-10.367222 15.078978 1.506064 -0.027922 -0.001023 0.341975 843.659973
-10.499522 15.230681 1.485702 -0.027784 -0.007833 0.370119 843.880005
-10.632771 15.385091 1.475047 -0.015633 -0.007969 0.398598 844.099976
-10.765972 15.537691 1.474176 -0.014540 -0.008333 0.427471 844.320007
-10.898918 15.687330 1.481709 -0.019088 -0.008960 0.456857 844.539978
-11.038589 15.841764 1.491416 -0.017354 -0.008918 0.487925 844.770020
-11.178981 15.993817 1.494172 -0.024368 -0.009650 0.519458 845.000000
-11.321257 16.144991 1.486456 -0.015280 -0.006711 0.551169 845.229980
-11.463428 16.293684 1.467593 -0.023983 -0.005703 0.583171 845.460022
-11.606751 16.442587 1.439538 -0.023393 0.000051 0.615422 845.690002
-11.742387 16.587332 1.411923 -0.021035 0.026053 0.646468 845.909973
-11.873244 16.747133 1.390091 -0.025465 0.042227 0.679438 846.140015
-11.988447 16.920570 1.378525 -0.015882 0.038028 0.712752 846.369995
-12.088466 17.104216 1.377499 -0.022384 0.032301 0.746121 846.599976
-12.174960 17.289005 1.385090 -0.029252 0.025111 0.778251 846.820007
-12.254322 17.473200 1.398260 -0.030588 0.017793 0.809190 847.030029
-12.333813 17.662685 1.414981 -0.016800 0.006219 0.840347 847.239990
-12.411870 17.847353 1.431481 0.050281 -0.029482 0.869523 847.450012
-12.491195 18.030766 1.447729 0.100602 -0.054748 0.900275 847.710022
-12.579612 18.211176 1.471671 -0.113164 0.044412 0.961919 848.539978
-12.693995 18.381058 1.494455 -0.110367 0.046770 0.983258 848.929993
-12.807671 18.551260 1.512328 -0.065991 0.028131 1.000839 849.169983
-12.921399 18.720917 1.527424 -0.040511 0.015058 1.017786 849.380005
-13.035188 18.888577 1.539243 -0.028986 0.008778 1.035902 849.580017
-13.151198 19.056574 1.547599 -0.009922 -0.000474 1.056361 849.780029
-13.271305 19.227219 1.552347 -0.008877 0.000870 1.080014 849.989990
-13.388873 19.391891 1.553563 -0.013747 0.005042 1.105962 850.200012
-13.509493 19.559204 1.552018 0.006848 -0.004850 1.134952 850.419983
-13.627921 19.723461 1.548872 -0.002622 0.010260 1.166763 850.650024
-13.744127 19.890987 1.545576 -0.012451 0.019320 1.201018 850.890015
-13.856309 20.061176 1.543296 -0.017821 0.021988 1.235944 851.130005
-13.967551 20.236517 1.542347 -0.025850 0.027034 1.271311 851.369995
-14.076763 20.412245 1.542585 -0.025842 0.019121 1.305565 851.599976
-14.186004 20.583372 1.543983 -0.037662 -0.000120 1.338330 851.820007
-14.306342 20.750099 1.546362 -0.046630 -0.008452 1.370922 852.039978
-14.442183 20.909119 1.549511 -0.047888 -0.006073 1.403346 852.260010
-14.586069 21.054302 1.552906 -0.042713 0.000105 1.434317 852.469971
-14.739814 21.193998 1.556275 -0.014998 -0.012248 1.465649 852.679993
-14.894462 21.322889 1.558439 -0.018875 -0.022835 1.495972 852.890015
-15.058082 21.442099 1.558108 -0.034331 -0.020311 1.527213 853.109985
-15.235746 21.550470 1.554872 -0.022440 -0.020399 1.559580 853.340027
-15.416536 21.643829 1.548756 -0.031179 -0.003954 1.591066 853.570007
-15.603092 21.729704 1.540478 -0.032879 0.008501 1.622392 853.799988
-15.785837 21.811136 1.530754 0.010085 0.030436 1.652448 854.020020
-15.963748 21.908012 1.517686 0.043736 0.068174 1.684780 854.250000
-16.120939 22.040356 1.500781 0.052127 0.064168 1.716298 854.489990
-16.247192 22.204361 1.481159 0.045275 0.056338 1.744178 854.729980
-16.343084 22.385912 1.463034 0.045376 0.053453 1.766401 854.960022
-16.414021 22.579323 1.448389 0.038154 0.039356 1.782306 855.179993
-16.465723 22.774683 1.437521 0.026169 0.018319 1.792302 855.390015
-16.505857 22.971157 1.430133 0.014866 0.016255 1.797631 855.599976
-16.540836 23.176012 1.428262 0.007804 0.024779 1.798454 855.820007
-16.572886 23.382086 1.433120 0.003147 0.019839 1.795290 856.039978
-16.603870 23.586992 1.443549 -0.000079 0.012207 1.789385 856.260010
-16.634607 23.787636 1.458489 -0.001364 0.019927 1.781789 856.479980
-16.667065 23.992430 1.475886 -0.002537 -0.039458 1.773163 856.710022
-16.699215 24.191990 1.493058 -0.003503 -0.103386 1.763068 856.979980
-16.501844 24.195852 1.533816 0.104675 -0.063202 1.732601 858.000000
-16.326202 24.096861 1.545572 0.067262 -0.035118 1.720105 858.219971
-16.144630 24.000891 1.557196 0.031652 -0.011727 1.704928 858.419983
-15.958437 23.906889 1.568814 0.015563 0.015522 1.686216 858.619995
-15.774725 23.823591 1.578905 0.024762 0.034427 1.664474 858.820007
-15.582456 23.754778 1.586907 0.020816 0.038365 1.639129 859.030029
-15.382648 23.703720 1.592068 0.018244 0.031136 1.610221 859.250000
-15.184752 23.669724 1.594301 0.027244 0.018451 1.579177 859.469971
-14.985831 23.646170 1.594537 0.016064 0.007397 1.546837 859.690002
-14.780364 23.625011 1.592615 0.007865 -0.034103 1.512067 859.919983
-14.583193 23.586897 1.587102 -0.005665 -0.092984 1.477321 860.150024
-14.396371 23.502670 1.576727 -0.021912 -0.094671 1.440647 860.390015
-14.236638 23.373339 1.561992 -0.009953 -0.080305 1.404129 860.630005
-14.103807 23.216635 1.544879 0.006635 -0.059133 1.369731 860.859985
-13.985744 23.047487 1.526539 0.025397 -0.015132 1.337379 861.080017
-13.869608 22.884796 1.507219 0.046731 0.027873 1.307280 861.289978
-13.731404 22.728952 1.485614 0.038510 0.048215 1.275728 861.510010
-13.576568 22.596281 1.463187 0.029874 0.049147 1.243711 861.729980
-13.408754 22.487730 1.443149 0.031214 0.052596 1.211729 861.950012
-13.227186 22.402346 1.429284 0.033853 0.049772 1.179542 862.169983
-13.031714 22.336679 1.422926 0.032641 0.038326 1.147047 862.390015
-12.834689 22.286673 1.423494 0.029417 0.025443 1.115863 862.599976
-12.631458 22.243488 1.429272 0.015640 0.011206 1.084632 862.809998
-12.430446 22.203230 1.437991 -0.003911 -0.025168 1.054524 863.020020
-12.229424 22.149178 1.449256 0.003483 -0.094622 1.023077 863.250000
-12.048735 22.047817 1.461698 0.015065 -0.117742 0.988310 863.500000
-11.913577 21.897770 1.472003 0.023403 -0.098738 0.955002 863.739990
-11.814666 21.722198 1.479838 0.021398 -0.064680 0.924867 863.960022
-11.734633 21.535057 1.485887 0.012697 -0.031265 0.896117 864.169983
-11.662327 21.342430 1.491139 0.021779 -0.013653 0.867268 864.380005
-11.591192 21.149214 1.495575 0.012044 -0.011356 0.838604 864.590027
-11.523266 20.957655 1.499326 0.007782 -0.030614 0.809815 864.799988
-11.464874 20.764290 1.502616 -0.002259 -0.033371 0.781044 865.010010
-11.417834 20.562061 1.505464 -0.007286 -0.027233 0.750972 865.229980
-11.384280 20.363522 1.507727 0.006371 -0.018666 0.720810 865.450012
-11.355070 20.158512 1.508286 0.026673 0.003773 0.689178 865.679993
-11.317994 19.954992 1.506400 0.042352 0.014537 0.657389 865.909973
-11.267426 19.759020 1.502128 0.047023 0.015090 0.626396 866.130005
-11.204823 19.569071 1.495989 0.038714 0.012026 0.596320 866.340027
-11.132870 19.379673 1.488258 -0.023630 0.014955 0.566748 866.549988
-11.055632 19.190678 1.479360 -0.099691 0.019554 0.534786 866.789978
-10.969934 19.009970 1.468215 0.114448 0.002490 0.476649 867.590027
-10.871075 18.833540 1.472647 0.112278 0.003993 0.453872 868.030029
-10.774571 18.657377 1.478347 0.087107 0.004479 0.438199 868.280029
-10.678501 18.481005 1.483870 0.062343 0.004262 0.422326 868.489990
-10.580087 18.299532 1.489049 0.031829 -0.005082 0.404564 868.690002
-10.483354 18.113758 1.493544 0.017361 -0.026992 0.384615 868.890015
-10.397743 17.926468 1.497007 0.011142 -0.038704 0.362616 869.090027
-10.325199 17.730114 1.499320 -0.002353 -0.036917 0.337465 869.299988
-10.268477 17.529297 1.500212 0.009090 -0.028233 0.309029 869.520020
-10.225643 17.330528 1.499311 0.026230 -0.017018 0.278801 869.739990
-10.189435 17.128586 1.496747 0.032347 -0.007122 0.247050 869.960022
-10.156363 16.931372 1.492974 0.033140 -0.000084 0.215500 870.169983
-10.122049 16.730122 1.488026 0.032241 0.004230 0.182970 870.380005
-10.085299 16.525778 1.482218 0.029171 0.006011 0.149731 870.590027
-10.046413 16.319860 1.476121 0.023202 -0.002516 0.116087 870.799988
-10.009439 16.113956 1.470670 0.022984 -0.015491 0.082398 871.010010
-9.979722 15.908103 1.466500 0.022932 -0.020430 0.048877 871.219971
-9.959375 15.701982 1.463804 0.027893 -0.018263 0.015534 871.429993
-9.947475 15.494147 1.462516 0.025324 -0.013113 -0.017606 871.640015
-9.941927 15.286943 1.462155 0.002832 -0.008803 -0.050245 871.849976
-9.939712 15.079051 1.462005 -0.001781 0.013324 -0.083986 872.070007
-9.930679 14.872746 1.461939 0.008142 0.040530 -0.118671 872.299988
-9.903151 14.671080 1.461906 0.017127 0.048415 -0.152637 872.530029
-9.854604 14.467830 1.461762 0.024758 0.045023 -0.186356 872.760010
-9.792176 14.268933 1.461342 0.014016 0.027052 -0.218577 872.979980
-9.725051 14.079460 1.460614 0.009682 0.015332 -0.248743 873.190002
-9.652698 13.884665 1.459332 0.018858 0.003209 -0.279818 873.409973
-9.585516 13.690693 1.456703 0.040588 -0.016507 -0.310807 873.630005
-9.534095 13.491697 1.452050 0.042176 -0.027184 -0.341870 873.849976
-9.503057 13.289268 1.445368 0.030074 -0.027206 -0.372396 874.070007
-9.490023 13.087811 1.436839 0.035574 -0.011687 -0.402394 874.289978
-9.489176 12.885129 1.428062 0.020600 -0.007384 -0.432600 874.510010
-9.496021 12.675457 1.423838 0.024052 0.002612 -0.463889 874.739990
-9.506413 12.475473 1.426912 0.002972 -0.003037 -0.493783 874.960022
-9.519169 12.271997 1.434589 -0.068076 -0.037286 -0.523129 875.200012
-9.534088 12.072467 1.445830 -0.092256 -0.049698 -0.558582 875.549988
-9.679793 12.206062 1.493592 -0.026961 -0.120513 -0.566556 876.580017
-9.805030 12.363519 1.514377 -0.014057 -0.081429 -0.547040 876.809998
-9.934315 12.516279 1.533345 0.001453 -0.035491 -0.524549 877.010010
-10.070766 12.669003 1.551310 0.015830 -0.024551 -0.497700 877.210022
-10.212053 12.814086 1.566437 0.023657 -0.023108 -0.467631 877.409973
-10.365435 12.954535 1.578275 0.026252 -0.009902 -0.433341 877.619995
-10.527722 13.086393 1.586185 0.017126 -0.015351 -0.396262 877.840027
-10.691296 13.206989 1.590501 0.009814 -0.014260 -0.358419 878.059998
-10.861499 13.322777 1.590584 0.033545 -0.004432 -0.320889 878.289978
-11.038997 13.421515 1.583323 0.054460 -0.028762 -0.289304 878.530029
-11.229127 13.491780 1.567953 0.051778 -0.042838 -0.267176 878.770020
-11.428843 13.536042 1.546761 0.037188 -0.043837 -0.256286 879.000000
-11.634098 13.564441 1.522224 0.021848 -0.039253 -0.256174 879.219971
-11.838502 13.585235 1.497250 0.004425 -0.023057 -0.265004 879.429993
-12.043452 13.606025 1.475693 -0.015010 -0.018851 -0.281955 879.640015
-12.244704 13.633918 1.461020 -0.023923 -0.021445 -0.305814 879.849976
-12.440934 13.672498 1.454105 -0.024806 -0.010309 -0.335386 880.059998
-12.637865 13.723155 1.454315 -0.016661 -0.020695 -0.370204 880.280029
-12.830660 13.781990 1.460921 -0.010741 -0.023292 -0.407862 880.500000
-13.020559 13.847703 1.470317 -0.033353 -0.018113 -0.444336 880.719971
-13.210127 13.931432 1.478945 -0.051086 -0.025001 -0.476900 880.950012
-13.388532 14.037847 1.483894 -0.045798 -0.015217 -0.501979 881.179993
-13.554141 14.162899 1.484450 -0.035840 -0.022904 -0.516009 881.409973
-13.705003 14.295896 1.481359 -0.020346 -0.014554 -0.519812 881.630005
-13.854841 14.440310 1.476356 -0.021992 0.004334 -0.514116 881.859985
-13.995962 14.593495 1.472047 -0.039664 -0.012192 -0.497588 882.099976
-14.124076 14.758190 1.470452 -0.030978 -0.010616 -0.473460 882.340027
-14.238087 14.925042 1.471766 -0.029103 -0.020025 -0.443514 882.570007
-14.348619 15.099921 1.475639 -0.016275 -0.024367 -0.408850 882.799988
-14.456571 15.270199 1.480749 0.000818 -0.033653 -0.372393 883.020020
-14.573362 15.437445 1.486427 0.009488 -0.035318 -0.333743 883.239990
-14.700501 15.597305 1.491918 0.011595 -0.027615 -0.294091 883.460022
-14.835139 15.748098 1.496916 -0.000298 -0.031943 -0.254412 883.679993
-14.976273 15.893959 1.501235 0.005852 -0.013472 -0.215428 883.900024
-15.124624 16.037027 1.503693 0.021035 -0.020493 -0.176238 884.130005
-15.284203 16.169630 1.502532 0.023045 -0.042257 -0.136991 884.369995
-15.457239 16.285015 1.497475 0.021888 -0.033314 -0.098685 884.609985
-15.633091 16.380899 1.489175 0.007238 -0.038174 -0.063782 884.840027
-15.816878 16.468128 1.478494 0.016320 0.006985 -0.030276 885.070007
-16.005997 16.550051 1.466186 0.041082 0.080026 0.005250 885.330017
-16.191551 16.623608 1.449607 0.030577 0.078734 0.051262 885.820007
-16.266729 16.813906 1.446376 -0.106009 -0.043708 0.094689 886.599976
-16.344261 17.002287 1.448005 -0.082801 -0.038023 0.109118 886.869995
-16.428043 17.188103 1.449026 -0.060418 -0.028412 0.123568 887.090027
-16.515524 17.370445 1.449977 -0.005203 -0.043760 0.139929 887.289978
-16.616531 17.543953 1.452891 0.048621 -0.081845 0.157547 887.489990
-16.754219 17.699068 1.459323 0.070409 -0.097420 0.180013 887.710022
-16.923004 17.806828 1.468764 0.062200 -0.089044 0.206957 887.929993
-17.117720 17.872623 1.481011 0.040787 -0.067490 0.236913 888.150024
-17.318050 17.907852 1.494560 0.024106 -0.032395 0.267231 888.359985
-17.519327 17.928928 1.507852 -0.018672 0.007979 0.298185 888.570007
-17.718977 17.959702 1.517779 -0.072213 0.046697 0.329855 888.789978
-17.907347 18.029255 1.521417 -0.089870 0.056577 0.364045 889.020020
-18.075680 18.145742 1.517236 -0.078815 0.046707 0.400058 889.250000
-18.221645 18.292967 1.508004 -0.043769 0.046872 0.434144 889.469971
-18.343632 18.453260 1.499335 -0.029567 0.059532 0.466693 889.679993
-18.443319 18.628370 1.493667 -0.020354 0.056781 0.499767 889.890015
-18.521297 18.813736 1.491847 -0.009028 0.042210 0.532616 890.099976
-18.584711 19.012215 1.494468 -0.017760 0.030159 0.566712 890.320007
-18.637119 19.213881 1.501043 -0.000963 0.010365 0.600428 890.539978
-18.682358 19.409517 1.509124 0.007861 0.016576 0.633473 890.760010
-18.718431 19.606337 1.516660 -0.007551 0.037923 0.667487 890.989990
-18.740404 19.806633 1.522112 -0.017097 0.042287 0.700874 891.219971
-18.750383 20.006702 1.524953 -0.020798 0.037528 0.732646 891.440002
-18.753407 20.214725 1.525536 -0.012704 0.021353 0.764391 891.659973
-18.753098 20.423971 1.524184 -0.010473 0.013654 0.795575 891.880005
-18.751722 20.630234 1.520147 -0.008461 0.011368 0.826310 892.099976
-18.749615 20.833082 1.510378 -0.012256 0.020309 0.856705 892.320007
-18.745901 21.035769 1.494065 -0.002121 0.006954 0.886981 892.539978
-18.741018 21.236582 1.473857 0.042512 -0.057440 0.915282 892.770020
-18.735558 21.436424 1.453589 0.091012 -0.133585 0.945090 893.099976
-18.686771 21.630432 1.449417 -0.039654 0.129657 1.003507 893.950012
-18.627079 21.827419 1.471380 -0.031559 0.098965 1.022090 894.229980
-18.569731 22.026535 1.492395 -0.015724 0.046661 1.038548 894.450012
-18.515490 22.220011 1.513145 -0.009051 0.031623 1.050938 894.650024
-18.460352 22.416674 1.534326 0.014978 0.023246 1.059704 894.849976
-18.397726 22.608490 1.553012 0.068240 0.009340 1.063075 895.049988
-18.309240 22.790751 1.567981 0.098059 0.004373 1.060055 895.260010
-18.182753 22.953108 1.577511 0.094734 0.005111 1.049982 895.479980
-18.024012 23.088266 1.581282 0.074471 0.013151 1.033579 895.700012
-17.851089 23.198494 1.580381 0.028663 -0.006476 1.011281 895.909973
-17.669554 23.301119 1.573202 -0.036096 0.008267 0.987940 896.130005
-17.500828 23.415541 1.557971 -0.068571 0.029067 0.966395 896.359985
-17.355330 23.559389 1.534633 -0.065886 0.022080 0.952078 896.599976
-17.238985 23.726351 1.505083 -0.049201 0.032689 0.944967 896.840027
-17.144440 23.904718 1.474568 -0.011983 0.025237 0.946519 897.070007
-17.051388 24.087559 1.450780 0.040962 0.026698 0.951261 897.299988
-16.939680 24.260061 1.439250 0.058624 0.018333 0.954899 897.530029
-16.804312 24.414162 1.440030 0.054402 0.013702 0.956226 897.760010
-16.649271 24.550116 1.450872 0.040457 0.022067 0.954087 897.989990
-16.487162 24.670858 1.462325 0.018581 0.029207 0.947080 898.210022
-16.318357 24.791161 1.468281 0.001488 0.027974 0.934886 898.429993
-16.150192 24.914566 1.466253 -0.008818 0.016549 0.917962 898.650024
-15.988206 25.040741 1.455190 -0.009642 0.027544 0.896298 898.869995
-15.830570 25.172033 1.437650 -0.001148 0.015528 0.870847 899.090027
-15.676032 25.302406 1.422010 0.020923 0.010892 0.842025 899.309998
-15.511316 25.429195 1.415147 0.032742 0.013556 0.808792 899.539978
-15.339182 25.542667 1.419997 0.030333 0.010931 0.773321 899.770020
-15.160792 25.643354 1.436290 0.024974 0.023019 0.737002 900.000000
-14.975734 25.736412 1.461372 0.014061 0.012783 0.700583 900.229980
-14.791485 25.823843 1.489434 -0.015299 0.007903 0.668673 900.460022
-14.610458 25.920229 1.513606 -0.048490 0.026915 0.643541 900.700012
-14.443752 26.039143 1.528332 -0.052143 0.019783 0.630443 900.940002
-14.293138 26.180748 1.532566 -0.041699 0.023031 0.628118 901.179993
-14.159636 26.333040 1.528216 -0.026313 0.021880 0.636136 901.409973
-14.031875 26.492149 1.520555 0.030704 0.004398 0.651000 901.640015
-13.892466 26.638010 1.518301 0.086464 0.013518 0.667822 901.880005
-13.718703 26.747492 1.526980 0.094039 0.020427 0.681649 902.130005
-13.528152 26.810688 1.545224 0.076068 0.022477 0.688208 902.359985
-13.324832 26.846413 1.569322 0.028190 -0.001990 0.687135 902.580017
-13.126855 26.872307 1.592394 -0.100111 -0.037489 0.684545 902.799988
-12.943116 26.950239 1.613505 -0.186528 -0.041848 0.683355 903.099976
-12.894246 27.144421 1.614770 -0.143817 -0.025679 0.686625 903.440002
-12.939812 27.344053 1.602707 -0.078094 -0.013579 0.695520 903.690002
-13.007921 27.533844 1.587348 0.029699 -0.033289 0.708345 903.909973
-13.086932 27.719418 1.570008 0.098422 -0.041369 0.723566 904.169983
-13.276944 27.644951 1.553157 0.011990 -0.111529 0.722531 905.179993
-13.389197 27.471653 1.553473 0.006759 -0.082397 0.706499 905.419983
-13.509012 27.300821 1.554037 0.004978 -0.056053 0.687074 905.630005
-13.627312 27.138746 1.554513 0.003523 -0.030493 0.665732 905.820007
-13.746724 26.976364 1.555161 0.026640 0.020906 0.641548 906.010010
-13.858681 26.800694 1.557063 0.072904 0.060268 0.613111 906.219971
-13.932232 26.606230 1.560849 0.077896 0.069704 0.579260 906.450012
-13.951338 26.399450 1.566232 0.066003 0.055105 0.540810 906.690002
-13.926733 26.197432 1.573116 0.051696 0.031517 0.502461 906.919983
-13.879790 26.001019 1.580995 0.018597 0.004668 0.466363 907.140015
-13.829086 25.806665 1.591105 0.014784 -0.029051 0.430845 907.359985
-13.789697 25.610872 1.603633 0.006247 -0.040604 0.395873 907.580017
-13.767467 25.405849 1.618456 0.007078 -0.038748 0.360105 907.809998
-13.763257 25.200989 1.634688 0.020600 -0.032819 0.325021 908.039978
-13.771656 24.993305 1.651288 0.013841 -0.014437 0.290925 908.270020
-13.781990 24.788029 1.660321 0.015396 0.050094 0.257150 908.500000
-13.765514 24.583792 1.652121 0.016154 0.097349 0.221794 908.739990
-13.699509 24.393009 1.622761 0.017837 0.097950 0.186056 908.979980
-13.592388 24.219559 1.579962 0.029163 0.039018 0.151619 909.210022
-13.474659 24.051826 1.536006 0.042346 -0.019582 0.118232 909.429993
-13.373005 23.881931 1.497844 0.029140 -0.046637 0.087165 909.640015
-13.290908 23.696791 1.464625 0.033491 -0.047388 0.055848 909.859985
-13.233949 23.504631 1.438824 0.031282 -0.035759 0.025010 910.080017
-13.196019 23.307274 1.419383 0.025545 -0.018368 -0.005499 910.299988
-13.168653 23.107599 1.404517 0.029869 -0.000741 -0.035838 910.520020
-13.144054 22.905481 1.392645 0.016601 0.005964 -0.066184 910.739990
-13.118391 22.704794 1.382209 0.020461 0.012950 -0.096435 910.960022
-13.089155 22.504452 1.372277 0.014850 0.016772 -0.126755 911.179993
-13.053128 22.307098 1.365503 -0.010082 0.043855 -0.157388 911.400024
-12.995139 22.112349 1.364976 -0.017371 0.067305 -0.189808 911.630005
-12.905481 21.929779 1.372275 -0.010560 0.071184 -0.222134 911.859985
-12.790371 21.762001 1.385942 -0.003243 0.058293 -0.253125 912.080017
-12.661493 21.605597 1.403381 -0.005233 0.028637 -0.282752 912.289978
-12.525745 21.454878 1.423561 0.002369 0.020166 -0.312396 912.500000
-12.388611 21.307861 1.445394 0.013565 0.020607 -0.342239 912.710022
-12.252093 21.159634 1.465528 0.026724 0.016498 -0.372307 912.919983
-12.119608 21.005798 1.481251 0.034388 0.016488 -0.402623 913.130005
-11.992774 20.843855 1.491465 0.033103 0.016603 -0.433224 913.340027
-11.871569 20.674503 1.496325 0.026830 0.016581 -0.464011 913.549988
-11.755419 20.500790 1.496703 0.006630 -0.009218 -0.495001 913.760010
-11.646073 20.329161 1.493521 -0.033006 -0.077107 -0.524274 913.979980
-11.540482 20.155577 1.485348 -0.049910 -0.105073 -0.558975 914.289978
-11.463756 19.965797 1.477668 0.074361 0.118022 -0.616021 915.239990
-11.393467 19.774099 1.486367 0.057506 0.097069 -0.634373 915.539978
-11.320518 19.583906 1.493831 0.034535 0.063287 -0.651187 915.760010
-11.244875 19.392656 1.500253 0.000533 0.039921 -0.667938 915.960022
-11.160585 19.199947 1.505575 -0.023969 0.035130 -0.686455 916.159973
-11.064620 19.014647 1.509130 -0.033613 0.018956 -0.706678 916.359985
-10.959160 18.842419 1.510646 -0.031378 0.010701 -0.729150 916.559998
-10.841509 18.676165 1.510359 -0.021314 0.019847 -0.755473 916.770020
-10.717531 18.518923 1.508783 -0.010128 0.024561 -0.783668 916.979980
-10.583713 18.358566 1.506297 -0.000951 0.013960 -0.814232 917.200012
-10.451284 18.201418 1.503268 0.005573 0.021372 -0.844215 917.419983
-10.320893 18.043285 1.500090 0.008163 0.028493 -0.872018 917.640015
-10.191443 17.880720 1.496968 0.007552 0.034103 -0.896442 917.859985
-10.067480 17.719927 1.494075 0.005266 0.034795 -0.915874 918.070007
-9.942502 17.554155 1.491238 0.002768 0.028577 -0.930253 918.280029
-9.817235 17.385921 1.488525 0.001041 0.027679 -0.938053 918.489990
-9.698030 17.225103 1.486168 -0.002743 0.009665 -0.939030 918.690002
-9.574916 17.061148 1.483079 -0.010051 0.009135 -0.934107 918.900024
-9.446071 16.896877 1.478784 -0.013935 0.021355 -0.923745 919.119995
-9.313025 16.737175 1.473464 -0.013875 0.027133 -0.910659 919.340027
-9.180634 16.586834 1.467631 -0.009501 0.020211 -0.898730 919.549988
-9.041083 16.432178 1.461253 0.021479 0.007185 -0.889284 919.770020
-8.913439 16.275873 1.455195 0.049884 0.017616 -0.884952 919.989990
-8.800564 16.100664 1.449744 0.049130 0.004302 -0.888373 920.219971
-8.710509 15.916130 1.445047 0.040932 0.013768 -0.897602 920.450012
-8.636881 15.723950 1.441771 0.017622 0.020093 -0.913214 920.679993
-8.567976 15.528299 1.441741 -0.005708 0.031693 -0.933279 920.909973
-8.495304 15.340725 1.445345 -0.016514 0.023799 -0.954867 921.130005
-8.413520 15.157343 1.451897 -0.018045 0.024097 -0.977211 921.349976
-8.322734 14.978434 1.461012 -0.014013 0.027650 -0.998716 921.570007
-8.224858 14.803125 1.471102 -0.019441 0.002095 -1.017143 921.789978
-8.117647 14.632218 1.481073 -0.035911 0.015006 -1.031624 922.020020
-7.991887 14.466503 1.490271 -0.036219 0.015582 -1.038098 922.260010
-7.857492 14.318160 1.497360 -0.028713 0.019730 -1.036066 922.489990
-7.712487 14.176203 1.502878 -0.021075 0.030962 -1.026037 922.719971
-7.558928 14.035074 1.507007 -0.010545 0.019835 -1.008130 922.950012
-7.409770 13.901217 1.510125 -0.005346 0.027829 -0.985123 923.169983
-7.259190 13.765155 1.512945 0.004092 0.023542 -0.957775 923.390015
-7.113250 13.625085 1.515628 0.052478 0.011864 -0.930371 923.609985
-6.985118 13.466271 1.518621 0.082272 0.009054 -0.906326 923.840027
-6.892836 13.288239 1.521668 0.074478 0.000335 -0.890163 924.070007
-6.833949 13.095001 1.524956 0.060766 0.012218 -0.881150 924.299988
-6.798407 12.890205 1.528155 0.018692 -0.021976 -0.882818 924.530029
-6.778288 12.685216 1.530423 -0.037822 -0.082084 -0.889982 924.780029
-6.969342 12.741708 1.552174 0.011772 -0.108807 -0.927038 925.830017
-7.098740 12.901052 1.558969 0.007327 -0.047257 -0.940006 926.039978
-7.230549 13.060086 1.565557 0.006115 -0.013332 -0.955001 926.239990
-7.361728 13.215319 1.571443 0.007096 -0.011887 -0.972675 926.440002
-7.497658 13.372679 1.576150 0.003594 -0.002326 -0.993694 926.650024
-7.635408 13.529833 1.579123 0.003049 -0.007603 -1.018357 926.869995
-7.769333 13.681406 1.580602 0.003226 -0.015825 -1.045418 927.090027
-7.906130 13.835619 1.581155 0.010673 0.006874 -1.075153 927.320007
-8.046457 13.982883 1.581105 0.041481 -0.005403 -1.107825 927.559998
-8.198896 14.114491 1.581190 0.041278 -0.005272 -1.140736 927.799988
-8.365390 14.232604 1.581748 0.038849 -0.013621 -1.174478 928.039978
-8.537433 14.338372 1.583079 0.037419 -0.025515 -1.207496 928.270020
-8.713180 14.438884 1.584263 0.015660 -0.030349 -1.239196 928.489990
-8.891267 14.545610 1.582465 -0.011754 -0.047559 -1.271332 928.710022
-9.054424 14.662514 1.576115 -0.023846 -0.051894 -1.302527 928.919983
-9.206246 14.796947 1.564863 -0.022486 -0.047683 -1.334124 929.130005
-9.346161 14.945998 1.549799 -0.019837 -0.031376 -1.365882 929.340027
-9.474174 15.102922 1.534562 -0.011189 -0.026210 -1.397156 929.549988
-9.593226 15.264069 1.522267 -0.000081 -0.026884 -1.428086 929.760010
-9.708045 15.428780 1.514378 0.009887 -0.028907 -1.458883 929.969971
-9.822520 15.596972 1.511061 0.014625 -0.026360 -1.489566 930.179993
-9.937994 15.767063 1.511496 0.006433 -0.008349 -1.519796 930.390015
-10.051365 15.932682 1.512696 0.010716 0.000648 -1.549794 930.599976
-10.169393 16.097631 1.510383 0.026024 -0.005024 -1.580936 930.820007
-10.292927 16.256672 1.502036 0.032507 -0.011511 -1.611878 931.039978
-10.424548 16.413403 1.487202 0.032233 -0.015529 -1.642751 931.260010
-10.556970 16.562937 1.467829 0.021988 -0.011613 -1.672019 931.469971
-10.691582 16.710852 1.444927 0.010936 -0.005898 -1.701153 931.679993
-10.830550 16.861628 1.419922 0.014670 -0.006788 -1.731828 931.900024
-10.968905 17.009005 1.400112 0.023981 -0.007911 -1.762663 932.119995
-11.110223 17.154520 1.389002 0.021125 -0.005220 -1.793496 932.340027
-11.253533 17.297272 1.387034 0.017498 -0.003605 -1.824261 932.559998
-11.397367 17.436728 1.393358 0.025285 -0.008295 -1.855223 932.780029
-11.544014 17.576056 1.406057 0.028282 -0.012384 -1.886360 933.000000
-11.693455 17.717777 1.421299 0.024170 -0.019068 -1.917613 933.219971
-11.836178 17.857500 1.434676 0.022411 -0.023484 -1.947611 933.429993
-11.976531 18.002245 1.444989 0.008128 -0.017304 -1.977420 933.640015
-12.117283 18.155481 1.451689 0.012914 -0.015376 -2.008735 933.859985
-12.253325 18.309919 1.454419 0.021395 -0.014402 -2.040121 934.080017
-12.387796 18.465759 1.453322 0.017285 0.008265 -2.071474 934.299988
-12.525017 18.614027 1.446610 0.024813 0.045710 -2.103086 934.520020
-12.682498 18.748785 1.432891 0.033456 0.060326 -2.136564 934.750000
-12.853079 18.856134 1.413728 0.035082 0.054488 -2.169235 934.969971
-13.032986 18.942751 1.391246 0.025262 0.038555 -2.200798 935.179993
-13.219848 19.017475 1.367347 -0.038814 0.003986 -2.230970 935.390015
-13.413172 19.086220 1.342152 -0.101348 -0.029130 -2.261647 935.640015
-13.604259 19.137732 1.312362 -0.000750 0.044566 -2.321853 936.289978
-13.788218 19.059637 1.344697 0.065072 0.108624 -2.350754 936.859985
-13.977213 18.995287 1.372238 0.045990 0.071408 -2.367842 937.109985
-14.167543 18.935709 1.397525 0.027629 0.040464 -2.383690 937.320007
-14.359992 18.878401 1.422543 0.019926 0.026823 -2.400189 937.520020
-14.556469 18.823055 1.446363 0.029277 0.008367 -2.419025 937.719971
-14.753979 18.776367 1.467359 0.042969 -0.000318 -2.440401 937.919983
-14.952021 18.744041 1.484686 0.035673 -0.015249 -2.464735 938.119995
-15.155217 18.726620 1.498744 0.030562 -0.010687 -2.491670 938.330017
-15.362128 18.723114 1.509632 0.033573 -0.002397 -2.521563 938.549988
-15.566648 18.733875 1.516383 0.051835 -0.005501 -2.553283 938.770020
-15.771458 18.764673 1.518830 0.054761 -0.007726 -2.586565 938.989990
-15.966963 18.813976 1.517543 0.049695 -0.002046 -2.619022 939.200012
-16.162584 18.879230 1.513673 0.038863 0.004294 -2.652202 939.409973
-16.356909 18.954550 1.508168 0.015403 -0.002409 -2.686005 939.619995
-16.544909 19.032930 1.501795 0.013142 0.009266 -2.719311 939.830017
-16.729239 19.111013 1.495283 0.009565 0.013025 -2.752370 940.039978
-16.919439 19.190449 1.489913 0.004966 0.011459 -2.786329 940.260010
-17.106386 19.266430 1.488044 0.012213 0.022006 -2.819577 940.479980
-17.294090 19.340347 1.490140 0.007140 0.013503 -2.852217 940.700012
-17.487604 19.415956 1.495855 0.024920 -0.008202 -2.884995 940.929993
-17.669394 19.501757 1.503764 0.063930 -0.043852 -2.917790 941.159973
-17.833931 19.623592 1.512646 0.065180 -0.056888 -2.951476 941.400024
-17.966833 19.779806 1.520582 0.060087 -0.042951 -2.983136 941.640015
-18.070385 19.955231 1.527014 0.054163 -0.020295 -3.012858 941.869995
-18.158268 20.139881 1.532061 0.018172 0.018755 -3.041123 942.090027
-18.251886 20.322086 1.536352 -0.033861 0.073525 -3.071429 942.309998
-18.378164 20.484505 1.540197 -0.060597 0.080328 -3.102912 942.539978
-18.536797 20.607304 1.543002 -0.057503 0.070794 -3.133549 942.770020
-18.722397 20.694748 1.545255 -0.038437 0.058557 3.118707 943.000000
-18.917688 20.756031 1.547200 -0.021339 0.029565 3.089602 943.219971
-19.118299 20.805059 1.549458 -0.003957 0.027659 3.059498 943.440002
-19.321569 20.850590 1.552223 0.010830 0.024585 3.029145 943.659973
-19.523849 20.901747 1.556115 0.062104 -0.002311 2.998086 943.880005
-19.710897 20.977915 1.562132 0.100182 -0.022646 2.965421 944.099976
-19.876616 21.098013 1.569910 0.088757 -0.035475 2.930529 944.330017
-20.007439 21.252279 1.578318 0.076284 -0.035430 2.897233 944.559998
-20.104015 21.432247 1.584527 0.080259 -0.043814 2.863903 944.789978
-20.162220 21.625797 1.585831 0.073572 -0.038385 2.832994 945.010010
-20.190090 21.826290 1.582147 0.058827 -0.025371 2.803821 945.219971
-20.198446 22.026627 1.574495 0.036220 -0.014702 2.775790 945.419983
-20.196081 22.226500 1.564193 -0.033868 -0.029752 2.748276 945.619995
-20.186436 22.430996 1.551351 -0.099717 -0.047203 2.719578 945.859985
-19.982134 22.415138 1.558198 -0.013039 -0.116502 2.709825 946.789978
-19.827566 22.287489 1.570407 -0.009871 -0.080665 2.725394 947.010010
-19.665165 22.159893 1.584442 -0.008573 -0.048529 2.743055 947.210022
-19.502661 22.034386 1.599403 -0.004599 -0.022596 2.759858 947.400024
-19.340302 21.910858 1.612943 0.028228 -0.001325 2.774850 947.590027
-19.172052 21.796089 1.622182 0.063050 -0.006459 2.786703 947.789978
-18.992554 21.703623 1.624485 0.073023 -0.015945 2.793575 948.000000
-18.796576 21.639042 1.618649 0.061065 -0.017882 2.794417 948.219971
-18.593903 21.600695 1.606091 0.034344 -0.014911 2.788220 948.440002
-18.389227 21.576708 1.589027 0.011299 -0.023519 2.774303 948.659973
-18.182747 21.555223 1.569477 -0.001596 -0.033651 2.753660 948.880005
-17.982700 21.530050 1.549844 -0.007521 -0.032773 2.728542 949.090027
-17.780912 21.497866 1.530237 -0.009469 -0.023139 2.699083 949.299988
-17.582661 21.459465 1.512665 -0.018186 -0.000713 2.666634 949.510010
-17.387117 21.413343 1.498901 -0.016409 -0.017786 2.631049 949.729980
-17.189989 21.356340 1.491074 -0.011157 -0.032059 2.592160 949.960022
-16.992613 21.289165 1.489645 -0.003726 -0.038967 2.552220 950.190002
-16.799284 21.216475 1.493098 0.003326 -0.039594 2.513692 950.409973
-16.609419 21.141632 1.499342 0.007350 -0.033535 2.477147 950.619995
-16.415659 21.064070 1.507166 0.009524 -0.027720 2.441120 950.830017
-16.229641 20.989059 1.511449 -0.007771 -0.023551 2.407473 951.030029
-16.038635 20.905064 1.504483 -0.031391 -0.026038 2.372655 951.239990
-15.857965 20.809185 1.482662 -0.040768 -0.013917 2.337867 951.450012
-15.685528 20.697500 1.447742 -0.017526 -0.005428 2.302709 951.669983
-15.518161 20.579269 1.408537 0.024109 -0.011524 2.267823 951.900024
-15.347868 20.470247 1.374915 0.035751 -0.005292 2.234977 952.130005
-15.170312 20.375633 1.350397 0.038216 -0.007735 2.203185 952.359985
-14.984165 20.294216 1.335660 0.034620 -0.013542 2.172146 952.590027
-14.790157 20.221638 1.329025 0.022157 -0.011552 2.142242 952.820007
-14.593108 20.153971 1.327845 0.022941 -0.022490 2.112251 953.049988
-14.401020 20.089651 1.329759 0.010616 -0.015253 2.084229 953.270020
-14.209990 20.024719 1.332602 0.012219 -0.018133 2.056038 953.489990
-14.019554 19.958271 1.335353 0.018642 -0.023886 2.027559 953.710022
-13.826236 19.889126 1.337380 0.023362 -0.026832 1.998611 953.929993
-13.637343 19.820110 1.338626 0.016253 -0.028223 1.970407 954.140015
-13.446977 19.745295 1.340700 -0.006377 -0.043811 1.941494 954.349976
-13.261562 19.656408 1.344648 -0.019198 -0.050946 1.911866 954.559998
-13.085343 19.549200 1.350958 -0.016314 -0.047221 1.881304 954.770020
-12.917542 19.427460 1.360375 0.012228 -0.013379 1.849675 954.979980
-12.751197 19.307383 1.374110 0.041717 0.018649 1.818586 955.190002
-12.578956 19.204525 1.391835 0.038777 0.036878 1.787868 955.400024
-12.393264 19.121740 1.413585 0.040326 0.034511 1.755002 955.619995
-12.201743 19.062101 1.437624 0.023430 0.027134 1.722280 955.840027
-12.006183 19.018488 1.460763 -0.058672 0.036666 1.689857 956.070007
-11.809290 18.986362 1.485658 -0.161594 0.045785 1.651580 956.390015
-11.613996 18.927984 1.500411 0.103853 -0.054747 1.601585 957.250000
-11.430898 18.844046 1.504381 0.087724 -0.042906 1.585838 957.539978
-11.243239 18.757370 1.507949 0.061963 -0.028702 1.570897 957.770020
-11.052994 18.669445 1.512348 0.035663 -0.015738 1.554464 957.979980
-10.865808 18.582962 1.519287 0.024328 -0.009835 1.535954 958.179993
-10.678096 18.496357 1.529313 0.009659 -0.004092 1.515077 958.380005
-10.495251 18.411911 1.541936 0.000807 -0.000671 1.492082 958.580017
-10.311416 18.326889 1.557795 0.011448 -0.003438 1.465824 958.789978
-10.124508 18.240524 1.576613 0.005989 -0.002836 1.436575 959.010010
-9.937010 18.152636 1.595197 -0.006442 -0.022628 1.404990 959.239990
-9.757291 18.053505 1.604933 -0.011512 -0.064538 1.371595 959.479980
-9.599584 17.928331 1.600085 -0.002381 -0.079773 1.336862 959.719971
-9.466850 17.777058 1.581453 0.008437 -0.070799 1.302615 959.950012
-9.351518 17.607677 1.552980 0.013470 -0.049704 1.269504 960.169983
-9.247636 17.432970 1.520361 0.017478 -0.003308 1.237713 960.380005
-9.141492 17.262964 1.488341 0.037199 0.050045 1.206061 960.590027
-9.012575 17.108128 1.459497 0.039443 0.070880 1.172719 960.809998
-8.853662 16.978968 1.436016 0.032166 0.064843 1.137387 961.039978
-8.674174 16.879309 1.419283 0.035658 0.047283 1.102021 961.270020
-8.487361 16.802000 1.408790 0.018212 0.026280 1.068711 961.489990
-8.295639 16.735456 1.403664 0.018805 0.018197 1.036143 961.710022
-8.101552 16.675159 1.403711 0.027619 0.015440 1.003872 961.929993
-7.902868 16.617197 1.408057 0.032062 0.012559 0.971640 962.150024
-7.708332 16.561445 1.414926 0.030020 0.009608 0.940888 962.359985
-7.511158 16.504381 1.423359 0.010417 -0.004813 0.910292 962.570007
-7.312979 16.441010 1.434313 0.007617 -0.055294 0.879694 962.789978
-7.130348 16.354849 1.449469 0.023666 -0.083807 0.848059 963.020020
-6.969947 16.228310 1.469407 0.034508 -0.078667 0.815346 963.260010
-6.839296 16.072525 1.490662 0.029372 -0.039770 0.784669 963.489990
-6.723231 15.909168 1.506545 0.018709 0.038416 0.755134 963.710022
-6.588964 15.752404 1.514425 0.008288 0.081752 0.722813 963.940002
-6.430077 15.626569 1.512171 -0.004590 0.079942 0.689918 964.169983
-6.249980 15.533543 1.500443 0.003674 0.069743 0.656924 964.400024
-6.060173 15.468621 1.484480 -0.005580 0.064354 0.625118 964.619995
-5.857271 15.427017 1.470536 -0.023293 0.066360 0.593114 964.840027
-5.655389 15.413187 1.462186 -0.031651 0.047073 0.563303 965.049988
-5.452966 15.422082 1.459672 -0.027203 0.033088 0.533641 965.260010
-5.253847 15.447735 1.463187 -0.014577 0.031195 0.503650 965.469971
-5.055935 15.483992 1.471853 -0.000039 0.022043 0.473721 965.679993
-4.859310 15.521698 1.483323 0.035823 0.001145 0.443734 965.890015
-4.655888 15.545189 1.496064 0.063758 -0.006180 0.411847 966.109985
-4.454801 15.540557 1.507643 0.058507 -0.015765 0.379304 966.330017
-4.250792 15.506635 1.517489 0.052332 -0.000085 0.346916 966.559998
-4.050375 15.450284 1.524781 0.018361 -0.018591 0.313782 966.789978
-3.861345 15.383106 1.529028 -0.038037 -0.075006 0.283088 967.030029
-3.675647 15.304260 1.530033 -0.070938 -0.099527 0.245846 967.409973
-3.873970 15.319410 1.552617 -0.037296 -0.115258 0.239016 968.130005
-4.078538 15.344290 1.566109 -0.025170 -0.073950 0.253143 968.359985
-4.280185 15.367239 1.579676 -0.011634 -0.031818 0.271590 968.559998
-4.486403 15.390386 1.594347 -0.012043 -0.013487 0.295280 968.760010
-4.689588 15.415444 1.608609 -0.018448 -0.004870 0.322799 968.960022
-4.887575 15.445274 1.621600 -0.021324 -0.003030 0.353176 969.159973
-5.088963 15.482465 1.633249 -0.012797 0.004998 0.386842 969.369995
-5.290568 15.525939 1.643164 -0.018328 -0.006644 0.423921 969.590027
-5.487616 15.573380 1.651262 -0.012775 -0.008190 0.461488 969.809998
-5.689834 15.623957 1.656770 0.001531 -0.021613 0.500774 970.039978
-5.890453 15.665376 1.654283 0.024754 -0.046652 0.539563 970.270020
-6.094108 15.683195 1.640622 0.029286 -0.060705 0.578062 970.500000
-6.294522 15.673384 1.616960 0.022620 -0.056407 0.614931 970.719971
-6.490499 15.643024 1.586469 0.013992 -0.040947 0.649582 970.929993
-6.685987 15.599335 1.552377 0.016943 -0.007868 0.683215 971.140015
-6.880112 15.547104 1.520181 0.007592 -0.012691 0.716436 971.359985
-7.075034 15.488146 1.495867 -0.002965 -0.023863 0.749815 971.590027
-7.268150 15.425449 1.482455 -0.003334 -0.016172 0.781894 971.820007
-7.458727 15.361780 1.478634 -0.020003 -0.016610 0.813062 972.049988
-7.652369 15.302322 1.481936 -0.036850 -0.016662 0.843524 972.280029
-7.854102 15.251874 1.489418 -0.030405 -0.005971 0.872946 972.510010
-8.050923 15.213012 1.498240 -0.031428 -0.009514 0.901272 972.729980
-8.251142 15.181537 1.506981 -0.019031 -0.012977 0.929482 972.950012
-8.452090 15.151540 1.512864 -0.001276 -0.029000 0.957893 973.169983
-8.651358 15.112927 1.514304 0.006194 -0.038450 0.986647 973.390015
-8.847170 15.060728 1.511187 0.011964 -0.029944 1.015688 973.609985
-9.036620 14.996533 1.503805 -0.001835 -0.034584 1.044961 973.830017
-9.224682 14.922451 1.493271 -0.007244 -0.027224 1.074546 974.049988
-9.411888 14.843394 1.480843 -0.015784 -0.005514 1.104305 974.270020
-9.597863 14.768967 1.467161 -0.035793 0.001138 1.134435 974.489990
-9.787835 14.705444 1.453048 -0.031163 0.007964 1.164460 974.710022
-9.989229 14.651834 1.438199 -0.029086 0.001775 1.196388 974.940002
-10.184011 14.608111 1.423216 -0.017795 -0.024100 1.227357 975.159973
-10.380331 14.559236 1.406622 -0.007296 -0.043783 1.258333 975.380005
-10.574907 14.495923 1.388597 0.012658 -0.032065 1.289162 975.599976
-10.767139 14.416664 1.371554 0.007485 -0.018299 1.321365 975.830017
-10.948756 14.331206 1.361068 -0.018898 -0.018207 1.353223 976.059998
-11.129950 14.243744 1.358809 -0.016089 -0.007562 1.384418 976.289978
-11.311646 14.158069 1.364109 -0.028692 -0.009867 1.415729 976.520020
-11.497331 14.074625 1.374835 -0.000874 0.004806 1.446339 976.750000
-11.684871 13.993088 1.387583 0.071861 0.040965 1.479024 977.000000
-11.869741 13.914946 1.403501 0.106125 0.053930 1.521279 977.409973
-12.054012 13.999116 1.427639 -0.104036 0.043529 1.566372 978.210022
-12.236443 14.095153 1.441283 -0.086061 0.031366 1.584347 978.489990
-12.416772 14.182269 1.452646 -0.047509 0.014235 1.601239 978.710022
-12.601798 14.267137 1.463815 -0.022500 -0.000156 1.618875 978.919983
-12.788495 14.347154 1.475681 -0.024161 -0.018429 1.638434 979.130005
-12.984902 14.418087 1.489293 -0.032658 -0.024801 1.661437 979.349976
-13.185388 14.472963 1.504237 -0.037523 -0.020440 1.687007 979.570007
-13.381766 14.512129 1.518418 -0.027579 -0.013374 1.713660 979.780029
-13.579784 14.542607 1.526809 -0.024030 0.002941 1.742173 979.989990
-13.778245 14.570916 1.525136 -0.021427 0.014677 1.772428 980.200012
-13.977138 14.601836 1.512298 -0.020391 0.020450 1.804075 980.409973
-14.176477 14.637340 1.489186 -0.020295 0.021868 1.836744 980.619995
-14.375723 14.677284 1.459064 -0.001351 0.005337 1.869975 980.830017
-14.576518 14.718498 1.428936 -0.010273 -0.016775 1.904088 981.049988
-14.777919 14.750041 1.407381 -0.031980 -0.022318 1.939667 981.280029
-14.979716 14.763663 1.399773 -0.045619 -0.016043 1.974788 981.510010
-15.188551 14.759912 1.405920 -0.045194 -0.006759 2.009570 981.739990
-15.394858 14.744333 1.421758 -0.022785 -0.005225 2.042737 981.960022
-15.600228 14.722490 1.443900 -0.012979 0.008783 2.075080 982.179993
-15.801563 14.704491 1.467096 0.030192 0.051538 2.107571 982.400024
-16.001923 14.715679 1.487121 0.060353 0.083994 2.142096 982.630005
-16.195984 14.778786 1.500254 0.062870 0.069422 2.174748 982.869995
-16.366594 14.883491 1.504843 0.042814 0.059576 2.205991 983.099976
-16.522308 15.010773 1.502559 -0.017442 0.024171 2.235127 983.320007
-16.682938 15.135921 1.496067 -0.070998 -0.003053 2.266427 983.539978
-16.857834 15.233969 1.487049 -0.075941 -0.024408 2.299116 983.760010
-17.052113 15.298420 1.476156 -0.071614 -0.014549 2.331009 983.989990
-17.256895 15.329597 1.465080 -0.047439 -0.010139 2.363199 984.219971
-17.460279 15.338232 1.454763 0.021943 -0.060517 2.394639 984.450012
-17.660639 15.331512 1.447992 0.127221 -0.122992 2.423884 984.750000
-17.597166 15.519877 1.484166 0.116228 0.033008 2.456737 985.469971
-17.495783 15.697752 1.510898 0.084505 0.026225 2.434374 985.710022
-17.400373 15.873719 1.536858 0.054795 0.017645 2.408445 985.909973
-17.305677 16.052025 1.562127 0.018238 0.016871 2.379261 986.099976
-17.215200 16.231705 1.583850 -0.008260 0.035798 2.346379 986.289978
-17.135199 16.419943 1.600065 -0.017229 0.048882 2.308652 986.489990
-17.073132 16.617157 1.608829 -0.025540 0.036881 2.267814 986.700012
-17.030190 16.819916 1.609519 -0.012105 0.035420 2.223932 986.919983
-17.003504 17.021391 1.603374 -0.002622 0.021087 2.180283 987.140015
-16.984194 17.220127 1.591712 0.017455 0.004365 2.137845 987.359985
-16.959206 17.424114 1.574575 0.040818 0.006096 2.094912 987.590027
-16.922085 17.620642 1.554604 0.045913 0.008905 2.055362 987.809998
-16.870419 17.820478 1.532451 0.040454 0.012295 2.017415 988.030029
-16.810448 18.013145 1.510729 0.018953 0.002550 1.982486 988.239990
-16.743511 18.210358 1.489726 0.004034 0.011459 1.948263 988.460022
-16.679844 18.403412 1.472324 0.000263 0.024754 1.915770 988.679993
-16.623116 18.596319 1.459007 -0.005710 0.018096 1.884972 988.900024
-16.572073 18.796158 1.449011 0.000975 0.027348 1.854060 989.130005
-16.527050 18.998842 1.442216 0.009513 0.036423 1.823921 989.359985
-16.486355 19.199665 1.437782 0.011704 0.029493 1.795369 989.580017
-16.445351 19.405056 1.435820 0.016472 0.023980 1.766913 989.799988
-16.403324 19.603071 1.436574 0.017753 0.019384 1.739565 990.010010
-16.357592 19.800076 1.439495 0.012030 0.006077 1.712042 990.219971
-16.306868 20.000910 1.444406 0.013440 0.017879 1.683365 990.440002
-16.253637 20.199532 1.450751 0.008325 0.009855 1.654241 990.659973
-16.199316 20.393070 1.457379 0.014065 -0.000185 1.625236 990.880005
-16.137621 20.585957 1.463966 0.039394 0.008818 1.594989 991.109985
-16.060183 20.773306 1.470098 0.049136 0.017938 1.564118 991.340027
-15.967194 20.951321 1.475401 0.044567 0.023072 1.533799 991.559998
-15.858304 21.129827 1.479993 0.030396 0.018659 1.502652 991.780029
-15.746021 21.298552 1.483581 0.014811 0.009532 1.472784 991.989990
-15.626834 21.470753 1.486787 0.004797 0.019137 1.441885 992.210022
-15.511095 21.642918 1.489584 -0.020005 0.032813 1.411561 992.429993
-15.407535 21.822371 1.492031 -0.034445 0.039834 1.382905 992.650024
-15.324538 22.004509 1.494002 -0.034429 0.040201 1.358176 992.859985
-15.256060 22.197077 1.495580 -0.026942 0.032853 1.336946 993.070007
-15.199232 22.394352 1.496566 -0.017193 -0.025007 1.320456 993.280029
-15.149848 22.595682 1.496540 -0.005816 -0.101543 1.305829 993.520020
-15.110777 22.792257 1.497755 0.031300 0.003359 1.284297 994.119995
-14.946380 22.912842 1.512846 0.061670 0.097107 1.254969 994.760010
-14.786057 23.035265 1.526745 0.041936 0.073862 1.232299 995.020020
-14.625239 23.161331 1.539964 0.020326 0.040489 1.209586 995.239990
-14.464158 23.289305 1.552743 0.016172 0.021000 1.186025 995.450012
-14.300672 23.416904 1.564431 0.025909 0.012768 1.160079 995.659973
-14.133183 23.539062 1.574325 0.026671 0.003477 1.131614 995.869995
-13.963258 23.652018 1.581882 0.020627 -0.003279 1.101598 996.080017
-13.785779 23.759575 1.587652 0.021252 0.009181 1.069247 996.299988
-13.608099 23.859943 1.591599 -0.003304 0.001410 1.036530 996.520020
-13.433780 23.963427 1.593016 -0.062689 0.020827 1.005991 996.750000
-13.277344 24.098608 1.590971 -0.090757 0.042167 0.981315 997.000000
-13.163990 24.266695 1.585361 -0.080641 0.041963 0.970432 997.239990
-13.086208 24.450832 1.577691 -0.056079 0.031552 0.971141 997.460022
-13.025300 24.650318 1.568867 0.003009 0.000111 0.979852 997.679993
-12.961712 24.848063 1.561191 0.077430 0.004252 0.991167 997.909973
-12.864083 25.023485 1.556689 0.103840 0.017729 1.002359 998.150024
-12.719863 25.166952 1.555514 0.091366 0.024307 1.008669 998.390015
-12.551048 25.277630 1.556785 0.059697 0.014536 1.007974 998.609985
-12.366602 25.371967 1.558516 -0.003807 -0.054307 1.001561 998.830017
-12.180632 25.451580 1.560344 -0.051408 -0.097952 0.994351 999.090027
-12.170262 25.248730 1.569198 0.030863 -0.112471 0.961898 1000.119995
-12.260654 25.062119 1.569987 0.022240 -0.066709 0.948518 1000.340027
-12.347573 24.872902 1.570458 0.012710 -0.028594 0.932997 1000.539978
-12.429160 24.689619 1.570830 0.009138 -0.015523 0.915095 1000.729980
-12.511880 24.498489 1.570954 0.012333 -0.009770 0.893511 1000.929993
-12.589516 24.310242 1.570606 0.017627 -0.011555 0.869395 1001.130005
-12.661339 24.123192 1.569836 0.018349 -0.013374 0.843128 1001.330017
-12.731289 23.927132 1.568166 0.012161 -0.013962 0.813596 1001.539978
-12.798618 23.732756 1.563168 -0.001215 -0.023162 0.782359 1001.750000
-12.869591 23.541424 1.553007 -0.010554 -0.026782 0.749800 1001.960022
-12.947587 23.355751 1.537849 -0.016885 -0.014426 0.716459 1002.169983
-13.035275 23.171310 1.516734 -0.008036 -0.021463 0.681566 1002.390015
-13.128339 22.993158 1.491730 -0.007895 -0.013356 0.646858 1002.609985
-13.229875 22.817453 1.466355 -0.052760 -0.011220 0.613850 1002.840027
-13.357723 22.657131 1.444054 -0.081068 -0.035509 0.586533 1003.090027
-13.519513 22.534538 1.428785 -0.068728 -0.029753 0.567219 1003.340027
-13.710273 22.443462 1.420263 -0.048854 -0.040987 0.561091 1003.590027
-13.906564 22.375586 1.417210 -0.023258 -0.024612 0.564329 1003.820007
-14.101338 22.316763 1.416345 0.007523 -0.022992 0.573049 1004.039978
-14.292979 22.251772 1.413458 0.051172 -0.027875 0.583057 1004.260010
-14.473117 22.164436 1.405827 0.069385 -0.031352 0.591613 1004.479980
-14.638715 22.047962 1.392310 0.064026 -0.032493 0.596455 1004.700012
-14.785049 21.912092 1.376347 0.048148 -0.029372 0.596292 1004.909973
-14.923081 21.759060 1.361821 0.031124 -0.026015 0.590471 1005.119995
-15.049861 21.604141 1.351777 0.017971 -0.024423 0.579453 1005.320007
-15.174883 21.445175 1.346434 0.009905 -0.026256 0.563268 1005.520020
-15.300411 21.285049 1.345623 0.002423 -0.020125 0.542554 1005.719971
-15.425554 21.128298 1.348391 -0.007201 0.003142 0.518159 1005.919983
-15.557524 20.966421 1.354899 0.002534 -0.004004 0.488082 1006.140015
-15.684000 20.811001 1.364395 0.008198 -0.011332 0.455381 1006.359985
-15.812512 20.652933 1.376782 -0.021282 -0.011082 0.419791 1006.590027
-15.950553 20.504356 1.392537 -0.044728 -0.038532 0.381849 1006.830017
-16.108007 20.378860 1.410681 -0.046754 -0.035425 0.341937 1007.070007
-16.284414 20.276976 1.430029 -0.031532 -0.040274 0.302506 1007.309998
-16.468634 20.194288 1.449435 -0.015786 -0.033972 0.265082 1007.539978
-16.661587 20.119328 1.468255 -0.001070 -0.017514 0.228709 1007.770020
-16.853516 20.045769 1.482779 0.030246 -0.015574 0.193767 1008.000000
-17.040268 19.960499 1.490008 0.046203 -0.014952 0.160237 1008.229980
-17.220026 19.857300 1.489656 0.034473 -0.000479 0.128659 1008.460022
-17.389715 19.742004 1.486295 0.023477 -0.013143 0.097043 1008.690002
-17.555717 19.620335 1.485336 0.015629 -0.027605 0.065895 1008.919983
-17.718496 19.501564 1.489263 0.011918 -0.034584 0.036340 1009.140015
-17.888821 19.382521 1.498627 0.009930 -0.033841 0.006777 1009.359985
-18.055826 19.271469 1.510222 -0.024727 0.019134 -0.021233 1009.570007
-18.225138 19.164284 1.522903 -0.062917 0.079771 -0.053356 1009.809998
-18.398037 19.061577 1.537235 -0.058738 0.079747 -0.098328 1010.270020
-18.359741 18.862164 1.553614 0.112472 0.020240 -0.144018 1011.109985
-18.326069 18.657507 1.561189 0.092440 0.012911 -0.159873 1011.380005
-18.300987 18.451664 1.567679 0.064104 0.007633 -0.175510 1011.599976
-18.280783 18.247402 1.574103 0.036475 0.002178 -0.192159 1011.799988
-18.263355 18.038328 1.582736 0.021888 -0.000150 -0.211169 1012.000000
-18.248554 17.830536 1.594282 0.009682 -0.002191 -0.232685 1012.200012
-18.236126 17.628967 1.608356 -0.000087 -0.003623 -0.256370 1012.400024
-18.225050 17.427019 1.625729 0.012006 0.003224 -0.283384 1012.609985
-18.214315 17.221216 1.646300 0.007087 0.001327 -0.313700 1012.830017
-18.203861 17.022127 1.666543 -0.001784 0.018335 -0.345546 1013.049988
-18.183804 16.822231 1.681798 -0.009946 0.055529 -0.380461 1013.280029
-18.136089 16.619184 1.688122 -0.018058 0.055650 -0.417258 1013.520020
-18.063374 16.431229 1.684829 -0.013681 0.048724 -0.452439 1013.750000
-17.969810 16.248457 1.673686 0.000436 0.047174 -0.487750 1013.979980
-17.865667 16.072557 1.657668 0.010376 0.040278 -0.521502 1014.200012
-17.758337 15.900765 1.639266 0.014308 0.030389 -0.553685 1014.409973
-17.649136 15.725807 1.619370 0.022900 0.007693 -0.585671 1014.619995
-17.547617 15.549037 1.599063 0.040451 -0.002349 -0.617325 1014.830017
-17.461203 15.367657 1.578891 0.048954 0.000589 -0.648526 1015.039978
-17.391018 15.178840 1.559198 0.045418 0.005367 -0.679156 1015.250000
-17.334368 14.983116 1.540456 0.026507 0.008360 -0.708661 1015.460022
-17.283804 14.786581 1.526028 -0.021046 0.026594 -0.735806 1015.669983
-17.218327 14.589644 1.519019 -0.053025 0.043531 -0.760692 1015.890015
-17.125242 14.406477 1.520741 -0.058233 0.045562 -0.781221 1016.109985
-17.004023 14.237225 1.528143 -0.033819 0.024874 -0.798233 1016.330017
-16.869820 14.077971 1.534412 0.014706 0.018368 -0.815469 1016.549988
-16.740873 13.916637 1.535382 0.040647 0.010320 -0.834076 1016.770020
-16.628414 13.748095 1.529480 0.043950 0.001990 -0.853902 1016.989990
-16.531446 13.565307 1.515560 0.040683 0.017360 -0.875241 1017.219971
-16.449312 13.374257 1.496830 0.003419 0.016269 -0.897787 1017.450012
-16.366894 13.185729 1.481476 -0.048293 0.024536 -0.916995 1017.679993
-16.262756 13.011585 1.474985 -0.067517 0.031073 -0.929681 1017.909973
-16.127848 12.854542 1.478503 -0.061736 0.030659 -0.933889 1018.140015
-15.973460 12.718156 1.489848 -0.042002 0.019128 -0.929457 1018.359985
-15.813479 12.598335 1.503514 -0.018141 0.017022 -0.918812 1018.570007
-15.650387 12.483191 1.516443 -0.001772 0.025147 -0.902219 1018.780029
-15.481160 12.361341 1.526932 0.008405 0.011439 -0.879440 1019.000000
-15.319036 12.238344 1.533162 0.010208 0.023385 -0.852737 1019.219971
-15.162458 12.111565 1.535192 0.009436 -0.005208 -0.824546 1019.440002
-15.008554 11.981368 1.533571 0.010853 -0.083258 -0.794608 1019.679993
-14.857562 11.849083 1.528139 -0.006648 -0.135447 -0.753174 1020.059998
-14.737848 12.009357 1.519882 -0.112345 0.013198 -0.719869 1020.789978
-14.616122 12.178756 1.515774 -0.090565 0.012799 -0.703519 1021.059998
-14.487005 12.340645 1.512422 -0.065289 0.008641 -0.687740 1021.280029
-14.355717 12.498884 1.509431 -0.041331 0.009009 -0.671272 1021.479980
-14.224254 12.651399 1.508008 -0.015785 0.035355 -0.653551 1021.669983
-14.077817 12.801297 1.509692 0.004176 0.061708 -0.631599 1021.869995
-13.920494 12.929402 1.514978 0.020645 0.060561 -0.607247 1022.070007
-13.747062 13.036683 1.523911 0.019226 0.052511 -0.579702 1022.280029
-13.558986 13.123444 1.536797 0.005059 0.043036 -0.548704 1022.500000
-13.365821 13.192954 1.552025 0.003792 0.020104 -0.516351 1022.719971
-13.174408 13.253036 1.565503 -0.011451 0.011810 -0.483053 1022.940002
-12.976697 13.314827 1.572838 -0.028414 0.012467 -0.447549 1023.169983
-12.779458 13.382428 1.571721 -0.021375 0.000939 -0.411393 1023.400024
-12.586522 13.456266 1.562148 -0.026778 0.011064 -0.375984 1023.630005
-12.394407 13.536319 1.545983 -0.016629 0.004346 -0.340627 1023.859985
-12.207538 13.619961 1.528036 -0.017080 -0.009060 -0.306417 1024.089966
-12.023630 13.713306 1.511831 -0.035311 0.001452 -0.271999 1024.329956
-11.845630 13.818608 1.500466 -0.027646 -0.000920 -0.238036 1024.569946
-11.673078 13.933690 1.494290 -0.032292 0.014335 -0.205365 1024.810059
-11.507031 14.052345 1.492730 -0.021477 0.012701 -0.174086 1025.040039
-11.341573 14.173923 1.493508 0.006123 0.013371 -0.143657 1025.270020
-11.169773 14.288772 1.492699 0.042003 0.047174 -0.111950 1025.510010
-10.985662 14.373102 1.487300 0.051892 0.050913 -0.081864 1025.750000
-10.786837 14.423158 1.476496 0.043739 0.034367 -0.055153 1025.989990
-10.580685 14.445613 1.461409 0.031680 0.034699 -0.031554 1026.229980
-10.376547 14.449129 1.444416 0.018868 0.035352 -0.013283 1026.459961
-10.175912 14.443040 1.427163 0.008194 0.020872 0.000282 1026.680054
-9.974984 14.433322 1.409621 0.001358 0.026504 0.012138 1026.900024
-9.772553 14.423611 1.393778 -0.004806 0.026871 0.022875 1027.119995
-9.567837 14.416867 1.383557 -0.009352 0.030366 0.032214 1027.339966
-9.360048 14.415133 1.380511 -0.009666 0.018074 0.040075 1027.560059
-9.153885 14.418295 1.384181 -0.007526 0.015487 0.046090 1027.780029
-8.950679 14.425147 1.393670 -0.004467 0.023615 0.050280 1028.000000
-8.748118 14.434073 1.405928 0.002664 0.015454 0.052329 1028.219971
-8.547800 14.441710 1.416194 0.011133 0.027167 0.050608 1028.439941
-8.345772 14.444692 1.422032 0.013252 0.018065 0.043908 1028.660034
-8.145792 14.441581 1.423887 0.025748 -0.002192 0.032322 1028.880005
-7.938657 14.423179 1.428411 0.061130 0.004521 0.014600 1029.119995
-7.740642 14.373336 1.440348 0.063308 0.000247 -0.009858 1029.359985
-7.552972 14.291368 1.460054 0.050524 0.006539 -0.038389 1029.599976
-7.380416 14.190430 1.486096 0.032441 0.009624 -0.069194 1029.829956
-7.210126 14.075224 1.514223 -0.015597 -0.057767 -0.103126 1030.069946
-7.051657 13.956696 1.543640 -0.084359 -0.152198 -0.136974 1030.380005
-6.866647 14.030345 1.576813 -0.093830 0.075199 -0.137609 1031.369995
-6.713292 14.167666 1.585722 -0.068517 0.061871 -0.100473 1031.640015
-6.559455 14.305992 1.593868 -0.045601 0.047311 -0.063557 1031.859985
-6.405956 14.443087 1.602002 -0.025925 0.031784 -0.026468 1032.060059
-6.255164 14.576083 1.609392 0.001332 0.017479 0.010510 1032.250000
-6.096508 14.709478 1.615170 0.020761 0.021873 0.050273 1032.449951
-5.936510 14.829709 1.617971 0.024517 0.028978 0.090111 1032.650024
-5.763983 14.941341 1.617512 0.019116 0.030903 0.128987 1032.859985
-5.586296 15.040465 1.614250 0.031147 0.024523 0.161552 1033.069946
-5.395689 15.126868 1.608664 0.049601 0.028514 0.186774 1033.290039
-5.198088 15.189445 1.601691 0.049974 0.020900 0.200553 1033.510010
-4.996331 15.228565 1.593823 0.038444 0.014956 0.204284 1033.729980
-4.793973 15.249866 1.585732 0.024546 0.024804 0.199767 1033.949951
-4.589612 15.260355 1.577950 0.037087 0.003078 0.187034 1034.170044
-4.382811 15.250382 1.570004 0.096840 -0.040231 0.164440 1034.400024
-4.190842 15.187479 1.561055 0.118523 -0.055378 0.133705 1034.640015
-4.029798 15.060865 1.550527 0.105016 -0.043087 0.099216 1034.880005
-3.904816 14.899343 1.539654 0.054929 -0.003033 0.065464 1035.099976
-3.791213 14.729302 1.529744 -0.013313 0.045440 0.029110 1035.310059
-3.664831 14.572514 1.522093 -0.052658 0.062552 -0.009754 1035.520020
-3.511212 14.439258 1.516261 -0.063507 0.055353 -0.049694 1035.739990
-3.329634 14.336416 1.511851 -0.051236 0.053517 -0.091476 1035.969971
-3.138907 14.265335 1.508939 -0.040365 0.025767 -0.128353 1036.189941
-2.942839 14.217054 1.508122 -0.071202 0.006420 -0.160037 1036.410034
-2.739065 14.203271 1.509987 -0.093083 0.003054 -0.184411 1036.640015
-2.536117 14.235210 1.513943 -0.086016 0.005633 -0.199674 1036.869995
-2.341500 14.303339 1.519193 -0.063491 0.009954 -0.208935 1037.089966
-2.154851 14.389546 1.524595 0.000781 0.026950 -0.215793 1037.300049
-1.966342 14.469019 1.529783 0.064604 0.043633 -0.222067 1037.510010
-1.766521 14.516752 1.534365 0.087589 0.035725 -0.231741 1037.729980
-1.560287 14.518865 1.537294 0.078460 0.035113 -0.243368 1037.959961
-1.356924 14.478627 1.538441 0.054249 0.040766 -0.256804 1038.189941
-1.160794 14.412387 1.538393 0.029490 0.038565 -0.271467 1038.410034
-0.970317 14.335243 1.537737 0.010632 0.034941 -0.285499 1038.619995
-0.777342 14.253508 1.536740 -0.001728 0.013127 -0.299135 1038.829956
-0.587334 14.174315 1.535310 -0.007323 0.010062 -0.313077 1039.040039
-0.401421 14.100210 1.533157 -0.004444 0.017359 -0.327495 1039.250000
-0.208359 14.025754 1.529886 0.000408 0.024434 -0.342576 1039.469971
-0.015620 13.951621 1.525520 0.002765 0.012661 -0.357023 1039.689941
0.173426 13.877681 1.520108 0.003444 0.021098 -0.370036 1039.910034
0.360993 13.802678 1.514056 0.003164 0.014974 -0.381236 1040.130005
0.552599 13.724033 1.508382 0.009025 0.003659 -0.391702 1040.359985
0.743173 13.640509 1.505310 0.014848 0.025236 -0.403089 1040.599976
0.931043 13.549727 1.506030 0.013485 0.019432 -0.416691 1040.839966
1.108709 13.456579 1.509909 0.009993 0.030014 -0.431052 1041.069946
1.287154 13.358154 1.516101 0.004919 -0.002292 -0.446749 1041.300049
1.465004 13.256836 1.522558 -0.001471 -0.083649 -0.463496 1041.550049
1.298087 13.144531 1.556898 0.062906 -0.094778 -0.504309 1042.520020
1.096598 13.132578 1.564728 0.031023 -0.044086 -0.514614 1042.719971
0.893226 13.119722 1.573215 0.016384 -0.020687 -0.527920 1042.910034
0.689387 13.106136 1.582605 0.008878 -0.009944 -0.543571 1043.099976
0.480241 13.091667 1.592775 -0.003440 0.003975 -0.562107 1043.300049
0.272105 13.077745 1.602907 -0.005115 -0.008734 -0.583845 1043.510010
0.072377 13.068326 1.611662 -0.005496 -0.023735 -0.607955 1043.719971
-0.133085 13.066862 1.618989 -0.009474 -0.021069 -0.635583 1043.939941
-0.333973 13.074528 1.624188 -0.003509 -0.021601 -0.665033 1044.160034
-0.540573 13.090071 1.627250 0.000011 -0.025907 -0.697349 1044.390015
-0.746273 13.114183 1.623873 -0.012875 -0.042678 -0.730846 1044.619995
-0.943322 13.153008 1.611643 -0.020394 -0.043794 -0.764165 1044.839966
-1.137950 13.209663 1.590891 -0.021508 -0.029026 -0.798236 1045.060059
-1.325914 13.279856 1.562548 -0.007329 -0.032739 -0.832018 1045.280029
-1.510963 13.359485 1.529756 -0.000722 -0.022106 -0.865569 1045.500000
-1.693718 13.443304 1.500063 0.011796 -0.021554 -0.898692 1045.719971
-1.877541 13.527445 1.478771 0.021108 -0.024444 -0.931468 1045.939941
-2.066375 13.610594 1.467680 0.023837 -0.024599 -0.963922 1046.160034
-2.252376 13.688949 1.466174 0.024160 -0.024664 -0.994767 1046.369995
-2.442829 13.766300 1.470179 0.017816 -0.009694 -1.025134 1046.579956
-2.633438 13.839439 1.472161 0.028223 -0.002226 -1.055536 1046.790039
-2.825370 13.904375 1.467102 0.027075 0.003903 -1.085579 1047.000000
-3.024704 13.962261 1.455551 -0.009905 0.006352 -1.116290 1047.219971
-3.217488 14.020611 1.446157 -0.036587 -0.033493 -1.147143 1047.449951
-3.404565 14.106347 1.447358 -0.041559 -0.052117 -1.181149 1047.699951
-3.570110 14.225196 1.462024 -0.027856 -0.052786 -1.215628 1047.949951
-3.715544 14.366542 1.488324 -0.006798 -0.051483 -1.248620 1048.189941
-3.851704 14.519623 1.519449 0.020111 -0.014762 -1.280240 1048.420044
-3.993456 14.669191 1.547770 0.062761 0.015422 -1.310893 1048.650024
-4.155226 14.796631 1.568060 0.077207 0.024595 -1.341793 1048.880005
-4.333720 14.893542 1.578242 0.068418 0.022066 -1.372216 1049.099976
-4.522252 14.966681 1.580199 0.047158 0.016363 -1.401697 1049.310059
-4.719682 15.026195 1.576250 0.022087 0.011080 -1.431112 1049.520020
-4.916832 15.077014 1.568155 0.020341 -0.000241 -1.460894 1049.729980
-5.112176 15.124288 1.557704 0.001707 -0.006778 -1.490538 1049.939941
-5.307791 15.175535 1.544542 -0.015333 -0.037694 -1.520597 1050.160034
-5.496073 15.245145 1.528093 -0.008932 -0.064259 -1.552016 1050.390015
-5.676544 15.346230 1.508758 -0.013068 -0.053292 -1.585247 1050.630005
-5.840311 15.470923 1.488466 -0.002317 -0.042451 -1.618015 1050.869995
-5.992725 15.612330 1.469639 0.011113 -0.038052 -1.650360 1051.109985
-6.134643 15.760386 1.454501 0.015116 -0.027938 -1.681113 1051.339966
-6.269091 15.908854 1.442914 0.016619 -0.018528 -1.710448 1051.560059
-6.403283 16.059643 1.433796 0.024239 -0.016801 -1.739979 1051.780029
-6.538393 16.210548 1.426632 -0.019132 0.014611 -1.768843 1052.000000
-6.673233 16.360844 1.420607 -0.079578 0.055291 -1.801659 1052.250000
-6.807578 16.509758 1.416101 0.004472 -0.000452 -1.849220 1052.849976
-6.949859 16.649303 1.449566 0.099804 -0.051172 -1.882330 1053.489990
-7.094510 16.791967 1.476675 0.081857 -0.040679 -1.897291 1053.760010
-7.239282 16.935806 1.500142 0.056030 -0.037716 -1.912895 1053.979980
-7.380879 17.082172 1.518099 0.030569 -0.039549 -1.929984 1054.180054
-7.514945 17.231745 1.530076 0.014435 -0.036931 -1.948533 1054.369995
-7.643336 17.388346 1.536581 0.008488 -0.032468 -1.969455 1054.560059
-7.764579 17.549414 1.537828 0.006429 -0.025937 -1.992613 1054.750000
-7.884305 17.720394 1.534577 -0.008552 -0.010672 -2.018894 1054.949951
-7.999438 17.893789 1.527779 -0.013503 0.018262 -2.048788 1055.160034
-8.119733 18.062082 1.520170 0.010226 0.076992 -2.083761 1055.390015
-8.269104 18.200563 1.515188 0.020875 0.092888 -2.122249 1055.640015
-8.448494 18.291130 1.514426 0.023110 0.076426 -2.161490 1055.890015
-8.645893 18.344656 1.518132 0.028686 0.053602 -2.199644 1056.130005
-8.851851 18.378872 1.524817 0.011943 0.019527 -2.235852 1056.359985
-9.057199 18.409590 1.531302 0.020573 -0.052727 -2.270428 1056.589966
-9.250643 18.468016 1.534128 0.037756 -0.105189 -2.306113 1056.829956
-9.416305 18.581497 1.530758 0.028632 -0.099882 -2.341291 1057.079956
-9.545300 18.740372 1.521152 0.019888 -0.029935 -2.374709 1057.329956
-9.663362 18.910810 1.510446 0.018720 0.061863 -2.408058 1057.579956
-9.807220 19.057005 1.502946 0.017277 0.094311 -2.442189 1057.829956
-9.983335 19.163725 1.499451 0.017550 0.088660 -2.475663 1058.069946
-10.174300 19.236374 1.498803 0.002877 0.054390 -2.506642 1058.290039
-10.367592 19.290363 1.498306 0.011476 0.002589 -2.535195 1058.500000
-10.564592 19.348265 1.494484 0.042209 -0.037656 -2.565816 1058.719971
-10.748072 19.427586 1.485231 0.056103 -0.050165 -2.596728 1058.939941
-10.916388 19.535686 1.470456 0.049305 -0.032586 -2.626856 1059.160034
-11.075067 19.664206 1.454623 0.022825 0.014231 -2.656894 1059.380005
-11.236105 19.793198 1.442167 0.005084 0.045971 -2.688448 1059.599976
-11.408956 19.909121 1.435068 0.000355 0.058332 -2.720733 1059.819946
-11.588410 20.004284 1.433473 -0.002228 0.051185 -2.751835 1060.030029
-11.777519 20.085501 1.435615 -0.010210 0.013847 -2.782285 1060.239990
-11.970776 20.161640 1.439236 0.023841 -0.020100 -2.813791 1060.459961
-12.157393 20.251114 1.442212 0.055560 -0.030617 -2.847351 1060.689941
-12.327585 20.365793 1.442760 0.062344 -0.025627 -2.880680 1060.920044
-12.477915 20.500721 1.440371 0.055318 -0.013362 -2.912318 1061.140015
-12.619415 20.653826 1.435620 0.028052 -0.009809 -2.944430 1061.359985
-12.752606 20.813618 1.428876 0.023380 0.005515 -2.976011 1061.579956
-12.882339 20.974838 1.420815 -0.006162 -0.004353 -3.007341 1061.800049
-13.011461 21.136139 1.411854 -0.071590 -0.046853 -3.037201 1062.040039
-13.136456 21.292593 1.403236 -0.114892 -0.078160 -3.072698 1062.410034
-13.341051 21.299761 1.409172 -0.000145 0.133679 -3.124299 1063.270020
-13.543263 21.283804 1.419657 0.003405 0.094988 -3.129763 1063.530029
-13.743516 21.272533 1.428621 0.004600 0.048639 -3.133016 1063.739990
-13.945661 21.263878 1.437715 0.004084 0.034151 -3.136691 1063.939941
-14.150805 21.257877 1.447466 0.029783 0.007134 3.140905 1064.140015
-14.358940 21.265257 1.459895 0.079043 -0.014861 3.131208 1064.349976
-14.559710 21.307798 1.476135 0.100423 -0.016558 3.117207 1064.569946
-14.741496 21.393738 1.495506 0.090347 -0.010814 3.099011 1064.790039
-14.907456 21.516933 1.517693 0.067496 0.000409 3.076857 1065.010010
-15.056234 21.658222 1.540861 0.042229 0.009869 3.051939 1065.219971
-15.193572 21.803055 1.560349 0.010014 0.021097 3.025364 1065.420044
-15.339075 21.953176 1.572335 -0.014474 0.034544 2.995058 1065.630005
-15.491599 22.092472 1.573419 -0.027558 0.025453 2.963550 1065.839966
-15.649509 22.216360 1.563619 -0.025994 0.024471 2.930900 1066.050049
-15.819868 22.331146 1.543287 -0.016386 0.027686 2.895871 1066.270020
-15.994903 22.435120 1.518072 -0.018120 0.017917 2.862030 1066.489990
-16.172123 22.528236 1.495169 -0.021122 0.027656 2.831222 1066.709961
-16.355404 22.611351 1.478552 -0.017955 0.034937 2.805510 1066.930054
-16.547249 22.687620 1.469596 -0.012572 0.036454 2.785486 1067.150024
-16.737701 22.756973 1.467778 -0.007314 0.025264 2.771609 1067.359985
-16.929947 22.823841 1.470963 -0.002704 0.013044 2.762361 1067.569946
-17.127857 22.891638 1.478238 0.000276 0.020362 2.756966 1067.790039
-17.323967 22.959455 1.487816 0.004054 0.020473 2.754849 1068.010010
-17.518604 23.029545 1.497751 0.012060 0.026432 2.753547 1068.229980
-17.712425 23.105556 1.506653 0.014548 0.022914 2.750700 1068.449951
-17.903378 23.187660 1.513691 0.012387 0.013816 2.745751 1068.670044
-18.088894 23.273514 1.518587 0.008844 0.022361 2.739165 1068.890015
-18.272867 23.362816 1.521764 0.005517 0.030660 2.731608 1069.109985
-18.458925 23.454662 1.524024 -0.018502 0.020426 2.725479 1069.329956
-18.647947 23.536959 1.527311 -0.063987 0.006696 2.723560 1069.550049
-18.842005 23.590349 1.532627 -0.077146 -0.004364 2.727469 1069.770020
-19.047543 23.608232 1.540183 -0.065364 -0.008358 2.734669 1070.000000
-19.259323 23.594398 1.549754 0.003003 0.005486 2.741288 1070.239990
-19.462109 23.584681 1.561292 0.083645 0.032217 2.745121 1070.479980
-19.659922 23.624905 1.575346 0.105051 0.040328 2.741909 1070.729980
-19.837118 23.723055 1.589406 0.088521 0.040688 2.731125 1070.969971
-19.990032 23.853682 1.601037 0.043808 -0.013540 2.712422 1071.189941
-20.130936 24.004862 1.610306 -0.010249 -0.088798 2.691367 1071.430054
-20.253103 24.165089 1.617100 -0.047106 -0.112333 2.662796 1071.790039
-20.113428 24.011787 1.611549 -0.048837 -0.121280 2.657014 1072.540039
-19.984745 23.858580 1.602630 -0.031346 -0.071351 2.669566 1072.750000
-19.855295 23.703888 1.593718 -0.016355 -0.029690 2.686746 1072.939941
-19.724287 23.545748 1.584617 -0.013379 -0.014006 2.708916 1073.130005
-19.596447 23.388334 1.575572 -0.010326 -0.006629 2.734655 1073.319946
-19.467108 23.225664 1.567133 -0.005593 -0.004587 2.764758 1073.520020
-19.342691 23.067610 1.561796 -0.005706 -0.012057 2.797226 1073.719971
-19.214512 22.905813 1.560563 -0.000586 -0.009862 2.832865 1073.930054
-19.088694 22.750238 1.563418 0.001418 -0.007037 2.869215 1074.140015
-18.959709 22.594406 1.570299 -0.010915 -0.019780 2.907586 1074.359985
-18.830723 22.440969 1.579373 -0.007710 -0.002395 2.945366 1074.579956
-18.703283 22.282761 1.582931 -0.041254 0.025843 2.984215 1074.810059
-18.593380 22.107981 1.573420 -0.052907 0.038844 3.023423 1075.050049
-18.512720 21.918167 1.549599 -0.042800 0.035570 3.061716 1075.290039
-18.458799 21.725519 1.514145 -0.043438 0.021544 3.097721 1075.520020
-18.420731 21.531704 1.473812 -0.031595 0.002161 3.131163 1075.739990
-18.385571 21.332785 1.438892 -0.027420 -0.021719 -3.119496 1075.959961
-18.342327 21.131672 1.416472 -0.015486 -0.029234 -3.087935 1076.180054
-18.287363 20.933924 1.408251 -0.009802 -0.026889 -3.057180 1076.400024
-18.222105 20.742249 1.413627 -0.020360 -0.022965 -3.026796 1076.619995
-18.148369 20.552324 1.430231 -0.028446 -0.017364 -2.996582 1076.839966
-18.069017 20.361097 1.453053 -0.016338 0.004406 -2.966535 1077.060059
-17.995132 20.170822 1.472129 -0.014098 0.047261 -2.936039 1077.280029
-17.941973 19.970709 1.481230 -0.013026 0.064695 -2.903722 1077.510010
-17.920145 19.767925 1.477174 -0.008399 0.056819 -2.871314 1077.739990
-17.924677 19.564188 1.462213 -0.016017 0.023569 -2.839076 1077.969971
-17.936382 19.360199 1.446678 -0.033562 -0.039258 -2.806594 1078.199951
-17.924599 19.157806 1.438792 -0.031533 -0.066280 -2.774087 1078.430054
-17.876926 18.962931 1.440763 -0.027429 -0.062502 -2.742575 1078.660034
-17.796942 18.777500 1.453234 -0.034155 -0.045319 -2.711382 1078.890015
-17.693716 18.597443 1.473621 -0.010808 -0.021356 -2.680369 1079.119995
-17.585047 18.425131 1.496220 -0.003444 0.035577 -2.648713 1079.349976
-17.492905 18.244169 1.517080 -0.008395 0.077490 -2.615447 1079.589966
-17.438652 18.048462 1.532310 -0.017662 0.084363 -2.582008 1079.829956
-17.420656 17.841492 1.540715 -0.018556 0.066642 -2.549392 1080.060059
-17.424850 17.640017 1.543648 -0.005903 0.035707 -2.519350 1080.270020
-17.439812 17.436396 1.543219 -0.007203 0.021293 -2.489451 1080.479980
-17.460247 17.235563 1.540509 0.013593 0.020753 -2.459552 1080.689941
-17.492352 17.033632 1.535851 0.028975 0.041652 -2.428073 1080.910034
-17.545321 16.839369 1.530101 0.028227 0.051831 -2.396986 1081.130005
-17.621326 16.648811 1.523705 0.020826 0.046214 -2.366428 1081.349976
-17.710850 16.468393 1.517467 0.012714 0.031279 -2.337291 1081.560059
-17.807798 16.291470 1.511521 -0.014696 -0.007202 -2.308538 1081.770020
-17.897354 16.111753 1.506420 -0.059825 -0.013211 -2.277865 1081.989990
-17.960310 15.920439 1.502577 -0.066114 -0.019431 -2.244849 1082.219971
-17.988956 15.716731 1.499962 -0.060040 -0.005598 -2.211725 1082.459961
-17.988407 15.516417 1.498717 -0.037115 -0.003433 -2.179708 1082.689941
-17.970688 15.313011 1.497753 0.026404 -0.059284 -2.147920 1082.930054
-17.941298 15.114725 1.496284 0.062265 -0.084116 -2.114356 1083.250000
-17.896040 14.919568 1.514380 -0.082509 0.106197 -2.059114 1084.150024
-17.856531 14.717131 1.541948 -0.067980 0.087765 -2.038947 1084.469971
-17.817162 14.514565 1.565107 -0.036959 0.047623 -2.020313 1084.699951
-17.777225 14.311235 1.587380 -0.017162 0.025551 -2.002114 1084.910034
-17.739405 14.114517 1.607373 0.007190 0.014903 -1.983079 1085.109985
-17.706665 13.912418 1.625259 0.018290 0.026169 -1.960853 1085.319946
-17.686274 13.713588 1.639273 0.021729 0.019818 -1.936920 1085.530029
-17.678089 13.510119 1.649655 0.015661 0.022349 -1.909757 1085.750000
-17.680428 13.309641 1.656512 0.006640 0.025626 -1.880784 1085.969971
-17.689783 13.102201 1.659974 0.014022 0.004597 -1.850731 1086.199951
-17.707684 12.894943 1.656386 0.025643 0.024242 -1.823497 1086.439941
-17.740515 12.690678 1.644984 0.025088 0.021207 -1.804841 1086.680054
-17.787462 12.488573 1.626862 0.018476 0.027386 -1.794099 1086.920044
-17.842375 12.293690 1.604391 0.011386 0.037198 -1.790366 1087.150024
-17.899721 12.102381 1.580464 -0.025837 0.016017 -1.790734 1087.369995
-17.945215 11.901689 1.555616 -0.076720 0.006547 -1.791212 1087.599976
-17.953011 11.700583 1.532480 -0.081657 -0.005699 -1.788405 1087.829956
-17.919817 11.502851 1.511581 -0.070794 0.000521 -1.783463 1088.060059
-17.853720 11.307890 1.493020 -0.052409 0.008270 -1.774233 1088.290039
-17.768393 11.124364 1.480889 -0.058827 -0.034131 -1.759272 1088.510010
-17.651119 10.953973 1.479559 -0.075554 -0.074734 -1.738665 1088.739990
-17.498039 10.823345 1.488705 -0.028157 -0.084092 -1.715250 1088.969971
-17.314501 10.731859 1.503551 0.064657 -0.070344 -1.687564 1089.229980
-17.120199 10.689766 1.526533 0.107463 -0.022715 -1.645309 1089.670044
-17.087717 10.888618 1.567661 -0.012139 -0.127360 -1.612127 1090.430054
-17.072132 11.092841 1.588122 -0.015282 -0.095797 -1.596932 1090.689941
-17.051981 11.294101 1.605538 -0.011861 -0.048858 -1.583094 1090.900024
-17.028711 11.496859 1.622310 -0.003497 -0.020376 -1.570546 1091.099976
-17.006474 11.698279 1.636531 0.039775 -0.002103 -1.560484 1091.300049
-17.000387 11.901018 1.646138 0.077714 -0.000938 -1.554109 1091.510010
-17.028038 12.103011 1.648995 0.085488 -0.007134 -1.553559 1091.729980
-17.092604 12.297340 1.644755 0.071682 -0.013735 -1.559695 1091.949951
-17.181627 12.478843 1.635618 0.044295 -0.007911 -1.570981 1092.160034
-17.285175 12.655096 1.623183 0.018299 -0.001312 -1.587961 1092.369995
-17.391142 12.824199 1.609086 -0.009156 -0.015178 -1.610160 1092.579956
-17.492495 12.999514 1.593738 -0.025717 -0.037068 -1.637855 1092.800049
-17.579214 13.188996 1.578158 -0.032977 -0.030206 -1.671488 1093.030029
-17.644119 13.382986 1.563264 -0.019766 -0.036517 -1.707584 1093.260010
-17.693138 13.583239 1.549123 -0.006633 -0.037858 -1.745376 1093.489990
-17.729134 13.781425 1.536736 -0.043409 -0.035742 -1.779556 1093.709961
-17.740086 13.981462 1.525956 -0.086952 -0.034074 -1.808721 1093.930054
-17.706995 14.185417 1.515829 -0.085654 -0.014853 -1.833082 1094.160034
-17.633097 14.376258 1.506525 -0.045645 -0.017708 -1.845678 1094.390015
-17.538244 14.559714 1.498820 -0.004207 -0.032317 -1.846849 1094.619995
-17.445807 14.738387 1.493258 0.019599 -0.018671 -1.838433 1094.839966
-17.360104 14.927970 1.488787 0.024683 -0.026740 -1.820883 1095.069946
-17.287588 15.123042 1.485173 0.021275 -0.022201 -1.795260 1095.300049
-17.226168 15.321424 1.481614 0.005786 -0.021289 -1.763675 1095.530029
-17.168877 15.520724 1.477319 -0.008806 -0.030559 -1.727702 1095.760010
-17.111731 15.714829 1.472691 0.003261 -0.033672 -1.692119 1095.979980
-17.057531 15.914731 1.468295 0.027466 -0.036744 -1.659690 1096.199951
-17.018112 16.112328 1.464666 0.034759 -0.022121 -1.633896 1096.410034
-16.994297 16.311033 1.461568 0.031743 -0.015133 -1.615765 1096.619995
-16.984438 16.516800 1.459015 0.024048 -0.016140 -1.606270 1096.839966
-16.986336 16.720047 1.458237 0.023282 -0.017331 -1.606327 1097.060059
-16.998638 16.921583 1.460580 0.022605 -0.025236 -1.615749 1097.280029
-17.020176 17.124905 1.466304 0.018197 -0.029499 -1.633429 1097.500000
-17.048182 17.331861 1.475099 0.013350 -0.030861 -1.658324 1097.719971
-17.078173 17.532932 1.485631 0.005638 -0.017961 -1.687039 1097.930054
-17.107958 17.732506 1.495983 -0.014620 -0.014734 -1.717055 1098.140015
-17.129232 17.936996 1.501798 -0.052066 -0.024324 -1.745616 1098.359985
-17.125076 18.138090 1.499483 -0.066373 -0.033388 -1.768352 1098.579956
-17.089445 18.337753 1.488376 -0.057989 -0.033399 -1.783738 1098.800049
-17.026915 18.536627 1.469637 -0.040052 -0.028998 -1.790215 1099.020020
-16.951790 18.723038 1.447669 -0.010212 0.033928 -1.789863 1099.229980
-16.869587 18.905449 1.423257 0.014036 0.101459 -1.780246 1099.469971
-16.778862 19.081564 1.391246 0.027179 0.090507 -1.754677 1099.939941
-16.896589 19.236712 1.440670 0.069349 -0.086385 -1.778642 1100.760010
-17.011015 19.403683 1.488937 0.054692 -0.069871 -1.801183 1101.030029
-17.119089 19.574869 1.534908 0.041086 -0.050663 -1.825251 1101.250000
-17.223364 19.746489 1.577418 0.022396 -0.014292 -1.850548 1101.449951
-17.330671 19.918163 1.612872 0.032772 0.023954 -1.879105 1101.650024
-17.453350 20.085411 1.637592 0.039896 0.041944 -1.911513 1101.859985
-17.590096 20.233946 1.648412 0.024523 0.043596 -1.945654 1102.069946
-17.744030 20.368849 1.645949 0.029486 0.031482 -1.982767 1102.290039
-17.907877 20.489298 1.632329 0.033970 0.015769 -2.020561 1102.510010
-18.080091 20.603489 1.611506 0.027941 0.007281 -2.058359 1102.729980
-18.248825 20.709547 1.589690 0.025068 0.012369 -2.094066 1102.939941
-18.421202 20.811344 1.569497 0.023853 0.015695 -2.129439 1103.150024
-18.596481 20.907690 1.552685 0.009401 0.012535 -2.164082 1103.359985
-18.776926 21.002058 1.539091 -0.004061 -0.024345 -2.198642 1103.579956
-18.952747 21.110867 1.527722 -0.007762 -0.094191 -2.233860 1103.819946
-19.089556 21.256630 1.517921 -0.009691 -0.106670 -2.269770 1104.069946
-19.174610 21.438910 1.508280 0.003287 -0.088974 -2.304591 1104.319946
-19.219683 21.641941 1.498644 0.011828 -0.058070 -2.336653 1104.560059
-19.242949 21.842600 1.489783 0.008862 -0.030434 -2.365134 1104.780029
-19.257347 22.046860 1.483069 0.014335 -0.027404 -2.393228 1105.000000
-19.266100 22.254166 1.480078 0.014837 -0.024383 -2.421134 1105.219971
-19.270420 22.462786 1.480810 0.006681 -0.013881 -2.448865 1105.439941
-19.271605 22.668266 1.484863 0.015976 -0.015904 -2.476981 1105.660034
-19.271410 22.873518 1.491628 0.022762 -0.016424 -2.505587 1105.880005
-19.272739 23.080935 1.500452 0.037544 0.013330 -2.534693 1106.099976
-19.288874 23.288374 1.510466 0.046670 0.047065 -2.564429 1106.319946
-19.332771 23.490978 1.520534 0.029033 0.055483 -2.595562 1106.540039
-19.403582 23.682703 1.530086 0.029109 0.048431 -2.627703 1106.760010
-19.496618 23.865433 1.538925 0.025153 0.031979 -2.660425 1106.979980
-19.601389 24.042574 1.545756 0.007426 -0.025055 -2.692694 1107.199951
-19.695934 24.227419 1.549480 0.007870 -0.080214 -2.725798 1107.430054
-19.751982 24.420315 1.549245 -0.003788 -0.083967 -2.758841 1107.660034
-19.765902 24.626797 1.544878 0.008617 -0.070646 -2.793070 1107.900024
-19.746080 24.829985 1.537859 0.004778 -0.042410 -2.825210 1108.130005
-19.708132 25.027922 1.529308 -0.060996 0.010429 -2.857136 1108.359985
-19.657692 25.222672 1.519415 -0.109783 0.053625 -2.895421 1108.660034
-19.457640 25.263138 1.520827 -0.040233 -0.105308 -2.886486 1109.609985
-19.256844 25.218388 1.529765 -0.029977 -0.085994 -2.860023 1109.890015
-19.059742 25.182407 1.538351 -0.022463 -0.062420 -2.832712 1110.109985
-18.852482 25.148861 1.546834 -0.001928 -0.032469 -2.802464 1110.319946
-18.651197 25.122616 1.553759 0.033053 -0.029296 -2.770556 1110.520020
-18.443300 25.112995 1.558790 0.051241 -0.037037 -2.734891 1110.729980
-18.239895 25.129028 1.560877 0.050287 -0.037371 -2.697304 1110.939941
-18.040955 25.169775 1.560172 0.036768 -0.037850 -2.658982 1111.150024
-17.845381 25.229340 1.557294 0.024105 -0.018828 -2.620239 1111.359985
-17.649170 25.301287 1.552698 -0.008574 0.021016 -2.580562 1111.579956
-17.451553 25.363913 1.547568 -0.077213 0.045537 -2.540255 1111.819946
-17.246449 25.375107 1.543305 -0.086651 0.048399 -2.499224 1112.079956
-17.051813 25.325920 1.540574 -0.078665 0.031318 -2.460640 1112.329956
-16.869925 25.240622 1.539296 -0.061835 0.012446 -2.426467 1112.560059
-16.690592 25.138031 1.536560 -0.029230 -0.016593 -2.395003 1112.780029
-16.513863 25.039968 1.528316 -0.011186 -0.049363 -2.366118 1112.989990
-16.328606 24.957001 1.512948 0.008694 -0.053047 -2.338045 1113.199951
-16.139280 24.895710 1.490661 0.014750 -0.044318 -2.310207 1113.410034
-15.941987 24.852676 1.464620 -0.005113 -0.022111 -2.280820 1113.630005
-15.737428 24.816462 1.444371 -0.027713 0.003574 -2.250349 1113.859985
-15.534431 24.772860 1.436395 -0.025362 0.017585 -2.219961 1114.089966
-15.336342 24.716412 1.441193 -0.030879 0.018239 -2.189078 1114.319946
-15.141546 24.646486 1.457304 -0.027640 0.013275 -2.157814 1114.550049
-14.950491 24.567636 1.479308 -0.003671 0.004242 -2.126991 1114.780029
-14.767327 24.489447 1.499339 -0.018688 -0.012711 -2.096283 1115.010010
-14.574712 24.412956 1.513077 -0.034539 -0.022129 -2.063832 1115.250000
-14.380117 24.345160 1.517696 -0.037431 -0.021699 -2.032407 1115.479980
-14.183565 24.284826 1.514795 -0.028575 -0.015754 -2.002053 1115.699951
-13.982374 24.228659 1.506263 -0.016489 -0.008318 -1.971499 1115.920044
-13.782235 24.175709 1.493714 -0.023964 -0.003873 -1.940615 1116.140015
-13.582121 24.124895 1.479946 -0.004797 -0.033245 -1.909598 1116.359985
-13.384575 24.090981 1.469284 0.009567 -0.079780 -1.879363 1116.579956
-13.181838 24.095236 1.463332 0.020419 -0.084642 -1.847450 1116.810059
-12.987410 24.142946 1.462720 0.012893 -0.071373 -1.815451 1117.040039
-12.800687 24.224855 1.467539 -0.002012 -0.052412 -1.783858 1117.270020
-12.625912 24.323288 1.475981 -0.004829 -0.027644 -1.754133 1117.489990
-12.455101 24.429314 1.486853 -0.014137 -0.010755 -1.724699 1117.709961
-12.277575 24.538374 1.498713 -0.029649 0.006933 -1.694018 1117.939941
-12.095141 24.636944 1.509527 -0.037296 0.013554 -1.663226 1118.170044
-11.905706 24.721716 1.518215 -0.016121 0.030210 -1.632601 1118.400024
-11.710555 24.784889 1.526278 -0.006865 0.101236 -1.599579 1118.640015
-11.508038 24.788084 1.535016 -0.003372 0.126714 -1.562547 1118.900024
-11.315382 24.712366 1.543008 0.002349 0.097784 -1.525558 1119.160034
-11.152960 24.595627 1.550648 -0.002824 0.067133 -1.492503 1119.390015
-11.004469 24.460192 1.557087 0.038875 -0.013690 -1.463364 1119.609985
-10.863318 24.315344 1.562724 0.070959 -0.077730 -1.434896 1119.869995
-10.762619 24.141687 1.574141 0.038539 0.104623 -1.379552 1120.750000
-10.804616 23.946096 1.601563 0.026546 0.124174 -1.402377 1121.170044
-10.832108 23.746487 1.622624 0.011667 0.075572 -1.428996 1121.410034
-10.855692 23.544956 1.639384 0.007600 0.032674 -1.457098 1121.619995
-10.879855 23.337971 1.650355 0.012528 0.024524 -1.488876 1121.829956
-10.907053 23.130932 1.653639 0.013047 0.005206 -1.523710 1122.040039
-10.938211 22.930328 1.649125 0.012825 0.006221 -1.560040 1122.250000
-10.974886 22.727528 1.636980 0.011626 0.015295 -1.599026 1122.469971
-11.014853 22.529942 1.619975 0.004094 0.000597 -1.637338 1122.689941
-11.056492 22.332182 1.599959 -0.005326 0.017453 -1.672622 1122.920044
-11.094415 22.136082 1.580044 -0.009348 0.033604 -1.700646 1123.150024
-11.127924 21.933435 1.561641 -0.009816 0.040430 -1.720753 1123.380005
-11.156591 21.730303 1.545907 -0.008148 0.035350 -1.733059 1123.599976
-11.181437 21.531300 1.532780 -0.005707 0.009922 -1.738579 1123.810059
-11.204335 21.327250 1.522060 -0.007561 0.013147 -1.737917 1124.030029
-11.223622 21.127014 1.515647 -0.009689 0.023799 -1.730652 1124.250000
-11.239307 20.925226 1.513568 -0.009831 0.033466 -1.717051 1124.469971
-11.251929 20.718088 1.515177 -0.007975 0.034517 -1.697409 1124.689941
-11.261636 20.515472 1.517449 -0.011692 0.026187 -1.673709 1124.900024
-11.266900 20.310970 1.513879 -0.023201 0.022017 -1.645859 1125.109985
-11.263342 20.106518 1.500600 -0.027141 0.019177 -1.614552 1125.319946
-11.248904 19.903959 1.478610 -0.042979 0.003361 -1.580497 1125.530029
-11.213753 19.701281 1.455116 -0.087343 -0.022020 -1.542069 1125.750000
-11.136890 19.512300 1.437118 -0.097860 -0.033502 -1.500316 1125.979980
-11.010253 19.347290 1.428366 -0.078710 -0.028226 -1.457649 1126.219971
-10.855434 19.216455 1.430839 -0.063553 -0.003173 -1.418625 1126.449951
-10.685189 19.104563 1.442146 -0.039215 0.010413 -1.382759 1126.670044
-10.514482 19.001110 1.456434 0.023677 0.029770 -1.352972 1126.880005
-10.351569 18.882051 1.469352 0.075886 0.058204 -1.327664 1127.099976
-10.218164 18.728798 1.476574 0.088426 0.063559 -1.310509 1127.329956
-10.125462 18.542639 1.475555 0.072351 0.053112 -1.300077 1127.560059
-10.067162 18.341732 1.467203 0.041500 0.031642 -1.293332 1127.780029
-10.027654 18.140930 1.453421 0.011707 0.026728 -1.286927 1127.989990
-9.991984 17.937609 1.435329 -0.007087 0.017292 -1.280613 1128.199951
-9.953430 17.737808 1.414372 -0.015328 0.008877 -1.274622 1128.410034
-9.907280 17.536209 1.390365 -0.016102 0.020267 -1.269383 1128.630005
-9.854584 17.340124 1.366696 0.001601 -0.010048 -1.264861 1128.849976
-9.805798 17.140558 1.347273 0.071965 -0.025248 -1.263877 1129.089966
-9.801890 16.938385 1.337904 0.095457 -0.024722 -1.269842 1129.349976
-9.860878 16.745214 1.340073 0.080707 -0.012471 -1.282268 1129.609985
-9.957980 16.570641 1.350408 0.045204 0.019873 -1.298941 1129.849976
-10.066552 16.396296 1.365808 0.012788 0.048577 -1.321054 1130.079956
-10.165904 16.216133 1.383142 -0.012064 0.040100 -1.346913 1130.300049
-10.251318 16.027224 1.401151 -0.016632 0.040617 -1.376096 1130.520020
-10.321514 15.831214 1.418535 -0.016552 0.024966 -1.407548 1130.739990
-10.378148 15.638113 1.432893 -0.035694 -0.051915 -1.437721 1130.959961
-10.428152 15.439593 1.445120 -0.045491 -0.108750 -1.474738 1131.250000
-10.539188 15.272220 1.456170 0.099092 0.072055 -1.536510 1132.180054
-10.707043 15.152184 1.463254 0.081121 0.067544 -1.554612 1132.500000
-10.868670 15.030116 1.470033 0.054513 0.048297 -1.571184 1132.729980
-11.033649 14.903008 1.477247 0.040252 0.020118 -1.588551 1132.939941
-11.199730 14.779775 1.485563 0.039180 -0.004607 -1.607225 1133.140015
-11.373166 14.664105 1.495262 0.037351 -0.016129 -1.628111 1133.339966
-11.552511 14.560496 1.505987 0.033347 -0.017051 -1.651225 1133.540039
-11.735835 14.469059 1.517453 0.028426 -0.011875 -1.676522 1133.739990
-11.920031 14.387970 1.528941 0.000132 -0.017515 -1.703775 1133.939941
-12.112304 14.309230 1.541305 -0.017980 0.008169 -1.735488 1134.160034
-12.295637 14.225641 1.554615 -0.015246 0.038308 -1.769814 1134.390015
-12.471824 14.123004 1.569104 -0.014153 0.036632 -1.805370 1134.630005
-12.636450 14.003965 1.584363 0.000332 0.042793 -1.841133 1134.869995
-12.791459 13.875007 1.599977 0.009587 0.038356 -1.875505 1135.099976
-12.941259 13.742661 1.614851 0.013826 0.020128 -1.908257 1135.319946
-13.093165 13.609639 1.629003 0.025234 0.020987 -1.940620 1135.540039
-13.251421 13.478502 1.642202 0.029622 0.023214 -1.972856 1135.760010
-13.410251 13.355445 1.653798 0.026696 0.022079 -2.003588 1135.969971
-13.575589 13.234465 1.664604 0.022005 0.023017 -2.034180 1136.180054
-13.744716 13.114860 1.673064 0.001047 0.020162 -2.064656 1136.390015
-13.910257 12.993546 1.676094 -0.020399 0.026918 -2.094771 1136.599976
-14.066219 12.864779 1.672531 -0.029267 0.018923 -2.124048 1136.810059
-14.215393 12.722380 1.662097 -0.027007 0.016770 -2.153851 1137.030029
-14.351372 12.573783 1.645739 -0.018406 0.026387 -2.182562 1137.250000
-14.480539 12.419541 1.625595 0.020905 0.010883 -2.209349 1137.469971
-14.620740 12.269639 1.603769 0.084251 -0.009754 -2.237703 1137.699951
-14.790656 12.152385 1.582314 0.106536 -0.012255 -2.267591 1137.939941
-14.982018 12.085252 1.563576 0.094144 -0.004919 -2.296270 1138.170044
-15.186945 12.055589 1.547576 0.062608 -0.002468 -2.324822 1138.390015
-15.391971 12.048204 1.534186 0.028120 -0.005827 -2.352646 1138.599976
-15.594107 12.051756 1.523026 0.014543 -0.004589 -2.380178 1138.810059
-15.799183 12.061752 1.513846 0.022402 0.008046 -2.409113 1139.030029
-16.002428 12.076451 1.506928 0.015445 0.004834 -2.438740 1139.250000
-16.202288 12.094400 1.501613 0.014720 0.009603 -2.468404 1139.469971
-16.408960 12.114964 1.497296 0.017869 0.018059 -2.499719 1139.699951
-16.615973 12.136184 1.493705 0.010516 0.012144 -2.531339 1139.930054
-16.820015 12.156767 1.490677 -0.001692 0.016831 -2.562662 1140.160034
-17.020741 12.170331 1.489639 -0.015956 0.039237 -2.593936 1140.390015
-17.222857 12.166780 1.491313 -0.021737 0.037213 -2.624588 1140.619995
-17.425791 12.144690 1.495332 -0.017828 0.033794 -2.654916 1140.849976
-17.629210 12.107818 1.501363 -0.008217 0.037928 -2.685429 1141.079956
-17.827656 12.062988 1.508495 -0.000414 0.028589 -2.714712 1141.300049
-18.028168 12.015191 1.515815 0.016399 0.018443 -2.744090 1141.520020
-18.229635 11.973128 1.522830 0.029724 0.023405 -2.773781 1141.739990
-18.435499 11.941813 1.529242 0.031439 0.025175 -2.804066 1141.959961
-18.636890 11.922424 1.534702 0.026801 0.027764 -2.833404 1142.170044
-18.842211 11.911206 1.539290 0.013704 0.000279 -2.863439 1142.380005
-19.045900 11.905984 1.542258 -0.009145 -0.077414 -2.893052 1142.599976
-19.248539 11.906130 1.543865 -0.025521 -0.134581 -2.926579 1142.900024
-19.177277 12.093527 1.564574 0.107613 -0.070234 -2.968585 1143.680054
-19.067175 12.264661 1.576134 0.075336 -0.045223 -2.979785 1143.910034
-18.962233 12.440890 1.588317 0.050534 -0.030074 -2.991998 1144.109985
-18.859154 12.620206 1.601010 0.024654 -0.012542 -3.005631 1144.300049
-18.757885 12.801303 1.613269 0.019218 0.013957 -3.021744 1144.489990
-18.666393 12.980744 1.623573 0.026165 0.031770 -3.040159 1144.680054
-18.586718 13.169724 1.631213 0.031466 0.034712 -3.062015 1144.880005
-18.524567 13.360579 1.635303 0.030528 0.028478 -3.086304 1145.079956
-18.474545 13.563293 1.636315 0.024148 0.018459 -3.114111 1145.290039
-18.435114 13.765166 1.634591 -0.001618 0.009491 3.139922 1145.500000
-18.399105 13.966606 1.628632 -0.000563 -0.018700 3.108680 1145.719971
-18.354450 14.166020 1.616667 0.009909 -0.040379 3.074778 1145.949951
-18.292936 14.357303 1.599542 0.004316 -0.038582 3.040263 1146.180054
-18.211380 14.547850 1.576960 0.022449 -0.033343 3.003956 1146.420044
-18.119429 14.728433 1.552519 0.009944 -0.018209 2.969526 1146.650024
-18.021969 14.904131 1.529986 0.013780 -0.006114 2.935526 1146.880005
-17.920656 15.084450 1.511944 0.033212 -0.002222 2.900551 1147.119995
-17.823605 15.263736 1.501064 0.040510 -0.001296 2.867295 1147.349976
-17.730984 15.444066 1.496399 0.027055 0.028770 2.836101 1147.569946
-17.653194 15.631662 1.497606 0.008900 0.084509 2.804270 1147.790039
-17.612965 15.835443 1.503923 -0.001170 0.102115 2.769772 1148.020020
-17.621075 16.037260 1.513367 -0.001830 0.091166 2.736492 1148.239990
-17.664865 16.235014 1.524199 0.001920 0.061097 2.704775 1148.449951
-17.727470 16.434591 1.533947 0.027573 -0.014776 2.673118 1148.660034
-17.777073 16.631989 1.540486 0.051622 -0.075403 2.640078 1148.869995
-17.787491 16.832037 1.542724 0.046663 -0.092968 2.606467 1149.089966
-17.745028 17.036200 1.538960 0.050021 -0.075425 2.571809 1149.329956
-17.660620 17.221939 1.530266 0.035563 -0.045911 2.539507 1149.560059
-17.554152 17.399502 1.519547 -0.012077 0.022650 2.506638 1149.790039
-17.462103 17.578327 1.510819 -0.026652 0.089020 2.470988 1150.030029
-17.420263 17.773914 1.506601 -0.022069 0.104696 2.435441 1150.280029
-17.434504 17.979206 1.507122 -0.012081 0.087332 2.402363 1150.520020
-17.482037 18.180227 1.510749 -0.011098 0.046122 2.372550 1150.739990
-17.543400 18.374067 1.515835 0.005546 0.020088 2.344219 1150.949951
-17.604923 18.566589 1.517909 0.048550 -0.013402 2.315275 1151.160034
-17.646908 18.768543 1.512875 0.074777 -0.032976 2.283977 1151.380005
-17.652468 18.971172 1.498719 0.076685 -0.031435 2.253118 1151.599976
-17.622341 19.174473 1.475783 0.064848 -0.018436 2.222451 1151.819946
-17.568722 19.367973 1.448388 0.014375 -0.031086 2.192078 1152.030029
-17.499573 19.558914 1.418525 -0.060004 -0.065085 2.162361 1152.260010
-17.418442 19.742508 1.387637 -0.121161 -0.084676 2.127312 1152.609985
-17.247475 19.846590 1.374830 0.117289 0.012391 2.076475 1153.510010
-17.073860 19.947134 1.384719 0.096486 0.014144 2.061230 1153.790039
-16.903627 20.052155 1.393745 0.068569 0.011523 2.045987 1154.010010
-16.734390 20.159889 1.402226 0.030141 0.020570 2.029806 1154.209961
-16.565825 20.275560 1.411744 0.006625 0.044452 2.010779 1154.410034
-16.409418 20.402266 1.422738 -0.000557 0.055511 1.988733 1154.609985
-16.262135 20.549675 1.435974 0.001916 0.053865 1.962922 1154.819946
-16.129969 20.710922 1.450727 0.004340 0.041715 1.934687 1155.030029
-16.009361 20.880676 1.466186 -0.008654 0.021107 1.904563 1155.239990
-15.901159 21.050665 1.479601 -0.017350 0.028930 1.872889 1155.449951
-15.804312 21.230303 1.489319 -0.013414 0.042426 1.838643 1155.670044
-15.723174 21.417578 1.493907 -0.005034 0.044853 1.803952 1155.890015
-15.653118 21.614590 1.493769 0.002190 0.039152 1.768915 1156.109985
-15.592142 21.809729 1.490001 0.003005 0.026137 1.735426 1156.319946
-15.535005 22.006788 1.483100 -0.002540 0.022016 1.702237 1156.530029
-15.482807 22.203533 1.473359 -0.005106 0.024765 1.669494 1156.739990
-15.436307 22.399857 1.461529 -0.007078 0.012740 1.637552 1156.949951
-15.393397 22.601715 1.447443 -0.003634 0.018398 1.604714 1157.170044
-15.354249 22.801281 1.432865 0.009654 0.018744 1.572616 1157.390015
-15.312472 22.999548 1.419928 0.027131 0.021562 1.540978 1157.609985
-15.260374 23.197329 1.409808 0.033419 0.025903 1.509537 1157.829956
-15.195032 23.395969 1.402649 0.030288 0.027855 1.478092 1158.050049
-15.121735 23.586727 1.398131 0.021488 0.020190 1.447962 1158.260010
-15.041737 23.775169 1.396193 0.018867 0.006453 1.418131 1158.469971
-14.956934 23.956676 1.397979 0.023131 0.013056 1.388857 1158.680054
-14.861509 24.140747 1.403936 0.018992 0.006576 1.358007 1158.900024
-14.761305 24.317448 1.413366 0.015485 0.013489 1.327640 1159.119995
-14.657763 24.489338 1.425541 0.011572 0.019697 1.297397 1159.339966
-14.552247 24.659010 1.439249 0.006391 0.010655 1.267336 1159.560059
-14.441356 24.830467 1.454440 0.039518 0.001714 1.236383 1159.790039
-14.317372 24.987160 1.470762 0.073566 -0.002865 1.204880 1160.020020
-14.167993 25.120893 1.487337 0.065815 -0.013634 1.172086 1160.250000
-13.997902 25.229280 1.503706 0.054645 -0.002983 1.140645 1160.479980
-13.813024 25.319115 1.519590 0.033583 0.011788 1.109306 1160.709961
-13.628246 25.398438 1.533717 0.017313 0.030447 1.079248 1160.930054
-13.439642 25.481529 1.546286 0.000757 0.025753 1.048857 1161.150024
-13.253777 25.570602 1.556969 -0.005036 0.023818 1.018708 1161.369995
-13.073135 25.665766 1.566246 -0.002434 0.026160 0.988560 1161.589966
-12.898661 25.764946 1.573480 -0.023268 -0.034533 0.960149 1161.810059
-12.723020 25.869272 1.578602 -0.043238 -0.095890 0.930198 1162.079956
-12.645492 25.685057 1.592586 0.082996 -0.084391 0.876927 1163.010010
-12.658998 25.478399 1.596880 0.061016 -0.058486 0.865394 1163.239990
-12.666605 25.272404 1.601562 0.039099 -0.036691 0.853262 1163.439941
-12.671569 25.066141 1.606703 0.022524 -0.021381 0.839306 1163.630005
-12.675390 24.858082 1.611582 0.011821 -0.009924 0.823022 1163.819946
-12.678330 24.653576 1.614554 0.010050 -0.005749 0.804436 1164.010010
-12.680116 24.443787 1.614643 0.011548 -0.006489 0.782543 1164.209961
-12.680509 24.238852 1.611394 0.011630 -0.007517 0.758386 1164.410034
-12.679969 24.038754 1.605082 0.003629 -0.002811 0.732422 1164.609985
-12.679235 23.836014 1.595172 0.009460 -0.008608 0.703345 1164.819946
-12.678723 23.628370 1.581672 0.017570 -0.015705 0.671220 1165.040039
-12.678858 23.420683 1.565750 0.023077 -0.019656 0.637724 1165.260010
-12.679843 23.219622 1.549122 0.021503 -0.017681 0.604935 1165.469971
-12.681674 23.017834 1.532232 0.001860 0.005883 0.571822 1165.680054
-12.678913 22.817183 1.517051 0.014419 0.053279 0.536392 1165.900024
-12.648052 22.616745 1.506022 0.034184 0.075558 0.498321 1166.140015
-12.571400 22.424269 1.500661 0.027984 0.064183 0.458933 1166.390015
-12.462241 22.251278 1.500571 0.036068 0.046835 0.421680 1166.630005
-12.334372 22.088743 1.503992 0.023213 0.023872 0.386565 1166.859985
-12.202814 21.934906 1.509026 0.023500 0.013113 0.354037 1167.079956
-12.068087 21.781197 1.513319 0.023104 0.015927 0.322115 1167.300049
-11.929817 21.627438 1.514704 0.022622 0.019673 0.290444 1167.520020
-11.787890 21.474869 1.512547 0.009546 0.012705 0.258972 1167.739990
-11.645661 21.326569 1.506780 0.015598 0.016330 0.227908 1167.959961
-11.501585 21.180302 1.497885 0.024214 0.020450 0.196933 1168.180054
-11.355010 21.032824 1.487521 0.023529 -0.018077 0.165918 1168.400024
-11.223577 20.879889 1.479167 0.038080 -0.087882 0.134740 1168.619995
-11.130013 20.696350 1.474530 0.045423 -0.112657 0.101382 1168.859985
-11.099369 20.492496 1.473931 0.030254 -0.082390 0.069442 1169.099976
-11.110698 20.288322 1.473453 0.021276 0.000978 0.039041 1169.329956
-11.121950 20.083790 1.471930 0.023842 0.057060 0.007805 1169.560059
-11.105331 19.878269 1.468343 0.023317 0.073675 -0.024353 1169.790039
-11.056739 19.680195 1.462202 0.019847 0.065734 -0.055864 1170.010010
-10.985569 19.491381 1.453270 0.002785 0.042721 -0.086215 1170.219971
-10.899578 19.308054 1.439411 0.004774 0.032978 -0.116569 1170.430054
-10.804352 19.129967 1.420081 0.004776 0.020054 -0.147198 1170.640015
-10.701837 18.949888 1.396913 0.002013 -0.011109 -0.178486 1170.859985
-10.605587 18.769598 1.375900 0.033688 -0.026395 -0.210842 1171.089966
-10.527904 18.577738 1.361485 0.037490 -0.031025 -0.244646 1171.329956
-10.475247 18.381315 1.354876 0.022882 -0.015143 -0.277468 1171.569946
-10.436715 18.184803 1.355649 0.028037 0.018340 -0.309626 1171.810059
-10.396107 17.981684 1.362345 0.030431 0.036197 -0.342002 1172.050049
-10.349820 17.786016 1.371851 0.026438 0.038103 -0.372231 1172.270020
-10.296916 17.592297 1.382055 0.003262 0.016488 -0.401459 1172.479980
-10.238871 17.397722 1.391382 -0.057217 -0.043897 -0.428627 1172.699951
-10.178353 17.206379 1.399494 -0.085498 -0.077832 -0.458628 1172.989990
-10.123831 17.014538 1.428024 0.090535 0.080945 -0.517978 1173.949951
-10.084756 16.820150 1.467049 0.076434 0.073030 -0.536737 1174.290039
-10.043477 16.623335 1.501275 0.043197 0.042676 -0.554300 1174.530029
-10.000546 16.421606 1.535327 0.027799 0.029584 -0.571969 1174.750000
-9.958356 16.221991 1.566947 0.027941 -0.013293 -0.591316 1174.959961
-9.930203 16.025030 1.590068 0.052351 -0.075410 -0.613846 1175.170044
-9.942880 15.820476 1.600942 0.051437 -0.099322 -0.640710 1175.400024
-10.011983 15.626878 1.595477 0.047391 -0.083926 -0.669601 1175.640015
-10.122097 15.458704 1.576269 0.039566 -0.051221 -0.698752 1175.869995
-10.254800 15.300442 1.548716 -0.011077 0.035305 -0.730113 1176.099976
-10.368451 15.135377 1.518413 -0.044104 0.108241 -0.767547 1176.339966
-10.420707 14.942710 1.488567 -0.052968 0.103369 -0.806239 1176.599976
-10.401532 14.744220 1.464386 -0.036191 0.089709 -0.843418 1176.849976
-10.339339 14.550230 1.447046 -0.011836 0.046716 -0.876900 1177.079956
-10.264354 14.359535 1.438166 0.034610 0.013867 -0.909808 1177.300049
-10.200938 14.163685 1.438529 0.055958 -0.005385 -0.943661 1177.520020
-10.162630 13.964882 1.446849 0.054333 -0.013530 -0.975021 1177.739990
-10.150523 13.757279 1.462347 0.049397 0.001452 -1.000262 1177.969971
-10.156936 13.556419 1.480323 -0.004294 0.027550 -1.016398 1178.189941
-10.154964 13.356107 1.498070 -0.058650 0.048489 -1.024898 1178.410034
-10.117273 13.151982 1.513905 -0.076842 0.051645 -1.024500 1178.640015
-10.040482 12.964556 1.525105 -0.067310 0.046682 -1.017249 1178.859985
-9.936031 12.792850 1.532059 -0.050372 0.032872 -1.005888 1179.069946
-9.810740 12.629507 1.535985 -0.049987 0.019690 -0.991056 1179.280029
-9.669452 12.478428 1.537498 -0.047766 0.014921 -0.972652 1179.489990
-9.515813 12.341231 1.537257 -0.034252 -0.000197 -0.950232 1179.699951
-9.357102 12.218306 1.535745 -0.023947 0.009589 -0.925658 1179.910034
-9.187991 12.099115 1.533615 -0.013313 0.011858 -0.897031 1180.130005
-9.019780 11.985786 1.531755 0.004618 0.004501 -0.868233 1180.349976
-8.852660 11.869047 1.532666 0.024884 0.025085 -0.842144 1180.579956
-8.695528 11.741692 1.537982 0.030699 0.025739 -0.823741 1180.810059
-8.549016 11.601100 1.547284 0.026114 0.024394 -0.812901 1181.040039
-8.411133 11.449718 1.560196 0.017753 0.031570 -0.808336 1181.270020
-8.282921 11.296831 1.574919 0.008367 0.017023 -0.808709 1181.489990
-8.151932 11.135981 1.597200 -0.009773 0.020118 -0.810183 1181.719971
-8.023277 10.986115 1.631676 -0.021806 0.025097 -0.810148 1181.939941
-7.886838 10.843184 1.679176 -0.022131 0.010309 -0.806710 1182.160034
-7.745905 10.710611 1.737977 -0.017903 0.014535 -0.799802 1182.380005
-7.601526 10.585955 1.805340 -0.011454 0.007129 -0.788410 1182.599976
-7.454464 10.466133 1.873020 -0.001501 -0.063109 -0.772778 1182.829956
-7.304586 10.350183 1.941766 0.008282 -0.107245 -0.750405 1183.140015
-7.304383 10.549674 1.923533 -0.087264 -0.097520 -0.713008 1183.979980
-7.347606 10.748198 1.878746 -0.051259 -0.050949 -0.702762 1184.199951
-7.387490 10.949678 1.832643 -0.023892 -0.018091 -0.689809 1184.400024
-7.423412 11.144096 1.786801 -0.017739 -0.010412 -0.674397 1184.589966
-7.456817 11.337134 1.740258 -0.015664 -0.009802 -0.656643 1184.780029
-7.489744 11.537898 1.691713 -0.012777 -0.009692 -0.635560 1184.979980
-7.521206 11.735482 1.644427 -0.009933 -0.009672 -0.612134 1185.180054
-7.554974 11.936940 1.600091 0.046905 -0.019220 -0.586951 1185.390015
-7.612300 12.131186 1.565175 0.119891 -0.042960 -0.563269 1185.619995
-7.734631 12.290598 1.545527 0.131931 -0.054421 -0.542513 1185.880005
-7.915508 12.382748 1.544048 0.102302 -0.054354 -0.531229 1186.130005
-8.115551 12.428109 1.553884 0.064991 -0.044226 -0.529787 1186.349976
-8.317954 12.453004 1.569191 0.035085 -0.033666 -0.536271 1186.550049
-8.518709 12.470631 1.587225 0.012919 -0.022498 -0.548919 1186.739990
-8.719130 12.487484 1.606121 -0.011904 0.002908 -0.565994 1186.930054
-8.917577 12.508729 1.622013 -0.055691 0.000320 -0.585354 1187.130005
-9.120709 12.554197 1.628609 -0.092058 -0.021277 -0.605030 1187.359985
-9.302811 12.642674 1.619853 -0.085112 -0.018130 -0.623017 1187.599976
-9.457563 12.769342 1.596154 -0.062839 -0.032370 -0.632101 1187.839966
-9.591724 12.918853 1.562531 -0.032978 -0.024677 -0.633836 1188.069946
-9.719378 13.079755 1.525727 0.024402 -0.006971 -0.629948 1188.300049
-9.857149 13.230592 1.494440 0.076838 -0.016230 -0.623681 1188.540039
-10.024815 13.348552 1.474783 0.080450 -0.012043 -0.617231 1188.790039
-10.217652 13.425147 1.468414 0.063459 -0.020580 -0.615985 1189.040039
-10.413060 13.471026 1.470248 0.024856 -0.032826 -0.620310 1189.270020
-10.610005 13.511426 1.473767 -0.005931 -0.042003 -0.629893 1189.489990
-10.810045 13.562253 1.475889 -0.023803 -0.026497 -0.645151 1189.709961
-11.004505 13.626571 1.474555 -0.021786 -0.030656 -0.665113 1189.930054
-11.193759 13.703891 1.469396 -0.017817 -0.026104 -0.689650 1190.150024
-11.377285 13.791837 1.461924 -0.025387 -0.023472 -0.717734 1190.369995
-11.552397 13.891272 1.453998 -0.025881 -0.032671 -0.748654 1190.589966
-11.721387 14.004345 1.446747 -0.019892 -0.036580 -0.782140 1190.810059
-11.887396 14.130079 1.440778 -0.010538 -0.038208 -0.817436 1191.030029
-12.045296 14.258915 1.436348 -0.005581 -0.020653 -0.851845 1191.239990
-12.199968 14.389975 1.432872 0.000395 -0.014478 -0.883612 1191.449951
-12.358520 14.525735 1.430212 0.005825 -0.019094 -0.910751 1191.670044
-12.515184 14.659623 1.428581 -0.010068 -0.010736 -0.929675 1191.890015
-12.663547 14.794297 1.428330 -0.031436 -0.024930 -0.939196 1192.109985
-12.805695 14.946447 1.429613 -0.036479 -0.036728 -0.938968 1192.339966
-12.930964 15.108103 1.432181 -0.029941 -0.037087 -0.929616 1192.560059
-13.043760 15.275271 1.435492 -0.019568 -0.027064 -0.913067 1192.770020
-13.151259 15.448068 1.439084 -0.009845 -0.011160 -0.890144 1192.979980
-13.258321 15.627907 1.442577 -0.010535 -0.020172 -0.860056 1193.199951
-13.362130 15.808333 1.445220 -0.009862 -0.023283 -0.825615 1193.420044
-13.464714 15.990853 1.446810 -0.011219 -0.030993 -0.787858 1193.640015
-13.563537 16.168852 1.447344 -0.010126 -0.030371 -0.749879 1193.849976
-13.663468 16.349001 1.446815 0.005759 0.007241 -0.711364 1194.060059
-13.765153 16.529728 1.445005 0.036338 0.081357 -0.669163 1194.290039
-13.865983 16.705570 1.444397 0.065412 0.144102 -0.616305 1194.640015
-14.027679 16.824064 1.453074 -0.005030 -0.133888 -0.631508 1195.520020
-14.196424 16.940212 1.467178 -0.002355 -0.100139 -0.664942 1195.790039
-14.366002 17.062607 1.480078 -0.014083 -0.047885 -0.697514 1196.010010
-14.524191 17.186544 1.492040 -0.055681 -0.017917 -0.727454 1196.209961
-14.673115 17.332455 1.504240 -0.084345 -0.003237 -0.755655 1196.420044
-14.792262 17.497648 1.515401 -0.086125 -0.001348 -0.777135 1196.630005
-14.881064 17.680983 1.525337 -0.071919 -0.007035 -0.790210 1196.839966
-14.946177 17.878376 1.533972 -0.038366 -0.002041 -0.795765 1197.050049
-14.999340 18.076332 1.540305 0.059466 0.000492 -0.795659 1197.260010
-15.075180 18.262251 1.544341 0.134599 -0.005979 -0.791939 1197.489990
-15.212690 18.407507 1.544191 0.131051 -0.000369 -0.785008 1197.750000
-15.401880 18.486448 1.539644 0.101067 -0.016088 -0.784115 1198.010010
-15.602794 18.519190 1.533391 0.053837 -0.010359 -0.785970 1198.239990
-15.808115 18.534077 1.527424 0.024351 -0.020362 -0.793552 1198.459961
-16.008095 18.546515 1.525514 -0.004429 -0.036095 -0.805656 1198.670044
-16.207975 18.570311 1.529973 -0.020036 -0.043686 -0.822540 1198.880005
-16.403646 18.611626 1.540652 -0.028700 -0.029505 -0.844102 1199.089966
-16.598459 18.671804 1.555878 -0.027090 -0.034415 -0.870103 1199.310059
-16.783947 18.749460 1.567658 -0.031888 -0.046415 -0.899358 1199.530029
-16.961592 18.848059 1.570915 -0.031489 -0.037991 -0.932148 1199.750000
-17.129545 18.963926 1.564275 -0.022070 -0.027551 -0.966795 1199.969971
-17.288267 19.090126 1.547993 -0.006567 -0.029142 -1.002211 1200.189941
-17.441790 19.221777 1.525748 -0.015556 -0.002989 -1.037447 1200.410034
-17.588524 19.359690 1.504265 -0.040073 -0.017680 -1.069552 1200.640015
-17.719379 19.514385 1.490221 -0.046370 -0.040648 -1.094773 1200.880005
-17.826168 19.683634 1.487134 -0.037044 -0.046750 -1.109731 1201.109985
-17.916912 19.864851 1.493119 -0.023201 -0.040509 -1.114455 1201.329956
-17.997433 20.048826 1.504965 -0.010506 -0.019107 -1.110349 1201.540039
-18.073811 20.234032 1.520809 -0.004261 -0.020194 -1.097792 1201.750000
-18.148718 20.418652 1.538903 0.002751 -0.017690 -1.078125 1201.959961
-18.228724 20.608704 1.554706 0.020984 -0.016745 -1.051286 1202.180054
-18.316544 20.791420 1.562172 0.030598 -0.025444 -1.019212 1202.400024
-18.417425 20.967621 1.559335 0.029146 -0.032732 -0.983044 1202.619995
-18.532074 21.139771 1.547067 0.021117 -0.029475 -0.943834 1202.839966
-18.650652 21.300922 1.532351 0.008281 -0.022682 -0.905006 1203.050049
-18.772337 21.459736 1.521609 -0.003640 -0.024419 -0.865899 1203.260010
-18.893803 21.619589 1.518459 -0.009772 -0.025601 -0.826967 1203.469971
-19.013805 21.782545 1.523858 -0.011949 -0.025692 -0.788603 1203.680054
-19.132010 21.948753 1.536844 -0.008030 -0.011663 -0.751397 1203.890015
-19.249353 22.117828 1.553916 0.014205 0.061145 -0.714604 1204.109985
-19.364542 22.285843 1.573730 0.030959 0.109739 -0.672693 1204.390015
-19.162567 22.291672 1.591726 -0.047279 0.100554 -0.598930 1205.319946
-18.967966 22.235933 1.587253 -0.033967 0.068299 -0.588334 1205.540039
-18.768612 22.183651 1.582231 -0.022099 0.045568 -0.578051 1205.739990
-18.569668 22.133913 1.576944 -0.011953 0.026216 -0.566728 1205.930054
-18.370190 22.086079 1.571174 -0.027524 -0.021574 -0.553479 1206.119995
-18.170755 22.051813 1.563828 -0.071426 -0.066731 -0.535955 1206.319946
-17.970865 22.057051 1.553450 -0.086796 -0.082101 -0.513503 1206.540039
-17.778891 22.121855 1.539194 -0.076765 -0.066980 -0.487610 1206.780029
-17.609623 22.236761 1.522687 -0.055145 -0.025862 -0.460095 1207.020020
-17.454773 22.370836 1.507297 -0.007904 0.040878 -0.430705 1207.250000
-17.288544 22.494205 1.495068 0.022642 0.075618 -0.397140 1207.479980
-17.109474 22.583523 1.486589 0.029875 0.081149 -0.363678 1207.699951
-16.909933 22.642433 1.480532 0.026341 0.065509 -0.329815 1207.920044
-16.707159 22.675846 1.476520 0.024450 0.025608 -0.297855 1208.130005
-16.505476 22.694567 1.474311 0.010548 0.016644 -0.265085 1208.339966
-16.298378 22.706594 1.473879 -0.003143 0.016026 -0.230717 1208.560059
-16.094862 22.717463 1.475025 -0.008968 0.009015 -0.196899 1208.780029
-15.887010 22.731590 1.477376 -0.014285 0.021538 -0.162381 1209.010010
-15.687711 22.749319 1.480362 -0.015507 0.030278 -0.130888 1209.229980
-15.483757 22.771385 1.483659 -0.013868 0.033841 -0.104115 1209.449951
-15.284876 22.794975 1.486623 0.020418 0.014126 -0.085178 1209.660034
-15.080948 22.807148 1.489607 0.084438 0.003702 -0.074684 1209.880005
-14.880060 22.779078 1.492316 0.102065 -0.008456 -0.075402 1210.109985
-14.690002 22.698332 1.494033 0.086024 -0.009134 -0.083041 1210.349976
-14.525458 22.581163 1.495221 0.062669 0.007896 -0.091321 1210.579956
-14.375293 22.448608 1.496222 -0.039575 0.017265 -0.099019 1210.800049
-14.209090 22.332409 1.499100 -0.136102 0.021330 -0.102719 1211.040039
-14.012594 22.292850 1.503572 -0.141475 0.007119 -0.095840 1211.310059
-13.819921 22.348042 1.508284 -0.111555 0.016279 -0.084132 1211.569946
-13.646553 22.452883 1.512555 -0.053988 0.015458 -0.066355 1211.800049
-13.479062 22.573320 1.515161 0.004498 0.035720 -0.045195 1212.020020
-13.303981 22.686016 1.515579 0.035056 0.042153 -0.019688 1212.239990
-13.119184 22.777309 1.513221 0.042557 0.034902 0.008660 1212.459961
-12.927156 22.845078 1.507879 0.034560 0.038098 0.040164 1212.680054
-12.728180 22.894211 1.500331 0.023084 0.017155 0.072159 1212.900024
-12.529145 22.930431 1.493161 0.019829 0.022149 0.102153 1213.119995
-12.329120 22.956654 1.489475 0.018101 0.030977 0.126006 1213.339966
-12.126373 22.974861 1.489388 0.010706 -0.018259 0.141356 1213.560059
-11.920500 22.986975 1.491355 -0.002077 -0.094271 0.150910 1213.810059
-11.720448 22.991459 1.494501 -0.011991 -0.101331 0.153034 1214.250000
-11.667553 22.797388 1.503073 0.129748 0.028410 0.135509 1215.060059
-11.617659 22.594353 1.505245 0.092434 0.028980 0.115030 1215.319946
-11.560943 22.397345 1.505353 0.041288 0.030561 0.093784 1215.530029
-11.495455 22.202633 1.503392 0.011476 0.047331 0.070342 1215.729980
-11.415016 22.013247 1.498931 -0.004934 0.050106 0.043568 1215.930054
-11.319774 21.835222 1.491980 -0.016011 0.038112 0.014616 1216.130005
-11.208817 21.663342 1.482120 -0.006906 0.033194 -0.017752 1216.339966
-11.089630 21.502722 1.470821 -0.002658 0.017083 -0.051428 1216.550049
-10.963262 21.343054 1.461415 0.012996 0.001608 -0.087218 1216.770020
-10.837294 21.178017 1.458182 0.033055 0.001640 -0.125105 1217.000000
-10.724148 21.013121 1.462573 0.040209 0.005440 -0.161397 1217.219971
-10.617278 20.838007 1.473650 0.038996 0.010861 -0.197485 1217.439941
-10.519624 20.662580 1.488682 0.021039 0.003363 -0.231841 1217.650024
-10.422766 20.478592 1.506402 -0.006250 0.007844 -0.266509 1217.869995
-10.320781 20.297901 1.523192 -0.033652 0.039980 -0.302027 1218.099976
-10.201056 20.136244 1.535571 -0.039234 0.058375 -0.336204 1218.329956
-10.054480 19.991825 1.542635 -0.031398 0.057201 -0.368720 1218.560059
-9.891366 19.864916 1.544879 -0.020125 0.042454 -0.398891 1218.780029
-9.723506 19.751017 1.543701 -0.010996 0.019373 -0.427057 1218.989990
-9.554427 19.643045 1.540258 0.017001 0.001226 -0.454913 1219.199951
-9.390115 19.527391 1.534826 0.075198 -0.022787 -0.484749 1219.420044
-9.248383 19.378998 1.527268 0.105115 -0.024801 -0.517496 1219.660034
-9.153601 19.196590 1.518162 0.097516 -0.012620 -0.549958 1219.900024
-9.101048 19.001694 1.508955 0.068773 -0.004119 -0.580632 1220.119995
-9.070984 18.802317 1.500798 0.009285 -0.000692 -0.610560 1220.329956
-9.042704 18.599386 1.495994 -0.036404 0.032572 -0.641722 1220.550049
-8.991502 18.402124 1.496605 -0.049925 0.056489 -0.674293 1220.780029
-8.905706 18.217216 1.502800 -0.043253 0.058602 -0.705710 1221.010010
-8.793620 18.047340 1.512934 -0.029719 0.044996 -0.735148 1221.229980
-8.669195 17.890923 1.524101 -0.034443 0.007885 -0.760950 1221.439941
-8.530207 17.744364 1.534362 -0.070617 -0.002798 -0.783744 1221.660034
-8.369105 17.623583 1.540886 -0.082344 -0.001974 -0.799523 1221.890015
-8.180701 17.535112 1.541907 -0.064838 -0.004060 -0.805579 1222.130005
-7.986550 17.478971 1.538038 -0.050336 0.014366 -0.802833 1222.359985
-7.790388 17.440382 1.531289 -0.025950 0.009967 -0.790877 1222.579956
-7.591557 17.408730 1.522493 -0.006321 0.017240 -0.773480 1222.800049
-7.386624 17.372383 1.512119 0.031372 0.034174 -0.751483 1223.030029
-7.190012 17.315285 1.501382 0.048757 0.050717 -0.728183 1223.260010
-7.001479 17.227358 1.490896 0.037669 0.040199 -0.705909 1223.489990
-6.826745 17.122118 1.484317 0.000085 0.031158 -0.683553 1223.709961
-6.650175 17.012625 1.483740 -0.023965 0.019905 -0.659233 1223.930054
-6.469219 16.911530 1.489093 -0.029721 0.005855 -0.633380 1224.150024
-6.286139 16.824379 1.499895 -0.029996 0.016276 -0.606926 1224.369995
-6.100774 16.749699 1.513631 -0.012682 -0.030855 -0.578680 1224.589966
-5.907975 16.683111 1.528960 0.014100 -0.104564 -0.548371 1224.849976
-5.716996 16.619247 1.549927 0.011395 0.128981 -0.504646 1225.719971
-5.543820 16.510622 1.555493 0.007546 0.109709 -0.511301 1226.099976
-5.368805 16.398504 1.559396 0.003353 0.074271 -0.519583 1226.349976
-5.199823 16.290390 1.562287 0.000703 0.039364 -0.528570 1226.560059
-5.024702 16.178658 1.565006 0.004980 0.016949 -0.540090 1226.770020
-4.852575 16.065918 1.565765 0.023851 0.013424 -0.554710 1226.979980
-4.688973 15.947442 1.563516 0.033806 0.017077 -0.572788 1227.189941
-4.534778 15.819208 1.558018 0.033568 0.022542 -0.594233 1227.400024
-4.388055 15.680441 1.549710 0.027004 0.026441 -0.618905 1227.609985
-4.246601 15.533389 1.539320 0.016048 0.011927 -0.646019 1227.819946
-4.111566 15.384573 1.527512 0.007462 0.011700 -0.671557 1228.030029
-3.974389 15.230701 1.515579 -0.014446 0.020863 -0.693643 1228.250000
-3.832454 15.083832 1.507676 -0.040732 0.026716 -0.708636 1228.469971
-3.677058 14.950678 1.505534 -0.045362 0.014852 -0.714265 1228.689941
-3.510167 14.835127 1.508807 -0.038479 0.014534 -0.711776 1228.910034
-3.334937 14.734512 1.516868 -0.027523 0.019133 -0.701241 1229.130005
-3.155029 14.643807 1.527979 -0.007453 0.001472 -0.684017 1229.349976
-2.972474 14.555101 1.540893 0.012242 0.019326 -0.664384 1229.579956
-2.795468 14.460755 1.553916 0.018872 0.037675 -0.646510 1229.810059
-2.618848 14.353060 1.566187 0.017526 0.040853 -0.632125 1230.040039
-2.448219 14.237575 1.576731 0.012709 0.031272 -0.621720 1230.260010
-2.278622 14.115731 1.585486 -0.003452 0.007067 -0.613651 1230.479980
-2.112693 13.998784 1.592222 -0.025414 0.017839 -0.605613 1230.699951
-1.942703 13.892591 1.597161 -0.030901 0.013936 -0.595748 1230.920044
-1.759805 13.795596 1.600688 -0.027146 0.016011 -0.583232 1231.150024
-1.572085 13.710447 1.603204 -0.020736 0.029211 -0.567788 1231.380005
-1.385245 13.634304 1.605275 -0.013728 0.034840 -0.549401 1231.599976
-1.191041 13.559219 1.606856 -0.010604 0.034395 -0.527491 1231.819946
-0.999713 13.488434 1.603029 -0.026603 0.026734 -0.503352 1232.030029
-0.802928 13.425190 1.589088 -0.037745 0.014599 -0.475971 1232.239990
-0.603934 13.375668 1.564513 -0.032443 -0.005160 -0.446651 1232.449951
-0.401580 13.339431 1.531293 -0.007686 -0.007589 -0.418577 1232.670044
-0.201704 13.307533 1.497888 0.023070 0.016954 -0.395301 1232.900024
-0.000681 13.261685 1.471658 0.035102 0.035799 -0.379391 1233.140015
0.191547 13.196905 1.457129 0.033064 0.041016 -0.370338 1233.369995
0.378307 13.116455 1.452316 0.021794 0.032451 -0.364433 1233.589966
0.566256 13.026268 1.454317 -0.012651 0.018756 -0.358740 1233.810059
0.755184 12.942485 1.461144 -0.037982 0.020552 -0.351029 1234.030029
0.948181 12.875798 1.470652 -0.041247 0.008481 -0.339996 1234.250000
1.142487 12.828645 1.481111 -0.036243 0.018510 -0.326646 1234.469971
1.340100 12.796965 1.491488 -0.024481 0.013503 -0.309416 1234.689941
1.542117 12.775520 1.500333 -0.001466 -0.061788 -0.288307 1234.920044
1.743746 12.762717 1.506953 0.017439 -0.107824 -0.262393 1235.219971
1.569579 12.873634 1.525395 -0.026538 -0.116479 -0.216303 1236.109985
1.381573 12.954148 1.530293 -0.016950 -0.063127 -0.205623 1236.319946
1.196995 13.034887 1.535318 -0.009756 -0.024909 -0.195738 1236.510010
1.012314 13.116975 1.541086 0.003881 -0.007335 -0.187546 1236.699951
0.822964 13.198333 1.547866 0.025858 -0.010228 -0.182434 1236.900024
0.627628 13.270318 1.555568 0.035140 -0.009891 -0.181682 1237.109985
0.435386 13.325300 1.563456 0.032304 -0.005389 -0.186090 1237.319946
0.238170 13.366409 1.571833 0.025296 -0.020897 -0.197430 1237.540039
0.040394 13.395822 1.580247 0.013404 -0.014901 -0.214109 1237.760010
-0.164719 13.420036 1.586681 0.005466 -0.016436 -0.237145 1237.989990
-0.368165 13.442169 1.588617 0.002728 -0.029523 -0.265154 1238.219971
-0.573690 13.465461 1.585807 -0.001785 -0.019185 -0.296762 1238.449951
-0.778289 13.491095 1.578311 0.001991 -0.028807 -0.331192 1238.680054
-0.985010 13.518999 1.567433 0.005678 -0.017723 -0.367372 1238.910034
-1.191383 13.544956 1.555351 0.030573 -0.011626 -0.404409 1239.140015
-1.398201 13.558353 1.543733 0.040617 -0.008659 -0.441374 1239.369995
-1.606105 13.554914 1.533478 0.034464 -0.003587 -0.477747 1239.599976
-1.813388 13.537024 1.524976 0.034251 -0.013985 -0.514181 1239.829956
-2.014827 13.509958 1.518422 0.030346 -0.021396 -0.548448 1240.050049
-2.221479 13.477453 1.513131 0.017771 -0.024942 -0.582178 1240.270020
-2.421937 13.448838 1.508970 -0.024878 -0.042824 -0.613869 1240.479980
-2.630925 13.440340 1.505155 -0.053607 -0.059701 -0.646656 1240.699951
-2.836323 13.467482 1.501434 -0.050906 -0.049836 -0.680772 1240.920044
-3.034865 13.523355 1.499350 0.005034 -0.006748 -0.715619 1241.140015
-3.227524 13.577594 1.502349 0.052354 0.019963 -0.747491 1241.359985
-3.427574 13.606985 1.511262 0.050290 0.033324 -0.779300 1241.589966
-3.631842 13.608170 1.523344 0.000627 -0.014013 -0.813306 1241.829956
-3.838590 13.614689 1.535873 -0.038926 -0.060042 -0.846750 1242.079956
-4.038502 13.659803 1.546168 -0.048465 -0.060467 -0.880992 1242.329956
-4.221356 13.743455 1.552451 -0.031786 -0.062416 -0.913637 1242.569946
-4.392527 13.853742 1.555113 -0.019629 -0.035975 -0.945360 1242.800049
-4.557592 13.979211 1.554983 -0.009569 -0.022705 -0.976165 1243.030029
-4.716732 14.110750 1.552871 0.001712 -0.028711 -1.006442 1243.260010
-4.874763 14.246378 1.549398 0.002678 -0.016193 -1.036448 1243.489990
-5.030808 14.382008 1.544919 0.009879 -0.022505 -1.066472 1243.719971
-5.187895 14.517288 1.539193 0.021419 -0.013672 -1.096488 1243.949951
-5.349950 14.646149 1.529383 0.047542 0.001161 -1.126460 1244.180054
-5.524367 14.758313 1.513639 0.060137 0.002747 -1.156837 1244.410034
-5.707100 14.847923 1.492935 0.054201 0.001064 -1.186347 1244.630005
-5.894272 14.920225 1.468961 0.041837 -0.001950 -1.215052 1244.839966
-6.086310 14.982903 1.443588 -0.023684 0.030978 -1.242926 1245.050049
-6.276577 15.039131 1.417910 -0.084427 0.062506 -1.275085 1245.290039
-6.466825 15.092683 1.386902 0.006778 -0.068882 -1.326811 1246.010010
-6.567482 15.266420 1.417467 0.053678 -0.115546 -1.354912 1246.550049
-6.680312 15.436286 1.442665 0.038725 -0.074621 -1.368839 1246.800049
-6.795595 15.603080 1.465692 0.024441 -0.040870 -1.383416 1247.010010
-6.912782 15.768503 1.487678 0.015227 -0.013585 -1.399942 1247.209961
-7.031899 15.931147 1.508553 0.020354 -0.007678 -1.419102 1247.410034
-7.159720 16.095882 1.528653 0.023550 -0.009381 -1.441664 1247.619995
-7.291575 16.255341 1.546828 0.023043 -0.012855 -1.466588 1247.829956
-7.427185 16.411409 1.563332 0.020593 -0.015614 -1.493649 1248.040039
-7.564653 16.565050 1.578065 0.005666 -0.003570 -1.522120 1248.250000
-7.705162 16.719362 1.590182 0.017497 0.016816 -1.553827 1248.469971
-7.853817 16.863338 1.593681 0.050322 0.049092 -1.587854 1248.699951
-8.018538 16.977016 1.585079 0.047708 0.057819 -1.622838 1248.930054
-8.208346 17.061075 1.563933 0.043447 0.046958 -1.660459 1249.170044
-8.404355 17.115784 1.533802 0.038614 0.028204 -1.696906 1249.400024
-8.600347 17.155914 1.500546 0.013416 -0.026542 -1.731552 1249.619995
-8.799208 17.209824 1.467413 0.000636 -0.081859 -1.766286 1249.849976
-8.979486 17.299067 1.439249 -0.015899 -0.083160 -1.800373 1250.079956
-9.140386 17.429384 1.415987 -0.003165 -0.072442 -1.835243 1250.319946
-9.274697 17.583246 1.399343 0.006418 -0.050658 -1.867798 1250.550049
-9.391704 17.746063 1.388083 0.000482 -0.016278 -1.898220 1250.770020
-9.506679 17.916586 1.381775 0.026599 -0.001943 -1.929370 1251.000000
-9.626785 18.083557 1.380443 0.037544 0.003504 -1.960032 1251.229980
-9.752618 18.240404 1.382756 0.043568 0.001328 -1.989604 1251.449951
-9.889934 18.397003 1.387837 0.033839 -0.011591 -2.019613 1251.670044
-10.025677 18.549952 1.395366 0.022977 -0.026262 -2.048498 1251.880005
-10.158369 18.709206 1.405112 0.003361 -0.025153 -2.077274 1252.089966
-10.281469 18.871317 1.416255 0.002261 -0.023481 -2.106207 1252.300049
-10.399728 19.042517 1.429070 0.010927 -0.021597 -2.136754 1252.520020
-10.510206 19.215191 1.442406 0.005843 -0.013088 -2.167234 1252.739990
-10.614090 19.385628 1.455407 0.005319 0.003545 -2.197788 1252.959961
-10.721976 19.554451 1.465685 0.023092 0.042363 -2.229969 1253.189941
-10.851398 19.711573 1.471154 0.031077 0.056529 -2.263633 1253.430054
-11.005292 19.847504 1.471011 0.026753 0.048641 -2.297642 1253.670044
-11.171594 19.961437 1.466351 0.032227 0.036337 -2.330400 1253.900024
-11.345279 20.062752 1.458999 0.036339 0.024009 -2.362026 1254.119995
-11.529175 20.162659 1.449834 0.023515 0.002380 -2.393809 1254.339966
-11.703589 20.260859 1.439732 0.022613 -0.037604 -2.423699 1254.550049
-11.871784 20.377287 1.428122 0.022808 -0.058579 -2.454724 1254.770020
-12.021603 20.515715 1.415534 -0.050520 -0.050774 -2.485806 1255.000000
-12.148681 20.670504 1.402447 -0.120227 -0.024143 -2.521754 1255.290039
-12.142059 20.871315 1.418237 0.079254 -0.088301 -2.574601 1256.199951
-12.070994 21.060246 1.452852 0.068966 -0.067001 -2.588581 1256.510010
-12.008710 21.248329 1.485877 0.045392 -0.040857 -2.601330 1256.739990
-11.949247 21.439129 1.518658 0.027113 -0.022100 -2.616116 1256.949951
-11.889858 21.635389 1.551083 0.006445 -0.021210 -2.634124 1257.160034
-11.826428 21.829044 1.577234 -0.015894 -0.036744 -2.654815 1257.369995
-11.750090 22.014885 1.593834 -0.026864 -0.040033 -2.678338 1257.579956
-11.653514 22.197269 1.600302 -0.027317 -0.031051 -2.705699 1257.800049
-11.543570 22.366037 1.596835 -0.010210 -0.035388 -2.734743 1258.020020
-11.422701 22.528135 1.585861 0.003279 -0.024962 -2.765694 1258.239990
-11.301624 22.687227 1.570939 0.034552 0.063372 -2.797741 1258.459961
-11.212214 22.865318 1.553786 0.067437 0.133199 -2.833897 1258.709961
-11.219081 23.069942 1.536391 0.069962 0.130504 -2.878936 1258.989990
-11.309836 23.254236 1.523556 0.048618 0.092663 -2.919908 1259.229980
-11.431766 23.418470 1.514506 0.010816 0.063063 -2.954902 1259.439941
-11.568571 23.567640 1.507875 -0.007153 0.056051 -2.987307 1259.640015
-11.719750 23.704193 1.502393 -0.016101 0.040320 -3.019286 1259.839966
-11.878585 23.826611 1.497410 -0.017470 0.023114 -3.050567 1260.040039
-12.046591 23.941309 1.492395 -0.011252 0.013311 -3.083014 1260.250000
-12.219792 24.049917 1.487621 -0.006936 0.011298 -3.116179 1260.469971
-12.397670 24.154366 1.483503 0.004555 0.025351 3.133169 1260.699951
-12.576924 24.254700 1.480596 0.003483 0.013932 3.100317 1260.930054
-12.754847 24.352257 1.478487 0.009628 0.023424 3.068480 1261.160034
-12.934143 24.450026 1.477027 0.007608 0.013310 3.037212 1261.390015
-13.110684 24.547714 1.475678 0.013985 0.008605 3.006908 1261.619995
-13.289257 24.652493 1.473703 0.025112 0.024726 2.975932 1261.859985
-13.461028 24.761766 1.471077 0.026503 0.031431 2.946134 1262.089966
-13.628799 24.875834 1.467913 0.022952 0.033777 2.917307 1262.310059
-13.792003 24.991619 1.464508 0.015215 0.004848 2.889255 1262.520020
-13.953868 25.116039 1.462546 0.051549 -0.032244 2.859984 1262.739990
-14.097895 25.266514 1.464790 0.083341 -0.039876 2.827662 1262.979980
-14.199392 25.443121 1.471352 0.068174 -0.036405 2.795167 1263.219971
-14.266058 25.638340 1.481824 0.029877 0.010582 2.764447 1263.459961
-14.325117 25.832096 1.495977 -0.006469 0.052431 2.733269 1263.689941
-14.403283 26.021404 1.511957 -0.043744 0.010143 2.703754 1263.920044
-14.501120 26.200438 1.527409 -0.070321 -0.065459 2.676544 1264.180054
-14.646502 26.057108 1.558514 -0.120226 -0.034821 2.642226 1265.109985
-14.683692 25.859722 1.562598 -0.069658 -0.019439 2.658867 1265.319946
-14.721603 25.662464 1.566367 -0.032340 -0.009037 2.680350 1265.510010
-14.759845 25.461761 1.570310 -0.014748 -0.013905 2.706767 1265.699951
-14.794245 25.262983 1.574168 -0.007432 -0.022428 2.736688 1265.890015
-14.822380 25.057270 1.577950 -0.005840 -0.026054 2.771119 1266.089966
-14.840899 24.855362 1.581379 -0.008799 -0.024595 2.807688 1266.290039
-14.851163 24.646666 1.584691 -0.009748 -0.018957 2.847414 1266.500000
-14.854440 24.442608 1.587587 0.002471 -0.010229 2.887386 1266.709961
-14.852509 24.238808 1.587749 -0.001707 -0.017422 2.928453 1266.930054
-14.842264 24.033602 1.580831 -0.016986 -0.030691 2.970277 1267.160034
-14.819343 23.828461 1.565259 -0.027724 -0.033019 3.010855 1267.390015
-14.785272 23.628088 1.542819 -0.029349 -0.026724 3.048237 1267.609985
-14.744282 23.433249 1.516344 -0.009936 -0.016022 3.082425 1267.819946
-14.694800 23.235283 1.489040 0.026779 -0.043479 3.115548 1268.040039
-14.619228 23.043205 1.466363 0.029465 -0.083949 -3.134067 1268.280029
-14.502829 22.878286 1.453709 0.019905 -0.086296 -3.100391 1268.520020
-14.354542 22.740932 1.450411 -0.001367 -0.045048 -3.067941 1268.750000
-14.197820 22.616703 1.454954 -0.038513 -0.004648 -3.038358 1268.969971
-14.044484 22.482170 1.465747 -0.053872 0.017580 -3.009509 1269.189941
-13.903178 22.328892 1.480663 -0.056814 0.022451 -2.979972 1269.410034
-13.780550 22.164454 1.496711 -0.039935 0.021361 -2.951353 1269.619995
-13.669933 21.989937 1.511837 -0.017831 0.033004 -2.922624 1269.829956
-13.577202 21.812716 1.520640 -0.016385 0.066997 -2.893135 1270.040039
-13.511049 21.621756 1.519140 -0.021164 0.081245 -2.861406 1270.260010
-13.480057 21.421341 1.505715 -0.023585 0.071510 -2.828871 1270.479980
-13.477614 21.221090 1.484304 -0.016985 0.054987 -2.797288 1270.689941
-13.494935 21.015978 1.461191 -0.009643 0.046095 -2.765422 1270.900024
-13.528009 20.809797 1.441306 -0.002777 0.033357 -2.733362 1271.109985
-13.571968 20.607121 1.427094 0.002242 0.019019 -2.701452 1271.319946
-13.621788 20.411058 1.419399 -0.008647 0.019493 -2.669550 1271.530029
-13.674877 20.217735 1.417882 -0.016360 0.018648 -2.637653 1271.739990
-13.730813 20.016005 1.420697 -0.017372 -0.006985 -2.604484 1271.959961
-13.776831 19.818069 1.422675 -0.042427 -0.026288 -2.571936 1272.180054
-13.801228 19.611864 1.420049 -0.043811 -0.033589 -2.538298 1272.410034
-13.798727 19.407598 1.411339 -0.038782 -0.025431 -2.505868 1272.640015
-13.774795 19.205385 1.396655 -0.040466 -0.006253 -2.474254 1272.869995
-13.737594 19.003952 1.378303 0.021787 -0.028067 -2.443064 1273.099976
-13.692470 18.805285 1.357480 0.084675 -0.053448 -2.412398 1273.369995
-13.571426 18.644657 1.342044 -0.107729 -0.063355 -2.349596 1274.300049
-13.368817 18.603853 1.359684 -0.093945 -0.044348 -2.333466 1274.650024
-13.171199 18.555685 1.376733 -0.074111 -0.031628 -2.319105 1274.890015
-12.972417 18.503254 1.393292 -0.051385 -0.020007 -2.303472 1275.099976
-12.771751 18.447973 1.409452 -0.026645 -0.005209 -2.285735 1275.300049
-12.570996 18.389431 1.425427 -0.018962 0.015756 -2.265044 1275.500000
-12.377421 18.324423 1.441174 -0.021655 0.026438 -2.241650 1275.699951
-12.184146 18.246080 1.457033 -0.009030 0.027194 -2.214848 1275.910034
-12.003386 18.159803 1.472135 -0.012913 0.021047 -2.186130 1276.119995
-11.823818 18.062712 1.487710 -0.018239 0.011958 -2.154317 1276.339966
-11.650025 17.961624 1.502543 -0.010424 0.006272 -2.121514 1276.560059
-11.475035 17.854147 1.513169 -0.020849 0.031758 -2.086230 1276.790039
-11.308145 17.734283 1.514008 -0.021031 0.048437 -2.050072 1277.020020
-11.152287 17.596294 1.504221 -0.006951 0.040831 -2.013517 1277.250000
-11.009398 17.445160 1.484789 -0.014253 0.036451 -1.977158 1277.479980
-10.880764 17.290398 1.459748 -0.002614 0.021381 -1.942584 1277.699951
-10.757850 17.125305 1.435705 0.034482 0.038147 -1.906907 1277.930054
-10.660368 16.948112 1.421751 0.045383 0.063207 -1.870298 1278.170044
-10.600459 16.748590 1.421971 0.040100 0.050534 -1.835354 1278.420044
-10.575659 16.545469 1.434884 0.016312 0.035663 -1.802865 1278.660034
-10.564247 16.345184 1.450906 -0.038216 0.011858 -1.772140 1278.890015
-10.537092 16.145639 1.463713 -0.067489 -0.001937 -1.740476 1279.119995
-10.479486 15.952210 1.469814 -0.064002 -0.009916 -1.708815 1279.349976
-10.392879 15.768638 1.468203 -0.056552 0.003371 -1.678501 1279.579956
-10.283644 15.591124 1.460321 -0.037548 0.002172 -1.647497 1279.810059
-10.166307 15.427179 1.450371 -0.033213 0.009058 -1.618248 1280.030029
-10.039773 15.266653 1.440926 -0.031018 0.018456 -1.588762 1280.250000
-9.911829 15.113104 1.433601 -0.025394 0.021752 -1.560124 1280.459961
-9.779222 14.957848 1.428604 -0.017402 0.025842 -1.531123 1280.670044
-9.645598 14.799449 1.426653 -0.001331 0.030079 -1.501763 1280.880005
-9.516724 14.636029 1.428102 0.008361 0.031094 -1.472156 1281.089966
-9.396615 14.468147 1.432307 0.015625 0.015013 -1.442814 1281.300049
-9.287498 14.300345 1.438559 0.010940 0.018961 -1.413208 1281.510010
-9.182826 14.124181 1.446497 0.013422 0.020579 -1.382353 1281.729980
-9.087674 13.946082 1.455052 0.015443 0.031732 -1.351464 1281.949951
-9.001272 13.762230 1.463681 0.013918 0.021392 -1.321229 1282.170044
-8.919341 13.567276 1.472065 0.009292 0.021722 -1.290671 1282.400024
-8.846475 13.379485 1.479365 0.004548 0.020127 -1.263233 1282.619995
-8.774727 13.186798 1.485206 0.002393 -0.050150 -1.237643 1282.849976
-8.705855 12.998861 1.489089 0.000341 -0.111302 -1.211666 1283.130005
-8.853617 13.139875 1.504493 0.034011 -0.120468 -1.199190 1283.989990
-8.975456 13.303403 1.506798 0.018255 -0.054552 -1.212579 1284.189941
-9.099995 13.468571 1.508684 0.020301 -0.015236 -1.230970 1284.380005
-9.227635 13.629626 1.509375 0.026903 -0.000560 -1.253483 1284.569946
-9.365172 13.788716 1.508137 0.021594 0.010908 -1.280436 1284.770020
-9.510114 13.941421 1.504314 0.016042 0.011091 -1.311841 1284.979980
-9.653731 14.080922 1.498148 0.017764 -0.002897 -1.345700 1285.189941
-9.804151 14.217301 1.490700 0.024619 0.028619 -1.382415 1285.410034
-9.971067 14.339650 1.482981 0.057866 0.073660 -1.423001 1285.650024
-10.160763 14.414516 1.475946 0.054643 0.077749 -1.466405 1285.900024
-10.367894 14.436336 1.469986 0.051617 0.059588 -1.510204 1286.150024
-10.572672 14.422194 1.465631 0.036923 0.035411 -1.549889 1286.380005
-10.775701 14.391822 1.462417 0.022532 0.015432 -1.586241 1286.599976
-10.979280 14.355958 1.460399 0.022438 -0.005855 -1.621277 1286.819946
-11.182943 14.325542 1.460899 0.028655 -0.034381 -1.655282 1287.040039
-11.388296 14.313073 1.464746 0.035993 -0.045089 -1.688339 1287.260010
-11.596998 14.323457 1.471604 0.035116 -0.039999 -1.720510 1287.479980
-11.798884 14.352182 1.480480 0.032270 -0.028119 -1.750695 1287.689941
-12.001062 14.393542 1.489677 0.009777 -0.019159 -1.780448 1287.900024
-12.197098 14.441979 1.495393 0.015602 -0.013560 -1.809817 1288.109985
-12.397484 14.497713 1.495665 0.015167 -0.008325 -1.840189 1288.329956
-12.593453 14.556163 1.489875 0.013114 -0.003674 -1.870202 1288.550049
-12.785146 14.615171 1.478753 0.023821 0.000864 -1.900035 1288.770020
-12.976790 14.674486 1.463856 0.019569 -0.011155 -1.929869 1288.989990
-13.173059 14.743731 1.447513 0.012873 -0.059783 -1.960745 1289.219971
-13.354046 14.838609 1.432887 0.008263 -0.078698 -1.991330 1289.449951
-13.513192 14.965302 1.420870 0.002846 -0.067844 -2.021682 1289.680054
-13.650867 15.117029 1.411659 0.017114 -0.052646 -2.052083 1289.910034
-13.771081 15.280504 1.405351 0.028969 -0.036575 -2.081276 1290.130005
-13.882977 15.448712 1.401084 0.033341 -0.022282 -2.109520 1290.339966
-13.996308 15.623530 1.397904 0.023877 0.001959 -2.138152 1290.550049
-14.114041 15.794409 1.395864 0.025922 0.041573 -2.167513 1290.760010
-14.244516 15.949252 1.394946 0.025640 0.059531 -2.197720 1290.969971
-14.398293 16.088476 1.394538 0.009937 0.053832 -2.229882 1291.189941
-14.563964 16.204470 1.394500 0.019845 0.043113 -2.262230 1291.410034
-14.740588 16.304972 1.395160 0.019594 0.022279 -2.294900 1291.630005
-14.920764 16.399912 1.398664 0.017291 -0.033305 -2.327117 1291.849976
-15.094826 16.511703 1.408489 0.024743 -0.068738 -2.360536 1292.079956
-15.243539 16.648960 1.424411 0.011328 -0.067132 -2.393215 1292.310059
-15.364427 16.807348 1.445652 0.024901 -0.052765 -2.425368 1292.540039
-15.465825 16.982550 1.469985 -0.011119 -0.026662 -2.456657 1292.770020
-15.553067 17.164608 1.493552 -0.086461 0.003629 -2.489598 1293.020020
-15.626005 17.350815 1.518692 -0.109872 0.024389 -2.532689 1293.449951
-15.683492 17.546642 1.510094 0.113280 -0.021972 -2.572392 1294.260010
-15.752600 17.739571 1.496697 0.088215 -0.015597 -2.587995 1294.540039
-15.824570 17.935287 1.483213 0.048318 -0.007746 -2.603666 1294.770020
-15.895427 18.126158 1.470114 0.036585 -0.004497 -2.621059 1294.979980
-15.968850 18.322165 1.456785 0.028442 -0.004018 -2.641339 1295.189941
-16.038311 18.510281 1.445750 0.002673 -0.029454 -2.662981 1295.390015
-16.096859 18.705688 1.440346 -0.011941 -0.069926 -2.687221 1295.599976
-16.124741 18.909115 1.443416 -0.013696 -0.083308 -2.715166 1295.819946
-16.113533 19.112389 1.455364 -0.004980 -0.075631 -2.745643 1296.040039
-16.072054 19.307276 1.473766 -0.000101 -0.054259 -2.776277 1296.250000
-16.011061 19.500309 1.496588 -0.002854 -0.026937 -2.807701 1296.459961
-15.941416 19.687510 1.522431 0.013813 -0.016983 -2.839567 1296.670044
-15.869884 19.872707 1.549671 0.007775 -0.002429 -2.871291 1296.880005
-15.798325 20.060923 1.574333 0.002435 0.004784 -2.904211 1297.099976
-15.729449 20.249380 1.590683 0.023206 -0.005851 -2.938456 1297.329956
-15.661320 20.445871 1.596649 0.017312 -0.005838 -2.973367 1297.569946
-15.595122 20.642620 1.592162 0.029463 -0.012444 -3.008019 1297.810059
-15.531158 20.836117 1.580320 0.032510 -0.001398 -3.040825 1298.040039
-15.474269 21.035133 1.564003 0.029639 0.062827 -3.073008 1298.270020
-15.451406 21.236404 1.545837 0.026434 0.097936 -3.106527 1298.500000
-15.478167 21.438715 1.527118 0.022664 0.094599 -3.141241 1298.729980
-15.546643 21.632774 1.509573 0.017458 0.071871 3.108266 1298.949951
-15.638931 21.816229 1.494143 -0.004274 0.025332 3.076693 1299.160034
-15.735851 21.990934 1.481575 0.008257 -0.058384 3.047247 1299.369995
-15.809868 22.182039 1.473215 0.034171 -0.117068 3.012572 1299.609985
-15.812551 22.388561 1.470628 0.046533 -0.115578 2.975405 1299.869995
-15.745824 22.583157 1.472262 0.042745 -0.083318 2.942118 1300.109985
-15.643320 22.764256 1.476208 0.034150 -0.057370 2.911497 1300.329956
-15.528465 22.929235 1.481089 0.029203 -0.038715 2.883434 1300.530029
-15.402148 23.092831 1.486429 0.007850 -0.017222 2.855529 1300.729980
-15.273968 23.250511 1.491352 0.005232 -0.005473 2.827488 1300.930054
-15.142518 23.410021 1.496071 0.013647 -0.001411 2.798182 1301.140015
-15.015492 23.566011 1.500266 0.004117 0.007006 2.769143 1301.349976
-14.892267 23.725462 1.504377 0.013540 0.041291 2.738355 1301.569946
-14.786008 23.897648 1.509294 0.023379 0.067269 2.706005 1301.800049
-14.710477 24.083818 1.514982 0.014626 0.061356 2.673297 1302.030029
-14.662911 24.281471 1.521461 0.021943 0.050218 2.640456 1302.260010
-14.635756 24.480318 1.528140 0.003045 0.023863 2.608946 1302.479980
-14.618618 24.681578 1.533983 -0.066329 -0.025430 2.579628 1302.709961
-14.607373 24.882160 1.542676 -0.151598 -0.118083 2.554610 1303.040039
-14.405004 24.868559 1.531163 0.090138 -0.071551 2.514969 1303.750000
-14.200974 24.864006 1.521566 0.067568 -0.065739 2.498929 1304.020020
-13.996305 24.868753 1.512519 0.042097 -0.049458 2.484237 1304.239990
-13.792738 24.874725 1.505391 0.030564 -0.028693 2.468530 1304.439941
-13.582391 24.882814 1.501943 0.026834 -0.012644 2.450299 1304.640015
-13.382229 24.894436 1.502733 0.013228 0.003769 2.431077 1304.829956
-13.178432 24.910833 1.507606 0.008452 0.008128 2.408653 1305.030029
-12.974346 24.932091 1.516804 0.013937 0.000870 2.382966 1305.239990
-12.768257 24.957760 1.529566 -0.006709 0.001132 2.354406 1305.459961
-12.566314 24.978636 1.542835 -0.054511 -0.037280 2.324453 1305.689941
-12.366028 24.963720 1.553484 -0.072502 -0.077066 2.291039 1305.939941
-12.179396 24.889223 1.557941 -0.058090 -0.083470 2.253788 1306.189941
-12.013562 24.772120 1.556419 -0.034185 -0.067351 2.217451 1306.420044
-11.864820 24.638216 1.551328 -0.016934 -0.034907 2.184014 1306.630005
-11.719952 24.493965 1.543899 0.002258 -0.024380 2.151520 1306.839966
-11.575580 24.348482 1.534891 0.020019 -0.020218 2.119442 1307.050049
-11.426824 24.206953 1.524891 0.027440 -0.015721 2.087779 1307.260010
-11.273052 24.072666 1.514593 0.019895 0.000200 2.057078 1307.469971
-11.111146 23.942507 1.503577 0.022229 -0.009896 2.024748 1307.689941
-10.946703 23.819536 1.492688 0.021063 -0.018697 1.992782 1307.910034
-10.778140 23.698935 1.482125 0.019118 -0.024521 1.961059 1308.130005
-10.613569 23.583012 1.472448 0.014883 -0.023180 1.931067 1308.339966
-10.448357 23.466324 1.463193 0.001583 -0.007986 1.901611 1308.550049
-10.282587 23.345726 1.454472 -0.028614 -0.021539 1.871182 1308.770020
-10.128594 23.211395 1.447753 -0.054799 -0.047757 1.839909 1309.000000
-10.002788 23.055424 1.443488 -0.057205 -0.040845 1.806881 1309.229980
-9.902468 22.872417 1.441033 -0.039412 -0.042266 1.773089 1309.469971
-9.827226 22.681126 1.440377 -0.017923 -0.044859 1.740909 1309.699951
-9.764134 22.485430 1.440807 -0.001841 -0.040859 1.709983 1309.920044
-9.705481 22.290230 1.441862 0.008186 -0.028460 1.680497 1310.130005
-9.644193 22.094007 1.444816 0.035994 0.005836 1.651527 1310.339966
-9.566697 21.901897 1.452640 0.066343 0.019013 1.621504 1310.560059
-9.459547 21.723114 1.465371 0.037566 0.045067 1.592113 1310.790039
-9.331306 21.567282 1.479685 -0.035005 0.085532 1.561100 1311.040039
-9.180851 21.434771 1.498295 -0.079911 0.070010 1.518719 1311.489990
-9.160545 21.232725 1.535008 0.018138 -0.129748 1.478920 1312.339966
-9.157740 21.029875 1.554652 0.017687 -0.095108 1.462942 1312.589966
-9.152147 20.822788 1.572956 0.014880 -0.061568 1.446769 1312.800049
-9.144179 20.620718 1.588532 0.027879 -0.028918 1.429834 1312.989990
-9.128390 20.416119 1.599908 0.046790 -0.002811 1.411126 1313.180054
-9.098117 20.216681 1.605416 0.048836 0.015380 1.390786 1313.369995
-9.049417 20.018478 1.604578 0.038391 0.025403 1.367417 1313.569946
-8.983235 19.826231 1.596788 0.035845 0.011685 1.340062 1313.780029
-8.900921 19.636574 1.582986 0.025490 0.008806 1.310096 1314.000000
-8.809257 19.457369 1.564978 0.034007 0.016558 1.278764 1314.219971
-8.700248 19.282288 1.542708 0.043924 0.013942 1.244560 1314.449951
-8.580191 19.123121 1.519180 0.044718 0.006268 1.210831 1314.670044
-8.445963 18.967422 1.494409 0.042878 -0.002458 1.176396 1314.890015
-8.308125 18.819304 1.471387 0.026428 0.010020 1.143669 1315.099976
-8.164120 18.677721 1.452244 0.026525 0.035734 1.110558 1315.310059
-8.002878 18.545527 1.437995 0.023446 0.044697 1.075583 1315.530029
-7.830876 18.432985 1.429587 0.014120 0.038549 1.040851 1315.750000
-7.652397 18.338020 1.426329 0.022836 0.029274 1.006555 1315.969971
-7.466856 18.253769 1.427289 0.031840 0.019222 0.972507 1316.189941
-7.273621 18.173035 1.431057 0.033850 0.010594 0.938683 1316.410034
-7.084892 18.095123 1.436184 0.009543 -0.021502 0.906831 1316.619995
-6.900944 18.005182 1.442891 -0.007344 -0.101076 0.875648 1316.839966
-6.747037 17.874659 1.451254 -0.013839 -0.130855 0.842168 1317.079956
-6.651113 17.696573 1.459168 -0.013018 -0.107181 0.807338 1317.329956
-6.610612 17.495907 1.466675 0.009238 -0.080102 0.774820 1317.569946
-6.601000 17.292000 1.474138 0.013627 -0.052351 0.745793 1317.790039
-6.605259 17.086939 1.482304 0.018659 -0.035618 0.718186 1318.000000
-6.615096 16.886766 1.490939 0.009233 -0.014276 0.692172 1318.199951
-6.627069 16.679266 1.500363 0.008559 -0.004354 0.664613 1318.410034
-6.637805 16.477320 1.510242 0.018975 -0.007605 0.636737 1318.619995
-6.645915 16.277369 1.519879 0.019693 -0.001440 0.608572 1318.829956
-6.648358 16.070892 1.523913 0.027918 0.027070 0.578637 1319.050049
-6.633933 15.870317 1.516599 0.031557 0.042719 0.548162 1319.270020
-6.596433 15.672685 1.499318 -0.043675 0.046298 0.516918 1319.500000
-6.538372 15.478132 1.472286 -0.100720 0.034681 0.480559 1319.800049
-6.491485 15.284737 1.451465 0.121980 -0.066543 0.418429 1320.760010
-6.506362 15.085971 1.473965 0.104036 -0.051797 0.403126 1321.069946
-6.520253 14.887357 1.495529 0.073373 -0.034337 0.389942 1321.290039
-6.533866 14.682002 1.517524 0.048551 -0.020737 0.374858 1321.489990
-6.546589 14.476767 1.539077 0.028475 -0.003435 0.357893 1321.680054
-6.556333 14.270489 1.560146 0.021350 0.011800 0.338205 1321.869995
-6.559566 14.067542 1.579853 0.017659 0.018182 0.316088 1322.060059
-6.554456 13.859322 1.598560 0.013674 0.025141 0.290515 1322.260010
-6.537358 13.659641 1.612831 -0.009133 0.078256 0.262229 1322.459961
-6.487441 13.463197 1.620240 -0.026758 0.123565 0.227745 1322.680054
-6.379634 13.287750 1.616973 -0.036696 0.108723 0.189903 1322.920044
-6.223291 13.151393 1.603378 -0.022916 0.086342 0.151205 1323.160034
-6.048434 13.050300 1.584542 -0.008495 0.057493 0.115188 1323.380005
-5.866188 12.965527 1.563443 0.000213 0.022343 0.080882 1323.589966
-5.682466 12.885344 1.540532 0.017543 0.013627 0.046851 1323.800049
-5.501805 12.802453 1.517133 0.017807 -0.004067 0.013097 1324.010010
-5.318847 12.709801 1.493816 -0.019740 -0.070182 -0.021055 1324.239990
-5.144686 12.611632 1.472218 -0.059298 -0.127441 -0.056902 1324.550049
-4.939548 12.616384 1.474245 -0.049790 0.110278 -0.064980 1325.510010
-4.744754 12.686826 1.490752 -0.032814 0.090821 -0.029635 1325.800049
-4.555226 12.753982 1.505190 -0.019149 0.067966 0.004326 1326.020020
-4.363480 12.820119 1.518862 -0.009407 0.048627 0.038896 1326.219971
-4.172498 12.884171 1.531641 -0.000219 0.018821 0.073837 1326.410034
-3.973403 12.948620 1.544134 0.020286 -0.004149 0.109768 1326.609985
-3.773927 13.004787 1.556419 0.036683 0.006011 0.143406 1326.819946
-3.570759 13.045203 1.568717 0.036206 0.004254 0.170670 1327.040039
-3.363471 13.068339 1.580947 0.028740 0.013032 0.192705 1327.270020
-3.157968 13.077365 1.592740 0.012967 0.021654 0.210355 1327.500000
-2.953218 13.084639 1.600694 -0.062975 0.007744 0.225719 1327.729980
-2.754321 13.124377 1.600745 -0.118016 -0.000972 0.243058 1327.969971
-2.574609 13.227011 1.589528 -0.118284 0.000541 0.262674 1328.219971
-2.433646 13.374816 1.569893 -0.089411 0.004624 0.282957 1328.449951
-2.321014 13.540500 1.546702 -0.047968 -0.002702 0.304340 1328.660034
-2.220543 13.717334 1.521923 -0.005090 0.003632 0.326393 1328.869995
-2.118326 13.895754 1.500639 0.046534 0.032800 0.350126 1329.089966
-1.994357 14.057159 1.487902 0.066752 0.045304 0.373140 1329.319946
-1.837028 14.191934 1.485221 0.059608 0.039291 0.393134 1329.560059
-1.663375 14.293388 1.491740 0.040851 0.041235 0.409500 1329.790039
-1.472780 14.377955 1.504822 0.021042 0.024154 0.421181 1330.020020
-1.284623 14.449965 1.520964 0.018482 0.011867 0.427479 1330.239990
-1.088494 14.512387 1.537383 0.074093 -0.012009 0.426849 1330.469971
-0.884506 14.536638 1.550350 0.098897 -0.025971 0.416539 1330.709961
-0.683312 14.506445 1.556834 0.081697 -0.028219 0.398661 1330.949951
-0.488808 14.431098 1.557422 0.067273 -0.005122 0.375591 1331.189941
-0.312087 14.335043 1.554190 0.037450 -0.000426 0.347949 1331.410034
-0.137883 14.227072 1.548530 0.023132 0.013280 0.316787 1331.630005
0.036449 14.116066 1.541666 0.011617 0.017439 0.282623 1331.849976
0.211191 14.007545 1.534426 0.004986 0.017593 0.246690 1332.069946
0.385877 13.903952 1.527343 0.005809 0.021933 0.209795 1332.290039
0.562103 13.805737 1.520680 -0.006276 0.026064 0.172679 1332.510010
0.749425 13.713350 1.514003 -0.009843 0.038670 0.134137 1332.739990
0.935041 13.636680 1.507966 -0.013199 0.024997 0.098386 1332.959961
1.131920 13.567933 1.501488 -0.006014 0.029594 0.061855 1333.189941
1.323879 13.509376 1.495071 0.001440 0.032394 0.027921 1333.410034
1.520236 13.453853 1.488919 0.002069 0.021624 -0.005053 1333.630005
1.717487 13.400223 1.484614 0.000024 0.026071 -0.037038 1333.849976
1.916632 13.348812 1.483504 -0.001227 0.023862 -0.068224 1334.069946
2.116396 13.299876 1.485543 -0.001819 0.016493 -0.098422 1334.290039
2.314124 13.253429 1.490291 -0.000690 0.024301 -0.127777 1334.510010
2.511387 13.208510 1.496536 -0.001006 -0.013270 -0.155859 1334.729980
2.712893 13.162771 1.503038 -0.002794 -0.090252 -0.184540 1334.979980
2.907941 13.118208 1.511872 0.000476 -0.084421 -0.221163 1335.449951
3.113729 13.107998 1.509403 -0.026175 0.110280 -0.199737 1336.219971
3.317021 13.107709 1.507481 -0.016604 0.092666 -0.170306 1336.489990
3.521707 13.108029 1.505222 -0.008315 0.060542 -0.141211 1336.709961
3.724001 13.108199 1.502650 -0.003021 0.035564 -0.113289 1336.910034
3.930953 13.107982 1.499735 -0.000416 0.023406 -0.085775 1337.109985
4.137541 13.107191 1.496479 0.000051 0.021554 -0.059978 1337.310059
4.342639 13.105945 1.492909 -0.000186 0.019198 -0.036875 1337.510010
4.545661 13.104548 1.489221 -0.000366 0.011863 -0.017119 1337.709961
4.753167 13.103191 1.485335 -0.000167 -0.004179 -0.001043 1337.920044
4.958565 13.101777 1.480910 0.002770 0.001970 0.009817 1338.140015
5.163718 13.099015 1.476047 0.006128 0.022628 0.014731 1338.369995
5.367430 13.093593 1.471428 0.006541 0.015802 0.013616 1338.599976
5.569790 13.085333 1.466647 0.005477 0.030185 0.008272 1338.829956
5.775508 13.074883 1.461723 0.003393 0.019205 0.000019 1339.060059
5.980488 13.063497 1.457673 -0.002576 0.013352 -0.008764 1339.290039
6.182065 13.053833 1.455993 -0.006403 0.027836 -0.015677 1339.520020
6.386726 13.047586 1.457274 -0.006975 0.035337 -0.019502 1339.750000
6.589037 13.044862 1.461101 -0.005927 0.039563 -0.020629 1339.969971
6.789400 13.044605 1.466693 -0.004182 0.036509 -0.019558 1340.180054
6.995374 13.045845 1.473326 -0.003311 0.028761 -0.015578 1340.390015
7.203474 13.048374 1.479596 -0.005897 0.023796 -0.008784 1340.599976
7.411807 13.053129 1.484582 -0.007540 0.026404 0.000354 1340.810059
7.620800 13.060758 1.487856 -0.007108 0.024174 0.011107 1341.020020
7.830034 13.071086 1.489392 -0.005543 0.026866 0.022394 1341.229980
8.030028 13.082850 1.489429 -0.003679 0.025397 0.032615 1341.430054
8.230341 13.095798 1.488414 -0.002035 0.024607 0.040451 1341.630005
8.430627 13.109168 1.486502 0.003265 0.022051 0.044785 1341.829956
8.640039 13.121534 1.483890 0.009921 0.022374 0.045312 1342.040039
8.848724 13.129705 1.480981 0.012187 0.023097 0.041882 1342.250000
9.057233 13.132857 1.477857 0.011093 0.024150 0.035468 1342.459961
9.265949 13.131592 1.474692 0.008269 0.025244 0.027208 1342.670044
9.475202 13.127193 1.471575 0.005221 0.026226 0.018951 1342.880005
9.684707 13.121024 1.468450 0.001254 0.014659 0.012672 1343.089966
9.890913 13.114795 1.465400 -0.004477 0.015444 0.008824 1343.300049
10.093722 13.110711 1.462430 -0.007493 0.018903 0.007211 1343.510010
10.293766 13.109932 1.459464 -0.007428 0.008151 0.007041 1343.719971
10.497396 13.112503 1.456404 -0.005481 0.009652 0.006155 1343.939941
10.704339 13.117513 1.453088 0.001327 0.018507 0.003783 1344.170044
10.909557 13.121729 1.449465 0.006150 0.028781 -0.000072 1344.400024
11.116684 13.122794 1.445605 0.006929 0.016905 -0.005207 1344.630005
11.322745 13.120329 1.441296 0.005690 0.029098 -0.010684 1344.859985
11.531158 13.115013 1.436513 0.003475 0.001391 -0.016321 1345.089966
11.734423 13.108004 1.431251 0.000964 -0.078960 -0.021811 1345.329956
11.934505 13.099607 1.429909 -0.000381 -0.108261 -0.028947 1345.750000
12.134672 13.088627 1.411051 -0.002073 0.132689 -0.035308 1346.550049
12.337671 13.081573 1.401261 -0.002342 0.098365 -0.035733 1346.810059
12.539473 13.075616 1.391495 -0.002280 0.047867 -0.034938 1347.020020
12.742446 13.070481 1.382342 -0.003874 0.024137 -0.032657 1347.219971
12.946011 13.066738 1.374609 -0.005259 0.021061 -0.028792 1347.420044
13.147659 13.064921 1.368826 -0.005030 0.004826 -0.023242 1347.619995
13.352168 13.065083 1.364702 -0.003682 0.006486 -0.015394 1347.829956
13.559008 13.066857 1.362400 -0.002350 0.020029 -0.004445 1348.050049
13.764361 13.069811 1.362573 -0.005269 0.027927 0.008799 1348.270020
13.971931 13.075159 1.365893 -0.007976 0.030078 0.023013 1348.489990
14.173188 13.083670 1.372007 -0.007824 0.031135 0.035908 1348.699951
14.377746 13.095516 1.380530 -0.006167 0.030177 0.045861 1348.910034
14.584825 13.109941 1.390477 -0.002356 0.020197 0.051222 1349.119995
14.790306 13.124722 1.399514 0.009817 0.009966 0.051086 1349.329956
14.990851 13.135069 1.405692 0.018856 0.017889 0.044968 1349.540039
15.197787 13.137519 1.408376 0.019495 0.006904 0.032514 1349.760010
15.398449 13.131503 1.408075 0.007936 0.012405 0.018173 1349.979980
15.603679 13.121860 1.407433 -0.006209 0.026031 0.004841 1350.209961
15.811244 13.115624 1.408301 -0.013037 0.036237 -0.004989 1350.439941
16.016186 13.115844 1.411318 -0.014055 0.037306 -0.012721 1350.660034
16.218130 13.121826 1.416070 -0.009853 0.026594 -0.020268 1350.869995
16.421585 13.131057 1.420104 0.004109 0.014307 -0.028553 1351.079956
16.621655 13.138119 1.421036 0.014059 0.019642 -0.037781 1351.290039
16.828451 13.138806 1.417937 0.016429 0.008894 -0.048102 1351.510010
17.028385 13.131954 1.411661 0.012871 0.000185 -0.057190 1351.729980
17.236139 13.118181 1.405525 0.006600 0.020589 -0.064847 1351.969971
17.442928 13.100766 1.403443 0.001404 0.035792 -0.070554 1352.209961
17.648424 13.082852 1.406390 -0.001628 0.042402 -0.074265 1352.439941
17.854263 13.065856 1.413316 -0.002790 0.026805 -0.076265 1352.660034
18.061670 13.050181 1.421340 -0.005188 0.003851 -0.076419 1352.880005
18.261806 13.037416 1.426882 -0.007211 0.017878 -0.074110 1353.099976
18.468313 13.027619 1.428565 -0.006923 0.014427 -0.068270 1353.329956
18.672264 13.021178 1.425727 -0.004854 0.020538 -0.058466 1353.560059
18.875624 13.016961 1.419062 -0.006267 0.021227 -0.044106 1353.790039
19.079250 13.016840 1.411680 -0.029101 0.020637 -0.025235 1354.020020
19.283125 13.030724 1.406661 -0.042629 0.028164 -0.001847 1354.250000
19.481089 13.062985 1.405277 -0.041001 0.031080 0.024619 1354.469971
19.682735 13.112769 1.407413 -0.031378 0.030844 0.054444 1354.689941
19.876890 13.171950 1.411852 -0.013206 -0.012097 0.085707 1354.900024
20.070196 13.238471 1.416918 0.010671 -0.089702 0.118744 1355.130005
20.257298 13.309774 1.426585 0.023655 -0.122753 0.160169 1355.520020
20.461586 13.308393 1.410874 0.033776 0.110242 0.146187 1356.310059
20.659887 13.285440 1.397827 0.019972 0.090437 0.112483 1356.579956
20.858736 13.262527 1.384662 0.007158 0.043982 0.078459 1356.800049
21.059263 13.240061 1.371732 0.000263 0.020739 0.043459 1357.010010
21.259563 13.218778 1.360781 0.000098 0.020192 0.007809 1357.219971
21.458761 13.198488 1.352885 0.002178 0.024130 -0.026772 1357.430054
21.658478 13.178007 1.348277 0.003643 0.030362 -0.058632 1357.640015
21.860992 13.156287 1.346688 0.003553 0.027828 -0.086569 1357.849976
22.064449 13.133249 1.347189 0.002349 0.007951 -0.109273 1358.060059
22.270988 13.108975 1.349648 -0.002135 0.006531 -0.125853 1358.280029
22.470915 13.086468 1.355108 -0.007720 0.022025 -0.134577 1358.500000
22.671164 13.067191 1.363843 -0.010222 0.032551 -0.135463 1358.719971
22.876524 13.051507 1.375265 -0.009689 0.034227 -0.128882 1358.939941
23.077814 13.039524 1.387803 -0.007418 0.023808 -0.116447 1359.150024
23.279778 13.030152 1.399093 -0.007293 0.014595 -0.099793 1359.359985
23.488335 13.023373 1.406156 -0.007600 0.020877 -0.080044 1359.579956
23.695183 13.019643 1.407304 -0.006344 0.011804 -0.059270 1359.800049
23.897280 13.018664 1.403473 -0.005701 0.007111 -0.037916 1360.020020
24.102207 13.020469 1.398591 -0.007445 0.020917 -0.015813 1360.250000
24.306911 13.025737 1.396353 -0.007523 0.034129 0.005295 1360.479980
24.508314 13.034135 1.398082 -0.006022 0.038769 0.022685 1360.699951
24.717121 13.045281 1.403671 -0.003456 0.031862 0.035547 1360.920044
24.919817 13.057253 1.409834 0.001478 0.015634 0.043247 1361.130005
25.119982 13.068379 1.412574 0.005570 0.019704 0.046999 1361.339966
25.327656 13.077444 1.410020 0.006860 0.009724 0.047357 1361.560059
25.530355 13.083240 1.402863 0.005973 0.012018 0.044960 1361.780029
25.737600 13.086338 1.395535 0.004508 0.024072 0.040375 1362.010010
25.946098 13.087466 1.392699 0.003047 0.034440 0.034429 1362.239990
26.150656 13.087562 1.395147 0.001594 0.023228 0.027939 1362.459961
26.356153 13.087206 1.399373 0.000752 0.021813 0.021281 1362.680054
26.561260 13.086720 1.402163 0.000333 0.022937 0.014913 1362.900024
26.765530 13.086249 1.402102 0.000073 0.011221 0.009342 1363.119995
26.965727 13.085816 1.398486 0.000088 0.024605 0.005205 1363.339966
27.166275 13.085430 1.392077 -0.000387 0.019644 0.002848 1363.560059
27.375208 13.085323 1.385894 -0.001817 0.019426 0.002097 1363.790039
27.583357 13.086134 1.383685 -0.002455 0.026317 0.002715 1364.020020
27.783390 13.088035 1.386031 -0.002154 0.016034 0.004654 1364.239990
27.990171 13.091022 1.392362 -0.002001 0.020147 0.008367 1364.469971
28.196407 13.095005 1.398402 -0.002971 0.030944 0.013270 1364.699951
28.397230 13.100156 1.401178 -0.002961 0.018051 0.018570 1364.920044
28.601425 13.106719 1.400445 -0.001429 -0.062550 0.024304 1365.150024
28.803034 13.114423 1.396432 0.000506 -0.120204 0.030941 1365.449951
29.004185 13.118382 1.378900 0.005128 0.136448 0.028526 1366.329956
29.204920 13.116876 1.368439 0.002299 0.115447 0.021663 1366.640015
29.412197 13.115828 1.358674 0.000337 0.061358 0.015903 1366.869995
29.620611 13.115168 1.349649 0.000832 0.032854 0.009225 1367.079956
29.823309 13.114242 1.345172 0.005110 0.022437 0.001231 1367.280029
30.025486 13.111431 1.347555 0.008031 0.016532 -0.008340 1367.479980
30.233652 13.105315 1.357796 0.007997 0.002106 -0.019172 1367.689941
30.433222 13.096060 1.375236 0.006841 0.007672 -0.028152 1367.900024
30.635077 13.084187 1.398002 -0.007640 0.013953 -0.033790 1368.119995
30.842205 13.076143 1.420832 -0.026155 0.023280 -0.033946 1368.349976
31.049761 13.080634 1.439079 -0.029819 0.017092 -0.026971 1368.579956
31.255865 13.099250 1.451014 -0.024962 0.019101 -0.013673 1368.810059
31.461161 13.129175 1.457111 -0.017607 0.024707 0.005727 1369.040039
31.658001 13.164829 1.458143 -0.014544 0.012856 0.029483 1369.260010
31.860338 13.207764 1.454849 -0.017200 0.024799 0.058354 1369.489990
32.054653 13.255309 1.448480 -0.017062 0.033482 0.089548 1369.709961
32.252422 13.309799 1.440544 -0.031231 0.016013 0.123640 1369.930054
32.445774 13.377791 1.434603 -0.068438 0.001672 0.159825 1370.150024
32.625221 13.472704 1.432379 -0.073883 -0.010238 0.198112 1370.369995
32.784771 13.595280 1.434068 -0.061633 -0.009879 0.236182 1370.589966
32.925461 13.738612 1.439689 -0.048567 0.005684 0.273245 1370.810059
33.055019 13.896896 1.448678 -0.032920 0.001694 0.310389 1371.030029
33.170868 14.062858 1.460071 -0.056775 -0.060014 0.347773 1371.250000
33.250927 14.251843 1.473979 -0.078247 -0.097483 0.387610 1371.489990
33.262371 14.456697 1.487549 -0.061678 -0.089242 0.425156 1371.739990
33.213188 14.654501 1.499437 -0.058722 -0.058210 0.458591 1371.979980
33.132221 14.839167 1.509950 -0.052427 -0.028480 0.488504 1372.199951
33.036968 15.020567 1.519881 -0.039663 -0.006926 0.517117 1372.410034
32.940132 15.197269 1.529228 -0.022419 0.005044 0.544534 1372.609985
32.844734 15.373554 1.536621 0.000335 -0.002813 0.571517 1372.810059
32.747196 15.549778 1.537169 -0.008106 -0.028429 0.599131 1373.020020
32.638142 15.721221 1.526869 -0.009229 -0.040290 0.628135 1373.239990
32.512238 15.883588 1.505006 -0.007871 -0.036534 0.658201 1373.469971
32.376022 16.030149 1.472750 -0.026887 -0.027091 0.688305 1373.699951
32.228966 16.169790 1.433831 -0.021128 -0.017515 0.718467 1373.930054
32.074989 16.304731 1.396371 -0.024586 -0.016541 0.748892 1374.160034
31.921616 16.430359 1.367193 -0.026424 -0.014126 0.778249 1374.380005
31.763304 16.553268 1.346375 -0.016746 -0.009314 0.807684 1374.599976
31.596418 16.678150 1.333321 -0.029108 -0.005397 0.838787 1374.829956
31.434505 16.797398 1.327635 0.007932 -0.001989 0.868440 1375.050049
31.272058 16.915466 1.326205 0.085840 0.001734 0.899025 1375.290039
31.109367 17.032104 1.331407 0.097797 0.004335 0.940356 1375.719971
31.000635 17.200281 1.289106 -0.105193 0.042911 0.983359 1376.469971
30.893471 17.371891 1.248996 -0.082084 0.031670 1.001973 1376.750000
30.782406 17.542957 1.210208 -0.033619 0.008603 1.020118 1376.979980
30.668793 17.711946 1.178505 -0.025744 0.001947 1.038694 1377.199951
30.550888 17.879532 1.158227 -0.029974 0.003320 1.059770 1377.420044
30.427637 18.046616 1.151133 -0.031594 0.005661 1.083669 1377.640015
30.305159 18.206276 1.155034 -0.021175 0.002814 1.108994 1377.849976
30.180853 18.363598 1.165513 -0.019487 0.004900 1.136172 1378.060059
30.049839 18.526171 1.180055 -0.020221 0.007994 1.166583 1378.280029
29.918827 18.686859 1.195034 -0.010449 0.004250 1.198416 1378.500000
29.790167 18.843695 1.208647 -0.019304 0.012521 1.231086 1378.719971
29.662140 19.000074 1.220096 -0.014490 0.009909 1.264465 1378.939941
29.535374 19.155298 1.229631 -0.016513 0.013214 1.297966 1379.160034
29.409275 19.310606 1.238050 -0.023719 0.020196 1.331557 1379.380005
29.281225 19.469522 1.245981 -0.027475 0.023765 1.365304 1379.599976
29.155647 19.626034 1.253408 -0.026754 0.023754 1.397617 1379.810059
29.027712 19.785513 1.260407 -0.004126 0.002440 1.429920 1380.020020
28.898005 19.946751 1.265595 -0.000418 0.003008 1.462631 1380.239990
28.768776 20.108778 1.267255 -0.012777 0.019431 1.496159 1380.469971
28.640934 20.271954 1.264892 -0.019731 0.027040 1.529192 1380.699951
28.516663 20.432501 1.259854 -0.017950 0.025228 1.560535 1380.920044
28.390444 20.597025 1.257443 -0.015367 0.027667 1.591559 1381.140015
28.269033 20.758036 1.261664 -0.012448 0.027238 1.621112 1381.349976
28.147635 20.922503 1.273570 -0.011153 0.026665 1.650648 1381.560059
28.026598 21.089737 1.292849 -0.009713 0.023769 1.680280 1381.770020
27.906641 21.257824 1.317180 0.000671 0.001701 1.709869 1381.979980
27.786907 21.427065 1.340971 0.004357 0.000683 1.740358 1382.199951
27.669706 21.596228 1.357581 -0.001481 0.019069 1.771949 1382.430054
27.556816 21.764116 1.363729 -0.002230 0.016350 1.803101 1382.660034
27.442051 21.938288 1.359648 -0.005237 0.017886 1.835171 1382.900024
27.327770 22.112133 1.349754 -0.013060 0.028821 1.866909 1383.140015
27.214254 22.280928 1.338852 -0.007952 0.004243 1.897449 1383.369995
27.095196 22.451817 1.327567 0.015055 -0.075832 1.927880 1383.619995
26.977062 22.615011 1.317554 0.030680 -0.130430 1.963509 1384.000000
26.860762 22.771650 1.266699 -0.024017 0.112887 2.011209 1384.839966
26.740244 22.933107 1.226193 -0.018916 0.092582 2.029002 1385.130005
26.618284 23.094866 1.187606 -0.009323 0.048426 2.045072 1385.359985
26.498665 23.253666 1.153965 0.006674 0.033073 2.057470 1385.569946
26.380661 23.418999 1.133384 0.023314 0.028050 2.065665 1385.780029
26.271366 23.591518 1.131291 0.028326 0.023171 2.068403 1385.989990
26.173269 23.770475 1.148347 0.025377 0.022784 2.066067 1386.199951
26.085022 23.954565 1.182055 0.018610 0.018397 2.059152 1386.410034
26.004793 24.139830 1.227120 0.010550 0.004823 2.048714 1386.619995
25.931238 24.320795 1.279810 0.004281 0.012071 2.036506 1386.829956
25.857662 24.506138 1.336418 0.000378 0.011930 2.022751 1387.050049
25.785328 24.687834 1.385464 -0.001239 0.027178 2.009123 1387.270020
25.711256 24.870640 1.422309 -0.001832 0.022559 1.996494 1387.489990
25.632292 25.061987 1.446658 -0.001778 0.022045 1.984954 1387.719971
25.552094 25.253397 1.458338 -0.001315 0.033056 1.975428 1387.949951
25.472939 25.440409 1.460708 -0.001025 0.035271 1.967374 1388.170044
25.391403 25.632231 1.457672 0.010703 0.015754 1.958796 1388.390015
25.317436 25.830301 1.453034 0.092626 -0.055594 1.945360 1388.619995
25.302729 26.031036 1.450771 0.134354 -0.093388 1.924140 1388.880005
25.403278 26.210600 1.452241 0.111170 -0.077851 1.900597 1389.170044
25.569372 26.331644 1.457509 0.069141 -0.046505 1.877470 1389.420044
25.753981 26.422520 1.463326 -0.033506 -0.035725 1.852442 1389.650024
25.943415 26.495604 1.469856 -0.101590 -0.024428 1.823448 1389.920044
25.881887 26.304173 1.486621 -0.087586 -0.066571 1.811807 1391.170044
25.739950 26.150005 1.486087 -0.056675 -0.044288 1.832567 1391.390015
25.599457 25.993286 1.484630 -0.031112 -0.024503 1.857022 1391.589966
25.463457 25.839201 1.480896 -0.018907 -0.014033 1.884402 1391.780029
25.328688 25.685192 1.473750 -0.011494 -0.007952 1.914665 1391.969971
25.197483 25.534454 1.463304 0.004358 0.000462 1.946748 1392.160034
25.066463 25.383152 1.448811 -0.000521 -0.000095 1.981848 1392.359985
24.935102 25.231468 1.430422 -0.007925 -0.003091 2.019439 1392.569946
24.802387 25.078869 1.410679 -0.001160 0.011332 2.058889 1392.790039
24.666264 24.931812 1.394443 -0.024533 0.028975 2.099696 1393.020020
24.513084 24.793135 1.385238 -0.040341 0.031583 2.141321 1393.260010
24.348225 24.669998 1.384094 -0.043613 0.025507 2.180421 1393.489990
24.175016 24.556658 1.388945 -0.031424 0.016248 2.216906 1393.709961
24.002937 24.451403 1.396358 -0.011090 -0.002956 2.250260 1393.920044
23.829096 24.340780 1.401239 -0.009464 -0.054035 2.283309 1394.140015
23.669834 24.208647 1.398279 -0.011146 -0.082406 2.316732 1394.369995
23.542223 24.051655 1.385770 0.002714 -0.071798 2.348931 1394.599976
23.443548 23.869665 1.366282 -0.004406 -0.063405 2.381254 1394.839966
23.376059 23.680479 1.346998 -0.019055 -0.054580 2.411463 1395.069946
23.328648 23.486694 1.331212 -0.009766 -0.031961 2.439579 1395.290039
23.291803 23.288485 1.319033 -0.019726 -0.020345 2.467679 1395.510010
23.258797 23.087572 1.310636 -0.017860 -0.008593 2.495665 1395.729980
23.225346 22.888077 1.305784 -0.016406 0.010277 2.523793 1395.949951
23.183056 22.685684 1.304226 -0.033763 0.019662 2.553628 1396.180054
23.126411 22.486647 1.305302 -0.022009 0.020701 2.583710 1396.410034
23.057522 22.292978 1.307981 -0.028298 0.014704 2.614265 1396.640015
22.979122 22.101471 1.310769 -0.030176 0.004817 2.645291 1396.869995
22.899183 21.916500 1.311353 -0.033180 -0.004180 2.675458 1397.089966
22.818249 21.727074 1.308984 -0.020846 -0.007929 2.705929 1397.310059
22.740290 21.536589 1.303526 -0.018735 -0.007658 2.736542 1397.530029
22.666056 21.346422 1.295456 -0.022123 -0.005679 2.767435 1397.750000
22.594517 21.156183 1.286591 -0.015943 -0.001880 2.798421 1397.969971
22.524677 20.967785 1.279801 -0.024811 0.003607 2.829543 1398.189941
22.453478 20.778704 1.276802 -0.028471 0.005060 2.860864 1398.410034
22.380178 20.587065 1.279555 -0.031794 0.001253 2.892446 1398.630005
22.309706 20.400087 1.288485 -0.029798 -0.001806 2.922820 1398.839966
22.241003 20.210876 1.301835 -0.001103 -0.005210 2.953025 1399.050049
22.173862 20.020262 1.316902 -0.004430 0.005865 2.984377 1399.270020
22.104198 19.829315 1.330849 -0.009579 0.012357 3.016833 1399.500000
22.030487 19.640774 1.341196 0.058537 -0.012639 3.048298 1399.739990
21.954277 19.455486 1.347245 0.099133 -0.030579 3.083343 1400.060059
21.883406 19.268263 1.335214 -0.114462 0.029781 3.139971 1400.939941
21.829943 19.073334 1.322966 -0.101453 0.028644 -3.124578 1401.270020
21.776653 18.875961 1.311656 -0.056512 0.016221 -3.107383 1401.510010
21.722996 18.676157 1.300551 -0.021693 0.013833 -3.089877 1401.729980
21.665659 18.475145 1.290972 -0.013689 0.026855 -3.069899 1401.949951
21.599535 18.276752 1.284008 -0.017345 0.034600 -3.046899 1402.170044
21.525717 18.088158 1.279863 -0.017875 0.031832 -3.022208 1402.380005
21.443167 17.899755 1.279418 -0.017507 0.024369 -2.995107 1402.589966
21.355448 17.711700 1.284596 -0.017375 0.017095 -2.965932 1402.800049
21.266201 17.524584 1.295490 -0.008870 0.005642 -2.935128 1403.010010
21.179361 17.341915 1.311193 -0.008303 0.003698 -2.903421 1403.219971
21.091913 17.155544 1.332016 -0.015742 0.010168 -2.869422 1403.439941
21.007034 16.971348 1.354571 -0.015548 0.003503 -2.834976 1403.660034
20.926819 16.788544 1.374339 -0.028956 0.007740 -2.800685 1403.880005
20.851736 16.601702 1.388913 -0.034778 0.012263 -2.766399 1404.099976
20.781027 16.407705 1.397692 -0.034997 0.017036 -2.732201 1404.319946
20.716307 16.215548 1.401161 -0.024597 0.013056 -2.699451 1404.530029
20.654259 16.021324 1.400739 -0.010889 0.005657 -2.667225 1404.739990
20.591854 15.821904 1.398812 -0.003920 0.019385 -2.634320 1404.959961
20.525604 15.626810 1.400016 0.005505 0.034917 -2.601962 1405.180054
20.447781 15.435296 1.407066 0.007319 0.041432 -2.570123 1405.400024
20.360519 15.254572 1.419633 0.005280 0.038929 -2.540161 1405.609985
20.263313 15.075283 1.436504 -0.013138 0.018555 -2.510638 1405.819946
20.168535 14.895243 1.454063 -0.053012 -0.011470 -2.480502 1406.030029
20.094917 14.709529 1.469646 -0.073096 -0.024646 -2.449735 1406.239990
20.050304 14.506577 1.482136 -0.072033 -0.022458 -2.417801 1406.459961
20.037121 14.305890 1.489983 -0.057178 -0.014085 -2.387385 1406.670044
20.045170 14.102357 1.494354 -0.030047 -0.012125 -2.356557 1406.880005
20.065447 13.902335 1.496104 -0.021134 0.003865 -2.326280 1407.089966
20.091507 13.695376 1.496318 -0.010907 0.017277 -2.294860 1407.310059
20.112061 13.491429 1.495519 0.065510 0.035425 -2.266013 1407.530029
20.094261 13.288241 1.493914 0.130703 0.052754 -2.241448 1407.770020
19.997528 13.105938 1.490125 0.121895 0.030453 -2.231566 1408.030029
19.840263 12.972040 1.484859 0.107359 0.007199 -2.233299 1408.280029
19.655891 12.887217 1.479606 0.101352 -0.005872 -2.243791 1408.510010
19.453035 12.841749 1.474128 0.081904 -0.006753 -2.261105 1408.729980
19.253666 12.825491 1.468982 0.059256 -0.002252 -2.282733 1408.930054
19.047153 12.825536 1.463906 0.031247 -0.006026 -2.309635 1409.130005
18.842480 12.835867 1.458475 0.020777 -0.014024 -2.340019 1409.329956
18.634853 12.856332 1.451710 0.027437 -0.008750 -2.374638 1409.540039
18.432194 12.886534 1.443595 0.028433 -0.003524 -2.411533 1409.750000
18.232332 12.925104 1.434136 0.029411 0.005500 -2.449754 1409.959961
18.032894 12.969789 1.423670 0.013753 -0.000052 -2.488863 1410.170044
17.833681 13.018588 1.412737 -0.046797 -0.049615 -2.527256 1410.390015
17.635715 13.071229 1.401628 -0.099832 -0.091931 -2.568965 1410.680054
17.435688 13.088866 1.399213 0.043718 0.109926 -2.642261 1411.530029
17.232565 13.065655 1.413481 0.039594 0.095812 -2.659533 1411.859985
17.027704 13.043693 1.426179 0.023197 0.053298 -2.674288 1412.099976
16.820929 13.022999 1.437421 0.012267 0.018503 -2.688809 1412.319946
16.613174 13.004574 1.447643 0.014867 0.018810 -2.705081 1412.540039
16.405746 12.989614 1.456261 0.012452 0.010595 -2.724213 1412.760010
16.201431 12.978539 1.462891 0.010819 0.011537 -2.745821 1412.979980
16.000313 12.970539 1.467912 0.011007 0.020247 -2.769911 1413.199951
15.800255 12.964433 1.471746 0.005174 0.003668 -2.796295 1413.420044
15.597944 12.960480 1.474493 0.013628 0.009821 -2.825430 1413.650024
15.390617 12.961850 1.476486 0.022435 0.024128 -2.857557 1413.890015
15.189347 12.970428 1.477871 0.018463 0.016286 -2.889969 1414.119995
14.987334 12.985429 1.478755 0.016912 0.028662 -2.922795 1414.349976
14.781470 13.004814 1.479259 0.008075 0.012991 -2.956328 1414.579956
14.578152 13.025757 1.478782 -0.000995 0.013824 -2.989441 1414.810059
14.378139 13.044250 1.476924 -0.003344 0.033164 -3.022328 1415.040039
14.172972 13.058325 1.473717 -0.003344 0.036010 -3.053549 1415.270020
13.970147 13.067833 1.469656 -0.006695 0.033915 -3.079889 1415.489990
13.762229 13.072870 1.465032 -0.008610 0.034540 -3.101884 1415.709961
13.559198 13.073227 1.460339 -0.007862 0.030113 -3.118797 1415.920044
13.353126 13.069981 1.455569 -0.005963 0.029590 -3.132718 1416.130005
13.145123 13.064286 1.450767 -0.002925 0.014234 3.138836 1416.339966
12.940572 13.057727 1.445636 0.002133 0.011107 3.129319 1416.550049
12.731672 13.052165 1.439641 0.005159 0.020918 3.121676 1416.770020
12.523870 13.049356 1.432881 0.005296 0.028808 3.116051 1416.989990
12.314635 13.049410 1.425902 0.004472 0.016524 3.111762 1417.209961
12.107635 13.051787 1.419989 0.003676 0.020544 3.108854 1417.430054
11.901822 13.056042 1.415971 0.002426 0.027287 3.107132 1417.650024
11.693995 13.061639 1.414229 0.001142 0.032808 3.106644 1417.869995
11.491770 13.067710 1.414464 0.000178 0.028901 3.107413 1418.079956
11.287995 13.073945 1.415904 -0.000873 0.011203 3.109267 1418.290039
11.078872 13.079957 1.418276 -0.001852 0.018420 3.111978 1418.510010
10.872011 13.085076 1.421146 -0.002129 0.026527 3.115238 1418.729980
10.663548 13.089293 1.424215 -0.001747 0.030448 3.119711 1418.949951
10.461325 13.092652 1.427095 -0.001468 0.028473 3.125788 1419.160034
10.257288 13.095297 1.429528 -0.003917 0.019811 3.133308 1419.369995
10.054232 13.096266 1.431553 -0.005738 0.022360 3.141507 1419.579956
9.854024 13.094880 1.432747 -0.004887 -0.033079 -3.133109 1419.790039
9.648970 13.091021 1.432822 -0.002179 -0.102923 -3.123597 1420.040039
9.447715 13.084496 1.427324 0.000410 0.109376 -3.104030 1420.819946
9.242132 13.077283 1.413046 -0.000696 0.111979 -3.097991 1421.270020
9.034853 13.068778 1.401562 -0.000581 0.075704 -3.096107 1421.530029
8.830074 13.059939 1.390969 0.000085 0.039841 -3.096170 1421.750000
8.625997 13.051186 1.384436 0.001945 0.029349 -3.097815 1421.959961
8.419094 13.043107 1.384377 0.003187 0.024155 -3.100575 1422.170044
8.212780 13.036351 1.390938 0.003187 0.007004 -3.104090 1422.380005
8.012492 13.031123 1.403693 0.002671 0.014144 -3.107865 1422.589966
7.806905 13.026926 1.422617 0.001887 0.011087 -3.111855 1422.810059
7.606308 13.023655 1.444276 0.000930 0.011021 -3.115345 1423.030029
7.401512 13.020706 1.465038 -0.000137 0.028363 -3.118241 1423.260010
7.193921 13.017547 1.480870 -0.000825 0.027591 -3.120370 1423.489990
6.992754 13.014039 1.490261 -0.001011 0.020980 -3.121715 1423.709961
6.791706 13.010057 1.494315 -0.000886 0.029621 -3.122485 1423.930054
6.589391 13.005680 1.494122 0.000522 0.003652 -3.122945 1424.150024
6.385000 13.001677 1.490935 0.004557 0.013724 -3.124308 1424.380005
6.184693 12.999952 1.486523 0.006184 0.022754 -3.127756 1424.609985
5.976379 13.001321 1.481757 0.005541 0.009627 -3.133980 1424.849976
5.772454 13.005609 1.478272 0.004613 0.027659 3.141486 1425.089966
5.565783 13.012191 1.476720 0.003205 0.023672 3.133004 1425.329956
5.365410 13.019929 1.476862 0.001682 0.027648 3.125033 1425.560059
5.161683 13.028364 1.478413 0.000635 0.033852 3.117718 1425.790039
4.952967 13.037153 1.480793 0.001871 0.022214 3.110957 1426.020020
4.752122 13.046363 1.483775 0.003576 0.031390 3.104414 1426.239990
4.548344 13.057179 1.487273 0.003585 0.017665 3.097655 1426.459961
4.346488 13.069369 1.490766 -0.000009 0.008993 3.092572 1426.680054
4.141062 13.081490 1.494349 -0.007576 0.020491 3.090879 1426.910034
3.936344 13.089848 1.498268 -0.010734 0.023356 3.094248 1427.140015
3.730727 13.093056 1.502245 -0.009569 0.020607 3.103110 1427.369995
3.525285 13.091715 1.506111 -0.008555 0.023878 3.117495 1427.599976
3.318147 13.086027 1.508100 -0.014602 0.030345 3.136751 1427.829956
3.116034 13.074286 1.506658 -0.016454 0.036728 -3.124443 1428.050049
2.907940 13.055460 1.501624 -0.014140 0.035757 -3.101758 1428.270020
2.704247 13.031777 1.493808 -0.009817 0.030154 -3.082892 1428.479980
2.498765 13.004853 1.484363 0.007385 0.010471 -3.068883 1428.689941
2.297600 12.982399 1.476121 0.035552 0.011544 -3.061332 1428.900024
2.091054 12.975163 1.470755 0.044374 0.004289 -3.061769 1429.119995
1.886260 12.988537 1.467850 0.020491 -0.066260 -3.071502 1429.349976
1.685884 13.021878 1.466343 -0.011741 -0.112262 -3.087937 1429.650024
1.488574 13.069713 1.480665 0.004676 0.120526 -3.132881 1430.560059
1.284643 13.083927 1.497390 0.002965 0.105709 3.132657 1430.890015
1.076846 13.096130 1.511627 0.001486 0.077254 3.118924 1431.130005
0.868980 13.107736 1.524598 0.002400 0.045391 3.105460 1431.339966
0.662367 13.120564 1.536130 0.022953 0.017861 3.090765 1431.540039
0.458208 13.141859 1.546378 0.043176 0.013141 3.073666 1431.739990
0.260171 13.178260 1.554904 0.043736 -0.004033 3.053386 1431.939941
0.064452 13.232310 1.561804 0.037412 -0.000752 3.030702 1432.150024
-0.128478 13.302744 1.567396 0.027743 0.010848 3.004890 1432.369995
-0.312973 13.382220 1.571483 0.008329 -0.007423 2.976932 1432.589966
-0.501505 13.468351 1.573259 -0.008397 0.017684 2.946925 1432.829956
-0.688915 13.547466 1.572529 -0.013854 0.026396 2.918524 1433.069946
-0.881644 13.618256 1.569839 -0.012882 0.027616 2.893224 1433.310059
-1.080317 13.682199 1.565734 -0.009007 0.031447 2.871975 1433.550049
-1.275164 13.739448 1.561354 -0.002696 0.007884 2.855798 1433.780029
-1.474360 13.796529 1.557644 0.004006 0.026558 2.841525 1434.020020
-1.666210 13.853705 1.555679 0.006039 0.021731 2.829435 1434.250000
-1.858330 13.914330 1.555148 0.005543 0.026416 2.819209 1434.479980
-2.052083 13.978605 1.556066 0.003790 0.030077 2.811029 1434.709961
-2.248370 14.045890 1.557964 0.001816 0.021483 2.803937 1434.939941
-2.444911 14.114318 1.560415 -0.000121 0.029695 2.795950 1435.170044
-2.635289 14.181117 1.562926 0.007825 0.024643 2.786142 1435.390015
-2.825683 14.252086 1.565458 0.019527 0.029006 2.773264 1435.609985
-3.015222 14.332146 1.568024 0.021867 0.018859 2.756522 1435.829956
-3.199703 14.420701 1.570115 0.020620 0.009504 2.736516 1436.050049
-3.383406 14.520405 1.571684 0.026904 0.017915 2.712628 1436.280029
-3.560008 14.630699 1.572649 0.027451 0.023448 2.685351 1436.510010
-3.723714 14.746549 1.572948 0.020443 0.015463 2.656497 1436.729980
-3.888828 14.874266 1.572649 0.013489 0.028491 2.624734 1436.959961
-4.046405 15.001931 1.571990 0.004304 0.025166 2.593551 1437.180054
-4.205390 15.130481 1.570596 -0.016748 0.021980 2.565438 1437.400024
-4.369175 15.252090 1.568295 -0.029277 0.026463 2.543658 1437.619995
-4.540995 15.362987 1.565112 -0.027851 0.013299 2.530399 1437.839966
-4.717106 15.461818 1.561104 -0.022361 0.020700 2.525392 1438.060059
-4.897432 15.552405 1.556539 -0.013063 0.002761 2.529546 1438.280029
-5.085283 15.639427 1.551226 0.004494 -0.075804 2.541761 1438.520020
-5.269385 15.717776 1.549782 0.027210 -0.156514 2.562380 1438.880005
-5.450291 15.812797 1.556790 -0.007847 0.114983 2.608024 1439.770020
-5.631655 15.909425 1.570640 -0.005441 0.094914 2.623191 1440.050049
-5.811263 16.003510 1.583796 -0.002809 0.067407 2.633506 1440.270020
-5.990870 16.097155 1.596078 0.001911 0.035337 2.639728 1440.469971
-6.174223 16.194082 1.606942 0.010263 0.020936 2.641820 1440.670044
-6.354564 16.293818 1.615281 0.014457 0.014619 2.639162 1440.869995
-6.528225 16.395941 1.620649 0.013556 -0.002636 2.632080 1441.069946
-6.699326 16.502918 1.623142 0.010721 0.007939 2.621897 1441.280029
-6.870320 16.615337 1.623129 0.007350 0.012128 2.609126 1441.500000
-7.042559 16.732538 1.619715 0.004172 0.002914 2.594026 1441.729980
-7.206905 16.846855 1.606536 0.003510 0.018025 2.578277 1441.959961
-7.368891 16.961187 1.579533 0.003018 0.031486 2.562637 1442.189941
-7.534127 17.078939 1.538531 0.001825 0.035971 2.546497 1442.420044
-7.696457 17.195282 1.490931 0.003452 0.022041 2.529958 1442.640015
-7.858670 17.313562 1.446151 0.008883 0.026598 2.512630 1442.859985
-8.020158 17.436298 1.411485 0.010592 0.023064 2.494658 1443.079956
-8.186094 17.568911 1.388500 0.008936 0.017056 2.476282 1443.310059
-8.340724 17.697903 1.378673 0.006320 0.027126 2.460360 1443.530029
-8.494801 17.829235 1.379057 -0.019427 0.009296 2.446929 1443.750000
-8.658658 17.953651 1.389768 -0.075644 -0.004861 2.438469 1443.979980
-8.844202 18.044498 1.410332 -0.094220 -0.008309 2.437222 1444.219971
-9.038365 18.089619 1.433453 -0.023705 -0.001362 2.440022 1444.449951
-9.237600 18.126278 1.454250 0.078867 0.029992 2.443786 1444.689941
-9.424384 18.208721 1.469963 0.107307 0.025063 2.442008 1444.949951
-9.570726 18.349131 1.476502 0.095850 0.036240 2.436413 1445.209961
-9.678399 18.525267 1.474835 0.066149 0.041938 2.425654 1445.449951
-9.766925 18.713539 1.468342 -0.009933 0.033652 2.414003 1445.670044
-9.860499 18.891478 1.460324 -0.081345 0.026792 2.405779 1445.880005
-9.986055 19.050425 1.451860 -0.102473 0.011877 2.402898 1446.099976
-10.148835 19.175594 1.443321 -0.091045 0.007813 2.401164 1446.329956
-10.335643 19.264734 1.434322 -0.028448 0.016699 2.397851 1446.560059
-10.520262 19.341114 1.423907 0.044868 0.033082 2.392226 1446.780029
-10.700198 19.441933 1.411263 0.073615 0.021853 2.381229 1447.010010
-10.854424 19.571360 1.396595 0.057176 0.016257 2.369713 1447.239990
-10.994453 19.724226 1.383941 -0.029239 0.011019 2.361238 1447.479980
-11.141373 19.862728 1.380331 -0.082921 0.007961 2.359481 1447.719971
-11.314903 19.965214 1.387382 -0.092785 0.011122 2.365079 1447.959961
-11.509663 20.028002 1.402726 -0.073407 0.009544 2.378103 1448.189941
-11.710641 20.062262 1.420690 -0.012273 -0.044020 2.397863 1448.410034
-11.912072 20.077879 1.439571 0.047774 -0.091182 2.419584 1448.660034
-12.111096 20.071892 1.464155 -0.003196 0.029712 2.471231 1449.300049
-12.307214 20.116241 1.476995 -0.046104 0.102742 2.501312 1449.910034
-12.508286 20.163383 1.483811 -0.038054 0.084537 2.518765 1450.180054
-12.709831 20.209200 1.489494 -0.025657 0.058198 2.533404 1450.400024
-12.909000 20.254061 1.494645 0.004458 0.030018 2.544093 1450.599976
-13.108044 20.305620 1.500192 0.047645 0.027127 2.550318 1450.800049
-13.296604 20.375013 1.506324 0.066314 0.020502 2.550699 1451.000000
-13.476971 20.471024 1.512811 0.061985 0.006538 2.545811 1451.209961
-13.644275 20.591778 1.519656 0.047337 0.016414 2.539463 1451.430054
-13.796367 20.728045 1.525904 0.024962 0.017968 2.531689 1451.650024
-13.941329 20.871758 1.528018 0.001202 0.029079 2.524003 1451.869995
-14.088799 21.016363 1.524197 -0.012582 0.022518 2.516914 1452.089966
-14.240324 21.155279 1.514645 -0.018690 0.011840 2.511830 1452.310059
-14.401438 21.286913 1.501793 -0.063957 -0.001785 2.510596 1452.540039
-14.580239 21.388432 1.491149 -0.106199 -0.010262 2.515991 1452.780029
-14.776217 21.435328 1.485342 -0.089618 -0.023366 2.529650 1453.020020
-14.981119 21.432068 1.485355 -0.072369 -0.005289 2.547045 1453.260010
-15.184970 21.396183 1.491035 -0.043510 0.001659 2.570163 1453.489990
-15.381335 21.346182 1.498857 -0.018733 -0.005709 2.596637 1453.709961
-15.579712 21.286480 1.504144 -0.026531 0.003105 2.626979 1453.939941
-15.775413 21.219212 1.503000 -0.034431 0.013240 2.659703 1454.170044
-15.965357 21.147060 1.495226 -0.019980 0.012528 2.689880 1454.390015
-16.153505 21.076815 1.484955 0.080353 0.019160 2.715362 1454.609985
-16.354439 21.048298 1.476828 0.154853 0.030779 2.735322 1454.869995
-16.538271 21.129583 1.474358 0.134331 0.018721 2.738483 1455.160034
-16.669287 21.288774 1.479561 0.096990 0.029895 2.731043 1455.420044
-16.767391 21.467421 1.488136 0.037046 0.032226 2.716540 1455.640015
-16.863205 21.649727 1.495396 -0.043515 0.046594 2.700838 1455.849976
-16.979076 21.816252 1.499006 -0.086540 0.053970 2.686712 1456.060059
-17.131975 21.958652 1.496783 -0.091069 0.046373 2.677439 1456.280029
-17.305428 22.062447 1.488569 -0.073293 0.036034 2.674301 1456.489990
-17.496204 22.140337 1.476367 -0.039620 -0.001668 2.677766 1456.699951
-17.695007 22.203074 1.465390 0.004995 0.002449 2.681745 1456.920044
-17.892666 22.267607 1.461079 0.030060 0.021460 2.685321 1457.150024
-18.082909 22.346575 1.466102 0.035312 0.032979 2.685854 1457.380005
-18.261810 22.439819 1.478953 0.029655 0.034111 2.681783 1457.599976
-18.438557 22.547031 1.497511 0.018711 0.016433 2.673521 1457.819946
-18.610207 22.660686 1.519771 0.010041 0.022005 2.665301 1458.040039
-18.779888 22.777292 1.543684 -0.004040 0.024589 2.659278 1458.260010
-18.952368 22.890827 1.565006 -0.036662 0.024534 2.657451 1458.479980
-19.133528 22.989626 1.580767 -0.050964 0.019170 2.661540 1458.699951
-19.323257 23.067255 1.589894 -0.045466 0.007656 2.671708 1458.920044
-19.516775 23.124556 1.592948 -0.035359 0.018912 2.686425 1459.140015
-19.712801 23.167519 1.591266 -0.013244 -0.027194 2.707161 1459.359985
-19.910513 23.200533 1.585735 0.014084 -0.095275 2.732142 1459.609985
-19.952780 23.000568 1.588435 -0.095887 -0.074286 2.781310 1460.500000
-19.871651 22.816179 1.592785 -0.068728 -0.052719 2.794024 1460.729980
-19.793623 22.628946 1.598356 -0.042928 -0.035159 2.807247 1460.930054
-19.715588 22.440521 1.604003 -0.012110 -0.030917 2.822278 1461.119995
-19.632114 22.252775 1.608440 0.010211 -0.034507 2.839483 1461.310059
-19.540257 22.072948 1.610698 0.025485 -0.026774 2.858887 1461.500000
-19.435879 21.898186 1.610310 0.027827 -0.018589 2.881290 1461.699951
-19.320919 21.731682 1.607036 0.011147 -0.023957 2.906374 1461.910034
-19.194918 21.568213 1.601374 -0.008617 -0.020696 2.934875 1462.130005
-19.068480 21.406807 1.595006 -0.040653 0.017006 2.965099 1462.349976
-18.958801 21.236719 1.589281 -0.062586 0.042610 2.996601 1462.569946
-18.877506 21.050213 1.584539 -0.062588 0.046099 3.030178 1462.790039
-18.826242 20.856567 1.580896 -0.052643 0.037307 3.063735 1463.000000
-18.794794 20.651518 1.578019 -0.035096 0.019294 3.098092 1463.209961
-18.773287 20.452557 1.575105 -0.004692 -0.033066 3.130772 1463.410034
-18.738293 20.251179 1.571428 0.013237 -0.078708 -3.119270 1463.619995
-18.669930 20.057886 1.566254 0.028978 -0.079919 -3.084601 1463.839966
-18.563717 19.881372 1.559178 0.015457 -0.070784 -3.048889 1464.069946
-18.428522 19.725027 1.550710 -0.004909 -0.054074 -3.013889 1464.300049
-18.281570 19.583937 1.540363 -0.028823 -0.006989 -2.981077 1464.520020
-18.136667 19.437891 1.525742 -0.046153 0.040257 -2.949243 1464.739990
-18.012262 19.276476 1.506516 -0.033606 0.057488 -2.917189 1464.959961
-17.915541 19.101990 1.483545 -0.017514 0.044874 -2.884956 1465.180054
-17.836033 18.915834 1.460564 -0.004978 -0.022191 -2.852440 1465.410034
-17.746037 18.732573 1.443897 -0.000873 -0.065778 -2.819463 1465.650024
-17.628199 18.570431 1.436590 0.002778 -0.068063 -2.787078 1465.890015
-17.481724 18.430864 1.437953 -0.015061 -0.061225 -2.754853 1466.130005
-17.317242 18.309668 1.445518 -0.022883 -0.035291 -2.724158 1466.359985
-17.148788 18.195948 1.454376 -0.039397 0.010065 -2.694884 1466.579956
-16.984640 18.070337 1.461848 -0.042996 0.037044 -2.665197 1466.800049
-16.834709 17.926987 1.465956 -0.026061 0.042919 -2.634646 1467.020020
-16.702969 17.770233 1.466162 -0.030775 0.036311 -2.603480 1467.239990
-16.584913 17.601051 1.462779 -0.033156 0.023838 -2.571832 1467.459961
-16.478880 17.430025 1.456915 -0.032475 0.012259 -2.541242 1467.670044
-16.374367 17.254395 1.450169 -0.015070 -0.024351 -2.510568 1467.880005
-16.262283 17.088160 1.446064 -0.008734 -0.073173 -2.480363 1468.089966
-16.123968 16.939865 1.445615 0.026306 -0.071792 -2.448961 1468.310059
-15.958055 16.817968 1.447196 0.094226 -0.021599 -2.412828 1468.560059
-15.773159 16.742083 1.455399 0.001752 -0.007100 -2.362902 1469.150024
-15.579242 16.690121 1.490753 -0.107726 -0.032819 -2.334425 1469.810059
-15.389010 16.611065 1.518350 -0.086216 -0.025984 -2.320121 1470.079956
-15.200372 16.529362 1.544032 -0.059730 -0.017738 -2.305115 1470.300049
-15.014187 16.447645 1.568306 -0.032452 -0.008174 -2.288435 1470.500000
-14.825138 16.363531 1.588636 -0.014446 0.006985 -2.268841 1470.699951
-14.641713 16.277571 1.600666 -0.015096 0.016020 -2.246418 1470.900024
-14.457205 16.182854 1.602508 -0.020124 0.016853 -2.220269 1471.109985
-14.279390 16.082447 1.594208 -0.010947 0.018943 -2.191817 1471.319946
-14.104464 15.971343 1.578213 0.004919 0.056708 -2.159500 1471.540039
-13.947536 15.839313 1.557277 0.000414 0.083838 -2.123703 1471.770020
-13.820485 15.679422 1.534896 -0.008952 0.081532 -2.086873 1472.000000
-13.720787 15.499770 1.514212 -0.007798 0.058699 -2.050901 1472.219971
-13.639710 15.312130 1.497401 -0.001150 0.049105 -2.016356 1472.430054
-13.571252 15.114518 1.485355 0.005438 0.044897 -1.981800 1472.640015
-13.518080 14.919864 1.478564 0.006034 0.038149 -1.949100 1472.839966
-13.474916 14.721297 1.475879 0.002181 0.032507 -1.916637 1473.040039
-13.438817 14.520501 1.476479 -0.002281 0.026550 -1.884471 1473.239990
-13.406759 14.318939 1.479452 -0.005390 0.018766 -1.852647 1473.439941
-13.375249 14.120279 1.483570 -0.028896 -0.020684 -1.821501 1473.640015
-13.326487 13.917950 1.488114 -0.074165 -0.052817 -1.787012 1473.859985
-13.238660 13.734742 1.491550 -0.076591 -0.062378 -1.751528 1474.089966
-13.105746 13.578040 1.492907 -0.067883 -0.044100 -1.717249 1474.329956
-12.947400 13.453213 1.492598 -0.058950 -0.016249 -1.685555 1474.560059
-12.775140 13.344767 1.491432 -0.047067 0.005347 -1.655133 1474.780029
-12.599356 13.243249 1.490060 -0.023415 0.010065 -1.625643 1474.989990
-12.421803 13.141653 1.490049 -0.015877 0.016922 -1.596396 1475.199951
-12.246250 13.037842 1.492407 -0.010537 0.017761 -1.567135 1475.410034
-12.074872 12.931791 1.497061 -0.002597 0.011677 -1.538002 1475.619995
-11.902665 12.822268 1.502666 -0.012356 -0.022173 -1.508450 1475.839966
-11.725438 12.725591 1.505253 -0.046075 -0.064679 -1.477264 1476.069946
-11.530212 12.665328 1.501698 -0.059124 -0.073101 -1.444767 1476.310059
-11.328669 12.650438 1.491481 -0.055121 -0.057387 -1.414286 1476.540039
-11.124746 12.667309 1.476618 -0.036047 -0.035479 -1.385018 1476.760010
-10.927352 12.700666 1.459503 -0.013869 -0.020480 -1.356710 1476.969971
-10.725653 12.744832 1.440923 -0.019636 -0.015747 -1.327012 1477.189941
-10.527251 12.796022 1.423204 -0.026714 -0.012165 -1.297235 1477.410034
-10.328722 12.853296 1.407313 -0.027330 -0.006349 -1.267221 1477.630005
-10.129008 12.913894 1.396513 -0.024946 0.007141 -1.236917 1477.849976
-9.936325 12.969756 1.393756 -0.027049 0.016951 -1.207481 1478.060059
-9.741073 13.020247 1.398348 -0.009636 0.015266 -1.177651 1478.270020
-9.539086 13.065925 1.409778 -0.013824 0.015812 -1.146313 1478.489990
-9.339398 13.105182 1.425891 0.010298 0.004268 -1.115133 1478.709961
-9.140205 13.140771 1.443622 0.081350 -0.023480 -1.084557 1478.949951
-8.943678 13.173005 1.464457 0.131245 -0.048276 -1.046929 1479.329956
-8.759617 13.245189 1.510250 -0.129224 0.018924 -0.996115 1480.180054
-8.574812 13.330349 1.542469 -0.100307 0.016093 -0.979372 1480.449951
-8.393211 13.414072 1.571645 -0.066887 0.011850 -0.963541 1480.660034
-8.203854 13.500951 1.600226 -0.029405 0.019709 -0.946328 1480.859985
-8.018738 13.580261 1.625098 -0.005961 0.042263 -0.927306 1481.050049
-7.821576 13.649235 1.646638 0.009884 0.049316 -0.904393 1481.250000
-7.625309 13.698485 1.662396 0.021188 0.039548 -0.879569 1481.449951
-7.424496 13.730141 1.673169 0.009708 0.036747 -0.851275 1481.660034
-7.217374 13.746638 1.679499 0.004342 0.022407 -0.819773 1481.880005
-7.015237 13.752758 1.680474 0.018973 0.019777 -0.787169 1482.099976
-6.814212 13.744074 1.670209 0.048693 0.046505 -0.751614 1482.329956
-6.615372 13.701756 1.643989 0.055971 0.046923 -0.715667 1482.569946
-6.428024 13.623901 1.605117 0.026178 0.016850 -0.681974 1482.810059
-6.251556 13.536286 1.565861 -0.059692 -0.020810 -0.647464 1483.050049
-6.059950 13.482836 1.535178 -0.097355 -0.036057 -0.608112 1483.310059
-5.855366 13.497936 1.519798 -0.089602 -0.025833 -0.569285 1483.579956
-5.660261 13.567348 1.520034 -0.073892 -0.002406 -0.534651 1483.829956
-5.480755 13.658122 1.527091 -0.053983 0.008892 -0.503457 1484.050049
-5.303458 13.759328 1.532238 -0.039161 0.014227 -0.473377 1484.260010
-5.130981 13.862230 1.531692 -0.017752 0.009151 -0.444426 1484.459961
-4.951709 13.970259 1.524157 -0.001270 0.004222 -0.414336 1484.670044
-4.778841 14.072910 1.512475 0.003551 0.011511 -0.384517 1484.880005
-4.602111 14.171940 1.501664 -0.003488 0.026278 -0.353407 1485.099976
-4.423532 14.262987 1.495804 -0.000370 0.020444 -0.322505 1485.319946
-4.236279 14.350425 1.495913 -0.005252 0.021244 -0.290698 1485.550049
-4.047554 14.432797 1.502656 -0.011270 0.022632 -0.259023 1485.780029
-3.857489 14.512526 1.513437 0.004800 0.013117 -0.227838 1486.010010
-3.670174 14.584064 1.523685 0.016254 0.035901 -0.196996 1486.239990
-3.477452 14.640846 1.530371 0.019761 0.036657 -0.166873 1486.469971
-3.278317 14.682125 1.532315 0.015680 0.033105 -0.137202 1486.699951
-3.074311 14.711301 1.529509 0.007420 0.034166 -0.107424 1486.930054
-2.874748 14.732156 1.524570 0.008251 0.022481 -0.079673 1487.150024
-2.674471 14.747208 1.520793 0.010719 0.029984 -0.053831 1487.369995
-2.471584 14.755930 1.520018 0.009899 0.019029 -0.031280 1487.589966
-2.269593 14.759343 1.522772 0.007159 0.017918 -0.012362 1487.810059
-2.069333 14.759148 1.529093 0.004157 0.016440 0.002558 1488.030029
-1.866747 14.756875 1.537073 0.000896 -0.056812 0.013708 1488.260010
-1.664912 14.752982 1.547683 -0.006103 -0.156253 0.022881 1488.560059
-1.496889 14.642901 1.533103 0.107408 0.090312 0.003846 1489.510010
-1.367931 14.485765 1.507801 0.080445 0.074023 -0.025025 1489.790039
-1.235464 14.326739 1.482830 0.038135 0.038403 -0.054128 1490.010010
-1.105212 14.171855 1.458167 0.020302 0.026083 -0.082184 1490.209961
-0.971608 14.015352 1.432675 0.009354 0.015784 -0.112474 1490.410034
-0.838912 13.862128 1.407329 -0.001908 0.001448 -0.144234 1490.609985
-0.704505 13.709618 1.383547 -0.017596 0.014507 -0.178417 1490.819946
-0.562289 13.565228 1.368612 -0.045536 0.035035 -0.213719 1491.040039
-0.399991 13.440380 1.367329 -0.053013 0.033960 -0.247009 1491.270020
-0.222769 13.344018 1.379656 -0.043938 0.030724 -0.275971 1491.500000
-0.033585 13.270155 1.403939 -0.028264 0.033305 -0.300192 1491.729980
0.156250 13.211991 1.434657 -0.013844 0.018917 -0.317129 1491.949951
0.347886 13.160002 1.469926 -0.002699 0.023895 -0.327139 1492.170044
0.539798 13.108999 1.504840 -0.000949 0.017151 -0.329533 1492.390015
0.739213 13.056036 1.533091 -0.004878 0.027884 -0.324861 1492.619995
0.932441 13.006118 1.548907 -0.006634 0.022068 -0.314552 1492.839966
1.126633 12.958294 1.553666 -0.005837 0.019289 -0.299126 1493.060059
1.328778 12.911354 1.548793 -0.016326 0.017745 -0.277948 1493.290039
1.531443 12.872411 1.536926 -0.033430 0.025127 -0.252098 1493.520020
1.729692 12.848839 1.522005 -0.034143 0.015538 -0.222896 1493.739990
1.929037 12.839849 1.505624 -0.027542 0.016812 -0.191309 1493.959961
2.128482 12.842263 1.489284 -0.019719 0.026917 -0.157921 1494.180054
2.331108 12.851859 1.474472 -0.016415 0.029432 -0.122976 1494.400024
2.538071 12.867010 1.463311 -0.017110 0.034123 -0.087079 1494.619995
2.740483 12.886755 1.456794 -0.012861 0.017781 -0.052088 1494.829956
2.941623 12.910563 1.453948 -0.008060 0.011896 -0.017487 1495.040039
3.147822 12.937868 1.454083 -0.004668 0.019405 0.018107 1495.260010
3.351203 12.966072 1.456529 -0.001745 0.010153 0.051753 1495.479980
3.549636 12.993676 1.459934 0.007017 0.017374 0.079974 1495.699951
3.755574 13.018165 1.463382 0.018276 0.031132 0.100932 1495.930054
3.957282 13.033590 1.465898 0.021142 0.034239 0.111184 1496.150024
4.165474 13.040460 1.467279 0.018336 0.033126 0.112165 1496.369995
4.369357 13.040468 1.467603 0.012710 0.022901 0.105343 1496.579956
4.573225 13.036181 1.466860 0.005611 0.002645 0.093592 1496.790039
4.778541 13.029637 1.464862 -0.001145 0.006185 0.079008 1497.010010
4.985616 13.023842 1.461713 -0.004035 0.023103 0.063009 1497.239990
5.191469 13.020925 1.457964 -0.004410 0.015089 0.047843 1497.469971
5.395292 13.020761 1.453807 -0.003445 0.028360 0.034202 1497.699951
5.601458 13.022779 1.449394 -0.002235 0.009198 0.022817 1497.930054
5.806119 13.026052 1.444555 -0.000816 -0.072437 0.013610 1498.170044
6.007371 13.030059 1.438925 0.001580 -0.124543 0.004733 1498.510010
6.207494 13.044058 1.440068 -0.015245 0.118853 0.022729 1499.430054
6.410144 13.069209 1.446426 -0.010173 0.098576 0.043646 1499.729980
6.614010 13.095893 1.451829 -0.003540 0.072497 0.060323 1499.959961
6.812795 13.121048 1.456272 0.009167 0.050906 0.072187 1500.160034
7.022129 13.143079 1.459974 0.018060 0.033439 0.079668 1500.359985
7.224411 13.157851 1.462549 0.019631 0.019910 0.082106 1500.550049
7.425468 13.165891 1.464275 0.017233 0.015524 0.080289 1500.739990
7.633939 13.168097 1.465408 0.012872 0.015611 0.074014 1500.939941
7.839003 13.165729 1.465981 0.008354 0.014208 0.063449 1501.140015
8.040469 13.160546 1.466120 0.006092 0.017300 0.049657 1501.339966
8.248985 13.153189 1.466044 0.004647 0.019657 0.033213 1501.550049
8.455723 13.144499 1.466012 0.003327 0.024233 0.016194 1501.760010
8.662414 13.134991 1.466037 0.001989 0.023624 -0.000278 1501.969971
8.869029 13.125098 1.465966 0.000754 0.016359 -0.015362 1502.180054
9.072592 13.115252 1.464287 0.000049 0.010913 -0.028523 1502.390015
9.280761 13.105253 1.458523 -0.000199 0.021569 -0.039930 1502.609985
9.486698 13.095525 1.448807 -0.000765 0.008466 -0.048503 1502.829956
9.687177 13.086557 1.438187 -0.004523 0.015172 -0.053100 1503.050049
9.893805 13.079502 1.431290 -0.008076 0.029734 -0.052938 1503.280029
10.102700 13.076077 1.430974 -0.007908 0.016136 -0.047437 1503.510010
10.310331 13.076339 1.437421 -0.005741 0.026749 -0.037255 1503.739990
10.510587 13.078925 1.448941 -0.004460 0.022498 -0.023455 1503.959961
10.711468 13.083324 1.461697 -0.005994 0.020936 -0.007271 1504.180054
10.912093 13.090155 1.472360 -0.006669 0.028453 0.009669 1504.400024
11.113297 13.099599 1.479493 -0.001295 0.000762 0.025975 1504.619995
11.315281 13.109273 1.482396 0.010986 0.013049 0.039270 1504.849976
11.522218 13.113530 1.481082 0.016978 0.033184 0.046872 1505.089966
11.726552 13.109716 1.476772 0.016689 0.039733 0.049141 1505.319946
11.930462 13.099427 1.470828 0.012275 0.034263 0.048998 1505.540039
12.130008 13.085773 1.464341 0.000946 0.019408 0.047946 1505.750000
12.338356 13.072198 1.457839 -0.008944 0.023802 0.046443 1505.969971
12.546992 13.063708 1.452301 -0.012051 0.028702 0.044649 1506.189941
12.748212 13.061622 1.448093 -0.010846 0.029811 0.042865 1506.400024
12.951979 13.064701 1.444959 -0.007775 0.020337 0.041171 1506.609985
13.160526 13.071507 1.442111 -0.004410 -0.055939 0.039905 1506.829956
13.365284 13.080606 1.439408 -0.000905 -0.119971 0.038201 1507.099976
13.564998 13.087875 1.429628 0.006803 0.124064 0.023712 1507.969971
13.765370 13.082961 1.418272 0.003135 0.108377 0.011357 1508.329956
13.973764 13.078211 1.407156 0.000505 0.079300 0.003006 1508.579956
14.176187 13.074327 1.396527 -0.002398 0.042319 -0.002293 1508.790039
14.377589 13.071674 1.387270 -0.004508 0.032096 -0.005463 1508.989990
14.581804 13.070756 1.379437 -0.004653 0.014523 -0.006679 1509.189941
14.782422 13.071599 1.373164 -0.003608 0.004167 -0.006308 1509.390015
14.985297 13.073907 1.368173 -0.002338 0.012409 -0.004690 1509.599976
15.192035 13.077240 1.364698 -0.001127 0.005477 -0.002252 1509.819946
15.399961 13.080959 1.363178 0.002746 0.006966 -0.000544 1510.050049
15.601101 13.083091 1.365530 0.006724 0.025280 -0.000846 1510.280029
15.803094 13.081824 1.371943 0.007238 0.019627 -0.003825 1510.510010
16.005331 13.076972 1.381658 0.005847 0.028840 -0.008494 1510.739990
16.210831 13.069303 1.393974 0.003813 0.027836 -0.014111 1510.969971
16.419294 13.059930 1.406143 0.001570 0.021943 -0.019970 1511.199951
16.619291 13.050426 1.415128 0.000117 0.030996 -0.025316 1511.420044
16.823153 13.040967 1.420393 -0.000595 0.034957 -0.030153 1511.640015
17.032429 13.031771 1.421947 -0.000861 0.034120 -0.034282 1511.859985
17.236931 13.023287 1.420479 -0.000802 0.034088 -0.037311 1512.069946
17.445614 13.015022 1.416925 -0.000704 0.028413 -0.038613 1512.280029
17.646122 13.007428 1.413465 -0.002014 0.022587 -0.038110 1512.479980
17.846224 13.000614 1.412085 -0.003206 0.023564 -0.036300 1512.680054
18.056131 12.994748 1.414026 -0.003391 0.023791 -0.033410 1512.890015
18.265810 12.990251 1.419510 -0.002787 0.020908 -0.029915 1513.099976
18.474365 12.986879 1.428230 -0.001877 0.023394 -0.026084 1513.310059
18.682587 12.984211 1.439565 -0.000897 0.024360 -0.021052 1513.520020
18.890961 12.981846 1.452605 -0.000540 0.020732 -0.013623 1513.729980
19.097393 12.980262 1.465751 -0.014260 0.008680 -0.003158 1513.939941
19.298187 12.984828 1.477511 -0.031865 0.014577 0.010795 1514.150024
19.503872 13.003268 1.487426 -0.033080 0.001185 0.030025 1514.369995
19.708511 13.037179 1.493193 -0.020147 -0.001339 0.052991 1514.599976
19.910419 13.081415 1.492267 -0.008416 0.023213 0.078856 1514.839966
20.111219 13.128756 1.485046 -0.000800 0.021599 0.106104 1515.079956
20.313353 13.175423 1.472408 0.002763 0.034218 0.132222 1515.319946
20.512642 13.218496 1.457166 0.009019 0.013484 0.154336 1515.550049
20.709780 13.254095 1.440584 0.049637 -0.000237 0.171422 1515.780029
20.909777 13.263726 1.422706 0.076086 0.011202 0.181585 1516.020020
21.112116 13.233979 1.404748 0.073261 0.020098 0.182857 1516.260010
21.302988 13.175634 1.388700 0.044770 0.017356 0.177100 1516.479980
21.496449 13.102497 1.376216 -0.009468 0.030111 0.167689 1516.699951
21.693182 13.038850 1.370080 -0.041882 0.039829 0.155982 1516.920044
21.891800 12.999327 1.369141 -0.050691 -0.024268 0.147018 1517.140015
22.092690 12.982127 1.371405 -0.042991 -0.095929 0.136444 1517.400024
22.292850 13.007233 1.385641 0.012065 0.119878 0.101100 1518.219971
22.495491 13.023602 1.399225 0.011765 0.110282 0.078476 1518.619995
22.698990 13.030770 1.409004 0.007210 0.080726 0.063331 1518.869995
22.899246 13.035350 1.416918 0.007161 0.056086 0.050353 1519.079956
23.103252 13.037839 1.423730 0.007616 0.038177 0.037394 1519.280029
23.312004 13.037900 1.429404 0.006444 0.011043 0.023845 1519.479980
23.516209 13.035638 1.433749 0.004896 0.005013 0.010669 1519.680054
23.722914 13.031383 1.437227 0.003511 0.009579 -0.002153 1519.890015
23.931667 13.025652 1.440053 -0.001061 -0.002738 -0.013523 1520.109985
24.138792 13.020731 1.442811 -0.009833 0.015767 -0.020869 1520.339966
24.342688 13.020645 1.446022 -0.013623 0.030384 -0.021970 1520.569946
24.550932 13.026958 1.449891 -0.013062 0.036722 -0.017029 1520.800049
24.756880 13.038501 1.454113 -0.009733 0.030745 -0.007708 1521.020020
24.956348 13.052987 1.457431 -0.003623 0.011700 0.003618 1521.229980
25.161278 13.069028 1.457702 0.002543 0.018275 0.015539 1521.449951
25.364115 13.083371 1.453507 0.005100 0.017568 0.025906 1521.670044
25.564959 13.094946 1.444915 0.005151 0.016198 0.033978 1521.890015
25.772444 13.104237 1.431933 0.004014 0.017700 0.039681 1522.119995
25.977900 13.111341 1.418533 0.003136 0.017130 0.042746 1522.349976
26.181835 13.116874 1.408633 0.002380 0.029461 0.043674 1522.579956
26.388079 13.121483 1.403855 0.001440 0.018205 0.042471 1522.810059
26.593845 13.125565 1.404330 0.000413 0.028670 0.038390 1523.040039
26.802551 13.129700 1.409067 0.001128 0.021361 0.031053 1523.270020
27.002790 13.133147 1.414738 0.004595 0.023370 0.021954 1523.489990
27.203745 13.134606 1.419371 0.006369 0.031617 0.011892 1523.709961
27.408827 13.133300 1.421884 0.006040 0.034205 0.001709 1523.930054
27.609549 13.129578 1.422029 0.004485 0.033802 -0.007467 1524.140015
27.813686 13.124080 1.420162 0.002423 0.013774 -0.015462 1524.349976
28.014868 13.117692 1.416591 0.001299 0.017485 -0.020428 1524.560059
28.222212 13.110643 1.412056 -0.001163 0.009814 -0.021342 1524.780029
28.424339 13.104483 1.409053 -0.005945 0.015651 -0.018578 1525.000000
28.632559 13.101102 1.409811 -0.008113 0.022369 -0.012896 1525.229980
28.840322 13.101763 1.414846 -0.007328 0.018457 -0.006375 1525.459961
29.047041 13.106030 1.423829 -0.005532 0.027416 -0.002148 1525.689941
29.247097 13.112274 1.434228 0.002330 0.028470 -0.001758 1525.910034
29.450294 13.117028 1.443063 0.012517 0.032627 -0.005595 1526.130005
29.657963 13.115964 1.448305 0.016188 0.033828 -0.013687 1526.349976
29.860819 13.108029 1.449337 0.014829 0.034380 -0.024182 1526.560059
30.067808 13.094016 1.446702 0.010699 0.023464 -0.036212 1526.770020
30.271833 13.076051 1.441091 0.004513 -0.046612 -0.048965 1526.979980
30.474682 13.054914 1.433340 -0.002044 -0.120032 -0.062923 1527.229980
30.675922 13.030254 1.424514 -0.010996 0.131531 -0.069200 1528.099976
30.882208 13.026543 1.437464 -0.010433 0.118985 -0.054589 1528.469971
31.082317 13.026897 1.449505 -0.005814 0.073811 -0.043497 1528.699951
31.289490 13.028450 1.461488 -0.009075 0.032929 -0.032201 1528.910034
31.491428 13.033937 1.473446 -0.039175 0.015691 -0.019307 1529.109985
31.690397 13.053619 1.485343 -0.059233 0.005964 -0.003402 1529.310059
31.900305 13.099283 1.497532 -0.053296 -0.012575 0.017890 1529.530029
32.094780 13.167258 1.508474 -0.044994 0.000156 0.040379 1529.750000
32.286709 13.256642 1.519207 -0.030110 0.007509 0.066842 1529.979980
32.463509 13.351957 1.528183 0.001811 0.012491 0.091941 1530.199951
32.645554 13.444705 1.533497 0.058045 0.028142 0.113874 1530.430054
32.843147 13.508539 1.533000 0.079670 0.026628 0.127679 1530.670044
33.049618 13.528960 1.526094 0.069953 0.022833 0.131766 1530.910034
33.253056 13.513881 1.514452 0.050243 0.027057 0.127110 1531.140015
33.451839 13.477738 1.501079 0.042772 0.011405 0.113927 1531.359985
33.648808 13.423809 1.488341 0.051612 0.010035 0.094271 1531.579956
33.842518 13.349698 1.477980 0.049575 0.011660 0.068307 1531.800049
34.024662 13.261578 1.470866 0.040989 0.015397 0.038758 1532.010010
34.205093 13.160689 1.466458 0.030165 0.019197 0.005635 1532.219971
34.376316 13.057231 1.464379 0.020181 0.020597 -0.026518 1532.420044
34.547112 12.950742 1.463679 0.002814 0.018829 -0.055927 1532.619995
34.726093 12.843554 1.463203 -0.034031 0.026591 -0.082027 1532.829956
34.908630 12.754276 1.461927 -0.054312 0.031166 -0.101884 1533.040039
35.105507 12.687768 1.459080 -0.053145 0.016121 -0.115508 1533.260010
35.303665 12.647485 1.454815 -0.037024 0.023535 -0.126288 1533.479980
35.504597 12.624771 1.450418 -0.017187 0.030896 -0.134296 1533.699951
35.710323 12.609445 1.446742 -0.002705 0.034932 -0.140422 1533.920044
35.911907 12.594905 1.444271 0.005046 0.034206 -0.144773 1534.130005
36.117668 12.577046 1.442675 0.007893 0.023706 -0.147788 1534.339966
36.322643 12.555419 1.441738 0.007692 0.008857 -0.148709 1534.550049
36.521542 12.531023 1.440994 0.004374 0.009343 -0.146108 1534.760010
36.723385 12.505133 1.438836 -0.018239 0.009550 -0.139053 1534.979980
36.929886 12.487535 1.433176 -0.036869 0.017226 -0.126143 1535.209961
37.132107 12.487021 1.424336 -0.022031 -0.047866 -0.106322 1535.439941
37.335232 12.503755 1.415477 0.018718 -0.156523 -0.081966 1535.729980
37.531818 12.542900 1.398355 -0.019001 0.138063 -0.032728 1536.609985
37.730827 12.569502 1.396809 -0.015084 0.111287 -0.012737 1536.910034
37.929680 12.595285 1.396055 -0.008203 0.063539 0.005092 1537.130005
38.128632 12.621074 1.395415 -0.001565 0.036291 0.021697 1537.329956
38.332703 12.646606 1.394701 0.003565 0.027752 0.037710 1537.530029
38.538025 12.670090 1.393581 0.005426 0.023908 0.052414 1537.729980
38.742992 12.690945 1.391900 0.005073 0.019244 0.064344 1537.930054
38.946041 12.709401 1.389685 0.004034 0.013429 0.071964 1538.130005
39.154461 12.726270 1.386949 0.009908 0.005281 0.074498 1538.339966
39.356098 12.738388 1.383941 0.016275 0.017475 0.071032 1538.550049
39.564171 12.743815 1.380934 0.016372 0.007572 0.060759 1538.770020
39.766499 12.741802 1.377981 0.012742 0.012198 0.046455 1538.989990
39.973915 12.733823 1.375155 0.008567 0.024815 0.029535 1539.219971
40.181740 12.722336 1.372853 0.003483 0.017459 0.012198 1539.449951
40.397110 12.709212 1.371089 -0.000327 0.027960 -0.004671 1539.689941
40.605049 12.697343 1.370177 -0.002158 0.015585 -0.018488 1539.920044
40.811214 12.686945 1.369841 -0.001974 0.023950 -0.027723 1540.150024
41.017853 12.677834 1.370099 -0.004730 0.021080 -0.030929 1540.380005
41.224758 12.671659 1.370672 -0.015490 0.023793 -0.029749 1540.609985
41.433258 12.673018 1.371658 -0.019598 0.028718 -0.026282 1540.839966
41.635258 12.682557 1.373085 -0.009320 0.018301 -0.021722 1541.060059
41.836250 12.695776 1.375476 0.001117 0.027428 -0.017123 1541.280029
42.039467 12.707794 1.379264 0.006328 0.034303 -0.012623 1541.500000
42.248116 12.716214 1.384184 0.007438 0.035532 -0.008513 1541.719971
42.452297 12.720571 1.389510 0.006437 0.022546 -0.005204 1541.930054
42.656212 12.721942 1.394024 0.005271 0.014118 -0.002632 1542.140015
42.856594 12.721022 1.396662 0.003881 0.021472 -0.000989 1542.349976
43.065804 12.718356 1.396920 0.002486 0.029690 0.000089 1542.569946
43.267910 12.714859 1.394866 0.001359 0.029667 0.001863 1542.780029
43.472275 12.711048 1.391120 -0.001593 0.024334 0.005084 1542.989990
43.677189 12.708175 1.386610 -0.005402 0.025074 0.009350 1543.199951
43.882591 12.707726 1.382140 -0.006694 0.024835 0.014194 1543.410034
44.088512 12.710205 1.378134 -0.005933 0.026001 0.019131 1543.619995
44.295258 12.715257 1.374824 -0.004349 0.024966 0.023879 1543.829956
44.500721 12.722077 1.372460 -0.001669 -0.004625 0.028151 1544.040039
44.705070 12.729553 1.371617 0.001934 0.004187 0.031179 1544.260010
44.910011 12.736142 1.373040 0.003877 0.024199 0.032295 1544.489990
45.115761 12.740857 1.377045 0.004158 0.034295 0.031396 1544.719971
45.318539 12.743698 1.383014 0.003385 0.036843 0.029190 1544.939941
45.524796 12.745285 1.389386 0.001391 -0.030125 0.026004 1545.160034
45.728119 12.745811 1.395262 -0.000968 -0.106340 0.022055 1545.410034
45.929356 12.742755 1.391212 0.008888 0.124973 0.002489 1546.250000
46.126892 12.728930 1.362982 0.005286 0.108658 -0.016642 1546.650024
46.326054 12.715227 1.337479 0.001621 0.077731 -0.029313 1546.900024
46.529942 12.702085 1.314709 -0.005313 0.032306 -0.038752 1547.119995
46.730721 12.691809 1.299818 -0.011106 0.026813 -0.044175 1547.329956
46.932976 12.686137 1.294247 -0.011483 0.013222 -0.044863 1547.540039
47.141136 12.685396 1.298289 -0.009045 0.011970 -0.041322 1547.760010
47.344635 12.688712 1.311566 -0.006297 0.020725 -0.034410 1547.979980
47.546135 12.694502 1.331310 -0.002966 0.005487 -0.025482 1548.199951
47.749695 12.701419 1.352993 0.003373 0.011623 -0.016635 1548.430054
47.948895 12.706300 1.370230 0.007531 0.030708 -0.010072 1548.660034
48.151031 12.707191 1.380521 0.007748 0.020555 -0.006819 1548.890015
48.353886 12.704165 1.383358 0.006014 0.029478 -0.006050 1549.119995
48.560280 12.698230 1.379939 0.003148 0.030945 -0.007177 1549.349976
48.762089 12.691373 1.373596 -0.002238 0.029723 -0.008508 1549.569946
48.967510 12.685691 1.366978 -0.005546 0.029639 -0.008652 1549.790039
49.174965 12.682645 1.361595 -0.005836 0.013009 -0.007099 1550.010010
49.378899 12.682362 1.357920 -0.004668 0.019499 -0.004546 1550.229980
49.581196 12.684212 1.356443 -0.003055 0.016858 -0.001285 1550.449951
49.781521 12.687381 1.356768 -0.001524 0.016812 0.002292 1550.670044
49.988316 12.691305 1.358033 -0.000405 0.022071 0.006044 1550.900024
50.195423 12.695321 1.359201 0.000128 0.032828 0.009556 1551.130005
50.397411 12.699049 1.359840 0.000345 0.021034 0.012521 1551.349976
50.599800 12.702566 1.359296 0.000377 0.023357 0.015013 1551.569946
50.802685 12.705896 1.357669 0.000324 0.031010 0.016915 1551.790039
51.009197 12.709147 1.355114 0.000154 0.032101 0.017455 1552.010010
51.210064 12.712252 1.352009 0.000718 0.024398 0.015977 1552.219971
51.411736 12.714995 1.349084 0.003033 0.022368 0.012856 1552.430054
51.613167 12.716487 1.346999 0.004342 0.022438 0.008633 1552.640015
51.813526 12.716203 1.345905 0.004140 0.011548 0.003782 1552.849976
52.018856 12.714100 1.345711 0.003166 0.020094 -0.001379 1553.069946
52.222435 12.710628 1.346502 0.002018 0.013596 -0.006456 1553.290039
52.430847 12.706081 1.348085 0.002507 0.007099 -0.012051 1553.520020
52.632629 12.700421 1.351070 0.003861 0.024413 -0.018211 1553.750000
52.834972 12.692955 1.355657 0.003788 0.020370 -0.024859 1553.979980
53.037724 12.683713 1.361406 0.003049 0.024735 -0.029740 1554.209961
53.242451 12.673057 1.368102 0.000645 0.035622 -0.030823 1554.439941
53.444664 12.662762 1.375571 -0.006089 0.038222 -0.028437 1554.660034
53.644745 12.655425 1.383652 -0.009338 0.031642 -0.023669 1554.869995
53.847794 12.651955 1.392139 -0.008676 0.012360 -0.017198 1555.079956
54.056572 12.652250 1.401143 -0.006394 0.018295 -0.009806 1555.300049
54.262428 12.655409 1.410026 -0.003613 -0.005045 -0.002115 1555.520020
54.468834 12.660476 1.417766 -0.000308 -0.083540 0.005906 1555.760010
54.671177 12.666920 1.422814 0.001933 -0.107592 0.015770 1556.119995
54.871914 12.677363 1.422154 -0.005727 0.117680 0.037861 1557.030029
55.074593 12.692311 1.422239 -0.003999 0.099027 0.048102 1557.329956
55.276783 12.708118 1.421572 -0.002142 0.052495 0.056250 1557.560059
55.476830 12.724212 1.420099 -0.001711 0.036904 0.064008 1557.770020
55.682796 12.741258 1.417381 -0.001820 0.030360 0.071659 1557.979980
55.890694 12.759078 1.413415 -0.001570 0.009456 0.078846 1558.189941
56.093475 12.777079 1.408114 -0.001145 0.009707 0.085196 1558.400024
56.299973 12.795911 1.401427 -0.000655 0.015729 0.090754 1558.619995
56.502384 12.814554 1.394475 0.005479 0.008978 0.094306 1558.839966
56.708607 12.830085 1.389247 0.024630 0.020524 0.094091 1559.069946
56.915081 12.833772 1.388302 0.031902 0.021794 0.088078 1559.300049
57.122456 12.822523 1.391563 0.027265 0.016319 0.076152 1559.530029
57.328751 12.798769 1.398782 0.020758 0.026452 0.058973 1559.760010
57.527126 12.768073 1.407673 0.017334 0.005894 0.037330 1559.979980
57.728039 12.728274 1.415439 0.033789 0.005910 0.010916 1560.209961
57.922066 12.673923 1.419236 0.044597 0.021516 -0.018962 1560.439941
58.115349 12.600675 1.418667 0.035418 0.022126 -0.052514 1560.670044
58.300541 12.517512 1.418554 0.011080 0.028067 -0.086445 1560.890015
58.488995 12.431931 1.423658 -0.005704 0.036399 -0.121598 1561.109985
58.675503 12.354542 1.434752 -0.012504 0.034399 -0.155204 1561.319946
58.868317 12.283749 1.451952 -0.013013 0.032093 -0.187612 1561.530029
59.065258 12.219458 1.473540 -0.010176 0.007746 -0.217676 1561.739990
59.257416 12.161220 1.494116 0.003677 -0.001342 -0.245959 1561.949951
59.448635 12.101473 1.508612 0.018610 0.013815 -0.274192 1562.170044
59.641418 12.032416 1.513501 0.021797 0.010777 -0.302995 1562.400024
59.826969 11.954977 1.507683 0.018988 0.023484 -0.330746 1562.630005
60.010593 11.869046 1.492718 0.013672 0.037921 -0.358112 1562.859985
60.190849 11.779200 1.472313 -0.000691 0.031189 -0.381920 1563.079956
60.375095 11.692250 1.452073 -0.073148 -0.010605 -0.399157 1563.300049
60.575462 11.640243 1.437371 -0.121084 -0.041746 -0.406901 1563.540039
60.777153 11.661670 1.431757 -0.104571 -0.051149 -0.405499 1563.790039
60.957954 11.747241 1.435951 -0.085733 -0.029368 -0.397237 1564.030029
61.124508 11.872116 1.448147 -0.061182 -0.007571 -0.380516 1564.260010
61.275364 12.007469 1.462020 -0.039361 0.002740 -0.358172 1564.469971
61.425900 12.151777 1.471506 -0.029910 0.010631 -0.330619 1564.680054
61.569164 12.291800 1.473519 0.007361 -0.006183 -0.300580 1564.880005
61.713905 12.434573 1.469610 0.075957 -0.046728 -0.268225 1565.099976
61.856018 12.576187 1.463981 0.142839 -0.087947 -0.228401 1565.430054
62.041969 12.643976 1.432504 -0.059669 0.122668 -0.164741 1566.260010
62.236271 12.694736 1.422314 -0.047422 0.091446 -0.147997 1566.530029
62.435326 12.750401 1.413399 -0.010322 0.042419 -0.133303 1566.750000
62.636593 12.802534 1.404268 0.035070 0.034794 -0.122997 1566.959961
62.840828 12.836598 1.394074 0.055838 0.026785 -0.117478 1567.170044
63.043243 12.845129 1.382559 0.054454 0.014560 -0.117024 1567.380005
63.249050 12.828842 1.368889 0.041785 0.021635 -0.120281 1567.599976
63.451275 12.793268 1.354168 0.023933 0.011621 -0.128314 1567.819946
63.647953 12.748105 1.340071 -0.001149 0.012430 -0.137402 1568.040039
63.849674 12.702747 1.327715 -0.018520 0.026055 -0.145009 1568.270020
64.054909 12.666717 1.318514 -0.023270 0.033747 -0.148344 1568.500000
64.258156 12.642402 1.312569 -0.020583 0.035997 -0.146080 1568.719971
64.458282 12.626949 1.308876 -0.014216 0.018765 -0.138430 1568.930054
64.667343 12.616656 1.306567 -0.007344 0.011724 -0.126280 1569.150024
64.872292 12.609640 1.307430 -0.003563 0.022507 -0.111542 1569.369995
65.077057 12.603583 1.312405 -0.001613 0.022670 -0.095613 1569.589966
65.281487 12.597620 1.320912 -0.000028 0.015978 -0.078895 1569.810059
65.483353 12.591392 1.332144 -0.000103 0.022420 -0.060979 1570.030029
65.685417 12.585062 1.344222 -0.003783 0.029369 -0.042860 1570.250000
65.890625 12.580153 1.355536 -0.005730 0.031855 -0.025676 1570.469971
66.090530 12.577734 1.364871 -0.005501 0.032696 -0.010905 1570.680054
66.294426 12.577559 1.372490 -0.004062 0.031626 0.001883 1570.890015
66.500702 12.579109 1.378338 -0.002487 0.012203 0.012533 1571.099976
66.703056 12.581715 1.381971 -0.001407 0.014377 0.020820 1571.310059
66.911057 12.585079 1.383731 -0.000413 0.017189 0.027109 1571.530029
67.115776 12.588676 1.383770 0.000270 0.011247 0.032025 1571.750000
67.324074 12.592344 1.382680 -0.000947 0.012487 0.037288 1571.979980
67.528122 12.596626 1.380926 -0.003934 0.024137 0.042619 1572.209961
67.733307 12.603093 1.379064 -0.004923 0.034705 0.047560 1572.439941
67.935318 12.611998 1.377495 -0.004527 0.039662 0.050122 1572.660034
68.135368 12.622856 1.376315 -0.002880 0.034404 0.048982 1572.869995
68.339447 12.634748 1.374681 0.006229 0.014278 0.043720 1573.079956
68.540710 12.643779 1.371361 0.015229 0.018559 0.034127 1573.290039
68.749008 12.646417 1.365687 0.016898 0.006639 0.019606 1573.510010
68.950195 12.641887 1.358233 0.002185 -0.000373 0.003772 1573.729980
69.150703 12.636538 1.349850 -0.016712 0.022121 -0.010376 1573.959961
69.358513 12.639430 1.341525 -0.017575 -0.007487 -0.019245 1574.199951
69.562599 12.652497 1.333730 -0.002076 -0.084896 -0.023178 1574.459961
69.761169 12.677079 1.326674 0.008295 -0.030165 -0.021462 1575.010010
69.965881 12.679296 1.322833 -0.002568 0.113051 -0.009772 1575.709961
70.170242 12.679890 1.321966 -0.002205 0.084765 -0.004944 1575.979980
70.370483 12.681113 1.320032 0.001916 0.035561 -0.001862 1576.199951
70.578789 12.681321 1.316522 0.007071 0.028139 -0.001338 1576.420044
70.779869 12.678595 1.311393 0.008477 0.017863 -0.004177 1576.630005
70.988373 12.672112 1.304157 0.007402 0.013045 -0.009924 1576.849976
71.192772 12.662501 1.295273 0.005598 0.022806 -0.017369 1577.069946
71.395966 12.650645 1.286613 0.003688 0.013183 -0.025875 1577.290039
71.595833 12.637467 1.282291 0.002391 0.021090 -0.034685 1577.510010
71.804207 12.622839 1.285126 0.001318 0.020290 -0.043809 1577.739990
72.012024 12.607846 1.295208 0.000482 0.019238 -0.052279 1577.969971
72.218887 12.592857 1.311687 -0.000000 0.026524 -0.059664 1578.199951
72.417587 12.578742 1.331214 -0.008958 0.011231 -0.064818 1578.420044
72.621437 12.570468 1.352394 -0.048091 0.015314 -0.066347 1578.650024
72.823380 12.585281 1.372373 -0.066466 0.017371 -0.061710 1578.880005
73.025360 12.631330 1.389779 -0.062088 0.019427 -0.050628 1579.109985
73.218994 12.701527 1.403504 -0.045618 0.015867 -0.033922 1579.329956
73.402412 12.784924 1.411555 -0.033919 0.013059 -0.013240 1579.540039
73.582771 12.878416 1.412447 -0.026149 0.016692 0.011395 1579.750000
73.760208 12.977892 1.406343 -0.012431 0.005070 0.039739 1579.959961
73.939819 13.082968 1.393171 -0.007661 0.011897 0.071846 1580.180054
74.115723 13.186864 1.374715 -0.004971 0.021138 0.105844 1580.400024
74.292221 13.287072 1.355985 0.031895 0.024705 0.138662 1580.619995
74.481834 13.372556 1.342332 0.062047 0.033919 0.167354 1580.849976
74.681610 13.426070 1.337077 0.060643 0.018600 0.185849 1581.079956
74.886772 13.448430 1.339969 0.047464 0.021275 0.195635 1581.310059
75.087090 13.448277 1.349262 0.034985 0.018552 0.195323 1581.530029
75.288490 13.432324 1.361440 0.050669 0.002098 0.185789 1581.750000
75.485565 13.394581 1.373245 0.065136 0.001449 0.168297 1581.969971
75.677155 13.330457 1.382585 0.051877 -0.009613 0.143290 1582.189941
75.859451 13.245057 1.388630 0.042774 0.003114 0.116223 1582.410034
76.035698 13.145066 1.391614 0.016290 0.011595 0.088408 1582.630005
76.209557 13.044104 1.392073 -0.031659 0.031399 0.061852 1582.849976
76.396255 12.959643 1.390761 -0.055627 0.042009 0.037449 1583.079956
76.592072 12.907462 1.388068 -0.053916 0.033279 0.018339 1583.310059
76.794540 12.885109 1.384665 -0.039295 0.040010 0.002855 1583.540039
76.995567 12.883530 1.381370 -0.022351 0.024107 -0.007158 1583.760010
77.198509 12.892418 1.378833 -0.007862 0.024053 -0.014186 1583.979980
77.402603 12.904550 1.377630 0.001179 0.032473 -0.018388 1584.199951
77.611160 12.915432 1.377865 0.005148 0.034790 -0.020141 1584.420044
77.815201 12.922895 1.379220 0.005795 0.030752 -0.020000 1584.630005
78.019890 12.927362 1.380729 0.005510 -0.029465 -0.018814 1584.839966
78.224594 12.929667 1.381768 0.005310 -0.102560 -0.016282 1585.079956
78.425026 12.928855 1.382805 0.008000 -0.062893 -0.012188 1585.569946
78.609253 12.851761 1.355257 0.041150 0.126273 -0.037128 1586.290039
78.798416 12.775435 1.335064 0.024321 0.086856 -0.062514 1586.550049
78.984047 12.702700 1.315780 0.009620 0.046252 -0.086936 1586.760010
79.171150 12.630960 1.297506 0.005243 0.030703 -0.112572 1586.959961
79.361267 12.558957 1.284906 0.008701 0.022466 -0.140640 1587.160034
79.550743 12.485774 1.281312 0.011632 0.017445 -0.170768 1587.359985
79.737587 12.410349 1.287869 0.012682 0.018289 -0.202426 1587.560059
79.921692 12.332205 1.303877 0.011581 0.019607 -0.235212 1587.760010
80.112045 12.247698 1.328526 0.007322 0.005023 -0.270008 1587.969971
80.294571 12.164456 1.356290 -0.019303 -0.010769 -0.301871 1588.180054
80.483627 12.089196 1.383974 -0.065278 -0.000018 -0.330233 1588.410034
80.681007 12.046467 1.405760 -0.080075 0.013007 -0.349338 1588.650024
80.888397 12.043589 1.418772 -0.069621 0.021466 -0.356034 1588.890015
81.089294 12.068666 1.423582 -0.050637 0.026246 -0.351393 1589.109985
81.289360 12.108061 1.423280 -0.030569 0.026234 -0.338068 1589.319946
81.494202 12.153440 1.420088 0.003114 0.026253 -0.317945 1589.530029
81.699669 12.191988 1.416144 0.032282 0.034164 -0.293465 1589.739990
81.904701 12.212234 1.412916 0.041949 0.024226 -0.267585 1589.949951
82.105598 12.211930 1.410833 0.037809 0.019957 -0.241334 1590.160034
82.310638 12.193024 1.410144 0.026187 0.024356 -0.214971 1590.380005
82.512466 12.161035 1.411051 0.013750 0.013080 -0.191278 1590.599976
82.709244 12.123509 1.411201 -0.007102 0.015046 -0.168807 1590.819946
82.912628 12.088605 1.405501 -0.029502 0.025914 -0.145779 1591.050049
83.119629 12.067540 1.391382 -0.035795 0.031730 -0.122966 1591.280029
83.323265 12.062367 1.371425 -0.007818 0.020740 -0.103689 1591.500000
83.526131 12.058084 1.354038 0.063342 0.002076 -0.090865 1591.719971
83.725800 12.023221 1.346032 0.098978 -0.004610 -0.086377 1591.949951
83.908325 11.940859 1.350828 0.095949 -0.002472 -0.090618 1592.180054
84.068520 11.820439 1.366557 0.072875 0.001218 -0.102788 1592.400024
84.210121 11.680173 1.387392 0.031972 -0.008788 -0.121629 1592.609985
84.346878 11.525750 1.408019 0.009012 0.013891 -0.145877 1592.829956
84.481987 11.373677 1.422476 -0.002823 0.025815 -0.174963 1593.050049
84.621437 11.228476 1.428856 -0.009098 0.022948 -0.205409 1593.270020
84.771492 11.086625 1.427197 -0.019333 0.023637 -0.234493 1593.500000
84.928352 10.959365 1.419844 -0.043794 0.036939 -0.259142 1593.729980
85.099800 10.854634 1.409589 -0.048998 0.036320 -0.277342 1593.959961
85.285957 10.773787 1.398263 -0.039243 0.027513 -0.289357 1594.189941
85.481804 10.711919 1.387333 -0.024700 0.035951 -0.297033 1594.420044
85.677963 10.662229 1.378426 0.005649 0.018721 -0.300512 1594.640015
85.870987 10.608100 1.373758 0.077129 -0.004404 -0.303990 1594.859985
86.056366 10.514878 1.375515 0.110715 -0.013330 -0.310540 1595.099976
86.206573 10.371843 1.383758 0.102677 -0.008911 -0.320018 1595.339966
86.317108 10.201782 1.395785 0.074955 -0.003250 -0.332759 1595.560059
86.404922 10.017662 1.409843 0.039658 -0.004085 -0.349177 1595.770020
86.481323 9.826424 1.425663 0.022701 0.008464 -0.368478 1595.979980
86.553116 9.635078 1.441797 -0.010658 -0.010754 -0.390880 1596.189941
86.623795 9.445043 1.456797 -0.064782 -0.063682 -0.414262 1596.420044
86.694160 9.255689 1.471904 -0.100458 -0.102318 -0.446538 1596.780029
86.607735 9.073689 1.467691 0.134814 0.003547 -0.497369 1597.660034
86.503159 8.902494 1.460574 0.096941 0.007978 -0.512927 1597.920044
86.398857 8.721069 1.453085 0.050446 0.007603 -0.529107 1598.140015
86.300934 8.544455 1.446269 0.011921 0.020442 -0.545954 1598.339966
86.209312 8.358367 1.441442 -0.025453 0.072618 -0.567424 1598.550049
86.151207 8.164838 1.440540 -0.036687 0.102779 -0.593351 1598.770020
86.144928 7.960069 1.444084 -0.032134 0.095090 -0.621964 1599.000000
86.184853 7.760332 1.451482 -0.019715 0.073374 -0.651375 1599.219971
86.251442 7.567652 1.461161 -0.016649 0.031313 -0.680712 1599.430054
86.329636 7.380807 1.471354 -0.001045 0.001914 -0.711214 1599.640015
86.408882 7.193520 1.480268 0.026706 0.002467 -0.744309 1599.859985
86.479645 6.998441 1.486483 0.033161 -0.002902 -0.779825 1600.089966
86.534569 6.802338 1.488963 0.032894 0.004301 -0.814878 1600.319946
86.576225 6.603665 1.488093 0.027767 0.013828 -0.849547 1600.550049
86.610001 6.401790 1.484300 0.012228 0.019326 -0.883765 1600.780029
86.643257 6.198897 1.477973 0.003698 0.032102 -0.917234 1601.010010
86.682350 5.994024 1.469790 -0.004043 0.022719 -0.949958 1601.239990
86.727905 5.790709 1.460311 -0.001978 0.029397 -0.982046 1601.469971
86.777451 5.595772 1.450698 -0.000682 0.023295 -1.012276 1601.689941
86.830566 5.401505 1.440866 0.001067 0.019152 -1.042002 1601.910034
86.885193 5.208765 1.430935 0.005146 0.026878 -1.071479 1602.130005
86.940605 5.013964 1.420084 0.012283 0.029002 -1.100927 1602.349976
86.994324 4.814657 1.407026 0.016710 0.030698 -1.130603 1602.569946
87.042305 4.619018 1.392068 0.016189 0.029654 -1.159297 1602.780029
87.086830 4.418665 1.374728 0.013184 0.028439 -1.188351 1602.989990
87.128288 4.215335 1.355874 0.015526 0.015144 -1.217774 1603.199951
87.163208 4.012947 1.337796 0.036465 0.010029 -1.247409 1603.410034
87.183609 3.811640 1.322203 0.044954 0.006352 -1.277713 1603.619995
87.185677 3.603242 1.309109 0.037801 -0.001664 -1.309822 1603.839966
87.170601 3.400643 1.299283 0.031738 0.014075 -1.341033 1604.060059
87.143486 3.199717 1.292414 0.018658 0.007414 -1.372736 1604.280029
87.106712 2.995080 1.289240 0.036800 -0.006840 -1.405425 1604.510010
87.052727 2.801370 1.292677 0.064565 -0.007239 -1.437900 1604.739990
86.970169 2.618288 1.302575 0.056533 -0.014445 -1.471259 1604.969971
86.862289 2.448210 1.317621 0.049268 -0.000875 -1.503231 1605.199951
86.735237 2.286119 1.337015 0.034757 0.008017 -1.535322 1605.430054
86.603477 2.134875 1.357667 0.019633 0.010902 -1.565080 1605.650024
86.469063 1.985985 1.379251 0.005667 0.022525 -1.592147 1605.869995
86.340118 1.833553 1.398996 -0.040110 0.045353 -1.616059 1606.089966
86.230225 1.659964 1.414890 -0.066423 0.041770 -1.635241 1606.319946
86.154778 1.469245 1.424127 -0.062164 -0.045671 -1.643964 1606.560059
86.113632 1.273310 1.427370 -0.032164 -0.114993 -1.652103 1606.869995
86.246628 1.118741 1.408032 -0.118659 0.060363 -1.646271 1607.760010
86.429909 1.021639 1.390103 -0.090391 0.054853 -1.620442 1608.050049
86.607643 0.921115 1.373576 -0.045278 0.032254 -1.593697 1608.270020
86.779762 0.820311 1.357641 -0.008419 0.020874 -1.566819 1608.469971
86.955948 0.710093 1.340124 0.008638 0.032677 -1.535979 1608.680054
87.120773 0.591824 1.321588 0.010907 0.038774 -1.502886 1608.890015
87.274391 0.462925 1.301938 0.004723 0.039282 -1.468284 1609.099976
87.420372 0.324080 1.282453 -0.007988 0.029340 -1.432744 1609.310059
87.564392 0.180231 1.266080 -0.023627 0.016645 -1.396468 1609.520020
87.712067 0.038071 1.254344 -0.024595 0.001383 -1.359762 1609.729980
87.862999 -0.096037 1.247393 -0.022692 -0.002565 -1.323768 1609.939941
88.023186 -0.226248 1.244703 -0.024286 0.006894 -1.287144 1610.160034
88.185921 -0.348853 1.246042 -0.016501 0.000117 -1.251335 1610.380005
88.356209 -0.468505 1.252165 -0.023902 0.009314 -1.215495 1610.609985
88.530060 -0.581821 1.262722 -0.021134 0.009492 -1.180736 1610.839966
88.706490 -0.689634 1.276508 -0.017890 0.012810 -1.147389 1611.069946
88.884575 -0.793937 1.292788 -0.018301 0.021839 -1.115166 1611.300049
89.057419 -0.893276 1.309417 -0.010715 0.015033 -1.085027 1611.520020
89.237595 -0.996286 1.327210 -0.012004 0.022795 -1.054405 1611.750000
89.410614 -1.095501 1.343499 -0.015448 0.018035 -1.025478 1611.969971
89.585823 -1.193297 1.357417 -0.026652 0.020723 -0.996794 1612.189941
89.775780 -1.291771 1.368926 -0.030098 0.022522 -0.966471 1612.420044
89.956635 -1.377785 1.376709 -0.027074 0.022269 -0.938361 1612.630005
90.143486 -1.460543 1.382314 -0.022133 0.022899 -0.910003 1612.839966
90.333008 -1.541379 1.386206 0.015769 0.013346 -0.883067 1613.050049
90.520264 -1.632184 1.389125 0.063278 0.023738 -0.859802 1613.270020
90.690651 -1.750577 1.391654 0.076022 0.022606 -0.844535 1613.500000
90.831642 -1.896322 1.393840 0.064156 0.022853 -0.838570 1613.729980
90.948997 -2.064452 1.396274 0.044233 0.032125 -0.841594 1613.959961
91.049629 -2.242197 1.399148 0.024637 0.035224 -0.851405 1614.180054
91.143387 -2.421052 1.403377 -0.020024 0.028659 -0.863041 1614.390015
91.247002 -2.594945 1.411157 -0.066880 0.022519 -0.873047 1614.599976
91.378853 -2.756658 1.423586 -0.076266 0.004622 -0.878695 1614.819946
91.532860 -2.889983 1.439466 -0.067052 0.002597 -0.883502 1615.040039
91.703491 -2.998049 1.458009 -0.035076 0.012564 -0.889448 1615.260010
91.880875 -3.096068 1.475351 0.028871 0.028796 -0.897306 1615.479980
92.047966 -3.206799 1.489355 0.063113 0.032111 -0.908817 1615.699951
92.199371 -3.346813 1.498945 0.065656 0.026629 -0.925359 1615.930054
92.325249 -3.509749 1.503117 0.051053 0.032011 -0.945240 1616.160034
92.427704 -3.681911 1.502740 0.028831 -0.015935 -0.969330 1616.380005
92.518631 -3.866038 1.498810 0.004164 -0.092012 -0.996918 1616.630005
92.593102 -4.052655 1.490761 -0.013564 -0.094327 -1.035787 1617.079956
92.695549 -4.168602 1.358193 -0.037218 0.099053 -1.028062 1617.819946
92.823776 -4.277912 1.247917 -0.024268 0.080919 -0.999003 1618.099976
92.957451 -4.391602 1.141774 -0.010151 0.044288 -0.967868 1618.329956
93.088837 -4.504408 1.036797 -0.002986 0.036380 -0.935740 1618.540039
93.223557 -4.622686 0.928256 0.000994 0.016521 -0.900812 1618.750000
93.356171 -4.741403 0.819785 0.002473 0.009863 -0.864192 1618.959961
93.484413 -4.858269 0.712753 0.001691 0.009072 -0.826721 1619.170044
93.614716 -4.978273 0.613604 -0.003781 0.018098 -0.788406 1619.390015
93.751938 -5.102570 0.535270 -0.007874 0.037353 -0.751366 1619.619995
93.898483 -5.230271 0.485470 -0.008094 0.045458 -0.718811 1619.849976
94.057564 -5.363430 0.460793 -0.005734 0.047281 -0.691827 1620.079956
94.213234 -5.490186 0.454858 -0.002958 0.041949 -0.672048 1620.290039
94.375687 -5.620444 0.459204 -0.004752 0.020487 -0.655501 1620.500000
94.539223 -5.748313 0.469037 -0.015131 0.016596 -0.640771 1620.709961
94.704178 -5.869234 0.480797 -0.019814 0.017067 -0.626304 1620.920044
94.871185 -5.981555 0.491894 -0.017646 0.006349 -0.611327 1621.130005
95.045067 -6.089106 0.501338 -0.013241 0.018079 -0.595383 1621.349976
95.219757 -6.190389 0.508182 -0.007891 0.012992 -0.578337 1621.569946
95.400993 -6.291432 0.512406 -0.002919 0.018472 -0.559209 1621.800049
95.580978 -6.390434 0.514270 -0.005232 0.018580 -0.538152 1622.030029
95.761856 -6.485907 0.514414 -0.030753 0.022842 -0.514991 1622.260010
95.950348 -6.568990 0.513690 -0.042229 0.024086 -0.488965 1622.489990
96.148376 -6.634853 0.512391 -0.036161 0.014470 -0.460326 1622.719971
96.351143 -6.684522 0.511008 -0.027274 0.024191 -0.430577 1622.949951
96.549667 -6.722233 0.509842 -0.015333 0.015238 -0.400409 1623.170044
96.748367 -6.754441 0.508898 -0.007414 0.021871 -0.369617 1623.390015
96.947533 -6.785287 0.508361 -0.002845 0.028478 -0.338093 1623.609985
97.149544 -6.817592 0.508116 -0.001935 0.031806 -0.305973 1623.829956
97.355309 -6.851524 0.508073 -0.005963 0.028391 -0.273459 1624.050049
97.554565 -6.883272 0.508231 -0.008341 0.026141 -0.242095 1624.260010
97.754974 -6.912683 0.508438 -0.007434 0.012712 -0.211188 1624.469971
97.961662 -6.940097 0.508556 -0.005765 0.018211 -0.180978 1624.689941
98.166725 -6.965011 0.508625 -0.003962 0.026095 -0.153827 1624.910034
98.373589 -6.988692 0.508725 -0.002063 0.031755 -0.129881 1625.130005
98.574577 -7.010968 0.508859 -0.001471 0.028953 -0.110060 1625.339966
98.778091 -7.032853 0.509110 -0.002236 0.028910 -0.093594 1625.550049
98.983627 -7.053878 0.509396 -0.002311 0.018883 -0.080614 1625.760010
99.187233 -7.073584 0.509573 -0.001965 0.009491 -0.071096 1625.969971
99.394890 -7.092683 0.509520 -0.001121 0.019430 -0.064609 1626.189941
99.600677 -7.110857 0.509389 -0.000034 0.027288 -0.061193 1626.410034
99.808449 -7.128839 0.509324 0.000763 0.032651 -0.060319 1626.630005
100.010376 -7.146269 0.509257 0.000801 0.011123 -0.061351 1626.839966
100.213440 -7.164043 0.508530 -0.000597 -0.069542 -0.063809 1627.060059
100.412926 -7.182062 0.509815 -0.007520 -0.192305 -0.067455 1627.349976
100.210403 -7.141277 0.511136 -0.011659 -0.137485 -0.056765 1628.030029
100.009026 -7.109433 0.508373 -0.009513 -0.085652 -0.045085 1628.229980
99.807159 -7.077622 0.506555 -0.004532 -0.041529 -0.030932 1628.410034
99.600334 -7.045434 0.505523 0.005310 -0.014747 -0.013368 1628.589966
99.397102 -7.016073 0.505101 0.011921 -0.006601 0.007239 1628.770020
99.189583 -6.990376 0.505083 0.014594 -0.003305 0.031773 1628.959961
98.989952 -6.970786 0.505257 0.012759 -0.008512 0.058616 1629.150024
98.786552 -6.956009 0.505697 0.009415 -0.011077 0.088942 1629.349976
98.579681 -6.945531 0.506206 0.007476 -0.001261 0.122305 1629.560059
98.372597 -6.938371 0.506661 0.000163 -0.011710 0.158024 1629.780029
98.170746 -6.932616 0.507187 -0.006615 -0.026388 0.194258 1630.000000
97.967346 -6.926607 0.507770 -0.010022 -0.024666 0.230482 1630.219971
97.762077 -6.918574 0.508177 -0.020939 -0.018104 0.266286 1630.439941
97.556450 -6.904036 0.508451 -0.026927 -0.014948 0.301365 1630.660034
97.351883 -6.880857 0.508577 -0.020861 -0.005051 0.335141 1630.880005
97.151283 -6.850360 0.508516 -0.024371 -0.015709 0.368543 1631.099976
96.950768 -6.813249 0.508462 -0.030457 -0.011334 0.400949 1631.319946
96.750053 -6.766879 0.508438 -0.042372 -0.004674 0.432740 1631.540039
96.549896 -6.706706 0.508350 -0.033110 0.005293 0.463634 1631.760010
96.354729 -6.634737 0.508067 -0.025603 0.006129 0.494275 1631.979980
96.165901 -6.554521 0.507775 -0.028619 -0.003508 0.524878 1632.199951
95.978867 -6.467872 0.507597 -0.029712 -0.012099 0.555435 1632.420044
95.798058 -6.381017 0.507620 -0.029761 -0.017292 0.584773 1632.630005
95.615517 -6.291741 0.507856 -0.004118 0.039292 0.614043 1632.839966
95.442184 -6.184534 0.508680 0.014316 0.134995 0.648851 1633.069946
95.322990 -6.021230 0.509112 0.016234 0.151050 0.689877 1633.339966
95.294266 -5.811365 0.507102 -0.013892 0.088016 0.729583 1633.609985
95.304832 -5.604845 0.505468 -0.031562 0.036795 0.764847 1633.839966
95.317398 -5.404321 0.504796 -0.033289 0.004048 0.796941 1634.050049
95.321014 -5.201921 0.504798 -0.038410 -0.004336 0.828245 1634.260010
95.311584 -4.999554 0.505145 -0.039631 -0.001794 0.859132 1634.469971
95.289642 -4.796851 0.505600 -0.034120 0.002442 0.889889 1634.680054
95.258255 -4.593938 0.506117 -0.025336 0.005877 0.920642 1634.890015
95.221413 -4.392841 0.506452 -0.011138 0.002403 0.951230 1635.099976
95.181244 -4.188409 0.506576 -0.001961 0.007598 0.982607 1635.319946
95.144836 -3.990442 0.506637 0.010257 0.027220 1.013538 1635.540039
95.119781 -3.785091 0.506988 0.013296 0.040680 1.045436 1635.770020
95.111588 -3.577580 0.507601 0.014662 0.030044 1.076440 1636.000000
95.117485 -3.370425 0.508035 0.005207 0.034896 1.107371 1636.229980
95.132248 -3.170596 0.508184 0.010207 -0.004242 1.136135 1636.449951
95.151299 -2.971207 0.507560 0.029396 -0.080677 1.163849 1636.689941
95.087433 -2.811162 0.610757 -0.084579 -0.041415 1.218352 1637.510010
94.939751 -2.859051 0.737570 -0.072912 -0.026410 1.234004 1637.800049
94.782425 -2.895428 0.868143 -0.052251 -0.020149 1.248605 1638.030029
94.627975 -2.926503 0.995827 -0.033555 -0.014572 1.263403 1638.229980
94.474228 -2.956031 1.124036 -0.018268 -0.009364 1.279575 1638.420044
94.320480 -2.985361 1.250082 -0.002130 0.009437 1.297850 1638.609985
94.157532 -3.010808 1.368228 -0.020547 0.060638 1.320815 1638.819946
93.977707 -3.008034 1.457974 -0.043711 0.093904 1.349477 1639.060059
93.788704 -2.952956 1.495158 -0.045129 0.080252 1.383421 1639.310059
93.601601 -2.860333 1.491116 -0.038110 0.006305 1.419091 1639.550049
93.421875 -2.772384 1.473030 -0.041775 -0.041443 1.452481 1639.770020
93.231606 -2.704475 1.453150 -0.022199 -0.054713 1.485474 1639.989990
93.028419 -2.662516 1.438185 -0.027266 -0.046645 1.519810 1640.219971
92.820839 -2.645789 1.433390 -0.034368 -0.030580 1.554234 1640.449951
92.617447 -2.645021 1.436994 -0.017142 -0.006000 1.587170 1640.670044
92.415443 -2.646686 1.440639 -0.016221 0.030371 1.620285 1640.890015
92.215538 -2.635593 1.439018 -0.018949 0.047483 1.653447 1641.109985
92.015526 -2.604875 1.429933 -0.018919 0.046486 1.686607 1641.329956
91.814552 -2.555874 1.416945 -0.021198 0.036948 1.719698 1641.550049
91.620956 -2.496960 1.405934 -0.023502 0.026681 1.751279 1641.760010
91.426041 -2.431842 1.398702 -0.009239 0.009154 1.782729 1641.969971
91.234909 -2.366376 1.396216 -0.013634 0.007330 1.813627 1642.180054
91.037704 -2.299397 1.398843 -0.017654 0.003844 1.845809 1642.400024
90.842613 -2.238274 1.404706 -0.026457 -0.039398 1.877463 1642.619995
90.642097 -2.199839 1.411388 -0.046709 -0.067199 1.910166 1642.849976
90.434280 -2.202478 1.416673 -0.034846 -0.065183 1.943125 1643.089966
90.231407 -2.244879 1.419086 -0.042679 -0.043663 1.974955 1643.329956
90.036957 -2.312221 1.418865 -0.016676 -0.008609 2.004272 1643.560059
89.842201 -2.381202 1.416779 0.099263 0.075789 2.035091 1643.800049
89.641930 -2.366306 1.414279 0.153031 0.107990 2.063462 1644.130005
89.541412 -2.193018 1.410400 0.113293 0.086282 2.066021 1644.449951
89.510361 -1.986469 1.408000 0.068513 0.065135 2.056923 1644.689941
89.499420 -1.784243 1.406946 0.034768 0.045709 2.046228 1644.890015
89.492882 -1.581022 1.406034 -0.013021 0.021720 2.036086 1645.079956
89.477707 -1.371387 1.403466 -0.066884 0.016961 2.027665 1645.280029
89.435692 -1.167032 1.397714 -0.088909 0.019085 2.022636 1645.489990
89.359535 -0.981279 1.388055 -0.082965 0.022673 2.022606 1645.699951
89.252113 -0.811447 1.375261 -0.069436 0.018912 2.028754 1645.910034
89.119774 -0.655844 1.361791 -0.064851 0.014438 2.040674 1646.119995
88.966873 -0.514636 1.349355 -0.051027 0.006389 2.058438 1646.329956
88.801521 -0.388183 1.338808 -0.030279 -0.003976 2.081048 1646.540039
88.633118 -0.275087 1.330482 -0.019614 0.008830 2.106903 1646.750000
88.457397 -0.165004 1.323954 0.005157 -0.027221 2.137340 1646.969971
88.281487 -0.059376 1.318831 0.037470 -0.089917 2.170706 1647.219971
88.108070 0.040980 1.314970 0.023360 -0.054666 2.227487 1647.729980
87.939476 0.145158 1.353720 -0.043091 0.123098 2.267509 1648.449951
87.765297 0.251265 1.384358 -0.029861 0.083503 2.284106 1648.709961
87.594276 0.353895 1.411256 -0.015963 0.044262 2.299267 1648.920044
87.421875 0.456443 1.438132 -0.009349 0.031168 2.315189 1649.119995
87.246529 0.560703 1.465173 -0.001127 0.018727 2.332744 1649.319946
87.074554 0.665619 1.488654 0.027415 0.008944 2.349566 1649.520020
86.907234 0.781447 1.506114 0.050064 0.017841 2.364064 1649.729980
86.750748 0.916903 1.515555 0.050104 0.008806 2.372568 1649.949951
86.614265 1.065080 1.516072 0.039760 0.015100 2.375088 1650.170044
86.492294 1.223464 1.509605 0.025870 0.018910 2.370359 1650.390015
86.374397 1.395222 1.498262 0.021533 -0.001134 2.357779 1650.619995
86.271996 1.567213 1.487795 0.059982 -0.009370 2.338644 1650.849976
86.197128 1.755506 1.482286 0.075923 -0.011734 2.311411 1651.089966
86.160927 1.956079 1.483107 0.062822 -0.009936 2.278723 1651.329956
86.156166 2.156006 1.489991 0.052559 0.009939 2.244660 1651.560059
86.169609 2.364182 1.501562 0.027233 0.007129 2.206981 1651.790039
86.190987 2.563780 1.514853 0.022360 -0.000158 2.170147 1652.010010
86.222038 2.768721 1.528918 0.040488 0.000625 2.131406 1652.239990
86.265640 2.964488 1.541074 0.044655 0.002579 2.094068 1652.459961
86.324043 3.161765 1.551355 0.042755 0.009378 2.056980 1652.680054
86.391327 3.352708 1.559306 0.029841 0.008468 2.021655 1652.890015
86.464958 3.542701 1.565452 0.012419 0.002240 1.987023 1653.099976
86.543373 3.736168 1.570447 0.014706 0.015267 1.952081 1653.319946
86.621246 3.928126 1.573251 0.008684 0.020330 1.918131 1653.540039
86.695724 4.120789 1.569932 0.003386 0.031582 1.885171 1653.760010
86.763687 4.317561 1.558337 0.002570 0.037541 1.852973 1653.979980
86.822067 4.511320 1.539519 0.002976 0.035120 1.822750 1654.189941
86.875214 4.710029 1.514373 0.003408 0.028219 1.792938 1654.400024
86.924431 4.910835 1.485355 -0.007629 0.017300 1.765078 1654.609985
86.965187 5.108885 1.458282 -0.050209 0.020970 1.741832 1654.819946
86.982178 5.311580 1.436868 -0.072321 0.024038 1.725517 1655.040039
86.962662 5.517497 1.423586 -0.065089 0.011267 1.717799 1655.270020
86.910370 5.714320 1.419320 -0.048220 0.021821 1.713122 1655.500000
86.835854 5.907929 1.421080 -0.013488 0.029977 1.711034 1655.729980
86.759407 6.096513 1.424679 0.014650 0.037959 1.710375 1655.949951
86.690697 6.292239 1.427639 0.026336 0.021559 1.710274 1656.170044
86.635567 6.490167 1.428465 0.024463 0.014797 1.712683 1656.390015
86.592941 6.687040 1.427884 0.012274 0.023082 1.718418 1656.609985
86.556618 6.885196 1.427058 0.001243 0.032021 1.727265 1656.829956
86.520592 7.087857 1.426655 -0.005317 0.035202 1.738396 1657.050049
86.483337 7.286034 1.426852 -0.007378 0.030672 1.750057 1657.260010
86.442970 7.485047 1.427212 -0.005799 -0.020622 1.762065 1657.469971
86.399017 7.687285 1.427149 -0.002103 -0.097248 1.774893 1657.709961
86.353394 7.882916 1.429395 0.003365 -0.080145 1.790445 1658.180054
86.415115 8.079230 1.447515 0.061894 0.114515 1.764292 1658.949951
86.478516 8.270371 1.463450 0.041633 0.087240 1.736552 1659.199951
86.541695 8.466394 1.478845 0.022251 0.057430 1.711049 1659.410034
86.600479 8.657295 1.492409 -0.027895 0.021939 1.689759 1659.599976
86.647438 8.856905 1.504101 -0.091844 0.011096 1.671916 1659.800049
86.657768 9.057561 1.511821 -0.115410 0.007785 1.659740 1660.010010
86.617371 9.256369 1.514049 -0.104031 0.008274 1.654807 1660.229980
86.531700 9.444902 1.511049 -0.074248 0.008899 1.658329 1660.449951
86.422134 9.616232 1.504858 -0.038603 -0.000019 1.669632 1660.660034
86.301422 9.777528 1.497192 -0.016956 -0.004872 1.686664 1660.869995
86.172737 9.935624 1.489793 -0.021792 0.005439 1.710047 1661.089966
86.040451 10.086493 1.484654 -0.022508 0.008432 1.738819 1661.310059
85.897827 10.238246 1.482172 -0.018950 0.010486 1.773146 1661.540039
85.752037 10.385546 1.482438 -0.020341 0.023819 1.810307 1661.770020
85.607941 10.527461 1.484839 -0.016677 0.029378 1.846376 1661.989990
85.462669 10.673631 1.488723 0.046458 0.025041 1.878662 1662.209961
85.337418 10.837798 1.493816 0.117504 0.020447 1.903916 1662.439941
85.267540 11.028675 1.498741 0.119439 0.000906 1.916493 1662.680054
85.262100 11.232687 1.502467 0.096106 0.003649 1.919859 1662.920044
85.303101 11.436550 1.505499 0.067757 0.016439 1.913170 1663.150024
85.364922 11.629779 1.508223 0.040535 0.020406 1.898002 1663.359985
85.437538 11.826492 1.510300 0.020809 0.008928 1.875575 1663.569946
85.514290 12.020429 1.510675 0.019318 0.008411 1.847798 1663.780029
85.594139 12.210526 1.508917 0.014501 0.003012 1.815381 1663.989990
85.675697 12.394270 1.505074 0.009848 0.000871 1.779950 1664.199951
85.760941 12.578277 1.500532 0.002988 0.002832 1.740832 1664.420044
85.846680 12.763213 1.500941 -0.000928 0.020412 1.699056 1664.650024
85.926323 12.948433 1.510993 0.001471 0.036075 1.657190 1664.880005
86.000832 13.141528 1.531337 0.003710 0.039283 1.615862 1665.109985
86.069229 13.335251 1.559293 0.004918 0.036157 1.577103 1665.329956
86.133476 13.525596 1.588892 0.019646 0.009173 1.541191 1665.540039
86.207405 13.719268 1.613505 0.058493 -0.008159 1.504413 1665.760010
86.302765 13.898257 1.625833 0.075041 -0.009701 1.468587 1665.979980
86.425682 14.060741 1.624255 0.069410 -0.003616 1.433914 1666.199951
86.572784 14.209266 1.610226 0.049427 0.000817 1.399982 1666.420044
86.726639 14.340437 1.588464 0.025325 -0.000322 1.369637 1666.630005
86.883102 14.463900 1.561847 -0.015130 0.018804 1.345015 1666.839966
87.032753 14.597094 1.533227 -0.082663 0.038063 1.326533 1667.060059
87.150963 14.763956 1.504730 -0.106238 0.035358 1.319262 1667.300049
87.212059 14.954571 1.480248 -0.089817 0.029203 1.323882 1667.540039
87.226173 15.153518 1.461066 -0.061457 0.031653 1.337323 1667.770020
87.213356 15.354879 1.446258 -0.040581 0.024221 1.358628 1667.989990
87.184853 15.561539 1.433787 -0.029819 0.027324 1.386017 1668.209961
87.148392 15.762766 1.422819 -0.020101 0.026020 1.417284 1668.420044
87.106934 15.966388 1.411841 -0.012452 0.026457 1.452202 1668.630005
87.065613 16.161972 1.400948 -0.006182 0.020718 1.487922 1668.829956
87.022789 16.363428 1.389464 0.010189 -0.048685 1.525718 1669.040039
86.979523 16.562252 1.377490 0.024283 -0.109229 1.567448 1669.290039
87.018539 16.392614 1.479892 0.000418 -0.080584 1.632256 1670.439941
87.053955 16.197178 1.533254 -0.041218 -0.046797 1.624778 1670.650024
87.071724 15.999972 1.582933 -0.064990 -0.026928 1.617658 1670.849976
87.065346 15.800966 1.627332 -0.062212 -0.001364 1.612007 1671.050049
87.033783 15.599251 1.666821 -0.053911 -0.002211 1.611683 1671.260010
86.981392 15.405004 1.699275 -0.041644 -0.012855 1.616751 1671.469971
86.914467 15.214225 1.726046 -0.026746 -0.018739 1.626807 1671.680054
86.839874 15.024208 1.748891 -0.015353 -0.022929 1.642072 1671.890015
86.763397 14.834386 1.768892 -0.001665 -0.011559 1.661787 1672.099976
86.689957 14.648314 1.787034 -0.001004 -0.013997 1.685770 1672.310059
86.616867 14.456877 1.803239 -0.008841 -0.015825 1.714613 1672.530029
86.544304 14.267193 1.812883 -0.022960 -0.020051 1.746544 1672.750000
86.467056 14.076450 1.814378 -0.029644 -0.022701 1.780722 1672.969971
86.386871 13.891495 1.808373 -0.029147 -0.021934 1.814859 1673.180054
86.301155 13.703900 1.796509 -0.019405 -0.013494 1.849667 1673.390015
86.213455 13.518026 1.780639 -0.007828 -0.003300 1.884664 1673.599976
86.126839 13.337995 1.762277 -0.012934 -0.008758 1.919762 1673.810059
86.036667 13.153152 1.743268 -0.014985 -0.014212 1.956078 1674.030029
85.947067 12.968961 1.727451 -0.019636 -0.020488 1.991918 1674.250000
85.858177 12.782983 1.716120 -0.007156 -0.011300 2.026631 1674.469971
85.772209 12.600621 1.707765 -0.010320 0.026637 2.060946 1674.689941
85.670013 12.423717 1.695045 -0.027863 0.100856 2.097606 1674.930054
85.521690 12.285685 1.671720 -0.024060 0.114154 2.137241 1675.189941
85.338501 12.209220 1.638763 -0.023985 0.093277 2.175102 1675.439941
85.141953 12.175526 1.600402 -0.018654 0.059743 2.209585 1675.670044
84.939728 12.162511 1.559175 -0.012907 0.029904 2.241611 1675.890015
84.743271 12.157616 1.516913 -0.021161 0.018759 2.271623 1676.099976
84.545532 12.153497 1.473567 -0.013855 0.002695 2.301569 1676.310059
84.342278 12.146287 1.427751 -0.017141 0.002315 2.332259 1676.530029
84.142738 12.134930 1.382911 -0.020344 0.011681 2.362617 1676.750000
83.943016 12.121672 1.345656 -0.014379 0.026987 2.392867 1676.969971
83.739655 12.112547 1.320687 -0.007794 0.032718 2.423294 1677.189941
83.533501 12.110976 1.308240 0.002286 0.021355 2.453552 1677.410034
83.329666 12.116757 1.306882 -0.003814 0.028488 2.483710 1677.630005
83.124825 12.128895 1.314235 -0.009665 0.030848 2.514014 1677.849976
82.916344 12.145227 1.327287 -0.012632 0.028811 2.544549 1678.069946
82.714005 12.162600 1.342559 -0.009513 0.017789 2.573985 1678.280029
82.512733 12.179883 1.358539 -0.006832 0.010963 2.603334 1678.489990
82.305840 12.197083 1.374821 -0.010663 0.019768 2.634019 1678.709961
82.099335 12.213386 1.390244 -0.014409 0.022820 2.664831 1678.930054
81.891014 12.227838 1.404956 -0.015966 0.024700 2.695850 1679.150024
81.689545 12.239380 1.418443 -0.015152 0.025792 2.725673 1679.359985
81.485413 12.248931 1.431544 -0.013307 0.026935 2.755705 1679.569946
81.279205 12.257036 1.444354 -0.006842 0.012452 2.785984 1679.780029
81.076317 12.263965 1.456514 -0.003868 0.010927 2.815976 1679.989990
80.868584 12.270796 1.469067 -0.004853 0.022444 2.847227 1680.209961
80.660957 12.278058 1.481783 -0.006512 0.030716 2.876426 1680.430054
80.459663 12.285402 1.494026 -0.002306 0.024892 2.899397 1680.640015
80.257690 12.294876 1.505104 0.022214 0.022058 2.915537 1680.849976
80.058197 12.314840 1.514021 0.040335 0.028537 2.923514 1681.060059
79.861534 12.352053 1.520295 0.040828 0.011691 2.922181 1681.270020
79.663536 12.408097 1.523925 0.032213 0.014755 2.913613 1681.489990
79.472328 12.477222 1.525253 0.020526 0.013511 2.898019 1681.709961
79.279808 12.556107 1.525403 -0.005633 -0.001070 2.877248 1681.939941
79.087601 12.631384 1.526157 -0.029977 0.021250 2.856139 1682.180054
78.890968 12.690649 1.528907 -0.035281 0.036288 2.839742 1682.420044
78.690201 12.732671 1.533901 -0.030019 0.038917 2.831297 1682.650024
78.486214 12.762861 1.540593 -0.021710 0.039667 2.830773 1682.869995
78.282379 12.786367 1.548310 -0.013235 0.034206 2.837527 1683.079956
78.082932 12.806674 1.556471 -0.006250 0.024991 2.850194 1683.280029
77.883354 12.826356 1.564625 0.000127 0.005827 2.866893 1683.479980
77.681000 12.846815 1.572819 0.004891 0.001887 2.885420 1683.689941
77.478554 12.869802 1.580243 0.010339 0.015474 2.904063 1683.910034
77.271736 12.899118 1.586553 0.011324 0.029089 2.921102 1684.140015
77.072311 12.933735 1.591294 0.009227 0.035519 2.934318 1684.359985
76.868126 12.974048 1.594951 0.006092 0.034491 2.944390 1684.579956
76.670021 13.015904 1.597484 0.003039 0.014394 2.951554 1684.790039
76.465469 13.060421 1.599304 0.000006 0.015429 2.958599 1685.010010
76.264320 13.103337 1.600365 -0.015502 0.016399 2.966636 1685.229980
76.064438 13.138559 1.600713 -0.028026 0.024432 2.977063 1685.449951
75.862709 13.161415 1.600441 -0.027390 0.014040 2.991082 1685.670044
75.662254 13.171833 1.599565 -0.021516 0.017036 3.007987 1685.890015
75.453384 13.172862 1.598375 -0.014485 0.030304 3.028995 1686.119995
75.249550 13.168448 1.597267 -0.008547 0.035916 3.051549 1686.339966
75.049156 13.162068 1.596271 -0.003795 0.032333 3.073914 1686.550049
74.845695 13.155265 1.595183 0.000094 0.013489 3.096334 1686.760010
74.645325 13.149093 1.594112 0.002327 0.020055 3.119176 1686.969971
74.437813 13.143935 1.593234 -0.008066 0.008354 -3.139421 1687.189941
74.236259 13.133989 1.593654 -0.046400 0.008169 -3.113928 1687.410034
74.033257 13.101912 1.596410 -0.061247 0.006646 -3.085323 1687.640015
73.839684 13.041345 1.601231 -0.051346 0.000736 -3.056357 1687.869995
73.650169 12.955595 1.605921 -0.013687 0.010116 -3.029356 1688.109985
73.465576 12.866043 1.606493 0.020488 0.034496 -3.006555 1688.349976
73.271637 12.788983 1.601294 0.032651 0.047437 -2.988559 1688.589966
73.079071 12.733589 1.591349 0.030420 0.047545 -2.976759 1688.810059
72.882439 12.692748 1.577895 0.022395 0.039597 -2.969650 1689.020020
72.677406 12.660275 1.561525 0.013435 0.032045 -2.967344 1689.229980
72.478325 12.634315 1.545169 0.016084 0.022080 -2.970313 1689.430054
72.278702 12.614299 1.530714 0.023994 0.020332 -2.978696 1689.630005
72.069450 12.602554 1.519181 0.023843 0.007300 -2.993593 1689.839966
71.865295 12.600747 1.511685 0.019042 0.005100 -3.013437 1690.050049
71.658401 12.607174 1.507801 0.013682 0.015592 -3.038816 1690.270020
71.455475 12.618932 1.507406 0.007674 0.008909 -3.067517 1690.489990
71.248352 12.634067 1.509257 0.003924 0.022780 -3.096012 1690.719971
71.041512 12.649660 1.507832 -0.004719 0.027595 -3.119632 1690.949951
70.841347 12.661460 1.493446 -0.013300 0.028221 -3.135757 1691.170044
70.639229 12.666901 1.463280 -0.015065 0.012523 3.138420 1691.390015
70.440750 12.665504 1.418113 -0.012259 0.010914 3.135145 1691.609985
70.246727 12.658750 1.359477 -0.008638 0.024430 3.136333 1691.829956
70.051964 12.648493 1.290526 -0.005362 0.029127 3.141028 1692.050049
69.863136 12.636892 1.218406 -0.002706 0.029226 -3.135513 1692.260010
69.672356 12.624658 1.144460 -0.000446 0.011704 -3.127426 1692.469971
69.484894 12.612723 1.070589 0.001083 0.016308 -3.117582 1692.680054
69.291061 12.601108 0.993825 0.000976 0.020487 -3.105077 1692.900024
69.097679 12.590005 0.914986 -0.002998 0.022352 -3.091116 1693.119995
68.913078 12.578285 0.835055 -0.005631 0.019301 -3.077505 1693.329956
68.730469 12.564459 0.751959 -0.005588 0.003768 -3.064820 1693.540039
68.546356 12.548105 0.664120 -0.001870 0.010014 -3.054996 1693.760010
68.358398 12.530775 0.584153 0.007031 0.028795 -3.050204 1693.989990
68.165901 12.516501 0.524937 0.011270 0.032017 -3.052090 1694.219971
67.967201 12.507228 0.487792 0.010660 0.027102 -3.059620 1694.449951
67.764061 12.502737 0.470020 0.008337 0.036335 -3.070599 1694.680054
67.563202 12.501486 0.466366 0.003270 0.023838 -3.082446 1694.900024
67.360374 12.500900 0.470986 -0.006268 0.026599 -3.092537 1695.119995
67.155640 12.497023 0.479908 -0.011146 0.032553 -3.098587 1695.339966
66.946587 12.487683 0.489922 -0.011585 0.033765 -3.100171 1695.560059
66.742577 12.473680 0.498609 -0.009521 0.033631 -3.098235 1695.770020
66.534790 12.455785 0.505480 -0.006344 0.028721 -3.093058 1695.979980
66.335228 12.436504 0.510081 -0.003473 0.020164 -3.084583 1696.180054
66.128059 12.415154 0.512917 -0.006091 0.004700 -3.072177 1696.390015
65.928040 12.392041 0.513981 -0.010202 0.015701 -3.056805 1696.599976
65.723091 12.364038 0.513841 -0.010638 0.009063 -3.038070 1696.819946
65.524147 12.332150 0.512809 -0.008681 0.015846 -3.018538 1697.040039
65.319595 12.295330 0.511471 -0.005828 0.023221 -2.998780 1697.270020
65.116188 12.256090 0.510221 -0.003847 0.010050 -2.980411 1697.500000
64.917503 12.215899 0.509259 -0.003572 0.026064 -2.963798 1697.729980
64.717537 12.173893 0.508733 -0.002755 0.023495 -2.948859 1697.959961
64.516357 12.130407 0.508463 -0.001670 0.023324 -2.936095 1698.189941
64.314201 12.085932 0.508456 -0.000633 0.032590 -2.925861 1698.420044
64.116127 12.042042 0.508571 0.000147 0.038765 -2.918487 1698.640015
63.920589 11.998682 0.508824 0.000599 0.035324 -2.913558 1698.849976
63.720863 11.954498 0.509051 0.000366 0.014482 -2.910217 1699.060059
63.524002 11.910635 0.509086 -0.009662 0.014573 -2.906779 1699.270020
63.322708 11.861043 0.509081 -0.023066 0.019811 -2.901237 1699.489990
63.125259 11.801807 0.509022 -0.026950 0.024560 -2.892449 1699.709961
62.929607 11.730834 0.508988 -0.024042 0.031261 -2.879711 1699.930054
62.742172 11.653126 0.509069 -0.016985 0.023628 -2.863342 1700.140015
62.556717 11.569779 0.509097 -0.008575 0.008960 -2.843889 1700.349976
62.368298 11.481496 0.509023 -0.003122 0.020100 -2.821701 1700.569946
62.181370 11.393363 0.509038 -0.002568 0.027564 -2.798141 1700.790039
61.994362 11.302882 0.509148 -0.047673 0.007418 -2.773073 1701.010010
61.821617 11.195248 0.509433 -0.096279 -0.014320 -2.744821 1701.229980
61.674744 11.049783 0.509211 -0.089561 -0.034511 -2.712092 1701.459961
61.568836 10.877224 0.508249 -0.075604 -0.022278 -2.680835 1701.689941
61.495255 10.684385 0.507161 -0.060539 0.001655 -2.649196 1701.920044
61.441845 10.484224 0.506419 -0.041381 0.015705 -2.617346 1702.140015
61.396812 10.283672 0.506189 -0.024978 0.022311 -2.585953 1702.349976
61.352058 10.079789 0.506233 -0.004677 0.013043 -2.554064 1702.560059
61.305935 9.880321 0.506316 -0.002231 0.012002 -2.522510 1702.770020
61.256924 9.677176 0.506388 -0.019345 0.006256 -2.489766 1702.989990
61.213287 9.475484 0.506557 -0.030904 0.002270 -2.456882 1703.209961
61.179840 9.273442 0.506723 -0.024209 -0.006073 -2.423973 1703.430054
61.157253 9.074224 0.506730 -0.027993 0.006009 -2.391974 1703.650024
61.142681 8.874601 0.506700 -0.017636 0.003611 -2.360120 1703.869995
61.132893 8.669050 0.506558 -0.007917 0.006384 -2.327764 1704.099976
61.124352 8.468657 0.506540 -0.012141 0.024808 -2.296230 1704.329956
61.112823 8.265900 0.506785 -0.015811 0.034569 -2.265029 1704.560059
61.097771 8.064988 0.507233 -0.017112 0.036742 -2.235185 1704.780029
61.079330 7.856558 0.507737 -0.009584 0.022116 -2.205099 1705.000000
61.060028 7.657037 0.508061 0.000226 0.011209 -2.176731 1705.209961
61.037651 7.453246 0.508310 -0.001514 0.024677 -2.147140 1705.430054
61.011028 7.250255 0.508536 -0.004676 0.031771 -2.117449 1705.650024
60.980083 7.044260 0.508727 -0.006479 0.031573 -2.087493 1705.869995
60.947704 6.844294 0.508993 -0.004802 0.020760 -2.058569 1706.079956
60.914509 6.645276 0.509093 -0.002642 0.010962 -2.029685 1706.290039
60.880127 6.441251 0.509062 -0.005685 0.023730 -1.999369 1706.510010
60.845463 6.236983 0.509005 -0.007179 0.028285 -1.968804 1706.729980
60.810818 6.030934 0.508929 -0.006017 0.014122 -1.938096 1706.949951
60.777962 5.827251 0.508747 -0.007943 0.018582 -1.907501 1707.170044
60.747414 5.624859 0.508713 -0.007301 0.014594 -1.876844 1707.390015
60.719479 5.424953 0.508737 -0.005457 0.007435 -1.846423 1707.609985
60.693691 5.222281 0.508616 -0.011255 0.010772 -1.815146 1707.839966
60.673336 5.023175 0.508493 -0.017311 0.028413 -1.784151 1708.069946
60.659451 4.819213 0.508598 -0.017247 0.036713 -1.752909 1708.300049
60.651672 4.616040 0.508853 -0.013547 0.038936 -1.722663 1708.520020
60.647919 4.415106 0.509166 -0.007705 0.019943 -1.693581 1708.729980
60.646458 4.214216 0.509344 -0.003109 0.017001 -1.665816 1708.939941
60.645714 4.006125 0.509346 -0.000403 0.020747 -1.639047 1709.160034
60.643906 3.801322 0.509193 0.028380 -0.016092 -1.616206 1709.380005
60.624928 3.597777 0.509134 0.092655 -0.027830 -1.598719 1709.619995
60.551182 3.408284 0.508846 0.100496 -0.028574 -1.591268 1709.880005
60.418125 3.248432 0.508028 0.082860 -0.011152 -1.594233 1710.140015
60.262600 3.122637 0.507347 0.056325 0.002053 -1.606677 1710.369995
60.094814 3.008945 0.506762 0.028860 0.007759 -1.626421 1710.589966
59.921047 2.897727 0.506524 0.022738 0.023870 -1.651962 1710.810059
59.753349 2.788299 0.506510 0.010146 0.022719 -1.681186 1711.020020
59.588039 2.674764 0.506646 0.005382 0.027449 -1.713730 1711.229980
59.426662 2.555682 0.506880 0.002555 0.025384 -1.748714 1711.439941
59.263206 2.426547 0.507115 -0.001029 0.016337 -1.786756 1711.660034
59.106403 2.296049 0.507305 0.007158 0.023237 -1.825528 1711.880005
58.951725 2.162725 0.507534 0.014093 0.027687 -1.864421 1712.099976
58.795174 2.025923 0.507844 0.016348 0.027389 -1.903029 1712.319946
58.642826 1.893017 0.508099 0.014718 0.024441 -1.939245 1712.530029
58.488350 1.759034 0.508322 0.012607 0.025728 -1.974567 1712.739990
58.332443 1.623912 0.508550 0.009061 0.022527 -2.009002 1712.949951
58.177197 1.488951 0.508641 0.002181 0.007417 -2.042279 1713.160034
58.026405 1.357356 0.508591 0.003690 0.015579 -2.074314 1713.369995
57.871368 1.221271 0.508496 0.017507 0.017006 -2.106704 1713.589966
57.712612 1.091278 0.508636 0.062547 -0.006111 -2.138948 1713.810059
57.539814 0.984985 0.508889 0.081024 -0.023025 -2.171759 1714.030029
57.351959 0.913142 0.508594 0.067025 -0.030226 -2.203832 1714.250000
57.146889 0.872821 0.507949 0.058493 -0.011351 -2.235274 1714.479980
56.943623 0.857775 0.507404 0.034371 -0.005427 -2.265922 1714.699951
56.739082 0.855635 0.506937 0.022452 0.008132 -2.296126 1714.920044
56.534721 0.857951 0.506669 0.016411 0.017203 -2.326188 1715.140015
56.329742 0.860123 0.506590 0.018842 0.016394 -2.356127 1715.359985
56.123417 0.863007 0.506705 0.027111 0.019424 -2.386086 1715.579956
55.922485 0.868279 0.506907 0.029037 0.020145 -2.415060 1715.790039
55.717171 0.876726 0.507130 0.024835 0.017540 -2.444450 1716.000000
55.509758 0.887978 0.507371 0.011286 0.008636 -2.474158 1716.209961
55.305977 0.899758 0.507544 -0.002504 0.014243 -2.503692 1716.420044
55.098083 0.906887 0.507630 -0.004544 0.028095 -2.534608 1716.640015
54.891487 0.904854 0.507725 -0.002118 0.033096 -2.565494 1716.859985
54.683151 0.893892 0.507909 0.002238 0.034054 -2.596532 1717.079956
54.481869 0.877251 0.508151 0.000924 0.019291 -2.626244 1717.290039
54.282570 0.857607 0.508165 0.002718 0.015162 -2.655756 1717.500000
54.077610 0.835953 0.508229 0.004541 0.009605 -2.686552 1717.719971
53.877480 0.815404 0.508173 0.012375 0.012187 -2.717017 1717.939941
53.670708 0.797981 0.508130 0.019765 0.024926 -2.748696 1718.170044
53.469143 0.786200 0.508264 0.020776 0.031459 -2.779192 1718.390015
53.261295 0.778800 0.508442 0.016727 0.029622 -2.809985 1718.609985
53.059116 0.774801 0.508526 0.008532 0.013358 -2.839474 1718.819946
52.849705 0.772593 0.508617 0.005689 0.018672 -2.870054 1719.040039
52.642147 0.770819 0.508695 0.003687 0.019325 -2.900638 1719.260010
52.436138 0.768583 0.508769 0.000201 0.019176 -2.931121 1719.479980
52.231819 0.764744 0.508834 -0.001589 0.025514 -2.961569 1719.699951
52.027500 0.758454 0.508972 -0.002524 0.014940 -2.991550 1719.920044
51.826084 0.750223 0.508979 -0.001848 0.022213 -3.019892 1720.140015
51.625084 0.740377 0.509038 -0.000854 0.021276 -3.045566 1720.359985
51.424843 0.729683 0.509017 -0.000199 0.013800 -3.067719 1720.579956
51.218613 0.718415 0.508969 0.000199 0.027615 -3.086536 1720.810059
51.010918 0.707147 0.508936 0.000195 0.019395 -3.101163 1721.040039
50.803486 0.696106 0.508914 -0.000400 0.025655 -3.113628 1721.270020
50.603729 0.685638 0.508985 0.001730 0.024602 -3.125226 1721.489990
50.402443 0.676580 0.509071 0.009893 0.027068 -3.137127 1721.709961
50.198704 0.672315 0.509238 0.013621 0.032230 3.133467 1721.930054
49.990463 0.674529 0.509366 0.012669 0.035040 3.120615 1722.150024
49.786785 0.682257 0.509468 0.009397 0.034510 3.108918 1722.359985
49.578709 0.694030 0.509566 0.005605 0.031150 3.099017 1722.569946
49.378407 0.707405 0.509539 0.000713 0.012622 3.092749 1722.770020
49.172256 0.721148 0.509291 -0.008115 0.009799 3.090468 1722.979980
48.971630 0.731184 0.509009 -0.013152 0.018792 3.093056 1723.189941
48.763256 0.735780 0.508804 -0.013825 0.027235 3.100476 1723.410034
48.562603 0.734543 0.508825 -0.011513 0.030051 3.110657 1723.619995
48.358925 0.728935 0.508920 -0.007815 0.030489 3.122886 1723.829956
48.152439 0.720537 0.509023 -0.004043 0.027586 3.137500 1724.040039
47.944347 0.710853 0.509007 -0.002117 0.023462 -3.128413 1724.250000
47.736290 0.700317 0.508966 -0.007098 0.023629 -3.109088 1724.459961
47.528526 0.687032 0.508957 -0.011219 0.023473 -3.088601 1724.670044
47.322315 0.669390 0.508951 -0.010759 0.005239 -3.067842 1724.880005
47.123070 0.647891 0.508792 -0.008402 0.013432 -3.048530 1725.089966
46.918987 0.622146 0.508706 -0.005489 0.025393 -3.030664 1725.310059
46.714153 0.593893 0.508712 -0.002895 0.030194 -3.017043 1725.530029
46.507057 0.564174 0.508787 0.000791 0.015033 -3.009115 1725.750000
46.302517 0.535338 0.508768 0.005688 0.017719 -3.006324 1725.969971
46.099747 0.509349 0.508821 0.008139 0.028418 -3.007574 1726.189941
45.894058 0.486605 0.508951 0.007997 0.033446 -3.011849 1726.410034
45.693050 0.467525 0.509089 0.006168 0.031266 -3.017832 1726.619995
45.489475 0.450417 0.509206 0.003431 0.011921 -3.024535 1726.829956
45.289600 0.434910 0.509175 0.001417 0.014002 -3.029652 1727.040039
45.084270 0.419075 0.509038 -0.007062 0.020574 -3.031607 1727.260010
44.880253 0.399798 0.508910 -0.015210 0.028245 -3.028721 1727.479980
44.675575 0.373464 0.508808 -0.015921 0.012986 -3.020390 1727.699951
44.475067 0.340421 0.508679 -0.012670 0.017734 -3.008816 1727.920044
44.277279 0.302150 0.508632 -0.008744 0.028874 -2.995431 1728.140015
44.077023 0.259863 0.508727 -0.005154 0.035179 -2.981432 1728.359985
43.880981 0.216884 0.508945 -0.002221 0.033977 -2.968469 1728.569946
43.681606 0.172794 0.509102 0.000153 0.014432 -2.956984 1728.780029
43.485050 0.129834 0.509043 0.009984 0.014867 -2.948852 1728.989990
43.281548 0.090615 0.508928 0.028769 0.022350 -2.945664 1729.209961
43.076157 0.063980 0.508931 0.033367 0.015970 -2.949405 1729.430054
42.871113 0.052085 0.508772 0.027759 0.010178 -2.959537 1729.650024
42.668884 0.052430 0.508653 0.020751 0.020786 -2.975366 1729.869995
42.467194 0.060718 0.508670 0.011665 0.012976 -2.996910 1730.089966
42.259205 0.073668 0.508714 0.005381 0.022836 -3.023878 1730.319946
42.050663 0.087446 0.508877 0.000872 0.019522 -3.054401 1730.550049
41.843273 0.099571 0.508985 -0.012113 0.014823 -3.084638 1730.780029
41.639198 0.104746 0.509025 -0.021116 0.029310 -3.110291 1731.010010
41.431995 0.098924 0.509097 -0.021233 0.035810 -3.128076 1731.239990
41.227612 0.083505 0.509222 -0.016995 0.036323 -3.136211 1731.459961
41.027348 0.062124 0.509374 -0.010638 0.018639 -3.135594 1731.670044
40.828259 0.037209 0.509383 -0.004695 0.014824 -3.128788 1731.880005
40.622921 0.010103 0.509343 -0.001538 0.026405 -3.116996 1732.099976
40.416389 -0.016704 0.509317 -0.000702 0.030225 -3.103171 1732.319946
40.216255 -0.041825 0.509282 -0.000491 0.030652 -3.091221 1732.530029
40.012779 -0.066500 0.512368 0.002741 0.027949 -3.082487 1732.739990
39.807404 -0.089338 0.528132 0.009003 0.017980 -3.077439 1732.949951
39.603886 -0.107756 0.561761 0.011164 0.006543 -3.076048 1733.160034
39.407413 -0.120660 0.611542 0.009796 -0.005710 -3.077633 1733.369995
39.213192 -0.128847 0.679908 0.007178 0.008316 -3.081324 1733.589966
39.025974 -0.133359 0.760210 0.004396 0.004459 -3.086685 1733.810059
38.845173 -0.135708 0.848093 0.001986 0.016186 -3.092806 1734.030029
38.666065 -0.137324 0.940925 0.000379 0.021869 -3.099151 1734.250000
38.486465 -0.139072 1.033770 -0.000645 0.013881 -3.104687 1734.469971
38.300804 -0.141425 1.124229 -0.001997 0.027928 -3.108664 1734.699951
38.111092 -0.145083 1.198083 -0.003384 0.045232 -3.110892 1734.930054
37.910946 -0.150775 1.251077 -0.003482 0.029972 -3.111546 1735.160034
37.705399 -0.158315 1.284497 -0.002632 0.032991 -3.111109 1735.390015
37.503975 -0.166828 1.301947 -0.001588 0.024746 -3.109911 1735.609985
37.302452 -0.175838 1.308789 0.002089 0.001697 -3.108726 1735.829956
37.100037 -0.183827 1.307943 0.005810 0.020026 -3.108925 1736.060059
36.899326 -0.188911 1.302731 0.006368 0.018697 -3.111590 1736.290039
36.698917 -0.190892 1.295977 0.005173 0.025263 -3.115928 1736.520020
36.496296 -0.190494 1.289655 0.003426 0.029656 -3.121125 1736.750000
36.290043 -0.188696 1.284800 0.001394 0.024188 -3.126568 1736.979980
36.081760 -0.186450 1.282005 0.000021 0.034689 -3.131753 1737.209961
35.878254 -0.184525 1.281114 -0.000682 0.018012 -3.136205 1737.430054
35.675732 -0.183047 1.281429 -0.000834 0.020775 -3.140001 1737.650024
35.473648 -0.182036 1.282726 -0.001419 0.022383 3.140129 1737.869995
35.272114 -0.182126 1.283438 -0.008372 0.005118 3.137640 1738.089966
35.068684 -0.185735 1.282785 -0.004400 0.013875 3.135326 1738.319946
34.860126 -0.191552 1.281645 0.001401 0.029461 3.133271 1738.560059
34.657444 -0.196153 1.280461 0.003876 0.022305 3.131690 1738.790039
34.453323 -0.198520 1.279402 0.004097 0.031544 3.130569 1739.020020
34.245399 -0.198577 1.278444 0.003111 0.018881 3.129755 1739.250000
34.037788 -0.196944 1.277556 0.001818 0.024926 3.129360 1739.479980
33.828892 -0.194320 1.276875 0.000671 0.033366 3.129174 1739.709961
33.623825 -0.191415 1.276479 -0.000212 0.036496 3.128234 1739.930054
33.422153 -0.188643 1.276170 -0.000528 0.033950 3.125620 1740.140015
33.215973 -0.185877 1.276080 0.002117 0.029653 3.121198 1740.349976
33.007236 -0.182089 1.276632 0.005177 0.025902 3.115565 1740.560059
32.797646 -0.176087 1.277956 0.006061 0.025400 3.109342 1740.770020
32.587875 -0.167533 1.280036 0.005313 0.022784 3.103026 1740.979980
32.378529 -0.156791 1.282967 0.003785 0.018964 3.097032 1741.189941
32.172073 -0.144656 1.286301 0.002108 0.005535 3.091615 1741.400024
31.963142 -0.131443 1.289868 0.000815 0.017660 3.086844 1741.619995
31.757038 -0.118106 1.293415 -0.001724 0.026806 3.083416 1741.839966
31.549402 -0.105712 1.295554 -0.007974 0.028269 3.082944 1742.060059
31.348673 -0.097023 1.295463 -0.010943 0.026039 3.086509 1742.270020
31.147373 -0.092638 1.293226 -0.009845 0.011434 3.093422 1742.479980
30.940573 -0.092363 1.288525 -0.007671 0.020177 3.101447 1742.699951
30.735535 -0.095251 1.282060 -0.003907 0.013174 3.108794 1742.920044
30.533947 -0.099476 1.275230 0.001819 0.018160 3.114793 1743.140015
30.325096 -0.102610 1.268990 0.005087 0.028384 3.119553 1743.369995
30.122532 -0.102862 1.264379 0.005545 0.034630 3.122714 1743.589966
29.914579 -0.100285 1.261235 0.004496 0.035999 3.124635 1743.810059
29.711639 -0.095766 1.259339 0.002880 0.015207 3.125426 1744.020020
29.511011 -0.090117 1.258120 0.001428 0.017799 3.125538 1744.229980
29.303274 -0.083705 1.257462 0.000461 0.023917 3.125124 1744.449951
29.095869 -0.077374 1.258202 -0.003969 0.017757 3.125380 1744.670044
28.890127 -0.073118 1.263292 -0.009737 0.024103 3.128115 1744.890015
28.683674 -0.073325 1.274178 -0.011290 0.029909 3.134345 1745.109985
28.483690 -0.078266 1.289765 -0.009938 0.030104 -3.140342 1745.319946
28.280533 -0.087186 1.309649 -0.007199 0.030301 -3.130512 1745.530029
28.074396 -0.098881 1.332673 -0.004231 0.028795 -3.120242 1745.739990
27.876102 -0.111436 1.356405 -0.001862 0.026260 -3.110716 1745.939941
27.676853 -0.124464 1.381003 -0.000249 0.023873 -3.102291 1746.140015
27.477583 -0.137372 1.405770 0.000481 0.023703 -3.096481 1746.339966
27.279207 -0.149843 1.429696 0.002287 0.008388 -3.094141 1746.540039
27.076378 -0.161490 1.450819 0.006163 0.011615 -3.094831 1746.750000
26.868917 -0.170651 1.466871 0.008053 0.022650 -3.098183 1746.969971
26.661537 -0.176198 1.476709 0.007538 0.029750 -3.103416 1747.189941
26.460880 -0.178524 1.481073 0.005575 0.030215 -3.109446 1747.400024
26.257267 -0.178817 1.481715 0.003324 0.031922 -3.115824 1747.609985
26.050325 -0.178027 1.479876 0.001433 0.030081 -3.122096 1747.819946
25.841118 -0.176897 1.476528 0.000101 0.012716 -3.127935 1748.030029
25.636620 -0.175788 1.473036 0.000682 0.000214 -3.133447 1748.239990
25.431892 -0.174355 1.470821 0.001997 0.015128 -3.139167 1748.459961
25.231287 -0.172116 1.470992 0.002335 0.012816 3.138213 1748.680054
25.025497 -0.168741 1.473597 0.001965 0.017990 3.132434 1748.910034
24.821123 -0.164465 1.478503 0.001326 0.032177 3.127296 1749.140015
24.620937 -0.159738 1.484973 0.000697 0.039055 3.123466 1749.359985
24.414307 -0.154647 1.492380 -0.000374 0.021810 3.121100 1749.579956
24.206839 -0.149760 1.499679 -0.001529 0.026394 3.120060 1749.800049
23.997900 -0.145543 1.506569 -0.001974 0.031039 3.120119 1750.020020
23.795414 -0.142270 1.512330 -0.001838 0.020279 3.121210 1750.229980
23.594063 -0.139753 1.516601 -0.001595 0.013389 3.123111 1750.439941
23.387138 -0.137854 1.519151 -0.001416 0.021550 3.125607 1750.660034
23.182295 -0.136553 1.520000 -0.000977 0.010026 3.128363 1750.880005
22.981913 -0.135694 1.519109 -0.000550 0.021192 3.131094 1751.099976
22.773046 -0.135011 1.516911 -0.000244 0.020393 3.133797 1751.329956
22.564856 -0.134407 1.513945 0.000114 0.018628 3.137181 1751.560059
22.357925 -0.133745 1.510612 -0.000411 0.028335 -3.140727 1751.790039
22.157219 -0.133482 1.508051 -0.003884 0.032923 -3.134247 1752.010010
21.951559 -0.135080 1.506936 -0.005700 0.031182 -3.127047 1752.229980
21.742943 -0.139334 1.507197 -0.005105 0.013509 -3.119714 1752.449951
21.537628 -0.145867 1.508765 -0.003599 0.021338 -3.112969 1752.670044
21.332767 -0.154033 1.511576 -0.002071 0.032675 -3.107058 1752.890015
21.123802 -0.163258 1.515265 -0.000798 0.030549 -3.102269 1753.109985
20.921450 -0.172482 1.518209 0.000268 0.021484 -3.098891 1753.319946
20.719494 -0.181558 1.518611 0.001036 0.022715 -3.096614 1753.530029
20.517899 -0.190200 1.515714 0.001276 0.015001 -3.095326 1753.739990
20.310158 -0.198570 1.509025 0.001105 0.010680 -3.094851 1753.959961
20.107409 -0.206263 1.498797 0.000925 0.023451 -3.095047 1754.180054
19.904196 -0.213640 1.485865 0.000711 0.034882 -3.095735 1754.400024
19.695940 -0.221030 1.471190 0.000305 0.032823 -3.096790 1754.619995
19.493395 -0.228206 1.456431 0.000079 0.016572 -3.098162 1754.829956
19.293055 -0.235333 1.441497 -0.000231 0.013395 -3.101047 1755.040039
19.087151 -0.242722 1.426385 0.002832 0.021251 -3.107060 1755.260010
18.881926 -0.248456 1.413624 0.012488 0.027279 -3.116895 1755.479980
18.674431 -0.248623 1.404373 0.016841 0.031487 -3.130964 1755.699951
18.472567 -0.241781 1.398876 0.015807 0.033033 3.135931 1755.910034
18.266851 -0.228577 1.396175 0.011857 0.028579 3.118454 1756.119995
18.060003 -0.210792 1.395422 0.006729 0.010856 3.101079 1756.329956
17.857880 -0.190770 1.395807 0.002751 0.013269 3.085076 1756.540039
17.650625 -0.169199 1.396898 0.000308 0.021605 3.070436 1756.760010
17.444368 -0.147979 1.398028 -0.005341 0.023335 3.059625 1756.979980
17.237413 -0.129610 1.397814 -0.015814 0.027661 3.054463 1757.199951
17.028389 -0.118067 1.395527 -0.018836 0.019863 3.056071 1757.420044
16.819563 -0.114754 1.391082 -0.016652 0.022079 3.063712 1757.640015
16.610672 -0.118402 1.384812 -0.011896 0.017794 3.076856 1757.859985
16.403919 -0.126780 1.377218 -0.006389 0.011115 3.093741 1758.079956
16.201582 -0.137478 1.368620 -0.002798 0.023865 3.112195 1758.300049
15.999586 -0.148654 1.360195 0.000524 0.018615 3.130554 1758.520020
15.798654 -0.158883 1.354979 0.004315 0.024434 -3.136419 1758.739990
15.596608 -0.166735 1.355016 0.005754 0.031637 -3.123716 1758.959961
15.390226 -0.171808 1.360525 0.005603 0.034224 -3.113511 1759.180054
15.188157 -0.174401 1.370319 0.004455 0.031307 -3.104222 1759.390015
14.983695 -0.175597 1.379396 -0.001159 0.009809 -3.094665 1759.599976
14.774680 -0.177610 1.375595 -0.008213 0.010387 -3.084504 1759.819946
14.571732 -0.183247 1.352232 -0.010662 0.004881 -3.074456 1760.040039
14.367992 -0.193914 1.307454 -0.009384 0.006081 -3.064799 1760.270020
14.171808 -0.208761 1.243724 -0.006393 0.019138 -3.056554 1760.500000
13.978537 -0.226585 1.168039 -0.003025 0.007550 -3.050349 1760.729980
13.791081 -0.245166 1.087457 0.004110 0.014757 -3.048072 1760.959961
13.605568 -0.261494 1.008245 0.010426 0.033881 -3.050666 1761.189941
13.414269 -0.273329 0.934744 0.011113 0.023731 -3.058479 1761.420044
13.219694 -0.280100 0.868215 0.008822 0.027647 -3.069449 1761.650024
13.021109 -0.283063 0.807352 0.006075 0.036153 -3.082066 1761.880005
12.824045 -0.283854 0.752551 0.003577 0.038976 -3.094524 1762.099976
12.628764 -0.283787 0.702101 0.001437 0.032196 -3.105929 1762.310059
12.430197 -0.283567 0.653526 -0.000119 0.013773 -3.116854 1762.520020
12.234484 -0.283564 0.605962 -0.000624 0.019643 -3.128455 1762.729980
12.030821 -0.283704 0.561020 0.003909 0.025721 -3.141487 1762.949951
11.825459 -0.282044 0.526031 0.007614 0.030853 3.128284 1763.170044
11.617658 -0.276867 0.502551 0.007560 0.012786 3.114947 1763.390015
11.413219 -0.268249 0.489531 0.005969 0.020599 3.102845 1763.609985
11.209803 -0.256901 0.484945 0.003901 0.029779 3.092315 1763.829956
11.003322 -0.243637 0.486066 0.001842 0.031539 3.083616 1764.050049
10.802603 -0.229997 0.490202 0.000281 0.027571 3.077156 1764.260010
10.601747 -0.216325 0.495550 -0.004336 -0.003257 3.072840 1764.469971
10.400969 -0.204906 0.500919 -0.014217 0.010513 3.071980 1764.689941
10.196718 -0.199991 0.505490 -0.017102 0.015318 3.076549 1764.920044
9.994936 -0.203238 0.508735 -0.014717 0.019554 3.086529 1765.150024
9.793248 -0.213120 0.510766 -0.011052 0.033775 3.101285 1765.380005
9.585483 -0.227397 0.511772 -0.007336 0.037882 3.119085 1765.609985
9.379737 -0.243361 0.511958 -0.002293 0.032228 3.136074 1765.829956
9.179027 -0.258800 0.511682 0.002106 0.032335 -3.132130 1766.040039
8.974496 -0.272813 0.511193 0.004082 0.031673 -3.118967 1766.250000
8.766513 -0.284780 0.510648 0.004227 0.030178 -3.107959 1766.459961
8.565967 -0.294392 0.510139 0.003464 0.028280 -3.099600 1766.660034
8.364035 -0.302684 0.509672 0.002380 0.023985 -3.093297 1766.859985
8.162051 -0.310125 0.509375 0.001388 0.025151 -3.088906 1767.060059
7.960462 -0.317150 0.509225 0.001500 0.007548 -3.086384 1767.260010
7.755004 -0.323302 0.508993 0.011942 0.003122 -3.086646 1767.469971
7.548077 -0.324123 0.508692 0.022326 0.016739 -3.091270 1767.689941
7.344881 -0.315385 0.508662 0.021745 0.007802 -3.101438 1767.910034
7.138043 -0.296298 0.508492 0.017608 0.018858 -3.116997 1768.140015
6.932722 -0.269583 0.508415 0.012579 0.029641 -3.137781 1768.369995
6.732641 -0.239398 0.508518 0.007983 0.035046 3.121974 1768.589966
6.526748 -0.206709 0.508807 0.003801 0.032087 3.096840 1768.810059
6.327173 -0.174847 0.509049 0.000212 0.013733 3.072512 1769.020020
6.121077 -0.142470 0.509226 -0.001588 0.022302 3.047200 1769.239990
5.915928 -0.111476 0.509716 -0.000475 0.018712 3.022627 1769.459961
5.712001 -0.081082 0.513055 0.003104 0.023892 2.999966 1769.680054
5.507830 -0.049332 0.520978 0.004766 0.028859 2.980282 1769.900024
5.310653 -0.016537 0.533035 0.004489 0.030149 2.965946 1770.109985
5.111092 0.018430 0.547740 -0.003227 0.023545 2.957519 1770.319946
4.910868 0.052164 0.562415 -0.013611 0.025360 2.956011 1770.530029
4.709186 0.080772 0.575351 -0.016939 0.013816 2.961844 1770.739990
4.509982 0.102270 0.585304 -0.014684 0.007011 2.973358 1770.949951
4.306449 0.117893 0.592480 -0.011348 0.024203 2.989466 1771.170044
4.102052 0.129136 0.596977 -0.008068 0.030951 3.008391 1771.390015
3.893591 0.137993 0.599518 -0.004704 0.033387 3.028197 1771.609985
3.690189 0.145583 0.600779 -0.001925 0.031478 3.046856 1771.819946
3.483325 0.153234 0.601396 0.000120 0.030162 3.065765 1772.030029
3.273986 0.161484 0.601762 0.000664 0.020792 3.085524 1772.239990
3.066497 0.169756 0.602035 -0.007245 0.005594 3.106199 1772.449951
2.865629 0.174717 0.602670 -0.015198 0.015541 3.127976 1772.660034
2.659273 0.173071 0.604012 -0.016533 0.009252 -3.131099 1772.880005
2.458399 0.163946 0.605930 -0.013635 0.016309 -3.107636 1773.099976
2.251317 0.147933 0.608635 -0.009017 0.028699 -3.085191 1773.329956
2.050562 0.128356 0.611833 -0.004645 0.035186 -3.066544 1773.550049
1.844163 0.106387 0.615559 -0.001118 0.036672 -3.051221 1773.770020
1.643406 0.084708 0.618795 0.000841 -0.018554 -3.039885 1773.979980
1.437720 0.062858 0.621072 0.000465 -0.097205 -3.030770 1774.219971
1.236208 0.042461 0.619860 -0.000938 -0.101647 -3.023450 1774.619995
